molecule_id,smiles
m_005e53,COc1cc2ncnc(Nc3ccc(O)c(Br)c3)c2cc1OC;COc1cc(Br)cc(CNCc2nc3ccccc3[nH]2)c1OC;O=c1[nH]n2c(=O)c3c([nH]c2c1Cc1cccc(Br)c1)CCCC3;Cn1cc(Br)cc(NC(=O)NC2(C(N)=O)CC2)c1=O;Cc1nc(C)c(CCNS(=O)(=O)c2ccc(Br)cc2)s1;O=C1NC(Cc2c[nH]c3ccccc23)C(=O)NC1Cc1c[nH]c2ccccc12;COc1cccc(C(=O)NN2C(=O)c3ccc(Br)cc3C2=O)c1;O=C(NCC(c1ccsc1)c1ccco1)c1cncc(Br)c1;CN(C)CCCn1cnc2cc(NC(=O)Cc3c[nH]c4ccccc34)ccc21;COc1cc(C)c(C(=O)Oc2c(C)cc(O)c(C=O)c2O)c(O)c1C(=O)O;COc1cc(-c2oc3cc(OC)c(OC)c(O)c3c(=O)c2OC)ccc1O;Cc1cc(C)n(Cc2ccc(C(=O)Nc3cccc(Br)c3)o2)n1;COc1ccc(-c2oc3cc(OC)c(OC)c(O)c3c(=O)c2OC)cc1O;COC1=CC(=O)CC(C)C12Oc1c(Cl)c(OC)cc(OC)c1C2=O;CC1C(c2ccc(Cl)cc2)SC(=O)N1C(=O)NC1CCCCC1;CCC(=C(c1ccc(O)cc1)c1ccc(OCCNC)cc1)c1ccccc1;FC(F)(c1ccc2ncccc2c1)c1nnc2ccc(-c3ccncc3)nn12;COCc1nc(NC(=O)CC(Cn2cccc2)c2ccc(Cl)cc2)n[nH]1;COc1cc2cc(Oc3ccc4ccc(=O)oc4c3)c(=O)oc2cc1O;COc1cc(CC2C(=O)OCC2Cc2ccc(OC)c(OC)c2)ccc1O;OC1C=CC(O)C23OC12C(O)C=CC31Oc2cccc3cccc(c23)O1;CCC(C)C(NC(=O)C(C(C)C)n1c(=O)[nH]c2ccccc2c1=O)C(=O)O;COc1ccc(Br)c(C(=O)Nc2cccc(-c3nn[nH]n3)c2)c1;CC(CC1CCOC1)NC(=O)NCc1ccc(COCC(F)(F)F)cc1;O=c1c(O)c(Br)ccc2c(Br)c(O)c(O)c(O)c12
m_006153,CC(=O)c1cccc(NC(=O)Cn2c(C)nc(C(C)(C)C)cc2=O)c1;Cc1cccc2[nH]c(SCC(=O)N(c3ccccc3)C(C)C)nc12;O=C(Cc1ccccc1)NC(c1ccccc1)c1nc2ccccc2[nH]1;c1cc(NCc2ccc3c(c2)OCO3)cc(-c2nc3ccccc3[nH]2)c1;CC(C)c1nc(S(=O)(=O)N2CCC(c3ccsc3)C2)cn1C;CN(C1CCN(c2nc3ccc(F)cc3o2)C1)S(=O)(=O)C1CC1;Cc1cccc(NC(=O)c2cc(-c3ccncc3)nc3ccccc23)c1;CCOP(=O)(C(=O)c1c(C)cc(C)cc1C)c1ccccc1;CC(=O)c1cccc(NC(=O)C2(c3ccc(Cl)cc3)CCCC2)c1;CN(CCc1ccncc1)c1ccc2nnc(C(F)(F)F)n2n1;Cc1cc(C)c(NC(=O)CSCc2nc3ccccc3[nH]2)c(C)c1;CN1C(=O)CC(C(=O)Nc2cccc(C(N)=O)c2)C1c1ccnn1C;COc1ccc2c(c1OC)CN1CCc3cc4c(cc3C1C2)OCO4;Cc1cc(C(=O)NC2CN(c3cc(C(F)(F)F)ccn3)C2)c(C)o1;Cc1cn2c(S(=O)(=O)NC3CCCCC3)c(C(C)C)nc2s1;Cc1onc(-c2ccccc2)c1C(=O)Nc1nc2c(s1)CCCC2;Cn1nccc1-c1ccc(CNC(=O)C2(c3ccc(F)cc3)CC2)o1;CCc1cnc(N2CCC(COc3ccc(C(C)(C)C)nn3)C2)nc1;O=C(O)C(Cc1ccc(O)cc1)NCCc1ccc(O)c(O)c1;COC(=O)c1ccc(C(=O)NCc2ccc(-c3ccnn3C)o2)cc1;Cc1[nH]c2ccc(F)cc2c1CCN=C(O)c1cccc([N+](=O)[O-])c1;CCn1cc(-c2ccc(Cl)cc2)cc1C(=O)NCc1cccnc1;CC12CCC3C(CCC4C(C)(C(=O)O)CCCC34C)(CC1=O)C2;CCOc1nccn2c(CNC(=O)c3ccc(C(C)=O)cc3)nnc12;O=C(c1ccoc1)N1CCCC(c2cc(-c3ccc(F)cc3)n[nH]2)C1
m_00b5aa,CCCCC1C(=O)N(c2ccccc2)N(c2ccccc2)C1=O;CCCCc1c(O)n(-c2ccccc2)n(-c2ccccc2)c1=O;Brc1cnn(CC2CN(Cc3cccnc3)C2)c1;Cc1c(-c2cccnc2)c2ccccc2n1CCCCC(=O)O;O=C(COc1ccccc1)NC1CC(=O)N(c2ccccc2)C1;CC1(C)CC2CC(C)(CN2S(=O)(=O)c2cccc(N)c2)C1;Cc1ccc(-c2cc(CC(=O)NCc3cccnc3)no2)cc1;O=C(Nc1ccc(OC(F)F)cc1)c1cc2c(nn1)CCC2;COc1ccc(CNC(=O)N2CC3CC2C(=O)O3)cc1OC;O=C(C1CN(Cc2ccncc2)CCO1)N1CCSCC1;CC(=O)Nc1ccc(C(=O)NCc2ccc(C3CC3)nc2)cc1;Cc1ccc(NC(=O)Nc2ccccc2)cc1N1CCCC1=O;CC1(C)C2CCC1(CS(=O)(=O)N=c1cc[nH]cc1)C(=O)C2;CC(NC(=O)c1ccc(NC(=O)C2CC2)cc1)c1ccccc1;CC1(C)C2CCC1(CS(=O)(=O)Nc1ccccn1)C(=O)C2;COc1ncccc1CN(C)C(=O)c1nccc2ccccc12;CCc1c(O)cc(-c2ccc(F)cc2)n(-c2ccccc2)c1=O;Nc1ccc(S(=O)(=O)c2ccc(NCC(=O)O)cc2)cc1;CNC(=O)c1cccc(NC(=O)C2CCOc3ccccc32)c1;COc1cc(OC)c(C(=O)CCCN2CCCC2)c(OC)c1;COc1ccc(S(=O)(=O)NCCCc2ccccc2)cc1;CC(=O)Nc1ccc(S(=O)(=O)NCc2cccnc2)cc1;COc1cc(C(=O)Nc2nc(C)cs2)cc(OC)c1OC;CCOCCOc1ccccc1NC(=O)NC1CCCCC1;COc1cc(S(=O)(=O)Nc2ccccc2)c(OC)cc1N
m_01e922,COc1ncccc1C(=O)N1CCC(C(=O)O)C1;CC1OC(n2cnc3c(N)ncnc32)C(O)C1O;Nc1ncnc2c1ncn2C1OC(CO)CC1O;Nc1ncnc2c1ncn2C1CC(O)C(CO)O1;CCN(CC)CC(=O)Nc1c(C)ccc(O)c1C;CCCC(=O)NC(Cc1ccc(O)cc1)C(=O)O;Cc1ccc(C)c(OCCCC(C)(C)C(=O)O)c1;CCCCCCCCOC(=O)c1ccc(O)cc1;CCCCC(CC)COC(=O)c1ccc(O)cc1;CCN1C(=O)CCC(C(=O)O)C1c1ccncc1;C#Cc1cn(C2CC(O)C(CO)O2)c(=O)nc1N;COc1cc(O)c(CCO)c2c1C(=O)CC(C)O2;COC(=O)C(O)CCn1cnc2c(N)ncnc21;CCOC(=O)C(Cc1ccc(O)cc1)NC(C)=O;COC1CCCN(C(=O)c2cnc(C)nc2N)C1;Nc1ccc(S(=O)(=O)c2ccc(N)cc2)cc1;CCc1cc(N2CCC(O)(CN(C)C)C2)ncn1;OCC1CC(n2ccc3c(Cl)ncnc32)CC1O;Nc1ccc(S(=O)(=O)Nc2ncccn2)cc1;COCCN1CCN(c2nccc(C)n2)CC1=O;Nc1ncnc2c1ncn2C1OC(CO)C(O)C1O;CN1CC(=O)NC1=N;Cc1cc(NCCCN2CCOCC2)nc(C)n1;S=C(Nc1ccccc1)Nc1ccccc1;O=C(NCCC1(O)CCC1)NCc1cccnn1
m_0259d4,COc1ccc(Nc2ncnc3c2ncn3C)cc1OC1CCCC1;COc1cccc2c(NC3CC(Cn4ccnc4)CC3O)ncnc12;CC(=O)Nc1cccc(NC(=O)c2ccnc(OC3CCCC3)c2)c1;CCC(C(=O)NCC(c1ccsc1)n1cccn1)c1ccccc1;CCc1nn(C2CCCC2)c2c1CCn1c(-c3cccs3)nnc1-2;COc1ccc2[nH]c(=O)c(CCC(=O)NCCCN3CCCC(C)C3)cc2c1;Cn1nc(-c2ccccn2)cc1CNC(=O)Nc1ccccc1Cl;O=C(C(c1ccccc1)n1cccn1)N1CCC(N2CCNCC2)C1;O=C(NCC1CCCN(c2nccs2)C1)c1ccc(-c2cccs2)cc1;Cc1cc(C)n(CC(=O)Nc2ccccc2C(F)(F)F)c(=O)c1C#N;Cc1ccc2[nH]c(C)c(CCN=C(O)Nc3ccc(Cl)cc3)c2c1;O=C(O)C1C(O)CCC2CN3CCc4c([nH]c5ccccc45)C3CC21;Cc1ccc(C2COCCN2C(=O)c2c[nH]c(=O)c3ccccc23)o1;O=C(c1ccoc1)N1CCCC(c2cc(-c3ccc(F)cc3)n[nH]2)C1;Cc1ccc2cc(CN(C)C(=O)c3cccc(Cl)c3)c(=O)[nH]c2c1;O=C(NCCn1nc(-c2ccccc2)ccc1=O)c1cc(-c2ccccc2)n[nH]1;CCOc1ccccc1S(=O)(=O)Nc1cccc(-c2cnc3n2CCC3)c1;CCC12CCCN3CCC4(C(=C(C(=O)OC)C1)Nc1ccccc14)C32;Cn1nc(-c2ccccn2)cc1CNC(=O)COc1ccccc1F;COC1OC2c3cc4c(cc3CCN(C)C2c2ccc3c(c21)OCO3)OCO4;CCCC(CCC)C(=O)Nc1c(C#N)cnn1-c1nc(C)cc(C)n1;O=C(NC1CCOC2(CCCCC2)C1)c1cccnc1-n1cccn1;Cc1noc(CCNC(=O)CCCc2nc(=O)c3ccccc3[nH]2)n1;CCCC(=NOCC)C1=C(O)CC(C2CCC[S+]([O-])C2)CC1=O;COc1ccccc1NC(=O)NCCc1ccc2c(c1)CCCN2C
m_02d188,Cc1ccc(CNC(=O)CN2C(=O)NC3(CCCCC3C)C2=O)cc1;Cc1ccc(CN2C(=O)CCC2C(=O)N2CCCC2CC(C)O)cc1;COc1c(O)c(C(=O)C=Cc2ccccc2)c(OC)c(OC)c1OC;Cc1cccc(CS(=O)(=O)NCC(c2ccco2)n2cccn2)c1;Cc1ccc(CN2CC(C(=O)N3CCNC(=O)C3(C)C)CC2=O)cc1;Cc1sc2ncn(N=Cc3ccccn3)c(=O)c2c1-c1ccccc1;CCOC(=O)c1nc(-c2ccccc2)oc1CN(C)C1CCCC1O;Cc1cn(C2CC(O)C(CO)O2)c(=O)nc1NC(=O)c1ccccc1;Cc1cnc(NC(=O)NC2CCN(CCc3ccccc3)CC2)s1;CCOC(=O)CC1(C#N)c2ccccc2C=CN1C(=O)c1ccccc1;CN(C(=O)NCC1CCN(CCc2ccccc2)C1)C1CCOCC1;CCn1c(SCCc2ccccc2)nnc1-c1cn(C)nc1OC;O=S(=O)(c1ccc2c(c1)CCCO2)N1CCOCC1CC(F)F;CCc1ccc(Nc2ncnc3c2cnn3Cc2ccc(C)cc2)cc1;CC1(O)CCCN(C(=O)NC2CCN(CCc3ccccc3)CC2)C1;Cc1ccc(C)c(S(=O)(=O)NCC(=O)NCCc2ccccc2)c1;Cc1nnc(NCCc2ccccc2)c2nn(-c3ccccc3)c(C)c12;CS(=O)(=O)C1CCN(S(=O)(=O)c2ccc3c(c2)CCCO3)C1;Cc1cc(NC(=O)Nc2ccccc2)ccc1NC(=O)c1ccccc1;COC(=O)c1cc(O)cc(OC)c1Oc1cc(C)cc(O)c1C(=O)O;CSc1ccc2nc(NC(=O)CCOc3ccccc3)sc2c1;CC(C(=O)Nc1ccc2c(c1)N(C)S(=O)(=O)N2C)c1ccccc1;Clc1ccc(-c2nn3c(-c4ccncc4)nnc3s2)c(Cl)c1;Cc1ccccc1Cn1cc(-c2ccncc2)cc1C(=O)NCC1CC1;CCCCCCCCCCCCCCC(=O)NCCc1ccccc1
m_0318b5,COc1ccc(OCC(=O)Nc2ccc(SCc3cccnc3)cc2)cc1;CCOc1ccc(CC(=O)Nc2ccc3c(c2)CCCN3C(=O)C2CC2)cc1;COC(=O)C(Cc1ccccc1)NC(=O)C(CC(=O)O)NCCC(C)(C)C;CCN1CC(CCN2CCOCC2)C(c2ccccc2)(c2ccccc2)C1=O;Cc1cc(NC(=O)Cn2nc3n(c2=O)CCCCC3)n(Cc2ccccc2)n1;CC(=O)Nc1cc(S(=O)(=O)N2CCCC(CC3CCOC3)C2)ccc1C;CC12CCC(=O)C=C1C(O)CC1C2C(O)CC2(C)C1CCC2(O)C(=O)CO;CC(C)(Cc1ccccc1)NCC(O)c1ccc(O)c(NS(C)(=O)=O)c1;CCOc1ncccc1C(=O)N1CC2CN(c3ccc(C4CC4)nn3)CC2C1;CCCOc1ccc2cc(S(=O)(=O)N3CCN(CCO)CC3)ccc2c1;COc1cc2ncnc(NC3CCN(Cc4ccccc4)CC3)c2cc1OC;COc1cc2oc(=O)ccc2cc1C(OC(=O)CC(C)C)C(O)C(C)(C)O;CC1Cc2c(C(=O)N3CCC(c4c[nH]c5ncccc45)CC3)n[nH]c2C(C)O1;COC(=O)CN1N=C(C(=O)N2CCCCCC2)S(=O)(=O)c2ccccc21;COc1cc(CCc2ccc(OCC=C(C)C)cc2)cc(OC)c1OC;O=C(c1coc(C2CCOCC2)n1)N1CCCSc2ccc(Cl)cc21;CCC(=O)N1CCCN(C(=O)c2cccc(NC(=O)c3cccnc3)c2)CC1;CC1(C)C(=O)Nc2cc(C(=O)NCc3cccc(N4CCOCC4)n3)ccc21;Cc1ccc(C(C)C)c(OC(C)C(=O)Nc2ccnn2Cc2ccccc2)c1;Cc1cc(C)nc(Nc2ccc(C(=O)NC(CO)Cc3ccccc3)cc2)n1;CC(C)CC(NC(=O)C(NC(=O)c1cccc(-c2ccccc2)n1)C(C)O)B(O)O;CC1CCC2C(C)(CO)C(O)CCC2(C)C12CCC(CO)(CCO)O2;Cc1ccc(S(=O)(=O)N2CCc3ccccc32)c(C)c1NS(C)(=O)=O;CC(C)(O)c1ccc(CNC(=O)c2cccnc2Oc2ccc(F)cc2)cc1;O=C(NC(CO)Cc1ccccc1)C1CC(=O)N(c2n[nH]c3ccccc23)C1
m_043e86,NC1CCC(c2ccc(Cl)c(Cl)c2)c2ccccc21;COCCN1CCN(c2nccc3c(=O)[nH]cnc23)CC1;O=C(O)c1ccc(CN2CCOCC2)c(C(F)(F)F)c1;O=c1[nH]cnc2c1ncn2C1OC(CO)C(O)C1O;COc1cc(O)c2c(c1)C1=CC(O)C(O)CC1(C)OC2=O;CC(C)=CCOc1c2ccoc2cc2oc(=O)ccc12;O=C(O)CCCNC(Cc1ccc(O)cc1)C(=O)O;CC(C)=CCOc1c2occc2cc2ccc(=O)oc12;CC(=O)Nc1ccc(C(=O)N2CCOC(C(=O)O)C2)cc1;CN1C2CCC1CC(OC(=O)C(CO)c1ccccc1)C2;N#Cc1cn(C2OC(CO)C(O)C2O)c2nc[nH]c(=O)c12;Oc1cc(O)c2c(c1)OC(c1ccc(O)c(O)c1)C(O)C2;COc1cc(C=CC=CC(=O)N2CCCCC2)ccc1O;Cn1c(CNC(=O)CN2CCOCC2)nc2ccccc21;NC(CNC(=O)c1cc2ccc(O)cc2oc1=O)C(=O)O;Cc1cc(=O)oc2c(CN3CCCCC3C)c(O)ccc12;CCCCCCCC(O)CC(=O)NCCCCC(=O)O;NC(=NCCCC(N)C(=O)O)NC(CC(=O)O)C(=O)O;C=CCc1ccc(O)c(-c2cc(CC=C)ccc2O)c1;CCC(C)(C)NCC(O)c1cc(Cl)c(N)c(Cl)c1;CC(C)CCNCC(O)c1cc(Cl)c(N)c(Cl)c1;O=C(NCc1ccccc1)c1cnnc(-c2ccccc2)c1;COc1cc(O)c(C(=O)O)c(-c2cc(O)c(O)cc2C)c1;O=C(O)CCC(NCC(O)c1ccccc1)C(=O)O;Cc1nc(NC(CO)CC(F)(F)F)c2cnn(C)c2n1
m_050bf1,O=c1cccc2n1CC1CC2CN(C(=S)Nc2cccnc2)C1;CCCc1nnsc1C(=O)N1CCCN(C2CCOC2)CC1;Cc1noc(C2CCCOC2C2CCN(CC(O)CO)CC2)n1;CC(=O)N1CCC(NC(=O)N2CCC(C3CCOC3)C2)C(C)C1;CC1CCCC(C)N1C(=O)COc1ccc(Br)cc1;COC(=O)c1ccc(OCC(O)CN2CC(C)OC(C)C2)cc1;Cc1occc(=O)c1OC1OC(CO)C(O)C(O)C1O;O=C(C1CN(c2cnc3ccccc3n2)CCO1)N1CCCCC1;c1ccc(CCc2nn3c(CN4CCCCC4)nnc3s2)cc1;CN1C2CCC1CC(OC(=O)C(CO)c1ccccc1)C2;CC1C(=O)OC2CCN3CC=C(COC(=O)C(C)(O)C1(C)O)C23;O=c1cc(-c2cc(O)c(O)c(O)c2)oc2cc(O)cc(O)c12;CCc1nnc(-c2ccc(S(=O)(=O)N3CCCC(C)C3)o2)o1;CCCC(=NOCC)C1=C(O)CC(C2CCCSC2)CC1=O;Cc1cnccc1OCC1CCN(C(=O)C2CC(F)(F)C2)CC1;CC1(C)SC2C(N=CN3CCCCCC3)C(=O)N2C1C(=O)O;COc1cccc(S(=O)(=O)N2CCC(CCC(=O)O)CC2)c1;COCC1(O)CCN(C(=O)c2sc(C)nc2CC(C)C)CC1;Cc1cc(OCC(=O)N2CCC(C)CC2)ccc1Br;Cc1noc(CCN2CC(O)=C(c3nc4ccccc4[nH]3)C2=N)n1;OCc1ccnc(N2Cc3ccccc3OC3(CCOCC3)C2)n1;O=S(=O)(NC1CCNC12CCC2)c1ccnn1CC1CCC1;CCCCCCCCCCCCCC=CC(O)C(CO)NC(C)=O;CCCCCCCCCCCCCCCCCCCCCCC;Cc1ccsc1CCC(=O)N1CC2(CC(c3ccccc3)C2)C1
m_05b52e,CSc1ccc2nc(NC(=O)CCOc3ccccc3)sc2c1;CC(C)COc1ccc(C(=O)NC(=S)NCc2cccnc2)cc1;O=C(Nc1nc2ccc3scnc3c2s1)C1OCC2CCCC21;CC(C)C(=O)Nc1cc(C(=O)NCc2ccccc2)ccn1;Cc1ccc(CC(=O)Nc2cccc(-n3ccc(C(=O)O)n3)c2)o1;CC1CC(=O)C2=C(C1)CC(O)C1(O)C2C(=O)c2cccc(O)c2C1O;CCOC(=O)CN1C(=O)C(O)(CC(=O)c2ccco2)c2ccccc21;Cc1ccc(N2CC(CNC(=O)c3c(F)cccc3F)OC2=O)cc1;CC1=CC(=O)C2C(C1)CC(O)C1(O)C(O)c3c(O)cccc3C(=O)C21;CCC(CO)NC(=O)Nc1ccc(S(=O)(=O)NC(C)(C)C)cn1;O=C(O)C1CCC(CNS(=O)(=O)c2cccnc2)CC1;Cn1cc(CC(NS(=O)(=O)c2ccc(F)cc2F)C(=O)O)cn1;CC1=CC(=O)c2ccccc2C1=O;CCOC(=O)c1cnn2ccc(NC(=O)c3c(F)cccc3F)cc12;COc1ccc2c(c1)OCCN(C(=O)c1csc(NC(C)=O)n1)C2;CC(CC1CC=CC(=O)O1)OC(=O)CCc1ccc(O)c(O)c1;O=S(=O)(NCC1CCC(c2ncn[nH]2)O1)c1ccc(F)cc1F;COc1cc(NC(=O)N2CCN(c3ccncc3)CC2)ccc1Cl;COc1ccc(-c2cc(=O)c3c(O)c(OC)c(O)c(OC)c3o2)cc1;O=C(Nc1c2c(nn1-c1cccc(Cl)c1)CSC2)c1ccco1;Cc1c(NC(=O)c2cc(F)cc(F)c2)c(=O)n(-c2ccccc2)n1C;CC12CC3CC(C1)CC(C(=O)N1CCN(S(N)(=O)=O)CC1)(C3)C2;NC(=O)c1cc(NC(=O)c2ccccc2OC(F)(F)F)ccc1F;O=C(O)c1ccc(S(=O)(=O)Nc2cccc(C(F)(F)F)c2)cc1;Cc1ccc(C(=O)NNC(=S)NC(=O)COc2ccccc2)cc1
m_068354,COc1ccc(CC(=O)OCC(=O)c2ccc(OC)cc2)cc1;O=C(NC1CCn2nccc2C1)C1(c2cccs2)CCCC1;Cc1cc(C(=O)NCc2cc(C3CC3)n(C3CCCC3)n2)no1;COc1ccccc1CN1CCCC(COc2ccncc2)C1;CCOc1ccc(C(=O)NCc2cc(C)nc(N(C)C)n2)cc1;COc1cc(S(=O)(=O)Nc2ccccc2N(C)C)sn1;COC(=O)c1ccc(CSc2nc(C)cc(C)c2C#N)cc1;COc1ccc(CC(C)(O)CNc2nc3ccccc3o2)cc1;COc1ccc(CNC(=O)C(C)Sc2ccc(C)cc2)cc1;COC(=O)Cc1ccc(OC(=O)Cc2ccc(OC)cc2)cc1;Cc1cc(NC(=O)Cn2nc(C3CC3)ccc2=O)ccc1Cl;CCOc1ccc(C(=O)NCC(O)(c2ccco2)C2CC2)cc1;COc1ccc(CNC(=O)c2cc(C3CC3)ncn2)c(OC)c1;Cc1ccc(NS(=O)(=O)c2cccc3cccnc23)c(C)c1;COc1cccc(CC(=O)Nc2cnn(C3CCCC3)c2C)c1;Cc1ccccc1OCC(=O)NCc1cc(-c2ccco2)on1;COc1ccc(CC(=O)N2CCCC(c3cnn(C)c3)C2)cc1;Oc1ccc(CCC(O)CC(O)CCc2ccc(O)cc2)cc1;COc1ccc(C2CCCCN(C(=O)Cn3cccc3)C2)cc1;CCOc1ccccc1C(=O)NN1C(=O)C2CC=CCC2C1=O;O=C(NCCc1ccc2c(c1)OCO2)c1ccccc1CCO;Cc1ccc(OCCSc2nc3ncnc(N)c3[nH]2)cc1C;CC(=O)Nc1ccc(OC2(C)OC(=O)c3ccccc3O2)cc1;COC(=O)c1ccc(CC(C)NCC(O)c2ccccc2)cc1;NCCc1ccc(OC2OC(C(=O)O)C(O)C(O)C2O)cc1
m_06e13d,O=C1OC(N2C(=O)CCC2C(=O)Nc2cccc(F)c2)c2ccccc21;c1ccc2c(c1)CC1OC(C3(C4=NC5c6ccccc6CC5O4)CC3)=NC21;COC(=O)c1ccccc1NC(=O)CSc1[nH]c(=O)cc(C)c1C#N;O=C(C=Cc1ccc(O)c(O)c1)OC1CC(O)(C(=O)O)CC(O)C1O;O=C(NCC1CCN(CC(F)(F)F)C1)NC1c2ccccc2CC1O;O=C(Nc1ccc2c(n1)CCC2)N1CC(O)CC1c1ccc(F)c(F)c1;CCN1CCCC1CNC(=O)c1cc(S(=O)(=O)CC)c(N)cc1O;C=CCc1cc(OC)c(OC(C)C(O)c2ccc(O)c(OC)c2)c(OC)c1;O=C(C=Cc1ccc(O)c(O)c1)OC1C(O)CC(O)(C(=O)O)CC1O;CCCCC=CCCCCCCCCC(=O)NC(CC(N)=O)C(=O)O;CCCCCCCCCCCCCCC(=O)NC(CC(N)=O)C(=O)O;CC(=O)Nc1ccc(S(=O)(=O)N2CC(N3CCCC3)C2)cc1;O=C(Cc1ccc2c(c1)OCO2)N1CC(Nc2ccncn2)C1;CCc1c(C(=O)NN=Cc2cn[nH]c2-c2ccc(F)cc2)csc1C;COc1ccc(C=CC(=O)O)c(OC2OC(CO)C(O)C(O)C2O)c1;CCCCC=CCCCCCCCC(=O)NC(CCSC)C(=O)O;C=CCC1=CC(OC)(C(C)Cc2ccc3c(c2)OCO3)C(OC)=CC1=O;O=C(c1ccc2[nH]c(=O)[nH]c2n1)N1Cc2ccccc2-c2ccccc2C1;NC1(c2noc(-c3csc(-c4ccc5c(c4)OCO5)n3)n2)CCCC1;O=C(c1ccc(-c2cnco2)cc1)N1CCCC(O)(C(F)(F)F)CC1;COc1c(C=CC(=O)c2ccc(O)c(CC=C(C)C)c2)ccc(O)c1O;O=C(Cn1c(=O)oc2cc([N+](=O)[O-])ccc21)N1CCc2ccc(F)cc21;CC(=O)Nc1cccc(NC(=O)C2(c3ccc(F)cc3)CC2)c1;O=c1ccc2cc(O)c(O)cc2o1;O=C(Nc1ccccc1)c1cccc(C(=O)Nc2ccc3nncn3c2)c1
m_06f339,Cc1cc(N2CCOCC2)nc(CNS(=O)(=O)c2ccccc2)n1;CCC1CN2CCC1CC2C(O)c1ccnc2ccc(OC)cc12;COCCCNc1c2c3c(cccc3n(C)c1=O)C(=O)c1ccccc1-2;CSc1nc(C2CC2)cc(N2CCN(C(=O)C3CCCO3)CC2)n1;CCc1nc(N2CC3CN(c4ncc(F)cn4)CC3C2)[nH]c(=O)c1F;Cc1nc2c3ccccc3[nH]n2c(=O)c1CCC(=O)Nc1cnn(C)c1;O=C(CC1CC2CCC(C1)N2)Nc1ccc2nc(-c3ccco3)[nH]c2c1;CCCCCCC=CCCCCCCCCCc1cccc(O)c1O;C=C(c1ccc(C(=O)O)cc1)c1cc2c(cc1C)C(C)(C)CCC2(C)C;C=C(C(=O)O)C1CC(OC(=O)CC(C)CC)C2(C)CCCC(=C)C2C1;COC(=O)C=CC(C)=CCC(O)C(C)=CCCC(C)C(C)O;CCn1ccnc1N1CCN(C(=O)COc2ccc(Cl)cc2)CC1;CC(NC(CCc1ccccc1)C(=O)O)C(=O)N1CCCC1C(=O)O;COc1cc2c(cc1O)CC1c3c(cc(O)c(OC)c3-2)CCN1C;O=C(O)C(Cc1ccc(O)cc1)N=C(O)C=Cc1ccc(O)cc1;CC1Cc2ccc3c(c2C(O)C1)C(=O)c1cccc(O)c1C3O;OCC1OC(OCC=Cc2ccc(O)cc2)C(O)C(O)C1O;CC(C)(C)c1cn(C2CC3CCC(C2)N3C(=O)C2CCOCC2)nn1;O=C(C=CCCc1ccc(O)cc1)CCc1ccc(O)c(O)c1;COC(=O)c1cc(O)c(C(=O)c2c(O)cccc2C(=O)O)c(O)c1;C=CC(C)(O)CCC=C(C)COC1OC(CO)C(O)C(O)C1O;CC(C(=O)O)C1CCC2C3CC=C4CC(O)CCC4(C)C3CCC12C;CC(C)=CCc1c(O)cc(CCc2ccccc2)c(CC=C(C)C)c1O;OCC1=CCC2C=COC(OC3OC(CO)C(O)C(O)C3O)C12;COC(CCc1ccc(O)cc1)CC(=O)CCc1ccc(O)cc1
m_070985,NS(=O)(=O)c1cc2c(cc1Cl)N=CNS2(=O)=O;COC(=O)Nc1nc2ccc(C(=O)c3ccccc3)cc2[nH]1;CC(=O)c1cc(C)c(O)c(CC2=C(O)C(C)OC2=O)c1O;CC(=O)c1cc(C)c(O)c(Cc2c(O)oc(C)c2O)c1O;COc1ccc(C(C[N+](C)(C)[O-])C2(O)CCCCC2)cc1;O=C(CC1C=CCC1)NC(C(=O)O)c1ccc(Cl)cc1;N#CC(OC1OC(CO)C(O)C(O)C1O)c1ccccc1;CCOP(=S)(OCC)Oc1ccc([N+](=O)[O-])cc1;CCCCCCCCOC1OC(CO)C(O)C(O)C1O;Cc1ccc(S(=O)(=O)N2CCCC2C(=O)O)s1;COc1cc(Cc2cnc(N)nc2N)cc(OC)c1OC;COP(=O)(OC)Oc1ccc(S(C)(=O)=O)c(C)c1;CC1(C)COC(=O)C1OC1OC(CO)C(O)C(O)C1O;NC(=NCCCC(N)C(=O)O)NC(CC(=O)O)C(=O)O;O=C(COc1cccc(F)c1)N1CC(C2CCOCC2)C1;Cc1cc(CC(=O)O)n(C)c1C(=O)c1ccc(Cl)cc1;Cc1ccc(C)c(OCCn2cc(C(=O)O)c3ccccc32)c1;COc1ccc(NC(C)=O)c(NC(=O)C2CC2C(=O)O)c1;CCO;CCO;CCO;CCO;CCO;CCO;CCO
m_074e83,O=C(COc1ccccc1F)N1CCN(C(=O)c2cnn3c2CCCC3)CC1;COc1cc(C)ccc1C(=O)N1CCC2(NC(=O)CCNC(N)=O)CCCC12;COc1ccc(C2OCC3C(c4ccc(OC)c(OC)c4)OCC23)cc1OC;COCCN1CCC(N2CCCN(C(=O)c3ccc4c(c3)OCO4)CC2)C1=O;CCOc1ccccc1C(=O)N1CCCC1C(=O)Nc1cnn(CCOC)c1;COC(=O)c1ccc(CSc2nc3sc4c(c3c(=O)n2C)CCC4)cc1;C[n+]1cc2c3c(ccc2c2ccc4cc5c(cc4c21)OCO5)OCO3;COC(=O)C1=COC(OC2OC(CO)C(O)C(O)C2O)C2C(CO)=CCC12;CC(C)=CCCC(C)=CCCC(C)=CCOc1ccc2ccc(=O)oc2c1;O=C(O)c1cc(OC2OC(CO)C(O)C(O)C2O)c2ccccc2c1O;Cc1ccc(C(=O)N(C)c2ccccc2)cc1NC(=O)c1ccc2c(c1)OCO2;COc1ccc(CCCn2ncc3c2nc(N)n2nc(-c4ccco4)nc32)cc1;O=C(CCNc1c(-c2ccc(F)cc2)nc2cnccn12)NCc1ccccn1;CCCCCCC=CCCCCCCCCC(=O)Nc1ccc(C(=O)O)cc1;COc1ccc(CNC(=O)CN2CCC(N3C(=O)OC4CNCC43)CC2)cc1;Cn1ccnc1C1CN(CCCc2c(F)cccc2F)CC1NC(=O)C1CC1;COc1ccc(CCC(=O)Nc2cc3c(cc2C)N(C)S(=O)(=O)N3C)cc1;COc1ccc(CC(C)(C)NCC(O)c2cc(O)cc3c2OCC(=O)N3)cc1;CCCCCCC=CCCCCCCCCC(=O)NCCc1ccc(O)c(O)c1;COC(=O)c1ccc(C(=O)NCC2(O)CCCc3sccc32)cc1;CCOc1ccc(CNC(=O)Cn2cnc3onc(C)c3c2=O)cc1;CC1=CC(=O)CC(C)(C)C1(O)CCC(C)OC1OC(CO)C(O)C(O)C1O;CCC1CC2C3CC=C4CC(OC(C)=O)CCC4(C)C3CCC2(C)C1C(C)=O;COc1ccc(CCC(=O)Nc2ccc(N3CCCCS3(=O)=O)cc2)cc1;CC1Oc2ccccc2OC1C(=O)Nc1ccc2c(c1)N(C)S(=O)(=O)N2C
m_089267,CC(=O)N(C)CCN(CCN(CCN(CCN(CCN(CCN(CCO)C(=O)c1ccccc1)C(=O)c1ccccc1)C(C)=O)C(C)=O)C(C)=O)C(C)=O;Cc1[nH]c2cccc(OCC(O)CNCCOc3ccccc3)c2c1Cl;CC(C(=O)N1CCCCCC1)N1CCCN(Cc2nccn2C(C)C)CC1;CC1OC(CC(=O)O)CC2(O)C(=O)c3cccc(O)c3C(=O)C12O;O=C(NC1CCCCC1)C1CCc2sc(C(=O)N3CCOCC3)cc2C1;COCCn1nc2c(c1C(=O)NCCc1nc(C)oc1C)CC(C)OC2C;NC(N)=NCCCC(NC(=O)CCn1nnc2ccccc2c1=O)C(=O)O;CN(CC1CCN(C(=O)OC(C)(C)C)CC1)c1cc(C(F)(F)F)ccn1;CSc1nc(C2CC2)cc(N2CCN(Cc3ncoc3C(C)C)CC2)n1;COc1ccc(-c2nc(C)c(Cl)c(OCCCN3CCCCC3)n2)cc1;O=C(C=Cc1ccc(O)cc1)OC1CC(O)(C(=O)O)CC(O)C1O;CCCCC1CCC(c2nc(C#N)c(NCCCN3CCOCC3)o2)CC1;CC1C(O)CC2C(C(=O)O)=COC(OC3OC(CO)C(O)C(O)C3O)C21;CCC1C2CCCCN3C(C4CC(C)C(=O)O4)CC(C4C(C)C(=O)OC14)C23;COc1cccc(C(=O)NCC(=O)NC2CCC(=O)NC2C2CCCO2)c1;O=C(NCC1CC1)C1CCCN(CC(=O)N2CCCC(C(F)(F)F)C2)C1;O=C(COc1ccccc1OCC(F)(F)F)N1CCOCC12CCOC2;CCCC(=O)NC(C(=O)O)C(C)C;COc1ccc(NC(=O)C2CCNC(=O)C2)c(N2CCN(C(C)=O)CC2)n1;COc1c(N2CCNC(C)C2)c(F)cc2c(=O)c(C(=O)O)cn(C3CC3)c12;NC(=O)C1(N2CCCCC2)CCN(CCCC(=O)c2ccc(F)cc2)CC1;O=C(C1CC(=O)N(c2ccc(F)cc2)C1)N1CCOCC2(CCOCC2)C1;CC1CCN(C(=O)CSc2ncnc3sc4c(c23)CCC(C)C4)CC1;CN1CCC(NC(=O)Nc2ccc(C#N)cc2)CC1c1nc2ccccc2[nH]1;CCOC(=O)CCC(=O)N1CCC(Oc2ccc(C(F)(F)F)cn2)CC1
m_08d7f1,COc1cc(O)c2c(=O)cc(-c3ccccc3)oc2c1;Cc1cc(=O)c2c(o1)-c1c(cc(O)c(O)c1C(=O)O)OC2;CC1(O)Cc2oc3cc(O)c(O)c(C(=O)O)c3c(=O)c2CO1;CC(C)(O)C(=O)Nc1ccc([N+](=O)[O-])c(C(F)(F)F)c1;CS(=O)(=O)N1CCC(c2ncc(C(=O)O)s2)CC1;Oc1cc(O)c2c(c1)OC(c1ccc(O)c(O)c1)C(O)C2;NC(CNC(=O)c1cc2ccc(O)cc2oc1=O)C(=O)O;O=c1cc(-c2ccccc2)oc2c(Cl)cc(Cl)cc12;Cc1nsc2ncc(C(=O)N3CCC(C(=O)O)C3)cc12;Cn1c(SCc2ccccc2F)nc2c(O)ncnc21;Cc1c(Cl)c(O)cc2oc3cc(O)cc(O)c3c(=O)c12;Cc1cc(O)cc2oc3cc(O)c(Cl)c(O)c3c(=O)c12;O=[N+]([O-])c1ccc(Sc2cccc[n+]2[O-])c2nonc12;CCC1NC(=O)c2cc(S(N)(=O)=O)c(Cl)cc2N1;O=c1c(O)c(-c2ccc(F)cc2)oc2cc(Cl)ccc12;NS(=O)(=O)c1ccc(N2CCCCS2(=O)=O)cc1;Cc1cc(O)cc2oc3c(Cl)c(O)cc(O)c3c(=O)c12;Cc1ccc(NC(=O)c2cc3ccccc3oc2=N)cc1C;COC(=O)c1nc(O)c2ccccc2c1-c1ccc[nH]1;ClC1C(Cl)C(Cl)C(Cl)C(Cl)C1Cl;CN(C)CCc1c[nH]c2ccc(Cn3cncn3)cc12;O=c1[nH]cnc2c1ncn2C1OC(CO)C(O)C1O;COc1cc(O)c2c(=O)c3c(O)c(OC)ccc3oc2c1;CC1(NC(=O)c2csc(S(N)(=O)=O)c2)CCOC1;CCc1cc(C(=O)Nc2ccc(Cl)cc2O)cc(=O)[nH]1
m_0a8bf5,C(#Cc1ccccc1)CNCCSc1nnnn1-c1ccccc1;Cn1cncc1C1CCN(C(=O)c2ccc(-n3cccc3)cc2)CC1;O=C1CCOCCN1CCN1CCCC(COc2ncccn2)C1;CCC1(C)COCCN1S(=O)(=O)c1c(C)ccc2ncccc12;CCOc1ccc(S(=O)(=O)Nc2nccs2)c2ccccc12;CC(NC(=O)C1(c2cccc(Br)c2)CC1)c1ncn[nH]1;CC(C)(C)OC(=O)N1CCC(COc2cc3c(nn2)CCC3)CC1;CCCCOc1ccc(C=NNC(=O)c2sc(N)nc2C)cc1;CSCCC(CO)NC(=O)c1ccc2[nH]c3c(c2c1)CCCC3;CC#CC#CC=C1C=CC2(OC=CC2OC(=O)C=C(C)C)O1;CN(C)c1nccnc1OC1CCCN(C(=O)N2CCNC2=O)C1;Cc1cccc(OCC2CCCN(c3nc(C)cc(C)n3)C2)n1;CCC=CCC=CCC=CCC=CCC(O)C(O)CCCC(=O)O;Fc1cccc(-c2nn3c(-c4cc5ccccc5[nH]4)nnc3s2)c1;Cn1ncc(C(=O)Nc2ccc3oc(C(=O)O)cc3c2)c1C(F)F;COc1ccc(S(=O)(=O)NC(C(=O)O)C(C)C)c2ccccc12;CC(C)(O)C1C2OC(=O)C1C1(O)C3OC3C3C(=O)OC2C31C;COC(=O)C(CCSC)NC(=O)c1cccc(-n2cnnn2)c1;CCCCOc1ccc2cc(S(=O)(=O)NCC(C)C)ccc2c1;CCCCN(CCCC)C(=O)CCn1c(=O)sc2ccccc21;CN1CCc2c(c3ccccc3n2Cc2ccc(C(=O)NO)cc2)C1;COC(=O)C(CCSC)NC(=O)c1ccc(-n2cnnn2)cc1;COC12C(COC(N)=O)C3=C(C(=O)C(C)=C(N)C3=O)N1CC1NC12;CC(C)NC(=O)C1CC(=O)N(CCc2c[nH]c3ccc(F)cc23)C1;Cn1cc(C=NNC(=O)COc2ccccc2C#N)c2ccccc21
m_0af51a,O=C(c1ccc(-n2cncn2)cc1)N1CC=C(c2ccc(F)cc2)CC1;Cn1nccc1-c1ccc(CNC(=O)Cn2ccc3ccccc32)cn1;Cc1[nH]c2ccccc2c1C=NNC(=O)CCC(=O)Nc1ccccc1;CCN1C(=O)Cc2cc(NS(=O)(=O)c3c(C)nn(C)c3C)ccc21;CCc1cnc(N2CCN(c3ccc(-c4ccncc4)nn3)CC2)nc1;CC1(c2ccccc2)CCN(C(=O)c2ccc(-n3cncn3)cc2)CC1;Cn1cc(-c2ccc(CNC(=O)Cn3cnc4ccccc43)cn2)cn1;CCCCC(=NNC(=O)c1ccc(Br)o1)c1ccccc1;Cn1cc(-c2ncccc2CNC(=O)CCC(=O)c2ccccc2)cn1;Cn1cc(-c2ccc(CNC(=O)c3cc4ccccc4s3)cn2)cn1;O=C(NCCn1cc(-c2ccco2)cn1)c1cnn(-c2ccccc2)n1;O=S(=O)(NCc1nccnc1-c1ccco1)c1ccccc1Cl;c1ccc2nc(N3CCN(c4nsc5ccccc45)CC3)cnc2c1;COc1ccc(C2CCCCN(C(=O)CSC3CCCC3)C2)cc1;Cc1oc(C(=O)O)cc1S(=O)(=O)Nc1ccccc1-n1ccnn1;Cc1cc(S(=O)(=O)Nc2nccs2)c(C)cc1Br;O=C(NCCc1nc2ccccc2[nH]1)C(c1ccccc1)n1cnnn1;CN(CC1CN(c2cc(=O)n3ccccc3n2)C1)S(=O)(=O)C1CC1;Cn1cc(CC(=O)NCc2nccnc2-c2ccco2)c2ccccc21;CC1CCCCC1NC(=O)CSc1nnc(-c2ccccc2)n1N;Cn1cc(CNCC2(O)CCCc3ccccc32)c(-c2ccncc2)n1;Cc1ccc(C(=O)C(C)Oc2cccc(NC(=O)c3ccco3)c2)cc1;Cc1nc2cc(NC(=O)Nc3cccc(C(F)(F)F)c3)ccc2n1C;CCC1SC(CC)C(=O)N(CC(=O)Nc2cccc(C)c2C)C1=O;O=C1CCC(NS(=O)(=O)c2ccc(F)cc2)C(c2ccccc2)N1
m_0c4e10,CN(CCN1CCOCC1)C(=O)C1CCC(Nc2cnccn2)CC1;COc1ccc(CC(=O)NCC2(N3CCCCC3)CCCCC2)nc1;CCOc1cc(C(=O)N2CCC(N3CCN(C)CC3)CC2)ccc1N;Cc1nc(C)c(C)c(N2CCN(c3nc4ccccc4nc3C)CC2)n1;COc1cccc2c1CCN(C(=O)C1CC13CCS(=O)(=O)CC3)C2;CCN(C(=S)NC(=O)Cc1cccc2ccccc12)c1ccccc1;Cc1cccc(CC(=O)NCC2(N3CCOCC3)CCSCC2)c1;CC(NC(=O)C1c2ccccc2Oc2ccccc21)C1CC2CCC1C2;CC1(C)CN(CCNC(=O)C2CC(=O)Nc3cc(F)ccc32)CCO1;O=C(NCC1(N2CCOCC2)CCCCC1)N1CCn2cnnc2C1;COC(=O)C1CCN(CCCNc2nc3c(cnn3C)c(=O)[nH]2)CC1;CC(C)(C)C1(O)CC2OC(=O)CC23C(=O)OC2OC(=O)C(O)C231;COc1ccccc1N1CC(C(=O)NCC2CN(C)CCO2)CC1=O;Cc1ccc(C)c(C(=O)NCC2(N3CCOCC3)CCSCC2)c1;O=C(c1nnn(Cc2ccccc2)c1-c1ccncc1)N1CCCCC1;Cc1ccc2nc(C(=O)N3CCN(c4ccnc(C)n4)CC3)ccc2c1;CCOc1nccnc1N1CCC(NS(=O)(=O)c2cccnc2)C1;CC(=Cc1ccc(C(=O)O)cc1)c1ccc2c(c1)C(C)(C)CCC2(C)C;Cn1c(=O)c2[nH]c(CN3CCC(O)(C(F)(F)F)C3)nc2n(C)c1=O;CCOc1ccc(C=NNC(=O)c2csc(C)c2C)c(OCC)c1;CC1CCC(c2ccccc2)N(C(=O)c2cccc(-n3cncn3)n2)C1;CN(C(=O)c1ccc(Cn2ccnc2)cc1)C1CN(c2ccccn2)C1;Cc1cc(C)c(S(=O)(=O)Nc2nc3c(C)cccc3s2)c(C)c1;CC[N+](C)(CC)CCOC(=O)C(O)(c1ccccc1)C1CCCCC1;CN(C(=O)c1cc(-c2ccccc2)nn1C)C1CN(c2ccccn2)C1
m_0cc9ea,CC(=O)N1CCc2ccc(NC(=O)NCc3cccs3)cc2C1;COc1cc(Cl)cc(C(=O)NCCc2nc(-c3ccccn3)cs2)c1;CC(=O)N1CCc2ccc(S(=O)(=O)N3CCc4ccccc43)cc2CC1;Cc1c(CCC(=O)NCCCN2CCCC2=O)c(=O)oc2cc(O)ccc12;CS(=O)(=O)Nc1ccc(C(O)CNCC2CCc3ccccc3C2=O)cc1;NC(=O)c1cnn2c(C(=O)N3C4C=C(c5ccccc5)CC3CC4)ccnc12;O=C(O)C(Cc1c[nH]c2ccccc12)Nc1ccc([N+](=O)[O-])cc1[N+](=O)[O-];NC(N)=NCCCC(NC(=O)CCn1nnc2ccccc2c1=O)C(=O)O;Cc1ccc(C)c(N2C(=O)CSC2=NNC(=O)c2ccccc2Cl)c1;Cc1nn(-c2ccc(F)cc2)cc1CNC(=O)NC1CCN2CCCCC12;CC(NC(=O)C1(C(=O)O)CCOCC1)c1cccc(NS(C)(=O)=O)c1;O=C(NC1CCN(CC(F)(F)F)CC1)c1cnn2ccncc12;COc1cc(C2CC(c3ccccc3)=NN2C(N)=S)cc(OC)c1OC;COc1cccc(C(=O)NCC(=O)NC2CCC(=O)NC2C2CCCO2)c1;CCOc1ncccc1S(=O)(=O)NC(=O)c1ccc(-n2cnnc2)cc1;Cc1cc(OCC(=O)N2CC3CN(c4ncccn4)CC3C2)ccc1Cl;Cc1ccc(-c2nc(CCCCC3COC(C)(C(=O)O)OC3)c(C)o2)cc1;CCCCCCCCCCC(=O)NC(Cc1c[nH]c2ccccc12)C(=O)O;CC(Oc1ccc2ccc(=O)oc2c1)C(=O)NCC1CCC(C(=O)O)CC1;COc1ccc(-c2cn(CC(=O)NC3CCCCCC3)nn2)cn1;C=CCCCCCCCCC(=O)NC(Cc1c[nH]c2ccccc12)C(=O)O;O=C(NCc1ccc2c(n1)CCCC2)C1CCN(C(=O)N2CCCC2)CC1;CCC(O)(C(=O)OCc1ccccc1N=C(O)CCC(=O)O)C(C)O;Cc1ccc(NC(=O)COc2ccc(Cl)cc2)cc1N1CCCCC1=O;Cc1nnnn1-c1cccc(NC(=O)C(CC(C)C)n2cccc2)c1
m_0d08be,NC(=O)C1CCN(C2CC(=O)N(c3cccc(F)c3)C2=O)CC1;COc1c(C)c2c(c(O)c1CC=C(C)CCC(=O)O)C(=O)OC2;CC1CCCN(C(=O)Cc2csc(NCC(F)F)n2)C1C;O=C1CCCC(C(=O)NCc2ccc(F)cc2C(F)(F)F)N1;N#Cc1cccc(N2CCN(c3nsc4ccccc34)CC2)n1;O=C(NCc1ccc(F)cc1F)c1cn2cc(Cl)ccc2n1;CC=C(C)C(=O)OC1CCC(=O)OC1C=CC(O)C(C)O;O=C(NC1CN(c2cnccn2)C1)c1cc(-c2ccccc2)on1;Cc1cc(C)c2c(N)c(C(=O)N3CCCC3C(=O)O)sc2n1;CC1(C)CCC(Cc2ccc(Cl)cc2)C1(O)Cn1cncn1;CC1CCCC(O)CCCC=Cc2cc(O)cc(O)c2C(=O)O1;Cn1ncc2c(NCCO)nc(Nc3ccc(F)c(F)c3)nc21;O=C1c2ccccc2C(=O)c2c1cc(S(=O)(=O)O)c(O)c2O;O=c1oc2cc(O)ccc2c2oc3cc4c(cc3c12)OCO4;CC1(C)CCC(CN2CCNCC2)=C(c2ccc(Cl)cc2)C1;O=C(Cn1nnnc1-c1ccc(Cl)cc1)Nc1nccs1;Fc1ccc(F)c(CN2CCC(COc3cnccn3)CC2)c1;CC(NC(=O)C1(c2ccc(F)cc2F)CCCC1)c1ncn[nH]1;CC(C)(C)n1ncc2c(=O)n(CC(=O)NC3CCCC3)cnc21;CC1CCCC(=O)CCCCCc2cc(O)cc(O)c2C(=O)O1;O=C(Cc1cc(-c2ccco2)on1)NCc1c(F)cccc1F;O=C(Cc1csc(C2CC2)n1)NC1C2CCC(C2)C1C(=O)O;NC(=O)C(F)(F)C(O)(Cn1cncn1)c1ccc(F)cc1F;CC1(C)C=Cc2cc(-c3coc4cc(O)ccc4c3=O)ccc2O1;COCCC(C)(O)CNC(=O)CN1C(=O)c2ccccc2C1=O
m_0d2197,COc1ccc(C(C)(C)C)cc1S(=O)(=O)Nc1cccnc1;Cc1cc(C)c(C)c(S(=O)(=O)N2CCc3nc[nH]c3C2)c1C;CS(=O)(=O)NCc1cn(-c2cccc(C(F)(F)F)c2)nn1;CCn1cc(C=NNC(=O)c2ccc(Br)cc2)cn1;O=C1c2c(O)cc(O)cc2OC(c2cc(O)c(O)c(O)c2)C1O;O=C(O)C1CCCN(C(=O)c2ccnc(OC3CCOC3)c2)C1;CN(C)C(=O)C1CC2OCCC2N1C(=O)CCc1cccnc1;O=C(Nc1ccncc1)C(Sc1ccccc1)c1ccccc1;COc1cc(C)c(C)cc1S(=O)(=O)NCC(C)(O)c1ccco1;Cc1noc(C2CC(O)C(CNc3cnccn3)C2)n1;CC(C)(C)c1ccc(S(=O)(=O)N2CCc3nc[nH]c3C2)cc1;CC(O)c1cn(C2CN(C(=O)CCCC3CCCCC3)C2)nn1;C[N+]1([O-])C2CC(OC(=O)C(CO)c3ccccc3)CC1C1OC12;CCc1ccccc1NC(=O)CC(NCC1CCCO1)C(=O)O;COc1ccc(CN2CCN(C(=O)NC3CCCC3)CC2)cn1;[N-]=[N+]=Nc1ccccc1COC(=O)NCCCCC(N)C(=O)O;CS(=O)(=O)N1CCC(C(=O)NC2(c3ccccc3)CC2)CC1;COC(=O)c1ccc(S(=O)(=O)N2CCn3nccc3C2)cc1;CCCOc1ccccc1N1C(=O)CC(N2CCOCC2)C1=O;Cc1cc(C(=O)Nc2ccc(OCC(=O)O)c(Cl)c2)c(C)[nH]1;CC(=NNC(=O)Cc1cccc2ccccc12)C1CC2CCC1C2;CC(=O)Nc1ccc(S(=O)(=O)NCC2CC3CCC2C3)cc1;Cc1cc(=O)oc(C)c1C(=O)Nc1ccccc1C(=O)N1CCCC1;COCc1nsc(N2CCC(COc3cnccn3)CC2)n1;CSc1nc2c(c(=O)n1-c1cccc(Cl)c1C)CCCC2
m_0d3550,COc1ccc(C(C[N+](C)(C)[O-])C2(O)CCCCC2)cc1;COc1cc(C(=O)NC(=O)CCC(N)C(=O)O)ccc1O;COc1ccc(Cn2ccc3ccc(C(=O)NO)cc32)cc1;CCC(CC)(CNC(=O)CCCO)c1cccc(OC)c1;CCCCCCCC(=O)NC(CCC(N)=O)C(=O)O;COc1c(C(=O)CC(=O)c2ccccc2)ccc2occc12;COC(=O)C(Cc1ccccc1)NC(=O)C(N)CC(=O)O;COP(=O)(OC)Oc1ccc(S(C)(=O)=O)c(C)c1;O=C(Cn1ccc2ccccc21)NC1CCn2ccnc2C1;COc1ccc(CNC(=O)c2ccc3c(c2)nnn3C)cc1;COc1ccccc1CNC1CCCNC1c1ccccc1;COc1cc2oc(=O)ccc2cc1C(O)C(O)C(C)(C)O;CC(O)(CNC(=O)c1c(F)cccc1Cl)Cc1ccco1;COc1ccc(CC(C)(O)CNc2nc3ccccc3o2)cc1;Cc1n[nH]c(C)c1C1CCCN1C(=O)c1ccc(C#N)cn1;CCCCCCCCCC(=O)NC(C(=O)O)C(C)C;COc1ccc2c(c1)CCN2C(=O)C(C)(C)c1cccnc1;CCC(C)C=C(C)C=CC(=O)C1CCC(O)C(C)(O)C1=O;COc1ccc(C2CCCN2c2ccc3nncn3n2)cc1;N#CCCN(Cc1ccccc1)C(=O)C1CCCCC1C(=O)O;N#CC(=Cc1ccc(O)c(O)c1)C(=O)NCc1ccccc1;C=C1CC2C(CCC3(C)C(=O)CCC23)C2(C)C=CC(=O)C=C12;O=C(C1CCc2[nH]ncc2C1)N1CCCC1c1ccccc1;OC1CCCC(N(Cc2ccccc2)Cc2ccccc2)C1;CCCCCC(=O)NC(Cc1ccc(O)cc1)C(=O)OC
m_0d463f,Cc1ccc(NC(=O)Cn2c(C)nc3onc(C)c3c2=O)c(Cl)c1;Cc1c(Cl)cccc1NC(=O)Cc1cc(-c2ccc(F)cc2)on1;CN(C)c1ncc(NS(=O)(=O)c2cccc(C(F)(F)F)c2)cn1;CC(C)=CCc1cc2c(cc1O)OC(c1ccc(O)cc1)CC2=O;COc1cc(N2CCN(C(=O)c3cc(O)ccc3Cl)CC2)ncn1;Clc1ccc(Nc2nnc(Cc3ccncc3)c3ccccc23)cc1;COc1ccc2nc([S+]([O-])Cc3ncc(C)c(OC)c3C)[nH]c2c1;CC(=O)NC(CS)C(=O)O;Cc1ccc(OCC(=O)NN=Cc2cc3c(cc2Cl)OCO3)cc1;CCN1CCCC1CNC(=O)c1c(O)c(Cl)cc(Cl)c1OC;Cc1cc(N2CCC(NC(=O)Nc3ccc(F)cc3)C2=O)ccc1F;COc1cc(OC)c(OC)cc1C=NNC(=O)c1ccc(=O)n(C)c1;NC(Cc1ccc(O)cc1)C(=O)NC(Cc1ccc(O)cc1)C(=O)O;COc1cc(C(=O)NC2CCN(c3cc(=O)[nH]cn3)C2)ccc1Cl;CCOc1cc(C(=O)N2CCC(N3CCN(C)CC3)CC2)ccc1N;Nc1ncnc2c1ncn2C1OC(COP(=O)(O)O)C(O)C1O;Cc1ncnc(C(=O)Nc2nc(-c3ccc(F)cc3F)cs2)c1C;Cc1ccc(N2CCC(NS(=O)(=O)c3cccc(F)c3)C2=O)cc1;Cc1ccc(CNC(=O)NC2CCC3(CCOCC3)CC2)c(=O)n1C;Nc1ncnc2c1ncn2C1OC(COS(N)(=O)=O)C(O)C1O;Nc1ncnc2c1ncn2C1OC(CO)C(OP(=O)(O)O)C1O;CCc1c(C)sc(N=C(O)c2ccc(OC)c(OC)c2)c1C(N)=O;Cc1cc(C)cc(-c2cc3ncnc(-n4ncc(C#N)c4N)c3s2)c1;Cc1cc(C)c(S(=O)(=O)Nc2nc3c(C)cccc3s2)c(C)c1;CN1C(=O)CCc2cc(NC(=O)Cc3c(F)cccc3Cl)ccc21
m_0ea8a3,O=C1C=CC2C(c3cccc4c3OCO4)CC1N2Cc1ccccc1;O=C(Nc1cnn(Cc2ccccc2)c1)C1CCOc2ccccc21;CCC(C(=O)Nc1ccccc1Cc1nc(C)no1)c1ccccc1;Clc1ccc(-n2ncc3c(NCc4ccccc4)ncnc32)cc1;CS(=O)(=O)c1cccc(CC(N)C(=O)OCc2ccccc2)c1;O=C(Nc1ccn(Cc2ccccc2)n1)c1noc2c1CCCCC2;Nc1nnc(CNC2CC2c2ccc(OCc3ccccc3)cc2)o1;CC(C)(CO)NCc1nn(Cc2ccccc2)nc1-c1ccccc1;Ic1nn(Cc2ccccc2)c2ccccc12;c1ccc(CNc2nc(-c3cccc(-n4cnnn4)c3)cs2)cc1;Nn1cnc2scc(-c3ccc(Cc4ccccc4)cc3)c2c1=O;CCN(CC)CCOCCOC(=O)C1(c2ccccc2)CCCC1;Cn1nc(C(=O)N(Cc2ccccc2)Cc2ccccc2)ccc1=O;CCCCc1c(O)cc(-c2ccccc2)n(Cc2ccccc2)c1=O;Cc1ccc(C(=O)N2CCC(Nc3ncnn4cccc34)CC2)cc1;O=C(Cn1cnnn1)N1CCc2ccccc2C1Cc1ccccc1;Cc1cc2nc3c(=O)n(Cc4ccccc4)c(=O)nc-3[nH]c2cc1N;O=S(=O)(Cc1ccccc1)Nc1cnc(N2CCCC2)nc1;CN(C)CCNCc1c(OCc2ccccc2)ccc2ccccc12;O=C(NC(c1ccccc1)C1CCCC1)N1CCS(=O)(=O)CC1;O=C(Nc1cn(Cc2ccccc2)nn1)N1CCCCC1C(F)F;CCN(CC)CCn1ncc(NCc2ccccc2)c(Cl)c1=O;N#CC(=Cc1ccc(O)c(O)c1)C(=O)NCCCCc1ccccc1;CC1CC(=O)c2cnc(N3CCN(Cc4ccccc4)CC3)nc2C1;Cc1ccc(Nc2n[nH]nc2C(=O)N(C)Cc2ccccc2)cc1C
m_0ee46b,CC(O)(CCc1ccccc1)CNC(=O)c1ccc(Cl)cc1;CCOc1coc(C(=O)NCCCc2ccccc2)cc1=O;O=C(c1ccccc1Cl)N1CCN(c2ccccn2)CC1;CCC=CCC=CCC=CCCCCCCCC(=O)O;CC12C=CC(=O)C=C1CCC1C2CCC2(C)C1CCC2(C)O;COc1ccc(CC2COc3cc(O)cc(O)c3C2=O)cc1;COc1ccccc1CNC(=S)NCCc1ccccc1;CC(=O)CC(c1ccco1)c1c(O)c2ccccc2oc1=O;CC1(CO)CCC2=C1CCC1C2CCC2=CC(=O)C=CC21C;CC12CCC3C(CCC4=CC(=O)C=CC43C)C1CCC(=O)O2;COc1ccc(C(=O)Cn2c(Cl)nc3ccccc32)cc1;O=C(Nc1ccccc1-c1nc2ccccc2[nH]1)C1CCCCC1;CC(C)(C)c1nsc(NCC2(O)CCCC2)n1;COc1ccc(CN(CCN(C)C=O)c2ccccn2)cc1;CC1(CO)CCC2=C1CCC1C2CC=C2CC(=O)C=CC21C;CC1(C)CC(NC(=O)c2cc[nH]c(=O)c2)c2ccccc2O1;COc1ccccc1CNC(=O)CSc1ccc(C)cc1;CNC(=O)c1ccsc1NC(=O)Cc1ccc(C)cc1C;COc1ccc(N=C(O)Cc2ccccc2OC)c(OC)c1;CC(C)n1cc(C(=O)N2CCOc3cc(O)ccc3C2)cn1;N#Cc1cccc(NC(=O)OCCSc2ncccn2)c1;COc1cccc(CNc2ccc3c(c2)C(=O)NCC3)c1F;CCc1noc(-c2cccn2Cc2ccc(OC)c(F)c2)n1;O=C1NCCC1(c1nc(-c2ccncc2)no1)C1CCCC1;O=c1c(O)c(-c2ccc(O)c(O)c2)oc2cc(O)cc(O)c12
m_0f05e7,COc1ccc(CNCc2cccc3ccccc23)cc1;COc1ccc(CCc2cc(OC)cc(=O)o2)cc1;C#CCOC(=O)C=C(C)C=CCC(C)CCCC(C)C;CC1CN(C(=O)C2CCCc3[nH]ncc32)CC(=O)N1C;COc1ccc(C(CN(C)C)C2(O)CCCCC2)cc1;CCCCOc1cccc(CCNCC(=O)N(C)C)c1;COc1cc2c(cc1O)-c1ccccc1CN(C)C2;O=P(O)(OCc1ccccc1)OCc1ccccc1;NC(=O)C1CCC2CN1C(=O)N2OCc1ccccc1;Cc1c(C)[n+](Cc2ccccc2)cn1Cc1ccccc1;COc1ccc(CNC(=O)c2cccs2)cc1OC;O=P(c1ccccc1)(c1ccccc1)c1ccccc1;COC(O)=Nc1nc2ccc(Sc3ccccc3)cc2[nH]1;O=c1c(-c2ccc(O)cc2)coc2cc(O)ccc12;COC(=O)C1CNCCN1C(=O)OCc1ccccc1;CCOC(=O)c1cn2cc(-c3ccc(F)cc3)[nH]c(=O)c2n1;O=C(O)c1cc2ccccc2cc1OCc1ccccc1;COc1cccc(CNC(=O)NC2CC3CCC2O3)c1;CN1CCc2c(c3ccccc3n2Cc2ccccc2)C1;CC(C)CC(=O)Nc1cccc(-c2nn3cnnc3s2)c1;CC(C)(C)OC(=O)NC1CCN(Cc2ccccc2)C1;O=C(Cc1ccccc1)Nc1ccc2c(c1)oc1ccccc12;O=C1CC(c2ccc(O)cc2)Oc2cc(O)ccc21;CCCCCCCCC(=O)NCCc1ccc(O)cc1;COC(=O)C1C2C=CC3(CN(c4ccccc4C)C(=O)C13)O2
m_0fe9d9,Cc1coc(C)c1C(=O)NCC(=O)NC1CCCCC1;O=C(COc1ccc(Cl)cc1)c1ccc(O)cc1O;O=C(Nc1cnc(N2CCNCC2)nc1)C1CCCO1;Cc1onc(-c2ccccc2)c1C(=O)Nc1ccncc1;O=C(O)C(O)C(O)(Cc1ccc(O)cc1)C(=O)O;O=C(O)CNC(=O)CN1C(=O)NC2NC(=O)NC21;Cn1ccnc1COCC(=O)NC12CCCC1NCC2;Nc1nc2c([nH]c(=O)n2C2CC(O)C(CO)O2)c(=O)[nH]1;CCOC(=O)CN=C(O)c1ccc(OC)c([N+](=O)[O-])c1;O=C(NC1(C(=O)O)CCCCC1)c1ccccc1Cl;CC(NC(CCO)C1CCCCC1)c1ccc(=O)[nH]n1;CC(C)n1nccc1C(=O)Nc1cnn(CC(N)=O)c1;CCCCCCCCOC(=O)c1cc(O)c(O)c(O)c1;CCCCCCCCCCC(=O)NC(C)C(=O)O;Cn1nccc1CNC(=O)c1cnc(NC2CC2)s1;Cc1ccc(CC(=O)N2CCC3(CC2)CC3C(=O)O)o1;CCN(CC)CCNC(=O)c1ccc(NC(C)=O)cc1;Cn1cc(C#N)c(NC(=O)C2CCc3ccccc3C2)n1;CC(C)(C)OC(=O)N1CCC(C(=O)C(F)(F)F)CC1;O=C(O)CC1CCN(C(=O)CCc2ccsc2)CC1;Cn1c(-c2ccc3c(c2)OCO3)cc(=O)c2ccccc21;CN1CC2CCCN(C(=O)NCc3cncn3C)C2C1;O=C(NCCc1ccc(O)cc1)c1ccc(Cl)cc1;CN(C)c1cnc(C(=O)N2CCCC(N(C)C)C2)cn1;CC(=O)CCCCn1c(=O)c2c(ncn2C)n(C)c1=O
m_108fdb,COc1ccc2c(c1)C(n1cc(CN3CCNC(=O)C3)nn1)CCO2;Cc1cccc(C)c1OCC(=O)NCC(c1ccco1)N1CCCC1;COc1cccc(CCNS(=O)(=O)N2CCC(C(=O)O)CC2)c1;CCCCOc1ccc(NC(=O)NCc2cc(C3CC3)n(C)n2)cc1;CCCC(=NOCC)C1=C(O)CC(C2CCC[S+]([O-])C2)CC1=O;Cn1nc(C2CC2)cc1CNC(=O)C1CCCOC1c1ccccc1;COC(=O)c1ccccc1C(=O)N1CCC(n2cc(C3CC3)nn2)C1;CCC(=NOCC=CCl)C1=C(O)CC(C2CCOCC2)CC1=O;O=C(C=CCCCCC=Cc1ccc2c(c1)OCO2)N1CCCCC1;COC(=O)c1ccc(NC(=O)c2cc(N3CCCCC3)ncn2)cc1;COc1ccc(C2(C(=O)N3CCC(c4cnn(C)c4)C3)CCC2)cc1;CCn1nccc1C1OCCC1C(=O)N1CCN(CC(F)F)CC1;CCC(=NOCC=CCl)C1C(=O)CC(C2CCOCC2)CC1=O;CC(C)(C)c1noc(C2CC(=O)N(Cc3ccc4c(c3)OCO4)C2)n1;CN(C)CC(NC(=O)N1Cc2c(N)n[nH]c2C1(C)C)c1ccccc1;CC(C)c1ccccc1NC(=O)CN1CCC(Cc2cnn(C)c2)C1;Cn1nc(CN(C(=O)Cc2cccs2)C2CCCC2)cc1C1CC1;CC(=O)OC1CCN2CC=C(COC(=O)C(O)(C(C)C)C(C)O)C12;CC(C)n1cc2cc(C(=O)NCc3ccc4c(c3)OCO4)sc2c1;CCCCOc1ccc(NC(=O)NCc2cnn3c2CCCC3)cc1;Cn1nc(CN(C(=O)Cc2cccs2)C2CCCC2)c2c1CCC2;CCn1nnc2c(N3CCN(c4ccccc4OC)CC3)ncnc21;COc1cc2c(cc1O)CCN1Cc3c(ccc(OC)c3OC)CC21;COc1cc2c(cc1O)C1Cc3ccc(OC)c(OC)c3CN1CC2;CCC(C(=O)Nc1ccc(C)cc1)N1CCC(c2ccn(C)n2)CC1
m_12945e,Fc1ccc(COc2ccccc2C(=S)N2CCCC2)cc1;CCCS(=O)(=O)N1CCN=C1SCc1ccccc1F;Fc1ccc(Cn2nnc3c(N4CCOCC4)ncnc32)cc1;O=c1c2c3c(sc2ncn1Cc1ccc(F)cc1)CCCC3;Fc1cccc(Cn2cc(-c3noc(C4CCCC4)n3)nn2)c1;COC(=O)Cn1cnc2c(cnn2Cc2ccccc2F)c1=O;CCCOc1cccc2c1CCN(Cc1ccc(F)cc1)C2=O;Fc1ccc(CNc2ncnc3sc4c(c23)CCCC4)cc1;NC(=O)C1CCC(c2ccc(OCc3ccccc3F)cc2)N1;Fc1ccccc1COc1ccccc1CNc1nccs1;Cc1cc(F)ccc1S(=O)(=O)N1CCC(C)CC1C(=O)O;O=C(C(CO)c1ccccc1)N(Cc1ccccc1F)C1CC1;CCC1(O)CN(S(=O)(=O)c2cc(C(=O)O)cc(F)c2C)C1;Fc1ccc(-c2cn3cc(C(F)(F)F)cc(Cl)c3n2)cc1;COc1cc(C(=O)N2CCCC2Cc2ccc(F)cc2)ncn1;CC(=NNC(=O)c1ccoc1C)c1ccccc1OCC(N)=O;Cc1cnc(N(C)C2CCCN(Cc3ccccc3F)C2)nc1;Cc1n[nH]c(C)c1CC(=O)N1CCC(c2ccccc2F)CC1;Cn1ccc(CN2CCN(Cc3cccc(F)c3)CC2)cc1=O;Cc1cccnc1NC(=O)c1c[nH]c2c(Cl)cccc2c1=O;CCc1nc2c(NC(=O)NCc3ccc(F)cc3)cccn2n1;Fc1ccccc1COc1cccc(CNCC2CCCO2)c1;CC(=O)C1CCC2C3CCC4=CC(=O)CCC4(C)C3CCC12C;CC(CNC(=O)c1cccc2[nH]c(=O)oc12)c1cccc(F)c1;O=C(CSc1ccc(-c2ccccn2)nn1)N1CCCCC1
m_13152b,CC1C(=O)OCC2=CC[N+]3([O-])CCC(OC(=O)C(C)(O)C1(C)O)C23;COc1ccc(-n2cnc3nc4c(c(-c5ccccc5)c32)CCC4)cc1;CCOc1ccc(C2CCCN2C(=O)Cn2ccc(C(=O)O)n2)cc1;COc1cc2c(cc1O)CCN1Cc3c(ccc(OC)c3OC)CC21;COc1cc2c(cc1O)C1Cc3ccc(OC)c(OC)c3CN1CC2;Cc1cc(C)cc(OCCNC(=O)Cn2nc(C3CC3)ccc2=O)c1;Cc1ccc(-c2cc(C(=O)O)c3c(-c4ccc(C)cc4)[nH]nc3n2)cc1;COc1ccc2c(c1O)-c1c(OC)c(OC)cc3c1C(C2)N(C)CC3;CCOc1ccc(C(=O)NN=C(c2ccccc2)c2ccccn2)cc1;Cc1cc(C)cc(C(=O)Nc2ccc(-c3nc4ncccc4o3)cc2)c1;Cc1[nH]ncc1-c1cc2[nH]c(C3CC4CCN3CC4)nc(=O)c2s1;Cc1ccc(C(CNC(=O)c2cnn(C)c2C2CC2)N2CCCC2)o1;O=c1cccc2n1CC1CC2CN(c2nc3ccc(Cl)cc3o2)C1;Cc1noc(C)c1C(=O)N1CC(Oc2cc(C)n(C3CC3)c(=O)c2)C1;c1cc(NCc2ccc3c(c2)OCO3)cc(-c2nc3ccccc3[nH]2)c1;O=C1CCC2(O)C3Cc4ccc(O)c5c4C2(CCN3CC2CC2)C1O5;Cc1nc2n(n1)CC(NC(=O)Nc1cccc(OCC(C)C)c1)CC2;CCNc1cc(NCCNC(=O)c2ccc3c(c2)OCO3)nc(C)n1;CC(=O)c1c(O)c(C)c(O)c2c1OC1=CC(=O)C(=C(C)N)C(=O)C12C;CCOC(=O)c1cnc2ccc(Cl)cc2c1NCc1cccnc1;COc1ccc(CC(C)N=C(O)c2ccc3c(c2)OCO3)cc1OC;Cc1cc(N2CCCCC2)nc(NCCNS(=O)(=O)N(C)C)n1;CCn1nc(C)c(NC(=O)N2CCCN(S(C)(=O)=O)CC2)c1C;COc1cc2c3c(c1O)-c1c(ccc(OC)c1OC)CC3N(C)CC2;O=C(CCOC1OC(CO)C(O)C(O)C1O)c1ccc(O)cc1
m_134d4a,C=CC(=C)CCC1C(C)(O)CCC2C(C)(C)CCCC21C;O=C(NCC1(c2ccsc2)CC1)c1cccc2c1OCCO2;Cn1cccc(C(=O)NCc2cc(-c3ccoc3)cs2)c1=O;c1cc(-c2csc(N3CCOCC3)n2)cc(-n2cnnn2)c1;CCOC(=O)c1ccc(NS(=O)(=O)N2CCOCC2)cc1;Cc1cnn(CC2CN(C(=O)c3cccc4c3OCCO4)C2)c1;Clc1cccc(-c2nnc(-c3ccc4c(c3)OCCO4)o2)c1;CC(=CCOc1ccc2ccc(=O)oc2c1)CC=CC(C)(C)O;Cc1ccccc1NC(=O)NCc1cc(-c2ccoc2)cs1;CC(C)=CC(O)CC(C)=CCOc1ccc2ccc(=O)oc2c1;O=C(c1ccc(OC2CCCC2)nc1)N1CC(n2nccn2)C1;CC(O)(C(=O)O)C(O)COC(=O)C=Cc1ccc(O)c(O)c1;O=C(Cc1ccc(F)cc1)NCc1ccc(-c2cccs2)o1;CCOc1ccc(CNC(=O)c2cc3c(s2)CCCC3)cc1;CC(=O)C1=C(O)C(=O)N(C2CCCCC2)C1c1ccc(F)cc1;Cc1noc(C)c1C(=O)NCC(c1ccco1)c1cccs1;CCCOc1cccc(C(=O)Nc2ccc3c(c2)OCCO3)c1;COc1cc2c(cc1O)C1Cc3cc(O)c(O)cc3CN1CC2;Cc1noc(C2CC(O)C(CNC(=O)Cc3ccc(F)cc3)C2)n1;O=C(C=CCCc1ccc(O)cc1)CCc1ccc(O)cc1;OCC1OC(OCC=Cc2ccc(O)cc2)C(O)C(O)C1O;COc1cc2c(cc1O)C1Cc3cc(O)ccc3C(C)N1CC2;Cc1ccc(OCC(=O)NNC(=O)COc2ccccc2)cc1;O=C(NCCC(O)c1ccco1)c1cc(=O)c2ccccc2o1;O=C(Cc1cn2c(n1)CCCC2)NCc1ccc(C(=O)O)cc1
m_145679,CCC(C)C(N)C(=O)NC(Cc1c[nH]c2ccccc12)C(=O)O;C=CCCCCCCCCCC(=O)NC(C(=O)O)C(C)C;CN(C)CCCNCCCNC(=O)c1nc2ccccc2s1;CNC(=O)C1CN(S(=O)(=O)CC(C(C)C)C(C)C)CCO1;O=C1C(=Cc2cc(O)c(O)c(O)c2)Oc2cc(O)cc(O)c21;CCN(CC)CC(O)COc1ccccc1C1CC2CCC1C2;CN(C)CCCN1c2ccccc2Sc2ccc(Cl)cc21;CCn1cc(C(=O)O)c(=O)c2cc(F)c(N3CCNCC3)cc21;CC(C)CC(N)C(=O)NC(Cc1c[nH]c2ccccc12)C(=O)O;O=S(=O)(NCC1(N2CCOCC2)CCSCC1)C1CC1;COc1c(C)c(O)c(C)c(O)c1C(=O)CCc1ccccc1;CC(=O)N1CCN(c2cccc(C(=O)O)n2)CC12CCCCC2;CCCCCC=CC=CC(O)CCCCCCCC(=O)O;CC1CN(C(=O)c2ccccc2OC(F)F)c2cccnc2O1;CC(Oc1ccc(Cl)cc1Cl)C(=O)NN1CCOCC1;COc1cc(F)cc(CNC(=O)N2CCN(C3CC3)C(=O)C2)c1;CC1CC(C)CN(c2nnc(C3CCC3)n2CC(=O)N(C)C)C1;Cc1cc(F)ccc1C(O)Cn1cc(CN2CCCC2=O)nn1;CCOC(=O)C1=C(N)OC2=C(C(=O)CCC2)C1c1cccs1;CCCCCCC=CCCCCCCCc1cc(O)cc(O)c1;CN(C)CCCN1c2ccccc2CCc2ccccc21;CCOCC(=O)N(Cc1ccco1)Cc1nn(C)c2c1CCC2;Cc1ccc(C(C)C)c(OCC(=O)N2CCN(CCO)CC2)c1;C#CCN1CC(=O)N(COC(=O)C2C(C=C(C)C)C2(C)C)C1=O;CC(Oc1ccccc1)C(=O)Nc1nnc(CC(C)(C)C)s1
m_153108,O=C(NC1CCc2c(Cl)cccc21)N1CCCS(=O)(=O)CC1;CCCCC1CCC(CNC(=O)NCC2CCS(=O)(=O)C2)CC1;COc1ccc(CCC(=O)NCC(OC)c2cccc(OC)c2)cc1;CCCOc1ccc(CN2CCN(C(=O)c3cnccn3)CC2)cn1;COc1cccc(C(O)CNC(=O)NC(C)c2cccc(OC)c2)c1;COc1ccc(OC)c(CNC(=O)c2ccnc(N3CCCC3)n2)c1;O=C(Cc1cc(Cl)cc2c1OCC2)N1CCCC(c2ccn[nH]2)C1;Cc1nc(NC(=O)C2CCCN(CC(F)(F)F)C2)cc(C2CC2)n1;O=C(Nc1n[nH]c2ccc(F)cc12)C1CCOc2ccc(Cl)cc21;CCOc1ncccc1C(=O)Nc1c(C)nc2scc(C)n2c1=O;COc1cccc(N2CCN(C(=O)c3c[nH]c(=O)cc3OC)CC2)c1;Cc1cc(C)c(C(=O)N2CCC(O)(c3ccc(Cl)cc3)CC2)c(=O)[nH]1;CCOC(=O)c1c(C)c(C(=O)NC(C)c2ccccc2)c(C)n1CC;CCc1nc(C2CCN(C(=O)c3ccc(OC)nc3OC)CC2)n[nH]1;Cc1cc(=O)nc(-n2nc(-c3ccco3)cc2NC(=O)C(C)(C)C)[nH]1;Cc1ccccc1OCC(=O)NC1CC(=O)N(c2ccc(F)cc2)C1;COc1cc(OC)cc(N2CCCN(c3cc(C)nc(C)n3)CC2)c1;CC1=C2C(=NC(=O)C(C#N)C2c2cccc(Oc3ccccc3)c2)NN1;COC(=O)NC(=S)Nc1ccccc1NC(=S)NC(=O)OC;Cc1cc(N2CCC(NC(=O)c3cnc(N(C)C)cn3)C2=O)n(C)n1;CN(C)C(C(=O)N1CCCC(c2ccnc(N)n2)C1)c1cncn1C;Cc1cccnc1NC(=O)CC1CSc2nc(C(C)C)cc(=O)n21;Cc1cc(NC(=O)C2CCN(C3CC3)CC2)n(-c2ccccc2F)n1;CCOC(=O)c1ccc(NC(=O)N2CCC(c3cnn(C)c3)C2)cc1;O=S(=O)(c1cc(Cl)ccc1F)N1CCCC(c2ncc[nH]2)C1
m_156305,CC(=O)N1CCCC(C(=O)N2CCC(C)(C)S(=O)(=O)CC2)C1;CC(=O)N1CCC(C(=O)NCc2nccnc2-c2ccco2)CC1;CCCC(=O)N1CCCC(C(=O)N2CCCC2c2ccncc2)C1;CC(=O)N1CCC(C(=O)N2CC3(CC(c4ccccc4)C3)C2)CC1;O=C(O)C1CCCN(C(=O)CC(c2ccccc2)C(F)(F)F)C1;Fc1ccc(C2CCNCC2COc2ccc3c(c2)OCO3)cc1;CNC(=O)C1(c2nc(-c3ccc(NC(C)(C)C)cn3)no2)CCC1;O=C(NCc1ccc2c(c1)OCO2)N1CCC(n2nccn2)CC1;CCC(C)C(=O)N1CCCC(C(=O)NCc2ccnc(C#N)c2)C1;CC1=CC(C)(C)Nc2ccc(OC(=O)CN3C(=O)CCC3=O)cc21;CN(C)S(=O)(=O)Nc1cccc(OC(=O)N2CCCCC2)c1;CCCCOc1ccc(C(=O)NCc2ccc3c(c2)OCO3)cc1;CN(CCN1CCCC1=O)C(=O)CC1CC(=O)Nc2ccccc21;CCCc1nc(-c2noc(CC(C)c3ccccc3OC)n2)co1;O=C(Nc1ccccc1Br)c1ncnc2c1CCCC2;CCOC(=O)C1CCCN(C(=O)c2nnn(-c3ccccc3)n2)C1;CCOc1nccnc1N1CCC(N(C)C(=O)c2ccnn2C)C1;Cc1cc(N2CCC(NC(=O)C(C)Oc3ccccc3)CC2)n[nH]1;Cc1cc(=O)nc(N2CCC(NC(=O)Cc3cccs3)CC2)[nH]1;CCn1nc(C)c(CNCC2CCC(c3nc(C4CC4)n[nH]3)O2)n1;COc1ccccc1C(=O)N1CCN(Cc2c(C)noc2C)CC1;COc1ccc(C(=O)C=Cc2cc(OC)c(OC)cc2OC)cc1;Cc1ccccc1Cc1noc(C2CCN(C(=O)N(C)C)CC2)n1;CC(C)CCn1ccc2c(OCC(=O)Nc3ncc[nH]3)cccc21;Cc1cc(C)n(-c2ccc(C(=O)Nc3cn4cccnc4n3)cc2)n1
m_15dab4,O=C(Nc1cccc(-c2ccn[nH]2)c1)c1ccc(N2CCCC2)nc1;CC=C(C)C(=O)OC(C(O)c1cc2ccc(=O)oc2cc1OC)C(C)(C)O;Cc1cnccc1CCNC(=O)Nc1cccc(-c2n[nH]c3c2COCC3)c1;COc1cc(O)c(CC=C(C)C)c(O)c1C(=O)C=Cc1ccc(O)cc1;COc1cc(O)c(CC=C(C)C)c2c1C(=O)CC(c1ccc(O)cc1)O2;O=C(C=Cc1ccc(O)c(O)c1)OC1CC(O)(C(=O)O)CC(O)C1O;O=C(Nc1ccc(F)cc1)c1cccc(Oc2cccc(C(F)(F)F)c2)n1;COc1cc2ccc(=O)oc2cc1OC1OC(CO)C(O)C(O)C1O;Cc1cc2nc3c(=O)[nH]c(=O)nc-3n(CC(O)C(O)C(O)CO)c2cc1C;O=C(c1ccc2c(c1)OCO2)N1CCN(c2cc(-c3ccccc3)[nH]n2)CC1;O=C(C=Cc1ccc(O)c(O)c1)OC1C(O)CC(O)(C(=O)O)CC1O;CSC1(CO)C(=O)N(C)C(Cc2ccccc2)(SC)C(=O)N1C;CCC(Sc1nc2c(c(=O)n1-c1ccc(C)cc1)SCC2)C(=O)OC;Cc1c(-c2nn3c(-c4cccc(F)c4)nnc3s2)cnn1-c1ccccc1;COc1ccc(-c2cncc(C(=O)NCC3CCS(=O)(=O)CC3)c2)cc1;CCc1cccc2c(C3CCN(c4ncccc4C(=O)N(C)C)CC3)c[nH]c12;O=S(=O)(Cc1ccc(Br)cc1)NCCCN1CCOCC1;COc1cc2c(c(O)c1OC)OCC1c3cc(O)c(OC)c(OC)c3OC21;c1cc2c(cc1C1OCC3C(c4ccc5c(c4)OCO5)OCC13)OCO2;O=C(O)Cn1c(SCCOc2cccc3ccccc23)nc2ccccc21;CCOCCc1ccc(OCCN=c2[nH]cnc(CC)c2Cl)c(C)c1C;OCC1OC(OC2C(CO)OC(O)C(O)C2O)C(O)C(O)C1O;O=CC(O)C(O)C(O)C(O)COC1OC(CO)C(O)C(O)C1O;CC1C(O)CC2C(C(=O)O)=COC(OC3OC(CO)C(O)C(O)C3O)C21;CN(Cc1cc(=O)[nH]c2ccccc12)C(=O)c1ccc(-c2ccc(F)cc2)o1
m_163bfd,Cc1noc(C)c1CCC(=O)NCCn1cc(-c2ccco2)cn1;COc1cc(C=CC(=O)OC2CC3CCC2(C)C3(C)C)ccc1O;CCc1ccccc1C(=O)NC1CCN(C2CCN(C)C2=O)CC1;CN(C)C(=O)CCCOC(=O)C(C)(C)Oc1ccc(Cl)cc1;CN(C(=O)CCc1cccc(Cl)c1)C1CN(c2ccccn2)C1;CC(=O)N1CCN(S(=O)(=O)c2ccc(C)cc2)c2ccccc21;Cc1ccc(C)c(C(=O)NCC2(c3ccsc3)CCOCC2)c1;COc1ccc(-c2cn(CC(=O)NC3CCCCCC3)nn2)cn1;O=C(NCCc1nnc(-c2ccccc2)o1)c1ccc(F)c(F)c1;O=C(NCc1ccccc1-c1ccsc1)c1cccc(Cl)c1;OCC=Cc1ccc(OC2OC(CO)C(O)C(O)C2O)cc1;Cc1cc(COCC(=O)N2c3ccccc3N(C)CCC2C)no1;O=C(c1cc(Oc2ccccc2)ccn1)N1CCOCC1CCO;COc1cc(=O)n(C)cc1C(=O)N(C)C1CN(c2ccccn2)C1;CCc1cccnc1C(=O)N1CCNCC1c1cccc(Cl)c1;CN1CCc2cc(Cl)c(O)cc2C(c2cccc3c2OCC3)C1;COCCC1(c2nc(C3CCOc4ccccc43)no2)CCCC1;C=CCCCCCCCCCC(=O)NC(CCSC)C(=O)O;CC(=O)Nc1ccc(S(=O)(=O)N2CCc3ccccc3C2)cc1;Oc1cc(O)c2c(c1)OC(c1cc(O)c(O)c(O)c1)C(O)C2;C=CCCCCCCCCCCC(=O)NC(CC(N)=O)C(=O)O;Cc1cc(C)c(C)c(S(=O)(=O)Nc2ccn3nccc3c2)c1C;COc1cc(C=CC(=O)NCC(O)c2ccc(O)cc2)ccc1O;O=C(Cc1cccc(F)c1)NC1CCC(=O)NC1c1ccccc1;NC(=O)CC(NC(=O)c1ccc(-c2ccccc2)c(F)c1)C(=O)O
m_163da0,Cc1cc(C)n(C(CNC(=O)c2cc(C)oc2C)c2cccs2)n1;Cc1cc(C(=O)N2CCN(c3ncnc4ccsc34)CC2)c(C)o1;COc1cc(C2c3cc(OC)c(O)cc3C(=O)C(C)C2C)ccc1O;c1csc(-c2nn3c(C4COc5ccccc5O4)nnc3s2)c1;CNc1cc(-c2csc(N(C)C(=O)c3ccc(F)cc3)n2)ncn1;Cc1nn(C)cc1C(=O)NCCc1nc(-c2ccc(Cl)cc2)n[nH]1;CCc1c(C)ncnc1N1CCN(c2ncc(C#N)cc2Cl)CC1;CC1CC2(O)OC(=O)C3=C2C(CCC3)C12CC(c1ccoc1)OC2=O;COc1ccc2c(c1)OC1COc3cc(OC)c(OC)cc3C1C2=O;Cc1nc2ncnn2c(N2CCC(COc3ccc(F)cn3)C2)c1C;CN1C(=O)C(C)(C)COc2cc(NC(=O)c3cccc(F)c3)ccc21;Cc1c(Cl)cccc1NC(=O)Cc1cc(-c2ccc(F)cc2)on1;O=C(NN=Cc1ccc(Sc2ccccn2)o1)c1cccc(F)c1;c1ccc2c(c1)OCC(c1nn3c(C4CCCCC4)nnc3s1)O2;CCC1CN2CCC1CC2C(O)c1ccnc2ccc(OC)cc12;COc1cc(C2OC(c3ccc(O)c(OC)c3)C(C)C2C)ccc1O;CCc1noc2nc(C)n(CC(=O)NCCC3=CCCCC3)c(=O)c12;CCN(CC)CCNS(=O)(=O)c1c(C)c(C)cc2nsnc12;COC(=O)NC(=S)Nc1ccccc1NC(=S)NC(=O)OC;Cc1sc(NC(=O)c2ccccc2)c(C(=O)N2CCOCC2)c1C;O=C(CN1C(=O)CCC1=O)N1CCN(c2ncnc3[nH]ccc23)CC1;CC(C)COc1ccc(C(=O)NC(=S)NCc2cccnc2)cc1;Cc1cnn(C2CC3CCC(C2)N3C(=O)Cn2cnc(C)cc2=O)c1;COc1cc(C(=O)NC2CN(c3cnccn3)C2)cc(OC)c1OC;CCC(C)Oc1ccc(OCCSc2nc3ccccc3[nH]2)cc1
m_1700bc,COc1ccc(Cn2ccc(NC(=O)N3CCOC(C)C3)n2)cc1;Cc1ccc(OCCCC(=O)Nc2nnc(C(C)C)s2)c(C)c1;COc1ccc(C2(CNC(C)c3nnnn3C)CCCCC2)cc1;COc1cccc(CNC(=O)c2cc(N3CCOCC3)ncn2)c1;CCOc1ccc(C(=O)N2CCOC(c3cccc(F)c3)C2)cc1;Cc1ccc(NS(=O)(=O)c2cc3c(=O)n(C)ncn3c2)cc1C;CCc1ccc(OCCS(=O)(=O)Nc2cccc(C)c2C)cc1;COc1ccc(C2SCC(=O)N2Cc2cccc(OC)c2)cc1;COc1ccc(CC(C)NCC(O)c2cc(N)cc(CO)c2)cc1;CC(C)(C)C(O)C(Cc1ccc(Cl)cc1)n1cncn1;COc1ccc(C2CCCCN(C(=O)Cc3ccsc3)C2)cc1;Fc1ccc(C2(Cn3cncn3)OC2c2ccccc2Cl)cc1;COc1ccc(CN=C(O)CSc2ncnc3[nH]cnc23)cc1;CN(C(=O)c1ccc(NC(=O)c2ccncc2)cc1)c1ccccc1;COc1ccc(CNc2nc(Cl)nc3c2ncn3C(C)C)cc1;CC(C)CC1C(=O)NCCN1C(=O)c1ccc(OCC2CC2)cc1;COc1ccccc1CN=C(O)c1cc(OC)c(OC)c(OC)c1;C=CCCCCCCCCCCC(=O)Nc1ccc(C(=O)O)cc1;CN1C(C(=O)Nc2ccccn2)=C(O)c2ccccc2S1(=O)=O;CC(Oc1ccccc1)C(=O)NCc1nnnn1C1CCCCC1;CN(C)S(=O)(=O)N(SC(F)(Cl)Cl)c1ccccc1;CCCCOc1ccccc1C(=O)Nc1onc2c1CC(C)CC2;CCOP(=O)(NC(C)C)Oc1ccccc1C(=O)OC(C)C;COc1ccccc1CC(=O)Nc1ccc2c(c1)Cc1ccccc1-2;CCCCCCCCCCC=CC(=O)NCCc1ccc(O)cc1
m_1712db,O=C(NC1CCOC2(CCOCC2)C1)c1cncc(O)c1;CC(=O)c1cc(C)c(O)c(Cc2c(O)oc(C)c2O)c1O;CC(=O)c1cc(C)c(O)c(CC2=C(O)C(C)OC2=O)c1O;COc1ccc(C(=O)Nc2cccc(Cl)c2)cc1OC;Cc1cn2c(CN(C)C(=O)c3cn[nH]c3)c(C)nc2s1;COc1ccc(OC)c(C(=O)NC2CN3CCC2CC3)c1;CC(C)Oc1ccc(C(=O)NCC(C)N(C)C2CC2)cn1;CCC(CC)(CNC(=O)c1nc2ncccn2n1)C(=O)O;COc1ccc(C(O)=Nc2cnn(C(C)C)c2)cc1OC;COc1cccc(CCNC(=O)C2CC3OCCC3N2)c1;CC1(O)CCCC2(C)C1CCC13CC(CO)C(CCC12)C3;C=CC1CN2CCC1CC2C(O)c1ccnc2ccccc12;C=CC(=C)CCC1C(C)(O)CCC2C(C)(C)CCCC21C;COc1cc(C(C)=CC(C)CCCC(=O)O)oc(=O)c1C;COc1c(-c2ccccc2)oc2c(ccc3ccoc32)c1=O;CC12CCC3C(CCC4CC(=O)CCC43C)C1CCC2O;O=c1c(O)c(-c2ccccc2)oc2cc(O)cc(O)c12;Cc1nccc2c1[nH]c1cc(O)ccc12;CC12CCC3C(CCC4CC(O)CCC43C)C1CCC2=O;CNCCCC(C#N)(c1ccc(OC)c(OC)c1)C(C)C;C=CC(C1=CC(=O)C(OC)=CC1=O)c1ccc(O)cc1;Cc1cc(C(=O)NCC(C)(O)C(=O)O)c2c(C)noc2n1;CC=CC(O)C1OC(=O)CC1Nc1ccc(C(=O)O)cc1;CC(C)(O)C1C2OC(=O)C1C1(O)CC3OC34C(=O)OC2C14C;COc1c(C(=O)CC(=O)c2ccccc2)ccc2occc12
m_1777b7,Cn1c(=O)c2c(NCCc3c[nH]c4ccccc34)ccnc2n(C)c1=O;O=C(NC1CC(c2cccc(Cl)c2)C1)c1cc2ccccc2c(=O)[nH]1;Cc1onc(-c2ccccc2)c1C(=O)N1c2ccc(F)cc2CCC1C;CN1C(=O)COc2c(C(=O)NC3CN4CCC3CC4)cc(Cl)cc21;CC(C)CC(NC(=O)c1c[nH]c2ccccc12)c1nnc2ccccn12;COc1cc(C2c3cc(O)c(OC)cc3CC(C)C2C)ccc1O;C=C1CC(=CC)C(=O)OC2CC[N+]3([O-])CC=C(COC(=O)C1(C)O)C23;CC(C)(O)CN1CCN(C(=O)c2ccccc2N2CCOCC2)CC1;COc1cc(-c2cc(=NCC3CCCO3)c3ccccc3o2)ccc1O;COc1cccc(C(=O)NCC2Cc3ccccc3CO2)c1OC;CC=C1CC2(CO)OC2(C)C(=O)OCC2=CCN3CCC(OC1=O)C23;COc1ccc2[nH]cc(CC(=O)N3CCC(CS(C)(=O)=O)C3)c2c1;CCOc1nccnc1N1CCC(NS(=O)(=O)c2cccnc2)C1;CCn1cnc2c(N3CCN(c4nc5ccccc5o4)CC3)ncnc21;Cc1cc(N2CCC(NC(=O)c3cc4ccccc4o3)CC2)nc(C)n1;O=c1cccc2n1CC1CC2CN(c2nc(-c3ccccc3)cs2)C1;CCc1cc(N2CCN(c3nc4ccccc4o3)CC2)nc(C2CC2)n1;Cc1ccc(C(C)C)c(OCc2nnc3n2CCS(=O)(=O)CC3)c1;CC1CC(C)CN(c2cnn(Cc3ccc(F)cc3)c(=O)c2Cl)C1;Cc1ccc(C(O)=NCCc2c(C)[nH]c3c(C)cccc23)cc1[N+](=O)[O-];CCn1cc(C(=O)NCC2(C(O)c3ccccc3)CC2)c2ccccc21;Cn1nccc1-c1ccc(CNC(=O)c2ccccc2C(F)(F)F)o1;Cc1nc2ccccc2c(=O)n1-c1cccc(NC(=O)CC(C)(C)C)c1;CCCCS(=O)(=O)N1CCN(c2ccc(-n3cccc3)nn2)CC1;Cc1cc(Nc2ccncc2)n2nc(C)c(-c3ccccc3Cl)c2n1
m_1813a1,COc1ccc(CC2COc3c(C)c(O)c(C)c(O)c3C2=O)cc1;Fc1ccc(C2(Cn3cncn3)OC2c2ccccc2Cl)cc1;COc1ccc(CNC(=O)Cn2nc(C(F)(F)F)cc2C)cc1;COc1ccc(Cn2cc(CNC(=O)c3cccs3)nn2)cc1;COc1ccc(Cn2ccc(NC(=O)N3CCOC(C)C3)n2)cc1;CCOC(=O)c1c[nH]c2c(cnn2Cc2ccc(OC)cc2)c1=O;COc1ccc(C2CCCCN(C(=O)Cc3ccsc3)C2)cc1;Cc1cnc(OCC2CCCN(Cc3nnc4n3CCC4)C2)nc1;COc1ccccc1CNC(=O)Cc1cc(-c2cccs2)on1;Cc1ccc(C)c(OCC(=O)NNC(=S)Nc2ccccc2)c1;Cc1ccc(OC2CCN(C(=O)c3cc(C4CC4)on3)CC2)nn1;COc1ccc(CC(C)(O)CNc2ncnc3c2ncn3C)cc1;COc1cccc(CNC(=O)c2cc(N3CCOCC3)ncn2)c1;OC(CCCN1CCN(c2ccccn2)CC1)c1ccc(F)cc1;COc1ccccc1CC(=O)Nc1cnn(CC2CCOCC2)c1;COc1ccc(C2(CNC(C)c3nnnn3C)CCCCC2)cc1;Cc1nc(-n2cccc2)sc1C(=O)NC1CCn2nccc2C1;CC(Oc1ccccc1)C(=O)NCc1nnnn1C1CCCCC1;COc1ccc(CC2c3cc(OC)c(OC)cc3CCN2C)cc1;CCOc1ccc(NC(=O)NC2CCc3[nH]ncc3C2)cc1OC;O=C(Nc1ccccc1NC(=O)C1CCCCC1)C1CCCCC1;Cc1c(C2CCN(C(=O)C(C)Oc3ccccc3)CC2)noc1N;COc1ccc(C2SCC(=O)N2Cc2cccc(OC)c2)cc1;COc1ccc(CN2CCN(Cc3ccncc3)CC2)c(OC)c1;CC(O)(CNC(=O)c1ccccc1C(F)(F)F)Cc1ccco1
m_18f297,CC(=O)C1(O)CCC2C3CCC4=CC(=O)CCC4(C)C3CCC21C;CC(C)(O)c1ccc2c(c1)C(O)CC1C(C)(C(=O)O)CCCC21C;CCCCCCSc1nnc2c(n1)OC(C)Nc1ccccc1-2;CC(=O)C1(O)CCC2C3CC=C4CC(=O)CCC4(C)C3CCC21C;CNC(=C[N+](=O)[O-])NCC[S+]([O-])Cc1ccc(CN(C)C)o1;CCOC(=O)N1CCN(c2nccnc2-n2nc(C)cc2C)CC1;Cc1nc2ccccc2nc1N1CC2CN(c3ccccc3)CC2C1;Cc1ccccc1Nc1nc(Nc2ccccc2)nc2c1cnn2C;CC12CCC(=O)C=C1CCC1C2CCC2(C)C(C(=O)CO)CCC12;Cc1nc(C(F)F)cc(N2CCN(c3ncccc3C#N)CC2)n1;O=C(NCC(CO)Cc1cccnc1)C1Cc2cc(F)ccc2O1;C=C1CCC2C(C)(CO)C(O)CCC2(C)C1C=CC1=CCOC1=O;CCC(C)(CC)c1cc(NC(=O)c2c(OC)cccc2OC)on1;O=C(CCc1ccccc1)Nc1cccc(N2CCCC2=O)c1;Cc1cc(F)cnc1C(=O)NCc1ccnc(N2CCOCC2)c1;CCOc1nccnc1N1CCC(N(C)C(=O)c2ccnn2C)C1;c1cnc2nc(C3CCN(c4nccn5nccc45)CC3)ccc2c1;CC(O)=NC(=Cc1ccccc1)C(O)=Nc1cc(C)ccc1C;CC(=O)C1=C(O)C(=O)N(CCN2CCOCC2)C1c1ccccc1;CCCn1c(NC(=O)c2ccc3ccccc3n2)nc2ccccc21;Oc1ccc(CCC(O)CC(O)CCc2ccc(O)c(O)c2)cc1;CCn1nc(NC(=O)c2ccc(C)cc2)c2cc3ccccc3nc21;Cc1ncnc(N2CC3CN(C(=O)C4CCOCC4)CC3C2)c1C;C=C(C)C(=O)OC1C2C(=C)C(=O)OC2CC(C)C2C=CC(=O)C21C;C=C(C)C(=O)OC1C2C(=C)C(=O)OC2CC(C)C2=CCC(=O)C21C
m_1a0749,O=C(O)Cc1nn(Cc2ccc(Br)cc2F)c(=O)c2ccccc12;CC(=O)Nc1ccc(C(=O)NCCCN2CCOCC2)c(N2CCCCC2)c1;O=C(Nc1ccc2c(c1)N(C(=O)C1CC1)CCC2)c1ccc(Br)o1;O=C(O)C=Cc1ccc2occc2c1OC1OC(CO)C(O)C(O)C1O;O=C(NCCc1nc(-c2ccc3c(c2)OCO3)n[nH]1)c1ccc(F)c(Cl)c1;COc1cc(NC(=O)c2cccc(Br)c2)ccc1N1CCCC1=O;Cc1nc(-c2nnn(C)c2CO)ccc1OC1CCCC(C(=O)OC(C)C)C1;COc1cc2nc(N(C)CCCNC(=O)C3CCCO3)nc(N)c2cc1OC;CC(CCC(=O)O)C1CCC2C3C(O)CC4=CC(=O)CCC4(C)C3CCC12C;COc1ccc(-n2nnc(C(=O)NCc3ccnc(-n4ccnc4)c3)c2C)cc1;CC(C)C(NC(=O)N1CC(=O)Nc2ccccc21)C(=O)N1CCCC1C(=O)O;Cc1[nH]c2c(C)ccc(F)c2c1CCNC(=O)c1ccc(Br)cc1;O=S(=O)(CCc1ccccc1)N1CCCc2cnc(N3CCOCC3)nc21;CC(=O)N1CCc2cc(NC(=O)Nc3cccc4ccccc34)ccc21;CC(CCC(=O)O)C1CCC2C3C(O)C=C4CC(=O)CCC4(C)C3CCC12C;CN(C(=O)c1cncc(Br)c1)C1CN(c2cc3c(nn2)CCC3)C1;COc1cc(C)c(C(=O)Oc2cc(C)c(C(=O)O)c(O)c2C)c(O)c1C(=O)O;COC(=O)N(OC)c1ccccc1COc1ccn(-c2ccc(Cl)cc2)n1;COC(=O)C=CC=CC(=O)OC1C=C2COC(=O)C2(O)C2(C)CCCC(C)(C)C12;O=C(Nc1ccc2nc(N3CCOCC3)[nH]c2c1)c1cn[nH]c1-c1ccccc1;CC(C)=CCCC(C)=CCCC(C)=CCOc1ccc2ccc(=O)oc2c1;CC(C)CCCCCCCCCC(O)CC(=O)N1CCCC1c1cccnc1;O=C(NCc1ccccn1)c1ccc(COc2cc(Cl)ccc2Cl)cc1;COc1ccc2c3c([nH]c2c1)C1CC2C(CC(O)C(OC)C2CO)CN1CC3;COc1cc(C2N=C(O)CCC2[N+](=O)[O-])c(Br)c(OC)c1OC
m_1a8b29,O=C(CCCCCCC(=O)Nc1cccnc1)NO;CC(N)C1CCC(C(=O)N=c2cc[nH]cc2)CC1;O=C(O)C1=NN(Cc2ccc(F)cc2)C(=O)CC1;COc1ccc2[nH]cc(CCNC(C)=O)c2c1;O=C(O)C1CCN(C(=O)c2ccc(F)cc2)CC1;C=C1CCCC2(C)CC3(O)OC(=O)C(C)=C3CC12;C=C1C(=O)CC2C3CCC(C(=O)O)C12CC3(C)C;O=C(O)C1CCCN(C(=O)c2ccccc2F)C1;C=C1C(=O)C2OC23CC2CC(C)(C)C(O)C2C13C;CCCCCc1cc2cc(O)cc(O)c2c(=O)o1;Cc1ccc(C)c(OCCCC(C)(C)C(=O)O)c1;C=C(C(=O)O)C1CCC(C)C2CC(=O)C(C)=C2C1;CCCCCCCCOC(=O)c1ccc(O)cc1;Cc1cc(C)c(C(=O)N2CCC(C)(C(=O)O)C2)o1;CCCCC(CC)COC(=O)c1ccc(O)cc1;C=C1C(=O)OC2C1CCC1(C)C(O)CCC(=C)C21;Cn1nc(C(F)(F)F)c2cc(C(=O)O)sc21;C=C1C(=O)OC2C1CCC(C)=CCCC1(C)OC21;CC(=CC1CCC(C)C2C1=C(C)CC2O)C(=O)O;Cc1cc(C(=O)N2CCCCC2C(=O)O)n(C)n1;CC(C)c1c(C(=O)O)cnn1-c1ccc(F)cc1;O=C1CCCC2C3CCCN4CCCC(CN12)C34;C=C(C(=O)O)C1CC2=C(C)CCCC2(C)CC1O;Nc1ccc(S(=O)(=O)Nc2ccccn2)cc1;Oc1ccc2ccccc2c1N=Nc1ccccc1
m_1b1573,c1ccc2nc(CNCc3ccc4ccccc4n3)ccc2c1;CC1=C(C(=O)OC(C)C)C(c2cccnc2)n2nnnc2N1;Cc1ncc(-c2ccc(NC(=O)CCC3CCNC3)cc2)o1;COCC(C)N(C(=O)CCl)c1c(C)cccc1C(C)=O;CN(Cc1cc(-c2ccccc2)n[nH]1)C(=O)C1(O)CCCC1;CC(C)(C)c1cnc(NC(=O)NC2CC(O)C2(C)C)s1;CC1(NC(=O)Cc2cnn(-c3ccccc3)c2)CCOCC1;O=C1C=C2CC3(O)COc4c(ccc(O)c4O)C3=C2C=C1O;CC(C)CC1NC(=O)C2CC3(O)c4ccccc4NC3N2C1=O;O=C1c2ccccc2-c2c3c(cc4ccnc1c24)OCO3;CCC(=O)NCc1cccc(-n2cc(C3CCCC3)nn2)c1;COc1cc2c3c(c1OC)C1(C=CC(=O)C=C1)CC3NCC2;O=C1OCCN1C1CCN(c2cc(=O)n3ccccc3n2)C1;O=C(Cc1cccs1)NCCC(O)c1cc2ccccc2o1;Cc1ccccc1-n1cc(C(=O)NCC2CCCOC2)cn1;C#CC1(O)CCC2C3CCC4=C(CCC(=O)C4)C3CCC21C;COc1ccc2nccc(C(=O)NCC3CCOCC3)c2c1;CC12C=CC(=O)C=C1C(O)CC1C2CCC2(C)C1CCC2(C)O;CC(C)CC(C)NC1=CC(=O)C(Nc2ccccc2)=CC1=O;CCCCC(NC(=O)CCc1c[nH]c2ccccc12)C(=O)O;O=C(O)C1CCCCN1Cc1cn(Cc2ccccc2)nn1;COCC1(O)CCN(C(=O)c2cccc3cnccc23)CC1;C#CC1(O)CCC2C3CCC4=CC(=O)CCC4C3CCC21C;C#CC1(O)CCC2C3CC=C4CC(=O)CCC4C3CCC21C;CCCCN(NC(C)=O)c1nc(Cl)nc(NC(C)C)n1
m_1b27e6,Cc1cc(NC(=O)C(Cc2ccccc2)NC(=O)c2cccc(F)c2)no1;O=C(Nc1ccc2c(=O)c3cccc(Cl)c3oc2c1)c1cccc(F)c1;Cc1cc(NC(=O)C(Cc2ccccc2)NC(=O)c2ccccc2F)no1;CC1(C)OB(O)c2cc(NC(=O)c3ccc(F)cc3C(F)(F)F)ccc21;Cc1cc(NC(=O)C(Cc2ccccc2)NC(=O)c2ccc(F)cc2)no1;Cc1ccc(C(CNc2oc(C(C)(C)C)nc2C#N)N2CCOCC2)cc1;Cc1cccc(-n2nc3c(c2NC(=O)Cc2cccs2)CSC3)c1C;Cc1[nH]c2ccc(F)cc2c1-c1nc2c3cccnc3c3ncccc3c2[nH]1;Cc1ccc(-c2csc(NC(=O)c3ccc4c(c3)OCCO4)n2)c(C)c1;O=C(OCC12OC1C=CC(OC(=O)c1ccccc1)C2O)c1ccccc1;CC(=O)OC(CCCCCCCCCC(C)O)Cc1cc(O)cc(O)c1;COc1ccc(-c2nc(C(F)(F)F)sc2-c2ccc(OC)cc2)cc1;Cc1nn(CC(=O)NC2CCOc3ccc(F)cc32)cc1-c1ccccc1;O=C1Nc2ccc(O)cc2OC1OC1OC(CO)C(O)C(O)C1O;O=C(CSc1ccc(-c2ccc3c(c2)OCO3)nn1)c1ccc(F)cc1;CC1=CCC2C(C)(C)C(O)CCC2(C)C1COc1ccc2ccc(=O)oc2c1;COc1ccc(C(=O)Oc2cccc(NC(=O)c3ccco3)c2)cc1OC;O=CC(O)C(O)C(O)C(O)COC1OC(CO)C(O)C(O)C1O;CCc1c(C(=O)NNC(=O)C(O)c2cc(F)cc(F)c2)ccc(O)c1C;Cc1c(NC(=O)CNC(=O)C2CCCCC2)c(=O)n(-c2ccccc2)n1C;CC(C)=CCCC(C)=CCCC(C)=CCOc1ccc2ccc(=O)oc2c1;CC1=C(C(=O)OCC2CCCO2)C2(O)C(=O)c3ccccc3C2(O)N1;O=C(C=Cc1ccc(O)c(O)c1)NC(Cc1c[nH]c2ccccc12)C(=O)O;Cc1noc(C)c1S(=O)(=O)NC(=O)C1CC(=O)N(C2CCCCC2)C1;CC1(C)SC2C(NC(=O)C(N)c3ccc(O)cc3)C(=O)N2C1C(=O)O
m_1beae5,Cc1ccc(C(O)CNC(=O)C2(c3ccccc3)CCOCC2)o1;O=C(N1CC(n2nccn2)C1)C1(c2ccccc2)CCOCC1;COc1ccc(C(C)=NN2CCN(c3ccccc3)CC2)cc1;CC(C)Cc1ccc(C(C)C(=O)NC(C)c2ccccc2)cc1;CC(C)(C)c1ccc(C(=O)N2CC(Oc3ccncc3)C2)cc1;CC(C)Cc1ccc(C(C)C(=O)NCCc2ccccn2)cc1;Cc1sc2nc(-c3ccc(C(C)(C)C)cc3)oc(=O)c2c1C;Nc1cc(S(=O)(=O)N2CCOCC2)ccc1N1CCCC1;COc1ccc(C(=O)CC(=O)c2ccc(C(C)(C)C)cc2)cc1;COc1cc(CO)ccc1OCC(=O)N1CCc2ccccc21;CC12CCC3=C4CCC(=O)C=C4CCC3C1CCC2(O)CC#N;CC(=CC=CC(C)C(=O)O)C1CNC(C(=O)O)C1CC(=O)O;COc1ccc(-c2nnc3n2C(C)(C)Cc2cc(C)c(C)cc2-3)cc1;CC(C)(C)c1ccc(C(=O)N2CC(Nc3ccncn3)C2)cc1;COc1cc(C(=O)OCCCCNC(=N)N)cc(OC)c1O;CNC(=O)C(OC)c1ccccc1COc1cc(C)ccc1C;Cc1ccccc1C(=O)NCCc1ccc(-c2ccoc2)s1;Cc1ccc(C(=O)NCCCNC(=O)Cc2ccccc2)cn1;COc1ccnc(N2CCN(c3cc(C4CC4)ncn3)CC2)n1;COc1ccc(C2CCCN2C(=O)Nc2ccnc(C)n2)cc1;CC(C)CN1C(=O)CC(N2CCN(c3ccc(F)cc3)CC2)C1=O;O=C(CCc1ccccc1)N1CCC(Nc2ccncn2)CC1;CCC(C)NS(=O)(=O)c1c(C)[nH]c(C)c1-c1nnc(C)o1;CC12CC=C3C4=C(CCC3C1CCC2(O)CC#N)CC(=O)CC4;Cc1ccccc1C(=O)NCC(C)NC(=O)c1ccccc1C
m_1d7bdd,O=C(O)C1C(O)CCC2CN3CCc4c([nH]c5ccccc45)C3CC21;CC1CN(C(=O)NCc2cccc(NS(C)(=O)=O)c2)CCCO1;CCCNCC(O)COc1ccccc1C(=O)CCc1ccccc1;CCCCC=CCCCCCCCC(=O)NC(CCCN)C(=O)O;C=CCCCCCCCCCC(=O)NCCc1c[nH]c2ccccc12;Cn1cc(CC(=O)N2CC(Cn3cc(Cl)cn3)C2)c2ccccc21;N#Cc1cn(CC(O)=NCCc2c[nH]c3ccccc23)c2ccccc12;Cc1ccc2cc(C(=O)N3CC(C)OC4(CCOCC4)C3)ccc2n1;O=C(O)C1CCCN1C(=O)CCCCC(=O)N1CCCC1C(=O)O;Cc1ccc2c(c1)C(OC1CCN(C)CC1)c1ccccc1CS2;CCCCC=CCCCCCCCC(=O)NCCc1ncc[nH]1;Cc1ccc2[nH]cc(CCC(=O)N3CCN4C(=O)NC(=O)C4C3)c2c1;Cc1cc(C)c(C)c(S(=O)(=O)Nc2cnc3ccccc3c2)c1C;CCCCCCCCCC(O)CC(=O)NC(CCCC(=O)O)C(=O)O;COC(=O)C1=C(C)NC(=S)NC1c1ccc(OC)c2ccccc12;COc1cc(CCc2ccccc2)c(C(=O)O)c(O)c1CC=C(C)C;Cc1nnc(N2CC(NC(=O)Cc3cn(C)c4ccccc34)C2)s1;Cc1ccc(-n2cccc2CC(=O)NCCCN2CCCCC2)cc1;CCCCCCCC=CC=CC(=O)NC(CCCC(=O)O)C(=O)O;O=[N+]([O-])c1ccc(COC(O)=NCCc2c[nH]c3ccccc23)cc1;CCC(C)C(N)C(=O)N1CCCC1C(=O)NC(C(=O)O)C(C)CC;CC=C1CN2CCC34c5ccccc5N(C(C)=O)C3C(CO)C1CC24;CCCCCCCCCCCC(O)CC(=O)N1CCCC1C(=O)O;Cc1cc2cc(CNC(=O)c3ccc(Br)cc3)ccc2[nH]1;Clc1cccc(CN=C2Nc3ccccc3NC23CCNCC3)c1
m_1de28b,COc1ccc(C(=O)OC2CC3CCC(C2)N3C)cc1OC;Cc1cc(C(=O)N2CCN(CC(O)c3ccco3)CC2)no1;Cn1nc2c(c1NC(=O)CSc1ccc(F)cc1)CCC2;Cn1nccc1C1(O)CN(C(=O)CCCC2CCCCC2)C1;COc1cc(OC)c(C(=O)CCCN2CCCC2)c(OC)c1;CCC=CCC=CCC=CCCCCCCCC(=O)OCC;Cc1cnc(C)c(N2CC(c3nc(-c4ccccc4)no3)C2)n1;C=CC(C)(O)CCC1C(C)=CC(=O)C2C(C)(C)CCCC12C;CCCCC=CC=CC=CCCCCCCCC(=O)OCC;CC1CCCC(O)CCCCCc2cc(O)cc(O)c2C(=O)O1;CC(CCC1C(C)(O)CCC2C(C)(C)CCCC21C)CC(=O)O;CCCCCC=CCC=CCC=CCC=CCCCC(=O)O;CCCCCC=CCC=CCC=CCCCCCCC(=O)O;CCn1cc(C=NNS(=O)(=O)c2ccc(C)cc2)c(C)n1;CC(=CCc1c(O)c(C)c2c(c1O)C(=O)OC2)CCC(=O)O;CCCCCC(O)C=CC=CCCCCCCCCCC(=O)O;CCC=CCC=CCC=CCC=CCCCCC(=O)OCC;CCCCCCCCC=CCC=CCC=CCCCC(=O)O;CCc1[nH]c(=O)c(C(=O)NC2(CCO)CCOCC2)cc1C;CCCCCC(O)C=CC=CCC=CCCCCCCC(=O)O;CCCCCCCC(=O)NC(Cc1ccc(O)cc1)C(=O)O;CC1=CCC2(CC1O)C(C)CCC2C(C)CCC=C(CO)CO;CCOc1ccc(NC(=O)C(C)Sc2nnnn2C)cc1;CCNc1cc(C)nc(N2CCN(C(=O)CC(C)C)CC2)n1;c1ccc(OCCN2CCN(c3nc4ccccc4o3)CC2)cc1
m_1f86e6,COc1cc(C(=O)Oc2ccc3c(OC)c4ccoc4nc3c2OC)cc(OC)c1OC;CCc1nnc2sc(-c3ccc(NC(=O)c4cc(OC)c(OC)c(OC)c4)cc3)nn12;COc1cc(C(=O)Nc2ccc(-c3nn4c(C)nnc4s3)cc2C)cc(OC)c1OC;COc1cc(C(=O)Nc2ccc(Cl)c(-c3nc4ncccc4o3)c2)cc(OC)c1OC;Cc1nc(-c2cc(S(=O)(=O)NCC(=O)NCc3ccccc3Cl)c(C)s2)no1;CCOC(=O)N1CCC(CN(Cc2ccc(Cl)cc2)Cc2ccc([N+](=O)[O-])s2)C1;COC(=O)C1=COC(OC2OC(CO)C(O)C(O)C2O)C2C(C)OC(OC)CC12;O=C(OC1Cc2c(O)cc(O)cc2OC1c1ccc(O)c(O)c1)c1cc(O)c(O)c(O)c1;O=C(Cc1c[nH]c2ccccc12)N1CCN(S(=O)(=O)c2cccc3nsnc23)CC1;O=C(CNC(=O)c1cccc(C(F)(F)F)c1)NC1CCN(Cc2ccc(Cl)cc2)C1;COc1cc(C(=O)NCC(c2cccs2)N2CCc3ccccc32)cc(OC)c1OC;CC1OC(OC23C(=Cc4c(Cl)cc(CC#N)cc42)C=CC3O)C(O)C(=O)C1(C)O;COc1cc(C(=O)N2CC3CN(c4ncnc5c4ncn5C)CC3C2)cc(OC)c1OC;COCCn1cc(CC(=O)NC(c2ccccc2)c2nc3ccccc3[nH]2)c2ccccc21;O=C1c2c(O)cccc2C(C2OC(CO)C(O)C(O)C2O)c2cc(CO)cc(O)c21;O=c1c(-c2ccc(O)cc2)coc2c(C3OC(CO)C(O)C(O)C3O)c(O)ccc12;CC1OC(OC23C(=Cc4c(Cl)cc(CC#N)cc42)C=CC3O)C(=O)C(O)C1(C)O;CC1C(=O)OC2C(O)C34C5OC(=O)C3(OC3OC(=O)C(O)C34C(C(C)(C)C)C5O)C12O;CCOc1nc2cccc(C(=O)O)c2n1Cc1ccc(-c2ccccc2-c2nn[nH]n2)cc1;COC(=O)c1cccc(C(=O)NC2CCN(C(=O)c3cc(-c4cccs4)[nH]n3)CC2)c1;C=C(C)C(CC=C(C)C)Cc1c(O)cc(O)c2c1OC(c1ccc(O)cc1OC)CC2=O;O=C(Oc1cc(O)c2c(c1)OC(c1ccc(O)c(O)c1)C(O)C2)c1cc(O)c(O)c(O)c1;CC1CCC2(OC1)OC1CC3C4CCC5CC(O)CCC5(C)C4CCC3(C)C1C2C;Cc1ccc(C)c(NS(=O)(=O)c2ccc(NC3=NS(=O)(=O)c4ccccc43)cc2)c1;CS(=O)(=O)c1ccc(C(=O)C2C(=O)CCCC2=O)c(Cl)c1COCC(F)(F)F
m_20b8f2,Cc1ccncc1NC(=O)CC(C)(C)c1ccccc1;Cc1cc(C)c(O)c(C(=O)CC2CC(=O)N=C(O)C2)c1;Cc1[nH]ncc1C(=O)N1CCC(c2ccccc2)CC1;O=C(NCC(O)C1CCCC1)c1cc2cccnc2[nH]1;COc1ccc(C(C)C(=O)c2ccc(O)cc2O)cc1;OCC1OC(Oc2ccc(O)cc2)C(O)C(O)C1O;CC(=O)NC1CCN(C(=O)c2ccc3nc[nH]c3c2)C1;O=C(c1ccc(OCCCc2cnc[nH]2)cc1)C1CC1;O=C(O)C1CSC(Cc2ccc(F)cc2)C(=O)N1;O=C(c1cc(Cl)c(Cl)[nH]1)c1c(O)cccc1O;C=C(C(=O)O)C1CCC2(C)CCCC(=C)C2C1O;O=C(NCC1(O)CCC1)c1cc(=O)c2ccccc2o1;CC(C)Oc1ccc(C(C)NC(=O)c2cn[nH]c2)cc1;O=C(O)C1CSC(Cc2ccccc2F)C(=O)N1;COc1ccc2c(c1)C(c1ccc(C(C)=O)o1)OC2=O;Cc1cc(O)c2c(c1)C(=O)OC2c1c(O)cccc1O;Cc1cc(C(=O)NC2(C)CCCc3ccccc32)no1;Cc1cc(=O)[nH]c(CNc2cc(CC(C)C)ncn2)n1;COc1ccc(C2COc3cc(O)ccc3C2)c(O)c1;CCCCNC(=O)NS(=O)(=O)c1ccc(C)cc1;O=C(NCc1cccnc1)Nc1ccc([N+](=O)[O-])cc1;CC1(C)CCCC2(C)C1CCC1(C)OC(=O)CC12;O=C(C=Cc1ccc(O)c(O)c1)c1ccc(O)cc1O;Cc1cc(F)cc(C(=O)NC2(C(=O)O)CC2)c1;COc1ccccc1-c1cc(=O)c2ccccc2o1
m_20c386,O=C(NC1CCC2(CCOCC2)CC1)C12CCCC1NCC2;O=C(CN1CCCCCC1=O)Nc1ccc(F)c(C(=O)O)c1;CNC(=O)NC(=O)CN1CCC(COc2ccccc2)CC1;O=C(c1ccccc1Br)N1CC(N2CCCC2)C1;CCN(CCN(C)C)C(=O)CNCc1cc(C(N)=O)ccn1;Cc1cc(-c2nn3c(CN4CCOCC4)nnc3s2)no1;CC(=O)NC1(C(=O)N2CCC(c3ncn[nH]3)C2)CCCCC1;CCN(CC)CCn1c(Cc2ccccc2)nc2ccccc21;Cc1ccc(S(=O)(=O)N2CC3CCN(C)CC3C2)c(C)c1;CC(O)=NC1C(OCc2ccccc2)OC(CO)C(O)C1O;CCc1ccc(O)c(NS(=O)(=O)c2c(C)nn(C)c2C)c1;Cc1noc(C)c1CN1CCN(C(=O)C2CCCCC2)CC1;OC(COc1ccc(-c2nnco2)cc1)CN1CCOCC1;Cc1ccc2sc(NCCCN3CCOCC3)nc2c1C;CCCC(=O)NCC(=O)Nc1cnc(N2CCOCC2)nc1;CCCCOc1cc(C(=O)OCCN(CC)CC)ccc1N;O=C1CNC(=O)N1C1CN(c2nc3c(F)cccc3s2)C1;CC1CN(C(=O)NC2CCC3CCCCC3C2)CC1C(N)=O;CCc1nn(C)cc1NC(=O)C1CCN(C(=O)N(C)C)CC1;C=CCc1ccccc1OCC(O)CN1CC(C)OC(C)C1;CC1CN(Cc2cc(-c3ccc(Cl)cc3)no2)C(C)CO1;O=C(CCNCc1ccco1)NC(Cc1cnc[nH]1)C(=O)O;CC(=O)NC1C(O)CC(O)(C(=O)O)OC1C(O)C(O)CO;CCn1ncc(Br)c1C(=O)NCc1ccccn1;Nc1ccn(C2CC(O)C(COP(=O)(O)O)O2)c(=O)n1
m_214040,CC1CC(C)CN(C(=O)CSC2=Nc3ccccc3C3=NC(C(C)C)C(=O)N23)C1;CCC(C)(C)C(=O)OC1=C(c2ccc(Cl)cc2Cl)C(=O)OC12CCCCC2;CCc1cc(S(=O)(=O)Nc2ncnn2-c2ncccn2)ccc1Br;CC(=NNC(=O)c1c(Cl)c(C)nn1C)c1ccc2c(c1)Nc1ccccc1S2;Clc1ccc(OCCOC(=Cn2ccnc2)c2ccc(Cl)cc2Cl)cc1;O=C(CS(=O)(=O)c1ccc(Br)cc1)Nc1cccc2nsnc12;CC(C)(C)OC(=O)N1C2CCC(C2)C1C(=O)Nc1ccc(Br)cc1N;O=C1CN(c2ncnc3ncccc23)CCN1c1ccnc(C(F)(F)F)c1;COc1c(O)cc2oc3cc(O)c(CC=C(C)C)c(O)c3c(=O)c2c1CC=C(C)C;COc1cc2ccc(=O)oc2c(OC2OC(CO)C(O)C(O)C2O)c1OC;CCOC(=O)COc1cc(-n2ncc(C(F)(F)F)c(C)c2=O)c(F)cc1Cl;CC(C)(C)C(=O)NCCC(=O)Nc1nc(-c2ccc(Br)cn2)cs1;O=C(c1cc(=O)n(CC(O)=Nc2cccc(Cl)c2)c2ccccc12)N1CCCC1;CC(C(=O)Nc1ccc(Cl)cc1)C1CCC(c2ccnc3ccc(F)cc23)CC1;COc1cc(OC)c(F)c(COc2cnc(Nc3cnn(CCO)c3)nc2)c1F;CC(C)=CCCC(C)=CCCC(C)=CCCC1(C)CCc2cc(O)c(C)c(C)c2O1;Brc1cc2c(cc1C=Nc1c(-c3ccco3)nc3ccccn13)OCO2;COc1c(O)cc2c(=O)c3c(O)cc(O)c(CC=C(C)C)c3oc2c1CC=C(C)C;COc1c(O)cc2oc3cc(O)c(CC=C(C)C)c(O)c3c(=O)c2c1C=CC(C)C;O=C(Nc1ccc(-n2cnnn2)cc1)c1cc(=O)c2ccc(Br)cc2o1;CC(=O)OC1C2CCC3C(C)(O)C4C5OC5C(C)(C)C4(O)C(O)CC13CC2(C)O;CC=C(C)C(=O)OC(C)(C)C(O)COc1c2occc2cc2ccc(=O)oc12;O=C(O)C=Cc1cc2c(cc1OC1OC(CO)C(O)C(O)C1O)OCO2;CC1COC(Cn2cncn2)(c2ccc(Oc3ccc(Cl)cc3)cc2Cl)O1;COc1c(O)cc2c(=O)c3c(O)cc(O)c(CC=C(C)C)c3oc2c1C=CC(C)C
m_217b19,Cc1cc2ncc(NS(=O)(=O)Cc3cc(F)ccc3F)cn2n1;CN1C(=O)COC(C(=O)N2Cc3ccccc3C2)C1c1ccccc1;Cc1cc(NC(=O)NC2C3CCOC3C23CCCC3)cn2ccnc12;COc1ccc(C2(CNc3ncnc4[nH]ncc34)CCOCC2)cc1;O=C(c1cnn2cccnc12)N1CCC(Cc2cccc(F)c2)CC1;COC(=O)c1cccc(CNC(=O)CN2CCc3ccccc3C2)c1;COC(=O)Nc1cccc(C)c1CNc1cccn2c(C)c(C)nc12;O=C(NC(CN1CCCC1)c1ccccc1)c1cnn2ccncc12;CCCCC(NS(=O)(=O)c1ccc2c(c1)CCC(=O)N2)C(=O)O;Cc1cc(C)cc(C(=O)NCCc2nc3cccnc3n2C(C)C)c1;Cc1noc(C2(NC(=O)c3ccc4ccccc4n3)CCCCC2)n1;CC(C)(CO)C(O)C(=O)NCCC(=O)Cc1ccccc1;CC(C)n1ncc2cc(C(=O)N3CCc4ccc(O)cc4C3)cnc21;Cc1cnn(C)c1S(=O)(=O)NCC(Cc1ccccn1)C(=O)O;Cc1cccc(C(=O)Nc2nnc(-c3c(C)cc(C)cc3C)s2)c1;CCNC(=O)c1ccc(NC(=O)N2CCCC2c2cccnc2)cc1;NS(=O)(=O)c1cc(C2(O)NC(=O)c3ccccc32)ccc1Cl;O=C(C1CCC(F)(F)CC1)N1CCC(C(=O)O)(c2ccccc2)C1;CN(C1CCCCC1)S(=O)(=O)Nc1cccc(CCC(=O)O)c1;Cc1n[nH]c(-c2ccc(O)cc2O)c1-c1ccc2c(c1)OCCCO2;O=C1Cc2cc(CCCc3nc(-c4ccc(F)cc4)no3)ccc2N1;COc1cc(C)cc(CNC(=O)C2Cc3ccccc3N2C(C)=O)c1;Cc1ccc2onc(CC(=O)Nc3cc(F)cc(F)c3)c2c1;CC=CCN1CCn2c1nc1c2c(=O)n(CC=CC)c(=O)n1C;CCC(C(=O)Nc1c(C)nc2ccc(C)cn2c1=O)c1ccccc1
m_21cd44,Cc1cc(C(F)(F)F)nn1CC(=O)Nc1ccc2c(c1)OCO2;CC1C(=O)OC2CCN3CC=C(COC(=O)C(C)(O)C1(C)O)C23;COc1ccc(CNC(=O)Cn2nc(C(F)(F)F)cc2C)cc1;CCSc1ncc(C(=O)c2c(OC)ccc(F)c2F)c(N)n1;Fc1ccccc1-c1noc(-c2cncnc2N2CCCCC2)n1;NC(=O)c1ccc(N2CCCCC2)c(NC(=O)c2ccnnc2)c1;Cc1cc(NCc2cn(-c3cccs3)nn2)n2nc(C)cc2n1;O=c1ccc2ccc(OC3OC(CO)C(O)C(O)C3O)cc2o1;CCS(=O)(=O)NCCn1nc(-c2ccsc2)cc1C1CC1;Cc1ccccc1OCCSc1nnc(C)n1-c1ccccc1;O=C(C(O)c1cccc(C(F)(F)F)c1)N1CCn2ccnc2C1;CC(=O)OC1CC2(C)C3(CO3)C1OC1C=C(C)CC(O)C12CO;CCc1cc(C2CC2)nc(NC(=O)c2cc3cc(F)ccc3o2)n1;Cn1nccc1C12CCC(C1)C2C(=O)NCCc1cnc(=O)[nH]c1;C=CC1CN2CCC1CC2C(O)c1ccnc2ccc(OC)cc12;CC1(C)SC2C(N=CN3CCCCCC3)C(=O)N2C1C(=O)O;O=C(Cn1c(C2CCCO2)nc2ccccc21)NCc1ccco1;CC(C)(C)C(=O)N(Cc1ccccn1)c1nc2ccccc2s1;COc1ccc(C(F)(F)F)cc1NC(=O)c1nc(C)cc(C)n1;O=C(c1cccc(OC(F)(F)F)c1)N1CC(Cn2ccnc2)C1;CC(Cc1ccc(O)c(O)c1)C(C)Cc1ccc(O)c(O)c1;COc1cc2c(cc1OC)C(NC(=O)c1n[nH]c3c1CCC3)CC2;COc1cc2c(cc1OC)CN(c1ccc3nnc(C)n3n1)CC2;O=C(c1cc(=O)c2ccccc2o1)N1CCC(c2cccs2)C1;Cc1ccccc1OCC(=O)Nc1nc(-c2ccncc2)cs1
m_2363c0,O=C(Nc1cccc([N+](=O)[O-])c1)c1cccc(S(=O)(=O)N2CCCCCC2)c1;O=C(CNC(=O)c1cccc(C(F)(F)F)c1)NC1CCN(Cc2ccccc2)C1;C=CCC(O)CC(=NOS(=O)(=O)O)SC1OC(CO)C(O)C(O)C1O;O=C(Cn1c(=O)oc2cc([N+](=O)[O-])ccc21)N1CCc2ccc(F)cc21;C=CC(C)(C)C12CC3C(=O)NC(=Cc4cnc[nH]4)C(=O)N3C1=[N+]([O-])c1ccccc12;C=CC(C)(C)C12Cc3c(O)nc(Cc4c[nH]cn4)c(=O)n3C1=[N+]([O-])c1ccccc12;COc1c2c(cc3c1C(c1c(O)c4ccccc4oc1=O)N(C)CC3)OCO2;COc1cc2ccc(=O)oc2c(OC)c1OC1OC(CO)C(O)C(O)C1O;COc1cc2ccc(=O)oc2c(OC2OC(CO)C(O)C(O)C2O)c1OC;Cn1cnc(S(=O)(=O)NC2CCN(c3cccc(OC(F)(F)F)c3)C2=O)c1;CC1CC(O)C23COC2(CO)CC(O)CC3C12CC(c1ccoc1)OC2=O;COc1cc(C(O)C(CO)Oc2c(OC)cc(C=CC(=O)O)cc2OC)ccc1O;CC(C=CC1(C)C(C)CCC(=O)C1C)=CCc1c(O)c(Cl)c(C)c(C=O)c1O;Cn1cc(-c2cnc(OC3CCN(S(=O)(=O)c4nccn4C)CC3)nc2)cn1;COc1ccc(C2OCC3(O)C(c4ccc(OC)c(OC)c4)OCC23)cc1OC;CCOC(=O)c1nc(C(Cl)(Cl)Cl)n(-c2ccc(Cl)cc2Cl)n1;C=CCC12CC(OC)C(=O)C(OC)=C1OC(c1cc(OC)c3c(c1)OCO3)C2C;O=C(O)CSc1nnc(Br)n1-c1ccc(C2CC2)c2ccccc12;C=CCN1CCC23c4c5ccc(O)c4OC2C(=O)CCC3(O)C1C5;COC=C(C(=O)OC)c1ccccc1Oc1cc(Oc2ccccc2C#N)ncn1;CC1(O)CCC2C(C)(C)C(O)CCC2(C)C1COc1ccc2ccc(=O)oc2c1;CC(C)(CO)C(CCc1ccc(Cl)cc1)(Cn1cncn1)OP(=O)(O)O;COCc1nsc(N2CCC(CN(C)c3cc(C(F)(F)F)ccn3)CC2)n1;CC1(O)CC(O)C2(O)C=COC(OC3OC(CO)C(O)C(O)C3O)C12;CC(NC(=O)c1cn(C)c2c(=O)n(Cc3ccccc3)c(=O)[nH]c12)c1ccccc1
m_23ff71,c1ccc2c(c1)[I+]c1ccccc1-2;COCc1cncc(C(=O)N2CCCC(C(=O)O)C2)c1;COc1ccc(I)c(C(=O)O)c1;O=C(C=Cc1ccc(O)cc1)c1ccc(O)cc1O;COc1cc(OC)c(C(=O)N2CCCCC2)cc1OC;CNc1ncnc2c1ncn2C1OC(CO)C(O)C1O;Cn1cnc2c(ncn2C2OC(CO)C(O)C2O)c1=N;Nc1nc2c(ncn2C2OC(CO)C(O)C2O)c(=O)[nH]1;CC(=O)Nc1ccc2c(c1)Cc1cc(NC(C)=O)ccc1-2;COc1cc(C(=O)N2CCOCC2)cc(OC)c1OC;O=C1CN=C(c2ccccc2)c2cc([N+](=O)[O-])ccc2N1;CCCCCCCC(=O)NC(CC(C)C)C(=O)O;CCCCOc1cc(CC2CNC(=O)N2)ccc1OC;CCCCC(=O)NC(CCCNC(N)=O)C(=O)O;CCCCCCC(C(C)O)n1cnc2c(=O)nc[nH]c21;CCOC(=O)CCC(C)Sc1nc2ncncc2[nH]1;CCCCCCCC(=O)NCc1ccc(O)c(OC)c1;CSc1ccc(C(=O)C(C)(C)N2CCOCC2)cc1;CCCCCCCC(=O)NCCc1ccc(O)c(O)c1;O=P(c1ccccc1)(c1ccccc1)c1ccccc1;CCCCCC=CCC=CCCCCCCCC(=O)O;O=C(O)C(Cc1ccc(O)c(O)c1)NC1CCCCC1;O=C(O)c1cn(C2CC2)c2c(O)c(F)c(F)cc2c1=O;Cc1cc(S(=O)(=O)O)c2c(C)ccc(C(C)C)cc1-2;CN1CC(CO)CC2c3cccc4[nH]cc(c34)CC21
m_254f59,Cn1cc(C(=O)Nc2n[nH]c(-c3ccccc3F)n2)cn1;Cc1n[nH]c(C)c1CCC(=O)N1CC(C)c2ccccc21;Cc1ccn2ncc(C(=O)NCc3cnn(C)c3C)c2n1;CCCN(C(=O)c1ccnn1C)C1CCS(=O)(=O)C1;Cc1nccc(N2CCN(C(=O)c3cncn3C)CC2)n1;C=CCN(CC(=O)O)S(=O)(=O)c1cncc(OC)c1;CC(=O)Nc1ccn(C2OC(CO)C(O)C2O)c(=O)n1;Cc1cnccc1NC(=O)NC1c2ccccc2CC1O;Cc1ccc(C(=O)N2CC(CC(=O)O)c3ccccc32)o1;CC(C)Oc1ccccc1NC(=O)c1ccn(C)c(=O)c1;O=C1c2ccc(O)cc2OC(c2ccc(O)c(O)c2)C1O;O=C1C(O)c2ccc(O)cc2OC1c1ccc(O)c(O)c1;O=C(Cc1ccc(F)cc1)NCC(O)(c1ccco1)C1CC1;Cc1nc2n(n1)CC(NC(=O)Cc1ccc(F)cc1)CC2;CCCn1c(CNCC2(O)CCCCC2)nc2ccccc21;Cc1ccc(S(=O)(=O)N2CCCC(C(=O)O)C2)cc1;Cc1cc(=O)[nH]c(N2CCCC(Nc3cnccn3)C2)n1;COc1ccc2c(c1)OCC1Oc3cc(OC)ccc3C21;Cn1ncc(CNC(=O)c2ccc(N3CCCC3)nc2)n1;O=C1CCC(NC(=O)C2COc3ccccc3C2)C(=O)N1;COc1ccc2c(c1)OC1c3ccc(OC)cc3OCC21;CC(CS(C)(=O)=O)N(C)c1nc2c(F)cccc2o1;O=C(NCc1ccccn1)Nc1nnc(-c2ccco2)o1;CCOc1ccc(Nc2ncnc3sc(C)cc23)cc1;Cc1nn(C)c2c1C(c1ccccc1F)=NCC(=O)N2C
m_25a38e,COc1cc2ncnc(Nc3cccc(Cl)c3)c2cc1OC;COC(=O)Nc1nc2cc([S+]([O-])c3ccccc3)ccc2[nH]1;COC1=CC23CCCN2CCc2cc4c(cc2C3C1O)OCO4;CN(C)CCC=C1c2ccccc2Sc2ccc(Cl)cc21;CCOc1ccc(NC(=O)C2(c3cccs3)CCCC2)cc1;CCc1nnc(C2CCN(c3ncnc4nc[nH]c34)CC2)s1;CN1CCC2=CC(O)C3OC(=O)c4cc5c(cc4C3C21)OCO5;COc1ccccc1-c1ccnc2c(-c3ccccc3)c(C)nn12;COc1cccc(-c2cc3nc(-c4ccccc4)cc(=O)n3[nH]2)c1;O=C1Nc2ccccc2C1(c1ccc(O)cc1)c1ccc(O)cc1;CSCCC(NC(CCCC(=O)O)C(=O)O)C(=O)O;c1ccc(-c2cc(-c3cccs3)cc(-c3ccccn3)n2)nc1;COc1ccc(C2CC(c3ccsc3)=NN2C(C)=O)cc1O;Cc1cc(-c2nnc(N)nc2-c2ccc(F)cc2)cc(Cl)n1;COc1cc(=C2C=c3ccccc3=N2)[nH]c1=Cc1[nH]c(C)cc1C;COc1ccc(CN2CCN(Cc3ccco3)CC2)cc1OC;CC=CC=CC(O)=Nc1cccc(C=CC(=O)c2ccccc2)c1;COc1ccc(CNC(=O)c2cn3c(n2)CCCC3)cc1OC;N#Cc1ccc(-c2c[nH]c(=N)c(-c3ccc(C(N)=O)cc3)n2)cc1;COc1cccc(CN2CC(Oc3ccnc(C)c3)C2)c1OC;c1ccc(N2CCN(Cc3csc4c3CCCC4)CC2)nc1;CN1CC(O)=C(c2ccccc2Oc2ccc(Cl)cc2)C1=O;CC(C)(C)c1ccc(NC(=O)CSc2nccc(=O)[nH]2)cc1;CC(C)CC1=NN(C(=O)c2ccncc2)C(O)(C(F)(F)F)C1;CN(C(=O)Cc1ccccc1Cl)C1CN(c2ccccn2)C1
m_25cfa1,CC(C)CN(CC(C)C)C(=O)CCn1c(=O)c2[nH]cnc2n(C)c1=O;CCOC(=O)c1sc(NC(=O)c2c(OC)cccc2OC)cc1C;Cc1cc(C(=O)Oc2c(C)cc(C(=O)O)c(O)c2C)c(O)c(C)c1O;O=C(NNC(=O)c1csc2c1CCCC2)Nc1cccc(Cl)c1;CCOc1ncc(NC(=O)c2ccc(OC)c(OC)c2)c(N(C)C)n1;COc1nc(CNC(=O)Cn2cnc(C)c(C)c2=O)nc(N(C)C)n1;CCc1c(C)sc(N=C(O)c2ccc(OC)c(OC)c2)c1C(N)=O;COc1cc(OC)cc(C(=O)N2CCC(Oc3ccsc3)CC2)c1;COc1ccccc1N1CCN(S(=O)(=O)c2ccc(C)cc2)CC1;Cc1cc(C)c(C)c(S(=O)(=O)Nc2ccc3ncsc3c2)c1C;CCc1nnc(C2CC(O)CN2C(=O)c2csc3c2CCCC3)o1;CC(C)C(=O)Nc1cc(C(=O)N2CCC(O)(c3ccccc3)CC2)ccn1;CCN1C(=O)C(CC(=O)NC2CCCCCC2)Sc2ncccc21;COC(=O)C(CC(C)C)NC(=O)CCNC(=O)c1cccc(OC)c1;Cc1ccc(C)c(N2CCN(C(=O)c3cc(C)n4nccc4n3)CC2)c1;CCOC(=O)C1CCCN(C(=O)c2ccc(OCC)c(OCC)c2)C1;COc1cc(OC)cc(C(=O)Nc2ccc3c(c2)oc2ccccc23)c1;CCc1ccc(NC(=O)Cn2cnc3onc(C)c3c2=O)cc1;O=C(CSc1nc2ccccc2[nH]1)c1ccc(Br)cc1;CCCCC1CCC(C(=O)NCCc2ccc(OC)c(OC)c2)CC1;CCOc1ccc(C(=O)NCC(OC)c2ccsc2)cc1OCC;COC(=O)c1c(O)cc(C)cc1Oc1c(OC)cc(O)cc1C(=O)O;CCNc1ccnc(N2CCN(c3nc4ccccc4nc3C)CC2)n1;COc1ccc(C(CCO)NC(=O)c2cc3c(s2)CCOC3)cc1;CCNC(=O)CNC(=O)C(NCC(F)(F)F)c1ccc(F)cc1C
m_26bf54,COc1ccccc1C(=O)Nc1n[nH]c(C2CC2)c1C;O=C(NCc1cccnc1)Nc1ccc([N+](=O)[O-])cc1;COc1ccc(C(C)C(=O)c2ccc(O)cc2O)cc1;CCc1cc(N2CCC(c3ncc[nH]3)CC2)nc(C)n1;CCc1cnccc1C(C)NC(=O)c1cc(C)nn1C;COc1cccc(C(=O)NC2CCc3nc[nH]c3C2)c1;Cc1ccc(C(=O)N2CCOC(c3nn[nH]n3)C2)cc1;O=C(O)c1ccc(O)c(NCCCc2ccccc2)c1;Cc1nccc(C(=O)Nc2ccc3c(c2)OCCO3)n1;COc1cc(O)ccc1CCC(=O)c1ccc(O)cc1;CCN(CC(O)CS(=O)(=O)O)c1cccc(C)c1;O=C(O)c1cccc(O)c1NCCCc1ccccc1;O=C1CC(c2ccc(O)c(O)c2)Oc2cc(O)ccc21;CC(=O)c1ccc(OC(=O)c2ccccc2C)cc1O;Cc1ccnc(Nc2nc(-c3cn[nH]c3)c(C)s2)n1;OCC(O)C(O)C(O)CNCC(O)c1ccccc1;COc1cc(C=NNC(=O)c2ccncc2)ccc1O;O=C(NC1CN2CCC1CC2)c1cc2ccoc2cn1;NNc1ccc(C(=O)Oc2ccc(C=O)cc2O)cc1;CC(C)C1CC(NC(=O)c2[nH]ncc2C(F)(F)F)C1;CC(C)c1ccc(NC(=O)c2ccc(N)c(N)c2)cc1;O=C(NOCc1cccnc1)C1CCCc2cn[nH]c21;CC(O)CNS(=O)(=O)c1ccc(C(C)(C)C)nc1;Oc1ccc(CC2NCCc3cc(O)c(O)cc32)cc1;O=C(O)C1CCCN1CC(O)C(O)C(O)CO
m_273696,CNC(=C[N+](=O)[O-])NCC[S+]([O-])Cc1ccc(CN(C)C)o1;COc1cc(-c2cc(=O)c3c(O)c(OC)c(O)cc3o2)ccc1O;COc1cc(CC(C)C(C)Cc2ccc(O)c(OC)c2)ccc1O;Cc1ncsc1CN1CC(Oc2ccnc(C(F)(F)F)c2)C1;O=C1CC(CNS(=O)(=O)c2ccccc2)CN1c1ccccc1;Cc1cc(-c2nc3ncccc3o2)ccc1NC(=O)c1cccnc1;O=C(CCc1ccccc1)Nc1cccc(N2CCCC2=O)c1;CC(C)=CCOc1cc(NC(=S)c2ccncc2)ccc1Cl;C=CCc1cc(S(=O)(=O)c2ccc(O)c(CC=C)c2)ccc1O;CCOc1cn(C)c(C(=O)NCc2ccc3c(c2)OCO3)cc1=O;Clc1cccc2sc(N3CCN(c4ccccn4)CC3)nc12;O=C(Nc1ccc(CN2CCCCC2)cc1)c1cccnc1Cl;CN1C(C(=O)Nc2ccccn2)=C(O)c2ccccc2S1(=O)=O;Cc1cc(N2CCCC2)nc(CNC(=O)c2sc(C)nc2C)n1;CCCC(=O)Nc1ccc2c(c1)C(=O)Nc1cc(Cl)ccc1O2;O=S(=O)(NC1CN(C2CCOCC2)C1)c1ccccc1Cl;Cc1nnc(N2CC(NC(=O)c3ccc(OC(C)C)cc3)C2)s1;O=C(C1NCc2[nH]ncc21)N1CCC(c2cccc(F)c2F)CC1;CCOc1ccccc1C=NN=C(O)CNc1nnc(O)nc1O;CNC(=C[N+](=O)[O-])NCCSCc1ccc(C[N+](C)(C)[O-])o1;CN=C(C[N+](=O)[O-])NCC[S+]([O-])Cc1ccc(CN(C)C)o1;CC1CCc2c(sc(NC(=O)CSc3ncn[nH]3)c2C#N)C1;CC(=O)NC(CCC(=O)O)C(=O)NCCc1ccc(O)cc1;Clc1cccc(Nc2nc3nonc3nc2N2CCCCC2)c1;Cc1nccn1CC1CN(c2ncc(C(F)(F)F)cc2Cl)C1
m_27df2d,O=C(Nc1ccccc1O)c1cn(C2CCNCC2)nn1;COc1ccc(OC)c(C2CCCN2Cc2nc(C(=O)O)co2)c1;CC(C)(C)C1CCc2c(sc(NC(=O)C3CCCO3)c2C#N)C1;CC(C)OCCCn1c(SCC2CC2)nc2ccccc2c1=O;COCC1(O)CCN(C(=O)CN2C(=O)CCc3ccccc32)CC1;COC(=O)c1cccc2sc(C(=O)N3CC(=O)NC(C)C3)cc12;N#Cc1ccc2[nH]c(O)c(-c3ccc(CN4CCOCC4)cn3)c2c1;COc1ccc(C=NNC(=O)CCC2C(=O)NN=C2C)c(OC)c1;CC(C(=O)NCC1CCOCC1)n1nc(C(F)(F)F)ccc1=O;Cc1cccc(C)c1-n1nnnc1SCC(=O)N1CCOCC1;CCc1cccc2sc(N3CCOC(C(=O)NC4CC4)C3)nc12;CC#CCOC(=O)c1c(C)nc2sc3c(c2c1N)CCC(O)C3;O=C(O)c1cn(C2CC2)c2cc(N3CCNCC3)c(F)cc2c1=O;Cc1c(C(=O)NC2(C)CCOCC2)cnn1-c1ccccc1Cl;C[S+]([O-])Cc1cccc(NC(=O)C2CCC3CCCCC3C2)c1;CNC(=O)CN1CCN(c2ccc3ccc(Cl)c(C)c3n2)CC1;O=C(NCC1CCCCN1)c1cc(O)ccc1OCC(F)(F)F;Cn1ncc2c(=O)[nH]c(Nc3cccc(Oc4ccccc4)c3)nc21;Nc1c(CC(=O)O)cccc1C(=O)c1ccc(Br)cc1;O=C1CCN(C(=O)COc2ccc(Cl)cc2)c2ccccc2N1;CC(C)c1nc2cc(NC(=O)Cc3c[nH]c4ccccc34)ccc2o1;Cc1noc(CNC(=O)c2c(-n3cnnn3)sc3c2CCC3)n1;Cc1noc(C2CC(F)CN2C(=O)Cn2nnc3ccccc32)n1;CCOc1ccc(S(=O)(=O)Nc2ccn3nccc3c2)cc1C;COc1cccc2ccn(CCC(=O)NC(CC(C)C)C(=O)O)c12
m_293ec0,COC(=O)C1=CCC23CCC(C(C)(C=CC=C(C)C(=O)O)OC2=O)C3(O)CC1;O=C(Nc1ccc2c(c1)CN(C(=O)C1CC1)CC2)c1ccc2ccccc2c1;O=C(C1CCCC1)N1CCN(C(=O)C2CC2c2ccc3c(c2)OCO3)CC1;N#CC1(CCCN2C(=O)NC3(CCOc4ccccc43)C2=O)CCOCC1;Cc1cc2cc(Nc3ccnc(Nc4ccc5[nH]c(C)cc5c4)n3)ccc2[nH]1;COc1cc(O)c(CC=C(C)C)c2c1C(=O)C(O)C(c1ccc(O)cc1)O2;CC=CC1=CC2=C(CO1)C(=O)C(C)(O)C(OC(=O)c1c(O)cc(OC)c(O)c1C)C2;NCCOc1ccc(Cl)cc1C(=O)Nc1ccc([N+](=O)[O-])cc1Cl;CC(NC(=O)C1(C(=O)O)CCOCC1)c1cccc(NS(C)(=O)=O)c1;CC1=CC(=O)C(O)C2(C)C1CC(=O)C1(C)C3C(=O)OC(C3C)C(O)C12;C#CC1(OC(C)=O)CCC2C3CCC4=CC(=NO)CCC4C3CCC21CC;Cc1ccc(S(=O)(=O)N2Cc3ccccc3CC2C(=O)N2CCC2)cc1;COC(=O)c1ccccc1NC(=O)CNCn1cnc2ccccc21;CCC1(CC)NC(=O)N(CC(=O)NCc2ccnc(-n3ccnc3)c2)C1=O;O=C(O)CCCC=CCC1C(=O)C=CC1C=CC(O)COc1ccccc1;COc1ccc2c(=O)oc3c(OC)cc(CCN(C)C)c4c(=O)oc1c2c34;COc1c(-c2ccccc2)oc2c3c(ccc2c1=O)OC(C)(C)C=C3;C=C1CC23CC1(O)CCC2C12C=CC(O)C(C)(C(=O)O1)C2C3C(=O)O;CC=C1C[N+]2([O-])C3CC1C(C(=O)OC)C2Cc1c3[nH]c2ccc(OC)cc12;CC(O)CCCC(O)C=CC1C(O)CC(O)C1CC=CCCCC(=O)O;CC(NC(=O)c1cn[nH]c1-c1ccc(Cl)cc1)c1cccc(NS(C)(=O)=O)c1;O=C(c1cnc2ccccc2n1)N1CCC(c2ccc3cccnc3n2)CC1;CC1c2ccccc2CCN1C(=O)c1cc2ncc(Br)cn2n1;O=C(NCc1noc2c1CCCC2)N1CCOC(CCc2ccccc2)C1;CS(=O)(=O)c1ccc(C(O)C(CO)NC(=O)C(Cl)Cl)cc1
m_2a0e17,O=C(O)C1CN(C(=O)CCn2ccnn2)CC1c1ccccc1;CCCCn1nccc1NC(=O)Cn1ccc(C(F)(F)F)n1;Cn1c(=O)[nH]cc(C(=O)N2CC(N)C(c3ccccc3)C2)c1=O;COC1=CC23CCCN2CCc2cc4c(cc2C3C1O)OCO4;CC(C)c1nc(NC(=O)Cn2cnc3ccccc3c2=O)n[nH]1;O=C(Nc1ccc2ncccc2c1)Nc1ccc2ncccc2c1;C#CC1(O)CCC2C3CCC4=CC(=O)CCC4C3CCC21CC;COc1ccc2c3c1OC1C(=O)CCC4(O)C(C2)N(C)CCC314;CCn1cc(Cl)c(C(=O)Nc2ccsc2C(=O)OC)n1;CC(C)(O)c1ccc2c(c1)C(=O)CC1C(C)(C(=O)O)CCCC21C;O=C1NCCN1C(=O)NCC(O)(c1ccccc1)C1CCOCC1;O=C(C1CCCCC1)N1CC(=O)N2CCc3ccccc3C2C1;O=C(Nc1ccc(Cl)cc1)Nc1ccc(Cl)c(Cl)c1;CCOc1ccc2ccccc2c1CNCCCN(CC)CC;O=C(CSC1CCCC1)N1CC2(CC(c3ccccc3)C2)C1;CC(=O)N(O)C(C)C=Cc1cccc(Oc2cccc(F)c2)c1;COC(=O)Nc1nc2ccc([S+]([O-])c3ccccc3)cc2[nH]1;CN1CCC2=CC(O)C3OC(=O)c4cc5c(cc4C3C21)OCO5;CCC1(O)CCC2C3CCC4=CC(=O)CCC4=C3C=CC21CC;C#CC1(O)CCC2C3CC=C4CC(=O)CCC4C3CCC21CC;CC1CCC(O)C=CC(=O)OC(C)CCC(O)C=CC(=O)O1;COc1ccc(-c2cc(=O)c3c(O)c(OC)c(O)cc3o2)cc1;Cc1cc(N2C(=O)C3CCC(c4ccccc4)N3C2=O)sn1;CC(=O)Oc1ccc2c(=O)c(-c3ccccc3)c(C)oc2c1;C#CC1(O)CCC2C3CCC4=CC(=O)CCC4(C)C3CCC21C
m_2aa8ea,COC(=O)C1=COC(OC2OC(CO)C(O)C(O)C2O)C2C(CO)=CCC12;CC1=CC(=O)CC(C)(C)C1(O)CCC(C)OC1OC(CO)C(O)C(O)C1O;O=C(CCN1C(=O)NC2(CCCC2)C1=O)NCCc1ccc2c(c1)OCCO2;COc1cc(C=CCO)ccc1OC(C)Cc1cc(OC)c(OC)c(OC)c1;CC(O)C(O)(C(=O)OCc1ccccc1NC(=O)CCC(=O)O)C(C)O;COc1cc2nc(N3CCN(C(=O)C4CCCO4)CC3)nc(N)c2cc1OC;CN(CC1CCN(C(=O)Nc2ccccc2)CC1)C(=O)CCN1CCCC1=O;Cc1nc2ccccc2c(-c2ccccc2)c1CC(=O)N(C)C1CCN(C)CC1;CCC(=C(c1ccc(O)cc1)c1ccc(OCCN(C)C)cc1)c1ccccc1;CC(=O)CCC1=C(C)C(OC2OC(CO)C(O)C(O)C2O)C(O)CC1(C)C;COc1ccccc1C1OC(=O)CC1C(=O)OCC1CCCN2CCCCC12;COc1ccc(C(O)=NCN2CCN(c3cccc(Cl)c3)CC2)cc1OC;COc1cccc(NC(=O)NCC2CC(=O)N(c3ccc(F)cc3)C2)c1OC;COc1ccccc1N1CCN(CCCNc2cc(=O)n(C)c(=O)n2C)CC1;CC1OCC(=O)N(Cc2ccccc2)C1C(=O)NC1CC(C)(C)NC(C)(C)C1;CCC(CC)C(=O)Nc1nc(-c2ccc3c(c2)N(CC)C(=O)CO3)c(C)s1;CC1CCN(CC2CCCN(C(=O)CNC(=O)COc3ccccc3)C2)CC1;CN1CCCCC1CCN1c2ccccc2Sc2ccc([S+](C)[O-])cc21;CCCCC(F)(F)C(=O)CCC1C(O)CC(=O)C1CCCCCCC(=O)O;C=C1CC23CC4C5C6(C)CC(O)CC57C(C2C(O)C1C(O)C37)N4C6;COC(=O)CC1CC2(O)C(=O)c3c(O)cccc3C(=O)C2(O)C(C)O1;CNC(Cc1ccccc1)C(=O)N1CCCC1C(=O)NCC1CCC(N)CC1;Cc1cc(C)c(C2=C(OC(=O)CC(C)(C)C)C3(CCCC3)OC2=O)c(C)c1;CCn1c(C)c(C2N3CC4(CC)CN2CC(CC)(C3)C4=O)c2ccccc21;CCCCC(F)(F)C1(O)CCC2C(CC(=O)C2CCCCCCC(=O)O)O1
m_2ac2ed,Cc1cc(=O)oc2c3c(cc(OCC(=O)NC4CC4)c12)OC(C)(C)CC3;COc1cc2c(cc1OC)-c1cc3nc4ccccc4nc3n1C(C)(C)C2;COCCOc1nc(N)c2[nH]c(=O)n(Cc3ccc(C(=O)O)cc3)c2n1;CCCCCOC(=O)Nc1nc(=O)n(C2OC(C)C(O)C2O)cc1F;Cc1csc(-c2ccc(NC(=O)N3CCC(F)(F)C3)cc2)n1;COc1cc(-c2coc3cc(O)c(OC)c(O)c3c2=O)cc(O)c1OC;CS(=O)(=O)c1ccc(C(O)C(CF)NC(=O)C(Cl)Cl)cc1;CCCCCCCCCCCCCC(=O)NC(CCC(=O)O)C(=O)O;CC=C(C)c1cc(O)c(C)c2c1Oc1cc(O)c(Cl)c(C)c1C(=O)O2;C=CCONC1=Nc2ccc(Cl)cc2C(c2ccccc2Cl)=NC1;CCCCCCCCCCCCCC(=O)NC(CCC(N)=O)C(=O)O;CCc1nnc(NC(=O)c2ccc3c(c2)C(=O)N(C(C)(C)C)C3=O)s1;CC1Cc2cc(C3Nc4ccccc4C(=O)N3c3ccccc3)ccc2O1;COc1cc(-c2oc3cc(O)c(OC)c(O)c3c(=O)c2OC)ccc1O;OCC=Cc1ccc(OC2OC(CO)C(O)C(O)C2O)cc1;CC(C)C(C(=O)N1CCC(C)(C(=O)O)C1)N1C(=O)c2ccccc2C1=O;COc1cc(C)c2c(c1C)OC(=O)c1c(C)c(Cl)c(O)c(C=O)c1O2;CC1NC(=O)C(Cc2c[nH]c3ccccc23)n2c1nc1ccccc1c2=O;CC(C)CCN1C(=O)CCc2cc(NC(=O)c3ccc(C#N)cc3)ccc21;COc1ccc(-c2oc3cc(O)c(OC)c(O)c3c(=O)c2OC)cc1O;COC(=O)N1CCc2ccccc2C1C(=O)Nc1ccc(F)c(Cl)c1;Cc1ccc(N2CC(CNC(=O)Nc3c(F)cccc3F)CC2=O)cc1;O=C(O)C(Cc1c[nH]c2ccccc12)NCC(O)COP(=O)(O)O;COc1cc2c(c3c1C(=O)CC(c1ccccc1)O3)C1C(O2)C1(C)C;Cn1c(C(F)F)nc2cc(C(=O)N3CCCS(=O)(=O)CC3)ccc21
m_2b524a,COc1ccc(NS(=O)(=O)c2ccccc2)cn1;c1cc(-c2noc(C3CC3C3CC3)n2)c2cc[nH]c2c1;Cc1[nH]ncc1C(=O)N1CC2COCC2(C(=O)O)C1;Cc1cc(O)c(Cc2c(O)cc(C)oc2=O)c(=O)o1;Cc1c(CNC(=O)c2ccc(C(=O)O)o2)cnn1C;CC(C)Cc1nnc(NC(=O)c2ccnn2C)s1;Cc1ccncc1NC(=O)C(C)c1cccc(C#N)c1;Cc1c(C(=O)N(C)Cc2ncn[nH]2)cnn1C(C)C;Cc1nc(C(=O)N2CC3COCC3(C(=O)O)C2)c[nH]1;Cc1occc1C(=O)NC1CCCCCC1C(=O)O;Cc1ncc(C[n+]2csc(CCO)c2C)c(N)n1;CCSC1CCCC(NC(=O)c2cncnc2)C1;CNC(=O)CC1CCN(C(=O)Cc2ccoc2)CC1;Cc1cc(C(=O)N2CCCC(C(=O)O)C2)ccc1F;CC1(C)CC(C(=O)NC(Cc2cnc[nH]2)C(=O)O)C1;CC(C)=CCCC(C)=CCN(C)CCc1c[nH]cn1;Cc1ccc(C(=O)N2CCC(C)(C(=O)O)C2)cc1F;Cc1ccc(C(=O)N2CCC(C)(C(=O)O)C2)c(F)c1;Cn1ccc2cc(NC(=O)Nc3cccnc3)ccc21;CCCCCC=CC=CCN(C)CCc1c[nH]cn1;Cn1ccc(C(=O)N2CCC(N3CCOCC3)C2)n1;CC1CCC(NC(=O)C2CC=CCC2C(=O)O)CC1;C#CCCCC(O)CCCCCCCCCCC(=O)O;CCC1CC(C(=O)Nc2c[nH]c(C(N)=O)c2)CCO1;CC(C)=CCCC1(C)C2CCC1(C)C(O)C2
m_2b7513,CCn1cc(C(=O)O)c(=O)c2cc(F)c(N3CCNCC3)cc21;O=C(NNC1=NC2(CCCC2)Cc2ccccc21)c1ccccc1;O=C(C1CCC(F)(F)CC1)N1CC(n2cnc3ccccc32)C1;CC1(C)CC(=O)C2=C(C1)Nc1ccccc1NC2c1ccccn1;CN1C2CC(OC(=O)C(O)(CO)c3ccccc3)CC1C1OC12;COc1ccc2[nH]cc(CCNC(CCC(=O)O)C(=O)O)c2c1;Cc1cc(C(=O)Nc2cccc(-c3ccn[nH]3)c2)nc(C2CC2)n1;Cc1cc(N=CN2CCOCC2)n2c(nc3ccccc32)c1C#N;Cc1nnc(OC(C)C)c2nn(-c3ccccc3F)c(C)c12;CN(c1nc2ccccc2o1)C1CN(c2cc3c(nn2)CCC3)C1;Cc1nc(C2CCN(C(=O)c3ccc4ncccc4c3)CC2)n[nH]1;Cc1cccc(C)c1NC(=O)CN1CCN(CC(O)CO)CC1;CNc1ccccc1C(=O)N1CCc2c([nH]c3ccccc23)C1=O;CN(C(=O)c1ccc2nccnc2c1)C1CN(c2ccccn2)C1;COc1ccc2[nH]cc(CCNCc3c[nH]c4ccccc34)c2c1;COc1ccccc1-c1c(C)nn2c(-n3ccnc3)cc(C)nc12;Cc1cc(NS(=O)(=O)c2cnn(C)c2)n(-c2ccccc2)n1;Cc1cc(C)c2c(CN3CCc4ccccc4C3)cc(=O)oc2c1;Cc1ccc(-c2nc3nc4c(c(N5CCCC5)n3n2)CCC4)cc1;COc1ccc(C2(CNC(=O)CCC(=O)O)CCOCC2)cc1;CC(Oc1ccccc1)C(=O)Nc1nnc(CC(C)(C)C)s1;COc1cc2c(cc1OC)CN(Cc1cc(F)cc(F)c1)CC2;Cc1cc(C)n(-c2ccc(C(=O)NC(C)c3ccccc3)cc2)n1;CCCCCn1cc(C(=O)Cc2ccccc2C)c2ccccc21;CCC(C)C(NC(=O)Cn1nc2c(cc1=O)CCCC2)C(=O)O
m_2c1f87,Cn1cc(C(=O)NC2CCN(CC(F)(F)F)CC2)ccc1=O;Cn1nc(C2CC2)nc1CNC1(CO)C2CC3CC(C2)CC1C3;CCOc1ccc(CN2CCN(S(=O)(=O)CC)CC2)cn1;CCOc1ncccc1CNC(=O)NCc1cccc(OC)c1;Cn1cc(C(=O)NS(=O)(=O)CC2CCCCO2)ccc1=O;COc1ncccc1C(=O)NCc1cn(-c2ccsc2)nn1;Cc1ccc(N2CC3CN(C(=O)c4cc(C)on4)CC3C2)nn1;CCCOc1cccc(C(=O)NCCNC(=O)c2ccco2)c1;CCOc1ncccc1CNC(=O)C1CCc2nc(C)[nH]c2C1;COc1ccccc1N1CC(C(=O)Nc2nccs2)CC1=O;Cn1c(=O)c2c(ncn2CC(=O)Nc2ccncc2)n(C)c1=O;COc1ccc(OCC(=O)Nc2onc3c2CC(C)CC3)cc1;COc1ncc(Cn2cnc3sc(C)c(C)c3c2=O)c(C)n1;CCOc1cccc(N2CCN(c3nccc(OC)n3)CC2)n1;CCn1ncc(C=NNC(=O)COc2cc(C)cc(C)c2)c1C;Cc1cnn(CC2CN(C(=O)Cn3cnc(C)c(C)c3=O)C2)c1;COc1ccc(NC(=O)NCc2nccc(N(C)C)n2)c(C)c1;CC=CCN1CCn2c1nc1c2c(=O)n(CC=CC)c(=O)n1C;Cn1cc(CCC(=O)N2CCCC2Cc2cccc(F)c2)cn1;COc1ccc(C2Oc3cc(OC)cc(OC)c3CC2O)cc1;CCCCCCCC=CC=CC(=O)NCCc1ccc(O)cc1;CCC(=NNC(=O)c1csc2c1CCCC2)c1ccc(C)o1;COCCOc1cc(C(=O)Nc2ccc3c(c2)OCO3)ccn1;C=CCC=CCC=CCCCCCCCc1cc(O)cc(O)c1;Cc1cnc(C(=O)N2CCN(c3ncncc3C)CC2)c(F)c1
m_2c2340,NC(=O)C1(N2CCCCC2)CCN(C(=O)C2CCCCC2)CC1;Cc1nc(C)c(CN2CCN(Cc3ccccc3)CC2)s1;Cc1cc(N2CCC(N3CC(CO)OC(C)(C)C3)C2=O)n(C)n1;CCOCc1nnc(N2CCC(C3CCOC3)C2)n1CC(C)C;Cc1cc(C(=O)N2CCN(C)CC2)nn1CC(=O)NCC(C)C;Cc1noc(C)c1CCC(=O)N1CCCN(C2CCOC2)CC1;CN(CCCc1ccc(C(C)(C)C)cc1)CCc1c[nH]cn1;CCCC(C(=O)O)N1C(=O)C2CC3CCCCC3N2C(=O)C1C;Clc1cnccc1OCC1CCN(CCn2cccn2)CC1;CC(COc1ccc(Oc2ccccc2)cc1)Oc1ccccn1;Cc1cc(CC(=O)N2CCC(OCCN3CCCC3)CC2)on1;c1ccc2c(c1)Sc1ccccc1N2CC1CN2CCC1CC2;O=C(NCC(c1ccco1)N1CCOCC1)NC1CCCCC1;O=C(NC1CC(=O)N(C2CC2)C1)c1ccc(Br)cc1;CN(c1ncc(Cl)cn1)C1CCN(Cc2ncnn2C)CC1;CCCc1nnc(NC(=O)c2coc(C3CCOCC3)n2)s1;Cc1c(NC(=O)C2CC23CCS(=O)(=O)CC3)n[nH]c1C1CC1;COC(=O)C1CC12CCN(C(=O)COc1ccc(F)cc1)CC2;Cn1cc(N2CC(C(=O)N3CCOCC3(C)C)CCC2=O)cn1;CC1(C(=O)O)CCN(C(=O)C2CCC3(CC2)NC(=O)NC3=O)C1;Cn1[nH]c(=O)c2c1CN(C(=O)COc1cc(F)cc(F)c1)CC2;O=C1c2c(O)cc(O)cc2OC(c2cc(O)c(O)c(O)c2)C1O;CC(=O)N1CCC(NC(=O)N2CCC(C3CCOC3)C2)C(C)C1;Cc1ccc(Cl)c(OCC(O)CN2CCn3cncc3C2)c1;CC1(C(=O)O)CCCN1C(=O)CNC(=O)OCc1ccccc1
m_2d1eba,COc1cc(O)cc2cc3c(c(O)c12)C(=O)CC(C)(O)O3;CCCCCCCOC(=O)c1cc(O)nc2ccccc12;CC1CCC=CCC(=O)c2c(O)cc(O)cc2CC(=O)O1;CC1CCCC=CC(=O)c2c(O)cc(O)cc2CC(=O)O1;O=C(O)C(COP(=O)(O)O)NCc1ccco1;CC1(NC(=O)c2csc(S(N)(=O)=O)c2)CCOC1;CCCCC(C#N)(Cn1cncn1)c1ccc(Cl)cc1;CC(C)COP(=O)(OCC(C)C)OCC(C)C;Oc1cc(O)c2c(c1)OC(c1ccc(O)c(O)c1)C(O)C2;O=C1CC(c2ccc(O)c(O)c2)Oc2cc(O)cc(O)c21;O=C(C=Cc1ccccc1)OC1OC(CO)C(O)C(O)C1O;O=C(O)C1C2CCC(C2)N1C(=O)NC1CCCCC1;CCCN(CC(=O)O)C(=O)C1CCN(S(C)(=O)=O)CC1;COc1cc(OC)c2ccc(=O)oc2c1C(=O)C=C(C)C;CN(CCS(=O)(=O)O)Cc1c[nH]c2ccccc12;O=C(O)c1cnc2c(I)c[nH]c2c1;COc1ccc2c(c1)N(C(=O)c1cnnn1C)CC(C)O2;C=C1C(=O)OC2CC(C)=C(C(C)CCCO)C(O)C12;CC(=O)Nc1ccc(C(=O)Nc2ccc(F)cc2N)cc1;O=C(O)c1cc(-c2c[nH]c3ccccc23)nc2ccccc12;Cc1nsc(N2CCCCC2CNS(C)(=O)=O)n1;O=C1CCCC(C(=O)Nc2cnn(CC(F)(F)F)c2)N1;O=C1CC(C(=O)O)c2c1oc(=O)c1cc(O)c(O)c(O)c21;CN1CCN(C(=O)c2cc(Cl)c3ccccc3n2)CC1;Cc1cc(C(=O)N(C)Cc2ccc(C(=O)O)cc2)c(C)o1
m_2e265c,Nc1ncnc2c1ncn2C1OC2COP(=O)(O)OC2C1O;Nc1ncnc2c1ncn2C1OC(CO)C2OP(=O)(O)OC21;Cc1cc(C)c(CNC(=O)c2n[nH]c3c2CC(C)OC3C)c(=O)[nH]1;CCCn1cnnc1C1CCCCN1C(=O)c1ccc(OC)nc1;CCn1cc(CN2CCN(C(=O)c3cccs3)CC2)ccc1=O;Nc1ncnc2c1ncn2C1CC(O)C(COP(=O)(O)O)O1;COc1cccc(CN2CCN(Cc3cccnc3)CC2)c1OC;CC(C)CC(C(=O)Nc1ccc2c(c1)OCCCO2)n1cccc1;CCCn1cnnc1C1CCN(C(=O)c2ccc(OC)nc2)CC1;CC(C)CC(C(=O)Nc1n[nH]c(-c2cccs2)n1)n1cccc1;COc1ccc(C(N)=O)cc1NC(=O)C(CC(C)C)n1cccc1;CC(=CC(=O)Nc1ccccc1C(=O)O)c1ccc2ccccc2c1;O=C(NCc1nnc2n1CCCC2)c1cc(-c2cccs2)[nH]n1;COc1cccc(CCCN2C(=O)NC(Cc3cnc[nH]3)C2=O)c1;CCc1cnc(N2CCC(N3CC(=O)N(C4CC4)C3=O)CC2)nc1;CCOc1ccccc1CCNC(=O)C1CCc2nc(C)nn2C1;CC(=NNC(=O)C(c1ccccc1)c1ccccc1)c1ccccn1;CCc1cc(N2CCC(S(=O)(=O)c3ccccc3)CC2)ncn1;Cc1cc(=O)[nH]cc1C(=O)N1CCCC(c2ccc(F)cc2)CC1;CCn1nc(C(C)C)cc1C(=O)N1CCOc2cc(O)ccc2C1;COc1cc(C2CC(=O)c3cnc(N)nc3C2)cc(OC)c1OC;COc1ccccc1CCC(C)(C)NCC(O)c1ccc(O)cc1;Cc1cc(C2(NC(=O)c3cccc(C(=O)O)c3)CCOCC2)on1;COc1ccc(C2SCC(=O)N2Cc2cccc(OC)c2)cc1;COc1cc2c(cc1OC)CN(C(=O)Cn1ccccc1=O)CC2
m_2efd6f,CCCCCCCCCCCC(=O)NC(C)C(=O)O;CCCCCCCCCCCC(=O)N(C)CC(=O)O;O=C1CCC(NC(=O)C2CCc3cccnc32)C(=O)N1;CC(C)NCC(O)c1ccc(NS(C)(=O)=O)cc1;CC12CCC3c4ccc(O)cc4CCC3C1CCC2O;NC(Cc1ccc(Oc2ccc(O)cc2)cc1)C(=O)O;CCc1cnccc1C(C)NC(=O)c1cc(C)nn1C;Cc1cccc(C)c1N(Cn1cccn1)C(=O)C(=O)O;CC(C)(NC(N)=O)c1cn(CCc2cccnc2)nn1;CCO;CCO;CCO;CCO;CCO;CCO;CCO;CCO;CCO;CCO;CCO;CCO;CCO;CCO;CCO;CCO
m_2f1128,Cc1nnc(C2CCCN(S(=O)(=O)c3ccc(F)cc3)C2)s1;OCc1ncc2n1-c1ccc(Cl)cc1C(c1ccccc1F)=NC2;O=c1cccc2n1CC1CC2CN(c2nc3ccc(Cl)cc3o2)C1;COc1cc2c(cc1O)CCN1Cc3c(ccc(OC)c3OC)CC21;CC(C)(C)c1ccc(-c2nnc(NC(=O)c3cccs3)s2)cc1;Cc1ccc(S(=O)(=O)NC(Cc2ccccc2)C(=O)O)cc1;O=C(Nc1ccc(NC(=O)c2ccco2)c(Cl)c1)c1cccnc1;Cc1cnn(CC2CN(S(=O)(=O)c3cccc4ccccc34)C2)c1;Cc1sc(NC(=O)C2CC2)nc1-c1ccc2c(c1)N(C)C(=O)CO2;Cc1cc(C)c2c(CN3CCc4ccccc4C3)cc(=O)oc2c1;Cc1ccc2c(c1)N(Cc1ccc(C#N)cc1)C(=O)c1cccnc1O2;CCc1nnc(-c2cccc(S(=O)(=O)NCc3ccccc3)c2)o1;Cc1cnn(C2CCN(S(=O)(=O)c3cc(F)c(C)cc3F)C2)c1;CCN1CCCC1CNC(=O)c1cc(S(N)(=O)=O)ccc1OC;O=C(NCCNc1cc(-n2cccc2)ncn1)c1ccccc1Cl;CCOC(=O)c1cnn2ccc(NC(=O)c3ccccc3Cl)cc12;O=C1N=c2ccccc2=C1c1cc(-c2c[nH]c3ccc(O)cc23)[nH]c1O;Cc1noc(C)c1CCC(=O)NCc1cccnc1-c1cccs1;Cc1nnc(N2CC(NC(=O)Cc3cn(C)c4ccccc34)C2)s1;COc1cc2c(cc1O)C1Cc3ccc(OC)c(OC)c3CN1CC2;CC1CCc2sc(C(=O)NS(=O)(=O)CC3CCCO3)cc2C1;CC(=O)c1c(O)c(C)c(O)c2c1OC1=CC(=O)C(=C(C)N)C(=O)C12C;COC(=O)C1=C(C)NC2=C(C(=O)CCC2)C1c1ccc(O)c(OC)c1;COC(=O)C1=C(C)N=C2CCCC(=O)C2C1c1ccc(O)c(OC)c1;Cc1cc(C)c(S(=O)(=O)Nc2cccc(C(F)(F)F)c2)c(C)c1
m_2f9ab1,Cc1cc(O)c2c(c1)C(=O)c1cc(O)cc(O)c1C2=O;O=c1c(-c2ccc(O)cc2)coc2cc(O)cc(O)c12;O=c1cc(-c2ccc(O)cc2)oc2cc(O)cc(O)c12;O=c1cc(-c2ccc(O)c(O)c2)oc2cc(O)ccc12;O=c1cc(-c2ccccc2)oc2cc(O)c(O)c(O)c12;O=c1c(O)c(-c2ccccc2)oc2cc(O)cc(O)c12;O=c1oc2cc(O)ccc2c2oc3cc(O)ccc3c12;COc1ccc(-c2coc3cc(O)ccc3c2=O)cc1;O=c1cc(-c2ccccc2O)oc2cc(O)cc(O)c12;[O-]c1cc(-c2ccc3c(O)cc(O)cc3[o+]2)ccc1O;O=C(NCCN1CCOCC1)c1ccc(Cl)cc1;O=C(C=Cc1ccc(O)cc1)OC1C(OC2C(Oc3ccc(-c4cc(=O)c5c(O)cc(O)cc5o4)cc3)OC(C(=O)O)C(O)C2O)OC(C(=O)O)C(O)C1O;COc1cc(O)cc2c1C(=O)CC(c1ccccc1)O2;O=C1c2cccc(O)c2C(=O)c2c(O)cc(CO)cc21;O=c1c(-c2ccc(O)cc2)coc2cc(O)c(O)cc12;COc1ccccc1Cn1cc(CNC(=O)N(C)C)nn1;CCc1ocnc1C(=O)N1CC(C)Cc2ccccc21;Cn1cc(S(=O)(=O)N2CCCCC2)cc1C(=O)O;CCCCCCCC(O)CC(=O)NC1CCOC1=O;CC(=O)NC1CCN(C(=O)c2ccc3nc[nH]c3c2)C1;COC(O)(CC(C)C)C1Oc2cc(C)[nH]c(=O)c2O1;O=C(O)CNc1nc(C(F)(F)F)nc2ccccc12;CC12CCC3c4ccc(O)cc4CCC3C1CC(O)C2O;O=C(NCc1nn[nH]n1)c1ccn(-c2ccccc2)n1;COc1ccc2[nH]cc(CCNC(C)=O)c2c1
m_30024e,CCCN(Cc1ccc(C)cc1)C(=O)C1CCC(C(=O)O)O1;O=c1nc(NCCc2ccccc2)[nH]nc1Cc1ccccc1;Cc1ccc(CN2CCc3[nH]c4ccccc4c(=O)c3C2)cc1;O=C(OC1(C(=O)Nc2ccccc2)CCCCC1)c1ccccc1;CC(=O)NCCc1nc2ccccc2n1CCc1ccccc1;Cc1ccc2c(c1)c1c(n2CCc2ccccc2)CCN(C)C1;O=c1c2ccccc2ncn1Cc1nnc(-c2ccccc2)o1;CC(c1ccccc1)N1CCOC(C(=O)N2CCOCC2)C1;Cc1ccc(CSc2nc3[nH]c(O)cc(=O)c3s2)cc1;Cc1ccc(C)c(C(=O)NCc2ccc(-n3ccnc3)cc2)c1;Cc1cccc(CC(=O)NCCn2c(C)cc3ccccc32)c1;CC1CCC(C(C)C)C(OC(=O)NC(C)c2ccccc2)C1;Cc1cc(C(=O)NC(C)c2ccccc2)n(-c2ccccc2)n1;S=C1NCN(CCc2ccccc2)CN1CC1CCCO1;Cc1onc(-c2ccccc2)c1C(=O)NN=Cc1ccncc1;Cc1ccc(CNC(=O)COc2cccc3ccccc23)cc1;c1ccc(CCc2nn3c(-c4ccccn4)nnc3s2)cc1;C1=Nn2c(nnc2-c2ccncc2)SC(c2ccccc2)=C1;Cc1cccc(NC(=O)c2ccc(C(=O)c3ccccc3)o2)c1;Cc1nc(NC(=O)c2ccccc2)nc2cc3c(cc12)OCO3;CC(NC(=O)Cn1nnc(-c2ccccc2)n1)c1ccccc1;O=C(C1CCOCC1)N1CCCCC(c2ccc(F)cc2)C1;CN1C2CC(OC(=O)C(CO)c3ccccc3)CC1C(O)C2;Cn1nccc1C1(O)CN(C(=O)CCCC2CCCCC2)C1;CC(C)c1ccc(CNCCCSc2nnnn2C)cc1
m_31ebaa,O=C(C1CC1)N1CCCC(c2nc(Cc3ccc4[nH]ncc4c3)no2)C1;O=C1CCCN1CCN1CCN(C(=O)c2ccc(Cl)cc2F)CC1;COc1ccccc1-c1cccc2cc(C(=O)NC3CCNCC3)oc12;CNC(=O)c1ccc(NC(=O)C(C)c2ccc(C(F)(F)F)cc2)nc1;CCOc1ccc(S(=O)(=O)N2CCOc3c2c(C)nn3C)cc1C;CC(=O)N1CCC(CC(=O)N2CCCCC2CCN2CCCC2)CC1;Fc1c(C2CC2)ncnc1N1CCN(c2ncnc3cnccc23)CC1;O=C1NCCCCC1NC(=O)N1CCC(Oc2ncccc2F)CC1;CCc1ncc(CNC(=O)N2CCN(C(=O)N3CCCCC3)CC2)o1;CC(C)(C)C(=O)OCC1OC(C#N)(n2ccc(N)nc2=O)C(O)C1O;CC(C)(CNC(=O)NC1CCN(C(=O)C2CC2)CC1)C1=CCOCC1;Cc1nc2ccccc2n1C1CN(C2CCN(CC(F)(F)F)C2=O)C1;CC(=CCNc1ncnc2c1ncn2C1OC(CO)C(O)C1O)CO;COC1=CC2C3Cc4ccc(OC)c(O)c4C2(CCN3C)CC1=O;NC(=O)C1CCN(C(=O)c2ccccc2-c2ccccc2C(=O)O)CC1;CCn1cc(C(=O)O)c(=O)c2cc(F)c(N3CCNC(C)C3)c(F)c21;CC(C)=CCc1[nH]c2ccccc2c1CC1NC(=O)C2CCCN2C1=O;COc1ccc2[nH]cc(CC(=O)N3CCCCC3c3ccnn3C)c2c1;CCCCCCCCCC(=O)NC(Cc1ccc(O)c(O)c1)C(=O)O;O=C1CCCN1CCC1CN(C(=O)c2cc[nH]c(=O)c2)c2ccccc21;c1ccc2oc(-c3nnc4sc(CN5CCCCCC5)nn34)cc2c1;NCCCCN(Cc1nc2ccccc2[nH]1)C1CCCc2cccnc21;C=C1C(=O)OC2CC[N+]3([O-])CC=C(COC(=O)C(C)(O)C(C)C1C)C23;CC(C)c1cc(NC(=O)c2ccc3c(c2)[nH]c(=O)n3C2CCCC2)n[nH]1;CCC(=O)N1CCCN(C(C)C(=O)Nc2cccc(Cl)c2C)CC1
m_328338,CC(C)(C)OC(=O)NC(CC(=O)O)c1ccc(F)cc1;CN(C)Cc1cc(CN(C)C)c(O)c(CN(C)C)c1;Cc1ccc(-n2nnc(C(=O)O)c2C2CC2)cc1;O=c1nc[nH]c2c(C3NC(CO)C(O)C3O)c[nH]c12;O=C1ON=C(c2ccccc2)C1=Cc1ccc(O)cc1;Cc1cn(C2CC(O)C(CO)O2)c(=O)[nH]c1=O;CN(C)Cc1cc(C(C)(C)C)c(O)c(C(C)(C)C)c1;COC(=O)c1cnc(NC(=O)C(C)C2CC2)c(O)c1;O=C(O)CC1CCCN(S(=O)(=O)c2ccccc2)C1;CCc1ccc(C(=O)N(CCC(=O)O)C(C)C)cc1;O=C(NC1COCc2ccccc21)N1CCOCC1;COCC(=O)N(c1c(C)cccc1C)C(C)C(=O)O;CN(C)CC(c1ccc(O)cc1)C1(O)CCCCC1;CC1(C)CC1C(=O)NCc1nc2c(s1)CCCC2;CC(=O)N(O)CCCCCN1C(=O)CCC1=O;CNCCC=C1c2ccccc2CCc2ccccc21;O=C(CCCCCCC(=O)Nc1ccccc1)NO;CCCCNc1ccc(C(=O)OCCN(C)C)cc1;C=CCc1cc(C)cc(-n2nc3ccccc3n2)c1O;C=C1C(=O)OCC1CC=C(C)CC1CC(C)C(=O)O1;CC1=C2CC3OC3(C)CCC3OC3(C)CC2OC1=O;CCC(C)C(NC(=O)CCc1ccccc1)C(=O)O;CC1CCc2nc(N)c(C#N)c(-c3cccnc3)c2C1;CCCSc1ccc2nc(NC(=O)OC)[nH]c2c1;CCCCCCCCCCCCCCC(=O)O
m_347e26,CC(=O)C1(O)CCC2C3CCC4=CC(=O)CCC4(C)C3CCC21C;CCCC(NOCC)=C1C(=O)CC(CC(C)SCC)CC1=O;Nc1ncnc2c1ncn2C1OC(CO)C2OP(=O)(O)OC21;CC(=O)C1CCC2C3CCC4=CC(=O)CCC4(C)C3C(O)CC12C;CCOc1ccc(CC(=O)N2CCC(c3ccnn3C)CC2)cc1;Cc1cc(C)c(C)c(S(=O)(=O)N2CCc3ncncc3C2)c1C;CCN(CC)CCNC(=O)c1cc(S(C)(=O)=O)ccc1OC;O=C(NCC1CCCO1)NCC1(c2ccsc2)CCCC1;CNC(=C[N+](=O)[O-])NCCSCc1ccc(C[N+](C)(C)[O-])o1;COC(CCc1ccc(O)cc1)CC(=O)CCc1ccc(O)cc1;CC(C)=CC[P+](c1ccccc1)(c1ccccc1)c1ccccc1;O=C(CCc1ccc(O)cc1)CC(O)CCc1ccc(O)c(O)c1;CC(O)CCc1ccc(OC2OC(CO)C(O)C(O)C2O)cc1;C=CCc1cc(S(=O)(=O)c2ccc(O)c(CC=C)c2)ccc1O;CCOc1ccccc1CN1CCN(c2ccc(Cl)cc2)CC1;CCOc1ccc(CC(=O)NC2CCC(n3cccn3)CC2)cc1;O=C(O)CCCCCCCCCc1ccc(S(=O)(=O)O)cc1;COc1cc(=O)[nH]cc1C(=O)N1CCCCCC1c1cccn1C;CCOc1ccc(CC(=O)N2CCC(c3nncn3C)CC2)cc1;CC(=O)OCC=C(C)C=CC=C(C)C=CC1=C(C)CCCC1(C)C;Cc1ccc2oc(-c3cc(Br)ccc3O)cc(=O)c2c1;CCCCOc1ccc(S(=O)(=O)NCC2CCCO2)cc1C;C=C1CC23CC4C5C6(C)CC(O)CC57C(C2C(O)C1C(O)C37)N4C6;C=CC=CCC1=C(C)C(OC(=O)C2C(C=C(C)C)C2(C)C)CC1=O;Clc1ccc(C(OCCN2CCCCC2)c2ccccc2)cc1
m_34c00a,COc1c2c(nc3occc13)C(CC=C(C)C)(OC)C(=O)C=C2;CN1C2CCC1CC(OC(=O)C(CO)c1ccccc1)C2;CC(=O)C1CCC2C3CCC4=CC(=O)CCC4(C)C3CCC12C;C#CC1(O)CCC2C3CCC4=CC(=O)CCC4(C)C3CCC21C;COc1cc(C=CC(=O)NCCc2ccc(O)cc2)ccc1O;COC(=O)c1ccc(CC(C)NCC(O)c2ccccc2)cc1;CCOc1ccccc1NC(=O)C(=O)Nc1ccccc1CC;C#CC1(O)CCC2C3CCC4=CC(=O)CCC4C3CCC21CC;Cc1ccccc1C(C(=O)O)N1CCN(c2ncccn2)CC1;CNC(=C[N+](=O)[O-])NCCSCc1ccc(CN(C)C)o1;CCCCCCCCCCCCCCCCCCCC(=O)O;COc1c(C)cccc1C(=O)Nc1ccc2c(c1)NC(=O)CO2;OCC1OC(OCC=Cc2ccc(O)cc2)C(O)C(O)C1O;COc1cc(O)c2c(c1)C1=CC(O)C(O)CC1(C)OC2=O;CCCCCc1cc(O)c2c(c1)OC(C)(C)C1CCC(C)=CC21;CCCCOC(=O)c1ccccc1C(=O)OCc1ccccc1;COC(=O)c1ccc(CSc2nc(C)cc(C)c2C#N)cc1;CC(C)(COC(=O)c1ccccc1)COC(=O)c1ccccc1;O=C(Cn1nc(C2CC2)ccc1=O)NCCCc1ccccc1;Cc1c(O)cc2oc(-c3ccc(O)c(O)c3)c(O)c(=O)c2c1O;Cc1ccccc1OCC(=O)NCc1cc(-c2ccco2)on1;O=C(NCCc1ccc2c(c1)OCO2)c1ccccc1CCO;COc1ccc(Cc2noc(C3CCc4ncnn4C3)n2)cc1;COc1ccc(C(=O)NS(=O)(=O)C2CCCCC2)c(C)c1;OC(CN1CCN(Cc2ccccc2)CC1)c1ccc(F)cc1
m_34c315,Cn1cnc2c(N3CCCC3C(=O)NCC3CCCCC3)ncnc21;CCN1CCCC1CNC(=O)c1cc(S(N)(=O)=O)ccc1OC;CCCNCC(O)COc1ccccc1C(=O)CCc1ccccc1;O=C(Nc1cccc(Cl)c1)N1CC2CC(C1)c1cccc(=O)n1C2;O=C1CCC2(O)C3Cc4ccc(O)c5c4C2(CCN3CC2CC2)C1O5;c1nc(C2CC2)cc(N2CCC(N3CCc4sccc4C3)CC2)n1;CC(C)c1noc(CN2CCN(c3cc(C4CCC4)ncn3)CC2)n1;Cc1ccc(NC(=O)Nc2c(C)nc(N3CCCC3)nc2C)cc1F;COCC(C)N(C(=O)CS(=O)(=O)O)c1c(C)cccc1C(C)=O;Cc1[nH]c(=O)[nH]c(=O)c1CCC(=O)N1CCOCC1c1ccccc1;Cn1c(N2CCN(c3ncc(F)cn3)CC2)nc2ccccc2c1=O;COc1ccc2c(c1)C(C1CCN(C)CC1)Oc1ccccc1S2;O=C(C1CCCN(c2ccnc3ccccc23)C1)N1CCSCC1;COc1ccc(-c2nnc3n2CCN(C(=O)C2CCCNC2)C3)cc1;Cc1cc(C)n(-c2cc(N3CC(C(=O)N4CCOCC4)C3)ncn2)n1;CC1CN(CCOc2cccc(C(=O)O)c2)CC(c2ccccc2)O1;CC12CCC(=O)C=C1C=CC1C2CCC2(C)C1CCC21CCC(=O)O1;Cc1cccc2c1CCN(C(=O)C1CCC3(CC1)NC(=O)NC3=O)C2;CN(C1CCCCC1)S(=O)(=O)Nc1cccc(CCC(=O)O)c1;CC1(C)C(=O)N(CC(=O)NCc2ccccc2Cl)c2ccccc21;Cc1ccc(N2CC(N(C)C(=O)CCc3ccc(F)c(C)c3)C2)nn1;O=C1c2c(O)cc(O)cc2OC(c2cc(O)c(O)c(O)c2)C1O;COC(=O)C1C(=O)C(C(=O)C=Cc2ccco2)C(=O)CC1(C)C;Cc1nc2ccc(NC(=O)Cc3cccc4ccccc34)cc2nc1C;CN(C)CC(NC(=O)N1Cc2c(N)n[nH]c2C1(C)C)c1ccccc1
m_36d3ce,CC(=O)Nc1ccc(NC(=O)CSc2nccn2C)cc1;Cn1ccnc1SCC(=O)Nc1ccc2c(c1)OCCO2;Cn1ccnc1SCC(=O)Nc1cccc2nsnc12;Cc1cc(C(F)(F)F)nn1CCC(=O)Nc1nccs1;CC(Oc1ccc(C(C)(C)C)cc1)C(=O)Nc1nccs1;COC(=O)Nc1cccc(Oc2cc(=O)n(C)c(=O)n2C)c1;Cc1ccc(N)cc1C(=O)NC(C)c1cccc2ccccc12;O=C(Nc1nc2ccccc2s1)c1ccc2ccccc2c1;O=C(Cc1cccn1-c1ccc(Cl)cc1)NC1CCCC1;O=C(c1cccc2ccccc12)N1CC(Nc2ncccn2)C1;c1cn(C2COCC2NC2CCC3(CCCCC3)CC2)nn1;CC(C)c1nc(NC(=O)c2cc3c(Cl)cccc3[nH]2)n[nH]1;CC1CCN(c2cnn(-c3ccccc3)c(=O)c2Cl)CC1;CCC1CCCCN1S(=O)(=O)c1ccc2ccccc2c1;Fc1cccc(F)c1CNc1ncnc2c1ncn2C1CC1;Cc1nc(NCc2c(F)cccc2F)cc(C(F)(F)F)n1;CCc1ncnc(NCC2(c3ccccc3)CC(O)C2)c1F;Cc1cc(C(=O)N2CCOC(c3ccc(Cl)cc3)C2)n[nH]1;Cc1nc(C)c(CC(=O)NCc2ccc3c(c2)OCO3)s1;COc1ccccc1N1CCN(c2ccncc2Cl)CC1;COC(=O)C1=C(C)N=C2SCC(=O)N2C1c1ccccc1;CC(NC(=O)CSc1nc(N)cc(N)n1)c1ccccc1;O=c1c(O)c(-c2ccc(O)c(O)c2)oc2cc(O)cc(O)c12;Cc1cc(C)n(N=Cc2ccc3ccccc3c2)c(=O)c1C#N;Oc1cc(O)c2cc(O)c(-c3cc(O)c(O)c(O)c3)[o+]c2c1
m_370436,Cc1c(CC(=O)O)c2ccccc2n1C(=O)c1ccccc1;CCc1ccc(NC(=O)CCCCCCCCCO)cc1;COc1ccc(C(C)C(=O)c2ccc(O)cc2O)cc1;NCC(=O)N1CC(NC(=O)c2ccccc2)CC1C(=O)O;CC(C(=O)N1CCCN(CC(=O)O)CC1)c1ccccc1;O=C(C=Cc1ccc(N2CCOCC2)cc1)c1ccccc1;O=c1c(O)c(-c2ccccc2)oc2cc(O)cc(O)c12;COc1cc(O)c2c(=O)oc3cc(O)cc(C)c3c2c1;O=C(O)CCc1nc(-c2ccccc2)c(-c2ccccc2)o1;Cc1noc(C(NC(=O)c2ccccc2)c2ccccc2)n1;COC(=O)C(Cc1ccccc1)NC(=O)C(N)CC(=O)O;COc1cc(O)c2c(c1)C1=CC(O)C(O)CC1(C)OC2=O;Cc1ccc(S(=O)(=O)Nc2nocc2C2CC2)cc1C;Cc1cc(C)cc(C(=O)NOCCCCCC(=O)NO)c1;CC12CCC3C(CCC4CC(O)CCC43C)C1CCC2=O;CCCCCC=CCCCNC(CC(N)=O)C(=O)O;O=C(NCCc1ccccc1)c1cc(O)nc2ccccc12;O=c1cc(-c2ccc(O)cc2)oc2cc(O)cc(O)c12;Cc1ccc(C)c(S(=O)(=O)N2CCCC2CCC(=O)O)c1;CC12CCC3C(CCC4CC(=O)CCC43C)C1CCC2O;CC(C)(C)OC(=O)NC(CO)Cc1c[nH]c2ccccc12;CC1(C)CCCC2(C)C1C(O)C=C(CO)C2(O)CO;CCc1ccccc1OC(=O)c1cccc(-n2cnnn2)c1;N#CC1C(O)C(O)c2ccccc2N1C(=O)c1ccccc1;O=C(NCC(O)c1ccc(-c2ccco2)o1)Nc1ccccc1
m_3883ef,CCn1ccnc1N1CCN(C(=O)COc2ccc(Cl)cc2)CC1;CC(C)c1ocnc1CN1CCC(COc2ccncc2Cl)CC1;CCCc1cc(=O)nc(SCC(=O)Nc2ccc(OCC)cc2)[nH]1;Cc1cnc(-c2nc(-c3cccc(-n4c(C)c[nH]c4=O)c3)no2)c(C)c1;C=C(C(=O)O)C1CC(OC(=O)CC(C)CC)C2(C)CCCC(=C)C2C1;CCn1nc(C)c(S(=O)(=O)N2CCc3cc(C(=O)O)ccc32)c1C;Cc1noc(CC2CCCN(C(=O)NC(C(C)C)C(F)(F)F)C2)n1;CC(C)n1cnnc1C1CCN(c2ccnc(-c3ccccc3)n2)CC1;COCCCNc1c2c3c(cccc3n(C)c1=O)C(=O)c1ccccc1-2;Cc1nnc(C23COCC2CN(CCOc2ccc(Cl)cc2)C3)o1;CNC(=O)c1c(N(C)Cc2c(N(C)C(=O)NC)ncn2C)ncn1C;Cc1cc(OCC(=O)Nc2onc3c2CC(C)CC3)cc(C)c1Cl;Cc1cc(N)c(OC(C)C)cc1C1CCN(C(=O)OC(C)(C)C)CC1;COC(CCc1ccc(O)cc1)CC(=O)CCc1ccc(O)cc1;CCC1CN2CCC1CC2C(O)c1ccnc2ccc(OC)cc12;CC(=O)c1cccc(S(=O)(=O)N2CCCC(c3ccn(C)n3)C2)c1;CC=C1CC2(CO)OC2(C)C(=O)OCC2=CCN3CCC(OC1=O)C23;Cc1c(C(NS(=O)(=O)c2ccc(Cl)s2)C(=O)O)cnn1C;FC(F)(F)c1ccnc(OC2CCN(C3CCSCC3)CC2)n1;OCC1OC(OCC=Cc2ccc(O)cc2)C(O)C(O)C1O;C=C(c1ccc(C(=O)O)cc1)c1cc2c(cc1C)C(C)(C)CCC2(C)C;CCCCCCC=CCCCCCCCCCc1cccc(O)c1O;O=C(O)C(Cc1ccc(O)cc1)N=C(O)C=Cc1ccc(O)cc1;COc1cc(C=CC(=O)OC2CC3CCC2(C)C3(C)C)ccc1O;Cc1ccc(NCCNC(=O)C(C)(C)Oc2ccc(Cl)cc2)nn1
m_38941f,COc1cccc(OC)c1C(=O)Nc1cnn(-c2ccccc2)c1C;COc1ccc(NC(=O)N2CC3(CCC3)C2c2ccccc2)c(C)n1;COc1cc(OC)cc(C(=O)n2nc(C)c(-c3ccccc3)c2N)c1;COc1cccc(C(=O)Nc2ccc(C)c(-n3cnnn3)c2)c1OC;COc1cccc(C(=O)Nc2ccc(-c3nnc(C)o3)cc2)c1OC;COc1ccc2c(c1OC)CC1c3c(cc4c(c3-2)OCO4)CCN1C;COc1cc(O)c(C(=O)c2c(C)cc(O)cc2OC)c(O)c1Cl;Cc1ncn(CC(=O)NCc2cncc(-c3ccco3)c2)c(=O)c1C;CN(C)CCC=C1c2ccccc2COc2ccc(CC(=O)O)cc21;COc1cc(OC)cc(C(=O)N2CC3(CC(c4ccccc4)C3)C2)c1;COc1ccc(C(=O)Nc2ccc(Cn3ccnc3)cc2)cc1OC;COC1(C(=O)Nc2cc(C)n(-c3ccccc3)n2)CCOCC1;Cc1cc(C)n2nc(C(=O)N3CCC(Oc4ncccn4)C3)nc2n1;CN=c1[nH]c(C(N)=O)c(N=C(O)c2ccc(OC)c(OC)c2)s1;COc1ccc2cc3[n+](cc2c1OC)CCc1cc2c(cc1-3)OCO2;O=C(NCCNC(=O)c1ccccc1)NC1c2ccccc2CC1O;COc1cc(OC)cc(C(O)=Nc2ccc3nc(C)c(C)nc3c2)c1;CCC(C(=O)NCc1nccc(N2CCCCC2)n1)c1ccccc1;O=C(O)CCCCCCNC1c2ccccc2CCc2ccccc21;CC(CC1CC=CC(=O)O1)OC(=O)CCc1ccc(O)c(O)c1;NC(=O)COc1ccc(NC(=O)N2CCCC2c2ccccc2)cc1;CN1CCOc2ccc(NS(=O)(=O)C3CCCCC3)cc2C1=O;COc1cc2c(cc1CC=C(C)C)C(=O)CC(c1ccc(O)cc1)O2;CC(=O)NCC1CN(c2ccc(N3CCOCC3)c(F)c2)C(=O)O1;Cc1ccc(C)c(NC(=O)CSc2nc(C)c3c(n2)CCCC3)c1
m_3a5731,CCN(CC)CCOC(=O)C1(c2ccc([N+](=O)[O-])cc2)CCCC1;Cc1c2[n+](cc3c4c(ccc13)OCO4)CCc1cc3c(cc1-2)OCO3;Cc1cccc(C(=O)NCN2CCN(c3ccccc3C#N)CC2)c1;O=C(NCCn1ccc2ccoc2c1=O)c1ccc2nccnc2c1;CC(C)(O)C1C2OC(=O)C1C1(O)CC3OC34C(=O)OC2C14C;CSCCC(N=C(O)c1cc(-c2ccccc2)oc1C)C(=O)O;Cn1cc(C=NNC(=O)COc2ccccc2C#N)c2ccccc21;CCOc1ccc(N2CC(c3nc4ccc(C)cc4[nH]3)CC2=O)cc1;NC(=O)C1CN(C(=O)Nc2ccc(N3CCOCC3)nc2)CCO1;O=C1CCCc2cc(NCc3ccn(-c4ccccc4)n3)ccc2N1;COC12C(COC(N)=O)C3=C(C(=O)C(C)=C(N)C3=O)N1CC1NC12;O=C(NCC(O)c1ccc(-n2cccn2)cc1)c1noc2c1CCCC2;CC1(C)CC(NC(=O)c2ccnc3ccncc23)CCS1(=O)=O;CN(C)C(=O)c1ccc(CNC(=O)NC2CCCCNC2=O)cc1;CC(C)n1cnc(S(=O)(=O)NCC2(O)Cc3ccccc3C2)c1;O=C(O)CC[P+](c1ccccc1)(c1ccccc1)c1ccccc1;COc1ccc(-c2nnc3n2C(C)(C)Cc2cc(C)c(C)cc2-3)cc1;CCNC(=O)N1CCN(C(=O)c2nsc3ccc(C)cc23)CC1;COc1cc(C(=O)OCCCCNC(=N)N)cc(OC)c1O;CC(C)(C)c1cc(CC2SC(=O)NC2=O)cc(C(C)(C)C)c1O;O=C1CC2OCC=C3CN4CCC56c7ccccc7N1C5C2C3CC46;O=C(NCCN1CCOCC1)N1CCCOC(c2ccccc2)C1;CCC(C)C(=O)OCC1(c2ccc(C)cc2OC(=O)C(C)C)CO1;Cc1cc2c(cc1F)[nH]c(=O)n2C1CCN(C2CCOCC2)CC1;Cc1c2[n+](cc3cc4c(cc13)OCO4)CCc1cc3c(cc1-2)OCO3
m_3aa487,CC(C)(c1ccc(OCC(O)CO)cc1)c1ccc(OCC2CO2)cc1;CNC(=O)C1(NC(=O)c2cccc(-n3nccc3C(F)(F)F)c2)CCCC1;CCOCCOc1cccc(NC(=O)C2CCCCC2C(=O)O)c1;CCC1(C(=O)NC(C)c2ccc(Cl)cc2)C(C)C1(Cl)Cl;C=C1CC(=CC)C(=O)OC2CCN3CC=C(COC(=O)C1(C)O)C23;COC(=O)C(CC(C)C)NC(=O)CCNC(=O)c1ccc(C(C)(C)C)cc1;COc1cc(NC(=S)NCCc2ccc(F)cc2)cc(OC)c1;CC(C)c1nc(NC(=O)Cn2cnc3ccccc3c2=O)n[nH]1;CC(=O)C1(O)CCC2C3CC(C)C4=CC(=O)C=CC4(C)C3(F)C(O)CC21C;CC(O)(CNS(=O)(=O)c1ccc2c(c1)CCCC2)c1cccs1;COc1ccc(NC(=O)Nc2ccc(OC)cc2OC)c(OC)c1;COC(=O)c1cccc(NC(=O)CNC2(C(N)=O)CCCCC2)n1;CNC(=O)CN1CCC(NC(=O)N2CCC(c3ccco3)C2)CC1;COc1cc(C(=O)OCCCCNC(=N)N)cc(OC)c1O;CC(C)(c1ccc(OCC(O)CO)cc1)c1ccc(OCC(O)CO)cc1;CCN(CC)C(=O)Nc1ccc(OCC(O)CNC(C)(C)C)c(C(C)=O)c1;CC(C)(C)n1ncc2c(=O)[nH]c(NCC(O)COc3ccc(F)cc3)nc21;O=C(CN1CCCCCC1=O)NC1CCN(c2ncc[nH]c2=O)C1;Cc1c(O)cc2c(c1O)C(=O)C(O)C(c1cc(O)c(O)c(O)c1)O2;CC(=O)c1ccc(CCNS(=O)(=O)CCc2ccccc2)s1;CC(=O)c1ccc(CCNS(=O)(=O)Cc2cccc(C)c2)s1;O=C(Cc1c[nH]c2ncccc12)NCc1ccc(C(F)(F)F)cc1;O=C(NCCN1CCN(c2ccc(Cl)cc2)CC1)c1ccco1;CSc1ncccc1C(=O)N1CCC(Oc2ncccn2)C1;Cc1ccccc1-n1ncc2c(NCc3ccc(F)cc3)ncnc21
m_3ae355,Cn1c(=O)c2c(nc(N)n2CCCOc2ccccc2)n(C)c1=O;Cc1cc(C(=O)N2CCCc3cnc(N4CCOCC4)nc32)no1;CCC1CN2CCC1CC2C(O)c1ccnc2ccc(OC)cc12;COc1cc(O)cc(O)c1C(=O)CC(O)c1ccc(O)cc1;c1ccc(Nc2nc3ccccc3n2CCOc2ccccc2)cc1;O=C(NNc1c2ccccc2nc2ccccc12)c1ccc(O)cc1;Cc1nc(-n2cccc2)sc1C(=O)NC1CCn2nccc2C1;CC1C(=O)OC2CCN3CC=C(COC(=O)C(C)(O)C1(C)O)C23;Cc1ccc(OCC(=O)NCC(c2ccco2)N2CCCC2)cc1;Cc1csc(C(=O)NCC(c2ccco2)n2nc(C)cc2C)c1;O=C(NCC1COc2ccccc2O1)C1COc2ccccc2O1;Cn1ncc(C(=O)N2CCCC(c3ccnc(N)n3)C2)c1C1CC1;Nc1[nH]nc2nnc(-c3c(-c4ccccc4)nn4ccccc34)cc12;CCC1C2CC3C4N(C)c5ccccc5C45CC(C2C5O)N3C1O;CCS(=O)(=O)N1CC2CN(c3cc(=O)n(C)c(=O)[nH]3)CC2C1;O=C(NC(=S)NCc1cccnc1)c1ccc2c(c1)OCCO2;c1cc(Nc2nc3ccccc3[nH]2)cc(-c2nc3ccccc3[nH]2)c1;CC(C(=O)O)N(Cc1cccnc1)S(=O)(=O)c1ccsc1;COc1cccc(C(=O)NCC(=O)NC2CCc3cn[nH]c3C2)c1;Cc1c(C(=O)NCc2cccnc2)nnn1-c1cccc(Cl)c1;O=C(CN1CCCC1c1ccn[nH]1)NC1C2CC3CC(C2)CC1C3;CC(C)(C)N(NC(=O)c1ccc(Cl)cc1)C(=O)c1ccccc1;O=C(NCCn1nc(C(F)(F)F)ccc1=O)Nc1ccccc1;O=C(O)c1cccc(N2CCCC(C(=O)Nc3ccccc3)C2)n1;C=CCc1cc(S(=O)(=O)c2ccc(O)c(CC=C)c2)ccc1O
m_3aecdc,CCSC1=NCCN1S(=O)(=O)c1ccc(NC(C)=O)cc1;CC(C)c1nnc2ccc(SCC(=O)Nc3ccccc3)nn12;COc1cc(OC)c2c(=O)nc(-c3cc(C)c(OCCO)c(C)c3)[nH]c2c1;CNC(=O)NCCC(=O)Nc1ccc(-n2ncc3ccccc32)cc1;O=C(OCC1OC(Oc2ccccc2CO)C(O)C(O)C1O)c1ccccc1;Cc1cccc(OCc2nc(C#N)c(NCc3ccc(F)cc3)o2)c1;COCc1cccc(S(=O)(=O)N2CCC(O)(C(C)(C)C(=O)O)CC2)c1;Cc1ccccc1OCC(=O)NCC(O)(c1cccs1)c1cccs1;Cc1ccc(OCC(=O)NCCCNC(=O)c2cccnc2)cc1;Cc1ccc(S(C)(=O)=O)cc1C(=O)N1CCCCC1Cc1ccccc1;O=C(NCCNC(=O)c1ccc(Br)o1)c1cccnc1;COc1cccc(NC(=O)Nc2cc(-c3cn4ccccc4n3)ccc2C)c1;Cc1cc(C(F)(F)F)nn1CC(=O)Nc1ccc2c(c1)OCO2;N#Cc1ccccc1OCC(O)CNCCNC(=O)Cc1ccc(O)cc1;CCc1ncncc1C(=O)NC1CCN(S(=O)(=O)CC)CC1;COc1cccc(C(=O)COc2ccc(CC3SC(=O)NC3=O)cc2)c1;O=C(c1cccc(OC(F)(F)F)c1)N1CCSC(c2ccco2)CC1;O=C(NCCOCCn1cccn1)c1cc(=O)c2ccccc2o1;CCC(C)CC(C)C=CCCC(O)C(Cc1ccc(O)cc1)NC;Cc1cccc(-c2nc3nc(C)cc(Nc4cccc5nsnc45)n3n2)c1;Cn1nc(-c2cccnc2)cc1CNC(=O)CN1C(=O)CCC1=O;CCN1C=C(C(=O)OCc2c(C)noc2C)C(C)=NS1(=O)=O;COc1cc(C=CCO)cc(OC)c1OC1OC(CO)C(O)C(O)C1O;COc1cccc(C(=O)NCC(O)c2ccc(-c3ccco3)o2)c1;CC(C)CCCC(C)C1CCC2C3CCC4CC(O)CCC4(C)C3CCC12C
m_3ba5ce,Cc1cc(CNC(=O)Nc2ccc(C(N)=O)cc2)n(C)n1;O=C(Cc1cccc(F)c1)Nc1cn[nH]c1C1CCNC1;CC12CCC(=O)C=C1CCC1C2CCC2(C)C(O)CCC12;COc1ccc(C(=O)NCc2ccc(F)cc2)cc1OC;Cn1cc(C(=O)Nc2n[nH]c(-c3ccccc3F)n2)cn1;CC12CCC3C(CCC4=CC(=O)CCC43C)C1CCC2=O;CC12CCC3C(CC=C4CC(=O)CCC43C)C1CCC2=O;Cc1nccc(N2CCN(C(=O)c3cncn3C)CC2)n1;C=CCN(CC(=O)O)S(=O)(=O)c1cncc(OC)c1;COC(=O)C1CCc2nnc(Cn3nc(C)cc3C)n2C1;CC(C)Oc1ccccc1NC(=O)c1ccn(C)c(=O)c1;Cc1cc(=O)[nH]c(NC2CC(Cn3cccn3)CC2O)n1;CCc1nocc1CNc1ccc2c(c1)CCCC(=O)N2;COc1ccc(C23CCC(=O)C=C2N(C)CC3)cc1OC;CN1CCC(=C2c3ccccc3C=Cc3ccccc32)CC1;COc1cccc(OC)c1C(=O)CCc1ccc(O)cc1;COc1cc2c(cc1O)C(Cc1ccc(O)cc1)NCC2;C#CCCN1CCC2(O)c3cc(O)ccc3CC1C2(C)C;O=C(O)CCC(=O)OCCC(NC1CCCC1)C(=O)O;O=C(Cc1ccc(O)cc1)NCCc1ccc(O)c(O)c1;CCn1nc(C)c2c1C(=O)NCC(c1ccc(O)cc1)=N2;Oc1cc(O)c2c(c1)OC(c1ccc(O)c(O)c1)C(O)C2;COc1ccc(-c2ccc(=N)n(CCCC(=O)O)n2)cc1;Nc1nc(NC2CC2)c2ncn(C3C=CC(CO)C3)c2n1;COc1ccc2c3c1OC1CC(O)C=CC31CCN(C)C2
m_3ce578,COC(=O)C(NC(=O)CCn1cnc2cc(OC)c(OC)cc2c1=O)C(C)C;O=C(OCC(O)COC1OC(C(=O)O)C(O)C(O)C1O)c1ccccc1;COc1cc2c(cc1OC)C1(O)C(=O)c3ccc4c(c3OC1CO2)C1C(O4)C1(C)C;OCCC1CN(C(=S)Nc2ccccc2)CCN1Cc1ccncc1;CN1C(=O)c2ccccc2-n2c(nc3ccccc3c2=O)C12OC2c1ccccc1;CC(C)(C)c1ccc(-c2nnc3sc(-c4ccc5c(c4)OCCO5)nn23)cc1;CC=C(C)C(=O)OC(C(O)c1cc2ccc(=O)oc2cc1OC)C(C)(C)O;O=C(Nc1cccn(CC(F)(F)F)c1=O)N1CCOC(Cc2ccccc2)C1;C#Cc1cccc(Nc2ncnc3cc(OCCOC)c(OCCOC)cc23)c1;CCn1c(=O)[nH]c2cc(C(=O)Nc3cnn(Cc4cccnc4)c3)ccc2c1=O;COc1cc2c(cc1OC)C13CCN4CC5=CCOC6CC(=O)N2C1C6C5CC43;C=C(C)C1Cc2c(ccc3c2OC2C(O)Oc4cc(OC)c(OC)cc4C2C3=O)O1;C=CC1=C(C(=O)O)N2C(=O)C(NC(=O)C(=NO)c3csc(N)n3)C2SC1;CC(N)C(=O)NC(CCC(=O)O)C(=O)NC(CC(=O)O)C(=O)NCC(=O)O;CN(C)CCN1C(=O)C(=O)C(=C(O)c2ccccc2)C1c1ccc2c(c1)OCO2;COc1ccc(C2OC(c3ccc(OC)c(OC)c3)C(C)C2C)cc1OC;C=CC(C)(C)c1c2c(c(O)c3c(=O)c4ccc(O)c(O)c4oc13)C=CC(C)(C)O2;CCCCCCCOC1C(CCNCc2ccccn2)OC2OC(C)(C)OC21;NC(=O)NCCCC(NC(=O)Cc1csc(-c2ccccc2F)n1)C(=O)O;NC(=O)C1(NC(=O)c2cnn(-c3ccc(Cl)cc3)n2)CCCCC1;CC=C(C)C(=O)OC(c1cc2ccc(=O)oc2cc1OC)C(O)C(C)(C)O;COc1ccc(-c2cc(=O)c3c(OC)cc(OC)c(OC)c3o2)cc1OC;COc1ccc(CC(=O)NCC(c2cccs2)N2CCc3ccccc32)cc1;C=C1C(=O)OC2C=C(CO)CCC=C(C=O)C(OC)C(OC(=O)C(C)CC)C12;CCCCOc1ccc(C=C2Oc3ccc(C(=O)OC)cc3C2=O)cc1OCC
m_3d62dd,CN(C)c1ccc(C(=O)Nc2ccc(Cn3ccnc3)cc2)cc1;Cc1nc2c(NS(=O)(=O)c3ccc(F)c(C)c3)cccn2n1;CC(=O)Nc1ccc(CN2CC(n3cnc4ccccc43)C2)cc1;Cn1ccc2c(N3CCN(S(=O)(=O)C4CC4)CC3)ncnc21;CN(C)S(=O)(=O)c1ccc(C(=O)NCc2ccccn2)cc1;Cc1cc2c(N3CCN(S(=O)(=O)C4CC4)CC3)nccn2n1;O=C(C1CC(c2ccccc2)=NO1)N1CCCC1c1cccnc1;Cc1n[nH]c(C)c1CC(C)C(=O)NC1CCCC12CCOCC2;CCCCCC(O)C=CC1C=CC(=O)C1CCCCCCC(=O)O;Cc1ccc(C(=O)CC(C(=O)O)c2c[nH]c3ccccc23)c(C)c1;C1CCC(C23CC(CC4CCCNC42)C2CCCCN2C3)NC1;CCC(C)C(NC(=O)Cn1nc2c(cc1=O)CCCC2)C(=O)O;O=C(Cc1nc(C2CCOCC2)n[nH]1)NCCCC1CCCC1;CN1CCN(C(=O)C2c3ccccc3C=Cc3ccccc32)CC1;O=c1ccc(-c2ccncc2)nn1CC1CN(c2ncccn2)C1;CCc1ccc(C2CC(c3ccco3)=NN2C(=O)CCC(=O)O)cc1;CN(C1CCN(c2ccn3nccc3n2)C1)S(=O)(=O)C1CC1;CCCCCCC(C)(C)c1ccc(C2CCCC(O)C2)c(O)c1;O=C(Cc1c(F)cccc1Cl)NC1CN(c2ccccn2)C1;CC(=O)c1ccc(OC2OC(CO)C(O)C(O)C2O)cc1;COCc1nsc(N2CCc3cc(OC)c(OC)cc3C2)n1;CC(NC(=O)CNC(C)(C(N)=O)c1ccccc1)C(=O)N(C)C;CC(C)CC(NC(=O)Cn1nc2c(cc1=O)CCCC2)C(=O)O;CC(c1ccccc1)N1CCCC(C(=O)N2CCSCC2)C1;Cc1nc(C2CN(C)CC23CN(c2ccc(C#N)c(C)n2)C3)n[nH]1
m_3db789,O=C(NCc1ccccc1)Nc1c(-c2ccccc2)nc2ccccn12;CN(C)S(=O)(=O)c1ccc(Nc2cccc(C(F)(F)F)c2)nc1;CCn1c(SCC(=O)Nc2ccccc2C)nnc1-c1ccco1;CCCC(=O)NCC(=O)Nc1cnc(N2CCOCC2)nc1;O=C1CCC(NC(=O)CCc2ncc(-c3ccc(F)cc3)o2)C(=O)N1;CN(C)C(CNS(=O)(=O)Cc1cc(F)ccc1F)c1ccco1;CCCCCn1cc(C(=O)c2cccc3ccccc23)c2ccccc21;COc1ccc(S(=O)(=O)NC(=O)C2CCCOCC2)c(C)c1C;Cc1cc(NC(=O)NCc2ccc(F)c(F)c2)nn1-c1ccccc1;Cc1cnn(C2CCN(S(=O)(=O)c3cc(F)c(C)cc3F)C2)c1;COc1cc(NS(=O)(=O)c2ccc(C(=O)O)c(Cl)c2)nn1C;N#Cc1ccccc1C=CC=CC(=O)N1CCN(c2ccccn2)CC1;CCNc1ncc(C(=O)N2CCN(c3ccccc3)CC2CC)s1;O=C(Cn1cccn1)N1CCc2nc3ccc(Cl)cn3c(=O)c2C1;Cc1nc2cccc(C)n2c(=O)c1NC(=O)c1ccc2ccccc2c1;COc1ccc2[nH]cc(CCN3C(=O)NC(CCC(=O)O)C3=O)c2c1;CCCOc1ccc(-c2csc(NC(=O)c3ccn(C)n3)n2)cc1;COc1ccc2[nH]cc(CCn3c(O)c(CCC(=O)O)[nH]c3=O)c2c1;O=C(Nc1ccc2nc(-c3ccco3)[nH]c2c1)c1cccn2ccnc12;OCC1OC(OC2(CO)OC(CO)C(O)C2O)C(O)C(O)C1O;Cc1nc(C)c(C(=O)N2CCC(S(=O)(=O)CC(C)C)CC2)s1;CC(C)=CCc1cc(-c2coc3cc(O)ccc3c2=O)ccc1O;COc1cccc(CN2CCC3CN(c4ccccn4)CC32)c1Cl;Cn1cc(-c2cccs2)nc1CCNC(=O)Cc1ccc(F)cc1;O=S(=O)(c1cccc(C(F)F)c1)N1CCN(c2ncn[nH]2)CC1
m_3dc915,Cc1[nH]c2c(C)cccc2c(=O)c1CN1CC2(C)CC1CC(C)(C)C2;CCc1cc(NC(=O)NC(C)c2nc(C(C)(C)C)cs2)n(C)n1;O=C(CC1CC2CCC(C1)N2)N1CCN(C(=O)C2CCCO2)CC1;COCCN1CCC(NC(=O)C(=O)Nc2ccc(C)cc2F)CC1;Cc1cc(C)cc(OCC(=O)NN=Cc2cnc3ccccc3n2)c1;Cc1cc(C(C)Nc2ccc(-c3cn4c(n3)CCCC4)cc2)nn1C;CCCCCC(=O)C=CC1CCC(=O)C1CC=CCCCC(=O)O;CCC(CO)N1CCN(C(=O)c2cc(NC(C)=O)ccc2F)CC1;CCC(O)C=CC=CCC=CCC=CCC=CCCCC(=O)O;Cc1nc(N2CCC(N(C)S(C)(=O)=O)CC2)c2ccncc2n1;CCC=CCC=CC=CC(O)CC=CCC=CCCCC(=O)O;Cc1cccc(C(=O)NCN2CCN(c3ccccc3C#N)CC2)c1;CCCCCC(=O)C=CC=CCCCCCCCC(=O)O;CCCCCC(=O)C=CC=CCC=CCC=CCCCC(=O)O;CC(Cc1nc(-c2ccccc2)no1)NC(=O)c1n[nH]c2c1CCC2;Cc1ccc(C)c(-n2ncc(NCc3nnc4n3CCCC4)c2C)c1;CCCCCC=CCC(=O)C=CC=CCC=CCCCC(=O)O;COCCN(CC1(C)CCOCC1)C(=O)C(C)Oc1ccccc1;CCc1cccc2c(CCN=C(O)c3ccccc3OC)c(C)[nH]c12;CC(C)(C)NC(=O)C1CC2CCCCC2CN1CC(O)C(Cc1ccccc1)NC(=O)C(CC(N)=O)NC(=O)c1ccc2ccccc2n1;CC(C)=CCCC(=CCCC(C)=CCCC(=CCO)CO)C(=O)O;CC(C)c1ccc2c(c1O)CCC1C3=C(CCC21C)C(=O)OC3;CC(=NNC(=O)c1ccccc1C)c1ccc(N2CCCCC2)cc1;Fc1cccc2oc(N3CCCCC3c3nc4ccccc4[nH]3)nc12;Cc1ccc(-c2ccc(N3CCN(C(=O)C4CC4)CC3)nn2)c(C)c1
m_3f6bab,C=CC12CN(C)C3C4COC(CC41)C1(C(=O)Nc4ccccc41)C32;CC(C)=CCc1cc2c(=O)cc(-c3ccc(O)cc3)oc2cc1O;CC(C)=CCc1c(O)cc(O)c2c1OC(c1ccccc1)CC2=O;COC(=O)C1Cc2c([nH]c3ccccc23)C(c2ccc(F)cc2)N1;COc1c2occc2c(OCC=C(C)C)c2ccc(=O)oc12;COc1ccc(-c2ccccc2)cc1NNC(=O)OC(C)C;CN1CC2(CC3CCC(C2)N3c2ncc(Cl)cn2)OCC1=O;CCCNC(=O)C1CCCN(c2nc(C(F)(F)F)ns2)C1;CNC(=O)C1CCCN(S(=O)(=O)c2cccc3ccoc23)C1;CCOC(=O)Nc1cccc(OC(=O)Nc2ccccc2)c1;CCn1c(SCc2ccc(C)cc2)nc2c(O)ncnc21;COc1cccc(-c2[nH]c3ccccc3c2C2CCC(=O)N2C)c1;COc1ccc2c(c1OC)OC1c3ccc(O)cc3OCC21;Cc1cc(S(=O)(=O)N2CCOCC2)c2nc(O)cc(C)c2c1;C=CC1CN2CCC1CC2C(O)c1ccnc2ccc(OC)cc12;CNCc1ccc(-c2[nH]c3cc(F)cc4c3c2CCNC4=O)cc1;CCCc1cc2c(=O)c(-c3ccccc3)coc2cc1OC(C)=O;CCC12C=C(C(=O)O)n3c4c(c5ccccc53)CCN(CCC1)C42;COc1cc2c(cc1OC)C(=Cc1ccc3c(c1)OCO3)C(=O)OC2;Cc1cc(NC(=O)c2ccc(S(=O)(=O)N(C)C)cc2)n(C)n1;CN(C(=O)COc1ccc(F)cc1)C1CN(c2nccnc2C#N)C1;NC(=O)c1cccc2[nH]c(-c3ccc(C4CCCN4)cc3F)nc12;CC12OC1C(O)c1c(cc(O)c3c1C(=O)c1cccc(O)c1-3)C2=O;N#Cc1ccccc1Cn1nc(-c2cccs2)n(C2CC2)c1=O;CC(C)NC(=O)CN(C)c1nnc(Cc2ccc(F)cc2)s1
m_3f8028,CN(C)CCN(Cc1ccccc1)c1ccccn1;CN(C)C(=O)c1ccc(NCc2ccncc2)cc1;CCCc1nc2c(C)cc(-c3nc4ccccc4n3C)cc2n1Cc1ccc(-c2ccccc2C(=O)O)cc1;O=C(O)c1cnn(-c2ccccc2)c1C(F)(F)F;O=C1OC(c2ccc(O)cc2)Cc2cccc(O)c21;CC(C(=O)O)c1ccc2c(c1)Cc1cccnc1O2;CNC(=O)c1ccc(C)c(NCc2ccncc2)c1;CCC(=O)Nc1cccc(OCc2cccnc2)c1;C[N+](C)(CCOc1ccccc1)Cc1ccccc1;Cn1ccc(-c2nc3ccccc3n2CC(=O)O)n1;O=C(Cc1cccnc1)NC(CO)c1ccccc1;OCC(O)C(O)C(O)C(O)C(O)CO;O=C(C=Cc1ccc(O)cc1)c1ccc(O)cc1O;CC(C)(C)CC(=O)Nc1nc(CC(=O)O)cs1;O=C(O)c1ccccc1C(=O)OCc1ccccc1;Cc1cccc(C(=O)O)c1NC(=O)c1ccncc1;CN1CCCCC1c1ccc(-c2cccnc2)nc1;O=C(O)c1c(C(=O)O)c2ccccc2[nH]c1=O;O=c1c(-c2ccc(O)cc2)coc2cc(O)ccc12;CC(=O)N(C)C1C2CN3CCC(O2)C13;COc1cc(C=Cc2ccc(O)cc2)cc(OC)c1;Cc1ccccc1NC(=O)Cn1ccnc1C1CC1;Cc1c(CO)cccc1Nc1ccccc1C(=O)O;Cc1ccc(C=C2C(=O)C3(C)CCC2C3(C)C)cc1;CN1CC(CO)CC2c3cccc4[nH]cc(c34)CC21
m_3ff7be,CC1CC(C)CN(c2cnn(Cc3ccc(F)cc3)c(=O)c2Cl)C1;Cc1n[nH]c(C)c1C1CCCN1C(=O)NCCc1c[nH]c2ccccc12;Cc1cc(=O)c(-c2noc(C(c3ccccc3)C(C)C)n2)c2n1CCC2;Cc1ccc(S(=O)(=O)N2CCC(c3nccn3C)C2)cc1N(C)C;O=c1cccc2n1CC1CC2CN(Cc2cccc(C(F)(F)F)c2)C1;CC(Cc1cccc(C(F)(F)F)c1)NCCOC(=O)c1ccccc1;Cc1ccnc(N2CC3CN(c4ccc(C(F)(F)F)nc4)CC3C2)n1;C=C1CC(=CC)C(=O)OC2CC[N+]3([O-])CC=C(COC(=O)C1(C)O)C23;O=S(=O)(C1CC1)N1CCN(Cc2cccc(C(F)(F)F)c2)CC1;CC=C1CC2(CO)OC2(C)C(=O)OCC2=CCN3CCC(OC1=O)C23;Cc1noc(C)c1S(=O)(=O)N1CC2CN(c3cnccn3)CC2C1;O=C(NCc1cccc(C(F)(F)F)c1)c1ncoc1C1C2CNC1C2;Cc1nc2ccccc2c(=O)n1-c1cccc(NC(=O)CC(C)(C)C)c1;C=C(C)C1C2OC(=O)C1C1(O)CC3OC34C(=O)OC2C14C;CN1C(=O)COc2c(C(=O)NC3CN4CCC3CC4)cc(Cl)cc21;Cn1nc(C(=O)N2CCc3nc4cc[nH]n4c(=O)c3C2)c2ccccc21;OC1C=CC(O)C23OC12C(O)C=CC31Oc2cccc3cccc(c23)O1;COc1c(O)cc2c(c1O)C1OC(CO)C(O)C(O)C1OC2=O;CCOc1ccc(-n2ccnc(NCCCc3ccccc3)c2=O)cc1;CCCCS(=O)(=O)N1CCN(c2ccc(-n3cccc3)nn2)CC1;O=C(Cn1cnc2ccccc2c1=O)NC(Cc1ccccc1)C(=O)O;Cc1nc2ccccc2n1C1CN(C(=O)C2(c3ccc(F)cc3)CC2)C1;CCN(C(=O)C1CN(c2cc(-n3cncn3)ncn2)C1)c1ccccc1;CCC=CCC(O)C(O)CCC(O)CCCCCCCC(=O)O;CCOc1nccnc1N1CCC(NS(=O)(=O)c2cccnc2)C1
m_402004,Cc1c(OCC(=O)NCc2ccco2)c(=O)ccn1CCC(C)C;C=C1CC(=CC)C(=O)OC2CCN3CC=C(COC(=O)C1(C)O)C23;Cc1cc(C(=O)Nc2cc(C)nn2-c2ccccc2)nc(C2CC2)n1;CC(OP(=O)(O)O)C(NCC(O)C(O)C(O)CO)C(=O)O;CCn1cc(C(=O)O)c(=O)c2cc(F)c(N3CCN(C)CC3)cc21;CC(C)(C)c1nc2ccccc2n1C1CN(S(=O)(=O)C2CC2)C1;Cc1cc(NC(=O)c2ncnc3c2CCCC3)n(-c2ccccc2)n1;Cc1ccc(CNn2cnnc2SCC(=O)NC(C)(C)C)cc1;c1ccc2oc(N3CCN(Cc4cn5ccccc5n4)CC3)nc2c1;COCCCNc1nc2c(-c3ccccc3)nnn2c2ccccc12;CN(C)C(=O)N1CCN(C(=O)C2CCn3cncc3C2)C(C)(C)C1;CCN1CCCC(N2CC(NC(=O)Cc3cc(C)nn3C)C2)C1=O;Cn1ncc2c(N3CCCC4(C=Cc5ccccc5O4)C3)ncnc21;CN1CCc2c(c3ccccc3n2Cc2ccc(C(=O)NO)cc2)C1;c1nc(C2CCC2)cc(N2CCN(c3ncnc4cc[nH]c34)CC2)n1;CC(C)CN1C(=O)CC(N2CCN(c3ccc(F)cc3)CC2)C1=O;Cn1c(N2CCCC(c3nc4ccccc4o3)C2)nc2cccnc21;c1ccc(Cn2cnnc2C2CCCN(Cc3ccccn3)C2)cc1;Cn1cnc2ncnc(N3CCN(Cc4ccc(C#N)cc4)CC3)c21;CC1(C)c2[nH]c3ccccc3c2CC23CN4CCCC4(CC21)C(=O)N3;CCC(C)CC(C)C=CCCC(O)C(Cc1ccc(O)cc1)NC;CC(C)C1(O)C=C2C(=O)CC3C(C)(C(=O)O)CCCC3(C)C2CC1;CC=C(C)C(=O)OC1CC(C)=CC(=O)C2(C)CCC(O)(C(C)C)C12;CCOc1ccccc1C=NNC(=O)c1cc2ccccc2nc1C;CNC(=O)c1ccc(OC)c(NC(=O)CNC(=O)CNC(C)=O)c1
m_417c79,CC(C)CCSc1nnc(Cn2c(=O)sc3ccccc32)n1C;CCCCNc1cc(C#N)ccc1S(=O)(=O)NCCc1cn[nH]c1;O=C(O)Cn1cc(C(=O)N2CCN(c3cccc(Cl)c3)CC2)nn1;CCc1ccc(C2CC(c3ccccc3OC)n3nc(N)nc3N2)cc1;Fc1ccc(-c2nc(-c3c(F)cccc3F)[nH]c2-c2ccncc2)cc1;Cc1nn2c(CNC(=O)c3cccnc3)c(-c3ccccc3)nc2s1;CC(C)N1CCN(c2cc(-c3ccccc3)c(C(F)(F)F)nn2)CC1;CC1(O)CN(C(=O)c2cn(C(C)(C)C)nc2-c2ccc(F)cc2F)C1;CCOC(=O)C1CCN(c2cc(=O)n(C3CCCCC3)c(=O)[nH]2)CC1;COC(=O)c1ccccc1N(C)C(=O)CN1CCCC(O)(C(N)=O)C1;O=C(O)c1cn(CCNS(=O)(=O)c2ccc(F)c(Cl)c2)nn1;CCN1CCN(C(=O)c2ccc(COc3cccc(Cl)c3)o2)CC1;CCNc1nc(NC(C)C)nc(SCCOc2ccc(C)cc2)n1;COCCCNC(=O)C(C)N1c2cccc3cccc(c23)S1(=O)=O;CCOC(=O)N1CCC(NC(=O)c2ccnc(OCC3CC3)c2)CC1;Cc1nnc(-c2ccc3ccn(CC(=O)Nc4ccccc4F)c3c2)o1;CC(C)(C)C1(O)CC2OC(=O)CC23C(=O)OC2OC(=O)C(O)C231;O=C(Cc1ccccc1Cl)N(Cc1cccs1)C1CCOCC1;CC(C)CS(=O)(=O)C1CCCN(C(=O)c2cc3ccccc3o2)C1;O=C(COc1ccc(Cl)cc1)NCC1(c2ccsc2)CCCC1;Cc1oc(-c2cccs2)nc1CC(=O)N1CCC(O)(C(N)=O)CC1;Cc1cccc(Nc2ccncc2S(=O)(=O)NC(=O)NC(C)C)c1;CCc1nsc(N2CCN(C(=O)Nc3cn(C)nc3CC)CC2)n1;CN1CCc2c(sc3c2C(=O)NC(c2ccc4ccccc4c2)N3)C1;CC(=O)N1CCN(c2cc(-c3ccccc3)c(C(F)(F)F)nn2)CC1
m_43683b,COCC(=O)Nc1ccccc1NC(=O)c1ccccc1;O=C(C=Cc1ccc(O)c(O)c1)OCCc1ccccc1;COC(=O)C(Cc1ccccc1)NC(=O)c1ccccc1;CCc1ccc(NC(=O)c2ccc(OC)c(OC)c2)cc1;O=C(NCCCOC(=O)c1ccccc1)c1ccncc1;O=C(C=CC=Cc1ccc2c(c1)OCO2)N1CCCCC1;O=C(CCc1ccccc1)CC(O)CCc1ccccc1;CC1CCC2C(C)C(=O)OC3OC4(C)CCC1C32OO4;COc1ccc(-c2cc(=O)c3c(O)cc(O)cc3o2)cc1;O=C(Oc1ccc2ccccc2c1)c1ccccc1;CC(C)c1ccc(C(=O)N=C(N)N)cc1S(C)(=O)=O;O=C(Nc1nncn1C1CC1)C1CCOc2ccccc21;CC(C)c1ccc2c(c1)CCC1C(C)(CN)CCCC21C;C=C1CC(O)CC2CCC3C4CCC(=O)C4(C)CCC3C12C;CCOC1Oc2ccc(OS(C)(=O)=O)cc2C1(C)C;Cc1cc(NC(=O)N2CCC(c3ccccc3C)C2)no1;NC(CNC(=O)c1c[nH]cc1-c1ccc(F)cc1)C1CC1;CC(C)(C)C(NC(=O)c1cccc(=O)[nH]1)c1ccccc1;O=c1c(O)c(-c2ccc(O)c(O)c2)oc2cc(O)ccc12;CCC(NC(C(=O)O)C(C)OP(=O)(O)O)C(=O)O;C=C1C(=O)OC2CC(C)=C(C(C)CCCO)C(O)C12;Cc1cc(CNC(=O)N2CCCC2c2ccccc2)no1;CCO;CCO;CCO
m_436a8d,CCn1c(SCc2ccccc2C#N)nnc1-c1ccc(N)cc1;CC(C(=O)NCC1CCOCC1)n1nc(C(F)(F)F)ccc1=O;Cc1c(C(=O)NC2(C)CCOCC2)cnn1-c1ccccc1Cl;O=C(NCC1CCCCN1)c1cc(O)ccc1OCC(F)(F)F;N#Cc1ccc2[nH]c(O)c(-c3ccc(CN4CCOCC4)cn3)c2c1;O=C(Nc1cnc(-c2ccncc2F)c(-c2cccnc2)n1)C1CC1;CNC(=O)CN1CCN(c2ccc3ccc(Cl)c(C)c3n2)CC1;CCOCc1nnc(NC(=O)Cc2ccc(OC)c(OC)c2)s1;Cc1ccc(CNc2ncnc3ccc(-c4ccc(CO)o4)cc23)o1;CC(C)(C)C1CCc2c(sc(NC(=O)C3CCCO3)c2C#N)C1;COC(=O)c1cccc2sc(C(=O)N3CC(=O)NC(C)C3)cc12;O=C(Nc1nc2c(s1)CCCC2)c1coc(C2CCOCC2)n1;CCOc1ccccc1C=NNC(=O)c1cc2ccccc2nc1C;Cc1sc2ncnc(N3CC(Cn4cc(Cl)cn4)C3)c2c1C;COC(CNC(=O)c1cnc(-c2ccccc2)nc1)c1ccccc1;CNC1=C(c2cccc(C(F)(F)F)c2)C(=O)C(c2ccccc2)O1;CC1CN(CC(=O)Nc2sc3c(c2C#N)CCCC3)CC(C)O1;COc1cc(C=CC(=O)N2C(=O)C=CCC2O)cc(OC)c1OC;CNC(=O)NC(=O)Cn1cnc2sc3c(c2c1=O)CCCCC3;CC=C(C)C(=O)OC1CC(C)=CC(=O)C2(C)CCC(O)(C(C)C)C12;Cc1cccc(CC(=O)NCc2cccc(Oc3ccccn3)c2)c1;CCOc1ccc(N2CC(c3nc4ccc(C)cc4[nH]3)CC2=O)cc1;NC(=NN=Cc1ccc(Cl)cc1)NN=Cc1ccc(Cl)cc1;CC(C)=CCc1c2c(c(O)c3c(=O)ccoc13)C=CC(C)(C)O2;CCCc1c(C(=O)NC2CCCC2)nnn1-c1ccc(Cl)cc1
m_436c77,CCOc1cc(C(=O)NC2CCCCC2C)cc(OCC)c1OCC;CC12CCC(O)CC1=CCC1C2CCC2(C)C(c3cccnc3)=CCC12;O=C(NCC1(N2CCCCC2)CCCCC1)N1C2CCC1CC(O)C2;CCC(=O)N1CCCN(C(C)C(=O)Nc2cccc(Cl)c2C)CC1;Cc1csc(CN2CCN(C(=O)COc3ccccc3F)CC2)n1;CCCCCCCCCCCCC(=O)NCCc1ccc(O)c(O)c1;CC(C)C(C(=O)N1CCOC(c2cccc(F)c2)C1)N1CCCC1=O;CC(=O)N1CCC(CC(=O)N2CCCCC2CCN2CCCC2)CC1;CC(C)(C)n1cc(NC(=O)N2CCCC(CN3CCOCC3)C2)cn1;CC1Nc2ccnn2C(C)C1CCC(=O)NCC(C)N1CCOCC1;CCCCCCCCCCCCCCCCNCCS(=O)(=O)O;NCCCCN(Cc1nc2ccccc2[nH]1)C1CCCc2cccnc21;CCCCCCCCCCCCCCNc1cc(C(=O)O)ccc1O;CCCCCCCCCCCCCCCCNCCP(=O)(O)O;CCCCCCCCCCC=CCNC(Cc1cncn1C)C(=O)O;CCCCCC=CCCCCCCC=CC=CC(O)=NCC(C)C;O=C(Nc1cc(F)ccc1OCC1CC1)N1CCC(C2CCOC2)C1;CN1C2CCC1CN(C(=O)C(=O)NCC(C)(C)N1CCCCC1)CC2;CCOC(=O)C1CCN(c2cc(=O)n(C3CCCCC3)c(=O)[nH]2)CC1;O=C(CN1CCCCCCC1=O)NC(c1ccccc1)c1ccccn1;CCCCCCCCCCCCCCNc1c(O)cccc1C(=O)O;C=C1CCC2C(C)(CO)C(O)CCC2(C)C1CC(O)C1=CCOC1=O;O=C(Nc1nnc(CC(F)(F)F)s1)N1CCCC1C1CCCO1;COc1ccc(CCOC2CCCCC2N2CCC(O)C2)cc1OC;CC1CN(C(=O)NCc2ccc(C(N)=O)o2)CCN1CC(F)(F)F
m_43e809,COc1ccc2c(c1OC)CC1c3c(cc4c(c3-2)OCO4)CCN1C;CCNc1ccnc(N2CCN(c3nccn4c(C)nnc34)CC2)n1;Cc1ncn(CC(=O)NCc2nccnc2-c2ccco2)c(=O)c1C;c1ccc(N2CCN(N=C3c4ccccc4-c4ccccc43)CC2)nc1;COc1ccc(NC(=O)N2CC3(CCC3)C2c2ccccc2)c(C)n1;Cc1cccc(CCC(=O)N2CCC(Oc3cc(C)nc(C)n3)C2)c1;COc1cccc(C(=O)Nc2ccc(-c3nnc(C)o3)cc2)c1OC;CCN(C(=O)c1nnn(-c2ccc(OC)cc2)n1)c1ccccc1C;Cc1ccc(Cn2cc(CN3CCN(c4ccccc4)CC3)nn2)o1;Cn1cc(S(=O)(=O)N2CCCN(C(=O)c3ccco3)CC2)cn1;CC1=CC(=O)CC2C1(C)CCC(C)C2(C)CCC(C)CC(=O)O;CCC(C)CC(=O)OC1C(=O)C(CO)=CC(OC(C)=O)C1C(C)C;C#CC1(O)CCC2C3CCC4=Cc5oncc5CC4(C)C3CCC21C;COc1cccc(C(=O)Nc2ccc(C)c(-n3cnnn3)c2)c1OC;COc1cccc(OC)c1C(=O)Nc1cnn(-c2ccccc2)c1C;CC(=O)NCC1CN(c2ccc(N3CCOCC3)c(F)c2)C(=O)O1;CCOc1ccc(CNCC2(c3ccccc3)CCCC2)cc1OC;COc1ccc2c(c1OC)CN1CCc3cc4c(cc3C1C2)OCO4;Cc1ncn(CC(=O)NCc2cncc(-c3ccco3)c2)c(=O)c1C;Cc1c(S(=O)(=O)N2CCc3sccc3C2C(=O)O)cnn1C;CN(C)c1cc(N2CCN(c3ncnc4c3cnn4C)CC2)ncn1;COc1cc2c(cc1CC=C(C)C)C(=O)CC(c1ccc(O)cc1)O2;COc1cc(OC)cc(C(=O)n2nc(C)c(-c3ccccc3)c2N)c1;Cc1nnc2ccc(N3CCN(c4cc(N(C)C)ncn4)CC3)nn12;CCn1cc(S(=O)(=O)N2CCCC(c3ccn(C)n3)C2)nc1C
m_444a56,OC1CCCC(N(Cc2ccccc2)Cc2ccccc2)C1;N#CCCN(Cc1ccccc1)C(=O)C1CCCCC1C(=O)O;NS(=O)(=O)C1CCCN(C(=O)OCc2ccccc2)C1;COCC(=O)N(c1c(C)cccc1C(=O)O)C(C)C(=O)O;CCOCCN(C(=O)CCl)C(=C(C)C)c1ccccc1;COc1ccc(C)cc1NC(=O)C(=O)NCc1ccccc1;CC(=O)Nc1ccc(NC(=O)COCc2ccccc2)cc1;Cc1ccc(C(=O)CC(NCc2ccccc2)C(=O)O)cc1;CC(C)(O)c1cn(CC2CC(=O)N(Cc3ccccc3)C2)nn1;COc1ccccc1CNC1CCCNC1c1ccccc1;COc1ccc(C)cc1S(=O)(=O)N1CC(O)(C2CC2)C1;NCCC(Oc1ccc(C(F)(F)F)cc1)c1ccccc1;O=C(CCNNC(=O)c1ccncc1)NCc1ccccc1;CN1C(=O)C(O)C(c2ccccc2)C1C(O)c1ccccc1;CC(C)c1ccc(C(=O)N2CCc3nc(N)ncc3C2)cc1;O=C(c1ccc(OCc2ccccc2)cc1)C1CCNCC1;OC(c1ccccc1)c1nc2ccccc2n1Cc1ccccc1;CC(C)N(CCC(c1ccccc1)c1ccccc1)C(C)C;CCCCCCCCCCCCCN1CC(C)OC(C)C1;COc1cc(CCc2ccccc2)cc(O)c1CC=C(C)C;O=C(c1cccc(Cn2ccnn2)c1)N1CC2COCC2C1;O=C(CCC(=O)NN=Cc1ccc[nH]1)NN=Cc1ccc[nH]1;O=C(CCc1ccc(O)cc1)c1c(O)cc(O)cc1O;OC(CN1CCN(Cc2ccccc2)CC1)c1ccc(F)cc1;CC1c2ccccc2CCN1c1ssc(=O)c1Cl
m_44cb82,O=C(COc1ccccc1Cl)Nc1cnn(Cc2ccccc2)c1;Cc1ccc(-n2ncc(SCc3ccccc3)c(Cl)c2=O)cc1;c1ccc(CNc2nc(NCc3ccccc3)c3ccccc3n2)cc1;COCC(NC(=O)OCc1ccccc1)C(=O)NCc1ccccc1;Cn1c(N2CC3CN(Cc4ccccc4)CC3C2)cc(=O)n(C)c1=O;CCc1cccc(C)c1NC(=O)CC(NCc1ccccc1)C(=O)O;COC(=O)C1C(=O)C(C(=O)C=Cc2ccco2)C(=O)CC1(C)C;CCc1nnc(-c2cccc(S(=O)(=O)NCc3ccccc3)c2)o1;CCN(Cc1ccccc1)C(=O)c1cn(-c2ccccc2Cl)nn1;CC(Cc1ccccc1)NCCn1cnc2c1c(=O)n(C)c(=O)n2C;O=C(NCc1cnn(Cc2ccccc2)c1)N1CCOCC2(CC2)C1;CCC(C(=O)N1CCN(c2cccc(Cl)c2)CC1)c1ccccc1;CC1(CNC(=O)N2CC(=O)NC3CCCCC32)Cc2ccccc2C1;CCCC(NC(CCC)C(O)c1ccccc1)C(O)c1ccccc1;CCC(C(=O)NCC1CCN(CC(F)(F)F)CC1)c1ccccc1;O=C(O)CNC(=O)c1c(=O)cc(CCc2ccccc2)n2[nH]cnc12;COC(=O)c1cc(O)cc(O)c1C(=O)c1c(O)cc(C)cc1O;Clc1ccc(C2=CSc3nnc(Cc4ccccc4)n3N2)cc1;CCOc1cccc(CNCC2CCCO2)c1OCc1ccccc1;CC(C)(O)C(=O)c1ccc(Cc2ccc(C(=O)C(C)(C)O)cc2)cc1;CC(O)(CCc1ccccc1)CNC(=O)Nc1ccc2c(c1)OCO2;COc1cc(C=CC(=O)CCCCc2ccccc2)cc(OC)c1O;CCC(C(=O)NCCc1csc(-n2cccn2)n1)c1ccccc1;COC(=O)c1ccc(CSc2nnnn2Cc2ccccc2)cc1;O=C(O)c1cncc(C(=O)N2CCC(COCc3ccccc3)C2)c1
m_451ad6,Cc1sc(C)c(CN2CCCCC2)c1CN1CCCCC1;CCc1ccsc1C(=O)N1CCC(N2CCNC2=O)CC1;COc1cc(Cc2c(N)nc(N)nc2O)cc(OC)c1OC;Oc1cc(O)c2c(c1)OC(c1cc(O)c(O)c(O)c1)C(O)C2;COc1ccc(F)cc1CNC(=O)N1CCC2(CCC2)CC1;O=C(Cc1cccc2ccccc12)Nc1onc2c1CCCC2;COc1nn(C)cc1C(=O)NC1CN(c2nnc(C)s2)C1;COc1nn(C)cc1C(=O)NCCc1ccc(C(C)=O)s1;COC(=O)C(c1ccc(F)cc1)N(C)CCC1CCOCC1;CN(C)c1ccc(S(=O)(=O)N2CCCC2C2CCC2)cn1;CC(C)N1CC(C)(C)N=C1C(C#N)c1cnnc2ccccc12;CN1C2CCC1CC(OC(c1ccccc1)c1ccccc1)C2;OC(Cn1cncn1)(Cn1cncn1)c1ccc(F)cc1F;Cc1ccc(C(C)C)c(OCC(O)CNCC2CCCO2)c1;CC(C)NCC(O)COc1ccc(CCOCC2CC2)cc1;COc1c2c(cc3c1C(CC(O)C(C)C)N(C)CC3)OCO2;CCCCCCCCCCCCN(C)CCS(=O)(=O)O;Cc1ccc2nc(NC(C)(C)CO)nc(-c3ccccc3)c2c1;CCCc1cc2c3c(c(=O)oc2cc1OC(C)=O)CCC3;Cn1cc(-c2ncccc2CNC(=O)c2cncc(F)c2)cn1;CC(=O)NCCc1nc2ccccc2n1CCc1ccccc1;CN(c1ccnc(C2CC2)n1)C1CN(c2nccnc2C#N)C1;CCO;CCO;CCO
m_45d613,CCOC(=O)C(Cc1c[nH]c2ccccc12)NC(=O)c1ccco1;O=C(COCc1ccccc1)NCc1cc(-c2ccoc2)cs1;CCN(CC)CCOc1nc(SC)nc2sc(C)c(C)c12;COc1cc2c(c3oc4cccc(O)c4c(=O)c13)C1C=COC1O2;CC(C)(C)C1(O)CC2OC(=O)CC23C(=O)OC2OC(=O)C(O)C231;CC1C(=O)OC2CCN3CC=C(COC(=O)C(C)(O)C1(C)O)C23;C=CCCCCCCCCCCCC(CC(O)CO)OC(C)=O;CCC1CN2CCC1CC2C(O)c1ccnc2ccc(OC)cc12;C=CC1CN2CCC1CC2C(O)c1ccnc2ccc(OC)cc12;CCN(CC)C(=O)C1C=C2c3cccc4[nH]cc(c34)CC2N(C)C1;C=CCCCCCCCCCCCCCCC(O)CC(O)CO;CCCc1cc(N2CCOCC2)n2nc3nc(C)cc(C)c3c2n1;Cc1nnc(N2CC(NC(=O)c3ccc4ccccc4n3)C2)s1;CC(=O)N1CCCc2cc(S(=O)(=O)NOCC(=O)O)ccc21;CNc1nc(-c2ccccc2)c(-c2ncc(C)c(OC)c2C)s1;Cc1nc(-c2ccccc2)ncc1C(=O)NC1CCC(CO)CC1;C=CCCCCCCCCCCCC(O)CC(O)COC(C)=O;CC=C1CN2C3CC1C(CO)C2Cc1c3[nH]c2cc(OC)ccc12;Cc1nn(CCNS(=O)(=O)C2CC2)c(C)c1-c1cccs1;C#CC1(O)CCC2C3CC(O)C4=CC(=O)CCC4=C3C=CC21CC;O=C(Cc1cccnc1)NC1CN(c2ncnc3ccsc23)C1;Cc1c(-c2ccc3c(c2)OCO3)oc2ccc(C(O)C(C)O)cc12;O=c1c(Cc2ccccc2)c(O)c2ccccc2n1-c1ccccc1;Cn1c(NCc2ccccc2)nc2sc3c(c2c1=O)CCCC3;Nc1[nH]nc2nnc(-c3c(-c4ccccc4)nn4ccccc34)cc12
m_466863,Cc1cc(=O)oc2cc(OC3OCC(O)C(O)C3O)ccc12;O=C(Cc1csc(-c2ccccn2)n1)NC(CO)Cc1ccccc1;CCC(C)N(C)C(=O)c1cc2ccccc2c(-c2ccccc2Cl)n1;Cc1nc(NC2CN(c3ccccn3)C2)cc(C(F)(F)F)n1;CC1(C)CCC(C)(C)c2cc(NC(=O)c3ccc(C(=O)O)cc3)ccc21;COC(=O)C(Cc1ccccc1)NC(=O)c1cc(C)nc2onc(C)c12;OCC1=CCC2C=COC(OC3OC(CO)C(O)C(O)C3O)C12;COc1cc(O)c(CC=C(C)C)c(O)c1C(=O)C=Cc1ccc(O)cc1;COc1ccc(C2CC(=O)c3c(cc(O)c(CC=C(C)C)c3O)O2)cc1;CCOc1ccc2c(=O)c(-c3ccc4c(c3)OCCCO4)c(C)oc2c1;Cc1nc2cc(NC(=O)N3CCOC(Cc4ccccc4)C3)ccc2o1;CCn1cc(C2CCN(C(=O)c3ccc4[nH]c(=O)n(C)c4c3)CC2)cn1;CC=C(C)C(=O)OC1Cc2cc3ccc(=O)oc3cc2OC1(C)C;COc1c(C=CC(=O)c2ccc(O)c(O)c2)ccc(O)c1CC=C(C)C;COc1c2ccoc2c(OCC(O)C(C)(C)O)c2oc(=O)ccc12;COC(=O)C(Cc1c[nH]c2ccccc12)NC(=O)c1ccccc1OC;CC(CO)CCCC(C)C1CCC(C)c2c1cc(C(=O)O)c(O)c2O;CCCCN1CNc2c(C(=O)OCC)sc3nc(SC)nc1c23;COc1c(O)cc2c(c1O)C(=O)c1c(cc(C)c(O)c1OC)C2=O;CC1(C)C=Cc2c(cc3occ(-c4ccc(O)cc4O)c(=O)c3c2O)O1;Oc1ccc2ccccc2c1N=Nc1ccc(N=Nc2ccccc2)cc1;CC1=CC(=O)CC2C1(O)CCC(C)C21CC(c2ccoc2)OC1=O;COc1cc(-c2cc(=O)c3c(O)c(OC)c(O)cc3o2)ccc1O;COc1cc(CC(C)C(C)Cc2ccc(O)c(OC)c2)ccc1O;O=C(C=Cc1ccc(O)c(O)c1)OC1CC(O)(C(=O)O)CC(O)C1O
m_4690d3,CCc1cc(CC)nc(N2CCN(c3ccccn3)CC2)n1;CCOCc1ccccc1CNc1ccc2nc(C)nn2n1;O=C(NC1CCN(CCc2ccccc2)CC1)c1ccn[nH]1;O=C(c1ccccn1)N1CCC(c2nnc3n2CCC3)CC1;Cn1ncc(-c2noc(C(C)(C)Cc3ccccc3)n2)c1N;COc1ccc(CC(C)C(=O)Nc2cc(C3CC3)[nH]n2)cc1;Cc1ccc(C)c(C(=O)NCC2CCCn3cc(C)nc32)c1;O=C(CCC(=O)c1ccc2c(c1)OCCO2)c1ccccc1;Cc1cc(NC(=O)N2CCC(Cc3cnn(C)c3)C2)ccn1;CN(Cc1cccc(O)c1)C(=O)C1CCc2cnn(C)c2C1;N#CCCOCCC#CCN1CCCCC1c1cccnc1;COc1cc2c3c(c1OC)C1(C=CC(=O)C=C1)CC3NCC2;CN1CCN(c2cc3c(nn2)Oc2ccccc2N3C)CC1;COc1ccccc1C(=O)NC1CCN(c2ccccn2)C1;O=C(c1ccccc1)N1CCC(Cn2cc(C3CC3)nn2)C1;CCOc1cc([N+](=O)[O-])c(OCC)cc1N1CCOCC1;Cc1cccc(Cn2nccc2NC(=O)C2CCOCC2)c1;OC(c1ccccc1)C1CCN(CCc2ccccc2)CC1;COc1cc2c(cc1OC)C(c1ccccc1)CN(C)CC2;COc1cc2c(cc1O)C1Cc3cccc(O)c3CN1CC2;CC(C)c1ccccc1OCC(=O)N1CCc2[nH]ncc2C1;C=C1CC2C(CCC3(C)C(=O)CCC23)C2(C)C=CC(=O)C=C12;O=C(O)c1cccc2c1OCCN(CCc1cccnc1)C2;O=C(O)CN(CCc1ccccc1)C(=O)C1CC2C=CC1C2;CC(=O)c1ccc(OC2OC(CO)C(O)C(O)C2O)cc1
m_471696,O=C(C1CC(=O)N(c2ccc(F)cc2)C1)N1CCOCC2(CCOCC2)C1;O=C(CN1CCCC(c2nc(-c3ccc(F)cc3)no2)C1)N1CCNC1=O;CSc1nc(C2CC2)cc(N2CCN(Cc3ncoc3C(C)C)CC2)n1;Cn1cncc1CC(NC(=O)C1CCC(=O)N1)C(=O)N1CCCC1C(N)=O;CCOc1cc(NCC2CC(=O)N(CCOC)C2c2cnn(C)c2)ncn1;CC(=O)Nc1cnn(C2CCN(C(=O)c3c(C)nn(C)c3C)C2)c1;CCCc1cc(=O)nc(SCC(=O)Nc2sc3c(c2C#N)CCC3)[nH]1;Cc1ccc(S(=O)(=O)NCC2CC(=O)N(c3ccc(F)cc3)C2)cc1C;O=C(NCC1CC1)C1CCCN(CC(=O)N2CCCC(C(F)(F)F)C2)C1;Cc1c(F)cccc1NC(=O)c1cn(CC(O)c2ccco2)nn1;Cc1cc(C(=O)NCC(O)(c2ccoc2)c2cccs2)c(C)o1;CC(O)C(N)c1nnc(C(CCC(N)=O)NC(=O)NC(CO)C(=O)O)o1;CCCN1CCC(CNC(=O)NCc2ccc(-n3ccnc3C)c(F)c2)C1;O=C(CCc1ccccc1Br)N1CC(N2CC3CCCC3C2)C1;COc1ccc(C(=O)NCC(O)(c2ccccc2)C2CC2)cc1F;CC#CC(C)Oc1cc(N)c(Cl)cc1C(=O)NC1CC2CCC(C1)N2C;CCOc1cn(C)c(C(=O)NCc2ccc3c(c2)OCO3)cc1=O;NC(=O)C1CC(C(=O)N2CCC(N3CCCC3)C2)=NN1c1ccc(F)cc1;CCCCCCCCCCCCCCCCCCNc1ccc(OC)cc1;CC(C)=CCc1c(O)cc(O)c2c1OC(c1ccc(O)cc1)C(O)C2=O;CC(=O)C1(O)CCC2C3C=C(Cl)C4=CC(=O)C5CC5C4(C)C3CCC21C;COc1ccc(NC(=O)C2CCNC(=O)C2)c(N2CCN(C(C)=O)CC2)n1;CC1CCC2C(C)(CO)C(O)CCC2(C)C12CCC(CO)(CCO)O2;O=C(NCc1ccc2c(c1)OCO2)N1CCCC(Oc2ncc(F)cn2)C1;CC(C)=CCc1c(O)cc(O)c2c1OC(c1ccc(O)cc1)C(=O)C2O
m_47617a,Cc1ncc(C(CCCCCCc2ccc3c(n2)NCCC3)CC(=O)O)cn1;Cc1ccc(S(=O)(=O)Nc2ccc3c(c2)CCCN3C(=O)C2CC2)cc1C;CC(=O)OC1C(O)C(CO)OC(O)C1OC(=O)C=Cc1ccc(O)cc1;O=C(O)CCc1cc2ccoc2cc1OC1OC(CO)C(O)C(O)C1O;CC(C)(C)c1ccc(Cn2nc(-c3ccc(Cl)cc3)cc2C(=O)NO)cc1;COC(=O)C(O)(CC(=O)O)C(OC(=O)C=Cc1ccc(O)cc1)C(=O)O;CCCCCCCCCCCCCCCCCCCCCCCCCCO;CCC1CC2CN3CCC4(O)C(=Nc5ccc(OC)cc54)C(C(=O)OC)(C2)C13;CC(CO)CCCC(C)C1CCC2C3CC=C4CC(O)CCC4(C)C3CCC12C;CC(C(=O)O)C1CCC2C3CC=C4CC(O)CCC4(C)C3CCC12C;CC(=O)OCC(=O)C1(O)CCC2C3CCC4=CC(=O)C=CC4(C)C3C(O)CC21C;CC(CO)CCCC(C)C1CCC2C3C(O)CC4CC(O)CCC4(C)C3CCC12C;CC(=NNC(=O)c1cc(-c2ccc(C)o2)[nH]n1)c1ccc(Br)cc1;CCCCCCCCCCCCCC=CC=CC(=O)NC(C(=O)O)C(C)O;CC(C)CCCC(C)C1CCC2C3=CC=C4CC(=O)CCC4(C)C3CCC21C;CCc1cc(=O)n2nc(N(C)CC3CCN(c4ccncc4)CC3)sc2n1;C=C1CCC2C(C)(C)C(O)CCC2(C)C1COc1ccc2ccc(=O)oc2c1;CC(C)=CCCC(C)C1CCC2C3CC=C4CC(O)CCC4(C)C3CCC12C;CC(C)CCCC(C)C1CCC2C3C=CC4=CC(=O)CCC4(C)C3CCC12C;CN1CCCN(C(=O)CN2CCN(c3ccccn3)CC2)c2ccc(F)cc21;O=C(O)c1cc(OC2OC(CO)C(O)C(O)C2O)c2ccccc2c1O;CC1=CCC2(C)C(=O)C(O)=C(C(C)CO)C2CC=C(C)C(O)CCC(C)=CCC1;CC1=CC(CC2(C)OC2COc2c3occc3cc3ccc(=O)oc23)OC1=O;C1=CCCC2CN3CCCCC=CCCC4C=C(CN(CCCC1)C4)C2CC3;CCOC(=O)Cn1c(-c2cc(C)ccc2C)csc1=Nc1ccc(F)cc1
m_478c2e,O=C(Cc1cccc(O)c1)N1CCC(C(=O)N2CCOCC2)CC1;COc1cc(OC)cc(C(=O)NCCCNC(=O)c2ccco2)c1;Cc1nc(C(C)C)[nH]c(=O)c1C(=O)NC1C2CCCC1CC(N)C2;Cn1cc(CC(=O)NCCn2ncccc2=O)c2ccccc21;CCC=CCC=CCC(O)C=CC=CC=CC(O)CCCC(=O)O;Cc1ncnc(N2CCN(C(=O)c3ccc(=O)n(C)n3)CC2)c1F;CCNc1cc(C)nc(N2CCN(Cc3csc(C)n3)CC2)n1;CCOc1cc(CNC(=O)NCc2ccnc(OCC)c2)ccn1;COc1cc(C(=O)NC(Cc2ccc(O)cc2)C(=O)O)ccc1O;CC(=NNC(=O)c1cccc(F)c1)c1ccc(-c2ccccc2)cc1;Cn1nc(-c2ccccc2)c2c(NC(=O)c3cncc(O)c3)[nH]nc21;COc1cc(NC(=S)NCCc2ccc(F)cc2)cc(OC)c1;Cc1ccc(C(C)C)c(OCC(=O)Nc2cccc3ncccc23)c1;Cc1nnc(N2CC(NC(=O)C3(c4ccc(F)cc4)CC3)C2)s1;CCc1ccc(NC(=O)Nc2cnn(CC3CCCO3)c2)cc1F;CCCCc1nnc(-c2cc3ccccc3n2Cc2ccccn2)o1;C=CC(C)(CC)C(=O)N1CCC(c2nc(C(=O)OCC)n[nH]2)CC1;COC(=O)c1cccc(NC(=O)CNC2(C(N)=O)CCCCC2)n1;Cc1ncnc(N2CCN(C(=O)c3c(C)nn(C)c3C)CC2)c1F;C=CC[N+]12CCC34c5ccccc5N5C=C6C7CC8C9(CC[N+]8(CC=C)CC7=CCO)c7ccccc7N(C=C(C(CC31)C(=CCO)C2)C54)C69;Cc1nc(C2CCCOC2)sc1C(=O)NCc1cccc(O)c1;CCOc1ccc(C(C)(C)C)cc1S(=O)(=O)Nc1ccncc1;CNC1C(O)C(NC)C2OC3(O)C(=O)CC(C)OC3OC2C1O;CC(=O)N1CCC(C(=O)Nc2cnn(CC3CCOCC3)c2)CC1;CCC(CC)c1nc2ccccc2c(=Nc2cccc(C(C)=O)c2)[nH]1
m_47ae67,Nc1nc(-c2nn(Cc3ccccc3F)c3ncccc23)ncc1C1CC1;OC1C(O)C(O)C(O)C(O)C1O;COC(=O)C1=C(C)NC(C)=C(C(=O)OCCSc2ccccc2)C1C;COc1cc(C)c(C(=O)Oc2cc(C)c(C(=O)O)c(O)c2C)c(O)c1C;COc1ncc(F)c2nc(S(=O)(=O)Nc3c(F)cccc3F)nn12;COc1cc(CC(CO)C(CO)Cc2ccc(O)c(OC)c2)ccc1O;COC(=O)c1c(C)cc(OC(=O)c2c(C)cc(OC)cc2O)c(C)c1O;COCc1ccccc1S(=O)(=O)NCc1cccc(C(F)(F)F)n1;CCOc1cc(F)ccc1NC(=O)C(C)N1C(=O)C2CCCCC2C1=O;O=C(NCC1(c2ccc(F)cc2)CC1)NC1CCN(C(=O)C2CC2)CC1;O=[N+]([O-])c1cn2c(n1)OCC(OCc1ccc(OC(F)(F)F)cc1)C2;Cc1nc(Nc2ccc(F)cc2)nc(N2CCc3ccccc3C2C)c1C;Cc1noc(C2(C)CCN(C(=O)c3n[nH]c4c3CC(C)OC4C)CC2)n1;O=S(=O)(Nc1cnn2c1CCCC2)c1ccc(CC(F)(F)F)cc1;CC(=O)Oc1ccc(C(c2ccc(OC(C)=O)cc2)c2ccccn2)cc1;Cc1cc(C(=O)Nc2ccc(S(=O)(=O)N3CCCC3)cc2)ccc1F;CC12CCC(=O)C=C1CCC1C2C(O)CC2(C=O)C(C(=O)CO)CCC12;COC(=O)c1c(C)cc(OC(=O)c2c(C)cc(O)c(C)c2O)c(C)c1O;CCC=CCC=CCC=CCC=CCC(C=CC=CCCC(=O)O)OO;CC(=O)C1C(c2ccc(Br)cc2)C2C(C)=NN=C2CC1(C)O;CCOc1ccccc1NC(=O)c1ccccc1NS(=O)(=O)C1CC1;CS(=O)(=O)c1cc(C(F)(F)F)ccc1C(=O)c1cnoc1C1CC1;O=C(NCc1ccccc1)NC1c2ccccc2CSc2ccccc21;CC(=O)OC(C)C(C=CC(O)C(O)C1CC=CC(=O)O1)OC(C)=O;COc1cc(C=O)ccc1OC(C)Cc1cc(OC)c(OC)c(OC)c1
m_47e099,CC(C)N1CCN(CC#CCOC2CCN(c3cc(=O)n(C)c(=O)n3C)CC2)CC1;CC(C)N1CCN(CCCN2CCN(Cc3nc(-c4cccs4)no3)CC2)CC1;COC1=C(C)C(=O)OC1=C1OC2CCCN3C(C4CC(C)C(=O)O4)CCC3C2C1C;COc1c(C2=C(C)C3C(CCCN4C(C5CC(C)C(=O)O5)CCC34)O2)oc(O)c1C;CCc1nc(C)cn2nc(-c3cc(=O)n4cc(C5CCN(C)CC5)cc(C)c4n3)cc12;CN1CCC(N2CCC(NC(=O)Cc3coc(-c4ccc(Cl)cc4)n3)CC2)C1=O;CCCc1cc2c(=O)c(-c3ccc4c(c3)OCO4)coc2cc1OCC(=O)OC;COc1cn(CC(=O)Nc2cccc(F)c2)c(CN2CCN(C(C)=O)CC2)cc1=O;CCC=CCC=CCC=CCC=CCC=CCCCC(=O)NCCc1ncc[nH]1;CC(C)C1CCC2(C)C(O)CCC(C)(O)C2C1OC1OC(CO)C(O)C(O)C1O;CCCCCC=CCC=CCC=CCC=CCCCC(=O)NC(CCCN)C(=O)O;COc1ccc(NC(=O)N2CCCC2c2nc(-c3ccc(F)cc3F)no2)cc1F;CCOC(=O)C(CCc1ccccc1)NC1CCCN2CCCC(C(=O)O)N2C1=O;CCC=CCC=CCC=CCC=CCC=CCCCC(=O)NC(CCCN)C(=O)O;FC(F)c1nc2ccccc2n1-c1nc(N2CCOCC2)nc(N2CCOCC2)n1;Cn1ncc2c(NCc3ccccc3)nc(N3CCN(c4ccc(F)cc4)CC3)nc21;Oc1ccc2c(c1)OCC(c1ccccc1)C2c1ccc(OCCN2CCCC2)cc1;CC(C)=CCc1c(O)c(CC=C(C)C)c2[nH]c3c(O)cccc3c(=O)c2c1O;CCn1nnc2c(N3CCN(C(=O)COc4ccc5ccccc5c4)CC3)ncnc21;COc1ccccc1NC(=O)Nc1cccc(-c2ccc(N3CCN(C)CC3)nn2)c1;CCC(=O)N(c1ccccc1)C1(COC)CCN(CCn2nnn(CC)c2=O)CC1;CCc1cc(=O)oc2cc(OC(C)C(=O)NC(CCCN=C(N)N)C(=O)O)ccc12;O=S(=O)(N1CCCCCC1)N1CCC(COc2ccc(-c3ccccc3)nn2)C1;O=S(=O)(c1cccc2c(I)cccc12)N1CCCNCC1;CC(=O)NCC(=O)NC1CCN(c2ccc(-c3cccc(F)c3)nn2)CC1
m_48bfe1,O=C(C=Cc1ccc(O)cc1)OC1CC(O)(C(=O)O)CC(O)C1O;Cc1ccc(C)c(CN2CCOC(C(=O)N3CCSCC3)C2)c1;CN(C)c1nccnc1OC1CCCN(C(=O)N2CCNC2=O)C1;Cc1cccc(C(=O)Nc2ccc(C(=O)n3nc(C)cc3C)cc2)c1;COc1ccc2c(c1)OCC(=Cc1ccc(OC)c(O)c1)C2=O;CC(=O)c1c(C)cccc1OC1OC(CO)C(O)C(O)C1O;CN=S(=O)(c1ccc(NS(=O)(=O)CCOC)cc1)N(C)C;Cc1cccc(C(=O)N2N=C(c3ccco3)CC2c2cccs2)c1;CCc1ccccc1S(=O)(=O)N(CC(=O)O)Cc1cccnc1;Cc1ccc(NC(=O)c2ccc(CSc3ccccn3)cc2)cc1;CCOc1ccc(-c2cc(=O)n(CC(=O)c3ccccc3)cn2)cc1;CCC(C(=O)Nc1ccccc1Cc1nc(C)no1)c1ccccc1;Cc1ccc(C(=O)N2CCC(Nc3ncnn4cccc34)CC2)cc1;COCC(=O)Nc1c2c(nn1-c1ccc(C)cc1C)CSC2;O=C(Nc1ccncc1)c1ccccc1C(=O)c1ccc(Cl)cc1;Cc1nc(C(C)C)oc1C(=O)N1CC(C)Oc2c(Cl)cccc21;Cc1nc(N2CCN(C(=O)CCC(F)(F)F)CC2)[nH]c(=O)c1F;O=c1c2c3c(ccc2cc2n1CCc1cc4c(cc1-2)OCO4)OCO3;O=C(Nc1cccc(OCCOc2ccccc2)c1)c1cccnc1;Cc1ccccc1C(=O)Nc1ccccc1Cc1nc(C2CC2)no1;COC(=O)CSc1nnc(CNC(=O)c2cccc(C)c2)n1C;CC1(C)C2CCC1(CS(=O)(=O)N1CCc3ccccc31)C(=O)C2;COc1ccc2c(=O)cc(-c3ccc(OC)c(OC)c3)oc2c1;COC(=O)c1cccc(NC(=O)CNC2(C(N)=O)CCCCC2)n1;CCCCCCCCCCCCCCOS(=O)(=O)O
m_4b55af,COc1ncccc1CN(C)C(=O)c1n[nH]c2c1CCCC2;Cc1ccc(C)c(NC(=S)NCCc2ccc(F)cc2)c1;O=C(COC(=O)c1cccnc1)Nc1ccc2ccccc2c1;COc1ncccc1CNC(=O)CCc1c(C)nn(C)c1C;CCOc1ccc(C(=O)N2CC(Cn3ccnc3C)C2)cn1;CC(C)Oc1ccc(NC(=O)C(C(C)C)n2cccc2)cc1;Cc1nc(C2CCC(CNC(=O)c3cnn(C)c3C)O2)n[nH]1;COc1ncccc1CN(C)C(=O)CCc1c(C)noc1C;COc1ccc(Cl)cc1NC(=O)N1CCc2nc[nH]c2C1;COC(=O)C1CCCN1C(=O)c1ccnc(OCC2CC2)c1;CC1(C)CCC(NC(=O)N2CCN(c3ncccn3)CC2)C1;CC(C)Cc1noc(CN2CC(CO)Oc3ccccc32)n1;COc1ccc(CCC(=O)NCc2cccnc2OC)cc1;O=c1c(O)c(-c2ccc(O)c(O)c2)oc2cc(O)cc(O)c12;CC(C)c1cc2c(c(O)c1O)C13CCCC(C)(C)C1C(OC3=O)C2O;Cc1cc(C)c(C(=O)NCC2CCC(c3n[nH]c(C)n3)O2)[nH]1;CCc1onc(C)c1C1CCCN1C(=O)c1ccnn1CC;COc1cn(C)c(C(=O)NCc2ccc(Cl)cc2)cc1=O;COc1ncccc1CN(C)C(=O)COc1ccc(F)cc1;Cc1nn(C)cc1C=NNC(=O)c1csc2c1CCCC2;CN1c2ccccc2C(=O)N2CCc3c([nH]c4ccccc34)C21;O=C(NCCn1cccc1)c1ccc(OC2CCOC2)nc1;C=C1C(=O)C23C(O)C1CCC2C12COC3(O)C(O)C1C(C)(C)CCC2O;Cc1cc(C(=O)Nc2nn(C)c3c2CC(C)C(=O)N3)c(C)o1;CC(C)c1noc(CN2C3CCC2CC(n2cccn2)C3)n1
m_4b86b5,Cc1cccc(C)c1N(Cn1cccn1)C(=O)CS(=O)(=O)O;C=CC(C)(C)c1[nH]c2ccccc2c1C=C1NC(=O)C(C)NC1=O;c1cc2c(c3c1CC1c4cc5c(cc4CCN1C3)OCO5)OCO2;Cc1cc(-n2ccnc2)n2nc(C)c(-c3ccc(Cl)cc3)c2n1;CCC1CN2CCC1CC2C(O)c1ccnc2ccc(OC)cc12;CC(=CCOc1ccc2ccc(=O)oc2c1)CC1C=C(C)C(=O)O1;C=CC1CN2CCC1CC2C(O)c1ccnc2ccc(OC)cc12;CC(C)C(O)(C(=O)OCC1CC[N+]2([O-])CCCC12)C(C)O;CC(=O)OC1C=C(CO)C(=O)C(OC(=O)CC(C)C)C1C(C)C;CCCCCCCCCCC1=C(C)C(=O)C(OC)=C(OC)C1=O;CCCCCCC=CCCc1c(C)c(O)c(OC)c(OC)c1O;O=c1ccc2ccc(OC3OC(CO)C(O)C(O)C3O)cc2o1;Cc1c(-c2ccc3c(c2)OCO3)oc2ccc(C(O)C(C)O)cc12;CCCCCCCCCCCCc1ccccc1S(=O)(=O)O;CC=C1C[N+]2(C)C3CC1C(CO)C2Cc1c3[nH]c2ccc(O)cc12;O=C(CSCc1cc(=O)[nH]c(=O)[nH]1)Nc1ccc(Cl)cc1;O=C(c1ncn(-c2ccc(OC(F)F)cc2)n1)N1CCCCC1;CC(C)c1cc(NS(=O)(=O)c2cccc3c2OCCC3)no1;C=CC(C)(C)c1[nH]c2ccccc2c1Cc1[nH]c(=O)c(C)nc1O;Cc1nnc2n1-c1ccc(N)cc1C(c1ccccc1Cl)=NC2;CC(CN(C)C)CN1c2ccccc2Sc2ccc(C#N)cc21;CC(CO)NC(=O)C1C=C2c3cccc4[nH]cc(c34)CC2N(C)C1;CC(=CCO)CCC1C(C)(O)CCC2C(C)(C)CC(O)CC21C;COc1ccc(C=NNC(=O)c2sccc2C)c2ccccc12;CCSC1=NCCN1S(=O)(=O)c1ccc(NC(C)=O)cc1
m_4bb17c,CCCC(=O)Nc1cc(C(=O)N2CCCCCC2)cn(C)c1=O;CCn1nnc(NCc2ccc(-c3cccc(Cl)c3C)o2)n1;CC1=CC(=O)CC2C1(C)CCC(C)C2(C)CCC(C)CC(=O)O;C=CC1(C)CC(O)C(C(=C)C(=O)OC)C(O)C1C(=C)CO;COc1cc2ncnc(N3CCN(CCO)CC3)c2cc1OC;CC(C)C(=O)Nc1c(-c2ccccc2)c(=O)c2ccccc2n1C;CC1CCN(C(=O)N2CCN(S(=O)(=O)N(C)C)CC2)CC1;COC1=C(OC)C(=O)C(CC=C(C)CCC=C(C)C)=C(C)C1=O;COC(C)C(=O)Nc1cccc(NC(=O)CCC2CCNC2)c1;c1cn(Cc2cc(Cn3ccnc3)cc(Cn3ccnc3)c2)cn1;CC1=C(CCC(C)CC(=O)O)C2(C)CCCC(C)(C)C2CC1=O;COCCCCC(=NOCCN)c1ccc(C(F)(F)F)cc1;COc1cccc(N2CCN(c3nc(C(C)C)ns3)CC2)c1;CC1CCCC(=O)CCCC=Cc2cc(O)cc(O)c2C(=O)O1;CC(CC=C1C(C)C(=O)CC2C(C)(C)CCCC12C)CC(=O)O;COc1ccc(CCc2cc(OC)c(OC)c(OC)c2)cc1O;CCCc1cc(NC2CCCC2)n2c(nc3ccccc32)c1C#N;COC12CC3(O)CCCC(C)C3(C)C(O)C1=C(C)C(=O)O2;COc1cccc2cc(C(=O)N3CCN(CC(C)O)CC3)oc12;CCCCCC=CC=CC(O)CC=CCC=CCCCC(=O)O;CCCCNC(=O)CC1CCN(C(=O)c2[nH]c(C)cc2C)CC1;COC(=O)c1nccc(NCCNC(=O)CC2CCCCC2)n1;O=C(NCC1(c2ccc(F)cc2)CC1)C12CNCC1CCOC2;O=C(COc1ccccc1F)N1CCCCCC1c1ncon1;COc1cc(CNCCCCNC(C)=O)cc(OC)c1O
m_4bc064,O=C(C=CCCc1ccc(O)cc1)CCc1ccc(O)cc1;CC(=O)Nc1ccc(S(=O)(=O)Nc2cc(C)on2)cc1;O=C1OCC(Cc2cccc(O)c2)C1Cc1cccc(O)c1;CSCC1OC(n2cnc3c(N)ncnc32)C(O)C1O;COc1cc2oc(=O)ccc2cc1C(O)C(O)C(C)(C)O;CC(CNC(=O)Nc1ccc2[nH]ncc2c1)c1ccccc1;CN(CCc1ccccc1)CC1CCCc2cc(O)ccc21;CC1(C)CC(c2nc(-c3ncn[nH]3)no2)c2ccccc2O1;O=C(C=Cc1ccc(O)cc1)CCCCc1ccc(O)cc1;O=C(O)c1c(O)cccc1CCCCc1ccc2c(c1)OCO2;C#CC1(O)CCC2C3CCc4cc(O)ccc4C3CCC21C;CC(C)=CC(O)CC(C)=CCOc1ccc2ccc(=O)oc2c1;O=C(C=Cc1ccc(O)cc1)Nc1ccc(O)cc1C(=O)O;FC(F)(F)Cn1ccc(Cc2nc(-c3ncn[nH]3)no2)n1;CCCCCCC(C)Nc1ccc(Nc2ccccc2)cc1;COC(=O)C(Cc1cccc(N)c1)NC(=O)OC(C)(C)C;Cc1ccc(N=CN(C)C=Nc2ccc(C)cc2C)c(C)c1;O=C(CCC(=O)c1ccc2c(c1)OCCO2)c1ccccc1;COc1ccc(C=CC(=O)c2ccc(N=C(C)O)cc2)cc1;O=C(NCCC(O)c1ccco1)c1ccc(Br)o1;O=C(NCC1(C(=O)O)CC1)c1ccc(-c2ccccn2)nc1;CN(C)CCOC(c1ccccc1)c1ccccc1;Cc1cccc(C(=O)N2CCOCC2CC(=O)O)c1Cl;COc1ccc(-n2c(C)c([N+](=O)[O-])c3ccc(O)cc32)cc1;OC1(CNc2ncnc3ccsc23)CCOc2ccccc21
m_4fb975,CN1CCC(Cn2nc(I)c3c(N)ncnc32)CC1;CN(CCCNCc1ccc2c(c1)OCO2)c1nc(-n2ccnc2)ns1;COc1ccc(C(=O)N2CCCC2C(=O)NCC2CCOC2C(C)C)cc1;COc1ccc2c(c1)OCCN(C(=O)C1CC(=O)N(C3CCCCC3)C1)C2;CN(C(=O)Cc1cc(Cl)sc1Cl)C1CCCCC1N1CCCC1;CC1CCN(C2CCC(NC(=O)CC3COc4ccccc4O3)CC2)CC1;COc1cccc(C(=O)NCC(=O)NC2CCC(=O)NC2C2CCCO2)c1;OC(CNCC(O)C1COc2ccccc2O1)C1COc2ccccc2O1;CCCCCC=CCC=CCC=CCCCCC(=O)NCCc1ncc[nH]1;Cc1ccc(-c2ccc3nn(Cc4ccc5c(c4)OCO5)c(=O)n3n2)cc1C;COc1cc(C)c(C(=O)Oc2cc(C)c(C(=O)O)c(O)c2C)c(OC)c1C;CCCCCC=CCC=CCCCCCCCC(=O)NCCc1ncc[nH]1;CC(CCc1ccc2c(c1)OCO2)NCC(O)c1ccc(O)c(C(N)=O)c1;Cn1c(=O)c2c(ncn2CCNCC(O)c2ccc(O)c(O)c2)n(C)c1=O;O=C(NCc1ccc2c(c1)OCO2)N1CCCC(Oc2ncc(F)cn2)C1;O=C(COc1ccccc1OCC(F)(F)F)N1CCOCC12CCOC2;CC(=O)N1CCN(C(=O)NCc2cnc3n2CCCC3)CC12CCCCC2;CN1CC(C(=O)N2CCC(COc3cc(C4CCC4)ncn3)CC2)CC1=O;COc1ccc(CCNC(=O)N2CCC(Oc3nccnc3OC)C2)cc1;CSc1nc(C)c(C)c(N2CCN(Cc3c4c(nn3C)CCC4)CC2)n1;O=C(NCC1CC1)C1CCCN(CC(=O)N2CCCC(C(F)(F)F)C2)C1;CCCCCC=CCC=CCCCCCCCCCCCC(=O)NC(C)C(=O)O;COc1cc(CCC(O)CC(O)CCc2ccc(O)c(OC)c2)ccc1O;COc1ccc(NC(=O)C2CCNC(=O)C2)c(N2CCN(C(C)=O)CC2)n1;O=C(NCC1(N2CCOCC2)CCCCC1)NC1COc2ccccc2C1
m_517c87,O=C1C(N2CCC(Oc3ncc(Cl)cn3)CC2)CCN1C1CC1;CC=C1CC(C)C(C)(O)C(=O)OCC2=CCN3CCC(OC1=O)C23;C=C1C(=O)OC2CCN3CC=C(COC(=O)C(C)(O)C(C)C1C)C23;CC(C)c1nnc(C2CCN(S(=O)(=O)c3ccccc3)CC2)o1;CN(C)c1nc(N)nc(COc2ccc3oc4ccccc4c3c2)n1;CC=C1CC(C)C(C)(O)C(=O)OCC2CCN3CCC(OC1=O)C23;O=C1C(N2CC(Cn3cc(Br)cn3)C2)CCN1C1CC1;COCCN1CCC(NC(=O)C(=O)Nc2ccc(C)cc2F)CC1;CC=C(C)C(=O)OC1CC(C)=CC(=O)C2(C)CCC(O)(C(C)C)C12;Cn1ccnc1C1OCCC1C(=O)N1CCCN(c2ccccc2)CC1;CCn1cc(C2CCN(C(=O)c3ccc4[nH]c(=O)n(C)c4c3)CC2)cn1;CC(C(=O)N1CCNC(c2cccc(F)c2)C1)n1cnc2ccccc21;CC(=O)OC1C(O)C2OC3C=C(C)C(=O)C(O)C3(CO)C1(C)C21CO1;COc1ccc(C2=NN(C(=O)C3CC3C(=O)O)C(c3ccco3)C2)cc1;Cc1cc(C)c2c3c(oc2n1)C(=O)N(c1cccc(Cl)c1)CC(=O)N3;CCc1cc2c(N3CCN(C(=O)c4ccccn4)CC3)ncnc2s1;CN1CCc2cc3c(cc2C(=O)Cc2ccc4c(c2C1)OCO4)OCO3;CC=Cc1cc(OC)c2c(c1)C(C)C(c1cc(OC)c3c(c1)OCO3)O2;CC(=O)OC1C(O)C2OC3CC(C)C(=O)C(=O)C3(CO)C1(C)C21CO1;COc1ccc(OC)c(NC(=O)NCc2cccnc2-n2ccnc2)c1;CCC(C(=O)NC1CCCN(c2cccnn2)C1)c1ccc(OC)cc1;CCn1ccnc1C1OCCCC1NC(=O)c1oc2ccccc2c1C;CC(C=CC1=CC2=CC(=O)C(C)(O)C(O)C2=CO1)=CC(C)CCO;Cc1cc(C)cc(C(O)CNC(=O)C2(c3ccc(F)cc3)CCOCC2)c1;CN(C)c1cccc(S(=O)(=O)NC(CC(=O)O)c2cccs2)c1
m_53dfe2,COC(=O)C(Cc1ccccc1)NC(=O)c1ccccc1;O=C(C=Cc1ccc(O)c(O)c1)OCCc1ccccc1;COCc1ncc(-c2noc(-c3ccccc3)n2)c(N)n1;O=C(NCCCOC(=O)c1ccccc1)c1ccncc1;O=C(c1ccccc1)c1cc2c(cc1O)C(C(=O)O)CC2;CC(C)n1cccc(C(O)CC(=O)c2ccccc2)c1=S;COCC(=O)Nc1ccccc1NC(=O)c1ccccc1;O=C(Nc1nncn1C1CC1)C1CCOc2ccccc21;COCC(O)c1ccc(OCC(O)CNC(C)C)cc1;CCCCCCCC1OC(=O)CCC(O)C=CC(O)C1O;CCc1ccc(C(=O)Oc2cc(OC)ccc2C=O)cc1;CC1CCC2C(C)C(=O)OC3OC4(C)CCC1C32OO4;CCCCCC=CCC=CCCCCCCCC(=O)O;CC1CCCCN1S(=O)(=O)c1ccc(CCN)cc1;O=C(CCc1ccccc1)CC(O)CCc1ccccc1;NC(C(=O)N1CCCc2ccccc2C1)c1ccccc1;Cc1cccc(C)c1N(C(=O)CCl)C1CCOC1=O;CN(CCNC(=O)c1ccccc1)C(=O)c1ccccc1;O=C(NO)c1cccc(C(=O)NCCc2ccccc2)c1;O=C(NCCC(O)C1CC1)Nc1cccc(C(F)(F)F)c1;CC(CC(c1ccccc1)c1ccccc1)NC(C)(C)C;CC(CCc1ccccc1)NC(C)C(O)c1ccc(O)cc1;CC12C=CC(=O)C=C1CCC1C2CCC2(C)C1CCC2(C)O;CC1CN(C2CCCCCCCCCCC2)CC(C)O1;CC1CCN(S(=O)(=O)c2ccc(C(=O)O)cc2)CC1
m_55fde0,O=C(c1ccsc1)N1CCC(COCc2ccc(Cl)cc2)CC1;Cc1ncc(C(=O)NS(=O)(=O)c2cnn(-c3ccccc3)c2)s1;COc1c(-c2ccccc2)oc2c3c(ccc2c1=O)OC(C)(C)C=C3;Cc1cc(S(=O)(=O)NCCCn2ccnc2)c(C)cc1Cl;O=C(Cc1csc(NC(=O)C2CC2)n1)NCc1ccc(Cl)cc1;Clc1ccc(OCc2ccccc2Cl)c(CNc2ncn[nH]2)c1;O=C(CCCCCCCCCO)OCc1cc(=O)c(O)co1;CN1CCN(CC(=O)N2c3ccccc3C(=O)Nc3cccnc32)CC1;CCOC(=O)Cc1csc(NC(=O)COc2ccc(OC)cc2)n1;Cc1occc1C(=S)Nc1ccc(Cl)c(C=NOC(C)(C)C)c1;O=C(NCc1cccs1)N1CCCCC(c2ccc(Cl)cc2)C1;CC1CN(C(=O)CCc2nc(C(C)C)no2)c2cccc(Cl)c2O1;Cc1c(C(=O)Nc2ccc(F)cc2)cnc2nc(-c3cccnc3)nn12;CCN1C(=O)C(CC(=O)NC2CCCCCC2)Sc2ncccc21;Cc1cc(Nc2nc(NC(C)c3ncc(F)cn3)ncc2Cl)n[nH]1;Cc1nc(C)c(C(=O)N2CCCCC(c3ccc(Cl)cc3)C2)s1;COc1cc2c(c(N=C(O)CCC3CCCCC3)c1OC)C(=O)OC2;CCOc1ccc(NC(=S)NNC(=S)NC2C=CCCC2)cc1;COc1cc(NS(=O)(=O)c2c(C)c(C)cc(C)c2C)cc(OC)c1;O=C(CCOc1ccccc1F)NC1CC(Cn2ccnc2)CC1O;CCn1cc(C(=O)O)c(=O)c2cc(F)c(N3CCNC(C)C3)c(F)c21;O=C(CN=S(=O)(c1ccccc1)C(F)(F)F)N1CCCCCC1;Cc1cc(C)cc(-c2cc(NC(=O)c3ccc(NC(N)=O)cc3)n[nH]2)c1;CC(C)NC(=O)NS(=O)(=O)c1cnccc1NC1CC2CCC1C2;CCCCc1c(O)[nH]c(-c2ccccc2)c(C(=O)c2ccccc2)c1=O
m_5667e2,CC(C)(OCc1nn(Cc2ccccc2)c2ccccc12)C(=O)O;O=C(c1ccc(Br)o1)N(Cc1ccccc1)CC1CCC1;COc1ncnc2c(Br)cn(COCc3ccccc3)c12;CC(Oc1ccccc1)C(=O)Nc1ncccc1OCc1ccccc1;Cc1nn(C(F)F)c(C)c1C(=O)Nc1ccn(Cc2ccccc2)n1;NC(=O)c1ncn(C2OC(CNCc3ccccc3)C(O)C2O)c1N;O=C(c1nccc2cccnc12)N(Cc1ccccc1)CC1CCCO1;CN(CC#CCC(O)(c1ccccc1)C1CCCC1)Cc1ccccc1;O=C(NCc1ccnc(-n2cccn2)c1)N(Cc1ccccc1)C1CC1;Cn1c(=O)c2c(nc(-c3ccccc3)n2C)n(Cc2ccccc2)c1=O;O=C1CN(c2ncc(Br)cn2)CCN1Cc1ccccc1;Cc1ccc(S(=O)(=O)NC(=O)NC(C)(C)Cc2ccccc2)cc1;ClC1(Cl)CC1CNc1ncnc2c1nnn2Cc1ccccc1;CC(C)(C)OC(=O)NC1CCCC(NC(=O)OCc2ccccc2)C1;Cc1ccn2cc(C(=O)NC3CCN(Cc4ccccc4)CC3)nc2c1;COc1cc(NC(=O)CSCc2ccccc2)cc(OC)c1OC;CC1(c2ccccc2)CN(C(=O)Nc2ccc(S(C)(=O)=O)cn2)C1;Cc1cccc2c1ncn1c(=O)n(CC(=O)NCc3ccccc3)nc21;CC(NC(CCc1ccccc1)C(=O)O)C(=O)N1CCCC1C(=O)O;CN(Cc1ccccc1)C(=O)c1cc2c(=O)oc3ccccc3c2n1C;CN(Cc1ccccc1)c1ccn(C2OC(CO)C(O)C2O)c(=O)n1;O=c1c2ccccc2nc(Cc2ccccc2)n1-c1ccccc1Cl;CC(C)C(=O)N1CCC(C(=O)N(CC(=O)O)Cc2ccccc2)CC1;CC(Oc1ccccc1)C(=O)N(Cc1ccccc1)Cc1ccccc1;O=C(O)c1ccccc1NN=Cc1ccccc1OCc1ccccc1
m_568a04,CC(C)(O)CCc1ccc(O)c2c(=O)c3c(O)c4c(cc3oc12)OC1OC=CC41O;Cc1[nH]n(-c2nc3c(Cl)c(Cl)ccc3[nH]2)c(=O)c1C1OC(=O)c2ccccc21;COc1cccc2[nH]c3c(c12)CCn1c-3[n+](C)c2ccc3c(c2c1=O)C=CC(C)(C)O3;COc1cc(-c2c(C)cc(O)cc2OC2OC(CO)C(O)C(O)C2O)oc(=O)c1;COc1cc(=O)oc2cc(O)c(-c3c(O)cc(C)c4c(OC)cc(=O)oc34)c(C)c12;COc1cc(C2c3cc4c(c(O)c3CC3COC(=O)C32)OCO4)cc(OC)c1OC;COc1cc2ccc(=O)oc2cc1OC;CC1(C)SC2C(NC(=O)C(c3ccccc3)S(=O)(=O)O)C(=O)N2C1C(=O)O;CC(C)=CCc1c(O)cc2oc3cc(O)c(O)c(CCC(C)(C)O)c3c(=O)c2c1O;COc1cc2c(cc1OC)C1(O)C(=O)c3ccc4c(c3OC1CO2)C=CC(C)(C)O4;COc1cc(-c2c3c(c(O)c4cc5c(cc24)OCO5)COC3=O)cc(OC)c1OC;COc1ccc(OC)c(N2C(SCC(=O)N(C)C)=NC3CS(=O)(=O)CC32)c1;COc1cc2c(cc1OC)C1Oc3c(cc(OC)c(OC)c3OC)C1CO2;COc1ccc2c(c1OC)C(=O)OC2C1c2c(cc3c(c2OC)OCO3)CCN1C;COC1=CC(C)C2CC3OC(=O)CC4C(C)=C(OC)C(=O)C(C2(C)C1=O)C34C;C=C(C)C1Cc2c(ccc3c2OC2COc4cc(OC)c(OC)cc4C2(O)C3=O)O1;Cc1cc([N+](=O)[O-])c(NS(=O)(=O)c2cccc(C(=O)O)c2)cc1-c1cccnc1;COc1ccc2c(c1CC=C(C)C)OC1COc3cc4c(cc3C1(O)C2=O)OCO4;COc1ccc(-c2oc3cc(OC)c(OC)c(OC)c3c(=O)c2OC)cc1;CC1CCC2(NC1)OC1CC3C4CC=C5CC(O)CCC5(C)C4CCC3(C)C1C2C;O=C(O)C(F)(F)C(F)(F)C(F)(F)C(F)(F)C(F)(F)C(F)(F)C(F)(F)F;CC1CN(c2c(F)cc3c(=O)c(C(=O)O)cn(C4CC4)c3c2OC(F)F)CCN1;COc1ccc(-c2cc(=O)c3c(O)c(OC)c(OC)c(OC)c3o2)cc1OC;COc1c(O)cc2oc3cc(O)c(CC=C(C)C)c(O)c3c(=O)c2c1C=CC(C)C;CCCC1=NC(=O)NC(c2cc(Br)c(O)c(OC)c2)C1C(=O)OCC
m_56bcbe,Cn1nnnc1SCCCNCc1cccc2ccccc12;CSc1nc(N)c2ncn(C3OC(CO)C(O)C3O)c2n1;Brc1ccc(NCc2cccc3ccccc23)nc1;O=C(Cn1cnc2ccccc2c1=O)c1ccc2ccccc2c1;CNC(=C[N+](=O)[O-])NCCSCc1ccc(CN(C)C)o1;Cc1cc(N2C(=O)C3CCC(c4ccccc4)N3C2=O)sn1;FC(F)(F)c1cc(-c2ccc3ccccc3c2)nc2ccnn12;COC(=O)C1=C(C)NC(=O)NC1c1c(Cl)cccc1Cl;Cc1cc(C)c2c(N)c(C(=O)Nc3cccc(O)c3)sc2n1;COc1cccc(-c2cn3nc(C4CCCCC4)sc3n2)c1;Clc1ccc2c(c1)C(N1CCNCC1)=Nc1ccccc1O2;CC(C)(NC(=O)c1cccc(OCc2cccnc2)c1)C(=O)O;CCOC(=O)c1cnn2ccc(NC(=O)C3CC=CCC3)cc12;Cc1nnc(C2CCCN(c3ncnc4ccc(F)cc34)C2)o1;CCC(=O)Nc1ccc(C(=O)NN=Cc2sccc2C)cc1;CCCC(=O)Nc1ccc(C(=O)NNC(=O)c2ccco2)cc1;CCc1cc(C(=O)NC2CC2)nc2cc(-c3ccsc3)nn12;COc1cc(C=CC(O)=NCCc2ccc(O)cc2)ccc1O;CN=C(C[N+](=O)[O-])NCCSCc1ccc(CN(C)C)o1;c1cc2c(cc1CC1NCCc3cc4c(cc31)OCO4)OCO2;CCCCC(O)(Cn1cncn1)c1ccc(Cl)cc1Cl;CC(C)(C)c1cc(NC(=O)c2ccnc(OCC3CC3)c2)on1;O=C1NC(c2ccc(OC(F)(F)F)cc2)=NC12CCNCC2;CC#CCSc1nnc2c(=O)n(-c3ccc(F)cc3)ccn12;COc1ccc(C(=O)C=Cc2ccccc2[N+](=O)[O-])cc1OC
m_572a36,COC(=O)C1(Cc2ccc(O)cc2)OC(=O)C(OC)=C1c1ccc(O)cc1;COc1cc2c(cc1OC)C1C(C)c3ccc(OC)c(OC)c3CN1CC2;Cc1nc(-c2ccccc2)sc1C(=O)NCC1CCCN2CCCCC12;COc1ccc2c(c1OC)CN(C)CCc1cc3c(cc1C(=O)C2)OCO3;Cc1noc(C2CCN(C(=O)Nc3ccc4c(c3)NC(=O)C(C)O4)CC2)n1;CCN1CCCC1CNC(=O)c1cc(S(=O)(=O)CC)c(N)cc1OC;CC1(C)CCc2cc(CC(=O)NC(Cc3ccccc3)C(=O)O)ccc2O1;Cc1ccc(-c2cc(C(=O)N3CCN(C(=O)c4ccco4)CC3)no2)cc1;CN1CCN(S(=O)(=O)c2cccnc2N2CCN(CCO)CC2)CC1;COc1cc(C)c(C)c(OC(=O)c2c(C)c(C=O)c(O)c(C=O)c2O)c1C;CC=C1CN2C3Cc4c([nH]c5ccccc45)C2(O)CC1C3(CO)C(=O)OC;COC(=O)CC(c1cccnc1)c1c(O)n[nH]c1Cc1ccc(OC)cc1;O=C(Cn1nc2c(cc1=O)CCCCC2)NC(Cc1ccccc1)C(=O)O;CC(C)(C(=O)N1CCN(C(=O)c2cccnc2)CC1)N1CCOCC1;O=C(NCc1ccc2c(n1)CCCC2)N1CCN(C(=O)c2ccco2)CC1;COc1ccc2c(=O)oc3c(OC)cc(CCN(C)C)c4c(=O)oc1c2c34;COc1c2ccoc2nc2c(OC)c(OCC(O)C(C)(C)O)ccc12;CNC(=O)Cc1ccc(NS(=O)(=O)c2c(C)ccc3cccnc23)cc1;Cc1cc(C)cc(C(O)CNC(=O)C2(c3ccc(F)cc3)CCOCC2)c1;CC1(C)c2[nH]c3cc(Cl)ccc3c2CC23CN4CCCC4(CC21)C(=O)N3;COc1cc2c(cc1OC)C(=O)Cc1ccc3c(c1CN(C)CC2)OCO3;CC=C1CC(C)C(O)(CO)C(=O)OCC2=CC[N+]3([O-])CCC(OC1=O)C23;Cc1[nH]ncc1C1CCN(C(=O)Nc2cccc(-c3ncn(C)n3)c2)CC1;COC(=O)C(CCSC)NC(=O)CCNC(=O)c1cccc(OC)c1;COc1cc(C)nc(N2CCN(C(=O)CC(C)(C)c3ccccc3)CC2)n1
m_57bec0,N#CC(=C(N)Sc1ccc(N)cc1)c1ccccc1C(F)(F)F;Cc1noc(C)c1CC(=O)NCc1cccnc1Oc1ccccc1;COc1c(C=CC(=O)c2ccc(O)cc2)ccc(O)c1CC=C(C)C;CC(N)CC(=O)Nc1ccc(Oc2ccc(C(F)(F)F)cc2)nc1;COC(=O)c1ccc(C(=O)NCc2ccc(-c3ccnn3C)o2)cc1;C=C(C)C(C)c1cc(C=CC(=O)c2ccc(O)cc2)c(OC)cc1O;C=CC(C)(C)c1cc(C=CC(=O)c2ccc(OC)cc2)c(O)cc1O;Cn1c(=O)n(C)c2cc(S(=O)(=O)N3CCCC3C(=O)O)ccc21;Cc1cc(C)c(NC(=O)CSCc2nc3ccccc3[nH]2)c(C)c1;COc1cc(O)c2c(=O)c(OC)c(-c3ccc(O)cc3)oc2c1;CCC1=CC2CN3CCc4c([nH]c5ccccc45)C(C(=O)OC)(C2)C13;CC(C)(C)c1[nH]cnc1C=c1[nH]c(=O)c(=Cc2ccccc2)[nH]c1=O;O=C(CSc1ccccn1)NN=Cc1ccc(Cl)c(Cl)c1;CCn1nnc2c(N3CCN(c4ccccc4OC)CC3)ncnc21;CCn1cnc2c1CCN(C(C)C(=O)Nc1ccc(C(N)=O)cc1)C2;CCCC(=O)Nc1ccc2c(c1)C(=O)CC(c1ccc(OC)cc1)O2;CC(O)(CCc1ccccc1)C(=O)NC1CCCOc2ccccc21;Cn1nccc1-c1ccc(CNS(=O)(=O)CCC(F)(F)F)o1;Cc1cc(C)c(C)c(S(=O)(=O)N2CCC(n3ccnn3)C2)c1C;CCCc1cc2c(cc1NC(=O)c1ccc(C(C)(C)C)cc1)OCO2;CCc1cccc(C)c1CNc1cc(C(N)=O)cn2c(C)c(C)nc12;CN1C(C(=O)Nc2ccccn2)=C(O)c2sccc2S1(=O)=O;COC(=O)c1ccc(C(=O)NC(C)Cc2ccc3c(c2)CCO3)cc1;CC(C)(C)c1ccc(Oc2nnnn2-c2ccc(C(N)=O)cc2)cc1;CC(=O)OC1CC2(C)C3(CO3)C1OC1C=C(C)C(=O)C(O)C12CO
m_57f31b,CCCCCCCCCCCC(=O)NCCCCC(N)C(=O)O;CC(C(=O)N1CCCCC1C(=O)N1CCOCC1)c1cccnc1;Clc1cc(Br)ccc1OCCCCN1CCCC1;Cc1cnc(N(C)C2CCCN(C(=O)CCC(F)(F)F)C2)nc1;CCCCCCCCCCCC(=O)NC(CCCCN)C(=O)O;O=C(Cc1ccccc1)N1CCCC(Oc2ccncc2Cl)C1;Cc1cc(C)nc(OC2CCCN(C(=O)Cc3ccsc3)C2)n1;Cc1noc(COc2ccc(NC(=O)CCC3CCNC3)cc2)n1;CC(C)(C)c1ccc(OCC2CCN(C(=O)C3CC=CC3)C2)nn1;CC(C)(C)c1ncc(NC(=O)N2CCCC(N3CCCC3)C2)cn1;COC1CCN(C2CCN(C(=O)Cc3cccc(C)c3)CC2)CC1;CC1CCCN(C(C)CS(=O)(=O)c2ccc3ccccc3c2)C1;Cc1ccc(OCC2CCN(C(=O)Cc3c(C)noc3C)C2)nn1;CCCS(=O)(=O)N1CCCC(Oc2nccnc2N(C)C)C1;CC(=O)N1CCCC(C(=O)N2CCC(C)(C)S(=O)(=O)CC2)C1;Cn1nccc1C1CCCCN1C(=O)CCc1cccc(Cl)c1;CCc1nc2cc3c(cc2n1CC(=O)N1CCCCC1)OCCO3;CNC(=O)CS(=O)(=O)C1CCN(C(=O)CC2CCCC2)CC1;O=C(Cc1cccs1)N1CCCCC1c1nncn1CC1CC1;CCOC(=O)C1CCCN(C(=O)c2nnn(-c3ccccc3)n2)C1;Cc1noc(CN2CCC(O)(c3ccc(-c4ccccc4)cc3)CC2)n1;CCCS(=O)(=O)N1CCC(C(=O)NC2CCCCC2C)CC1;CCC(C)C(=O)N1CCCC(C(=O)NCc2ccnc(C#N)c2)C1;Cn1c(=O)c2cc(NC(=O)CCC3CCNC3)cnc2n(C)c1=O;CCCN1CCC(CNC(=O)NC(C)C2COc3ccccc32)C1
m_59b1bd,Cc1ccc(C)c(C(=O)N2CCC3(CC(=O)c4ccccc4O3)C2)c1;O=C1c2ccc(O)c(Br)c2OCC1c1ccc(O)cc1;O=C(O)COc1ccc(CCNS(=O)(=O)c2ccccc2)cc1;C=CC(C=C(C)COC1OC(CO)C(O)C(O)C1O)C(=C)C;CCCCCC(=O)C=CC1C(O)CC(=O)C1CCCCCCC(=O)O;Oc1ccc(CCC(O)CC(O)CCc2ccc(O)c(O)c2)cc1;C=C(C)C(=O)OC1C2C(CC(C)C3=CCC(=O)C31C)OC(=O)C2C;CC1CCC(O)C=CC(=O)OC(C)CCC(O)C=CC(=O)O1;C=CCC=CCC=CCCCCCCCc1cc(O)cc(O)c1;COC(=O)c1cc(OC)cc(O)c1C(=O)c1c(O)cc(C)cc1O;COc1ccc(OC)c(C2CCCN2Cc2nc(C(=O)O)co2)c1;C=CC1(C)CC2CCC3C(C)(C(=O)O)CCCC3(C)C2=CC1=O;Cc1cc(C)c(CNC(=O)c2n[nH]c3c2CC(C)OC3C)c(=O)[nH]1;CCCCCc1ccc(C(=O)Oc2ccc(C#N)c(F)c2)cc1;Cc1ccc(N(CC(=O)NCc2ccncc2)S(C)(=O)=O)cc1;C=C(C)C(=O)OC1C2C(CC(C)C3C=CC(=O)C31C)OC(=O)C2C;CN(C)S(=O)(=O)N(SC(F)(Cl)Cl)c1ccccc1;CCCCCCCC=CC=CC(O)=NCCc1ccc(O)cc1;Cc1cc(S(=O)(=O)N2CCN(c3ccccn3)CC2)ccc1F;CC(Cc1ccc(C(C)(C)C(=O)O)cc1)CN1CC(C)OC(C)C1;CC(Oc1ccccc1)C(=O)Nc1ccccc1Oc1ccccc1;C=CC1(C)CC2=C(CC1=O)C1(C)CCCC(C)(C(=O)O)C1CC2;CSC=CC(=O)OC1CCC2=CC(=O)C(=C(C)C)CC2(C)C1C;N#Cc1ccc(OCCNC2CC3(CCC3)Oc3ccccc32)cc1;CC1CC(O)C2(C)C(C(=O)O)=CCCC2C1(C)CCc1ccoc1
m_59bced,O=C(C=Cc1ccc(Cl)cc1Cl)c1cccc2ccccc12;Cc1cc(Br)ccc1OCC(=O)NC1CCCCC1;CCCOc1ccc(Br)cc1C(=O)N1CCOCC1;Oc1cc(O)c2c(c1)OC(c1cc(O)c(O)c(O)c1)C(O)C2;O=S(=O)(O)c1ccc(N=Nc2c(O)ccc3ccccc23)cc1;CCCCCCCCCCCCCCCCCCCCC(=O)O;COc1ccc(CN(C)C2CCN(C)CC2)cc1Br;O=C(c1ccc(CSc2ccccc2)cc1)N1CCCCCC1;Cn1nnnc1SCCNCc1ccc(Br)cc1;FC(F)(F)Cc1noc(-c2cccc(CNC3CCOC3)c2)n1;CC(C)(O)C(O)COc1c2occc2cc2ccc(=O)oc12;Nc1cn(Cc2ccc(C(=O)NC3CC3)cc2)nc1C(F)(F)F;COc1ccc(Cl)cc1C(=O)Nc1cccc2ccc(C)nc12;CNC(=O)C(=NOC)c1ccccc1COc1cc(C)ccc1C;O=C(Nc1ccc(Cl)cc1)c1cc(Br)ccc1O;CC(C)=CCc1c(O)cc(O)c2c1OC(c1ccccc1)CC2=O;CC(=O)NCC(=O)N1CCSC(c2ccccc2Cl)CC1;CCCCCCCCCCCCCC=CC(=O)NC(C)C(=O)O;CCCCCCCCCCCCCCCC(=O)NC(C)C(=O)O;COc1cc(CNC(=O)CCCCC=CC(C)C)ccc1O;Clc1cnccc1N1CC(Cn2cc(Br)cn2)C1;CCOc1ccc(Br)cc1CNCC1CCNCC1;CCC1CN2CCC1CC2C(O)c1ccnc2ccc(OC)cc12;Cc1ccc(C(=O)NC(=S)N2CCCC2)cc1Br;CC(C)(O)C(O)COc1c2ccoc2cc2oc(=O)ccc12
m_5ae66f,COc1ccc(C=CC(=O)Nc2ccccc2C(=O)O)cc1OC;COCCn1cc(NC(=O)NC2CCCCC2C)c2ccccc21;COc1cc2c(cc1OC)CCN(CCc1ccc(N)cc1)CC2;Cc1cc(C)n(CCNC(=O)C(C)n2nc3c(cc2=O)CCC3)n1;COc1cc2c(cc1OC)C(C)N(CCc1ccc(N)cc1)CC2;CC(C)(CCc1ccc(C(N)=O)cc1)NCC(O)c1ccccc1;CCOc1ncccc1C(=O)N1CCC(Oc2ccc(C)nn2)C1;CN(C)c1cccc(C(=O)NCc2cn(-c3ccsc3)nn2)c1;CC(C=CC=C(C)C(=O)O)=CC=CC=C(C)C=CC=C(C)C(=O)O;CN(C)c1cccc(C(=O)NCC2(O)CCCc3sccc32)c1;NC(Cc1ccccc1)C(=O)O;COc1ccc2nc(SCc3ncc(C)c(OC)c3C)[nH]c2c1;O=C(C=Cc1ccc(O)cc1)NC(Cc1ccc(O)cc1)C(=O)O;Cc1c(C2CCN(C(=O)C(C)Oc3ccccc3)CC2)noc1N;CS(=O)(=O)Nc1ccc(-c2nc(Cc3cccnc3)no2)cc1;COc1ccc(C)cc1NC(=O)Nc1cnc(N2CCCC2)nc1;O=C(CCc1ccc(O)cc1)N=C(Cc1ccc(O)cc1)C(=O)O;CC(C)(C)OC(=O)Nc1ccccc1NC(=O)c1ccc(N)cc1;O=C(O)c1ncccc1C(=O)N1CCN(c2ccccc2F)CC1;COc1ccc(NC(=S)N2CCN(c3ccccc3)CC2)cc1;O=C(Cc1ccccc1)NCC(=O)OCC(=O)c1ccc(F)cc1;Cc1n[nH]c(C)c1C(C)CC(=O)N1CCN(c2ccccc2)CC1;COc1c(C)cnc(CSc2nc(O)c3ccccc3n2)c1C;COc1ccc2nc([S+]([O-])Cc3ncc(C)c(OC)c3C)[nH]c2c1;CN(c1cccc(CNC(=O)NC2(C)COC2)c1)S(C)(=O)=O
m_5bfac3,O=C(CCCC(O)c1ccc(F)cc1)N1C(=O)OCC1c1ccccc1;O=C(NCCc1c[nH]c2ccc(Cl)cc12)C1CCc2[nH]ncc2C1;Cn1cc(-c2cn(C(C(=O)NC3CC3)c3ccc(F)cc3)nn2)cn1;COc1cccc(C2(NC(=O)C3CCCc4c(O)cccc43)CC2)c1;Cn1nc(C2CC2)cc1CNC(=O)C1CCCOC1c1ccccc1;CCCNCC(O)COc1ccccc1C(=O)CCc1ccccc1;CC1C(=O)OC2CC[N+]3([O-])CC=C(COC(=O)C(C)(O)C1(C)O)C23;Cc1ccc(COc2ccccc2CNCCN2CCOCC2)cc1;CCOc1nccnc1N1CCC(NC(=O)c2ccc(C#N)cc2)C1;Cc1cccc(COc2ccc(C(=S)N3CCN(C)CC3)cc2)c1;Cc1cc(N2CCN(c3nc(C)nc(C)c3C)CC2)n2ncnc2n1;O=C(CCCOc1ccc(Cl)cc1Cl)NCc1ccncc1;COc1ccc(C2(C(=O)N3CCC(c4cnn(C)c4)C3)CCC2)cc1;Cc1noc(C)c1CC(=O)N(C)C1CN(c2cc3c(nn2)CCC3)C1;CCn1nnc2c(N3CCN(c4ccccc4OC)CC3)ncnc21;CCC(=NOCC=CCl)C1=C(O)CC(C2CCOCC2)CC1=O;CC1=CC(=O)CC2C1(C)CCC(C)C2(C)CCC(C)CC(=O)O;O=C(NCC1(Cc2ccccc2)CCCCC1)C1CC1c1c[nH]cn1;CC(NC(=O)C1CSCN1C(=O)c1ccccc1)c1ccccc1;CC1C(=O)OCC2=CC[N+]3([O-])CCC(OC(=O)C(C)(O)C1(C)O)C23;COC(=O)c1ccc(NC(=O)c2cc(N3CCCCC3)ncn2)cc1;Cc1ccc(CN2CC(C(=O)CNc3ccc(F)cc3)CC2=O)cc1;Fc1cccc(F)c1-c1ccc(N2CCC(c3ncc[nH]3)CC2)nn1;CCOC(=O)c1cc(NC(=O)Nc2cccc(OC)c2)c(C)nc1C;c1ccc(N2CCN(N=C3c4ccccc4-c4ccccc43)CC2)nc1
m_5c710b,COc1ccc(CN2CCN(C(=O)NC3CCCC3)CC2)cn1;COc1ccc(NC(=O)c2ccccc2Oc2ccccc2)cn1;O=C(NCC(O)c1cccs1)c1ccccc1Oc1ccccc1;Cc1ccc(C=NNC(=O)c2ccccc2Oc2ccccc2)o1;CC(C)NS(=O)(=O)c1ccc(NC(=O)c2ccccn2)cc1;CC(=O)Nc1cc(C2CC2)nn1C1CCS(=O)(=O)C1;Cc1cccc(-c2nc(C#N)c(NCc3ccccc3Cl)o2)c1;Cc1cc(=O)nc(SCC(=O)Nc2ccc3c(c2)OCO3)[nH]1;O=C(Cc1cccs1)N1CCN(c2cccc(Cl)c2)CC1;CCCCCCCCCCCCCCCc1cccc(O)c1O;Nc1ccc(-c2ccc(-c3ccc(N)cc3)c3nsnc23)cc1;Cc1cc(N2CCC(N3CC(=O)N(C4CC4)C3=O)CC2)ncn1;O=C(NCCCNC(=O)c1cccnc1Cl)c1cnccn1;CC(CC12CCCN1C(=O)C1CCCN1C2=O)OC(=N)O;CCOC(=O)Cn1ccc(=NC(=O)c2ccc3c(c2)OCO3)[nH]1;O=C(NCC(=O)N1CCC1)C1CC(=O)N(c2ccc(F)cc2)C1;COc1cccc(C(=O)N2CCC3(CC2)CNC(=O)C3)c1OC;COc1ccc(NC(=S)NCCCn2ccnc2)cc1OC;CCOc1ccc(C(=O)N2CC(N3CC4CCCC4C3)C2)cn1;Cc1nn(-c2ccccc2)c(C)c1C=NNC(=O)c1ccccn1;N#Cc1ccc(N2CC3CN(C(=O)c4ccccn4)CC3C2)nc1;CC#CC#CC=C1C=CC2(OC=CC2OC(=O)C=C(C)C)O1;CC(C)n1ncnc1CNC(=O)c1cncc(-c2ccccc2)c1;CC1(C)CCC(Cc2ccc(Cl)cc2)C1(O)Cn1cncn1;CC(=O)Nc1cnn(C2CCN(C(=O)c3ccncc3F)C2)c1
m_5c8d41,CN(CCn1cccn1)C(=O)c1cccc2[nH]c(C(F)F)nc12;COC(=O)c1cc2c([nH]c3ccccc32)c(-c2ccnc(N)n2)n1;Cc1nc2oc(-c3ccccc3)nc2cc1NC(=O)c1ccoc1;O=c1nc(Oc2cnn(Cc3ccccc3)c2)[nH]c2cnccc12;Cc1noc(NC(=O)Cn2cnc3sc(C)c(C)c3c2=O)n1;O=S(=O)(CCc1ccccc1)NC1CN(c2ccccn2)C1;CCOC(=O)c1cccc(NS(=O)(=O)Cc2ccccc2)c1;Fc1ccccc1N1CCN(Cc2csc(C3CC3)n2)CC1;CC=CC=CC(=O)Nc1ccc(C=CC(=O)c2ccccc2)cc1;Cc1nc(COc2cccc(C(=O)NC3CCNC3)c2)cs1;O=S(=O)(NC1CCCCCC1)c1ccc(OC(F)F)cc1;Cc1cc(N)nc(SCc2nnc(-c3ccc(F)cc3)o2)n1;Cn1cc(-c2cccs2)nc1CCNC(=O)c1ccsc1;COCC(=O)Nc1c2c(nn1-c1ccc(C)cc1C)CSC2;O=C(Nc1ccnc2ccnn12)c1ccc(Cn2cncn2)cc1;Cc1nc(N2CCC(C(F)(F)F)CC2)c(C#N)c(C)c1Cl;FC(F)(F)c1cc(NCC2Cc3ccccc32)n2ncnc2n1;N#CC(OC1OC(CO)C(O)C(O)C1O)c1ccccc1;O=C(O)c1cccc(O)c1NCC(O)C(O)C(O)C(O)CO;Cc1csc(C(=O)NCc2cc(-c3cccs3)nn2C)c1;CC(=O)c1c(O)cc(=O)n(-c2ccccc2)c1-c1ccc(C)cc1;CC(CC12CCCN1C(=O)C1CCCN1C2=O)OC(N)=O;O=C(NCc1nnnn1C1CCCCC1)c1ccccc1Cl;CC(=O)N1CCC(C(=O)Nc2nc3c(C)cccc3s2)CC1;Nc1ccc(-c2ccc(-c3ccc(N)cc3)c3nsnc23)cc1
m_5da1ef,Cc1ccc(C)c(CSc2n[nH]c3nc(=O)c(C)c(C)n23)c1;Cc1ccc(C)c(CN2CCC(Oc3ncc(F)cn3)CC2)c1;CCc1cccc(CNC2CCC(=O)NC2c2cnn(C)c2)c1;Cc1ccc(S(=O)(=O)N2CCc3ccccc3C2)c(C)c1C;Cc1ccc(C(=O)N2CCC(c3ocnc3C(=O)O)CC2)cc1;Cc1ccccc1C(=O)N1CCC2(CC1)C(=O)N(C)C(=O)N2C;CSc1nc2ccc(NC(=O)c3ccccc3C)cc2s1;CCOc1ccc2nc(NC(=O)c3ccccc3C)sc2c1;Cc1cccc(-c2nc(CNC(=O)CCC(F)(F)F)no2)c1;CNC(=O)C(OC)c1ccccc1COc1cc(C)ccc1C;CCCN(CCc1cccs1)C1CCc2c(O)cccc2C1;Cc1ccc(C(=O)c2ccc(CC(=O)NCC(=O)O)n2C)cc1;Cc1ccc(S(=O)(=O)N(C)CC(=O)N2CCOCC2)cc1;CCOP(=S)(OCC)Oc1ncn(-c2ccccc2)n1;c1ccc(OC2CC2)c(Cn2cc(CN3CCOCC3)nn2)c1;COc1cc(CO)ccc1OCC(=O)N1CCc2ccccc21;CSc1nc(C)c(C)c(N2CCN(c3ccccn3)CC2)n1;COCCNC(=O)c1nccnc1NC(=O)c1ccc(C)cc1;CCN(CC)C(=O)c1ccccc1OCCOc1ccccc1;COc1ccc(C(O)CN2CCN(c3ccccn3)CC2)cc1;Cc1nc(C2COCC2NC(=O)Cc2ccc(C)c(C)c2)n[nH]1;O=C(NCCc1ccc2c(c1)OCO2)c1ccccc1CCO;COc1ccc(C)cc1S(=O)(=O)N(C)CC(=O)NC1CC1;Cc1ccc(-c2cc(C(=O)N3CCC(C(N)=O)CC3)no2)cc1;CC=C(C)C(=O)OC1C=CC(=O)OC1C=CC(O)C(C)O
m_5dda21,COc1ccc(C(=O)N2CCN(CC(=O)N3CCOCC3)CC2)cc1;COc1ccccc1C(=O)Nc1ccc2c(c1)COc1ccccc1O2;COc1ccccc1-c1ccc(C(=O)Nc2c(C)cc(C)cc2C)cc1;Cc1cc(C)c(C(=O)P(=O)(c2ccccc2)c2ccccc2)c(C)c1;c1ccc2[nH]c(N3CCC(COc4ccc(C5CC5)nn4)CC3)nc2c1;CCN(CC)C(=O)CN1CCCN(C(=O)c2ccccc2OC)CC1;CCOc1ccc(CC(=O)N(CC(F)(F)F)C2CCOCC2)cc1;Cc1ccccc1C(=O)Nc1cccc(NC(=O)Cc2ccccc2)c1;CCCCCCCCCCC(C(=O)c1ccc(OC)cc1)[N+](C)(C)C;CN(c1ccc(C(=O)O)cc1)S(=O)(=O)c1c2c(nn1C)CCCC2;Cc1ccc(-c2noc(-c3ccccc3NC(=O)C(F)(F)F)n2)cn1;O=C(O)C(Cc1ccc(O)cc1)N=C(O)C=Cc1ccc(O)cc1;O=C(O)c1cccc(CCNS(=O)(=O)c2ccc3c(c2)CCO3)c1;CCOC(=O)c1cnc(SCC(=O)c2ccc(OC)cc2)nc1N;CC(Oc1ccccc1)C(=O)N(Cc1ccccc1)Cc1ccccc1;Cc1ccc(CNC(=O)CN(Cc2ccccc2)S(C)(=O)=O)cc1;O=C(NCCC(CCO)c1cccs1)C1(c2ccc(F)cc2)CC1;C=CC1CN2CCC1CC2C(O)c1ccnc2ccc(OC)cc12;CCc1cccnc1CNS(=O)(=O)c1cc(C(=O)O)cc(C)c1C;COC(=O)c1cc(OC)c(OC)cc1NC(=O)c1cccc(OC)c1;Cc1ccc(NC(=O)c2cccc(NC(=O)Cc3ccccc3)c2)cc1;CC(C)CN1CCN(C(=O)c2n[nH]nc2Nc2ccccc2F)CC1;COc1ccc(CCNCC(O)COc2cccc(C)c2)cc1OC;Cc1cc(C)c(S(=O)(=O)Nc2nc3c(C)cccc3s2)c(C)c1;Cc1ccc(C)c(Cn2cccc(C(=O)Nc3cccc(C)n3)c2=O)c1
m_5fef1c,Cc1ccc(CNC(=O)CN2C(=O)NC3(CCCCC3C)C2=O)cc1;Cc1ccc(CN2C(=O)CCC2C(=O)N2CCCC2CC(C)O)cc1;Cc1ccc(CN2CC(C(=O)N3CCNC(=O)C3(C)C)CC2=O)cc1;COc1c(O)c(C(=O)C=Cc2ccccc2)c(OC)c(OC)c1OC;Cc1cccc(CS(=O)(=O)NCC(c2ccco2)n2cccn2)c1;Cc1cn(C2CC(O)C(CO)O2)c(=O)nc1NC(=O)c1ccccc1;CN(C(=O)c1ccccc1)c1ccccc1C(=O)NCc1ccccc1;Cc1cnc(NC(=O)NC2CCN(CCc3ccccc3)CC2)s1;Cc1ccc(Cn2c(CO)cnc2SCc2ccccc2F)cc1;CCOC(=O)c1nc(-c2ccccc2)oc1CN(C)C1CCCC1O;CC(COCC(C)OC(=O)c1ccccc1)OC(=O)c1ccccc1;CN1N=C(C(=O)NCC2CCN(CCc3ccccc3)C2)CCC1=O;O=C(C1COc2ccccc2C1)N1CCC(C(=O)O)(C(F)(F)F)C1;CCc1ccc(Nc2ncnc3c2cnn3Cc2ccc(C)cc2)cc1;Cc1cccc(C)c1NC(=O)c1ccccc1NC(=O)c1ccccc1;Cc1nnc(NCCc2ccccc2)c2nn(-c3ccccc3)c(C)c12;Cc1cc(NC(=O)Nc2ccccc2)ccc1NC(=O)c1ccccc1;O=CC(O)C(O)C(O)C(O)COC1OC(CO)C(O)C(O)C1O;CC(C(=O)Nc1ccc2c(c1)N(C)S(=O)(=O)N2C)c1ccccc1;C=CCc1ccc(OC(C)Cc2ccc(O)c(OC)c2)c(OC)c1;Cc1cccc(CC(=O)N2CCN(CC(O)c3cccs3)CC2)c1;CCOC(=O)C(Cc1ccc([N+](=O)[O-])cc1)NC(=O)c1ccccc1;Cc1nc(CC2CCN(CC(OC(C)C)c3ccccc3)CC2)no1;Cc1cccc(OCC(=O)NC(=S)NNC(=O)c2ccncc2)c1;CC(c1ccccc1)N1CCC1C(O)(c1ccccc1)c1ccccc1
m_6007c7,c1cc(C2=NC(C3CCCCC3)CO2)nc(C2=NC(C3CCCCC3)CO2)c1;O=C1NC(=O)C(Cc2ccc3cc(OCc4ccccc4F)ccc3c2)S1;COc1ccc2oc(=O)cc(CN3CCN(Cc4ccccc4F)CC3)c2c1;COc1ccc2oc(=O)cc(CN3CCN(Cc4ccc(F)cc4)CC3)c2c1;Cc1cc(C#N)cc(C)c1Oc1nc(Nc2ccc(C#N)cc2)nc2[nH]ccc12;CC(C)(C(=O)N1CCC(CNC(=O)c2ccccn2)CC1)c1ccc(F)cc1;COC(=O)CC1CCC(c2ccc(-c3nc(C(N)=O)c(C)nc3C)cc2)CC1;COc1ccc(CCNC(=O)Cc2ccc(OC)c(OC)c2)cc1OC;CCCc1cc(=O)n(CC(=O)Nc2cccc(F)c2)c(-n2nc(C)cc2C)n1;O=C(C=Cc1ccc(O)c(O)c1)NC(Cc1ccc(O)c(O)c1)C(=O)O;Cc1ccc(N(C)C(=O)N2CCN(C(=O)N(C)c3ccc(C)cc3)CC2)cc1;NC(=O)C1CCN(c2ccccc2NC(=O)C2Cc3cc(F)ccc3O2)CC1;O=C(C1Cc2cc(F)ccc2O1)N1CCC(n2c(=O)[nH]c3ccccc32)CC1;Cc1nc(C(=O)N2CCn3nc(C4CC4)cc3C2)nc(N2CCC(N)C2)c1C;CC1(O)CC(O)C2(O)C=COC(OC3OC(CO)C(O)C(O)C3O)C12;O=C(NCCC1=CCCCC1)c1cccc(C(=O)NCCC2=CCCCC2)c1;CC(CC(=O)O)C1CCCN(S(=O)(=O)c2ccc(F)c(F)c2F)C1;CCC1CN2C=NC(N3CCN(C(=O)c4ccc5c(c4)OCO5)CC3)=CC2=N1;CCOc1noc2cc(OCCC3CCN(c4ccc(C)nn4)CC3)ccc12;COc1ccc2c(=O)n(CC3CCN(CCn4cc(C)cn4)CC3)cnc2c1;COc1cc2c(cc1F)CCC2NC(=O)Cn1c(C)nc2ccccc2c1=O;C=C(C)C1CCC(C)C12CC(O)C1(C)OC1C2OC(=O)C(N)CCC(=O)O;CC1(C2CC2)CCN(C(=O)C(=O)Nc2ccc(N3CC4CCC3C4)cc2)CC1;CCn1nc(C)cc1C(=O)Nc1ccccc1C(=O)N1CCC(C(N)=O)CC1;CCC(CC)n1nc(C(=O)N2CCN(C3CCS(=O)(=O)C3)CC2)cc1C
m_60e7b1,CS(=O)(=O)c1ccc(N2CCCC(Cn3ccnn3)C2)nc1;Cc1nc(N2CC(CN(C)S(C)(=O)=O)C2)c2ccncc2n1;CCCCCCCCCC(=O)NC(Cc1ccccc1)C(=O)O;Cc1cc(C)cc(NC(=O)NC2CCN(c3ccccc3)C2=O)c1;Cc1[nH]c2ccccc2c1CCN=C(O)c1ccccc1[N+](=O)[O-];CCN(CC)c1ccc(C=Nn2c(C)cc(C)c(C#N)c2=O)cc1;O=C(NC(=S)NC1=NN(c2ccccc2)CC1)c1ccccc1;COc1ccccc1N1CCN(c2nc(C)cc(C)c2C#N)CC1;Cc1cc(C)cc(NC(=O)CCC(=O)Nc2cc(C)cc(C)c2)c1;CN(C1CCCN(c2ncnc3cnccc23)C1)S(C)(=O)=O;CCc1oc(-c2ccccc2)cc1C(=O)Nc1ccc(OC)cc1;Cc1cn2nc(C(=O)N3CCN(c4ccccc4F)CC3)ccc2n1;COc1ccccc1-c1nn(C)cc1C(=O)NC1CCC(C(=O)O)CC1;Cc1ccc2c(c1)c1c(n2CCc2ccc(C)nc2)CCN(C)C1;Cc1ccc(-c2cc(C(=O)N3CCC(S(C)(=O)=O)C3)n[nH]2)o1;Nc1ncc(-c2ccnc(Nc3ccncc3)n2)c(CC2CC2)n1;CCc1ccccc1NC(=O)COc1nc(C)nc2ccccc12;Nc1nc2cc(C(F)(F)F)ccc2n1Cc1ccc(Cl)cc1;CCN(C(=O)c1ccc(OC)c(OC)c1)c1ccccc1C;Cc1ccc(N2CC(C(=O)NC(C)c3ccccc3)CC2=O)cc1;CN=C(NS(=O)(=O)c1ccc(C)cc1)c1ccc(Cl)cc1;c1ccc(CC2CCN(c3nnnn3-c3ccccc3)CC2)cc1;O=C(NCc1ccnc(N2CCCC2)c1)c1ccc2nccn2n1;CC(C)=CCc1c(O)ccc2c1OC(c1ccc(O)cc1)CC2=O;Cc1cccc(N2CC(c3noc(-c4ccncc4)n3)CC2=O)c1
m_6105c1,CCCCCCCCCC(=O)OC(CC(=O)[O-])C[N+](C)(C)C;CCCn1nnnc1NCc1cc(Br)ccc1OC;Cn1cc(NC(=O)NCCCN2CCOCC2)c2ccccc21;Cn1nc(C2CC2)nc1CNC1(CO)C2CC3CC(C2)CC1C3;Cc1cc(C)c(NC(=O)N2CCCC2c2cc(C)no2)c(C)c1;COc1ccc2c3c1OC1C(=O)CCC4(O)C(C2)N(C)CCC314;Cc1cccc(OCCC(=O)Nc2cn[nH]c2C2CCNC2)c1;COc1ccc(OCC(=O)Nc2onc3c2CC(C)CC3)cc1;COc1c(O)c(O)c2oc(-c3ccccc3)cc(=O)c2c1OC;O=S(=O)(C1CC1)N1CCC(c2ccc3cccnc3n2)CC1;CCOc1ncccc1CNC(=O)NCc1cccc(OC)c1;Cn1cc(C(=O)NC2CCN(CC(F)(F)F)CC2)ccc1=O;CN1CCC(COc2cnc(-c3cccc(CO)c3)nc2)CC1;CC(C)C(O)(C(=O)OCC1=CC[N+]2([O-])CCC(O)C12)C(C)O;CCOc1ccc(NC(=O)NCc2nccc(N(C)C)n2)cc1;COc1ccc2[nH]c(SCc3ncc(C)c(O)c3C)nc2c1;Cc1ccc(-c2nnc(SCCN3CCCCC3)n2C)cc1;Cc1cc(N2CCCC2)n2nc(CN3CCCCC3C)nc2n1;COc1cc(CNC(=O)CCCCCC(C)C)ccc1O;COc1ncccc1C(=O)NCc1cn(-c2ccsc2)nn1;Cc1cc(C)nc(N(C)NC(=S)NC(=O)c2ccccc2)n1;CCC(C(=O)N1CCCN(C2CCOC2)CC1)c1ccccc1;CCCCCCCC(=O)OC(CCCCCCC)CC(=O)O;Cc1nnc(N2CC(NC(=O)C3CCC(F)(F)CC3)C2)s1;COc1ccc(NC(=O)NCc2nccc(N(C)C)n2)c(C)c1
m_610a9f,Cc1[nH]c2ccc(N(C)C)cc2c(=O)c1CN1CC(C)OC(C)C1;CC1CN(C(=O)NC(C)c2ncc(-c3ccccc3)o2)CC(C)O1;Cn1cc(CNCC2(O)CCCc3ccccc32)c(-c2ccncc2)n1;COc1ccc(C)cc1-n1ccc(C(=O)N(C)CC(O)C2CC2)n1;Cc1cc(C)c(C#N)c(N2CCOC(C(=O)N3CCCCC3)C2)n1;Cn1cc(-c2ncccc2CNC(=O)OCC2CCCCO2)cn1;COc1cc2c(c3oc(=O)c4c(c13)CCOC4=O)C1C=COC1O2;CCCOc1nc2ccccc2cc1C(=O)N1CCCNC(=O)C1;COc1cccc(-c2nc(C(=O)N3CCOCC3(C)C)c(C)[nH]2)c1;O=C1NCCCC1N1CCN(c2ccc(C(F)(F)F)cn2)CC1;COc1ccccc1N1CCN(C(=O)Cc2cccc(F)c2)CC1;CC(C)NS(=O)(=O)c1cnccc1N1CCN(CCO)CC1;NC1=NC(c2cn[nH]c2-c2ccccc2)n2c(nc3ccccc32)N1;CCn1cc(C(=O)NCC2(C(O)c3ccccc3)CC2)c2ccccc21;NC(=O)NCCCC(NCC(O)COP(=O)(O)O)C(=O)O;CCC1CN2CCC1CC2C(O)c1ccnc2ccc(OC)cc12;COC(=O)CC1CC23OC2(C(=O)c2c(O)cccc2C3=O)C(C)O1;CC(C)c1cc2c(c(O)c1O)C13CCCC(C)(C)C1CC2OC3=O;COc1cc2c(c3oc(=O)c4c(c13)CCOC4=O)C1CCOC1O2;CC(C)N1CCC(CNS(=O)(=O)Cc2ccc(F)cc2)CC1;CC12CCC3C(CCC45OC4C(O)=C(C#N)CC35C)C1CCC2O;O=C(NCCn1cc(-c2ccncc2)cn1)NCc1cccs1;CCOC(=O)C(C#N)(CCN(C)C)c1csc2ccc(C)cc12;C=CC(C)(C)c1cc2cc(CC3OC3(C)C)c(OC)cc2oc1=O;COc1ccc(C)cc1-n1cnc(C(=O)N2CCCC2(C)CO)c1
m_612431,CCn1cc(C(=O)N2CCCC(c3nc(C)no3)C2)c2ccccc21;Cn1c(=O)cc(N2CCCC(N)C2)n(Cc2ccccc2C#N)c1=O;Brc1cc(-c2ccccc2)c(CN2CCOCC2)s1;CC(C)c1cc(C(=O)NCCn2cc(-c3ccccc3)nn2)n(C)n1;Cc1ccc(C2COCCN2C(=O)c2c[nH]c(=O)c3ccccc23)o1;Brc1cc(CN2CCOCC2)c(-c2ccccc2)s1;CNC(=O)C1Cc2ccccc2N1C(=O)Nc1ccc2c(c1)OCO2;Cc1c(C(=O)NCCn2cc(-c3ccccc3)nn2)cnn1C(C)C;CCc1ccc(C(C)=NNS(=O)(=O)c2ccc(OC)cc2)s1;COc1ccc(Cc2nccc3cc(OC)c(OC)cc23)cc1OC;CC1(C)CC(CCC(=O)Nc2ccc(S(N)(=O)=O)cc2)C(=O)O1;CC(C)C(NC(=O)c1ccc(C(=O)O)cn1)c1nc2ccccc2[nH]1;CC1SC(C)C(=O)N(CC(=O)Nc2ccc3c(c2)OCO3)C1=O;CC(C(=O)Nc1cccc(-n2ccc(C(=O)O)n2)c1)S(C)(=O)=O;Cc1ccc(C)c(C(=O)CSc2nnc(-c3ccccc3C)o2)c1;Cn1c(=O)c(CNC(=O)c2cccnc2C(N)=O)cc2ccccc21;Cc1cccc(C(=O)NCc2nnc3n2CCC(C(F)(F)F)C3)c1;CC1OC=C2C(=O)N3CCc4c([nH]c5ccccc45)C3CC2C1C=O;O=C(Nc1cnn(CC2CCCO2)c1)c1cn(-c2ccccc2)nn1;O=C(NCc1cccc(Cl)c1)NCc1ccnc(-n2ccnc2)c1;O=C(CCc1ccccc1)Nc1cnc(-c2cccnc2)nc1;c1cncc(C2CCCCN2CN2CCCCC2c2cccnc2)c1;Cc1nnc(N2CC(NC(=O)NCc3ccc(Cl)cc3)C2)s1;CCCCCCCCCCCCOC(=O)c1cc(O)c(O)c(O)c1;COC(=O)c1ccc(NC(=O)c2cn(C)c(=O)c3ccccc23)cc1
m_62973b,COc1ccc(C=CC(=O)N2CCCCC2)cc1OC;C[N+](C)(C)CC(CC(=O)[O-])OC(=O)CCCC(=O)O;CC(NC(Cc1ccc(O)cc1)C(=O)O)C(=O)O;Cc1cccc(C)c1NC(=O)C1CCCCN1CCO;Cc1nnccc1C(=O)NC1(CO)CCCCCCC1;CCC1CN(S(=O)(=O)C(C)C)CCC1NC(C)=O;O=C(O)CC(NCC(O)c1ccccc1)C(=O)O;COc1ccc(C2CNC(=O)C2)cc1OC1CCCC1;Cc1cnc(C2=NC(=O)C(C)(C(C)C)N2)c(C(=O)O)c1;CCCN(CC)C(CC)C(=O)Nc1c(C)cccc1C;CN(Cc1ccn[nH]1)C(=O)CCC(=O)NC1CCCC1;CNC(=O)c1ccc(C(=O)N2CCOCC23CC3)cn1;Cc1ccccc1NC(=O)CN1CCCC1CC(C)O;Cc1cc(C(=O)NC2CCC(C(F)(F)F)CC2)co1;CCCN1CCCCC1C(=O)Nc1c(C)cccc1C;O=C(COCc1ccccn1)NC12CCCC1NCC2;O=S(=O)(NC1CCCc2ccccc21)c1cn[nH]c1;O=C(O)CC1CN(C(=O)C2Cc3ccccc32)CCO1;Cc1ccc2c(c1)-c1nc(-c3cccnc3)[nH]c1CCC2;CCC(C)C(N=C(C)O)c1cc(OC)cc(=O)o1;CN(C)CCC=C1c2ccccc2C=Cc2ccccc21;O=C(O)C(CO)NC(Cc1ccccc1)C(=O)O;CC1(C(=O)N2CCC(CS(C)(=O)=O)CC2)COC1;CC(=O)NC1CCCN(C(C(=O)O)c2ccccc2)C1;Cc1cc(CCNC(=O)C23CCCC2NCC3)nn1C
m_62dd85,CC12CCC(C(=O)Nc3cccc4cccnc34)(CC1=O)C2(C)C;O=C(NC1CC(=O)N(C2CCCCC2)C1)c1cnc2ccsc2c1;Cc1cc(C(=O)N2CC(n3cc(-c4ccccc4)nn3)C2)c(C)o1;CC(O)CCCCCCCCCC(=O)Cc1cc(O)cc(O)c1;CC1CN(C(=O)c2ccccc2)C(C)CN1C(=O)c1ccccc1;O=C(CCc1ncc[nH]1)N1C2CCC1CC(Cc1ccccc1)C2;Cc1nccc(CNC(=O)Nc2cc(C(C)(C)C)nn2C(C)(C)C)n1;CC(C)NC(=O)c1ccccc1OCC1CCN(C(=O)C2CC2)CC1;CCOc1ccc(CNCCCN2CCOCC2)cc1OCC;Cc1ccc(C)c(-n2ncc(NC(C)c3cc(C)n(C)n3)c2C)c1;CC1CCCC(O)CCCCCc2cc(O)cc(O)c2C(=O)O1;COc1cc(C)c(C)cc1S(=O)(=O)NCC(C)(O)c1ccco1;O=C(NCCc1cccc(O)c1)N1CCC(C(=O)N2CCCC2)CC1;N#Cc1nc(COc2ccccc2)oc1NCCCn1ccnc1;Cn1cncc1CC(NC(=O)CCNCc1ccco1)C(=O)O;CC(C)NC(=O)c1ccc(OCC2CCCN(C(=O)C3CC3)C2)cc1;CCn1nc(C)c(S(=O)(=O)Nc2cnc(N(C)C)nc2)c1C;CN(Cc1ccccn1)C(=O)CCc1nc2ccccc2c(=O)[nH]1;Cc1cc(=O)oc2cc(NC(=O)C(C)Oc3ccccc3)ccc12;CCCn1nc(C)c(C(=O)NCC(CC)(CC)C(=O)OC)c1C;COC(=O)C(CO)C(O)CCCCC(C)CC(C)=CC(C)=CC(=O)O;CCn1nc(C)c(NC(=O)N2CCCN(S(C)(=O)=O)CC2)c1C;CC(O)c1cn(C2CN(C(=O)CCCC3CCCCC3)C2)nn1;Cc1cc(=O)n(CC(=O)NCc2ccc(-c3ccoc3)nc2)cn1;CN(c1ccccc1)S(=O)(=O)CC12CCC(CC1=O)C2(C)C
m_637284,Cc1ccc(F)cc1C(=O)NCc1ccc(-n2ccnc2)c(F)c1;O=C(CC1CNC2CCCCC12)Nc1cncc(-c2ccn[nH]2)c1;Cn1nc(C2CCN(c3nccc(C#N)n3)CC2)n(C2CC2)c1=O;Cc1nn(CCNS(=O)(=O)C2CC2)c(C)c1-c1cccs1;CC1(C)SC2C(N=CN3CCCCCC3)C(=O)N2C1C(=O)O;O=C(Cn1c(C2CCCO2)nc2ccccc21)NCc1ccco1;Cc1nccn1CC1CCCN1C(=O)c1ccc2c(c1)ncn2C;Cc1cccc(C(=O)NC(=S)NNC(=O)Cc2ccccc2)c1;Cc1nc2ccccn2c1C(=O)N1CCC(c2cccs2)CC1;CN1CC(CCNC(=O)Nc2cnn(-c3ccncc3)c2)CC1=O;O=C(C(O)c1cccc(C(F)(F)F)c1)N1CCn2ccnc2C1;Cc1cc(C(=O)NCc2ccc(Cl)cc2)n(-c2ccccc2)n1;Cc1cc2nc3n(c(=O)c2n1Cc1ccc(F)cc1)CCCCC3;COc1cccc2sc(N3CCN(c4ccccc4)CC3)nc12;Cn1nccc1C12CCC(C1)C2C(=O)NCCc1cnc(=O)[nH]c1;C=CCN1CCC23c4c5ccc(O)c4OC2C(=O)CCC3(O)C1C5;COc1cc(N2CCN(c3ncnc4cc(C)[nH]c34)CC2)ncn1;CC(=O)Nc1ccc(C2=NN(C(C)=O)C(c3cccs3)C2)cc1;COc1ccc2[nH]cc(CCNC(=O)Cc3ccc(F)cc3)c2c1;CCOC(=O)c1ccc(-c2ccc(C=NNC(=O)CC#N)o2)cc1;O=C(O)c1ncccc1C(=O)N1CCN(c2ccccc2F)CC1;O=C(NCCc1ccc(F)cc1)c1ccc2nnc(C3CC3)n2n1;Cc1cc(Oc2cncnc2)cc(C(=O)Nc2ccc(F)cn2)n1;O=C(c1ccc(CSc2ccccc2)cc1)N1CCCCCC1;O=C(c1ccc2c(c1)CCCC2)N1CCCCC1c1nc(=O)[nH][nH]1
m_64030c,O=C(O)C(Cc1ccc(O)cc1)N=C(O)C=Cc1ccc(O)cc1;Cc1ccc(S(=O)(=O)N(C)CCc2c[nH]c3ccccc23)cc1;CC(C)=CCOc1cc(NC(=O)c2ccccc2C)ccc1Cl;Cc1cc(C)c(S(=O)(=O)N2CCN=C2c2ccccc2)c(C)c1;Cc1cccc(C(=O)NC(=S)NNC(=O)Cc2ccccc2)c1;CCC(C(=O)N1CCN(c2nccs2)C(=O)C1)c1ccccc1;COCc1nnc(NS(=O)(=O)c2c(C)cc(C)cc2C)s1;CCCCCCCCCCC(=O)NCCc1c[nH]c2ccccc12;CC(CCc1ccccc1)NCC(O)c1ccc(O)c(C(N)=O)c1;COc1cc(C=CC(=O)NCC(O)c2ccc(O)cc2)ccc1O;CC(CC(=O)Nc1ccc(F)cc1)=NNC(=O)c1ccccc1C;Cc1cc(C(=O)N2CCC(NC(=O)c3ccccc3C)CC2)n[nH]1;CCC(CC(=O)N1CCC(O)(c2nn[nH]n2)CC1)c1ccccc1;C=CCCCCCCCCC(=O)NCCc1c[nH]c2ccccc12;NCCc1ccc(C(=O)NCC23CNCC2(C(F)(F)F)C3)cc1;O=C(NCc1nnc2n1CCCC2)c1ccc2ccccc2n1;COc1ccc(NC(=O)COC(=O)c2ccc(C)cc2)cc1OC;Cc1ccc(-c2cc(CC(=O)Nc3ccc(Cl)cc3)no2)cc1;COc1ccc(-c2noc(CSc3ccccc3)n2)cc1OC;Cc1cc(C)c(Nc2ccnc(Nc3ccc(C#N)cc3)n2)c(C)c1;CCc1cccc(C)c1N(C(=O)CS(=O)(=O)O)C(C)COC;CCOc1ccc(S(=O)(=O)Nc2cccc3cccnc23)cc1;COc1cc(NC2CCN(C(=O)c3cccc(C)c3)CC2)ncn1;Cc1ccccc1C(=O)NCC(=O)N1CCCC(n2cncn2)C1;CC1CC(C)CN(C(C)(C)CNC(=O)c2ncnc3nc[nH]c23)C1
m_64306c,CCOC(=O)c1nn(-c2ccccc2F)c2nc(Nc3ccccc3)cc(=O)n12;CNC(=O)c1c(C)oc2cc(Oc3ncnc4cc(OC)c(OC)cc34)ccc12;C=C(C)COc1ccc(-c2nc(N)ncc2Oc2ccccc2OCC)c(O)c1;CCOc1ccccc1C(=O)N1CCCC1C(=O)Nc1cccc(C(=O)NC)c1;CNC(=O)c1cccc(NCC(=O)NCCc2ccc(OC)c(OC)c2)c1;COc1cc2c(cc1OC)C13CCN4CC5=CCOC6CC(=O)N2C1C6C5CC43;CC(C)(c1ccc(OCC(O)CCl)cc1)c1ccc(OCC2CO2)cc1;CC(CCCCC(=O)Nc1ccc(C(=O)O)cc1)OC1OC(C)C(O)CC1O;COc1ccccc1CCNC(=O)c1nn(-c2ccccc2C)c(=O)cc1OC;O=C(CCCN1CCC2(CC1)C(=O)NCN2c1ccccc1)c1ccc(F)cc1;Cc1nccn1-c1ccc(Sc2cccc(C3(C(N)=O)CCOCC3)c2)cc1;CNC(=O)C1CCS(=O)(=O)C12CN(C(=O)c1n[nH]c(C(F)(F)F)c1C)C2;Cc1nc2n(n1)CC(NC(=O)N1CCCC1c1ccc(Cl)c(Cl)c1)CC2;CCC1(O)C(=O)OCc2c1cc1n(c2=O)Cc2cc3c([N+](=O)[O-])cccc3nc2-1;Cc1cc(CCC(=O)N2CCC(S(=O)(=O)c3nccn3C)CC2)ccc1F;C#Cc1cccc(Nc2ncnc3cc(OCCOC)c(OCCOC)cc23)c1;Cc1cc(N2CCCC(NC(=O)c3cnc4c(cnn4C(C)C)c3)C2=O)n(C)n1;Cc1nn(CCNS(=O)(=O)Cc2ccccc2F)c(C)c1-c1ccsc1;Cc1nn(-c2nc3ccccc3n2C)c2c1C(c1cccc(F)c1F)CC(=O)N2;COc1cc(C(=O)O)ccc1OC(C)Cc1cc(OC)c(OC)c(OC)c1;Cc1c(CCC(=O)NC(Cc2ccccc2)C(=O)O)c(=O)oc2cc(O)ccc12;COc1ccc(-c2ncnc(N3CCN(C(=O)c4ccccn4)CC3)c2F)cc1;O=C(NC1CCN(C(=O)c2ccoc2)CC1)C1CCCN1C(=O)c1ccccc1;Cc1nc2ccccn2c(=O)c1CCN1CCC(C(=O)c2ccc(F)cc2)CC1;Cc1cc(NC(=O)c2cc3ccccc3o2)ccc1-c1cc2ccccc2oc1=O
m_65a7ff,Cn1nccc1C1CCCN(CC(=O)Nc2cccc(C(F)(F)F)c2)C1;COc1cc(C=CC(=O)CC(=O)C=Cc2ccc(O)c(OC)c2)ccc1O;Cc1nnc2ccc(NCCn3nc(-c4ccc(F)cc4)ccc3=O)nn12;COc1ccc(C(=O)N2N=C3CC(C)(C)OCC3C2c2ccccc2)cc1;Cc1ccc(OCC(=O)Nc2ccc(NC(=O)c3ccco3)c(C)c2)cc1;CN1CCC23C(=O)CC4C(=CCOC5CC(=O)N(c6ccccc62)C3C54)C1;CCOc1ccc2oc(C)c(C(=O)Nc3ccc(N(C)C(C)=O)cc3)c2c1;COc1ccc(NC(=O)c2ccc(C(C)(C)C)cc2)cc1N1CCCC1=O;Cc1cc(C)n(-c2ccnc(NC3CCN(S(C)(=O)=O)CC3C)n2)n1;CSCCC(NC(=O)C(C)n1c(=O)[nH]c2ccccc2c1=O)C(=O)O;CC12CCC(=O)C=C1CCC1C2C(O)CC2(C)C1CCC2(O)C(=O)CO;CC(C)Cn1ncc(NC(=O)N2CCc3cc(F)ccc3C2)c1C(F)F;CCS(=O)(=O)N1CCCC2CN3CCc4cc(OC)ccc4C3CC21;CC1CCC2(C)C(CC(O)C(O)C23CO3)C1(C)CCC1=CC(=O)OC1O;COc1ccccc1CN=C(O)c1cc(C2CC2)nc2c1cnn2C(C)C;O=C(NCCc1c[nH]c2ccc(F)cc12)C1(c2ccccc2)CCOCC1;CC(C)(C)c1ccc(OCc2nn3c(-c4cccnc4)nnc3s2)cc1;CC12C=CC(=O)C=C1CCC1C2CCC2(C)C(OS(=O)(=O)O)CCC12;Cc1c(NC(=O)c2ccc3c(c2)CCO3)cccc1C(=O)N1CCOCC1;Cc1cc(C=CC#N)cc(C)c1Nc1ccnc(Nc2ccc(C#N)cc2)n1;OCC1CC(n2ccc3c(NC4CCc5ccccc54)ncnc32)CC1O;CCn1c(C)c(C2N3CC4(CC)CN2CC(CC)(C3)C4=O)c2ccccc21;CC(=CC(=O)O)C=C(C)CC(C)CCCCC(O)C(CO)C(=O)O;CCC(C(=O)Nc1cccc(-c2cn3c(n2)SCC3)c1)c1ccccc1;c1csc(-c2[nH]ncc2CN2CCN(c3cnn4cnnc4c3)CC2)c1
m_6817b1,O=C(Cc1cc(-c2ccco2)on1)NCc1c(F)cccc1F;Fc1cccc(F)c1CN1CCCC(COc2ccncc2)C1;Cc1cc(-c2nc(-c3ccc(F)c(F)c3)no2)nn1C(C)(C)C;O=C(CC1(n2cccc2)CCOCC1)Nc1ccc(Cl)cn1;CCCCc1nnc2sc(COc3ccc(C)c(C)c3)nn12;Cc1cc(F)c(S(=O)(=O)NC2CCCCNC2=O)cc1F;COc1cc2oc(=O)ccc2cc1C(O)C(O)C(C)(C)O;CN(CCn1cccn1)C(=O)c1cccc2[nH]c(C(F)F)nc12;NC(=O)C(F)(F)C(O)(Cn1cncn1)c1ccc(F)cc1F;CN1CC(=O)N(CC(=O)N2CCCC2c2ccc(F)cc2)C1=O;Cc1cc(C(=O)NC2CCC(=O)NC2=O)nn1C1CCCCC1;Cc1ccc(CNC(=O)C2OCCC2Cn2cccn2)cc1F;c1cc(N2CCN(c3nccs3)CC2)nc(N2CCCC2)n1;COc1cnc(OC2CCN(C(=O)c3cncn3C)CC2)nc1;O=C(NN=Cc1ccc(O)c([N+](=O)[O-])c1)c1cc(O)cc(O)c1;COc1ccc2c3c1OC1C(=O)CCC4(O)C(C2)N(C)CCC314;CCn1nc(C)cc1C(=O)Nc1nc2ccc(OC)cc2s1;O=C1CCCC(C(=O)NCc2ccc(F)cc2C(F)(F)F)N1;COc1ccc2nc(C(=O)NCc3cc(F)ccc3F)cn2n1;CCOC(=O)c1cn(CC)nc1S(=O)(=O)N1CCOCC1;COc1cc(-c2oc3cc(O)cc(O)c3c(=O)c2O)ccc1O;CCCn1nnnc1NCc1ccc(-c2ccccc2Cl)o1;OCCc1ccc(OC2OC(CO)C(O)C(O)C2O)cc1;Cc1nc(N2CCC(C(F)(F)F)CC2)c(C#N)c(C)c1Cl;c1nnc(N2CCC(COc3ccc(C4CC4)nn3)CC2)s1
m_6b66aa,Cc1cc(F)ccc1S(=O)(=O)N1CCC(C)CC1C(=O)O;O=C1OCCN1c1nnc(SCc2ccc(F)cc2)s1;O=c1c2c3c(sc2ncn1Cc1ccc(F)cc1)CCCC3;Cn1cc(Br)c(C(=O)NCc2ccc(F)cc2)n1;Fc1ccc(Cn2nnc3c(N4CCOCC4)ncnc32)cc1;CC(=O)c1ccc(NC(=O)C(C)Cn2nc(C)c(C)c2C)cc1;Cc1cc(C)n(CCNS(=O)(=O)Cc2cccc(F)c2)n1;NC(=O)C1CCC(c2ccc(OCc3ccccc3F)cc2)N1;Fc1cccc(Cn2cc(-c3noc(C4CCCC4)n3)nn2)c1;CCCOc1cccc2c1CCN(Cc1ccc(F)cc1)C2=O;Fc1ccc(CNc2ncnc3sc4c(c23)CCCC4)cc1;CCc1ccc(CN2CCCNC(=O)C2Cc2ccccc2)o1;Fc1ccccc1COc1ccccc1CNc1nccs1;Fc1ccc(COc2ccccc2CNCc2ccco2)cc1;Cc1cnc(N(C)C2CCCN(Cc3ccccc3F)C2)nc1;O=C(O)C=Cc1ccc(O)c(O)c1C=Cc1ccc(O)c(O)c1;O=C(C(CO)c1ccccc1)N(Cc1ccccc1F)C1CC1;COc1ccc(C2CCN(C(=O)Cc3c(C)n[nH]c3C)C2)cc1;Cc1ccccc1CC1CCCN1C(=O)Cc1c(C)n[nH]c1C;Fc1ccc(-c2cn3cc(C(F)(F)F)cc(Cl)c3n2)cc1;CC(=O)C1CCC2C3CCC4=CC(=O)CCC4(C)C3CCC12C;Cc1cccnc1NC(=O)Cc1cc(-c2ccccc2F)on1;Cc1cccnc1NC(=O)c1c[nH]c2c(Cl)cccc2c1=O;Cc1n[nH]c(C)c1CC(=O)N1Cc2ccccc2C(C(=O)O)C1;Cc1cc(C)nc(C(=O)Nc2nc(-c3ccccn3)cs2)n1
m_6d224e,O=c1[nH]c(=O)c2ncn(C3OC(COP(=O)(O)O)C(O)C3O)c2[nH]1;Cc1nc(C(C)(C)NC(=O)c2cc(C3CCCCC3)[nH]n2)no1;NC(=O)C1CCCN1C(=O)C(Cc1cnc[nH]1)NC(=O)C1CCC(=O)N1;CC(C)N(C(=O)COc1nnc(C(F)(F)F)s1)c1ccc(F)cc1;O=C(Nc1ccc(I)cc1)c1cccs1;CC1(C)SC2C(NC(=O)C(N)c3ccc(O)cc3)C(=O)N2C1C(=O)O;CC(O)(CNC(=O)c1ccsc1)c1cc2ccccc2s1;O=C(O)c1sccc1CN1CCN(S(=O)(=O)c2ccccc2)CC1;CCOc1c(F)cccc1C(=O)N1CCC(CN2CCN(C)CC2)CC1;Nc1nc(-c2nn(Cc3ccccc3F)c3ncccc23)ncc1C1CC1;CC1COc2c(N3CCN(C)CC3)c(F)cc3c(=O)c(C(=O)O)cn1c23;O=C(NCC(O)c1ccc(-c2ccsc2)o1)c1c(F)cccc1Cl;O=C(CCc1ccccc1)OC1OC(C(=O)O)C(O)C(O)C1O;COc1cc(COC2OC(CO)C(O)C(O)C2O)cc(OC)c1O;CN1CCN(c2c(F)cc3c(=O)c(C(=O)O)cn4c3c2OCN4C)CC1;COc1cc(C2OC(c3ccc(O)c(OC)c3)C(C)(O)C2C)ccc1O;CC(O)C(=O)N1CCN(C(=O)C2(c3ccc(F)cc3)CCCCC2)CC1;CCc1ccc(NC(=O)N2CCC3(C2)NC(=O)N(C(C)C)C3=O)cc1F;CCc1nnc(-c2cc(NC(=O)C3CCN(C(C)=O)CC3)c(C)s2)o1;O=C(NCCCCNC(=O)c1cccc(Cl)c1)c1cccc(Cl)c1;CC1=C(C(=O)O)N2C(=O)C(NC(=O)C(N)c3ccc(O)cc3)C2SC1;Cc1c(NC(=O)N2CC(C)OC(CO)C2)nnn1Cc1cccc(F)c1;COc1cc(F)c(C2CNC(=O)C2NC(=O)Nc2ccccc2)c(F)c1;O=C(O)C(c1ccsc1)N1CCN(S(=O)(=O)c2ccccc2)CC1;OC(CCNc1ncnc2ccc(Cl)cc12)c1ccsc1
m_6d3dc0,O=C(Nc1ccc(=O)n(Cc2cccc(F)c2)c1)C1CCCOC1;Cc1c(C(=O)NCC(C(=O)O)c2ccccc2)cnn1C(C)(C)C;CCn1nnc2c(=O)n(CC(=O)NCc3ccc(F)cc3)cnc21;CC(C)N1CCC(CNS(=O)(=O)Cc2ccc(F)cc2)CC1;Cc1c(C(=O)NCc2ncccc2N(C)C)cnn1C1CCCC1;Cn1nccc1C(=O)NCCc1nc(-c2cccc(Cl)c2)no1;COc1ccc(C2CCN(C(=O)NCc3ccc(F)cc3)C2)cc1;CCOc1ccc(NC(=O)N2CCCC(c3nnc(C)o3)C2)cc1;CCN1CCCc2cc(C(=O)NCc3cccc(OC)c3)sc21;Cc1cccc(C(CNC(=O)C2C3CCCC32)N2CCOCC2)c1;O=C(NO)c1cnc(NC2(c3cccc(F)c3)CCCCC2)nc1;O=C(Cc1ccc(F)cc1)NCc1ccc(C(=O)O)c(C2CC2)n1;Cc1cccc(C(=O)N2CCCC(c3n[nH]c(C4CC4)n3)C2)c1F;CC1(C)CN(C(=O)C2CCc3nncn3C2)c2cccc(Cl)c21;O=C(NCC(CO)Cc1cccnc1)C1Cc2cc(F)ccc2O1;O=C(NNc1c2ccccc2nc2ccccc12)c1ccc(O)cc1;O=C(Cc1ccc(F)cc1)NCC(c1ccsc1)c1ccco1;Cc1nc2scc(C)n2c(=O)c1NC(=O)Cc1ccc(F)cc1;COc1ccccc1CC(=O)NCc1cn(-c2ccsc2)nn1;CC12CCC(=O)C=C1CCC1C2CCC2(C)C(C(=O)CO)CCC12;CCC(=O)Nc1ccc(NC(=O)CCc2ccccc2Cl)cc1;CCOc1nccnc1N1CCC(N(C)C(=O)c2ccnn2C)C1;O=C(OC1CCCCC1)c1ccccc1C(=O)OC1CCCCC1;O=C(NCC1(Cc2ccc(F)cc2)CC1)N1CCn2ncnc2C1;CCn1nccc1CN1CCC(c2noc3cc(F)ccc23)CC1
m_6d9287,CCc1cc(Nc2ccc(F)cc2)n2ncnc2n1;Cc1cnc(C)c(N2CCC(c3ncc[nH]3)CC2)n1;CNc1cc(C(=O)N2CCCC2)c2ccccc2n1;CC(C(=O)O)c1ccc2c(c1)Cc1cccnc1O2;CC(O)=NC(Cc1ccc2ccccc2c1)C(=O)O;CC=CC=CC(CC(=O)O)Nc1ccc(C=O)cc1;NC(=O)C1CCN(C(=O)c2ccc3[nH]ccc3c2)C1;Oc1cc2c(cc1O)C(c1ccccc1)CNCC2;Cc1n[nH]c(C)c1S(=O)(=O)NCC1CCCC1;Cc1n[nH]c(C)c1NC(=O)c1ccc2c(c1)CCC2;COc1ccc2[nH]c(=O)c3c(c2c1)OC(C)(C)C=C3;Cc1ccccc1NC(=O)Cn1ccnc1C1CC1;CC(C)(C)c1cc(C(=O)O)nn1Cc1cccnc1;O=C(Nc1ccc(OC(F)F)cc1)C1CCCC1;CNCCC(Oc1ccccc1C)c1ccccc1;O=C(c1ccccc1)c1ccc2n1CCC2C(=O)O;COCCNS(=O)(=O)c1ccccc1C(=O)O;O=C1CN(C(=O)c2ccc3cc[nH]c3c2)CCCN1;Cc1cc(=O)n(C)c(=O)n1Cc1ccccc1C#N;O=C(Nc1ccncc1)N1CCCC1c1ccco1;Cc1nn(C)c2nc(NCC3CCC3)c(C#N)cc12;COC1C(O)C(CO)OC1n1ccc(O)nc1=O;CCCCc1cc(=O)oc2cc3occ(C)c3cc12;CC(=O)N1CC(C#N)C2(C1)C(=O)Nc1ccccc12;CNC(=O)c1ccc(C)c(NCc2ccncc2)c1
m_6e1c94,O=C(O)C(Cc1ccc(O)cc1)N=C(O)C=Cc1ccc(O)cc1;COc1ccc(CNC(=O)NCc2ccc(-c3ccco3)o2)cc1;COc1ccccc1OCC(=O)NCc1ccc(-c2ccco2)o1;O=C(CCOC1OC(CO)C(O)C(O)C1O)c1ccc(O)cc1;CC(C)c1ccc(C(=O)NCCCNC(=O)c2ccncc2)cc1;OC1CC(Cn2cccn2)CC1NCc1ccc(OC2CC2)cc1;COc1ccc(NC(=O)CCNc2cnc3cnccn23)c(C)c1;CCOc1ccc(NC(=O)CC2Nc3ccccc3NC2=O)cc1;O=C(CCNc1cnc2cnccn12)Nc1ccc2c(c1)OCO2;Cc1ccn2c(C(=O)NN=Cc3ccc(Cl)cc3)c(C)nc2c1;CSc1ccc(NC(=O)CCNc2cnc3cnccn23)cc1;O=C(CCc1ccc(O)cc1)N=C(Cc1ccc(O)cc1)C(=O)O;Cc1ccc2nc(C)c(C(=O)NN=Cc3cccc(Cl)c3)n2c1;O=C(Cn1cnc2ccccc2c1=O)NCc1ccc(Cl)cc1;Fc1ccc(C2CCNCC2COc2ccc3c(c2)OCO3)cc1;CC(CNC(=O)c1ccc2[nH]c(=O)n(C)c2c1)Cc1cccs1;COc1ccccc1C1(C(=O)N2CC(Oc3ccncc3)C2)CC1;Cc1cc(C)n(C(CNC(=O)c2cn(C)nn2)c2cccs2)n1;COc1cccc(CNC(=O)CCNc2cnc3cnccn23)c1;O=C(NCC1CCOc2ccccc21)NC1CCC(F)(F)CC1;CSc1nnc(NC(=O)CSc2nc(C)cc(C)n2)s1;O=C(OC1CCCCC1)c1ccccc1C(=O)OC1CCCCC1;C=CCc1cc(S(=O)(=O)c2ccc(O)c(CC=C)c2)ccc1O;COc1cnc(OC2CCN(c3ccc4nccn4n3)CC2)nc1;CCOc1cccc(NC(=O)NC2CCN(c3ccccn3)C2)c1
m_6ebcf9,CC1CN(C(=O)CN2c3ccccc3N(C)S2(=O)=O)CC(C)O1;CC(C)c1ccc(CNC(=O)CSc2nc3ccccc3o2)cc1;CCc1ccc(C(=O)NCc2cc(C)nc(N3CCCCC3)n2)cc1;CCc1ccc(C(=O)NCc2nc(OC)nc(N3CCCC3)n2)cc1;Cc1cc(C(=O)Nc2cccc(C(F)(F)F)c2F)nc(C2CC2)n1;CCCCOc1ccc(C=NNC(=O)c2cccnc2)cc1OCC;COC(=O)c1ccc(C(=O)NC(C)Cc2ccc3c(c2)CCO3)cc1;CCc1ccc(C(=O)NC(=S)Nc2ccc3[nH]c(=O)[nH]c3c2)cc1;Cc1cc(C)cc(C(=O)N2CCCC(C(=O)NCc3ccco3)C2)c1;Cc1cc(C)c(C)c(S(=O)(=O)NCCCN2CCOCC2)c1C;Cc1nnc2ccc(C(=O)Nc3ccc(Cl)c(F)c3)nn12;Cc1ccc(C)c(C(=O)NCc2nc(C)cc(N3CCOCC3)n2)c1;Cc1ccccc1C(=O)Nc1ccccc1NC(=O)c1ccccc1C;Cc1cc2ncn(S(=O)(=O)c3c(C)c(C)cc(C)c3C)c2cc1C;Cc1cnc(OC2CCN(C(=O)NCC3CCCO3)CC2)nc1;O=C(NCCNC(=O)c1ccccc1)NC1c2ccccc2CC1O;COc1ccc(C(CC2OC(=O)c3ccccc32)=NNC(N)=O)cc1;COc1ccc(C2(C(=O)N3CCC(c4cnn(C)c4)C3)CCC2)cc1;Cc1nccc(OC2CCN(C(=O)CCC(=O)c3ccccc3)C2)n1;O=c1ccc2ccc(O)c(OC3OC(CO)C(O)C(O)C3O)c2o1;CCc1nc(C)cn1S(=O)(=O)c1ccc(NC(C)=O)cc1;CCN1C(=O)CCc2cc(NS(=O)(=O)CCOC(C)C)ccc21;CC(C)c1ccc(CNC(COP(=O)(O)O)C(=O)O)cc1;O=c1ccc2cc(OC3OC(CO)C(O)C(O)C3O)c(O)cc2o1;CCc1ccc(C(=O)NC(=S)Nc2ccc3c(c2)OCCO3)cc1
m_6f127a,COC(=O)c1ccc(NC(=O)Nc2c3c(nn2C)CSC3)cc1;CCc1ncc(NC(=O)N2CCC(Cc3ccc(F)cc3)C2)cn1;N#Cc1c(NC(=O)Nc2cccc(Cl)c2)sc2c1CCCC2;O=C(O)Cn1cc(CCN2CCCC2c2cccc(Cl)c2)nn1;CCc1cnc(N2CCCC(COc3cccc(OC)n3)C2)nc1;COc1ccccc1N1CCN(Cc2ccsc2C(=O)O)CC1;CCOc1ncccc1C(=O)N1CCC(Oc2ccc(C)nn2)C1;Cc1cc(CNC(=O)Nc2ccc3c(c2)OCO3)nc(N(C)C)n1;Cn1cnc2c(C(=O)N3CCOCC4(CCOCC4)C3)ccnc21;CCCCc1nnc(NC(=O)N2CC(CO)c3ccccc32)s1;CCOc1ccccc1NC(=O)NCc1cc(C)nc(N(C)C)n1;COC(=O)c1ccccc1NC(=O)C1CCC(C)(C(=O)O)C1(C)C;COC(=O)c1cc(O)cc(OC)c1C(=O)c1c(O)cc(C)cc1O;Cc1nccc(CNC(=O)NC(C)c2cc(F)ccc2N(C)C)n1;CCOc1ccc(N2CC(C(=O)Nc3nccs3)CC2=O)cc1;Brc1ccc(Nc2nc(-c3ccccc3)cs2)nc1;c1cc2sc(NCC3(c4ccsc4)CCOCC3)nc2cn1;COc1ccc2c(c1)N(C(=O)c1ncn(C(C)(C)C)n1)CC(C)O2;COc1cccc(N2CCN(C(=O)CCC3CCNCC3)CC2)c1;Cn1ncc2c(=O)[nH]c(Nc3cccc(Oc4ccccc4)c3)nc21;COc1cccc(N2CCN(Cc3csc(C4CC4)n3)CC2)c1;COC(=O)c1cc(OC)cc(O)c1C(=O)c1c(O)cc(C)cc1O;CCNC(=O)CN1CC(C(F)(F)F)C(S(=O)(=O)N(C)C)C1;Fc1ccc(C2CCNCC2COc2ccc3c(c2)OCO3)cc1;CCc1cc(C(=O)NC2CCN(c3ccccc3F)C2)cc(=O)[nH]1
m_6f3a5c,COc1cc2c(cc1OC)CN(C(=O)c1cccc(C)c1C)CC2;Cc1cc(C)cc(C(=O)NCC2(c3ccccc3)CCOCC2)c1;COC(=O)c1ccc(NC(=O)CCc2ccc3c(c2)CCO3)cc1;CNC(=O)c1cccc(NC(=O)CC2OCCc3ccccc32)c1;Cc1noc(C)c1CCC(=O)NCCn1cc(-c2ccco2)cn1;Cc1ccc(C)c(C(=O)NCC2CCN(c3ccncc3)CC2)c1;O=C(C1OCCc2ccccc21)N1CCC(Oc2cnccn2)C1;CCc1nn(C)c2n[nH]c(NC(=O)C3CCc4cccc(O)c43)c12;CN(C(=O)C1COc2ccccc2O1)C1CN(c2ccccn2)C1;CC(C)(C)OC(=O)NC(Cc1ccccc1)c1nccs1;Cc1cc(C)c(C)c(S(=O)(=O)Nc2ccc(Cl)cn2)c1C;CC(C)c1ccc(OCC(=O)NC2CN(c3ccccn3)C2)cc1;CN1c2ccccc2N(CC(=O)NCC2CCCO2)S1(=O)=O;O=C(CN1C(=O)NC2(CCCC2)C1=O)NC1c2ccccc2CC1O;CC(C(O)c1ccc(O)cc1)N1CCC(Cc2ccccc2)CC1;O=C(NCCc1ccccc1)NCCn1cc(-c2ccco2)cn1;Cc1noc(C2CCCOC2C2CCN(CC(O)CO)CC2)n1;FC(F)(F)c1cccc(CNc2ncnc3[nH]ncc23)c1;O=C(c1cc2cc(F)ccc2[nH]1)N1CCCC(Cn2ccnn2)C1;CC(C)NCC(O)COc1ccc(COCCOC(C)C)cc1;O=c1cc(-c2cc(O)c(O)c(O)c2)oc2cc(O)cc(O)c12;Cc1cccc(C)c1OCCNC(=O)CCC(=O)c1ccccc1;O=S1(=O)CCC(CN2CCC(COc3ncccn3)CC2)C1;O=C(C1COc2ccccc2O1)N1CCC(Oc2cccnn2)C1;O=C(Cn1cnc2c(c1=O)CCCC2)NCCCc1ccccc1
m_6f414f,Cc1ccc(S(=O)(=O)Cc2nc3cc(C)c(C)cc3[nH]c2=O)cc1;O=C(Cc1n[nH]c(=O)c2ccccc12)N1CCOC(C(F)(F)F)C1;O=C(NCc1ccco1)C1CCCN1c1ccnc2c(F)cccc12;Cc1noc(CCNC(=O)CCCc2nc(=O)c3ccccc3[nH]2)n1;CC(Cn1ncc2ccccc2c1=O)NC(=O)NC1CC2CCC1C2;Cn1nc(-c2ccccn2)cc1CNC(=O)COc1ccccc1F;CC(=O)N1CC(C)(C)c2ccc(NC(=O)c3cccnc3Cl)cc21;CCCCCCCCCCCCCc1cc(=O)c2ccccc2n1C;Cn1nc(-c2ccccn2)cc1CNC(=O)Nc1ccccc1Cl;O=C(CSc1ncc(-c2ccccc2)[nH]1)Nc1cccc(Cl)c1;CCOC(=O)C(Cc1ccc(N)nc1)c1cn(C2CCCCC2)cn1;OCc1ncc2n1-c1ccc(Cl)cc1C(c1ccccc1F)=NC2;O=c1cccc2n1CC1CC2CN(c2nc3ccc(Cl)cc3o2)C1;O=C(NCCNc1cc(-n2cccc2)ncn1)c1ccccc1Cl;CCn1ncc2ccc(NC(=O)N3CCCC3C3CCOCC3)cc21;CCOC(=O)c1sc(NC(=O)C2CCCCC2C(=O)O)nc1C;O=C1CCc2cc(NC(=O)c3cncc(Br)c3)ccc2N1;O=C(NCCc1nc2ccccc2[nH]1)C1CCCC(F)(F)C1;O=c1[nH]cnc2c(N3CCC(c4ccc(F)c(F)c4)CC3)nccc12;OC(CCNc1nnc(O)nc1O)=NN=Cc1c[nH]c2ccccc12;CCCC1COC(Cn2cncn2)(c2ccc(Cl)cc2Cl)O1;Cc1nc2ccccn2c(=O)c1NC(=O)C(C)Oc1ccccc1F;Cn1cc(-c2cc(CNC(=O)Cc3ccc(F)cc3F)ccn2)cn1;COc1cc2c(cc1O)C1Cc3ccc(OC)c(OC)c3CN1CC2;Cc1ccc(-c2csc(NC(=O)c3cccnc3Cl)n2)c(C)c1
m_6f45e5,COc1cc(OC)cc(C(NCc2cnn(C(C)(C)C)c2)c2nccn2C)c1;Cc1cc2ncc(C(=O)NCC(C)(C)NCC(=O)N3CCCC3C#N)cn2n1;Cc1ccccc1CC(=O)N1CCN(Cc2nncn2C2CCCCC2)CC1;O=C(OCC1(O)C(O)C=CC(OC(=O)c2ccccc2)C1O)c1ccccc1;COc1ccc(NC(=O)NCC2CC(=O)N(c3ccc(C)cc3)C2)cc1OC;Cc1cc(NC(=O)c2cccn(Cc3ccccc3C)c2=O)c2ccccc2n1;Cc1ccc(CN(Cc2cc(=O)n3nc(C(C)C)sc3n2)CC(C)C)cc1;Cc1ccccc1CN1CCC(O)(c2ccc(Cl)c(C(F)(F)F)c2)CC1;O=C(CSc1ccncc1)N1CC2CN(c3ccc(C4CC4)nn3)CC2C1;CCCCCC=CCC=CCCCCCCCC(=O)NC(C)c1ccccc1;CCOc1cc(NC(=O)C(C)(C)C)c(OCC)cc1NC(=O)c1ccccc1;Cc1ccsc1CCC(=O)N1CC2CN(c3ccc4nncn4n3)CC2C1;CC(C)=CCC1=C(O)C(O)(CC=C(C)C)C(O)=C(C(=O)CC(C)C)C1=O;COc1ccc(C2c3[nH]c4ccccc4c3CCN2Cc2ccc(C)cc2)cc1;CC(C)c1c(NC(=O)Nc2ccc(Cl)cc2)c(=O)n(-c2ccccc2)n1C;Cc1cccc(C2(NC(=O)C3CCS(=O)(=O)c4ccccc43)CCCC2)c1;Cc1cccc(Cn2cc(C(=O)O)c(S(=O)(=O)N3CCSCC3)n2)c1;CCCCC(=O)N(c1cccc(F)c1)C1CCN(CCc2ccccc2)CC1;O=c1ccc(-c2ccccc2)nn1CCNS(=O)(=O)CCc1ccccc1;CCOCc1nnc(NC(=O)c2cccc(NC(=O)c3ccccc3)c2)s1;CCCCC(=O)N(c1ccccc1F)C1CCN(CCc2ccccc2)CC1;CN(CCN(CCN(CCN(CCN(CCO)C(=O)c1ccccc1)C(=O)c1ccccc1)C(=O)c1ccccc1)C(=O)c1ccccc1)C(=O)c1ccccc1;O=C(c1ccccc1)c1nc2ccccc2n1CC(O)=NCCc1ccccc1;Cc1cc(Oc2ccc(C)c(Cl)c2)nc(SCC(=O)c2ccccc2)n1;CCCc1cc(=O)oc2cc(OC(C)C(=O)NCCCn3ccnc3)ccc12
m_70464b,O=C(c1ccc(OCCCc2cnc[nH]2)cc1)C1CC1;OCC1OC(Oc2ccc(O)cc2)C(O)C(O)C1O;CCn1cc(S(=O)(=O)N(C)C(C)C(=O)O)nc1C;Cc1cc(=O)[nH]c(CNc2cc(CC(C)C)ncn2)n1;CC(C)(C)OC(=O)Nc1cccc(S(C)(=N)=O)c1;Cc1[nH]ncc1C(=O)N1CCC(c2ccccc2)CC1;CNC(=O)c1ccc(C)c(NC(=O)c2ccnn2C)c1;CCOP(=O)(OCC)C(C)C(=O)c1ccccc1;C=CCCS(=O)(=O)N1CCCc2c(cnn2C)C1;Cc1cc(O)c2c(c1)C(=O)OC2c1c(O)cccc1O;N=c1nc(O)n(C2OC(CO)C(O)C2O)cc1CO;COc1ccc2c(c1)OC1c3ccc(O)cc3OCC21;O=c1[nH]nc(CNc2nc(C3CC3)nc3c2CCC3)[nH]1;Cc1cc(O)cc(O)c1C(=O)OCC(O)C(O)CO;Cc1nc(NCC2CC3C=CC2CC3)cc2nncn12;Cc1csc(C(=O)NCC2(O)CCC(F)(F)CC2)c1;OCC1OC(Oc2ccccc2O)C(O)C(O)C1O;O=C(Nc1ccncc1)C1(c2ccc(F)cc2)CCC1;O=C1CN(C(=O)c2cccc(F)c2Cl)CCCN1;Cc1ccc(OCC(=O)c2cc(C)c(O)cc2O)cc1;COc1ccc(C2(NC(=O)C3CC3C3CC3)CC2)cc1;CC1COCCN1C(=O)CC1(CC(=O)O)CCCC1;CCCCNC(=O)NS(=O)(=O)c1ccc(C)cc1;CC(=O)Nc1ccc(OC(=O)c2ccccc2O)cc1;CS(=O)(=O)CCC(N)c1nc(-c2ccco2)no1
m_70fe91,COc1cc(N2CCN(C(=O)c3cc(O)ccc3Cl)CC2)ncn1;CC=Cc1cc(OC)c2c(c1)C(C)C(c1ccc(O)c(OC)c1)O2;CCc1ccc(S(=O)(=O)NCc2cccnc2-c2ccco2)s1;COC(=O)c1ccc2nc(NC(=O)c3cc4ccccc4o3)sc2c1;CC(=CCOc1ccc2ccc(=O)oc2c1)CC1C=C(C)C(=O)O1;Cn1c(=O)c2c(NCCc3c[nH]c4ccccc34)ccnc2n(C)c1=O;Cc1c(CC(=O)N2CCC(S(C)(=O)=O)C2)nnn1-c1ccccc1;Fc1ccc(Cl)cc1-c1nc(Nc2ccncc2)c2nccnc2n1;O=C1c2oc3cc(O)c(O)cc3c2C(=O)c2oc3cc(O)c(O)cc3c21;Cc1ccc(OC(=O)c2cc3c(C)nn(-c4ccccc4)c3s2)cc1;CCCN(CCC)c1c([N+](=O)[O-])cc(S(N)(=O)=O)cc1[N+](=O)[O-];CC1(c2ccccc2)CC(NC(=O)Cc2ccc(-n3cnnn3)cc2)C1;Cc1nc2ccccn2c1C(=O)NCc1cncc(-c2cccs2)c1;CCc1cnc(N2CCN(c3ccc(-c4ccncc4)nn3)CC2)nc1;Cc1cccc(C2CCCN2S(=O)(=O)c2cnn3c2OCCC3)c1;Cc1cc(C)n2nc(CC(=O)N3CCCC3c3ccccc3C)nc2n1;Cn1cc(CC(=O)NCc2nccnc2-c2ccco2)c2ccccc21;CC12CCC3c4ccc(OS(=O)(=O)O)cc4CCC3C1CCC2=O;Cn1cc(-c2ncccc2CNC(=O)CCC(=O)c2ccccc2)cn1;COC1=C(C)C(=O)C2=C(C1=O)C(COC(N)=O)C1(OC)C3NC3CN21;O=C(NC1CCC(C(=O)O)CC1)c1cnnn1-c1ccccc1Cl;O=C(O)c1ccccc1S(=O)(=O)N1CCN(c2cnccn2)CC1;CCn1cc(NC(=O)NCc2ccc3[nH]c(C)cc3c2)c2ccccc21;Nc1nccn2c(C3CCC4CCC(=O)N4C3)nc(Br)c12;Cn1cc(-c2ccc(CNC(=O)c3cc4ccccc4s3)cn2)cn1
m_70ff2a,CC(C)(C)OC(=O)Nc1ccccc1NC(=O)c1ccc(N)cc1;COc1cc2c(cc1OC)CCN(CCc1ccc(N)cc1)CC2;COc1cc2c(cc1OC)C(C)N(CCc1ccc(N)cc1)CC2;CCc1ncnc(OC2CCN(C(=O)c3cccnc3C)C2)c1F;O=C(Nc1ccc(C(=O)N2CCCCCC2)cc1)C1CCCCC1;CCCCCCCCCCCCCC(=O)NC(C(=O)O)C(C)O;NC(Cc1ccccc1)C(=O)O;Cc1cc2n(CCNC(=O)COc3ccc(Cl)cc3)ccn2n1;CS(=O)(=O)Nc1ccc(-c2nc(Cc3cccnc3)no2)cc1;CC(C)(CCc1ccc(C(N)=O)cc1)NCC(O)c1ccccc1;CN(C)c1cccc(C(=O)NCc2cn(-c3ccsc3)nn2)c1;CCCCC=CCCCCCCCC(=O)NC(C(=O)O)C(C)O;CN(c1cccc(CNC(=O)NC2(C)COC2)c1)S(C)(=O)=O;COc1ccc(NC(=S)N2CCN(c3ccccc3)CC2)cc1;COc1ccc2nc([S+]([O-])Cc3ncc(C)c(OC)c3C)[nH]c2c1;CCOc1ccccc1C(=O)NCCN1CCc2sccc2C1;Cc1ccc(NC(=O)c2ccc3nccn3n2)c(Br)c1;O=Cc1ccc(OC2OC(CO)C(O)C(O)C2O)cc1;Cc1scc(C(=O)NN=Cc2ccc(OCC(C)C)cc2)c1C;NC(Cc1ccccc1)C(=O)NC(Cc1ccc(O)cc1)C(=O)O;CC(=NNC(=O)CNC(=O)c1ccc2c(c1)OCO2)c1ccco1;CCc1nnc(NC(=O)C2CC(=O)N(c3cccc(C)c3)C2)s1;CN(C)c1cccc(C(=O)NCC2(O)CCCc3sccc32)c1;CCCCCCC=CCCCCCC(=O)NC(CCO)C(=O)O;CCCCS(=O)(=O)NCC1CCN(C(=O)c2ccoc2)CC1
m_7108be,CC1CN(Cc2nc(Cc3ccccc3)no2)CCN1;CCC(CCC(C)=O)COC(=O)CCCCC(=O)O;Cc1[nH]ncc1CNS(=O)(=O)N1CCCCC1C;CN(C(=O)N1CCCC(C(=O)O)C1)C1CCOCC1;Cc1[nH]ncc1CNC(=O)C1CC1c1ccc(F)cc1;Oc1ccc2cc(O)c(-c3ccc(O)c(O)c3)[o+]c2c1;C=C(C(=O)OC1CC2CCC(C1)N2C)c1ccccc1;CCCCCC(=O)NC(CCCNC(N)=O)C(=O)O;CC12CCC3C4CCC(=O)C=C4C=CC3C1CCC2O;CCC(CCC(C)O)COC(=O)CCCCC(=O)O;CCc1nn(C)cc1C(=O)NCc1ccc(CO)cc1;C=CCCCCCCCCCC(=O)NC(C)C(=O)O;Cc1c(O)cc(CC(O)C(C)C(O)C(C)C)oc1=O;Cc1nn(C)cc1S(=O)(=O)NCc1ocnc1C;Cn1ccc(CN2CCC(C(=O)O)c3ccccc32)n1;CC(NC(=O)CC1(O)CCCCC1)C1CCOCC1;CN1C2CCC1CC(OC(=O)C(CO)c1ccccc1)C2;O=C(NC1CC2(C1)CC2(F)F)C12CNCC1COC2;Nc1ccc(N2CCN(C3CC4CCC3C4)CC2)cc1;CC12CCC3C(CCC4CC(=O)CCC43C)C1CCC2O;CCCCCCCC(=O)C(C)N=C(O)CCC(=O)O;Cc1ccoc1CN1CCc2c(cccc2C(=O)O)C1;CCCCCCCCCCCC(=O)NC(C)C(=O)O;Cc1[nH]nc(C(F)F)c1NC(=O)CC1CCOCC1;CC12CCC3C(CC=C4CC(O)CCC43C)C1CCC2=O
m_7125ae,COc1cc(C(=O)NC(CCO)C2CCOCC2)on1;Cc1cn(C2OC(CO)C(N=[N+]=[N-])C2O)c(=O)nc1N;O=S1(=O)CCC(CNc2ncnc3[nH]ncc23)CC1;CCCCCC=CCC=CCCCCCCCC(=O)O;COC1(C(=O)NC2CCC(C(=O)O)CC2)CCCCC1;Cc1ccnc2ccc(-c3nc(C4CCCO4)no3)cc12;c1ccc2c(c1)OCC(c1noc(CC3CCNCC3)n1)O2;CCCCCCCCOC(=O)c1cc(O)c(O)c(O)c1;O=C(NCCC(O)C1CC1)Nc1cccc(C(F)(F)F)c1;CC(C)=CCCC(C)=CCNC(CCC(=O)O)C(=O)O;O=C(NCCCc1ccccc1)NCCC(O)c1ccoc1;CCC1CC2c3[nH]c4ccccc4c3CCN2CC1CC;CCCCCCCC1OC(=O)CCC(O)C=CC(O)C1O;CCC12CCCN(CCc3c([nH]c4ccccc34)CC1)C2;Cc1cc(O)cc(OC2OC(CO)C(O)C(O)C2O)c1;NCCNS(=O)(=O)c1cccc2c(Cl)cccc12;COC1OC2COC(c3ccccc3)OC2C(O)C1O;O=C(O)c1cc(O)c2c(c1)C(=O)c1cccc(O)c1C2=O;CCCCCC=CC=CCCCCCCCCC(=O)O;O=C(NCc1nncn1-c1ccccc1)C1CC12CCC2;C=C1C(=O)OC2CC(C)(CCCC(C)=O)C(=O)CC12;COC1C(O)CCC2(CO2)C1C1(C)OC1CC=C(C)C;CC1CC(C)C(=O)C(C(O)CC2CC(=O)NC(=O)C2)C1;CCCCCCCCCCCCN1CCCCCC1=O;CC1CCCC=CC2CC(O)CC2C(O)C=CC(=O)O1
m_741f2c,c1cc2c(c3c1CC1c4cc5c(cc4CCN1C3)OCO5)OCO2;CCOc1ccccc1-c1nn2c(-c3ccncc3)nnc2s1;O=C(NN=Cc1ccc(-c2ccc(Cl)cc2)o1)c1cccnc1;Cc1cccc(Nc2cc(Cl)nc(SCC(=O)O)n2)c1C;Cc1cc(Br)c2nc(N3CCOCC3)cc(=O)n2c1;O=C(O)c1cc(Br)cc(NCCCn2cccn2)c1;CC(C(=O)Nc1cc(Cl)ccc1Cl)N1CCn2ccnc21;CS(=O)(=O)NC(=O)CSc1ccncc1-c1cccnc1;COc1ccc(Cl)cc1NS(=O)(=O)N1CCOCC1;Cc1ccc2nc(NC(=O)c3cc4nc(C)ccc4o3)sc2c1;CCOP(=S)(Oc1ccc([N+](=O)[O-])cc1)c1ccccc1;O=C(O)c1ccc(-n2[nH]c3c(cnc4c(F)cccc43)c2=O)cc1;COc1ccc(OCC(=O)Nc2cc(=O)oc3ccccc23)cc1;Cc1cccc(NC(=O)c2ccc(C(F)(F)F)cc2C(=O)O)n1;Cc1cc(-n2ccnc2)n2nc(C)c(-c3ccc(Cl)cc3)c2n1;Cc1nnc2n1-c1ccc(N)cc1C(c1ccccc1Cl)=NC2;CCOC(=O)CSc1c(C)cnc2c1c(=O)n(C)c(=O)n2C;CC1(C)CCSc2ccc(C#Cc3ccc(C(=O)O)cn3)cc21;COc1ccc(NCC(O)C(O)C(O)C(O)C(=O)O)cc1;CC1(C(=O)Nc2ccccc2C(=O)O)Cc2ccccc2C(=O)O1;Cn1nccc1-c1cncc(CNC(=O)Cn2ncccc2=O)c1;CCC=CCC=CCC=CCCCCCCCC(=O)NCCO;Cc1nn(C)cc1CN(C)C(=O)COc1ccc2ccccc2c1;Cn1[nH]c(=O)c2c1CN(C(=O)COc1cc(F)cc(F)c1)CC2;Cn1cc(-c2cc(CNC(=O)Cn3ncccc3=O)ccn2)cn1
m_75100f,Nc1ccc(CCNc2ncnc3c2ncn3C2OC(CO)C(O)C2O)cc1;CCOc1ccc2oc(C)c(C(=O)Nc3ccc(N(C)C(C)=O)cc3)c2c1;O=C(Nc1ccccn1)C1CCN(C(=O)C2CCN(C(=O)C3CC3)CC2)CC1;CC(NC(=O)C(Cc1ccccc1)NC(=O)OCc1ccccc1)C(=O)CF;COc1ccccc1-c1nc(Cn2nnc(-c3nc(-c4ccccn4)no3)c2C)c(C)o1;CC(=O)SCC(Cc1ccccc1)C(=O)NCC(=O)OCc1ccccc1;CC(=O)OC1(C(C)=O)CCC2C3C=C(C)C4=CC(=O)CCC4(C)C3CCC21C;CCC1CN2CCC3(C(=O)Nc4ccccc43)C2CC1C(=COC)C(=O)OC;Cc1ccc(C(=O)Oc2ccc(C(=O)C=Cc3ccc(C(C)C)cc3)cc2)cc1;Cc1ccc(C(=O)CSc2nccn(-c3cccc4ccccc34)c2=O)cc1;CC(=O)OC1C(O)C(CO)OC(O)C1OC(=O)C=Cc1ccc(O)cc1;COc1ccc(C2OCC3C(c4ccc(OC)c(OC)c4)OCC23)cc1OC;CC(=NN1C(=O)CN(Cc2ccccc2)C1c1ccc(C)cc1)c1ccccc1;CCC1CC2CN3CCC4(O)C(=Nc5ccc(OC)cc54)C(C(=O)OC)(C2)C13;COC(=O)C(O)(CC(=O)O)C(OC(=O)C=Cc1ccc(O)cc1)C(=O)O;CC1CCC2C(C)(C)C(O)CCC2(C)C12Cc1c(O)cc(C=O)c(C=O)c1O2;CC1CCC2C(C)(C)C(O)CCC2(C)C12Cc1c(O)cc3c(c1O2)C(N)=NC3;CC(=O)OC1(C(C)=O)CCC2C3=CC(C)=C4CC(=O)CCC4(C)C3CCC21C;CCc1ccc(Cc2ccc3c(c2)C2(OC3)OC(CO)C(O)C(O)C2O)cc1;O=C(Cn1c(=O)ccn(Cc2ccccc2)c1=O)N1CCC(N2CCCC2)C1;CC1=CC(=O)CC(C)(C)C1(O)C=CC(C)OC1OC(CO)C(O)C(O)C1O;COc1ccccc1CN(CC1CCCO1)C(=O)c1c2c(nn1C)CCCC2;CC12CCC(O)CC1CCC1C2CCC2(C)C(c3ccc(=O)oc3)CC3OC312;CCOC(=O)c1ccc(NC(=S)N2CCN(Cc3ccccc3)CC2)cc1;Cc1ccc(C(=O)N2CCC(N=C3NS(=O)(=O)c4ccccc43)CC2)cc1
m_75dece,CNC(=O)C(C)SCCSP(=O)(OC)OC;Cc1cc(=O)c(OCC(=O)NCCNc2ncccn2)co1;Oc1ccc(CC2NCCc3cc(O)c(O)cc32)cc1O;OC1C=C2CCN3Cc4cc5c(cc4C(C1O)C23)OCO5;COc1ccc(C23CCC(=O)C=C2N(C)CC3)cc1OC;CC12CCC3c4cc(O)c(O)cc4CCC3C1CCC2=O;O=C(NCC1CCCOC1)c1ccc(C(F)(F)F)nc1;CC1(C(=O)O)CCC(C(=O)N2CCc3ccccc32)C1(C)C;CN(C)CCc1c[nH]c2ccc(CC3COC(=O)N3)cc12;COc1ccc2c3c1OC1CC(O)C=CC31CCN(C)C2;Cn1c(C(=O)N2CCN(c3ccncc3)CC2)c[nH]c1=O;COc1ccc(CCC(=O)c2ccc(O)cc2)c(OC)c1;OC1C=C2C3CN(Cc4cc5c(cc43)OCO5)C2CC1O;Cn1cnn(CC(=O)N2CCCC2c2cccnc2)c1=O;Cn1nnc2c(C(=O)N3CCC4(CCOC4)C3)ccnc21;COc1cccc2c1CCC(NCCc1cccs1)C2;CN1CCC(=C2c3ccccc3C=Cc3ccccc32)CC1;c1ccc(CN(Cc2ccccc2)Cc2ccccc2)cc1;Cc1cc(C)nc(C2CN(c3nc(C)nc(C)c3F)C2)n1;COc1ccc(-c2nnc3n2CCCCCC3)c(OC)c1;CCn1cnnc1NC(=O)c1ccc(C(C)(C)CC)cc1;Cn1nncc1S(=O)(=O)N1CCC(C)(C)C1C(=O)O;CCC(C)C(C)NC(Cc1ccc(O)cc1)C(=O)O;CCCCCCCCC(C)NCCP(=O)(O)O;O=C(O)C1CCC(C(=O)N2CCCc3ccccc32)CC1
m_762dcf,O=C(O)C1CCCCN1C(=O)c1cccc2c1COCC2;CC12C=CC(=O)CC1CCC1C2CCC2(C)C(O)CCC12;CCOC1Oc2ccc(OS(C)(=O)=O)cc2C1(C)C;CC12CCC3C(CC=C4CC(O)CCC43C)C1CCC2=O;CC1CC2(C)C(CCC3C4CCC(=O)C4(C)CCC32)CC1O;CC1CC(=O)CC2CCC3C4CCC(O)C4(C)CCC3C12C;CN(CCS(=O)(=O)O)C(Cc1ccccc1)C(=O)O;CC12CCC3C(CCC4CC(=O)C=CC43C)C1CCC2=O;CN(C)CCc1c[nH]c2ccc(CC3COC(=O)N3)cc12;C=CCc1ccc(O)c(-c2ccc(O)c(CC=C)c2)c1;CC1(O)CCC2C3CCC4=CC(=O)CCC4C3CCC21C;CC1CC(O)CC2CCC3C4CCC(=O)C4(C)CCC3C12C;COc1cc2c(cc1OC)C(c1ccccc1)=NCC2;CC1CC2=CC(=O)CCC2C2CCC3(C)C(O)CCC3C12;CC1=CC2CC(=O)CCC2C2CCC3(C)C(=O)CCC3C12;CN1CCc2cc(Cl)c(O)cc2C(c2ccccc2)C1;CC12C=CC(O)CC1CCC1C2CCC2(C)C1CCC2(C)O;CC12CCC(=O)C=C1CCC1C2CCC2(C)C(O)CCC12;CC(C)C(NC(Cc1ccccc1)C(=O)O)C(=O)O;CC12COC(=O)CC1CCC1C2CCC2(C)C1CCC2(C)O;O=C(C=CCCc1ccc2c(c1)OCO2)N1CCCCC1;CC12CCC3C(CCC4CC(O)C=CC43C)C1CCC2=O;CC12C=CC(=O)CC1CCC1C2CCC2(C)C1CCC2(C)O;C=C1CC(O)CC2CCC3C4CCC(=O)C4(C)CCC3C12C;COc1ccc(C23CCC(=O)C=C2N(C)CC3)cc1OC
m_76b47b,CC=C(C)C(=O)OC1C(O)c2c(ccc3ccc(=O)oc23)OC1(C)C;CC(C)c1nnc2ccc(NC(=O)NC3CC(c4cccc(F)c4)C3)cn12;COc1ccc(OCC(=O)NC(Cc2c[nH]c3ccccc23)C(=O)O)cc1;CN(c1nc2c(C(F)(F)F)cccc2s1)C1CN(c2cnccn2)C1;Cc1c(C(C)NC(=O)c2onc3c2CCCC3)cnn1-c1ccc(F)cc1;Cc1ccccc1C1CC(N(C(=O)c2cncc(O)c2)C2CC2)C1;CCOc1ccc2oc(C)c(C(=O)Nc3ccc(N(C)C(C)=O)cc3)c2c1;CC=C(C)C(=O)OC1c2c(ccc3ccc(=O)oc23)OC(C)(C)C1O;Cc1ccc(N2CCN(C(=O)Nc3cc(F)cc(F)c3)CC2)nn1;COc1cc2c(c(OC)c1CC=C(C)C)CC(c1ccc(O)cc1O)CO2;COC(=O)C1=COC(C)C2CN3CCC4(C(O)=Nc5ccccc54)C3CC12;CCCCCC(=O)OC1C=C(CO)C(O)(CO)C2(C)C(O)CCC(C)(C)C12;Cc1nc(C2CCN(CC(=O)NCc3ccc(C)c(F)c3)C2)n[nH]1;CC(C)CCCC(C)C1CCC2C3C(O)C=C4CC(O)CCC4(C)C3CCC12C;CN(Cc1cccc(O)c1)C(=O)C1CC1c1ccccc1OC(F)(F)F;CN(C)c1nc2ccc(NC(=O)c3cncc(N4CCOCC4)c3)cc2[nH]1;CCc1cccc(OCC(=O)Nc2cccc(C(=O)N3CCCCC3)c2)c1;Cc1noc(C2CCCN(C(=O)NCC3CCN(c4ccccc4)C3)C2)n1;Nc1ncnc2c1ncn2C1OC(COP(=O)(O)O)C(O)C1O;CN1Cc2c(ccc3c2OCO3)C2(C)C(O)Cc3cc4c(cc3C12)OCO4;COc1cc(C)c2c(c1)CCCC2=NNC(=O)CSc1ccccc1C;CC(=O)C1=C(O)C2(C)C(=CC1=O)Oc1c(C(C)=O)c(O)c(C)c(O)c12;CCCCCC(O)C=CC1C(O)CC(=O)C1CC(=O)CCCCC(=O)O;CCC=CCC1C(=O)C=CC1(CCCCC1CCC(=O)O1)OC(C)=O;CC1=CC2OC(=O)C(CSCC(N)C(=O)O)C2C(O)CC(C)=CCC1
m_76ffc5,Cc1cccc(-c2nnc(-c3nc(NCCc4cnc[nH]4)c4ccccc4n3)o2)c1;C=C(CO)C(=O)OC1CC23OC2CCC(=CC2OC(=O)C(=C)C21)COC3O;C=C1C(=O)OC2C=C(CO)CCC=C(C=O)C(O)C(OC(=O)C(C)CC)C12;Cc1cc2c3c(c1)C(c1ccccc1)=NC(NC(=O)c1ccncc1)C(=O)N3CC2;CC(C)C(C)C=CC(C)C1CCC2C3=CC=C4CC(O)CCC4(C)C3CCC21C;O=C(NCc1cccc2ccccc12)N1CCC(Oc2cnc3ccccc3n2)C1;Cc1cc(C)c(C)c(S(=O)(=O)NC(Cc2c[nH]c3ccccc23)C(=O)O)c1C;CN1C(=O)c2cccc3c(S(=O)(=O)N(C)c4ccccc4C(=O)O)ccc1c23;CCCCCCCCCCCCCCCCCC(=O)NC(CCCN)C(=O)O;C=C(C(=O)OC1CC(C)=CCCC(CO)=CC2OC(=O)C(=C)C21)C(O)CO;Fc1ccc2c(CCNCc3cccc(OCC(F)(F)C(F)F)c3)c[nH]c2c1;Cc1cccc(N2C(=O)CC(Sc3nnc(Nc4ccccc4)s3)C2=O)c1;Cc1cccc(-n2ccnc2SCC(=O)Nc2ccc3c(c2)OCCO3)c1C;O=C1OCc2cc3cccc(OC4OC(CO)C(O)C(O)C4O)c3c(O)c21;NC(=O)C1Cc2ccccc2CN1C(=O)c1cccc(-n2nnnc2N)c1;CCOC(=O)C1CCCN(C(=O)Cn2ccc3ccc(-c4nnc(C)o4)cc32)C1;Cc1coc2cc3oc(=O)c(CC(=O)NCCCN4CCCC4=O)c(C)c3cc12;COc1oc(C2CC(=CC(C)=Cc3ccc([N+](=O)[O-])cc3)CO2)c(C)c(=O)c1C;COc1cc(CNC(=O)N2CCCC2Cc2ccccc2)ccc1OCC(N)=O;Cc1cc(O)c(C=O)c2c1C(=O)Oc1c(CO)c(O)c(C(=O)O)c(C)c1O2;Cc1cc2cc(CNC(=O)NC3CC(=O)N(c4ccc(Cl)cc4)C3)ccc2[nH]1;CCCCCCCCC=CCCCCCCCC(=O)NC(CCCN)C(=O)O;O=C(C1CC1c1ccc(Cl)cc1Cl)N1CCCC(N2CCNCC2=O)C1;CCOC1CC(NC(=O)c2cccc(NC(=O)c3cccnc3)c2)C12CCCO2;O=C(Nc1cn(CC(F)(F)F)nc1C1CC1)N1CCC(N2CCCC2=O)CC1
m_773a95,Cc1ccncc1NC(=O)CC(C)(C)c1ccccc1;Cc1[nH]ncc1C(=O)N1CCC(c2ccccc2)CC1;O=C(O)c1cn(CCO)nc1C(F)(F)F;Cc1[nH]ncc1C(=O)Nc1cccc(-c2cnco2)c1;O=C(O)C1CSC(Cc2ccc(F)cc2)C(=O)N1;O=C(c1ccnnc1)N1CCC(Cc2ccccc2)C1;O=C(c1cc(Cl)c(Cl)[nH]1)c1c(O)cccc1O;O=C(O)C1CSC(Cc2ccccc2F)C(=O)N1;O=Cc1cn(Cc2ccc(Cl)cc2)c2ccccc12;Cc1cc(NS(=O)(=O)c2ccc(NO)cc2)no1;CC(C)C(=O)C1(C(C)CC(=O)O)CCC(C)C(=O)C1;Cc1cc(C(=O)NCC2CN(C)CCO2)ccc1F;CCC1Cc2ccccc2CN1C(=O)c1cc(C)[nH]n1;COc1ccc(-c2coc3cc(O)ccc3c2=O)cc1;Cc1occc1C(=O)NCCN1CCOC(C)(C)C1;O=C(O)c1cccc(CN2CCS(=O)(=O)CC2)c1;Cc1ccc(S(N)(=O)=O)c(C(=O)NCC2CC2)c1;CC1(C)OC1COc1c2occc2cc2ccc(=O)oc12;CC1=CC23OC4C(O)CC(C)(C4(CO)O2)C3(C)CC1;CCC(C)N(CC(=O)O)C(=O)Cc1ccccc1F;Cc1cc(O)c2c(c1)C(=O)OC2c1c(O)cccc1O;CCCCNC(=O)NS(=O)(=O)c1ccc(C)cc1;CCC(C(=O)O)N(C)C(=O)c1ccc(C)cc1Cl;CC(C)(O)C(O)COc1c2occc2cc2ccc(=O)oc12;C=CCCS(=O)(=O)N1CCCc2c(cnn2C)C1
m_77b2b0,COc1cc(NC(=O)C2CC2c2ccccc2)c(OC)cc1Cl;COc1cc(NC(=O)c2cc3ccccc3o2)c(OC)cc1Cl;CC(C)(C)NC(=O)N1CCN(C(=O)c2cnn3ccccc23)CC1;O=C(O)CCC(NC(=O)Cn1cnc2ccccc2c1=O)C(=O)O;COc1cccc2c1N(C(=O)c1csc(NC(C)=O)n1)CCC2;Cc1cc(S(=O)(=O)N2C3CCC2c2cncnc2C3)ccc1F;Cc1nc2ccccc2n1C1CN(c2cc(=O)n3ccccc3n2)C1;CN1C(=O)Cc2cc(NS(=O)(=O)Cc3ccc(F)cc3)ccc21;Cc1cccn2cc(CC(=O)N3CC4CS(=O)(=O)CC4C3)nc12;N#Cc1nc(C2CC2c2ccccc2)oc1NCCc1ccccc1;O=C(NCCc1c[nH]c2ccccc12)c1cc2ccccc2oc1=O;CN1C(=O)C(O)(CC(=O)c2cccc3ccccc23)c2ccccc21;Cc1nc2ccccc2nc1N1CC2CN(c3ccccc3)CC2C1;O=C(Cc1c[nH]c2ncccc12)NCc1ccc(C(F)(F)F)cc1;N#Cc1c(NC(=O)c2cccc3ccccc23)sc2c1CCCC2;Cc1cc(C)c2sc(NC(=O)c3ccc4ccccc4c3)nc2n1;CCCCCCSc1nnc2c(n1)OC(C)Nc1ccccc1-2;O=C(Nc1ccc(-n2ccnc2)cc1)c1ccc(-n2cnnc2)cc1;CC(C)(C)OC(=O)N1CCC(c2nnc(-c3ccccc3)o2)CC1;CC(=O)C=Cc1ccc(NC2CC(=O)OC2C=CC(C)O)cc1;Cc1cnn(C2CCN(C(=O)c3cncc(-c4ccccc4)c3)C2)c1;Cn1cc(-c2ncccc2CNC(=O)OCC2CCCCO2)cn1;CCOCCN1C(=O)NC2c3cc(C)ccc3OC13CCCOC23;CN1C(=O)CCc2cc(NC(=O)c3cccc4ccccc34)ccc21;CNc1oc(-c2ccccc2)c(O)c1-c1cccc(C(F)(F)F)c1
m_7874d0,O=C(c1n[nH]c2ccc([N+](=O)[O-])cc12)N1CCC(C(F)(F)F)C(CO)C1;Cn1c(CNC(=O)N2CCC(F)(F)C(CO)C2)nc2cccc(Cl)c21;O=c1n(CCCN2CCN(c3cccc(Cl)c3)CC2)nc2ccccn12;Cc1nc(-n2cccc2)sc1C(=O)Nc1cnn(CC2CCCCO2)c1;Cc1nc(N(C)CC2CN(c3cc(C(F)(F)F)ncn3)C2)[nH]c(=O)c1F;Cc1ccccc1CC(C)(C)NCC(O)c1ccc(O)c2c1OCC(=O)N2;CC(=O)N(C)CCN(CCN(CCO)C(C)=O)C(=O)c1ccccc1;COc1cc2c(cc1OC)C1Cc3ccc(OC)c(OC)c3C[N+]1([O-])CC2;CC(C)c1nccc(N2CCN(C(=O)c3cccc(O)c3)CC2)n1;Fc1ccc(CN2CCC(Nc3ccc(C(F)(F)F)nn3)CC2)cc1F;COc1ccc2[nH]cc(CCNC(=O)c3cc(-c4ccco4)[nH]n3)c2c1;CCN(CC)C(=O)c1ccc(OCc2ccc3nsnc3c2)c(OC)c1;CC1CCN(c2ccc(N3CCN(C(=O)c4cccs4)CC3)nn2)CC1;CN(C)c1nccnc1OC1CCCN(C(=O)CN(C)S(C)(=O)=O)C1;COC(C)(CNC(=O)NCc1cccs1)c1cccc(Cl)c1;O=C(CCCN1CCC2(CC1)CC(=O)c1ccsc12)c1ccc(F)cc1;C#CCNC(=O)C(=O)c1c(C)c(C(=O)Nc2ccc(F)c(F)c2)n(C)c1C;Cc1cc(F)cc2c1CN(S(=O)(=O)c1ccc3[nH]c(=O)ccc3c1)CC2;COc1cc(NC(=O)CSc2nnc(-c3ccoc3C)o2)cc(OC)c1;CCCSc1nc(Cl)c(N)c(NC2CC(O)C3OC(C)(C)OC23)n1;CCC(=O)N1CCCCC1C(=O)NC1CC(=O)N(c2cccc(OC)c2)C1;COc1ncc(Cl)c(N2CCOC(c3ccc(OC(F)F)cc3)C2)n1;O=C(c1coc(-c2ccccc2)n1)N1CC(n2cccn2)Cc2ccccc21;CC(=O)NCC(=O)NC1CCN(c2ccc(-c3cccc(F)c3)nn2)CC1;O=S(=O)(Cc1cc(F)ccc1F)Nc1cnn(CC2CCCCO2)c1
m_78c402,CCn1cc(S(=O)(=O)N(C)C(C)C(=O)O)nc1C;COc1ccc2nc(NCC3CCCO3)c(C)nc2c1;O=C(c1ccc(OCCCc2cnc[nH]2)cc1)C1CC1;O=C(NCC1CCCO1)c1c[nH]c2ccccc2c1=O;O=C(CC1CCNC1)Nc1cccc(-c2cnco2)c1;CC1(C2CCC(=O)O2)CC(=O)c2c(O)cc(CO)cc2O1;Cn1cc(C(=O)N2CCCC2c2cccc(F)c2)cn1;O=C(NCC1(O)CCC1)c1cc(=O)c2ccccc2o1;COc1ccc2nc(N3CCN(C)CC3)c(C)nc2c1;O=C(NC1CC2(C1)CC2(F)F)C12CNCC1COC2;c1ccc(Nc2nc(Cc3ccsc3)cs2)nc1;CC1(c2ccc(F)cc2)CC1NC(=O)Cc1ccn[nH]1;O=C(Nc1cnn(CC2CCCO2)c1)c1cnccn1;COc1ccc(C(=O)CC(=O)O)c2c1C=CC(C)(C)O2;Oc1ccc2cc(O)c(-c3ccc(O)c(O)c3)[o+]c2c1;C#CCN(C)CCCOc1ccc(Cl)cc1Cl;COc1cc(NC(=O)CC(C)=O)c(OC)cc1Cl;Cn1nccc1C(=O)NCC(C(=O)O)c1ccccc1;COC(=O)C1CNCC12CN(C(=O)OC(C)(C)C)C2;Cc1noc2ncnc(N3CCC4(CNC(=O)C4)C3)c12;O=C(NC1CN2CCC1CC2)c1n[nH]c2ccccc12;CCCCNC(=O)NS(=O)(=O)c1ccc(N)cc1;O=C(NC1CN2CCC1CC2)c1cc2ccoc2cn1;COc1ccc(Cn2nnnc2N2CCCOCC2)cc1;Cc1ccoc1C(=O)NCC1Cc2ccccc2CN1
m_78cd05,CCCC=C1OC(=O)C2=C1CCC(O)C2O;Cc1occc1C(=O)NC1CCCCCC1C(=O)O;COc1ccc(C(=O)c2ccccc2O)c(O)c1;CNCC(O)c1cccc(OS(=O)(=O)O)c1;CC1=CCCC2(C)OC2C(=O)c2c(C)coc2C1;C=C1CCC2(O)C(=C)C(=O)OC2C2C(=C)CCC12;CC(C)=CCOc1cc2oc(=O)ccc2cc1O;COc1ccc2ccc(=O)oc2c1CC=C(C)C;CC(C(=O)CCCCC(O)C(C)O)C(=O)N1C=CCC1;CC(C=CC1(O)C(C)=CC(=O)CC1(C)C)=CC=O;CCOC(=O)c1cncn1C(C)c1ccccc1;O=C(O)c1ccccc1C(=O)OC1CCCCC1;CC1=CCCC2=CC(OC2=O)C(C)(C)C=CC1=O;CC(=O)Nc1c(C)n(C)n(-c2ccccc2)c1=O;NCCC(O)c1cccc(OCC2CCCCC2)c1;O=C(O)C(CCS)NCc1ccc(CO)o1;CC1=C2C(=O)CC(C)=C2C2OC(=O)C(C)C2CC1;CC1=CC(=O)C2=C(C)CCC3C(C)C(=O)OC3C12;COc1ccc(C(=O)O)cc1-n1nc(C)cc1C;O=C(O)c1nn(-c2cccc(F)c2)c2c1CCC2;COc1cccc2c(=O)c3ccccc3oc12;O=C1C=CCC2C3CCCN4CCCC(CN12)C34;CC(C=CC1(O)C(C)=CC(=O)CC1(C)C)=CC(=O)O;O=C(O)c1nn(-c2ccccc2F)c2c1CCC2;CCCCCCCCC(=O)NC(CO)C(=O)O
m_79cf07,COc1cc(Cc2cnc(N)nc2N)cc(O)c1OC;c1cc(N(CC2CO2)CC2CO2)ccc1OCC1CO1;CC=CC1=C(CO)C(=O)C2(C(O)C=C(C)C)OC2C1O;CCCCCC=CCC=CCCC=CCCCC(=O)O;c1cc(OCC2CO2)cc(N(CC2CO2)CC2CO2)c1;Cc1nc(N2CC3CCN(C)CC3C2)ccc1[N+](=O)[O-];COc1cc(Cc2cnc(N)nc2N)cc(OC)c1O;CC(C)(O)C1CCC2(C)CCCC(C)(O)C2C1;CNC(=O)Oc1ccc2c(c1)C1(C)CCN(C)C1N2C;CCCCCC1OC1CC=CCCCCCCCC(=O)O;CCCCCC(=O)C=CC=CCCCCCCCC(=O)O;COc1c(C)c(OCC(O)C(C)(C)O)cc2c1CNC2=O;O=C1CN(N=Cc2ccc([N+](=O)[O-])o2)C(=O)N1;CC(C=CC(C)=CC1Cc2nc(cs2)C(C)CC(N)CC(=O)OC(C)CC(C)=CC=CC(=O)O1)=CCN(C)C;COC1CC=C2CCN3CCC4=C(CC(=O)OC4)C23C1;COC(=O)C(Cc1ccccc1)NC(=O)C(N)CC(=O)O;COc1ccccc1OCC(O)COC(N)=O;O=c1c(-c2ccccc2)coc2cc(O)cc(O)c12;COP(=O)(OC)C(O)C(Cl)(Cl)Cl;C=C(C)C1C2OC(=O)C1C1(O)C3OC3C3(CO3)C1(C)C2O;COCc1cncc(C(=O)N2CCCC(C(=O)O)C2)c1;CCC=CCC=CCC=CCC=CCCCCC(=O)O;O=C1CC(c2ccccc2)Oc2cc(O)cc(O)c21;CCC=CCC=CC=CC(O)CCCCCCCC(=O)O;CC(C)(C)NCC(O)c1ccc(O)c(CO)c1
m_7b993b,COc1ccc(C(=O)N2CCN(CC(=O)N3CCOCC3)CC2)cc1;COc1ccccc1C(=O)Nc1ccc2c(c1)COc1ccccc1O2;O=C(CCCCCCC=Cc1ccc2c(c1)OCO2)N1CCCCC1;CCC(CC)n1nc(C)cc1C(=O)N(C)C1CCCc2c1cnn2C;CN(c1ccc(C(=O)O)cc1)S(=O)(=O)c1c2c(nn1C)CCCC2;O=C(NCCC(CCO)c1cccs1)C1(c2ccc(F)cc2)CC1;CCOc1ccc(CC(=O)N(CC(F)(F)F)C2CCOCC2)cc1;COC(=O)c1cc(OC)c(OC)cc1NC(=O)c1cccc(OC)c1;CCC(C)C(CO)NC(=O)C1CCN(c2ccc3nnnn3n2)CC1;CC(=O)C1CCC2C3CC(C)=C4CC(=O)CCC4(C)C3C(O)CC12C;CCCCCCCCCCCCCCCC(=O)NCc1ccccc1;CC(C)=CCOc1cc(NC(=S)c2ccccc2C)ccc1Cl;c1cnc2nc(-c3ccc(NCc4ccc5c(c4)OCO5)cc3)oc2c1;CCC1=NN(C(=O)COc2cc(C)cc(C)c2)C(O)(C(F)(F)F)C1;COc1cc(C)n(CCNC(=O)Cc2ccc3c(c2)OCO3)c(=O)c1;Nc1ncnc2c1ncn2C1OC(CO)C(OP(=O)(O)O)C1O;CC(C)=CCc1c(O)cc(O)c2c1OC(c1ccccc1)CC2=O;c1cc2c(cc1Cc1cncc(Cc3ccc4c(c3)OCO4)c1)OCO2;Cc1nnc2ccc(N3CC4CN(c5cccnc5C#N)CC4C3)nn12;Nc1nc2c(ncn2C2CC(O)C(COP(=O)(O)O)O2)c(=O)[nH]1;CCCCCCC=CCCCCCCCCCc1cccc(O)c1O;Cc1nc(C)c(F)c(OCC2CCN(c3nc(C4CC4)ns3)CC2)n1;Cc1cc(N2CCOC(C(=O)N3CCOCC3)C2)n2nc(C)cc2n1;Cc1cc(OC2CN(S(=O)(=O)c3ccc4c(c3)CCO4)C2)ccn1;COc1cc(CC(C)C(C)Cc2ccc3c(c2)OCO3)ccc1O
m_7d4c58,O=C(COCc1ccccn1)NC12CCCC1NCC2;COc1cc(Cc2cnc(N)nc2N)cc(O)c1OC;O=C(Nc1ccncc1)c1cc([N+](=O)[O-])ccc1Cl;Cc1cc(C)nc(NS(=O)(=O)c2ccc(N)cc2)n1;COc1cc2c(cc1O)-c1ccccc1CN(C)C2;Cc1cc(C(=O)N2CCC(CCC(=O)O)CC2)ccn1;Cc1cc(C(=O)N2CCC3(CC2)CC3C(=O)O)c(C)[nH]1;O=S(=O)(CCn1cc(C2CC2)nn1)c1ccccc1;COCC(C)N(C(=O)CCl)c1c(C)csc1C;CCNC(=O)N1CCN(C(=O)c2cncc(O)c2)CC1;COc1cc(Cc2cnc(N)nc2N)cc(OC)c1O;COCC1(CNc2cc(C)nc3ncnn23)CCCN1;Cc1nc(N2CC3CCN(C)CC3C2)ccc1[N+](=O)[O-];Cc1ccc(F)cc1C(=O)NC(C)(C)c1cn(C)nn1;CN(C)c1ncccc1CNC(=O)N1CCCCCC1;O=C(Nc1nnc(C2CCOC2)s1)c1cccnc1;O=c1c2[nH]c3ccccc3c2cnn1Cc1ccccn1;CC(=O)CCCCn1c(=O)c2c(ncn2C)n(C)c1=O;Cc1ccnc(N2CCC(C(=O)N3CCCC3)CC2)n1;COCc1cncc(C(=O)N2CCCC(C(=O)O)C2)c1;CC(C)N(C(=O)CS(=O)(=O)O)c1ccc(F)cc1;Cc1ccc(CC(=O)N2CCC3(CC2)CC3C(=O)O)o1;CN1Cc2c(NC(=O)C3(C)COC3)cccc2C1=O;O=C1CCC(C(=O)O)N(C(=O)OCc2ccccc2)C1;O=C(Nc1cnn(CC2CC2)c1)N1CC(O)C2(CC2)C1
m_7e912f,CCOC(=O)c1c(NCc2ccc(C)cc2)c2ccc(Cl)cc2[nH]c1=O;COCC(=O)N(c1ccccc1F)C1CCN(CCc2ccccc2)CC1;CCN1C(=O)COc2cc(-c3noc(C(=O)N4CCN(C)CC4)n3)ccc21;CCn1nnc(NCc2c(OCc3ccc(C)cc3)ccc3ccccc23)n1;CCCCCCCCCCCCCCCC(=O)NCCCCCC(=O)O;CC(C)C(NC(=O)c1ccccc1)C(=O)NCc1cc(=O)n(C)c(=O)n1C;CN(C(=O)COc1ccccc1)C(c1ccccc1)c1c[nH]c2ccccc12;O=C(CNC(=O)c1ccccc1)OCc1cc(-c2ccc(F)cc2F)on1;Cn1cc(C2CN(C(=O)OCCN3CCOCC3)Cc3ccccc32)cn1;O=C(OCC(O)COC1OC(C(=O)O)C(O)C(O)C1O)c1ccccc1;CC(C(=O)OCCCCO[N+](=O)[O-])c1cccc(C(=O)c2ccccc2)c1;OCC1OC(n2cnc3c(NCCc4ccccc4)ncnc32)C(O)C1O;COc1cc(CC2C(=O)OCC2Cc2ccc(OC)c(OC)c2)ccc1O;O=C(OCC1OC(Oc2ccccc2CO)C(O)C(O)C1O)c1ccccc1;CCOc1cc(S(=O)(=O)NCCN2CCOCC2)c(OCC)cc1C;COc1cc(CCc2ccccc2)c(C(=O)O)c2c1CC(C(C)(C)O)O2;O=S(=O)(c1cccc(S(=O)(=O)N2CCCCC2)c1)N1CCCCC1;C#CC1(OC(C)=O)CCC2C3CCC4=CC(=NO)CCC4C3CCC21CC;CC(C)(C)Oc1ccc(CC(NC(=O)OCc2ccccc2)C(=O)O)cc1;O=C(CCNC(=O)N1CCN(CCc2ccccc2)CC1)N1CCCCC1;COc1ccc(C2OC(c3ccc(OC)c(OC)c3)C(C)C2C)cc1OC;CC(C)(C)NC(=O)C1CCC2C3CCC4NC(=O)C=CC4(C)C3CCC12C;COc1cc(C=CCO)cc(OC)c1OC1OC(CO)C(O)C(O)C1O;CC(C)c1nc(N2CCN(C(=O)C3CCOC3)CC2)[nH]c(=O)c1F;CC12CCC(=O)C=C1C1CC1C1C2CCC2(C)C1CCC2(O)CCC(=O)O
m_7ee70f,COc1ccc(-c2coc3cc(OC)ccc3c2=O)cc1;O=C1NCCCCC1Nc1ccnc(-c2ccccc2)n1;COc1cc(OC)c2c(=O)cc(-c3ccccc3)oc2c1;COc1ccc2c(c1)OCc1c-2oc2cc(OC)ccc12;COCC(C)(CC(=O)O)NC(=O)c1ccc(=O)n(C)c1;CC1=NC(Cc2ccccc2)C(=O)Nc2ccc(F)cc21;O=C(NCC1(CO)CCCC1)c1ccnc2ccccc12;C=CC(C1=CC(=O)C(OC)=CC1=O)c1ccc(OC)cc1;Cc1cccc(Cn2nc(C)c3c([N+](=O)[O-])cccc32)n1;COc1ccc(NC(=O)C(c2ccccc2)C2CC2)cn1;CC(=NN=C(O)c1nonc1N)c1c[nH]c2ccccc12;O=S(=O)(Cl)c1ccc(-c2ccc(F)cc2)cc1;OCCNc1nc(Nc2ccccc2)nc2nccnc12;CNc1ccc([N+](=O)[O-])c(Nc2ccc3[nH]ncc3c2)n1;Cc1ccc(C(=O)NCC2CN(C)CCO2)cc1Cl;CCCCCCCCC=CCCCCCCCC(N)=O;Cc1cccc(-c2cncc(C(=O)NC3CCOC3)c2)c1;COc1ccc(F)cc1C(=O)NCC1CN(C)CCO1;c1ccc2c(c1)OCC(c1noc(CC3CCNCC3)n1)O2;COc1ccc(-c2cc(=O)c3ccc(OC)cc3o2)cc1;CCc1nc(C)c(C(=O)N2CCC(C)(C(=O)O)C2)s1;COc1ccc(-c2oc3cc(C)ccc3c(=O)c2O)cc1;CCCCCC=CCC=CCCCCCCCC(=O)O;O=C(NCCN1CCNCC1)Nc1ccc(Cl)cc1;Cc1cc(=O)[nH]c2c1NC(=O)c1cccnc1N2C1CC1
m_80401f,CC(CN1CCCCC1)C(=O)c1ccc2ccccc2c1;CCCCC(=O)N1CCN(Cc2nc(C)cs2)CC1;CC1(C)OC2C(CO)OC(n3ccc(O)nc3=O)C2O1;CC1CN(C2CCCCCCCCCCC2)CC(C)O1;O=C1CCCCCN1CC(=O)N1CCCCC1CCO;OC(CCN1CCCCC1)(c1ccccc1)C1CCCCC1;COCC(=O)N1CCN(C(=O)C2CCCC(=O)N2)CC1;CC1CCN(S(=O)(=O)c2ccc(C(=O)O)cc2)CC1;CNC(=O)CNC(=O)c1ccnc(Oc2ccccc2)c1;CCc1[nH]c(=O)[nH]c1C(=O)c1ccc(-n2ccnc2)cc1;CCC1(O)CCN(C(=O)NCc2cccc(Cl)c2)C1;Cc1cccc(-c2cncc(C(=O)NC3CCOC3)c2)c1;c1ccc2nc(N3CCC(N4CCNCC4)C3)cnc2c1;O=C(NCCC(O)C1CC1)Nc1cccc(C(F)(F)F)c1;COc1cc(OC)c2c(=O)cc(-c3ccccc3)oc2c1;O=C(c1ccc(O)c(O)c1)c1c(O)cc(O)cc1O;CC1(C)CC2C(O)C3=C(CC(C)(O)C2C1)C(=O)OC3O;CCn1nc(C)c2c1C(=O)NCC(c1ccc(O)cc1)=N2;COc1c2ccoc2c(CC(O)C(C)(C)O)c2oc(=O)ccc12;CC1CCCN(S(=O)(=O)c2ccc(C(=O)O)cc2)C1;CC(O)(CO)CNC(=O)C1CCCN(C(=O)C2CC2)C1;CC(=NN=C(O)c1nonc1N)c1c[nH]c2ccccc12;CC1=NC(Cc2ccccc2)C(=O)Nc2ccc(F)cc21;CCCCNCCC(=O)NC(Cc1cnc[nH]1)C(=O)O;CC(F)(F)C1(C(=O)Nc2cccc(CC(=O)O)c2)CC1
m_8071e1,CCC=CCC=CCC=CCCCCCCCC(=O)NCCO;CN1C2CC(OC(=O)C(O)(CO)c3ccccc3)CC1C1OC12;Cc1cn(C2CC(O)C(COP(=O)(O)O)O2)c(=O)[nH]c1=O;Cn1nc2c(c1C(=O)N(Cc1ccco1)c1ccccn1)CCC2;CC1CCCC(O)CCCCCc2cc(O)cc(O)c2C(=O)O1;O=C1c2c(O)cc(O)cc2OC(c2cc(O)c(O)c(O)c2)C1O;COC(=O)C(CO)C(O)CCCCC(C)CC(C)=CC(C)=CC(=O)O;CCCCCC(O)C=CC1C=CC(=O)C1CCCCCCC(=O)O;COc1ccc(C)cc1S(=O)(=O)N1CCC(n2ccnn2)C1;C=C1CCC2C(CN)C(C3(C)CCC(O)CC3CO)CCC12C;CCOC(=O)C(SP(=S)(OC)OC)c1ccccc1;CN(C)S(=O)(=O)N1CCC(S(=O)(=O)Cc2ccco2)C1;CC1CC2(C)C(CCC3C2CCC2(C)C3CCC2(C)O)CC1O;O=C(Nc1ncc(Oc2ccccc2)cn1)C1CCCCO1;CCCCCCC(C)(C)c1ccc(C2CCCC(O)C2)c(O)c1;COc1ccc2c(c1OC)C(=O)N1N=C(c3ccc(C)cc3)CC21;CCCOC(=O)C1C2C=CC3(CN(C4CCCCC4)C(=O)C13)O2;CC1CC2CC(O)CCC2(C)C2CCC3(C)C(CCC3(C)O)C12;O=C(NCc1cccs1)N(Cc1ccco1)C1CCOCC1;O=C(c1cnccn1)N1CCC(S(=O)(=O)Cc2ccco2)C1;NC(=O)N(O)CCC#CC1CCC(COc2ccc(F)cc2)O1;S=c1nc(-c2ccccc2)n(Cc2ccco2)c2c1CCCC2;Cn1cncc1CC(NCc1c[nH]c2ccccc12)C(=O)O;C=CC(C)(O)CCC=C(C)COC(=O)C(C)C1CCC(C)(C=C)O1;O=C(COc1ccccc1F)N1CCCCCC1c1ncon1
m_808712,O=C(NC1CC(=O)N(c2cccc(F)c2)C1)N1CCC(O)CC1;Cc1nn(C)c(F)c1C(=O)Nc1ccccc1C(C)CC(C)C;O=c1c2cnn(CCO)c2ncn1Cc1cccc2ccccc12;OCCn1cc(Nc2ccc3nnc(-c4ccccc4)n3n2)cn1;CCn1cc(C(=O)O)c(=O)c2cc(F)c(N3CCNCC3)cc21;CC1(C)CCC(Cc2ccc(Cl)cc2)C1(O)Cn1cncn1;CN(Cc1ccc(C(C)(C)C)cc1)Cc1cccc2ccccc12;Cc1cc(S(=O)(=O)NC(=O)C2CCCC(F)(F)C2)c(C)o1;CC(C)Oc1ccc(C(=O)Nc2cccc(-c3ccn[nH]3)c2)cc1;CCC(C)NC(=O)c1cc(S(N)(=O)=O)c(C)s1;NC(=O)NC(=O)c1cccc(NC(=O)CN2CCCNC2=O)c1;COC(=O)CSc1nc(N2CCOCC2)c2ccccc2n1;O=C(NN=Cc1c[nH]c2ccccc12)c1csc2c1CCCC2;O=c1cc(-c2ccccc2)[nH]n1-c1nc(-c2ccccc2)cs1;CCc1cnc(OC2CCN(c3ncccc3Cl)CC2)nc1;CCCS(=O)(=O)Nc1cccc(-c2ccc(OCC)nn2)c1;Cn1c(CSc2nc(=O)c3ccccc3[nH]2)nc2ccccc21;Cc1ccc(S(=O)(=O)N2CCCC2C(=O)O)c2ccccc12;COc1ccc(CCC(=O)NN=Cc2c[nH]c3ccccc23)cc1;CCOC(=O)c1sc2nccc(N(C)C)c2c1N=CN(C)C;COc1cc(CNC(=O)c2cc(F)ccc2F)ccc1C(=O)O;CC(O)C(NCC(O)C(O)C(O)C(O)C(=O)O)C(=O)O;O=C(O)CCCC(Nc1c(O)cccc1C(=O)O)C(=O)O;CCCCn1nnc(NC(=O)COc2ccc(Cl)cc2C)n1;NC(=O)c1ccccc1Nc1ccnc(Nc2cccc(O)c2)n1
m_80b537,COc1ccc(Cl)cc1C(=O)NCCc1ccc(S(N)(=O)=O)cc1;COc1ccc(C(=O)N2CCC(N(C)C(C)=O)CC2)cc1-c1ccccn1;CN=S1(=O)CCC2(CC1)CN(C(=O)c1nc[nH]c1C(C)(C)C)CCO2;CCCCCC(O)C=CC1OC(O)CC(O)C1CC=CCCCC(=O)O;CCC=CCC(O)C=CC1OC(O)CC(O)C1CC=CCCCC(=O)O;N=C(N)c1ccc(-c2ccc(OCC3CC(CC(=O)O)C(=O)N3)cc2)cc1;COC(=O)N1c2ccc(OC)cc2C23CCN4C(=O)C=CC45CCC12C3C5;CC(NC(=O)C1CCC1)C(=O)N1CCOCC1Cc1c[nH]c2ccccc12;COC1=C(OC)C23CC(Cl)C4(C=CC(OC)C4=O)C2(CCN3)CC1=O;CC1CCCCCN1C(=O)c1cc(-c2ccco2)n2cnc(C(N)=O)c2n1;O=C(O)CC(CNC(=O)Cc1c[nH]c2ccccc12)c1ccc(Cl)cc1;CC=C1CN2C3CC1C(CO)(C(=O)OC)C2Cc1c3n(C)c2ccccc12;CCc1cccc2c(CC(=O)N3CCC4(CC3)NC(=O)C(CC)O4)c[nH]c12;CC(=O)c1c(O)c(C)c(O)c2c1OC1=CC(=O)C(C(C)=O)C(=O)C12C;CSc1ccc(Oc2ccc(S(N)(=O)=O)cc2CN(C)C)cc1C;CC12CCC(=O)C=C1C1CC1C1C2CCC2(C)C1C1CC1C21CCC(=O)O1;O=C(c1cnc2ccccc2n1)N1CCC(c2ccc3cccnc3n2)CC1;CC=C1CC(C)C(O)(CO)C(=O)OCC2=CC[N+]3([O-])CCC(OC1=O)C23;CC1CC2(OC2C)C(=O)OC2CC[N+]3([O-])CC=C(COC(=O)C1(C)O)C23;NC(=S)Nn1c(CCC(=O)O)ccc1-c1ccc(Br)cc1;COc1ccc2c(=O)oc3c(OC)cc(CCN(C)C)c4c(=O)oc1c2c34;O=C(NC(Cc1cc(=O)[nH]c2ccccc12)C(=O)O)c1ccccc1Cl;C=CC1CN2CCc3c([nH]c4ccccc34)C2CC1C(=COC)C(=O)OC;COC(=O)C1CC2(C(C)O)C3OC3CN3CCC4(C1=Nc1ccccc14)C32;CCC(C)C(NC(=O)CCc1nc(-c2ccc3cc[nH]c3c2)no1)C(=O)O
m_8114e3,O=C(c1ccc(-n2cncn2)cc1)N1CC=C(c2ccc(F)cc2)CC1;Cc1nc(C(=O)NCC(=O)O)c(O)c2ccc(Oc3ccccc3)cc12;Cn1cc(CC(=O)NCc2nc(-c3ccccc3)no2)c2ccccc21;Cn1cccc1-c1noc(CNC(=O)c2cnn(-c3ccccc3)n2)n1;O=C(Cn1c(NCCCO)nc2ccccc21)c1cccs1;CCn1cc(NC(=O)NCc2ccc3[nH]c(C)cc3c2)c2ccccc21;CC(C)n1c(Oc2ccccc2Cl)nc2c1c(=O)n(C)c(=O)n2C;Cn1cc(CC(=O)NCc2nccnc2-c2ccco2)c2ccccc21;O=C(O)c1cc(S(=O)(=O)N2CCN(c3ccccc3)CC2)cs1;CC(C)C(=O)Nc1cccc(NC(=O)c2cccc(-c3ncn[nH]3)c2)c1;Cc1[nH]nc2cc(NC(=O)c3cccc(OC(F)F)c3)ccc12;Cn1ccc2cc(CCC(=O)N3CCN(c4ccccc4)CC3)ccc21;COc1ccc2[nH]cc(CCNC(=O)c3cc(-c4ccco4)[nH]n3)c2c1;COc1ccc2[nH]cc(CC(=O)N3CCC(CS(C)(=O)=O)C3)c2c1;Cn1c(=O)c2c(NCCc3c[nH]c4ccccc34)ccnc2n(C)c1=O;Cc1c(CC(=O)N2CCC(S(C)(=O)=O)C2)nnn1-c1ccccc1;Cn1nc(-c2cccnc2)cc1CNC(=O)NCCCc1ccccc1;Cc1cccc2c1ccn2CC(=O)NC(CCCNC(N)=O)C(=O)O;CC(C)Cc1ccc(C(C)C(O)=NCCc2c[nH]c3ccccc23)cc1;O=C(NC1CC(c2cccc(Cl)c2)C1)c1cc2ccccc2c(=O)[nH]1;O=C(Nc1cncc(-c2nc3ccccc3o2)c1)c1cccc(Cl)c1;Cn1cc(-c2ncccc2CNC(=O)CCC(=O)c2ccccc2)cn1;O=C(O)c1ccc(Nc2ccnc(Nc3cccc(C(=O)O)c3)n2)cc1;Cc1cc(NC2CCC(=O)NC2c2ccccc2)ncc1C#N;Cc1cc(CNC(=O)N2CCN(c3ccc(F)cc3Cl)CC2)n[nH]1
m_82f2e2,O=C(Cc1ccc(Cl)cc1)NC1CC(=O)N(c2ccccc2)C1;CCCCCCCC(O)CC(=O)NCCc1c[nH]c2ccc(O)cc12;CCCCCCCCC=CCNCCc1c[nH]c2ccc(O)cc12;CC12Cc3cn[nH]c3CC1CCC1C2CCC2(C)C1CCC2(C)O;CC=C(C)C(=O)OC1Cc2c(ccc3ccc(=O)oc23)OC1(C)C;Cc1cc2ncc3c(n2n1)CCN(C(=O)NCc1cccs1)C3;CC(=CCOc1cc(=O)[nH]c2ccccc12)CCC(O)C(C)(C)O;COCCn1cc(NC(=O)NC2CCCCC2C)c2ccccc21;CC(C(=O)NC1CCCC1)N1CC(C(=O)O)C(c2ccccc2)C1;O=C(CSc1ccccn1)NCc1ccc2c(c1)CCC(=O)N2;COc1ccc(C2CCN(C(=O)CCc3c(C)noc3C)C2)cc1;CC(=O)Nc1ccc(C2=NN(C(C)=O)C(c3cccs3)C2)cc1;CC(CCc1ccccc1)NCC(O)c1ccc(O)c(C(N)=O)c1;Cc1cc(N2CCCC2)nc(CNC(=O)Cc2ccc(F)cc2)n1;CC(C)(C)C1COC(c2cccc(C3=NC(C(C)(C)C)CO3)c2)=N1;Cc1cc(C)c(C#N)c(N2CCOC(C(=O)N3CCCCC3)C2)n1;CN1CC2(CC3CCC(C2)N3c2ccnc(C3CC3)n2)OCC1=O;O=C(NCCCc1ccccc1)Nc1cnn(C2CCOCC2)c1;CN(C)c1ccc(-c2nn3c(-c4cccs4)nnc3s2)cc1;COc1ccc(C=CC(=O)Nc2ccccc2C(=O)O)cc1OC;O=C(CCCCCN1C(=O)c2ccccc2C1=O)NC1CCCC1;CC1CCN(C(=O)c2ccc(C(=O)N3CCC(C)CC3)cc2)CC1;CCOCCn1c(COc2ccc(Cl)cc2)nc2ccccc21;CCc1cccc(C)c1N(C(=O)CS(=O)(=O)O)C(C)COC;Cc1ccc(S(=O)(=O)NC2CC(=O)N(c3ccccc3)C2)cc1
m_83ac87,COc1cc(OC)c2c(=O)cc(-c3ccccc3)oc2c1;COc1c2c(cc3oc(CO)cc(=O)c13)OC(C(C)(C)O)C2;O=C(COC(=O)c1cccnc1)Nc1ccc2ccccc2c1;CSc1ccccc1C(=O)Nc1nc(C(C)(C)C)cs1;COc1ccc(Cl)cc1NC(=O)N1CCc2nc[nH]c2C1;Nc1ccc(NS(=O)(=O)c2ccc3c(c2)OCCO3)cc1;O=C(NC1CN(c2ccccn2)C1)c1ccc(F)cc1Cl;COc1ccc(NC(=O)COc2ccc(Cl)cc2C)cn1;O=S(=O)(NCc1ccncc1)c1ccc2c(c1)OCCO2;Cc1cc(C)nc(C(=O)Nc2ccc(S(C)(=O)=O)cc2)n1;CC(NC(=O)c1cnc2n1CCCC2)c1ccc(Cl)cn1;Cc1nc(C2CCC(CNC(=O)c3cnn(C)c3C)O2)n[nH]1;CC(c1ccc(O)cc1)(c1ccc(O)cc1)c1ccc(O)cc1;COC(=O)CC(O)C1OC(c2ccccc2)C(O)C1O;Cc1nnc2ccc(S(=O)(=O)Nc3ccc(F)cc3)cn12;CN(C(=O)CSC1CCCC1)C1CN(c2ccccn2)C1;Cc1ccn2c(NC(=O)c3cc(F)ccc3Cl)nnc2c1;Cc1cc(Cl)ccc1OC(C)C(=O)NCc1ccccn1;Cc1cc(C)c(OCC(=O)Nc2cccc(C)n2)c(Cl)c1;OC(Cn1cncn1)(Cn1cncn1)c1ccc(F)cc1F;COc1ccc(CNC(=O)N2CC3CC2C(=O)O3)cc1OC;Oc1cc(O)c2c(c1)OC(c1cc(O)c(O)c(O)c1)C(O)C2;O=C(Cc1c[nH]c2ccccc12)NC1CN(c2ccccn2)C1;COc1cn(C)c(C(=O)NCc2ccc(Cl)cc2)cc1=O;O=C(NC1CN(c2cnccn2)C1)c1cc(F)cc(Cl)c1
m_83e861,CCOc1ccc(CNCc2ccc3c(c2)OCO3)cc1OCC;CS(=O)(=O)N1CCCN(C(C(=O)O)c2ccc(F)cc2)CC1;COc1ccc(C2OC(c3ccc(O)cc3)C(C)C2C)cc1OC;COc1cccc(CCNC(=O)Cn2cnc(C(C)C)cc2=O)c1;CCC(NC(=O)Cc1cccc(C(=O)O)c1)c1c(C)nn(C)c1C;CCOc1cc(CNC(=O)NCc2ccnc(OCC)c2)ccn1;CCn1c(C(=O)Nc2ccccn2)nnc1N1CCC(OC)CC1;Cc1nc(C(C)C)[nH]c(=O)c1C(=O)NC1C2CCCC1CC(N)C2;COc1cccc(CCNC(=O)C2(c3cccs3)CCCC2)c1;C=CCCCCCCCCCCCC(CC(O)CO)OC(C)=O;COc1ccc(C=NNC(=O)CCC2C(=O)NN=C2C)c(OC)c1;COC(=O)C(Cc1ccccc1)NC(=O)c1cnn2c1OCCC2;COc1cc(NC(=O)Cn2cnc(C(C)C)cc2=O)cc(OC)c1;O=C(CN1CCCCCC1=O)NC1CCN(c2ncc[nH]c2=O)C1;CC12Cc3c[nH]nc3CC1CCC1C2CCC2(C)C1CCC2(C)O;COc1ccc(NC(=O)C2(C)c3ccccc3-c3ccccc32)cc1;O=C(Cc1ccc(Cl)cc1)Nc1cnc(N2CCCCC2)nc1;CN1c2ccc(F)cc2N(CC(=O)N2CCOCC2)S1(=O)=O;Cn1cnc(N2CCN(c3ncnc(C4CC4)c3F)CC2)cc1=O;O=C(NCC1(Cc2ccc(F)cc2)CC1)N1CCn2ncnc2C1;CC1CCC(N2CCCn3c2nc2c3c(=O)n(C)c(=O)n2C)CC1;CC12CCC3C(CCC4Cc5n[nH]c(O)c5CC43C)C1CCC2=O;C=CCC=CCC=CCCCCCCCc1cc(O)cc(O)c1;C=CCCCCCCCCCCCC(O)CC(CO)OC(C)=O;Cc1ccc(-c2ccc(S(=O)(=O)N3CCCCCC3)cc2)cc1
m_83fdb3,O=c1cccc2n1CC1CC2CN(Cc2cccs2)C1;CC(C)=CCCC(C)CNCCc1c[nH]c2ccccc12;Cn1c(C(=O)N2CCN(c3ccncc3)CC2)c[nH]c1=O;CCC1(CO)CCCN2CCc3c([nH]c4ccccc34)C21;O=C(O)CCCCCCCC(=O)OCC(O)CO;CCN(Cc1ccncc1)C(=O)C(CO)c1ccccc1;O=C(NCc1cccs1)NCC1(O)CCc2ccccc21;CC(N)Cc1c[nH]c2ccc(OCc3cccs3)cc12;CN=C(NC#N)NCCSCc1nc[nH]c1C;CC(NC(=O)N1CCCC1)c1ccc(-n2ccnc2)cc1;O=C(Cc1ccsc1)NCC(O)c1ccc2c(c1)CCO2;Cc1nc(Cn2cc(CN(C)c3ccccc3)nn2)co1;COc1cc2c(=O)c(-c3ccc(O)cc3)coc2cc1O;O=C(Cc1cccs1)NCC1(O)CCOc2ccccc21;CCC=CCCCNC(=N)NCCCCC(N)C(=O)O;COc1ccc(-c2coc3cc(O)ccc3c2=O)cc1O;CCC12CCCN(CCc3c([nH]c4ccccc34)CC1)C2;c1ccc2c(c1)ncn2CCc1noc(C2CCC2)n1;c1ccc2c(-c3nc(C4CCOCC4)cs3)n[nH]c2c1;CCC12CCCN3CCC4(c5ccccc5NC4CC1)C32;O=C(CCC1CCNC1)Nc1ccc(-n2cccn2)cc1;N=C(N)NCCCCNCC(O)COP(=O)(O)O;CCC(C)C(NCC(O)COP(=O)(O)O)C(=O)O;CC1(c2ccccc2)CC1C(=O)NCc1cncc(O)c1;CCCCCCCCC(=O)NC(CCCC(=O)O)C(=O)O
m_847112,CC(O)C(=O)SCC(NC(=O)CCC(N)C(=O)O)C(=O)NCC(=O)O;COc1ccc(C(O)C(C)OC2OC(CO)C(O)C(O)C2O)cc1;CC1CC(O)C2(CO)C(CO)=CCCC2C12CC(c1ccoc1)OC2=O;COc1cccc(C(=O)N2CC(Cn3cc(Br)cn3)C2)c1OC;COc1c2cc(c(O)c1OC)-c1cc(ccc1O)CCC(O)CCCC2;C=C1CC2OC(=O)C(=C)C2C(OC(=O)C(C)=CC)CC2(C)OC1=CC2=O;C=C1C(=O)OC2CC(C)=CC(=O)C=C(C)C(OC(=O)C(C)=CC)C(O)C12;COc1ccc2c(c1)OC1(O)COc3cc(OC)c(OC)cc3C1=C2;C=CC1C(OC2OC(CO)C(O)C(O)C2O)OC=C2C(=O)OCCC21;C=C1C(=O)OC2C=C(C)CC(=O)C=C(C)C(OC(=O)C(C)=CC)C(O)C12;C=C1C(=O)OC2C(OC(=O)C=C(C)C)C(C)=C3C(=O)C=C(C)C3C(O)C12;CC1CC(=O)OC(C)C(O)C=CC(=O)OC(C)C(O)C=CC(=O)O1;CON=C(C(=O)NC1C(=O)N2C(C(=O)O)=CCSC12)c1csc(N)n1;CC1CC(=O)C2C(O)(C1)CC(O)C13OC1c1c(O)cccc1C(=O)C23O;C=C1C(=O)OC2C=C(CO)CCC=C(C=O)CC(OC(=O)CC(C)C)C12;O=C(NN=Cc1cccs1)c1ccc(C(=O)NN=Cc2cccs2)nc1;CC=C(C)C(=O)OCC(=CC)C(=O)OCC=Cc1ccc(OC)cc1;COc1ccc(C(OC2OC(CO)C(O)C(O)C2O)C(C)O)cc1;OC(O)=c1cc2cc(O)c(O)cc2c(-c2ccc(O)c(O)c2)c1=C(O)O;O=C(O)C1=Cc2cc(O)c(O)cc2C(c2ccc(O)c(O)c2)C1C(=O)O;CC1CCC2(C)C3(C)CCC2(OC3=O)C12CC(c1ccoc1)OC2=O;COc1cc(O)c2c(c1)CCCC(O)C(O)C(=O)C=CCC(C)OC2=O;CC1CC2=C(CC3C(C)(CCC4(O)C(C)(C)C=CC(=O)C34C)O2)C(=O)O1;CCCCCCCCCCCCCC(=O)OCC(O)COP(=O)(O)O;Cn1cc(C(=O)Nc2ccccc2-c2cc(F)c(F)c(F)c2)c(C(F)F)n1
m_875d74,COc1ccc(C(NC(=O)c2c[nH]cc2C)C(=O)O)cc1;COc1cc(O)c(C(=O)C=Cc2ccccc2)c(OC)c1;COc1cc(OC)c2c(c1)OC(c1ccccc1)CC2=O;O=C1CCCC(C(=O)Nc2cnn(CC(F)(F)F)c2)N1;Cc1nccc(NC2COCCC2NC(=O)C2CC2C)n1;CC(NC(=O)C1Oc2ccccc2OC1C)c1ncn[nH]1;Cc1nccc(NC2CCN(c3ccc(Cl)cc3)C2)n1;COc1cccc(OC)c1C(=O)CCc1ccc(O)cc1;CC(=O)Nc1ccc(NS(=O)(=O)c2ccccc2)cc1;O=C(NOCc1ccccc1)c1cnc(C2CC2)[nH]c1=O;C=CCOc1ccc(S(=O)(=O)c2ccc(O)cc2)cc1;COc1cc2c(cc1O)C(Cc1ccc(O)cc1)NCC2;Oc1cc(O)c2c(c1)OC(c1ccc(O)c(O)c1)CC2O;Oc1cc(O)c2c(c1)OC(c1ccc(O)c(O)c1)C(O)C2;CC1CC(O)CC2CCC3C4CCC(=O)C4(C)CCC3C12C;Nc1nc(NC2CC2)c2ncn(C3C=CC(CO)C3)c2n1;O=C(NCCCn1ccnc1)c1cc(-c2ccco2)on1;OCC(Cc1cccc(O)c1)C(CO)Cc1cccc(O)c1;O=C1c2c(O)cc(O)cc2OC(c2ccc(O)cc2)C1O;CCCC(=O)N1CCN(CC=Cc2ccccc2)CC1;CN(CC=Cc1ccccc1)Cc1cccc2ccccc12;COc1cc(O)c2c(c1)OC(c1ccc(O)cc1)CC2=O;CCC(=O)N1C(C)CN(CC=Cc2ccccc2)CC1C;OCc1ccccc1OC1OC(CO)C(O)C(O)C1O;CC(C)Oc1ccccc1NC(=O)c1ccn(C)c(=O)c1
m_88505f,CC(C)Nc1nc(-c2ccc(Br)cc2)nc2ccccc12;CC(C)c1ccc(OCC(=O)Nc2ncn[nH]2)c(Br)c1;NC(=O)c1ncn(C2OC(COP(=O)(O)O)C(O)C2O)c1N;O=P(O)(O)OCC1OC(O)(COP(=O)(O)O)C(O)C1O;NC(=O)C1CCN(CC(=O)Nc2ccc(Br)cc2)CC1;Cc1cc(C(=O)N2CC(Cn3cc(Br)cn3)C2)nn1C;Cc1cc(Br)c(S(=O)(=O)Nc2ccncc2)cc1C;O=C(O)CSc1nnc(-c2ccc(F)cc2)n1CC1CCCO1;O=C(Nc1ccc(-c2ccn[nH]2)cc1)c1ccc(Br)cc1;O=C1OCCC1Sc1nc(-c2ccccc2)c(-c2ccccc2)o1;COc1ccc2c(c1OC)CN1CCc3cc4c(cc3C1=C2)OCO4;O=C(Nc1nc(-c2ccc(F)cc2)ns1)c1ccn(C(F)F)n1;COc1ccc(S(=O)(=O)NC(=O)Cc2ccc(Cl)cc2)cc1;CCOc1cc(CNc2ncn[nH]2)cc(Br)c1OCC;COc1nccc(C(=O)N2CCC(C(F)(F)F)c3ccccc32)n1;O=C(COc1cccc(Br)c1)NN=Cc1cccs1;CCc1c(C)[nH]c(SCc2ccc(Br)cc2)nc1=O;COc1cc(NS(=O)(=O)c2cc(F)ccc2C)ccc1C(=O)O;CC1(C)OC2COC3(COS(N)(=O)=O)OC(C)(C)OC3C2O1;COc1ccccc1C(=O)Nc1cnc(-c2ccc(Cl)cc2)nc1;Cc1onc(-c2c(Cl)cccc2Cl)c1C(=O)Nn1cnnc1;O=C(NCCNC(=O)c1ccc(Cl)c(Cl)c1)c1ccncc1;S=C(Nc1ccc(Cl)cc1)Nc1ccc(Br)cn1;CN(CC1CN(c2nc3ccccc3s2)C1)S(=O)(=O)C1CC1;O=C(NC1CCC2OCCOC2C1)c1ccc(-c2ccccc2)cc1
m_88a263,CC(Oc1ccccc1F)C(=O)NC1CN(c2ccccn2)C1;COc1ccc(NC(=O)c2cc(C)nc(C3CC3)n2)cc1Cl;Fc1cc(F)c2nc(NC3CN(c4ccccn4)C3)sc2c1;NC(=O)c1ccccc1Nc1ccnc(Nc2cccc(O)c2)n1;NC(=O)c1cccc(NC(=O)C2COc3ccccc32)c1;CC(C)c1ccc(CN(C)CC(O)c2ccc(O)c(O)c2)cc1;CCc1nc(C(C)C)ccc1C(=O)N1CCCN(C(C)=O)CC1;CC(Cc1ccc2c(c1)CCO2)NC(=O)NCc1cccs1;COc1ccccc1C1C(C(C)=O)=C(O)C(=O)N1CCN(C)C;O=C(Nc1cccc(OC(F)F)c1)c1ncnc2c1CCCC2;Nc1ccc(S(=O)(=O)N2CCCCC2c2cccnc2)cc1;CC(=O)N1CCC(NC(=O)NC(C)Cc2ccc(O)cc2)CC1;CCCCCC=CC=C1C=CC(=O)C1CCCCCCC(=O)O;CCOCCCN1C(=O)C(O)=C(C(C)=O)C1c1ccc(O)cc1;NCC(C(=O)Nc1ccc2cnccc2c1)c1ccc(CO)cc1;CC(C)S(=O)(=O)n1c(N)nc2ccc(Br)cc21;O=C(NCc1ccc(-c2ccoc2)nc1)c1c[nH]c2ccccc12;CC(=O)N1CCc2cc(NC(=O)CC(C)(C)CC(=O)O)ccc21;CCCOCC(=O)N1CCC(n2c(=O)[nH]c3cccnc32)CC1;CC1(C)Nc2ccccc2N(CCC(=O)N2CCOCC2)C1=O;O=C(Nc1ccnc2ccnn12)c1ccc(Cn2cncn2)cc1;CCCCCCC(C)(C)c1ccc(C2CCCC(O)C2)c(O)c1;Cc1nc(N2CC(Cn3cc(Cl)cn3)C2)c2cnn(C)c2n1;O=C(NCCn1ccc2ccccc21)Nc1c[nH]c2ccccc12;COP(=S)(OC)SCN1C(=O)c2ccccc2C1=O
m_895051,Cc1cccc(C)c1N1CCN(C(=O)c2ccc3c(c2)OCO3)CC1;CCOc1ccccc1C(=O)Nc1ccc(C)c(N2CCCC2=O)c1;CCOc1ccccc1C(=O)Nc1cccc(NC(=O)C2CC2)c1C;c1ccc(N2CC3CCN(Cc4ccc5c(c4)OCCO5)C3C2)nc1;CCOc1ccccc1C(=O)NCC(C)(O)c1cc2ccccc2o1;Cc1cc(NC(=O)N2CCn3nc(C(F)(F)F)cc3C2)cc(C)n1;Cc1cc(NC(=O)c2ccc3c(c2)OCO3)ccc1N1CCCC1=O;COc1c2ccoc2c(CC(O)C(C)(C)O)c2oc(=O)ccc12;CC=CCN1CCn2c1nc1c2c(=O)n(CC=CC)c(=O)n1C;Cc1cnc(CN2CCN(C(=O)c3ccc4c(c3)OCO4)CC2)nc1;Cn1cc(-c2nccnc2CNC(=O)c2ccc3c(c2)OCO3)cn1;Cn1nc(CNC(=O)Cn2c(=O)oc3ccccc32)c2c1CCCC2;O=C(c1ccc2c(c1)OCO2)N1CCc2nc3cc[nH]n3c(=O)c2C1;Cc1[nH]nc(-c2ccc(O)cc2O)c1-c1ccc2c(c1)OCCCO2;Cn1nc(CNC(=O)c2cc(=O)c3ccccc3o2)c2c1CCCC2;Cc1ccc(C(C)C)c(OCC(=O)NNC(=O)Nc2ccccc2)c1;O=C(NC(c1cccnc1)C1CCOCC1)c1ccc2c(c1)OCO2;CC(C)CN(C(=O)c1ccc2c(c1)OCO2)C1CCS(=O)(=O)C1;CCOc1ccccc1-c1nnc(COc2ccc3c(c2)OCO3)o1;CCn1cccc1-c1noc(CNC(=O)c2ccc3c(c2)OCO3)n1;Cc1nc(N2CCCC2)nc(C)c1NC(=O)c1ccc2c(c1)OCO2;CCn1c(CCNC(=O)c2ccc3c(c2)OCO3)nc2cccnc21;Cc1nc2c(c(N(C)C3CN(c4ccc5nncn5n4)C3)n1)CCC2;CNS(=O)(=O)CC1CCC(N(C)c2ncnc3[nH]ccc23)CC1;CCc1cccc2sc(NC(=O)C3COc4ccccc4O3)nc12
m_89a6f2,CCOc1cc2c(cc1CNC(=O)c1ccc(C(=O)O)o1)OC(C)C2;Cc1nc(CN2CCN(c3nccc(N4CCCC4)n3)CC2)cs1;CC(C)(C)c1nc2c(c(N3CCN(c4cnsn4)CC3)n1)CCC2;CNC(=O)CN(C)c1ncncc1-c1nc(-c2ccccc2F)no1;Cc1ccc(N2CC(N(C)C(=O)CCc3ccc(F)c(C)c3)C2)nn1;COc1ccc(CC(C)C(=O)Nc2cc(C3CC3)[nH]n2)cc1;CN(C)c1cccc(C(=O)NCC2(c3ccsc3)CCOCC2)c1;Cc1ccc(N2CCCC(NC(=O)NCc3cccc(F)c3)C2)nn1;CN(C)CC(NC(=O)N1Cc2c(N)n[nH]c2C1(C)C)c1ccccc1;COc1cc(OC)cc(C(=O)N(C)C2CN(c3ccc(C)nn3)C2)c1;Cn1c(=O)cnn(CCCCN2CCN(c3ncccn3)CC2)c1=O;CC1C(=O)OC2CC[N+]3([O-])CC=C(COC(=O)C(C)(O)C1(C)O)C23;CC1(O)CCCN(C2CCN(c3ccccc3C(F)(F)F)C2=O)C1;CCOc1ccc(CN2CCN(C(=O)Cc3cccnc3)CC2)cn1;Cc1c(NC(=O)C2CC2)cccc1NC(=O)C1CCCCC1C(=O)O;Cc1nc(N2CCN(c3cc(C4CCC4)ncn3)CC2)[nH]c(=O)c1F;CC(Oc1cc(Cl)ccc1Cl)C(=O)NN=Cc1ccnn1C;O=C(Nc1ccccc1)C(O)C(O)C(=O)Nc1ccccc1;COc1ccc(CC2CCN(C(=O)C(O)c3cccnc3)CC2)cc1;CCNc1ccnc(N2CCN(c3cc(=O)n(C)c(=O)n3C)CC2)n1;CC(C)c1noc(CN2CCN(c3cc(C4CCC4)ncn3)CC2)n1;C1CCC(C23CC(CC4CCCNC42)C2CCCCN2C3)NC1;Cc1ccc(N2CC(N(C)C(=O)NCc3ccc(Cl)cc3)C2)nn1;CCOc1ccc(CNC(=O)C(C)n2nc3c(cc2=O)CCC3)cn1;O=C(CCCCc1ccc(O)cc1)CCc1ccc(O)cc1
m_89b9d2,COc1cc2oc3c(O)cccc3c(=O)c2c(OC)c1OC;O=c1oc2c(O)c(O)cc3c(=O)oc4c(O)c(O)cc1c4c23;CCOc1cccc2sc(NCCCn3ccnc3)nc12;COc1cc(OC)cc(C(=O)Nc2ccc3c(c2)OCO3)c1;O=C(c1cc2ccccc2o1)N1CC(Oc2nccs2)C1;O=C(O)CC1(NC(=O)c2cccc(C(F)(F)F)c2)CCC1;CCCCCCCCCC=Cc1cc(=O)c2ccccc2[nH]1;Cc1sc(N)c(C(=O)c2cccc(C(F)(F)F)c2)c1C;CCCCCCCC(=O)Nc1c2sscc-2[nH]c1=O;CCCCCCCCC=CCc1cc(=O)c2ccccc2[nH]1;O=c1c(O)cc2c(O)oc3c(=O)c(O)cc4c(O)oc1c2c43;COc1ccc2c3c1OC1C(O)C=CC4C(C2)N(C)CCC341;COC1=CC(=O)C(=O)c2cc3oc(C)cc(=O)c3c(OC)c21;CC(C)(C)C(=O)Nc1nc(-c2cc3ccccc3o2)cs1;COc1nn(C)cc1C(=O)NCC1(O)CSCCSC1;COC(=O)Nc1nc2cc(Sc3ccccc3)ccc2[nH]1;COc1c2ccoc2c(OCC=C(C)C)c2oc(=O)ccc12;COC(=O)c1cnc2n[nH]c(I)c2c1;C=C(C)C(O)COc1c2ccoc2c(OC)c2oc(=O)ccc12;CCOc1cc(C(=S)N2CCOCC2)cc(Cl)c1O;Cc1n[nH]c(SCc2cccc(C(F)(F)F)c2)nc1=O;O=C(NC1CCCCNC1=O)c1cccc(C(F)(F)F)c1;Oc1cc2c(cc1O)C1c3ccc(O)c(O)c3OCC1(O)C2;CCN(CC)CCNC(=O)c1cc(Cl)c(N)cc1OC;N#Cc1c(-c2ccccc2)cc(=S)n2c1[nH]c1ccccc12
m_8b6b8e,COc1cc(Cc2cnc(N)nc2N)cc(OC)c1OC;Cc1cc(O)c(Oc2cc(C)cc(O)c2O)c(O)c1;COc1ncc(NC(=O)C2CC2(C)C)cc1C(N)=O;COc1ncccc1N1C(=O)N2CCCC2(C)C1=O;Cc1cc(O)c(O)c(Oc2cc(C)cc(O)c2O)c1;O=C(Cc1cccc(Cl)c1)Nc1c[nH]ccc1=O;CC(=O)NCc1cn(Cc2cc(C)ccc2F)nn1;CCn1nc(C)c(C(=O)N(C)Cc2ccoc2)c1C;CC(C=CC1(O)C(C)=CC(=O)CC1(C)C)=CC(=O)O;COc1ccc(Cc2cnc(N)nc2N)cc1OC;CC(=O)Nc1cccc(NC(=O)C2CC2(C)C)c1C;CCC1(c2nc(-c3ccncc3OC)no2)COC1;COc1ccc(C(=O)c2ccc(Cl)cc2)c(O)c1;Cc1c(C(=O)N(C)Cc2ncn[nH]2)cnn1C(C)C;CC1=CCCC23OC2C(OC3=O)c2c(C)coc2C1;COc1cc(-c2noc(C(C)(C)C3CC3)n2)ccn1;O=[N+]([O-])NC1=NCCN1Cc1cnc(Cl)s1;O=C(O)C(NCc1ccc(CO)o1)c1ccccc1;Cc1cc(C(=O)Nc2cccnc2N(C)C)nn1C;CCCC(O)C1OCC2=C1C(O)C(O)C(O)C2O;CC(C)C(O)Cc1cn(C(C)c2ccccn2)nn1;O=C(O)C1CCCN(C(=O)OCc2ccccc2)N1;CC1(C)OCC2CC21C(=O)N1CC(OC(F)F)C1;CNC1(CNc2nccn3nnnc23)CCCCC1;COc1c(C)c(OCC=C(C)C)cc2c1CNC2=O
m_8bb047,Nc1nccc2c1ncn2C1OC(CO)C(O)C1O;Nc1ncnc2c1ccn2C1OC(CO)C(O)C1O;O=c1[nH]cnc2c1ncn2C1OC(CO)C(O)C1O;COc1ccc(-c2nc(Cc3ccccc3)no2)cc1;O=c1ncnc2n(C3OC(CO)C(O)C3O)[nH]cc1-2;COc1ccc(C(=O)NC(CC(C)C)C(=O)O)cc1;COc1ccc(C(=O)Cc2ccccc2C(=O)O)cc1;OCC1OC(n2ncc3c(O)ncnc32)C(O)C1O;Nc1nc(=O)c2ncn(C3CC(O)C(CO)O3)c2[nH]1;OCC(Cc1cccc(O)c1)C(CO)Cc1cccc(O)c1;O=c1cccc2n1CC1CC2CN2CCCCC12;CC(C)NCC(O)COc1ccc(CC(N)=O)cc1;O=C(NCc1ccccc1)c1cc(=O)[nH]c(C2CC2)n1;Oc1cc2c3c(c1)c1cc4c(cc1c[n+]3CC2)OCO4;O=S(=O)(Nc1cnc(C2CC2)nc1)c1ccoc1;O=C(O)C1CC(F)CN1C(=O)OCc1ccccc1;CC(=CC(C)(C)c1ccc(O)cc1)c1ccc(O)cc1;CC(=O)Nc1ccc(OCC(O)CNC(C)C)cc1;OCC1OC(n2cnc3c2NC=NCC3O)CC1O;COc1cccc(C(=O)NC(CC(C)C)C(=O)O)c1;COc1ccc(-c2cc(=O)c3cc(C)ccc3o2)cc1;COc1ccc(-c2cc(=O)c3cccc(C)c3o2)cc1;CC=C(C(=CC)c1ccc(O)cc1)c1ccc(O)cc1;O=C1CCCC2C3CC(CN12)C1CC(O)CCN1C3;COc1ccc(C(=O)N2CCOC(C(=O)O)C2)cn1
m_8c72d4,CN(C)CCOc1ccc(C(=C(CCCl)c2ccccc2)c2ccccc2)cc1;CCN(CC)CCOc1ccc(C(=C(Cl)c2ccccc2)c2ccccc2)cc1;OC(CNCC(O)C1CCc2cc(F)ccc2O1)C1CCc2cc(F)ccc2O1;CC(C)Oc1cncc(C(=O)N2CCNC(=O)C2c2ccc(C(F)(F)F)cc2)c1;Cn1c(NCCN(CCO)CCCc2ccc([N+](=O)[O-])cc2)cc(=O)n(C)c1=O;COc1cc(CCC(=O)NCC(c2ccc(F)cc2)c2c[nH]c3ccccc23)on1;CC(C)(COCc1ccccc1)NC(=O)Nc1ccc(=O)n(Cc2ccccc2)c1;O=c1c(-c2ccc(Cl)cc2)coc2c(CN3CCCCCC3)c(O)ccc12;COc1ccc(CC2SC(=NN=Cc3ccco3)N(c3ccccc3)C2=O)cc1;N#Cc1ccc(Cn2cncc2CN2CCN(c3cccc(Cl)c3)C(=O)C2)cc1;CCCCCCCCCCCCCCCC(=O)NC(Cc1ccccc1)C(=O)O;O=C(Cn1c(=O)cc(C(=O)N2CCCCC2)c2ccccc21)Nc1ccc(F)cc1;CC1Oc2cc(cnc2N)-c2c(nn(C)c2C#N)CN(C)C(=O)c2ccc(F)cc21;Cc1ncnc(N2CCN(C(=O)CC3CSc4ncc(C)c(=O)n43)CC2)c1F;CN1C(=O)NC(=Nc2nc(Cc3ccc(O)cc3)c(Cc3ccc(O)cc3)[nH]2)C1=O;COc1cc(OC)nc(NC(=O)NS(=O)(=O)c2ncccc2C(F)(F)F)n1;Cc1cccc(NC(=O)COC(=O)C2C3CCC(C3)C2C(=O)c2ccccc2)c1C;COc1ccc(-c2c(C#N)c(N)nc3c2CCCCC3)cc1COCC(F)(F)F;CC(C)CC(N)C(=O)NC(CC(C)C)C(=O)NC(Cc1ccc(O)cc1)C(=O)O;CCCc1cc(O)nc(SCc2ccc(C(=O)Nc3c(C)cccc3C)cc2)n1;CCCCCCCCC=CCCCCCCCC(=O)N(C)CCS(=O)(=O)O;COC(=O)COc1ccc(N=C(O)c2cc(OC)c(OC)c(OC)c2)cc1OC;CC(N)COc1ccc(-c2cnc3ccc(NC(C)c4cccc(F)c4)nn23)cc1;CC1CC(=O)C2=C(O1)OC1(C)CCC3(O)C(C)(C)CCC(=O)C3(C)C1C2;OCCOCCN1CCN(C2=Nc3ccccc3Sc3ccccc32)CC1
m_8d19fa,O=c1[nH]c2ccccc2n1CCCSc1cccc2cccnc12;CCOc1ccc(-c2cc(=O)n(CC(=O)c3ccccc3)cn2)cc1;Cc1cc(C)c(C(=O)NCc2nccnc2-c2cccnc2)c(C)c1;CCc1nn(C)c(C(=O)NCc2ccc(C(C)(C)C)cc2)c1Cl;Cc1ccc(C)c(CN2CCOC(C(=O)N3CCSCC3)C2)c1;CC(C)=CCc1c(O)cc2oc3cc(O)ccc3c(=O)c2c1O;Cc1ccn2c(C(=O)NN=Cc3ccc4c(c3)OCO4)c(C)nc2c1;N#Cc1ccnc(OCC2CCN(c3nc4ccccc4o3)CC2)c1;CN(C)c1nccnc1OC1CCCN(C(=O)N2CCNC2=O)C1;CCC(C(=O)Nc1ccccc1Cc1nc(C)no1)c1ccccc1;COC(=O)CSc1nnc(CNC(=O)c2cccc(C)c2)n1C;CC1CC(O)C2(C)C(C(=O)O)=CCCC2C1(C)CCc1ccoc1;Cc1cccc(C(=O)Nc2ccc(C(=O)n3nc(C)cc3C)cc2)c1;Cc1cccc(C(=O)N2N=C(c3ccco3)CC2c2cccs2)c1;Cc1ccc(C(=O)Nc2ccc(SCc3cccnc3)nn2)cc1;CCCCCCCCCCCCCCOS(=O)(=O)O;CCC(=O)Nc1nnc(SCc2ccc(C(C)(C)C)cc2)s1;Cc1ccc(C(=O)N2CCC(Nc3ncnn4cccc34)CC2)cc1;Cc1ccccc1C(=O)Nc1ccccc1Cc1nc(C2CC2)no1;CCC(C(=O)Nc1c(C)nc2ccc(C)cn2c1=O)c1ccccc1;C=CC1(C)CC2CCC3C(C)(C(=O)O)CCCC3(C)C2=CC1=O;O=C(NCCc1cccc(F)c1F)c1cc(=O)[nH]c2c1CCCC2;C=CC1(C)CC(O)C2(CCC3C(C)(C(=O)O)CCCC3(C)C2=O)C1;COc1cccc(C2(NC(=O)C3CCCc4c(O)cccc43)CC2)c1;COc1cc(C=CC(=O)CC(=O)C=Cc2ccc(O)cc2)ccc1O
m_8d374f,COc1ccc(CCNC(=O)c2c[nH]c3ccccc23)cc1OC;Cn1cc(-c2ccc(CNC(=O)Cn3cnc4ccccc43)cn2)cn1;CCCc1cc(NCc2cccnc2)n2nc3nc(C)cc(C)c3c2n1;CC(C)CS(=O)(=O)Nc1ccc2c(c1)N(C(=O)c1ccco1)CC2;Cc1nc2ccccc2nc1N1CCCC(NS(=O)(=O)C2CC2)C1;Cc1cccc(-c2nnc(C)c(N3CCN(c4ccccn4)CC3)n2)c1;C=C1CC23CC1(O)CCC2C12C=CC(O)C(C)(C(=O)O1)C2C3C(=O)O;CC(=O)Nc1ccc(C=NNC(=O)c2cc3ccccc3nc2C)cc1;COC(=O)c1ccc2[nH]c3c(c2c1)CCN(C(=O)Cc1ccccc1)C3;O=C(NCCc1c[nH]c2ccccc12)C1(c2ccccc2)CCOCC1;Cc1cc(C)cc(-c2cc3ncnc(-n4ncc(C#N)c4N)c3s2)c1;Cn1c(=O)c2nc(-c3ccccn3)c(-c3ccccn3)nc2n(C)c1=O;Cc1ccc(NC(=O)c2ccc3[nH]c(=O)n(C)c3c2)cc1-c1ncco1;Cc1ccc(OCC(=O)Nc2ccc(Cc3ccncc3)cc2)cc1C;Cc1cc(C)nc(Nc2ccc(S(=O)(=O)N3CCCCC3)cc2)n1;N=S1(=O)CCCC2(CCCN2C(=O)c2cccc(C3CCC3)c2)C1;CCC(C)(C)C(=O)Nc1ccc(S(=O)(=O)Nc2ncccn2)cc1;Cc1nc2ccccc2nc1N1CCN(c2ncnc3c2CCC3)CC1;CC12Cc3c[nH]nc3C(O)C1CCC1C2CCC2(C)C1CCC2(C)O;CC(NC(=O)c1ccc(Nc2ncccn2)cc1)C(O)c1ccccc1;C=C1CC23CC1(O)CCC2C12CCC(O)C(C)(C(=O)O1)C2C3C(=O)O;Cn1nc(C(=O)N2CCc3nc4cc[nH]n4c(=O)c3C2)c2ccccc21;Cc1ccccc1C1CC(N(C(=O)c2cnc3nccn3c2)C2CC2)C1;CC(C)c1nc(N2CCN(C(=O)Cn3cccn3)CC2)[nH]c(=O)c1F;O=C(COc1ccc2c(c1)CCCC2)c1ccc2c(c1)OCCO2
m_8d75c7,Cc1cc(=O)c(OCC(=O)Nc2ccccc2-c2nnn(C)n2)cn1C;CC(C)C(N)C(=O)OCC(CO)OCn1cnc2c(=O)nc(N)[nH]c21;O=C(Nc1ccccc1C(F)(F)F)C1CN(C(=O)c2cccs2)C1;O=C1OC(C(O)C(O)O)C(O)=C1OC1OC(CO)C(O)C(O)C1O;CCCC(C(=O)OCCN(CC)CC)(c1ccccc1)c1ccccc1;NC(CC1c2ccccc2Oc2ccccc21)(C(=O)O)C1CC1C(=O)O;COC(=O)c1cc(OC)cc(O)c1C(=O)c1c(O)cc(C)cc1O;CCC(CC(F)(F)F)C(=O)Nc1ccc(S(=O)(=O)N(C)C)cn1;CCCCn1nc2ccc(S(=O)(=O)N3CCCCCC3)cn2c1=O;CCc1cc(-c2[nH]ncc2-c2ccc3c(c2)OCCO3)c(O)cc1OC;O=C(C=Cc1ccc(O)c(O)c1)OC1CC(O)(C(=O)O)CC(O)C1O;COc1ccc(C(=O)C2=NCCc3cc(OC)c(OC)cc32)cc1OC;NC(=O)C1CCN(C(=O)c2ccccc2-c2ccccc2C(=O)O)CC1;OCC1OC(Oc2c(O)oc(C(O)C(O)O)c2O)C(O)C(O)C1O;CCC12CCCN3CCc4c(n(c5ccccc45)C(O)(C(=O)OC)C1)C32;Cc1ccc(S(=O)(=O)N2CCC(N3CCNCC3)C2)cc1C(N)=O;CC=C1CN2C3CC1C1(C(=O)OC)C2CC2(c4ccccc4NC32)C1O;COc1ccc(C(=O)OC2CC3CCC(C2)N3C(C)=O)cc1OC;O=C(NCC(c1ccsc1)N1CCC1)c1cc(-c2ccccc2)on1;CCCCCC=CCCCCCCC=CC=CC(=O)NCC(C)C;O=C(NC1CCC12CCOCC2)c1cccc(Oc2ccc(F)cc2)c1;CC1CNC(=O)c2cnn3ccc(nc23)NC(C)c2cc(F)ccc2O1;CC1Cc2ccccc2N1C(=O)Cc1nc(=O)cc(N2CCOCC2)[nH]1;C#CCN1C(=O)COc2cc(F)c(N3C(=O)C4=C(CCCC4)C3=O)cc21;CCOc1ccc2ccccc2c1C(=O)NCC1CCN(C(C)C)CC1
m_8db7e3,Cc1cccc(N2CCN(C(=O)N3CCC(C)CC3)CC2)c1C;CCn1cc(-c2ccc(F)cc2)cc1C(=O)N1CCCCCC1;COc1ccc2c3c1OC1C(=O)CCC4(O)C(C2)N(C)CCC314;FC(F)(F)c1cccnc1NC1CCN(C2CCOCC2)C1;O=C(CCC1CCNC1)Nc1ccc2nc(C3CC3)sc2c1;CCC1(CC)NC(=O)N(CC(=O)Nc2cc(C)cc(C)c2)C1=O;CC(C)N1CCC(NC(=O)c2c(Cl)cccc2Cl)CC1;O=C(c1cc(-c2ccco2)on1)N1CCCN(C2CCC2)CC1;CCCc1cc2c(cc1NC(=O)CC1CC3CCC1C3)OCO2;Cc1occc1-c1cc(NC(=O)N2CC3CCCCC3C2)no1;COc1ccc2ccc(NCC3(C(N)=O)CCOCC3)nc2c1;CC=CCN1CCn2c1nc1c2c(=O)n(CC=CC)c(=O)n1C;CCC(F)(F)C(C)(C)CNC1CC(Cn2ccnc2)CC1O;c1cc(OCCCN2CCCCC2)ccc1CN1CCCCC1;CC(C)(C)c1cn2nc(C(=O)N3CCCC3C(N)=O)ccc2n1;O=C(CCS(=O)(=O)c1ccc2ccccc2c1)N1CCCC1;C=CCN1CCCC1CNC(=O)c1cc2[nH]nnc2cc1OC;O=C(CC1CCCC(=O)N1)NCc1nnc(C2CC2)n1C1CC1;COc1cc(CNC(=O)CCCCCC(C)C)ccc1O;COc1cc(C(=O)N2CCCC2Cc2ccc(F)cc2)ncn1;OC(COC1CN2CCC1CC2)(c1ccccc1)C1CCCC1;Cn1ccc(CN2CCN(Cc3cccc(F)c3)CC2)cc1=O;CCC(=O)Nc1ccc(C(=O)NNC(=O)C2CCCCC2)cc1;COCOC(C(C)C(=O)O)C1CCCN1C(=O)OC(C)(C)C;CCCN(CCc1cccs1)C1CCc2c(O)cccc2C1
m_8e45f7,CC(Cc1ccc(O)c(O)c1)C(C)Cc1ccc(O)c(O)c1;CCOc1ccc(N2CC(c3nc4ccc(C)cc4[nH]3)CC2=O)cc1;CC(CCc1ccc(O)cc1)NCCc1ccc(O)c(O)c1;CCOc1ccccc1S(=O)(=O)NCCn1ccn2nccc12;NC(=O)c1ccc[n+](C2OC(COP(=O)([O-])O)C(O)C2O)c1;COC(=O)C(c1cccnc1)N1CCC(CO)(NCC2CC2)CC1;Cc1ccc(NC(=O)C2CCCN2C(=O)Cc2ccccc2)c(O)c1;COc1ccc(C)cc1S(=O)(=O)N1CCc2nc[nH]c(=O)c2C1;Cc1cc(-c2nc(C(C)(C)c3cccc(C(F)(F)F)c3)no2)n[nH]1;Cc1c(C=NNC(=O)C(C)(C)Oc2ccc(Cl)cc2)cnn1C;COc1ccc(CC(C)C(=O)Nc2cc(C3CC3)[nH]n2)cc1;Cc1n[nH]c(C)c1C(C)CC(=O)N1CCc2c(F)ccc(F)c2C1;O=C(NCCCN1CCOCC1)c1ccnc(OC2CCCC2)c1;COC(=O)c1cc(OC)c(OC)cc1NC(=O)c1cc(C)oc1C;Cc1cc(C)nc(NC(=O)COc2ccc(Br)cc2)n1;O=C(Cn1nc2ncccn2c1=O)Nc1ccccc1C(F)(F)F;c1cnc(N2CCN(c3nn4nnnc4c4ccccc34)CC2)nc1;COCC(=O)Nc1c2c(nn1-c1ccc(C)cc1C)CSC2;c1c(CN2CCC(NC3CCOCC3)CC2)nnn1C1CCCC1;Cc1ncn(CC(=O)NCc2cncc(-c3ccco3)c2)c(=O)c1C;Cc1[nH]ccc(=O)c1OCC(=O)Nc1ccc(C(C)C)cc1;CC=C(C)C(=O)OC1CC(C)=CC(=O)C2(C)CCC(O)(C(C)C)C12;CCOc1cn(-c2ccc(F)cc2)nc1C(=O)NCC1CCCO1;Cc1nn(CC(O)COc2ccc(-c3ccccc3)cc2)c(C)c1C;CCn1nc(C)c(C(=O)N2CC=C(c3ccc(C#N)cc3)CC2)c1C
m_8eaf01,COc1ccc(C(=O)N2CCC3(CC2)CNC(=O)C3)cn1;Cc1nc2n(n1)CC(NC(=O)Cc1ccc(F)cc1)CC2;Cc1cn2c(CN(C)C(=O)c3cn[nH]c3)c(C)nc2s1;CCSc1cccnc1C(=O)N1CCC(C)(C#N)CC1;Cn1ccc(CNC(=O)N2CCCC3(CCCCC3)C2)n1;Cc1nc2c(o1)CCCC2NC(C)c1ccccc1Cl;CC=CC(O)C1OC(=O)CC1Nc1ccc(C(=O)O)cc1;COC(=O)C1C2CCC(CC1OC(=O)c1ccccc1)N2;Cc1nn(C)cc1C(C)NS(=O)(=O)N1CCOCC1;CNCCCC(C#N)(c1ccc(OC)c(OC)c1)C(C)C;Cc1noc(C)c1C(C)(C)NC(=O)c1cnn(C(C)C)c1;CN1C2CCC1C(C(=O)O)C(OC(=O)c1ccccc1)C2;CCNS(=O)(=O)c1cc(OC)ncc1NCCOC;O=C(Cc1ccc(-c2ccccc2)cc1)Nc1ccccn1;CN1C2CCC1CC(OC(=O)C(CO)c1ccccc1)C2;CC1CC(C)C(C(=O)Nc2cc(C3CCCOC3)[nH]n2)O1;CCn1cc(CC(=O)N2CCCC(c3ncc[nH]3)C2)nn1;COc1ccc(OC)c(C(=O)NC2CN3CCC2CC3)c1;CC(=O)c1cc(C)c(O)c(CC2=C(O)C(C)OC2=O)c1O;O=C(Cc1cccc(F)c1)Nc1cn[nH]c1C1CCNC1;CC12CCC(=O)C=C1CCC1C2CCC2(C)C(O)CCC12;COc1ccc(C(NC(=O)c2c[nH]cc2C)C(=O)O)cc1;COc1cc(OC)cc(C(C(=O)O)N2CC=C(C)CC2)c1;CC1(C2CCC(=O)O2)CC(=O)c2c(O)cc(CO)cc2O1;CN(Cc1nccn1C)C(=O)C12CC3CC(CC(C3)C1)C2
m_9068e1,O=S(=O)(NCCn1cc(-c2ccoc2)cn1)N1CCCC1;COc1ccc(C2(c3nc(-c4ccc(=O)[nH]c4)no3)CC2)cc1;O=C(Nc1nc(Cc2ccc(F)cc2)no1)N1CCCC1;Oc1cccc(Nc2ncc(F)c(Nc3cccc(O)c3)n2)c1;COc1ccccc1S(=O)(=O)N(C)Cc1cnn(C)c1C;CN(C)c1nc2c(ncn2C2OC(CO)C(O)C2O)c(=O)[nH]1;Fc1ccc(COc2ccccc2CNCc2ccco2)cc1;COc1ccc(CCNC(=O)c2cc3nc(C)ccc3o2)cc1;CCn1ncc(C=NNC(=O)c2csc3ccccc23)c1C;O=C(O)C=Cc1ccc(O)c(O)c1C=Cc1ccc(O)c(O)c1;CC(=O)c1ccc(NC(=O)C(C)Cn2nc(C)c(C)c2C)cc1;C#CC1(O)C=CC2C3CCC4=CC(=O)CCC4C3CCC21CC;O=C1CC(c2ccc(O)c(O)c2)Oc2cc(O)cc(O)c21;Cn1cc(C(=O)Nc2ccc(C3CC3NCC3CC3)cc2)cn1;CC(=O)Nc1cccc(NC(=O)C2(c3ccc(F)cc3)CC2)c1;Cn1cc(CCNc2nccn3nc(C(F)(F)F)cc23)cn1;CCOP(=O)(Sc1ccccc1)Sc1ccccc1;Nc1nc(-c2ccco2)c2cnn(Cc3ccccc3F)c2n1;O=C(Cc1ccc2c(c1)OCO2)N1CC(Nc2ccncn2)C1;Fc1ccccc1CN1CCCC(c2nc3ccccc3o2)C1;Cc1ccccc1CC1CCCN1C(=O)Cc1c(C)n[nH]c1C;CC12CCC3c4ccc(O)cc4CCC3C1CC(O)C2O;Fc1ccc(C2NC(=S)NC3=C2CCc2ccccc23)cc1;O=C(NCCc1ccccc1)Nc1ccc2[nH]nnc(=O)c2c1;CC(C)n1ccc(CC(=O)N2CCC(=O)Nc3ccccc32)n1
m_907412,c1ccc(CCc2nnc3sc(-c4cccs4)nn23)cc1;C=C(C)C(O)C(OC)c1c(OC)ccc2ccc(=O)oc12;Cc1cc(C)cc(-c2nnc3sc(-c4cccs4)nn23)c1;COc1ccc(Cl)cc1S(=O)(=O)Nc1ccnc(C)c1;Cc1cc2nc(SCC(=O)c3ccc(O)cc3)[nH]c2cc1C;Cc1ccc2c(N)c(C(=O)c3ccc4c(c3)OCO4)sc2n1;CC(C)=CCc1c2c(c(O)c3c(=O)ccoc13)C=CC(C)(C)O2;O=C(NCCC(=O)N1CCOCC1)c1c(F)ccc(O)c1F;Cc1c(Nc2ncc(O)cc2C(=O)O)cccc1C(F)(F)F;COc1ccc(S(=O)(=O)NCC(=O)NC2CC2)cc1OC;Cc1nc(-c2ccc(C(=O)Nc3ccccc3F)cc2)cs1;FC(F)(F)c1ccnc(NCC2CCC(c3ncn[nH]3)O2)n1;O=C(NC1CN(c2ncnc3ccsc23)C1)c1cnccn1;O=C(Nc1ccc(NC(=O)c2cccs2)cc1)c1ccco1;Clc1ccc(CN2CCN(C3=NCCN3)CC2)cc1Cl;CCCN1C(=O)CCc2cc(NC(=O)c3cccs3)ccc21;Cc1nc2ccccn2c1C(=O)NN=Cc1ccccc1Cl;CC(=O)c1c(O)cc2c(c1O)C(=O)c1c(O)cc(O)cc1C2=O;O=C(NC(CO)CN1CCCCC1)c1cc(F)cc(Cl)c1;CS(=O)(=O)Nc1ccc([N+](=O)[O-])cc1OC1CCCCC1;O=C(NCc1[nH]ncc1Br)C12CNCC1COC2;CC(C)=CCc1c(O)cc2oc3cc(O)ccc3c(=O)c2c1O;COc1cc(S(=O)(=O)Nc2cccc(C)n2)ccc1Cl;O=C(NCc1nccnc1-c1ccsc1)c1cncc(F)c1;Cc1c(C(=O)Nc2ccccc2)cnn1-c1cccnc1Cl
m_90baa7,COc1cc(C(=O)NCC(c2cccs2)N2CCc3ccccc32)cc(OC)c1OC;CCCCC(=O)N(Cc1ccc(-c2ccccc2-c2nn[nH]n2)cc1)C(C(=O)O)C(C)C;O=c1c(-c2ccc(O)cc2)coc2c(C3OC(CO)C(O)C(O)C3O)c(O)ccc12;CCOC(=O)C1=CN(CC(=O)N2CCN(c3ccc(F)cc3)CC2)S(=O)(=O)N=C1C;CCN(CC)C(=O)c1ccc(S(=O)(=O)Nc2cc(F)cc(N3CCOCC3)c2)cc1;O=C(C1=NN(c2ccccc2)C2(SCC(=O)N2c2ccccc2)S1)c1cccs1;CCCCc1nc(Cl)c(C(=O)O)n1Cc1ccc(-c2ccccc2-c2nn[nH]n2)cc1;COc1cc2c(c(OC)c1CC=C(C)C)CC(c1ccc(O)c(CC=C(C)C)c1O)CO2;O=C(OCc1ccc(OC2OC(CO)C(O)C(O)C2O)c(O)c1)c1ccc(O)c(O)c1;CC1CCC2(OC1)OC1CC3C4CCC5CC(O)CCC5(C)C4CCC3(C)C1C2C;COc1cc(C(=O)Nc2ccc(Cl)c(-c3nc4ncccc4o3)c2)cc(OC)c1OC;O=C(OC1OC(CO)C(O)C(O)C1O)c1c(O)cc(O)cc1C=Cc1ccccc1;CCOC(=O)C1C(c2cc(OC)c(OC)c(OC)c2)NC(=O)N(C)C1(O)C(F)(F)F;COc1cc(C=Cc2cc(O)cc(OC3OC(CO)C(O)C(O)C3O)c2)ccc1O;O=C(NC(Cc1ccccc1)C(=O)Nc1ccccc1N1CCOCC1)c1cccs1;Cc1nc(-c2cc(S(=O)(=O)NCC(=O)NCc3ccccc3Cl)c(C)s2)no1;O=C(NCCCS(=O)(=O)N1CCN(c2ccc(F)cc2)CC1)c1ccc(Cl)cc1;CC1CCC2(NC1)OC1CC3C4CCC5CC(O)CCC5(C)C4CCC3(C)C1C2C;CCN1CC2(COC)CCC(O)C34C5CC6C(OC)CC(O)(C5C6O)C(C(OC)C23)C14;COC(=O)C1=COC(OC2OC(CO)C(O)C(O)C2O)C2C(C)OC(OC)CC12;O=C1CC(c2ccc(O)cc2)Oc2cc(OC3OC(CO)C(O)C(O)C3O)ccc21;Cc1nn(C)c2nc(-c3ccccc3)cc(C(=O)N3CCOC4(CCc5ccccc54)C3)c12;CCCCCCCCCCCCCCCCC(C(=O)O)C(O)(CC(=O)O)C(=O)O;COc1cc(C=Cc2cc(O)cc(O)c2)ccc1OC1OC(CO)C(O)C(O)C1O;COc1cc(C(=O)Nc2ccc(-c3nn4c(C)nnc4s3)cc2C)cc(OC)c1OC
m_91512a,CN(CC1CN(c2ncncc2F)C1)S(=O)(=O)C1CC1;Cc1nscc1C(=O)N(CCC(=O)O)CC1CCCO1;CN1c2ccccc2C(=O)N2CCc3c([nH]c4ccccc34)C21;Cc1cc(C(=O)NC(C)c2ccc(C(F)(F)F)nc2)n[nH]1;CCOc1cn(C)c(C(=O)Nc2ccccc2CC)cc1=O;O=C(NCc1cn(-c2ccc(F)cc2)nn1)c1cccs1;Cc1cc(COCC(=O)N2C3CCC2c2ccccc23)no1;CC1CN(C(=O)c2cn[nH]c2-c2ccccc2)c2ccccc21;COCCNC(=O)c1nnn2c1c(=O)[nH]c1cc(C)ccc12;Cc1cc(-c2nn3c(-c4cccc(F)c4)nnc3s2)no1;Cc1noc(-c2ccccc2)c1NC(=O)C1CCNC(=O)C1;O=C(NCC(c1ccsc1)n1cccn1)C1CC=CCC1;CC(=O)NC1C(O)OC(CO)C(OS(=O)(=O)O)C1O;CCN1C(=O)Cc2cc(NC(=O)Cc3cccs3)ccc21;Cc1ccnc(N2CC3CN(c4ncncc4F)CC3C2)n1;CC1(Cn2ccnn2)C(C(=O)O)N2C(=O)CC2S1(=O)=O;Cc1nn(C)c(C)c1-c1cc(C(=O)NCC(F)(F)F)[nH]n1;O=S(=O)(NC1CCCN(c2ncc(F)cn2)C1)C1CC1;O=C(O)Cc1cn(C2OC(CO)C(O)C2O)c(=O)[nH]c1=O;CCSc1nc(=O)n(CCc2ccccc2)c2c1CCC2;CC(C)n1cnnc1CNC(=O)C1CCOc2ccccc21;CSc1ncnc2c1ncn2C1OC(CO)C(O)C1O;COc1ccc2c3c1OC1C(=O)CCC4C(C2)N(C)CCC314;COCCN(C(=O)CS(=O)(=O)O)c1c(C)cccc1C;Cc1ccc(NC(=O)Nc2nc3c(s2)CC(C)CC3)cc1
m_916daf,O=C(c1cnc2ccccc2c1)N1CCCC(O)(C(F)(F)F)CC1;Cc1ccc(NC(=O)CCCCCC(=O)Nc2ccccc2N)cc1;COc1ccc2c3c([nH]c2c1)C1CC2C(=CCO)CN1C1C3OCC21;OC1CC(Cn2cccn2)CC1NCc1ccc(-n2ccnn2)cc1;COc1cc(OC)cc(C(=O)NCc2ccc(-c3ccoc3)nc2)c1;COc1ccc(Cc2nccc3cc(OC)c(OC)cc23)cc1OC;Cc1nn(C)c(C)c1CCC(=O)NCc1ccc(-n2ccnc2)nc1;CC(=O)OC(C)(C)C(=O)N1CCSC(c2ccccc2F)CC1;CC1CCC2C(=CCC(O)C2(C)C)C1(C)Cc1c[nH]c2ccccc12;Cc1nccn1-c1cc(NC(c2ccccc2)c2ccccc2)ncn1;O=C(Cc1c[nH]c2cccnc12)NC1CC(Cn2cccn2)CC1O;CCc1nnc(NC(=O)CCCOc2ccc(Cl)cc2C)s1;CCOc1ccccc1OCC(=O)NN=C1N=C(N)c2ccccc21;COc1cccc(-c2cc(C(=O)Nc3cnn(CC(N)=O)c3)[nH]n2)c1;CCn1ncc2ccc(NC(=O)N3CCCC3C3CCOCC3)cc21;CC1CC=C2C(CCC(O)C2(C)C)C1(C)Cc1c[nH]c2ccccc12;OC1(c2ccc(Cl)cc2)CCN(Cc2c[nH]c3ccccc23)CC1;O=C(COc1ccc(F)cc1)NCCn1cc(-c2ccncc2)cn1;CC(C)C1CC(=O)Oc2cc(O)c3c(=O)cc(-c4ccc(O)c(O)c4)oc3c21;C=CCCCCCCCCC(=O)NC(CCCNC(=N)N)C(=O)O;COc1ccc(Cl)cc1NC(=O)Nc1cc(C)nc2ccccc12;COc1cc(OC)cc(C(=O)NCc2cncc(-c3ccco3)c2)c1;COc1ccc(OC)c(C(=O)N2CCc3c(cccc3C(=O)O)C2)c1;O=C(O)C(Cc1c[nH]c2ccccc12)NC(C(=O)O)c1ccccc1;Cc1cc(NC2CCN(C(=O)Nc3ccc(C)c(C)c3)CC2)ncn1
m_921c43,O=C(NC(c1ccccc1)C(O)c1ccccc1)C1CCCN1;CCC=CCC(O)C=CC=CCCCCCCCC(=O)O;CCCCCC(=O)C=CC=CCCCCCCCC(=O)O;O=C(NCC1CCCO1)c1cc(N2CCOCC2)ncn1;CC1(C)CC(=O)c2c(ccc(C(=O)CC(N)CO)c2N)O1;CC(=O)NC(CCCCNCC(O)C(O)CO)C(=O)O;CNCCCC(C#N)(c1ccc(OC)c(OC)c1)C(C)C;C[Si](C)(C)CC(O)(Cn1cncn1)c1ccc(F)cc1;O=C(NC1CCOC2(CCOCC2)C1)c1cncc(O)c1;CCC=CCC=CC=CC(O)CCCCCCCC(=O)O;C=CC(C1=CC(=O)C(OC)=CC1=O)c1ccc(O)cc1;CC=C1CN2CCC34C(=C(C=O)C1CC23)Nc1ccccc14;CC=C1CN2CCC34C(=Nc5ccccc53)C(C=O)C1CC24;CCc1nn(C)cc1NC(=O)c1csc(C(C)(C)C)n1;Cn1cc(N2CCC(N3CCC(O)C(C)(C)C3)C2=O)cn1;CCCCCC1OC1C=CC(=O)CCCCCCCC(=O)O;CCCNc1ccc2ncc(-c3ccc4[nH]ncc4c3)n2n1;CCCCCC=CC=CC(=O)CCCCCCCC(=O)O;CCCCCC(O)CC(=O)CCc1ccc(O)c(OC)c1;COc1cc(NCC(O)CS(=O)(=O)O)cc(OC)c1;Cc1n[nH]c(C)c1CCCOc1cc(C(=O)O)ccc1F;COc1ccccc1N1CCC(NC(=O)C(C)OC)CC1;CCNC(=O)CN1CCCN(C(=O)c2ccnn2C)CC1;COc1ccc(C=CC(=O)C=Cc2ccc(OC)cc2)cc1;Cc1cc(C)c(NC(=O)C2CC2c2ccccc2C)c(C)n1
m_930a3b,Cc1cc(NC(=O)c2cccn(Cc3ccccc3F)c2=O)no1;O=C(NC(CC(F)(F)F)c1ccccc1)C1CC(C2CC2)=NO1;Cc1ccc(NC(=O)Cc2ccc(F)cc2)cc1N1CCCC1=O;O=C(c1[nH]nc2nc[nH]c(=O)c12)N(Cc1ccccc1F)C1CC1;O=C(c1[nH]nc2c(=O)[nH]cnc12)N(Cc1ccccc1F)C1CC1;Cc1c(C(=O)NCC(C(=O)O)c2ccccc2)cnn1C(C)(C)C;Cc1c(C(=O)NCc2ncccc2N(C)C)cnn1C1CCCC1;CC(C)c1ccc(-c2csc(NC(=O)c3ccnn3C)n2)cc1;CC(=O)c1sc(NC(=O)c2ccnn2C)nc1-c1ccccc1;CC(C)N1CCC(CNS(=O)(=O)Cc2ccc(F)cc2)CC1;O=C(Cc1cccn1-c1ccc(F)cc1)NCc1ccc(F)cc1;COC(=O)C(NC(=O)OCc1ccccc1)C1CCCCC1;O=C(COc1ccccc1)Nc1nnc(Cc2ccc(F)cc2)o1;CCn1nccc1CN1CCC(c2noc3cc(F)ccc23)CC1;O=C(Cc1ccc(F)cc1)N1CC(c2nc(-c3ccco3)no2)C1;O=C(Cc1cc(-c2ccc(Cl)cc2)on1)NCc1ccccn1;COc1cc2c(cc1OC)CCN(C(=O)c1ccnnc1C)CC2;Cc1cc(C)n(CC(=O)NCc2ccccc2OC(F)(F)F)n1;O=C(O)C1CCC(C2CCN(C(=O)C3(F)CCOCC3)CC2)O1;O=S(=O)(NCCN1CCN(c2ccc(F)cc2)CC1)C1CC1;COc1ccc(C2CCN(C(=O)NCc3ccc(F)cc3)C2)cc1;O=C(NCCn1cc(-c2ccco2)cn1)NCc1ccc(F)cc1;N#Cc1ccc(CN2CCCC2c2nc(-c3ccccc3)n[nH]2)cc1;Cc1c(C(=O)NC2CCC(F)(F)CC2)cnn1C1CCOCC1;CCn1cc(C2C(C(=O)OC)=C(C)NC3=C2C(=O)CCC3)c(C)n1
m_935b22,COc1cc(O)c(C(=O)C=Cc2ccc(O)cc2)c(OC)c1;CSc1ccc(C(O)CNC(=O)NCc2ccccc2)cc1;COc1cc(OC)c2c(c1)OC(c1ccc(O)cc1)CC2=O;O=C(c1cccc(Cn2ccnn2)c1)N1CC2COCC2C1;Cc1c(O)c(C)c2c(c1O)C(=O)CC(c1ccc(O)cc1)O2;COc1cc2c(c(O)c1C)C(=O)CC(c1ccc(O)cc1)O2;CSc1ccc(C(O)CNC(=O)Cc2cccc(C)c2)cc1;CCC(C)Nc1c([N+](=O)[O-])cc(C(C)(C)C)cc1[N+](=O)[O-];CC(C)Cc1ccc(C(C)C(=O)OCc2ccccn2)cc1;O=C(C=Cc1ccc(O)cc1)NCC(O)c1ccc(O)cc1;CC1(CO)CCC2=C1CCC1C2CCC2=CC(=O)C=CC21C;CN(C(=O)COc1nc2ccccc2s1)c1ccccc1;CC(C)=CCCC(C)=CCOc1ccc2ccc(=O)oc2c1;CC=C(C)C(=O)OC1C=CC(=O)OC1C=CC(O)C(C)O;COCC(=O)N(c1c(C)cccc1C(=O)O)C(C)C(=O)O;COc1cc2c3c(c1OC)C1(C=CC(=O)C=C1)CC3NCC2;CC1(CO)CCC2=C1CCC1C2CC=C2CC(=O)C=CC21C;CC1=C(CCC2=CCOC2=O)C2(C)CCC(O)C(C)(CO)C2CC1;Cc1cnc(NCCN2Cc3ccccc3OCC2=O)nc1;CCOCCN(C(=O)CCl)C(=C(C)C)c1ccccc1;CCOc1ccc(NC(=O)NCC(C)(O)c2ccccc2)cc1;CCN(CC)CC(OC(=O)c1ccccc1)c1ccccc1;N#Cc1ccc(NCc2cc(F)cc(C(F)(F)F)c2)cn1;COc1ccccc1CNC1CCCNC1c1ccccc1;CN1C(=O)C(O)C(c2ccccc2)C1C(O)c1ccccc1
m_93b6a1,COc1ccc(NC(=O)c2ccc3ccn(C)c3c2)cn1;O=C(C=Cc1ccc(O)cc1)Nc1ccccc1C(=O)O;CCc1nn(C)cc1NS(=O)(=O)c1c(C)cnn1C;Cn1cnc2c(ncn2C2OC(CO)C(O)C2O)c1=N;CCC[S+]([O-])c1ccc2[nH]c(NC(=O)OC)nc2c1;CN1CCC(OC(c2ccccc2)c2ccccc2)CC1;CC(NC(=O)c1cnc(NC2CC2)s1)C1CCOC1;O=C(O)CCCC(C(=O)O)N1CCCC1C(=O)O;CC(=O)N1CCCN(C(=O)Nc2nnc(C)s2)CC1;CCCN1CCC(c2cccc(S(C)(=O)=O)c2)CC1;CC(C(=O)O)c1ccc(N2Cc3ccccc3C2=O)cc1;CCn1cc(S(=O)(=O)Nc2c(C)c(C)nn2C)cn1;O=C(O)CCCNCC(O)C(O)C(O)C(O)C(=O)O;O=C1CN=C(c2ccccc2)c2cc([N+](=O)[O-])ccc2N1;CC(C#N)=CCOC1OC(CO)C(O)C(O)C1O;CC(=O)OCC(NCC(O)C(O)C(O)CO)C(=O)O;O=c1cc(N2CCOCC2)nc2c3ccccc3ccn12;COc1cc(OC)c(C2CCN(C)CC2O)c(OC)c1;O=C(O)CCC(NCC(O)C(O)C(O)CO)C(=O)O;COc1cc2ncnc(Nc3ccccc3)c2cc1OC;Cc1n[nH]c(C)c1CC(=O)N1CCOC(CC(=O)O)C1;O=c1cc(N2CCOCC2)oc2c1ccc1ccccc12;C=CCSCC(NC(C)CCCCC)C(=O)O;OCCn1cc(Nc2ccnc(-c3ccccc3)n2)cn1;CS(=O)(=O)NC1CC(Nc2ncnc3[nH]ccc23)C1
m_94a765,CC1CC2(C)C(CCC3C4=C(CCC32)C(C)(CO)CC4)CC1=O;CCC1CN(C(=O)c2cc(Cc3ccccc3)[nH]n2)CCO1;Cn1cc(-c2cncc(C(=O)NC3CCC(O)CC3)c2)cn1;CC(C=CC1=C(C)CCCC1(C)C)=CC=CC(C)=CC(=O)O;O=C(CC1CCCC(=O)N1)Nc1cn(-c2ccccc2)nn1;Cc1ccc(C(=O)N2CCC(NCc3ccco3)CC2)cc1;O=C(Nc1ccc2c(c1)N(C(=O)C1CCCO1)CC2)C1CC1;CCCCN(NC(C)=O)c1nc(Cl)nc(NC(C)C)n1;COC(=O)C1C2C=CC3(CN(c4ccccc4C)C(=O)C13)O2;Cc1c(CCC(=O)NC2CC2)c(=O)oc2c(C)c(O)ccc12;COc1ccc2c(C)c(CCC(=O)NC3CC3)c(=O)oc2c1;Cc1cnn(CCC(=O)NNC(=S)Nc2ccccc2)c1;Cc1noc(-c2ccc(N3CCN(C4CC4)C(=O)C3)nc2)n1;C=CCCCCCCCCC(=O)NC(CC(N)=O)C(=O)O;Cc1ccn(CC(=O)NNC(=S)NCc2ccccc2)n1;O=C(NCC(c1ccsc1)n1cccn1)C1CC=CCC1;O=C(CCC1CCCCC1)Nc1cccc(N2CCCC2)c1;CNCc1ccc(CSCCNC(=C[N+](=O)[O-])NC)o1;O=C1C=C2CC3(O)COc4c(ccc(O)c4O)C3=C2C=C1O;CC1(CO)CCC2=C1CCC1C2CCC2=CC(=O)C=CC21C;COC1CCC2(CC1)NC(=O)C(c1cc(C)ccc1C)=C2O;CC12C=CC(=O)C=C1CCC1C2CCC2(C)C1CCC2(C)O;Cc1cc(C(=O)OCC(=O)Nc2ccc3c(c2)OCO3)n[nH]1;C#CC1(O)CCC2C3CCC4=CC(=O)CCC4C3CCC21C;CCN1C(=O)Cc2cc(NC(=O)Cc3cccs3)ccc21
m_95e8da,CC(Oc1ccc(Cl)cc1)C(=O)NN=Cc1ccsc1;CCC1C(=O)NCCN1C(=O)c1ccc(-c2ccccc2)cc1;O=C(Nc1nccs1)c1ccc(C(=O)c2ccccc2)cc1;CN(c1ccc(C(F)(F)F)cn1)C1CN(c2ccccn2)C1;CC(O)(CNC(=O)CSc1ccc(F)cc1)c1ccco1;CCCS(=O)(=O)N1CCN(c2nc3ccccc3[nH]2)CC1;CCc1sc(C(=O)N2CCN3C(=O)NC(=O)C3C2)cc1C;Cc1cc(N(C)C2CN(c3ccccn3)C2)n2nc(C)cc2n1;COc1cc2oc(=O)ccc2c(OC)c1CC(O)C(C)(C)O;COCc1nc(NC(=O)C(CCSC)n2cccc2)n[nH]1;COc1cc(CNC2CCCCC2OC)cc(OC)c1OC;O=C(NC1CN(c2ccccn2)C1)C1CCCc2ccccc21;Cc1cc(CNc2nnc(C(F)F)o2)cc(N2CCCC2)n1;CC(C)C1CN2C(=NC1c1ccccc1)Sc1ccccc12;O=C(Cc1coc2ccc3ccccc3c12)NC1CCCCC1;COc1ccc(NC(=O)c2cc(=O)c(OC)co2)cc1Cl;CC(C)(C)C(O)(CCc1ccc(Cl)cc1)Cn1cncn1;O=C(CCC1CCCO1)Nc1nc2ccc(Cl)cc2s1;COc1coc(C(=O)Nc2nnc(C3CCC3)s2)cc1=O;Cc1ccc(C(=O)Nc2cccn3nc(C(C)C)nc23)cc1C;O=C(CSc1ccc(F)cc1)NCC(O)c1ccsc1;CCC(C(=O)N(C)C1CN(c2ccccn2)C1)c1ccccc1;CC(C)N1C(=O)CC(NC(=O)Nc2cncc(Cl)c2)C1=O;CC(=O)Nc1ccc(NC(=O)c2cccc3ncn(C)c23)cc1;CCCCCCn1c(=O)c2c(nc3n2CCS3)n(C)c1=O
m_966da0,CC(=O)N1CCN(Cc2ncc(C(F)(F)F)s2)C(C)(C)C1;Cc1cc(OC2CCN(C(=O)OC(C)(C)C)CC2)cc(=O)n1C;Cc1cnc(N(C)CC2CCN(C(=O)OC(C)(C)C)CC2)nc1;CC(C)c1nc(CN2CCN(CCN3CCNC3=O)CC2)no1;O=C(CN1CCCCC1)Nc1cccc2c1C(=O)c1ccccc1-2;CC1CN(C)CCN1CC1CCN(C(=O)CC2CCCC2)CC1;O=S(=O)(NCC1CCN(C2CCCC2)CC1)c1ccccc1;O=C(NC1CCOCC1)N1CCN(c2ncc(F)cn2)C(=O)C1;CCN1CCC(Oc2c(C#N)ncc3[nH]c4ncccc4c23)CC1;CCN1CCN(C(=O)CC2CCN(c3nnnn3C)CC2)CC1;CC(=O)N1CCC(NC(=O)N2CCC(C3CCOC3)C2)C(C)C1;CN1CCC(NS(=O)(=O)c2cccnc2C(F)(F)F)CC1;CCCC(C(=O)O)N1C(=O)C2CC3CCCCC3N2C(=O)C1C;Cn1cc(N2CC(C(=O)N3CCOCC3(C)C)CCC2=O)cn1;Cc1cc(CC(=O)N2CCC(OCCN3CCCC3)CC2)on1;CC(C)C(O)(C(=O)OCC1CC[N+]2([O-])CCCC12)C(C)O;O=C(NCC1CCN(C2CCCC2)CC1)c1c(F)cccc1F;O=C(CN1CCCC1=O)N1CCN(c2cccc(Cl)c2)CC1;CC(C)N1CCCC(N2CCCC(n3cc(CO)nn3)C2)C1=O;Cc1cccc(C)c1NC(=O)CN1CCN(CC(O)CO)CC1;CC(=NNS(=O)(=O)c1ccccc1)c1c(O)cc(C)oc1=O;OC(CCN1CCCCC1)(c1ccccc1)C1CCCCC1;CN(C)c1n[nH]c(CNS(=O)(=O)c2sccc2Cl)n1;COC(=O)c1ccc(OCC(O)CN2CC(C)OC(C)C2)cc1;COc1cc(C(C)=O)ccc1OCC(O)CN1CCCCCC1
m_97693a,O=C(Cn1ncc2c(=O)[nH]cnc21)NC(CCCc1ccccc1)c1ccccc1;CC(C)=CCc1c2c(c3occ(-c4ccc(O)cc4)c(=O)c3c1O)C=CC(C)(C)O2;COc1cccc2c1OC(c1ccccc1)C1(C2)C(=O)N(C)C(=O)N(C)C1=O;CC(C(=O)Nc1cc(C#N)ccc1CCCC(=O)O)c1ccc(F)c2ccccc12;c1nn(C2CCOCC2)cc1Nc1ncc2nnn(-c3ccc4cn[nH]c4c3)c2n1;COc1ccc(-c2cc(=O)c3c(OC)c(OC)c(OC)c(OC)c3o2)cc1OC;CC(C)=CCc1c2c(c(O)c3c(=O)c(-c4ccc(O)c(O)c4)coc13)C=CC(C)(C)O2;Nc1c(C(=O)Nc2cccc(NC(=O)c3cccs3)c2)cnn1-c1ccccn1;COc1cc(-c2coc3cc(OC)c(OC)c(OC)c3c2=O)cc(OC)c1OC;CCOC(=O)c1nn(-c2ccccc2)c(=O)cc1NCCc1c[nH]c2ccccc12;N=C(N)Nc1ccc(-c2ccc(-c3ccc(N=C(N)N)c(Cl)c3)o2)cc1Cl;Cc1nnnn1-c1cccc(NC(=O)NC2CCc3nnnn3CC2)c1;O=C(C=Cc1ccc(O)cc1)NCCCCNC(=O)C=Cc1ccc(O)cc1;C=CCC12CC(OC)C(=O)C(OC)=C1OC(c1cc(OC)c3c(c1)OCO3)C2C;COc1ccc(S(=O)(=O)Nc2ccc(C)c(N3CCCCC3=O)c2)c(OC)c1;COc1cccc2cc(C(=O)N3CC(n4nc(-c5ccncc5)ccc4=O)C3)oc12;N=C(N)Nc1ccc(-c2ccc(-c3ccc(NC(=N)N)cc3Cl)o2)c(Cl)c1;CCOc1nn(-c2ncc(CC)cn2)c(C)c1Oc1ccccc1Br;CN(C)C(=O)c1cccc(CCNC2CCCc3ccc(S(N)(=O)=O)cc32)c1;Cc1nc(C(NC(=O)C2CC2c2ccc(C(F)(F)F)cc2)c2ccccc2)n[nH]1;O=C(Nc1ccc2[nH]ccc2c1)c1cc2cc(F)ccc2n1Cc1cccc(F)c1;O=C(O)CN(CCOCCOCCN(CC(=O)O)CC(=O)O)CC(=O)O;CN1CCN(c2ccc(C=Cc3nc(O)nc(O)c3[N+](=O)[O-])cc2[N+](=O)[O-])CC1;COc1ccc(S(=O)(=O)NCCc2sc(-c3ccccc3)nc2C)cc1C;Cn1nnnc1-c1cccc(NC(=O)c2cn(CC3(C)COC3)nn2)c1
m_97cca9,Cc1ccc(C)c(N2CCN(c3nc(=O)c(C)c(C)[nH]3)CC2)c1;Cc1cc(C)n(-c2ccc(NC3CCN(C4CC4)CC3)nn2)n1;CCOc1ccc(-n2nc3c(OCC)nnc(C)c3c2C)cc1;COc1cc(CC(C)C(C)Cc2ccc(O)c(O)c2)ccc1O;COc1cc(S(=O)(=O)Nc2ccccc2N(C)C)sn1;NC(Cc1ccccc1)C(=O)NC(Cc1ccccc1)C(=O)O;CC(C)c1ccc2c(c1)C(O)CC1C(C)(C(=O)O)CCCC21C;COc1ccc(CCC(=O)O)cc1OCCCc1ccccc1;Cc1ncc(C(=O)O)cc1C(=O)NCc1ccc(C(C)C)cc1;Cc1ccc(CNC(=O)C2CCOC2c2ccncc2)cc1F;CCCCCc1cc(O)c2c(c1)OC(C)(CCC=C(C)C)C=C2;C=CC(C)(C)c1c2c(c(O)c3ccc(=O)oc13)C=CC(C)(C)O2;CCOC(=O)C1=CC(OC(CC)CC)C(NC(C)=O)C(N)C1;CCc1noc(CC)c1CC(=O)N1c2ccccc2OCC1C;CCCCOc1ccc(NC(=S)Nc2ccc(C)cc2)cc1;CCc1cc(C(=O)N2CCC(Cc3cnn(C)c3)C2)cc(=O)[nH]1;Cc1cc(N2CCN(c3ncc(F)cn3)CC2)n2nccc2n1;CNC(=C[N+](=O)[O-])NCCSCc1ccc(CN(C)C)o1;CC(=O)C1CCC2C3CCC4=CC(=O)CCC4(C)C3CCC12C;CN(C)c1nc(N2CCCC2)ncc1NC(=O)c1cccnc1;Cc1cc2nc3cc(C)c(N)cc3[n+](-c3ccccc3)c2cc1N;COc1ccc(NC(=O)COc2ccc(C(C)(C)C)cc2)cn1;CCC(C)NC(=O)c1cc2c(=O)n3cccc(C)c3nc2n1C;CC(=O)Nc1cccc(NC(=O)C2(c3ccc(F)cc3)CC2)c1;CCC=CCC1C(=O)C=CC1CCCCCCCC(=O)O
m_982aac,Cc1ccc2c(c1)NC(SCc1ccccc1Cl)=NS2(=O)=O;CCCNC(=O)CSc1cc(NCc2ccc(Cl)cc2)ncn1;O=C(c1ccsc1)N1CCC(COCc2ccc(Cl)cc2)CC1;Cc1cc(S(=O)(=O)NCCCn2ccnc2)c(C)cc1Cl;O=C(Cc1csc(NC(=O)C2CC2)n1)NCc1ccc(Cl)cc1;Cc1occc1C(=S)Nc1ccc(Cl)c(C=NOC(C)(C)C)c1;O=C(Nc1ccccc1)N(Cc1ccc(Cl)cc1)C1CCCC1;O=C(CCCCCCCCCO)OCc1cc(=O)c(O)co1;COc1ccc2[nH]cc(CCNC(=O)c3cc(-c4ccco4)[nH]n3)c2c1;CC(C)=CC(=O)OC1Cc2cc3ccc(=O)oc3cc2OC1(C)C;CCOc1ncc(NC(=O)Nc2ccccc2C)c(OCC)n1;O=C(CCOC1OC(CO)C(O)C(O)C1O)c1ccc(O)cc1;CC(O)CCc1ccc(OC2OC(CO)C(O)C(O)C2O)cc1;CCn1c(CN2CCOCC2)nnc1SCc1ccc(Cl)cc1;CC=C(C)C(=O)OC(C)(C)C1Cc2c(ccc3ccc(=O)oc23)O1;Cc1cc(O)c(C(C)C)cc1OC1OC(CO)C(O)C(O)C1O;Nc1n[nH]c2cc(-c3ccc(=O)n(Cc4cccc(Cl)c4)c3)ccc12;COc1ccc(CC2COc3c(C)c(O)c(C)c(O)c3C2=O)cc1;Cn1cccc(C(=O)N2CCC(COc3ncccn3)CC2)c1=O;CCOC(=O)C1=CC2(CC)CCCN3CCc4c(n1c1ccccc41)C32;C=C1C(=O)OC2CC(C)=C(C(C)CCCOC(C)=O)C(OC(C)=O)C12;CC1CN(C(=O)CCc2nc(C(C)C)no2)c2cccc(Cl)c2O1;O=C(Cc1c(Cl)cccc1C(=O)N1CCCCC1)N1CCCCC1;COc1cc(C(C)=O)ccc1OC1OC(CO)C(O)C(O)C1O;CCOC(=O)Cc1csc(NC(=O)COc2ccc(OC)cc2)n1
m_987cff,Cc1cc(NC(=O)CN2CCN(CC3(C)CCC3)CC2)no1;CCCCC(CC)C(=O)Nc1nnc(CC2CCCC2)s1;CN1C2CCC1CC(OC(c1ccccc1)c1ccccc1)C2;C=CC12CN(C)C3CC14C(=Nc1ccccc14)C1CC2C3CO1;CC=C1C[N+]2(C)CCC34C(=Nc5ccccc53)C(=CO)C1CC42;CC=C1C[N+]2(C)CCC34C(=Nc5ccccc53)C(C=O)C1CC42;C#CC1(O)CCC2C3CCC4=CC(=O)CCC4=C3C=CC21CC;COCC(=O)N1CCN(C(=O)c2cc3n(n2)CCCC3)CC1;CC1CCCCC12NC(=O)N(CC(=O)NC1CCCC1)C2=O;CCC=CCC=CCC=CCCCCCCCCCC(=O)O;N#Cc1cc2c(nc1N1CC(N3CC4CCCC4C3)C1)CCC2;COc1ccc(C(=O)OC2CC3CCC(C2)N3C)cc1OC;O=C(COC(=O)c1cccnc1)Nc1ccc2ccccc2c1;COc1ccc(NC(=O)COc2ccc(Cl)cc2C)cn1;O=C(NCC1(C(O)c2ccccc2)CC1)c1n[nH]c2c1CCCC2;COc1nc(OC)nc(N2CC(N3CC4CCCC4C3)C2)n1;CCOc1cc(N2CCC(N3CCCNC3=O)CC2)ncn1;CCc1cc(N2CCOC(C(=O)N3CCOCC3)C2)ncn1;N#CCC(C1CCCC1)n1cc(-c2ncnc3[nH]ccc23)cn1;C#CCCCCCCCCCCCC(O)CC(O)CO;Cc1noc(C2CCCCN2CC(=O)Nc2nccs2)n1;CCCn1cnc2c1c(=O)n(CCCCC(C)=O)c(=O)n2C;CCOC(=O)C(CCCNC(=N)N)N=C(O)c1ccccc1;CC(C)NCC(O)COc1ccc(CCOCC2CC2)cc1;CCC=CCC=CCC=CCCCCCCCC(=O)OCC
m_9910fd,COc1ccccc1CN(C1CC1)S(=O)(=O)c1[nH]ncc1C(=O)O;COc1ccccc1Cn1cnc2c(c(S(C)(=O)=O)nn2C)c1=O;COc1cccc(CN2C(=O)C3CCCC3=Nc3cc(C)c(C)cc32)c1;Cc1cccc(N(C)S(=O)(=O)c2ccsc2-c2nc(C)no2)c1;CCOc1ccc(C(=O)Nc2ccc(Oc3ccc(C)nn3)cc2)cc1;COc1ccc(CNC(=O)N2CCCCC2CSC(C)(C)C)cc1;COc1ccc(OC)c(CN(CCO)C(=O)CC2CCCCCC2)c1;O=C(CN1CCN(c2ccccn2)CC1)N1N=CCC1c1ccccc1;Cc1cc(C)cc(NS(=O)(=O)c2ccc3c(c2)Cc2ccccc2-3)c1;CCCCCCCCCCCCCCCNCCc1ccc(O)cc1;O=C(CN1CCN(c2ccccn2)CC1)N1CC(Cc2ccccc2)C1;Cc1cc(C)c2c(CN3CCN(c4ccccn4)CC3)cc(=O)oc2c1;O=C(CCc1ncc(-c2ccccc2F)o1)N1CCOCC1CCO;COc1ccc(OC)c(CNC(=O)c2cc(-c3ccccc3)cn2C)c1;CCc1nc2cc(-c3noc(CCc4ccccc4OC)n3)ccc2o1;CCOC(=O)COc1ccccc1C(=O)c1cnn(-c2ccccc2)c1;COc1ccc(CCC(=O)NCCC(CCO)c2cccs2)cc1;CCCCCCCCCCCCCC(=O)NCCc1ccc(O)cc1;CCc1ccc2oc(=O)cc(CN3CCN(c4ccccn4)CC3)c2c1;O=C(NC1CCCN(C(=O)c2ccccc2)C1)c1n[nH]c2c1CCCC2;O=C1CCCN1c1cccc(NS(=O)(=O)c2cccc(Cl)c2)c1;Cc1ccccc1CC(=O)N1CCC(c2nc(-c3ccncc3)no2)C1;O=C(NC1CCc2nc[nH]c2C1)NC1C2CCC1Cc1ccccc1C2;CCOc1ccc(C(=O)CCC(=O)Nc2cccc3ccccc23)cc1;O=C(NCCc1ccc(O)cc1)c1ccc2nc(C(F)(F)F)[nH]c2c1
m_997dbc,C=CC1CN2CCC3(C(=O)Nc4ccccc43)C2CC1C(=COC)C(=O)OC;CSCCCC(=NOS(=O)(=O)O)SC1OC(CO)C(O)C(O)C1O;CC(C)CC(N)C(=O)NC(CC(C)C)C(=O)NC(Cc1ccc(O)cc1)C(=O)O;CC1COC(Cn2cncn2)(c2ccc(Oc3ccc(Cl)cc3)cc2Cl)O1;CC(CCC(=O)O)C1CCC2C3C(O)CC4CC(O)CCC4(C)C3CC(O)C12C;CCC(=O)NCc1nc2c(n1C)CN(C(=O)c1cccc(Br)c1)CC2;CCCC1CC(C(=O)NC(C(C)O)C2OC(SC)C(O)C(O)C2O)N(C)C1;COc1ccc(Br)c(C(=O)N2CCC(n3cc(NC(C)=O)cn3)C2)c1;O=C(NCC1(c2ccc(Cl)cc2)CC1)c1ccc(NC(=O)c2ccncc2)cc1;CC(C)(C)OC(=O)N1CCC(CC(=O)N2C3CCC2CC(n2cncn2)C3)CC1;Cn1c(CNC(=O)c2ccccc2)nnc1SCc1ccc(Cl)c(Cl)c1;N#CC(c1ccc(Cl)cc1)c1c(Cl)cc(-n2ncc(=O)[nH]c2=O)cc1Cl;CCOC(=O)COc1cc(-n2ncc(C(F)(F)F)c(C)c2=O)c(F)cc1Cl;CCn1nnc2c(N3CCN(C(=O)c4ccc(Br)o4)CC3)ncnc21;Cc1[nH]c(C(=O)N2CCC(CC(=O)N3CCCC3)CC2)c(C)c1C(=O)OC(C)C;O=C(NC(Cc1ccccc1)C(=O)Nc1ccc2c(c1)OCCO2)c1cccnc1;COc1ccc(COc2cc3oc(=O)c4cc(C(C)O)ccc4c3cc2OC)cc1;Cc1ccc(-c2ccc(C=NNC3=NC(=O)C(Cc4cccc(C)c4)S3)o2)cc1;Cc1cc(C)n(-c2cc(OCC3CCN(C(=O)Nc4ccccc4)CC3)ncn2)n1;O=c1cc(CN2CCCCCC2)oc(CN2CCN(CC(F)(F)F)CC2)c1O;O=C(O)C1CCCN1c1nc(-c2ccc(Cl)c(Cl)c2)cc(C(F)(F)F)n1;O=C(O)Cc1ccc(Cc2cc(-c3cccc(Cl)c3)nc(C(F)(F)F)c2)cc1;CC1(C)C(=O)N(c2ccc(C#N)c(C(F)(F)F)c2)C(=S)N1c1ccc(O)cc1;CC(C)(C#N)c1ccc(-n2c(=O)[nH]c3cnc4ccc(Br)cc4c32)cc1;C=C(C)C1CCC(C)C12CC(O)C1(C)OC1C2OC(=O)C(N)CCC(=O)O
m_99e777,CCOC(=O)C1CNCCN1C(=O)OCc1ccccc1;CC1(C)C(=O)Nc2cc(C(=O)NCc3ccccc3)ccc21;OC1CCCC(N(Cc2ccccc2)Cc2ccccc2)C1;NC(Cc1c[nH]c2ccccc12)C(=O)OCc1ccccc1;CCOCCN(C(=O)CCl)C(=C(C)C)c1ccccc1;N#CC(=Cc1ccc(O)c(O)c1)C(=O)NCc1ccccc1;COCC(=O)N(c1c(C)cccc1C(=O)O)C(C)C(=O)O;COC(=O)COCC(=O)NC1CC(C)Oc2ccccc21;O=C(c1ccc(OCc2ccccc2)cc1)C1CCNCC1;OC(=NCc1ccccc1)c1c(O)nc2ccccc2c1O;CCOc1ccccc1CNC(=O)N1CCCOC(C)C1;NC(=O)NCCCC(NC(=O)Cc1ccccc1)C(=O)O;CC(=O)NCCc1c(Cc2ccccc2)[nH]c2ccccc12;CC(C)N(CCC(c1ccccc1)c1ccccc1)C(C)C;CC(C)c1ccc(S(=O)(=O)NC2CCC(C(=O)O)C2)cc1;CC(CNC(=O)Nc1ccc2[nH]ncc2c1)c1ccccc1;CN(C)CCCC(C)(O)C(Cc1ccccc1)c1ccccc1;NCCC(Oc1ccc(C(F)(F)F)cc1)c1ccccc1;O=S(=O)(NCc1cn(-c2ccc(O)cc2)nn1)C1CC1;c1ccc(Cn2c(N3CCNCC3)nc3ccccc32)cc1;CC(c1cnccn1)c1nc(C(C)(C)c2ccccc2)no1;c1ccc(C(CCN2CCCCCC2)c2ccccc2)cc1;CCCCCC(=O)NC(Cc1ccc(O)cc1)C(=O)OC;CNCCCC1(c2ccccc2)OC(C)(C)c2ccccc21;CC(C)(CO)C(O)C(=O)NCCC(=O)Cc1ccccc1
m_9b41d0,CC(C)Cc1nc(C(=O)NC2(C)CCOCC2)cs1;CC(=O)Nc1ccc(Cc2ccc(NC(C)=O)cc2)cc1;COc1ccccc1S(=O)(=O)NC(=O)C1CC1(C)C;O=C1CN(C(=O)CNc2ccccc2)c2ccccc2N1;CC(NC(=O)C1(S(C)(=O)=O)CCC1)c1cccnc1;Cn1nnnc1SCCNCc1ccccc1C(F)(F)F;CCc1ccc(NC(=O)Nc2c[nH]c3ccccc23)cc1;CC(C)(C)c1ccc(Nc2ccc(C(C)(C)C)cc2)cc1;Cc1cccc(Cn2nc(C)c3c([N+](=O)[O-])cccc32)n1;CC(C)n1cnc(S(=O)(=O)N(C)c2cccnc2)c1;CC(C)C1NC(=O)OC1(c1ccccc1)c1ccccc1;O=C(CCc1cnccn1)NC1CCc2ccccc2C1;c1ccc2c(c1)OCC(c1noc(CC3CCNCC3)n1)O2;CNc1ccccc1C(=O)N(C)C1CCS(=O)(=O)C1;O=C(O)C1CC(=O)N(c2ccccc2Br)C1;COc1cc(NS(=O)(=O)c2ccc(N)cc2)ncn1;COc1cccc(C2(O)CCCCC2C[N+](C)(C)[O-])c1;COc1ccc(NS(=O)(=O)c2ccc(N)cc2)nn1;CC(CN=Cc1ccccc1O)N=Cc1ccccc1O;CCOC(=O)C(NC(=O)OC(C)(C)C)c1ccncc1;Cn1cc(C(=O)C2CCc3nc[nH]c3C2)c2ccccc21;COc1cnc(NS(=O)(=O)c2ccc(N)cc2)nc1;O=C(O)CCN(Cc1ccccc1)C(=O)c1ccnnc1;Nc1[nH]c(=O)nc2c1ncn2C1OC(CO)C(O)C1O;CCc1ccc(NC(=O)C2=Cc3ccccc3OC2)cc1
m_9b8030,CC(C)=CCc1c(O)cc(CCc2ccccc2)c(CC=C(C)C)c1O;C=C(c1ccc(C(=O)O)cc1)c1cc2c(cc1C)C(C)(C)CCC2(C)C;CC(C)(C)n1cc(NC(=O)N2CCCC(CN3CCOCC3)C2)cn1;CCNc1ccnc(N2CCN(c3nc4ccccc4nc3C)CC2)n1;N#Cc1ccc(-c2ccc(S(=O)(=O)Nc3cccc(N)n3)cc2)cc1;OCC1OC(OCC=Cc2ccc(O)cc2)C(O)C(O)C1O;CCc1c(C)sc(N=C(O)c2ccc(OC)c(OC)c2)c1C(N)=O;Cc1nc(C)c(C)c(N2CCN(c3nc4ccccc4nc3C)CC2)n1;COC(CCc1ccc(O)cc1)CC(=O)CCc1ccc(O)cc1;CCOC(=O)c1cnc2c(C)cc(C)cc2c1NCCc1ccccc1;CCOc1cccc(CNCc2ccccn2)c1OCc1ccccc1;CC(C)(C)c1ccc(N2CC3CN(c4ccc(C#N)nc4)CC3C2)nn1;CC(=O)C=CC1C(C)(O)C(O)C(O)C2C(C)(C)CCCC21C;Cc1nn(-c2ccccc2)c(C)c1CN1CCN(c2ccccn2)CC1;CC(Oc1ccccc1)C(=O)NCCc1ccc(-c2cnn(C)c2)cc1;CNCC(O)c1ccc(O)c(O)c1;CC=CC(=O)OC1C=CC(O)C(OC(C)=O)CCC(=O)OC1C;C=C(CO)C(=O)OC1CC(C)=CCCC(CO)=CC2OC(=O)C(=C)C21;CC1CCC23COC(=O)C2=CC(O)CC3C1(C)CCc1ccoc1;O=C(O)c1cc(-c2ccc(O)c(O)c2)c2cc(O)c(O)cc2c1;CC(=O)OCC(=O)NCCCOc1cccc(CN2CCCCC2)c1;CC(C)(C)n1cnc(C(=O)NCC(c2ccccc2)c2ccccc2)n1;CCC1CN2CCC1CC2C(O)c1ccnc2ccc(OC)cc12;CC(=O)OC1C=C(CO)C(=O)C(OC(=O)CC(C)C)C1C(C)C;O=C(C=CCCc1ccc(O)cc1)CCc1ccc(O)c(O)c1
m_9b95d4,COC(=O)C1OC(Oc2cc3oc(-c4ccccc4)cc(=O)c3c(O)c2O)C(O)C(O)C1O;Nc1cccc(CN2CCC(OC(=O)NC(c3ccccc3)c3ccccc3)CC2)c1;CS(=O)(=O)N1CCN(C(=O)C(Cc2ccccc2)NC(=O)c2cccnc2)CC1;CCCCCCCCCCCCCCCCCCCCC(=O)NC(CO)C(=O)O;Cc1cncc(CN2CCC(=C3c4ccc(Cl)cc4CCc4cccnc43)CC2)c1;Cc1ccc(S(N)(=O)=O)cc1C(=O)N1CCN(c2ncnc3sccc23)CC1;COc1cc(C(=O)Nc2cccc(OCC(=O)N(C)C)c2)cc(OC)c1C;CCn1nnc2c(N3CCN(CC(=O)Nc4ccc(F)c(Cl)c4)CC3)ncnc21;O=C(CSc1ccncc1)Nc1ccc(OCc2nnc(-c3ccccc3)o2)cc1;CC(O)C(O)(C(=O)OCc1ccccc1NC(=O)CCC(N)C(=O)O)C(C)O;CN(C)C(=O)c1cc2c(s1)CCC(C(=O)Nc1ccc3c(c1)OCO3)C2;CCOc1ccc(NC(=O)C(Cc2ccccc2)NC(=O)c2ccc(OC)cc2)cc1;CSc1ncccc1C(=O)Nc1cccc(OCc2nnc(-c3ccccc3)o2)c1;O=C(C(c1ccccc1)c1ccccc1)N1CCN(Cc2ccc3c(c2)OCO3)CC1;CCOC(=O)c1cc(NC(=O)C(C)c2ccc(CC(C)C)cc2)ccc1O;COc1ccc(Nc2oc(-c3ccco3)nc2S(=O)(=O)c2ccc(F)cc2)cc1;COc1cc2c(cc1-c1c(C)noc1C)ncc1[nH]c(=O)n(C(C)c3ccccn3)c12;O=C(C=Cc1ccc(O)c(O)c1)OCC(O)COC1OC(CO)C(O)C(O)C1O;COc1ccc(C(=O)C(Cc2ccccc2)=C(C(=O)O)c2ccc3c(c2)OCO3)cc1;Cc1cc(C)c(S(=O)(=O)N2CCC(C(=O)NCc3ccc(C)nc3)CC2)c(C)c1;O=C1CC(c2ccc(OC3OC(CO)C(O)C(O)C3O)cc2)Oc2cc(O)ccc21;CCCCCCCCCCCCCCCCCCC(=O)NC(CC(=O)O)C(=O)O;CC1CN(CCNC(=O)c2cccc(S(=O)(=O)N(C)c3ccccc3)c2)CCO1;CC=C(C)C(=O)OC1CC[N+]2([O-])CC=C(COC(=O)C(O)(C(C)O)C(C)(C)O)C12;OCc1cc(C(O)CNCCCCCCOCCCCc2ccccc2)ccc1O
m_9c4788,COC(=O)C1C(c2cccc(F)c2)c2c([nH][nH]c2=O)CC1(C)O;Cc1ccc(NC(=O)c2[nH]cnc2C(=O)Nc2ccccc2)cc1;O=C(Nc1ccc(-c2nc3ccccc3o2)c(O)c1)c1ccco1;c1cnc2ncnc(NCC(c3ccsc3)n3cccn3)c2c1;Cc1nc2oc(-c3ccccc3)nc2cc1NC(=O)c1ccoc1;Cc1cc(Nc2ccc(C(N)=O)cc2)nc(-n2nc(C)cc2C)n1;c1ccc2oc(C3CCCN(c4ccc5nncn5n4)C3)nc2c1;CC(=O)OCC12C(C=C(C)C(=O)C1O)OC1C(O)CC2(C)C12CO2;C=C(C)C1Cc2c(ccc3c2OCC(c2ccc(O)cc2O)C3)O1;CC=C1CN2C3CC1C1COC(c4c3[nH]c3cc(OC)ccc43)C12;Cc1nn(-c2ccccn2)c(C)c1CCNC(=O)c1ccncc1;Cc1ccc(C#N)c(N2CCCC(NS(=O)(=O)C3CC3)C2)n1;Nc1ncc(-c2ccnc(Nc3ccncc3)n2)c(CC2CC2)n1;O=C(COc1ccc2ccccc2c1)NCCc1cccc(O)c1;O=C(Nc1ccc(N2CCCCS2(=O)=O)cc1)c1ccco1;COc1ccccc1NC(=O)c1ccccc1N=C1CCCCC1;CC(=O)OC1CC2(C)C3(CO3)C1OC1C=C(C)C(=O)C(O)C12CO;CC(=O)OC1C(O)C2OC3C=C(C)C(O)CC3(CO)C1(C)C21CO1;Cn1c(C(=O)Nc2cccnc2)cc2c(=O)n3ccccc3nc21;CC1(C)C=Cc2c(ccc3c2OCC(c2ccc(O)cc2O)C3)O1;CC(C)=CCc1c(O)cc(O)c2c1OC(c1ccccc1)CC2=O;COc1cc(Cl)c(C=NNC(=O)c2ccncc2)cc1OC;O=C1NCCN1c1cc(NC(=O)C2(C(=O)O)CC2)ccc1Cl;COc1ccccc1CC(=O)NCc1ccc(-c2ccco2)nc1;CC1OC(CCO)CC2(O)C(=O)c3cccc(O)c3C(=O)C12O
m_9dc5c4,CCC1COC(c2ccccc2NC(=O)c2ccc3ccccc3n2)=N1;Cc1cc(C)c(C(=O)P(=O)(c2ccccc2)c2ccccc2)c(C)c1;CCc1ccc(-n2nnc(C(=O)N3CCCc4ccccc43)c2C)cc1;CCn1c(CCNC(=O)c2ccc3ccccc3n2)nc2cccnc21;Cc1cc(C)c(C(=O)N2CC(S(=O)(=O)c3nncn3C)C2)c(C)c1;CC(C)CC(C(=O)NCc1nc2ccccc2[nH]1)n1cccc1;Cn1ccc2c(OCC(=O)Nc3ccc(C(F)(F)F)nc3)cccc21;CC(C)CS(=O)(=O)Nc1ccc2c(c1)N(C(=O)c1ccco1)CC2;Cc1ccc(OC2CCCN(C(=O)c3cnc4ccccc4n3)C2)nn1;COCC(=O)N1CCN(C(=O)c2cnc3c(cnn3C(C)C)c2)CC1;O=C1CCN(C(=O)c2ccc(Br)cc2)c2cnccc2N1;Cc1oc(-c2ccccc2)nc1CCNC(=O)c1cnn2ccncc12;CSCC(C)(O)CNc1ccc(S(=O)(=O)NCC2CC2)nn1;CC(=O)N1CCCN(C(=O)Nc2ccc(C(=O)NC(C)C)cc2)CC1;Cc1cc(C)c(C(=O)N2CC(S(=O)(=O)Cc3ccco3)C2)c(C)c1;Cc1ccc(NC(=O)CCCCC2SCC3NC(=O)NC32)cc1C;O=C(COc1ccccc1Cl)NC(=S)N1CCc2ccccc21;N#Cc1nccnc1OC1CCN(C(=O)c2nccc3ccccc23)C1;Cn1cc(Oc2ccccc2C(=O)Nc2ccc3c(c2)CC(=O)N3)cn1;COc1ccc(NC(=O)CCCCC2SCC3NC(=O)NC32)cc1;CN(C(=O)c1cccc(NC(=O)Nc2ccccc2)c1)c1ccccc1;CCCn1cnc2cc(CNS(=O)(=O)c3ccc(F)cc3)ccc21;COCCCNc1c2c3c(cccc3n(C)c1=O)C(=O)c1ccccc1-2;Cc1sc2ccn(CC(C)C)c(=O)c2c1C(=O)N1CCCCCC1;Cc1cccc(-c2nnc(C)c(N3CCN(c4ccccn4)CC3)n2)c1
m_9e99f7,O=C(Nc1cnn(Cc2ccncc2)c1)C1CCCN(C(=O)N2CCCC2)C1;O=C(C=Cc1ccc(O)c(O)c1)OC(Cc1ccc(O)c(O)c1)C(=O)O;CN(C)CC1CCN(C(=O)NCC2CC2c2ccc(Cl)cc2Cl)CC1;NC1CCCCC1NC(=S)Nc1cc(C(F)(F)F)cc(C(F)(F)F)c1;CC(C)N1CCN(CC#CCOC2CCN(c3nccnc3C#N)CC2)CC1;CN(CC1(C)CCCO1)S(=O)(=O)c1ccc(Cl)c(S(N)(=O)=O)c1;CC(C)C(CO)NC(=O)COc1ccc2c(=O)c(-c3ccccc3)coc2c1;CC(OC(=O)C=Cc1ccc(O)cc1)C(=O)C1CC1C(O)C1CC=CC(=O)O1;Cc1nc(N2CC3CN(c4cc(=O)n5ccccc5n4)CC3C2)[nH]c(=O)c1F;CC(C)c1c(NC(=O)Nc2ccc(Cl)cc2)c(=O)n(-c2ccccc2)n1C;CCCCCCC=CCCCCCCCC(=O)NC(CCCCN)C(=O)O;CCCCCCCCCCCCCCCC(=O)NC(CCCCN)C(=O)O;CCn1nc(C)cc1C(=O)Nc1ccccc1C(=O)N1CCC(C(N)=O)CC1;CC(C)(C(=O)N1CCC(CNC(=O)c2ccccn2)CC1)c1ccc(F)cc1;CCCCCCCCC(O)CC(=O)NC(CCCNC(N)=O)C(=O)O;O=C(NCC1CC1)C1CCCN(C(=O)Cn2nc(-c3ccccc3)oc2=O)C1;CC(C)CN1CCCC(C(=O)NCC(Nc2ncnn3cccc23)C2CC2)C1;CCc1nn(C)c(C(=O)NCc2ccc(Oc3ccc(C)cc3)cc2)c1Cl;COc1ccc2c(=O)n(CC3CCN(CCn4cc(C)cn4)CC3)cnc2c1;COC(=O)CC1CCC(c2ccc(-c3nc(C(N)=O)c(C)nc3C)cc2)CC1;COc1ccccc1CN(CCO)C(=O)c1ccc2c(c1)NC(=O)C(C)N2C;CN1C(=O)NC2(CCN(CC(=O)Nc3ccccc3C(F)(F)F)CC2)C1=O;CS(=O)(=O)N1CCC(C(=O)N2CCN(CC(O)c3cccs3)CC2)CC1;CC(Oc1ccccc1C(F)(F)F)C(=O)N1CCC(NC(=O)C2CC2)CC1;O=C(OC1CCN(c2ccccc2Cl)C1=O)c1n[nH]c(=O)c2ccccc12
m_9f1fb6,CCc1cc(N2CCC(c3ncc[nH]3)CC2)nc(C)n1;CCCCCC=CCCCNC(CC(=O)O)C(=O)O;CCCCCC(O)C=CCNC(C(=O)O)C(C)CC;CC(C)=CCCC(C)=CC(=O)NCCc1ccccc1;CCC=CCCCNC(CCCNC(N)=O)C(=O)O;CC1(CCN2CCCCC2)C(=O)CCc2ccccc21;COc1ccc2c(c1)C13CCCCC1C(C2)N(C)CC3;CCC=CCCCNC(CCCNC(=N)N)C(=O)O;CC(C)=CCCC(C)CNC(CCC(=O)O)C(=O)O;CCCCCCCNC(CCCNC(N)=O)C(=O)O;CCCCCCCCCCCCCC(=O)NCCO;CCCCCCNCCCCC(NC(C)=O)C(=O)O;CCCCCCNC(=O)CCCCCCCCCO;CCCCCCCCC(=O)NCCCCN=C(N)N;CCCCCCCCCCCCCCNCC(=O)O;CCCCCCCCC=CCNC(C(=O)O)C(C)O;CC1=C(CN2CCCC2C(=O)O)C(C)(C)CC=C1;CCCCCCCC(=O)NCCCCNCCCN;CCCCCCCNC(=N)NCCCC(N)C(=O)O;Nc1ccc(N2CCN(C3CC4CCC3C4)CC2)cc1;CCCCCC=CC=CC(=O)NCCc1ccccc1;CCCCCCNC(=N)NCCCCC(N)C(=O)O;CCCCCCCCCCCC(=O)NC(C)C(=O)O;C=CCSCC(NCC=CCCCCC)C(=O)O;CCCCCC(O)C=CCNCCCCCC(=O)O
m_9fcc62,CC(C)c1cc(C(=O)Nc2ccnn2C)cc(=O)[nH]1;Cc1cc(C(=O)NCC2CC2)c2ccc(F)cc2n1;Cc1nn(C)c2ncc(NC(=O)C3CC3(C)C)cc12;Cc1nc(N2CCC3(CCO3)CC2)c2cc[nH]c2n1;O=C(NCC1CCCNC1)c1n[nH]c2ccccc12;CC(=O)Nc1cccc(NC(=O)C2CC2(C)C)c1C;Cc1ccc(C(=O)c2ccc(CC(=O)O)n2C)cc1;Cc1nnc(N2C3CCC2CC(O)C3)c(C#N)c1C;CCn1c(-c2ccn[nH]2)nnc1N1CC2CCC2C1;COc1ccc(C=Cc2cc(O)cc(O)c2)cc1O;O=C(O)Cn1ccc2cc(NC(=O)C3CC3)ccc21;CC(C)C1NC(C(=O)O)Cc2c1[nH]c1ccccc21;C=CC(C)(C)c1c(OC)oc2cccc(C)c2c1=O;Fc1ccc(-c2cncc(N3CCNCC3)n2)cc1;Cc1ccc2c(CN3CCNCC3)cc(=O)oc2c1;O=C(NCCC1(O)CCC1)Nc1cccc2c1CCO2;Cc1n[nH]c(C)c1S(=O)(=O)N1CCCNCC1;CCCC(O)C1OCC2=C1C(O)C(O)C(O)C2O;CCNC(=O)NC(=O)C(C#N)=NOC;CC1=CCCC23OC2C(OC3=O)c2c(C)coc2C1;COc1c2c(cc3ccc(=O)oc13)C=CC(C)(C)O2;O=C(c1cnn2ccncc12)N1CCOCC12CC2;Cc1cccc2nc(N3CCOCC4(CC4)C3)oc12;COc1ccc(CCN=C(O)CCl)cc1OC;O=C(O)c1ccc2c(=O)n3c(nc2c1)CCCCC3
m_a06450,CCCCCCCCCCCC(=O)NC(Cc1c[nH]c2ccccc12)C(=O)O;C=CCCCCCCCCCC(=O)NC(Cc1c[nH]c2ccccc12)C(=O)O;NC(=O)NCC1CCCN(C(=O)NCc2ccccc2Oc2ccccc2)C1;CCC1CN2CCC3(C(=O)Nc4ccccc43)C2CC1C(=COC)C(=O)OC;CC(=O)C1=C(O)C(=O)N(CCCN2CCOCC2)C1c1ccc2c(c1)OCO2;CNC(=O)CC1CN(C(=O)NCCc2ccc(OC)c3ccccc23)CC1O;CCCCCCCCCCCCCC(=O)NC(CCCNC(N)=O)C(=O)O;CCC(C)C(NC1CCC2C3CCc4cc(O)ccc4C3CCC12C)C(=O)O;Cc1nn(C2CCS(=O)(=O)C2)c(C)c1NC(=O)c1ccc2c(c1)ncn2C;COC(=O)C1C(O)CCC2CN3CCc4c([nH]c5cc(OC)ccc45)C3CC21;Cc1ccc(-n2nnnc2CNC(=O)COc2ccc3ccccc3c2)cc1C;CCC(O)CC1CCC(C(C)C(=O)OC(C)CC2CCC(C(C)C(=O)O)O2)O1;Cc1sc2c(c1C)C(c1ccc(Cl)cc1)=NC(CC=O)c1nnc(C)n1-2;CCCCC=CCCCCCCCC(=O)NC(CCCNC(N)=O)C(=O)O;CC12CCC3c4ccc(O)cc4CCC3C1CCC2NC(CC(N)=O)C(=O)O;CC12CCC3c4ccc(O)cc4CCC3C1CCC2NC(CC(=O)O)C(=O)O;Cc1cc(OCC(=O)N2CCC(C(=O)O)CC2)c2c3c(c(=O)oc2c1)CCC3;CCCCCCCCCCCC=CC(=O)NC(CCCNC(N)=O)C(=O)O;O=S(=O)(Nc1cccc(OCc2ccc3ccccc3n2)c1)C(F)(F)F;CC(=O)OCC12CCC(C)=CC1OC1C(O)C(OC(C)=O)C2(C)C12CO2;CCCC(=O)N1CCCC(C(=O)Nc2cccc3c(=O)[nH]ccc23)C1;COC(=O)C1=COC(C)C2CN3CCC4(C(O)=Nc5ccccc54)C3CC12;COC(=O)C12CC3CC(C(C)O)C1N(CCc1c2[nH]c2ccc(OC)cc12)C3;CC(=O)OC1(C(C)=O)CCC2C3C=C(C)C4=CC(=O)CCC4(C)C3CCC21C;COc1cc(=O)oc(C(C)=CC(C)(O)C(O)C(C)=CC2(C)OC(C)C3(C)OC23)c1C
m_a0edff,COc1ccc(CNCCCSc2ncccn2)c(OC)c1;O=C(NC(CO)C(O)c1ccc([N+](=O)[O-])cc1)C(Cl)Cl;COc1ccc(OC)c(CN2CCN(c3nncs3)CC2)c1;COc1cc(CN2CCC(C(=O)NC(C)(C)C)C2)cc(OC)c1;COc1ccccc1-c1ccc(C(=O)Nc2ccccc2O)cc1;COc1ccc(COCC(=O)N2CCCC2C(=O)N(C)C)cc1;COc1cc(CN2CCN(c3cnsn3)CC2)cc(OC)c1;COc1cc(CN2CCOC(C(=O)NC3CC3)C2)cc(OC)c1;CCC(NCC(O)c1ccc(Cl)cc1)c1ccc(OC)cc1;CCOc1ccc(NC(=O)CC(C(=O)O)N2CCCCC2)cc1;O=c1nc(Oc2cnn(Cc3ccccc3)c2)[nH]c2cnccc12;O=C(Nc1ccc(O)cc1)c1ccccc1OCc1ccccc1;CCCC(CCCC(C)=O)COC(=O)c1ccccc1C(=O)O;COc1ccccc1CNC(=O)c1cc(C)nn1-c1ccccc1;CCCC(CCCC(C)O)COC(=O)c1ccccc1C(=O)O;COc1cccc(CNc2ccc3c4c(cccc24)CC3)c1OC;O=Cc1ccc(OC2OC(CO)C(O)C(O)C2O)cc1;CCCCCCCCCCCC(=O)Nc1ccc(C(=O)O)cc1;O=C(NCCc1ccc(O)cc1)C(c1ccccc1)n1cccc1;c1ccc(CN2CC3CN(c4ncnc5[nH]ncc45)CC3C2)cc1;COc1ccc(OC)c(C2SCC(=O)N2Cc2ccco2)c1;COc1ccccc1CC(=O)N1CC(Cn2cc(Cl)cn2)C1;COc1ccc(OC)c(-c2cc(=O)[nH]c(=S)n2CC(N)=O)c1;CC(NC(=O)C(C)(C)Oc1ccc(Cl)cc1)c1ccncc1;Cn1cc(-c2ccc(CCNC(=O)c3ccoc3)s2)cn1
m_a12514,O=C(Cc1cccs1)NCC1(O)CCOc2ccccc21;CC1=CC2CC(=O)CCC2C2CCC3(C)C(=O)CCC3C12;C=CCc1ccc(O)c(-c2ccc(O)c(CC=C)c2)c1;O=c1cc(-c2ccc(O)c(O)c2)oc2cc(O)cc(O)c12;CC1(CO)CCC2=C1CCC1C2CCC2CC(=O)OCC21C;Cc1cc(=O)oc2c(CN3CCCCC3C)c(O)ccc12;COc1ccc2c(c1)CCC1C2CCC2(C)C(=O)CCC12;C=C1CC(O)CC2CCC3C4CCC(=O)C4(C)CCC3C12C;CC12C=CC(=O)CC1CCC1C2CCC2(C)C1CCC2(C)O;CC1CC2(C)C(CCC3C4CCC(=O)C4(C)CCC32)CC1O;Cc1cc(NC(=O)N2CCC(c3ccccc3C)C2)no1;CC12CCC3C(CCC4CC(=O)C=CC43C)C1CCC2=O;CC1CC(O)CC2CCC3C4CCC(=O)C4(C)CCC3C12C;OC(CCN1CCCCC1)(c1ccccc1)C1CCCC1;CC12CCC3c4ccc(O)cc4CCC3C1CC(O)C2=O;CC1CC(=O)CC2CCC3C4CCC(O)C4(C)CCC3C12C;CC12CCC3C(C(O)C=C4CC(O)CCC43C)C1CCC2=O;O=C(Cc1ccsc1)NCC(O)c1ccc2c(c1)CCO2;O=C(C=CC=Cc1ccc2c(c1)OCO2)N1CCCCC1;CC(C=CC1=C(C)CCCC1(C)C)=CC=CC(C)=CCO;OC1C(c2ccccc2)CCC(c2ccccc2)C1O;CCOC1Oc2ccc(OS(C)(=O)=O)cc2C1(C)C;CC1CC2CC(O)CCC2(C)C2CCC3(C)C(CCC3(C)O)C12;CC12C=CC(O)CC1CCC1C2CCC2(C)C1CCC2(C)O;CC12CCC3C(CCC4=CC(=O)CCC43C)C1CCC2=O
m_a3c949,Nc1ncnc2c1ncn2C1OC2COP(=O)(O)OC2C1O;CC(C)Oc1ccc(C(=O)N(C)C2CN(c3cnccn3)C2)cn1;O=C(Cc1ccccc1F)NCC(=O)Nc1nc2ccccc2[nH]1;O=C(O)CCC(=O)Nc1ccc(OCCOc2ccccc2)cc1;NC(=O)COc1ccc(NC(=O)c2cc(C3CC3)[nH]c(=O)c2)cc1;O=C(O)CCC(=O)Nc1ccc(Oc2ccc3c(c2)OCO3)cc1;COc1cc2c(cc1OC)CN(Cc1ccc(C#N)cc1F)CC2;NC(CCSCC(NCC(O)C(O)CO)C(=O)O)C(=O)O;Nc1ncnc2c1ncn2C1OC(CO)C2OP(=O)(O)OC21;CCC1CN2CCC1CC2C(O)c1ccnc2ccc(OC)cc12;O=C(Nc1ccc2c(c1)OCO2)N1CCC(Cn2cccn2)CC1;Cn1ccc2cccc(S(=O)(=O)Nc3cnc(C4CC4)nc3)c21;COc1ccccc1C(=O)NCCn1ccc(-c2cccs2)n1;Cc1cc(=O)[nH]cc1C(=O)N1CCCC(c2ccc(F)cc2)CC1;CCC1C2CC3C4N(C)c5ccccc5C45CC(C2C5O)N3C1O;COc1ccc(CNC(=O)c2ccc3nc(C)cn3n2)c(OC)c1;CN(C)S(=O)(=O)N1CCN(S(=O)(=O)N2CCCC2)CC1;CC=C(C)C(=O)OC(C)(C)C1Cc2cc3ccc(=O)oc3cc2O1;Cc1ccccc1OCC(=O)N1CCN(CC(O)c2ccco2)CC1;CCCOc1nccnc1N1CCC(NS(=O)(=O)C2CC2)C1;C=CCCCCCCCCCCC(=O)NC(CC(=O)O)C(=O)O;O=C(Cc1ccc(F)cc1)Nc1ccc(N2CCCCC2=O)cc1;O=C(c1cc2cc(F)ccc2[nH]1)N1CCCC(Cn2ccnn2)C1;CC(C)c1ccc(-c2csc(NC(=O)c3ccnn3C)n2)cc1;O=C(Nc1ccc2c(c1)CN(C(=O)C1CC1)CC2)c1cccs1
m_a5509a,O=C(Cc1ccc(-c2ccccc2)cc1)NCC(O)c1ccoc1;Brc1cnn(CC2CN(Cc3ccccn3)C2)c1;Nc1ccn(C2OC(CO)C3OP(=O)(O)OC32)c(=O)n1;COc1ncccc1CN(C)C(=O)CCc1c(C)noc1C;Cc1cccc(C(=O)N2C(C(=O)N(C)C)CC3OCCC32)n1;CN(Cc1nnc2n1CCC2)C(=O)NC1CCCCCCC1;Fc1ccc(N2CCN(C(=S)NC3CCCC3)CC2)cc1;COc1ncccc1CN(C)C(=O)COc1ccc(F)cc1;COc1ccccc1CNC(c1ccccc1)c1ccccc1;COc1cc(CNCCc2ccc(O)cc2)cc(OC)c1O;COc1ncccc1CNC(=O)CC1CCN(C(C)=O)CC1;Cc1noc(C)c1CN1CCCC(c2nc(C3CC3)no2)C1;COc1cc(C(=O)c2cnc(N)nc2N)cc(OC)c1OC;c1ccc(OCCN2CCN(c3nc4ccccc4o3)CC2)cc1;CCNc1cc(C)nc(N2CCN(c3nccs3)CC2)n1;Cc1noc(C)c1CN1CCN(C(=O)C2CCCCC2)CC1;Cc1cc(C(=O)N2CCN(CC(O)c3ccco3)CC2)no1;COc1cc(S(=O)(=O)Nc2ccccc2)c(OC)cc1N;NC(=O)C1CCCCN1C(=O)Cn1cnc2c(c1=O)CCC2;Cn1nccc1C(NS(=O)(=O)N1CCOCC1)C(=O)O;Cc1cccc(S(=O)(=O)N2CCCCC2c2ccn[nH]2)c1;Cc1cc(N(C)C)nc(CNC(=O)Nc2ccccc2F)n1;CC(C)(C)n1nnc(C(=O)N2CCCCC2C(=O)O)n1;Cc1ccccc1OCC(=O)NN=C1CC(=O)CC(C)(C)C1;CC1CC(C(=O)NC2CCCN(S(C)(=O)=O)C2)CCO1
m_a5bb0e,O=C(NCC1(N2CCOCC2)CCC1)c1cccc2ccccc12;CCOC(=O)c1c(NC(=O)NC2CCCCC2)sc(C)c1C;CN(C)C(CNC(=O)c1cccc2ccccc12)c1cccs1;C=CC1CN2CCC1CC2C(O)c1ccnc2ccc(OC)cc12;CCCCn1nnc(NC(=O)COc2ccc(Cl)cc2C)n1;Cc1ccc(S(=O)(=O)Nn2nnc(-c3ccccc3)c2C)cc1;CC(C)C(=O)Nc1ccc(SCCN(C(C)C)C(C)C)nn1;COC(=O)C1CC(=NNS(=O)(=O)c2ccc(C)cc2)CS1;CC1CCCC(NC(=O)C[S+]([O-])c2n[nH]c(C3CC3)n2)C1C;Cc1ccccc1NC(=O)Cc1cccn1-c1ccc(Cl)cc1;O=C(c1ccc(O)c(Cl)c1)N1CCC(C2CCOCC2)CC1;O=c1c(O)c(-c2ccc(O)c(O)c2)oc2cc(O)cc(O)c12;CCc1cnc(N2CCN(CC(C)(O)C(F)(F)F)CC2)s1;C#CC1(O)CCC2C3CC(O)C4=CC(=O)CCC4=C3C=CC21CC;O=C(NC(=S)Nc1ccccc1F)c1ccc2ccccc2c1;CN(C)CCCC1(c2ccc(F)cc2)OCc2cc(C#N)ccc21;COc1ccc(-c2ncccc2CNC(=O)CC2CCCC2)cc1;Cc1ccc(S(=O)(=O)CC(=O)c2ccc3ccccc3c2)cc1;COc1cn(CC(=O)Nc2ccc(F)cc2F)c(CO)cc1=O;CC(Cc1ccc(O)c(O)c1)C(C)Cc1ccc(O)c(O)c1;COc1cc(O)cc(O)c1C(=O)CC(O)c1ccc(O)cc1;O=S(=O)(NCc1cccnc1)c1ccc2cccc3c2c1CC3;Cc1ncc(-c2ccc(NS(=O)(=O)c3ccccc3C)cc2)o1;O=C(Nc1ccc([N+](=O)[O-])cc1Cl)c1cc(Cl)ccc1O;O=C(Nc1ccccc1Br)c1cccc2ccccc12
m_a5d8e5,COc1ccc2c(c1)OC(OC1OC(CO)C(O)C(O)C1O)C(=O)N2;COc1ccc(OC)c(C(C)NC(=O)CCc2ccc(C(=O)O)cc2)c1;CCCCC=CCCCCCCCC(=O)NC(CCSC)C(=O)O;COc1ccc(CCC(=O)N2CC(N3CC4CCCC4C3)C2)c(OC)c1;CCCCCCCCCCCC=CC(=O)NC(CCSC)C(=O)O;CCCCCCCCCCCC(O)CC(=O)NC(CCSC)C(=O)O;CC(Oc1ccc2c(c1)OCO2)C(=O)N1CC(N2CC3CCCC3C2)C1;Cc1cc(C)n(CC2CC2)c(=O)c1C(=O)NCCS(=O)(=O)N(C)C;CC1CCC2C(C)(CO)C(O)CCC2(C)C12CCC(CO)(CCO)O2;C=CCc1cc(OC)c(OC(C)C(O)c2ccc(O)c(OC)c2)c(OC)c1;CCC12C=CCN3CCC4(C(=C(C(=O)OC)C1)Nc1ccccc14)C32;COC(=O)c1ccc(C(=O)OC)c(NC(=O)Cc2ccc(OC)cc2)c1;COc1ccc(CC(C)C(C)Cc2ccc(OC)c(OC)c2)cc1OC;COc1ccc(C(C)=NN=C(C)c2ccc(OC)cc2OC)c(OC)c1;COc1c(C)cnc(CN2CCCC(N(C)c3ncc(C)cn3)C2)c1C;COc1ccc(NC(=O)COc2cccc3c2CCNC3=O)c(OC)c1;CC1(C)CCc2cc3c(cc2O1)oc(=O)c1c2ccc(O)cc2oc31;COc1ccccc1CNC(=O)NC1CC(=O)N(c2cccc(F)c2)C1;COc1ccc(NC(=O)Nc2cnc(OC)nc2N2CCCC2)c(C)c1;COc1cc(CCc2ccc(OCC=C(C)C)cc2)cc(OC)c1OC;COc1cc2c(cc1OC)C1Cc3ccc(OC)c(OC)c3CN1CC2;COc1cccc(CN=C(O)CSc2nc(O)c3ccccc3n2)c1;CC(C)(C)c1ccc(CCCNC(Cc2ccc(O)cc2)C(=O)O)cc1;C=CCc1cc(OC)c(O)c(C(C)C(=O)c2ccc(OC)c(OC)c2)c1;COc1ccc(CC2c3cc(OC)c(OC)cc3CCN2C)cc1OC
m_a87b11,CN(C)S(=O)(=O)c1ccc(NCc2ccccc2)nc1;CN(Cc1ccccc1)c1ccc2cc(C(=O)O)c(=O)oc2c1;O=C(NC(Cc1cnc[nH]1)C(=O)O)OCc1ccccc1;COc1ccccc1Cn1cc(CNC(=O)N(C)C)nn1;CCN(CC)CCOC(=O)C1(c2ccccc2)CCCC1;CCC(NC1CCN(CC(=O)NC)CC1)c1ccccc1;CN1C2CCC1CC(OC(=O)C(CO)c1ccccc1)C2;CC(C)C(O)CC(=O)N1CCC(Cc2ccccc2)CC1;Nc1nc(NCc2ccccc2)nc(-c2ccccc2CO)n1;CNCCCCc1cnc(C)c2[nH]c3ccccc3c12;CN(C)CCCOC1(Cc2ccccc2)CCCCCC1;O=C(C=Cc1ccc(O)cc1)OCC1CCN2CCCC12;Oc1cc(O)c2c(c1)OC(c1ccc(O)c(O)c1)C(O)C2;CC12C=CC(=O)CC1CCC1C2CCC2(C)C(O)CCC12;CC12COC(=O)CC1CCC1C2CCC2(C)C1CCC2(C)O;O=C(NCc1ccccc1)c1cnnc(-c2ccccc2)c1;O=C(CO)NC1C(O)CC(O)(C(=O)O)OC1C(O)C(O)CO;CN(CC=Cc1ccccc1)Cc1cccc2ccccc12;CC(NCCc1ccc(O)cc1)C(O)c1ccc(O)cc1;C=CCc1ccc(O)c(-c2ccc(O)c(CC=C)c2)c1;Cc1ccc(OCCC(=O)NC2CCC(=O)NC2=O)cc1;COc1ccccc1C1CCCN1CC(=O)NCC1CC1;CC12CCC3C(CCC4CC(O)CCC43C)C1CCC2=O;O=C(Nc1ccccc1)Nc1ccnc(Cl)c1;CC1CC2(C)C(CCC3C4CCC(=O)C4(C)CCC32)CC1O
m_a94f72,O=C(CCCCCCC(=O)Nc1cccnc1)NO;CCCCCCCCCC(=O)NCCc1ncc[nH]1;CCCOCC(=O)NCc1noc(-c2ccco2)n1;C#CC1(O)C(CO)OC(n2ccc(N)nc2=O)C1O;CCCCCCCCCC(=O)NCCc1c[nH]cn1;CNc1ncnc2c1ncn2C1CC(O)C(CO)O1;Cc1cc(C(=O)NC2(C(=O)O)CCSC2)c(C)o1;CC(C)Nc1ccc(C(=O)NC2(C)CCOC2)cn1;CCOC1CC2(CCN(c3nc(C(C)C)no3)C2)C1;COc1ccc(CNC(=O)C2CC2(C)C)cc1Cl;O=C(CCCCCCC(=O)Nc1ccccc1)NO;COc1ccc(O)c(C(=O)NCC2CNCCO2)c1;CCCCCCCCCC1=C(O)C(=O)C=C(O)C1=O;O=C(O)CC1CCCN(S(=O)(=O)c2ccccc2)C1;COc1ccc(C(=O)N2CCOC(C(=O)O)C2)cn1;Cc1ccncc1NC(=O)C(C)c1cccc(C#N)c1;CCCCC(Nc1cc(C)nc2ncnn12)C(=O)O;O=C(NCCc1cccc(Cl)c1)NCC1CCC1;OCC(CO)NC1CC(O)(CO)C(O)C(O)C1O;OC1(CNc2nc3c(F)cccc3o2)CCCCC1;CC(Cn1cccn1)(NC(=O)C1CC=CC1)C(N)=O;COCC(=O)N(c1c(C)cccc1C)C(C)C(=O)O;COc1cc(NS(=O)(=O)c2ccc(N)cc2)ncn1;CCCCCCCCC=CCNCCc1c[nH]cn1;CCCN(CC(=O)O)C(=O)c1cnc2n1CCOC2
m_a98076,Clc1cc(CNCc2cccnc2)ccc1OCc1ccccc1;Clc1ccc(OCc2ccccc2)c(CNCc2ccncc2)c1;Cn1c(C(F)(F)F)nn(C2CCN(Cc3ccccc3)CC2)c1=O;O=C(O)CNC(=O)c1c(=O)cc(CCc2ccccc2)n2[nH]cnc12;COC(=O)c1ccc(CSc2nnnn2Cc2ccccc2)cc1;COc1nnc(-c2cc3c([nH]c2=O)CCN(Cc2ccccc2)C3)o1;c1ccc(Cn2c3ccccc3n3c(Nc4ccccc4)nnc23)cc1;c1ccc(CNc2nc(NCc3ccccc3)c3ccccc3n2)cc1;Cn1c(N2CCC(Nc3ncnn4cccc34)C2)cc(=O)n(C)c1=O;Cc1cccc(OCc2ccc(C(=O)Nc3ccc(F)cc3)cc2)c1;O=C(NC(CO)Cc1ccccc1)C(c1ccccc1)n1cnnn1;CC1CC(=O)c2cnc(N3CCN(Cc4ccccc4)CC3)nc2C1;O=C(O)c1cncc(C(=O)N2CCC(COCc3ccccc3)C2)c1;Nc1nnc(CNC2CC2c2ccc(OCc3ccccc3)cc2)o1;CCOc1ccc2nc(NC(=O)C(CC)c3ccccc3)sc2c1;Cc1ccc(N2CC(N(C)C(=O)c3nn(C)c4ccccc34)C2)nn1;CCN1C(=O)CCc2cc(NC(=O)CCCc3ccccc3)ccc21;Cc1cc(N2CC(CN(C)S(=O)(=O)C3CC3)C2)n2ncnc2n1;COC(=O)c1cc(O)cc(O)c1C(=O)c1c(O)cc(C)cc1O;c1ccc(CN2CC3CN(c4nc5cnccc5s4)CC3C2)cc1;CCOC(=O)c1ccc(COc2ccc3c(C)cc(=O)oc3c2)cc1;Cc1nnc2ccc(N3CC(CN(C)S(=O)(=O)C4CC4)C3)nn12;O=C(CCC(NCc1ccccc1)C(=O)O)NC(CS)C(=O)O;COc1ccc2c(c1)CCC(CN(C)CC(=O)O)C2c1ccccc1;Cc1nc(NCCNC(=O)Cc2ccccc2)cc(-n2cccn2)n1
m_aa5754,CCN(c1cccnc1C)S(=O)(=O)c1ccnn1C;O=C(Nc1cccnc1)Nc1cc(Cl)ccc1Cl;O=C(O)CCCCCCCNC(=O)c1ccccc1O;CCCCOc1cccc(CCNCC(=O)N(C)C)c1;O=C(Nc1ccncc1)N1CCC(Cc2ccccc2)C1;CCn1cc(S(=O)(=O)N(C)c2cccc(C)n2)cn1;Cc1ccc(C(=O)NC2CCC(C(=O)O)C2)cc1Cl;CC=C(C)C(=O)OC1CCC(=O)OC1C=CC(O)C(C)O;CC(C)c1ccc(C=NNC(=O)c2ccc(O)cc2)cc1;CCCCOC(=O)c1ccccc1C(=O)OCCCC;CC(NC(=O)C1(S(C)(=O)=O)CCC1)c1cccnc1;Cc1nn(C)c(C)c1C(C)C(=O)N1CCS(=O)(=O)CC1;Cc1noc(-c2cccnc2NC2CCC(F)(F)C2)n1;Cc1ccc(C(=O)NCC2CN(C)CCO2)cc1Cl;Cn1cc(C(=O)C2CCc3nc[nH]c3C2)c2ccccc21;CCCc1c(-c2ccccc2)[nH]n(-c2ccccn2)c1=O;CCCc1c(-c2ccccc2)nn(-c2ccccn2)c1O;O=C(Nc1ccncc1)N1CCCCC1c1ccccc1;CCC(c1ccccc1)c1c(O)c2ccccc2oc1=O;COc1c2c(cc3ccc(=O)oc13)C=CC(C)(C)O2;CN1C(=O)C2(N=C(O)c3ccccc3O2)c2ccccc21;CCOC(=O)COC(=O)c1ccccc1C(=O)OCC;CCC(Cc1ccccc1)c1nc(-c2cccnc2)no1;COc1ccc(CNCCc2c[nH]c3ccccc23)cc1;CC1CC2(C)C(CCC3C4=C(CCC32)C(C)(CO)CC4)CC1=O
m_ab3260,CCCc1cc(C(=O)OC)c(NC(=O)C2CCCCC2C(=O)O)s1;CC=C1CC(C)C(O)(CO)C(=O)OCC2=CCN3CCC(OC1=O)C23;COc1cc(C=CC(=O)NCC(O)c2ccc(O)cc2)ccc1O;COC1=CC2C3Cc4ccc(OC)c(O)c4C2(CCN3C)CC1=O;CNCC(O)c1ccc(O)c(O)c1;CC(=O)OC1C2C3CC4C5=Nc6ccccc6C51CC2N4C(C)C3C=O;COc1cc(C2c3cc(O)c(OC)cc3CC(C)C2C)ccc1O;CCn1cc(C(=O)O)c(=O)c2cc(F)c(N3CCNC(C)C3)c(F)c21;Cc1cc(C(=O)N2CCCN(c3ccc(Cl)c(Cl)c3)CC2)n[nH]1;CCCCCCCCCCC(=O)NC(CCCC(=O)O)C(=O)O;CC=C1CN2C3CC1C(CO)(C(=O)OC)C2Cc1c3[nH]c2ccccc12;COc1cc(CNC(C(=O)O)C(C)OC(C)=O)cc(OC)c1O;COc1cc2c(cc1OC)-c1cc3ccc(OC)c(OC)c3c[n+]1CC2;CN1CCC(c2nnc3sc(-c4ccc5ccccc5c4)nn23)CC1;Cc1nc(CS(=O)(=O)c2nccn2-c2cccc(Cl)c2)cs1;COc1cc2c(cc1O)C1(OC)Cc3ccc4c(c3C1N(C)CC2)OCO4;CCOC(=O)C1=CC2(CC)CCCN3CCc4c(n1c1ccccc41)C32;COc1cc(CC(C)C(C)Cc2ccc3c(c2)OCO3)ccc1O;COC(=O)C1=C2Nc3ccccc3C23CCN2CCC1C(C(C)OC)C23;CC(COc1ccncc1)(COc1ccncc1)COc1ccncc1;O=C(O)C(Cc1ccc(O)c(O)c1)NCC(O)COP(=O)(O)O;Cc1cc2occ(CC(=O)NC(Cc3ccccc3)C(=O)O)c2cc1C;CC(C)C(Nc1nc2c(cnn2C)c(=O)[nH]1)c1ccc(Cl)cc1F;Cc1ncnc(N2CCN(C(=O)c3nccc4ccccc34)CC2)c1F;Cc1cc(C(F)F)nn1CC(=O)Nc1ncc(Br)s1
m_ab91a8,Cc1ccc(N2CC(C(=O)O)CCC2=O)cc1C;CC(C)CC(=O)OC(CC(=O)[O-])C[N+](C)(C)C;Cc1csc(C(=O)OCC2CCCN2)c1;CC(O)CC(=O)OC(CC(=O)[O-])C[N+](C)(C)C;CCCCC(=O)OC(CC(=O)[O-])C[N+](C)(C)C;Cc1cc(C)c(N2CC(C(=O)O)CC2=O)c(C)c1;CC(O)C(O)C=Cc1cccc(O)c1CO;COC1(CC(=O)Nc2cccc(CN)c2)CCC1;CCC1CN(C)c2ccccc2CN1CC(=O)O;CC(=O)NC(Cc1c[nH]c2ccccc12)C(=O)O;OC(c1ccccc1)(c1ccccc1)C1CCNCC1;O=CC(NC1CCCC1)C(O)C(O)C(O)CO;CC(C)NCC(O)COc1cccc2[nH]ccc12;Nc1nc(=O)n(C2CSC(CO)O2)cc1F;CCCCCCCC(C)NC(CS)C(=O)O;C=C1CCCC2(C)CC3(O)OC(=O)C(C)=C3CC12;C=C1C(=O)OC2C1CCC1(C)C(O)CCC(=C)C21;Cc1cc(NC(=O)C2CC=CC2)ccc1C(=O)O;Cc1cc(NC(=O)C2CCCC2)ccc1C(=O)O;CSc1nc(O)c(Cc2ccccc2)c(=O)[nH]1;CCCC=C1OC(=O)C2=C1CCC(O)C2O;O=C1C=CCC2C3CCCN4CCCC(CN12)C34;COc1ccc(C)cc1N1CC(C(=O)O)CC1=O;Cc1ccccc1C(=O)NC1CCC(C(=O)O)C1;CC(C)CC(NCCc1c[nH]cn1)C(=O)O
m_abbd02,CN1CCC(C(=O)N2c3ccccc3NC(=O)c3cccnc32)CC1;CC(=O)NC1CCCN(Cc2nc(-c3ccc(Cl)cc3)no2)C1;O=C1CC2OCC=C3CN4CCC56c7ccccc7N1C5C2C3CC46;CC1(C)SC2C(NC(=O)Cc3ccccc3)C(=O)N2C1C(=O)O;CCN1CCCC(N2CC(NC(=O)Cc3cc(C)nn3C)C2)C1=O;Cc1ccc(N2CCN(C(=O)N3CCCCCC3)CC2)cc1Cl;CC=C(C)C(=O)OC1CC(C)=CC(=O)C2(C)CCC(O)(C(C)C)C12;COc1ccccc1OCC(=O)N1CCCN(C2CCOC2)CC1;CC(C)c1cc(NC(=O)N2CCN(CC(F)(F)F)C(C)C2)no1;CC(=O)N1CCC(C(=O)Nc2cnn(CC3CCOCC3)c2)CC1;COc1c2c(nc3occc13)C(CC=C(C)C)(OC)C(=O)C=C2;CC(C(=O)Nc1ccc2c(c1)OCO2)N1CCCC(O)(C(N)=O)C1;Cc1cc(COCC(=O)N2CC(C)Oc3ccc(Cl)cc32)no1;COc1ccc(C(CNC(=O)C(C)C)c2c[nH]c3ccccc23)cc1;C=C1C(=O)OC2CCN3CC=C(COC(=O)C(C)(O)C(C)C1C)C23;COc1ccc(-c2nc3cc(C4=NNC(=O)CC4C)ccc3[nH]2)cc1;CCN(CC)C(=O)C(C)N(C#N)c1nc(N(C)C)nc(N(C)C)n1;CCOc1ncccc1CN(C)C(=O)CC1CCN(C(C)=O)CC1;CC(=O)NC1C(NC(=O)CC(N)C(=O)O)OC(CO)C(O)C1O;CC(C)c1ccc2c(c1O)CCC1C3=C(CCC21C)C(=O)OC3;O=C(CCC1CCNC1)NC1CCN(c2cccc(Cl)c2)C1=O;CC(C)c1nnc(C2CCN(S(=O)(=O)c3ccccc3)CC2)o1;C=C1CC(=CC)C(=O)OC2CCN3CC=C(COC(=O)C1(C)O)C23;CC=C1CC(C)C(C)(O)C(=O)OCC2=CCN3CCC(OC1=O)C23;Cc1ccc(-c2cc(C(=O)N3CCCCCC3)c3ccccc3n2)o1
m_acdfec,Cc1nc2c(c(N3CCN(Cc4nc(C(C)C)no4)CC3)n1)CCC2;CC(C)c1nccc(N2CCC(COc3ccc(C4CC4)nn3)C2)n1;CCc1cc(N2CCN(c3nccc(N4CCCC4)n3)CC2)ncn1;Cc1nc(NC(=O)C2CCCN(CC(F)(F)F)C2)cc(C2CC2)n1;CCOc1ccc(NC(=O)N2CCN(c3cccnc3)C(=O)C2)cc1;Cc1cc(N2C3CCC2CC2(C3)CN(C)C(=O)CO2)n2ncnc2n1;CC(C)c1cc2c(c(O)c1O)C13CCCC(C)(C)C1C(OC3=O)C2=O;CCc1cc(N2CCC(Oc3ccc(Cl)cc3)C2)n2ncnc2n1;Fc1cccc(F)c1-c1ccc(N2CCC(c3ncc[nH]3)CC2)nn1;CCOc1cc2c(cc1OCC)C(c1ccc3c(c1)OCO3)NCC2;COc1cc2c(cc1OC)C1Cc3ccc(O)c(OC)c3CN1CC2;CCN(CC)c1ccc(C=NNC(=S)NCc2ccccc2)cc1;C1CCC(C23CC(CC4CCCNC42)C2CCCCN2C3)NC1;Cc1ncnc(N2CCN(c3ccnc(N4CCCC4)n3)CC2)c1C;CCNc1ccnc(N2CCN(c3nccn4c(C)nnc34)CC2)n1;O=C(C=CCCCCC=Cc1ccc2c(c1)OCO2)N1CCCCC1;COc1ccc(C(=O)NCC(=O)NC(CCSC)C(=O)O)cc1;Cc1cc(O)c(Cc2c(O)cc(C)c(C=O)c2O)c(O)c1C;CCOc1ccccc1CN1CCN(c2ccnc(OC)c2)C(=O)C1;O=C1NCCc2[nH]c(-c3ccnc(-c4cnc5ccccc5c4)c3)cc21;COc1ccc(OCC(=O)Nc2ccc(N3CCCC3=O)cc2)cc1;O=S(=O)(c1cnn(-c2ccccc2)c1)N1CCOc2ccncc21;Cc1c(Cl)cccc1NC(=O)Cc1cc(-c2ccc(F)cc2)on1;CNC(=O)c1cccc(NC(=O)CC2(n3cccc3)CCOCC2)c1;COc1cc(OC)cc(N2CCCN(c3cc(C)nc(C)n3)CC2)c1
m_ace790,C=CCCCCCCCC(=O)NC(=O)CC(N)C(=O)O;COc1cc(OC)c(C(C)=O)c2c1C=CC(C)(C)O2;CCC[S+]([O-])c1ccc2[nH]c(NC(=O)OC)nc2c1;CN1C(=O)c2ccccc2NC1c1ccc([N+](=O)[O-])cc1;CCc1nn(C)cc1NS(=O)(=O)c1c(C)cnn1C;O=C(C1OC1C=Cc1ccc2c(c1)OCO2)N1CCCCC1;CN(C)CCCN1c2ccccc2Sc2ccccc21;Nc1nccnc1C(=O)Nc1ccccc1-c1ncn[nH]1;Nc1nc2c(ncn2C2OC(CO)C(O)C2O)c(=O)[nH]1;CC(C)(C)OC(=O)N1CCC(C(=O)C(F)(F)F)CC1;Cc1cc(C)cc(N=C(O)C2=Cc3ccccc3OC2)c1;N#Cc1ccc(-c2csc(NN=C3CCCC3)n2)cc1;CCn1cc(S(=O)(=O)Nc2c(C)c(C)nn2C)cn1;Cc1cc(C(=O)N(CCC(=O)O)Cc2ccccc2)ncn1;COc1ccc(NC(=O)c2ccc3ccn(C)c3c2)cn1;O=C(O)CC(=O)N1CCN(c2ccccc2Cl)CC1;CCc1ccc(NC(=O)C2=Cc3ccccc3OC2)cc1;Cn1nccc1S(=O)(=O)Nc1cnn(C(C)(C)C)c1;O=C(O)c1cccnc1Nc1cccc(C(F)(F)F)c1;CCn1nc(C)c2c1C(=O)NCC(c1ccc(O)cc1)=N2;COc1ccc(C2Cc3cccc(O)c3C(=O)O2)cc1OC;COc1ccc2c(c1)OCc1c-2oc2cc(OC)ccc12;CCCCCCCCC=CCCCCCCCC(=O)O;CS(=O)(=O)NC1CC(Nc2ncnc3[nH]ccc23)C1;CC(=O)OCC(NCC(O)C(O)C(O)CO)C(=O)O
m_acfc1e,O=C1CN(c2ccc3nncn3n2)CCN1Cc1ccccc1;COc1ccccc1CNc1nccc(-n2nc(C)cc2C)n1;COc1ccccc1CNc1cc(-n2nc(C)cc2C)ncn1;COc1ccc(CNC2CC(C(C)C)OC(C(C)C)C2)cc1;CCCC(=O)NCC(=O)Nc1cnc(N2CCOCC2)nc1;COc1ccccc1CNC(=O)c1ccc(Br)o1;COc1cccc(CC(=O)NCC(C)(O)CCc2ccccc2)c1;COc1ccc(Cn2cc(C(=O)O)c(=O)c3ccccc32)cc1;CCCCn1c(NCc2ccc(OC)cc2)nc2ccccc21;COc1ccc(Cn2cnc3c(=O)oc4ccccc4c32)cc1;COc1ccc(CN(C)C2CN(c3nccnc3C#N)C2)cc1;COc1cccc(C[n+]2cn(Cc3ccccc3)c(C)c2C)c1;O=C(Nc1ccc(Nc2ccccc2)cc1)NC1CCCCC1;CC(O)(CNC(=O)c1ccccc1C(F)(F)F)Cc1ccco1;Cc1cccc(CC(=O)NCCCc2cnc3ncnn3c2)c1;Cc1nc2c(O)cc(C(=O)N(C)C)cc2n1Cc1ccccc1;COc1ccc(CNC(=O)Nc2ncc([N+](=O)[O-])s2)cc1;COc1ccc(CC(C)(O)CNc2ncc(Cl)cn2)cc1;O=C(NN=Cc1ccccn1)c1ccc(OC2CCCC2)cc1;COc1ccc(CNC(=O)CCCCCCCCCO)cc1;CC(O)(CNC(=O)c1cc(-c2ccccc2)on1)Cc1ccco1;CC(C)NCC(O)COc1ccc(CCOCC2CC2)cc1;CC12COC(=O)CC1CCC1C2CCC2(C)C1CCC2(C)O;COc1cccc(CC(=O)Nc2ccc(-c3ccn[nH]3)cc2)c1;CCOC(=O)c1cn(Cc2ccccc2)c2ccccc2c1=O
m_aec773,Brc1cc2ncnc(NCCN3CCOCC3)c2s1;O=C(Nc1cnc(-c2ccccc2)nc1)c1ccc(Br)o1;Cc1ccc(C(=O)COc2cc3c(C)cc(=O)oc3cc2Cl)cc1;O=C(C=Cc1ccc(Cl)c(Cl)c1)c1ccc2ccccc2c1O;O=P(O)(O)OC1C(O)C(O)C(O)C(O)C1OP(=O)(O)O;CCCCCCCCCCCCCCCCCCCCCC(=O)O;CC1OC(CC(=O)O)CC23OC12C(=O)c1c(O)cccc1C3=O;NC(=O)C1CCN(CC(=O)Nc2ccc(Br)cc2)CC1;COC(=O)C1c2c(oc3cc(CO)cc(O)c3c2=O)C=CC1O;COc1c2c(cc3oc4cccc(O)c4c(=O)c13)OC1OC=CC21O;CC(C)C1=CC2=CCC3C(C)(C(=O)O)CCCC3(C)C2CC1;O=C1C(=Cc2cc(O)c(O)c(O)c2)Oc2cc(O)cc(O)c21;CCc1ncnc(N2CC3C(=O)N(c4ccccc4)C(=O)C3C2)c1F;O=C(COc1ccc(Cl)cc1)NCc1cncc(-c2ccco2)c1;OCc1ncc2n1-c1ccc(Cl)cc1C(c1ccccc1F)=NC2;Cc1ncnc(N2CCN(S(=O)(=O)c3cnn(C)c3)CC2)c1F;OCCNc1nc(N2CCOCC2)c2cnn(-c3ccccc3)c2n1;COc1cc(OC)nc(N2CCN(c3nc4ccccc4o3)CC2)n1;C=CC(C)(C)c1cc(C=CC(=O)c2ccc(O)cc2)c(OC)cc1O;CCCCCCCCC=CC(=O)NC(CCCNC(=N)N)C(=O)O;Cc1nc(C(=O)Nc2ccc3ncn(C4CC4)c(=O)c3c2)c(C)s1;CC(CN1CCN(C)CC1)OC(=O)c1cccc(Br)c1;CCC=CCC=CCC=CCC=CCC=CCC1OC1CCC(=O)OC;CC(C)c1c(O)cc(-c2ccncc2)n(-c2ccc(Cl)cc2)c1=O;Cc1noc(C)c1CC(=O)NCC(O)c1ccc(-n2cccn2)cc1
m_aef2b4,CN(CC=CC#CC(C)(C)C)Cc1cccc2ccccc12;Cn1nncc1NS(=O)(=O)c1ccc2c(c1)CCCO2;CC(C)(C)C(=O)C(Oc1ccc(Cl)cc1)n1ccnc1;c1ccc(NCc2ccc(CNc3ccccn3)cc2)nc1;Nc1ccc(C(c2ccc(N)cc2)c2ccc(N)cc2)cc1;COc1cc(O)c2c(c1)C1=CC(O)C(O)CC1(C)OC2=O;COc1cccc(C(=O)NN(C(=O)c2cc(C)cc(C)c2)C(C)(C)C)c1C;O=c1c(-c2ccc(O)cc2)coc2c(O)c(O)ccc12;CC(C)(C)C(=O)C(Oc1ccc(Cl)cc1)n1cncn1;CCc1cc(NCc2ccc(S(C)(=O)=O)nc2)ncn1;O=c1c(C2CCCc3ccccc32)c(O)oc2ccccc12;O=C(O)c1nn(-c2ccc(F)cc2F)c2c1C1CCC2C1;CC(=O)OC(c1ccccc1)C(O)C1OC(=O)C=CC1O;O=C1CCC(NC(=O)CCCOc2ccccc2)C(=O)N1;CN(C)CCc1c[nH]c2ccc(Cn3cncn3)cc12;O=c1oc2ccccc2c(O)c1C1CCCc2ccccc21;CCO;CCO;CCO;CCO;CCO;CCO;CCO;CCO;CCO
m_b047da,NC(=O)CC(=O)Nc1ccc(OCc2cccc(F)c2)cc1;CC(NCc1ccc(OCc2cccc(F)c2)cc1)C(N)=O;CC(NCc1ccc(OCc2ccccc2F)cc1)C(N)=O;COc1cc(CNC2CC2)ccc1OCc1ccc(F)cc1;Fc1ccccc1COc1ccc(Cl)cc1CNC1CC1;CCOC(=O)c1cc(C(=O)NCc2cccc(F)c2)nn1C;OCCNC1CCCc2c1[nH]c1ccc(-c3ccccc3)cc21;COC(=O)C1CC(OC)CN1C(=O)c1cc2ccccc2o1;Cn1cc(CCN2CCN(c3ccccc3Cl)CC2)cn1;Cn1nccc1C(=O)N1CCC(COc2ccc(F)cn2)C1;CCn1nccc1CN(CCO)c1ncnc2onc(C)c12;CCOc1ccccc1OCCCCCc1c(C)n[nH]c1C;Cc1occc1C(=O)NCCCCNC(=O)c1ccoc1C;COC(C(=O)NC1CC(O)C1)c1ccccc1C(F)(F)F;Cn1nccc1C(=O)N1CCN(c2ccc(Cl)cc2)CC1;O=C(c1ccco1)N1CCN=C1SCc1cccc(F)c1;COc1ccc(C(NC(=O)Cc2cc(C)on2)C(=O)O)cc1;Cn1nccc1C(=O)Nc1nnc(-c2ccccc2Cl)o1;Cc1n[nH]c(C)c1CC(=O)NC(Cc1ccccc1)C(=O)O;Cc1occc1C(=O)N1CCC(CC(=O)N2CCCC2)CC1;CCSC(C)c1nc(N)nc(Nc2ccccc2OC)n1;Cc1cc(C)n(CC(=O)NCC2CCC(c3ncn[nH]3)O2)n1;CCOC(=O)Nc1ccc(NCc2ccc(F)cc2)nc1N;CCOC(=O)Nc1ccc(NCc2ccc(F)cc2)cc1N;Cc1cccc(NC(=O)Cc2ccc(Br)cc2)n1
m_b084eb,CCCc1nc(-c2cc3ccc(C)cc3nc2NC2CCCC2)no1;COc1ccc(C(NC(=O)CC2=CCCCC2)C(=O)O)cc1Cl;Cc1noc(CN2CCN(c3ccc(-c4ccccn4)nn3)CC2)n1;Cc1nc(Nc2nc(=O)cc(CCC(C)C)[nH]2)nc2c(C)cccc12;CC1OC=C2C(=O)N3CCc4c([nH]c5ccccc45)C3CC2C1C=O;COC1=CC23CCCN2CCc2cc4c(cc2C3C1O)OCO4;CC=C1CC(C)C(C)(O)C(=O)OCC2CCN3CCC(OC1=O)C23;Cc1nsc(N2CCN(c3ccc(-c4cccnc4)nn3)CC2)n1;O=C(CCc1nc(=O)c2ccccc2[nH]1)Nc1n[nH]c(C2CCC2)n1;Cc1ccc(NS(=O)(=O)c2cccc(C#N)c2)c2[nH]cc(C#N)c12;c1csc(C2CCN(CCNc3ncnc4cnccc34)CC2)c1;Cc1cc2sc(NC(=O)Cc3ccccc3)nc2cc1Cl;O=C(CCc1ccccc1)Nc1cnc(-c2cccnc2)nc1;CCc1ccc(C(C)=NNS(=O)(=O)c2ccc(OC)cc2)s1;C#CC1(O)CCC2C3CCC4=Cc5oncc5CC4(C)C3CCC21C;O=C(CCCCC=Cc1ccc2c(c1)OCO2)N1CCCCC1;CC(C)=CC1C(C(=O)OCc2coc(Cc3ccccc3)c2)C1(C)C;CCOP(=S)(OCC)SCS(=O)(=O)C(C)(C)C;CCOc1ccc(S(=O)(=O)N2CCC(n3nccn3)C2)cc1C;Cn1c(SCC(=O)Nc2ccc(Cl)cc2)cc(=O)n(C)c1=O;CCOc1ccc(-c2cc3c(=O)n(CC4CCCC4)ccn3n2)cc1;CC(=O)NCC1CN(c2ccc(N3CCOCC3)c(F)c2)C(=O)O1;O=C(O)Cc1cccc(S(=O)(=O)N2CCC(C3CCCC3)C2)c1;Cc1cccn2c(CC(=O)NCC3(c4ccc(F)cc4)CC3)cnc12;Cc1nnc(N2CC(NC(=O)CCc3cccc(Cl)c3)C2)s1
m_b0ce2a,CCOC1CCCCC1NC(=O)c1ncc(C)cc1C;Cc1cc(NS(=O)(=O)c2ccc(N)cc2)nc(C)n1;CCCCCCCCCCCCCCCC(C)=O;Cc1ccc(F)cc1C(=O)NC(C)(C)c1cn(C)nn1;Cn1c(=O)c2c(ncn2CC2CCCOC2)n(C)c1=O;COc1cc(C=O)cc(I)c1O;Cc1cc(C)nc(NS(=O)(=O)c2ccc(N)cc2)n1;O=C(Cc1ccn[nH]1)N1CCC(c2n[nH]c(=O)o2)CC1;COc1nccc(NC(=O)NC2CCOC(C)(C)C2)n1;CCC1CC(Cc2nc(-c3cncn3C)no2)CCO1;COc1ccc(C(O)=NC2CCCCCC2)cc1OC;CCc1[nH]nc(NC(=O)c2cc(C(C)C)oc2C)c1C;O=C(c1cc(O)c(O)c(O)c1)c1ccc(O)c(O)c1O;CCC=CCC=CCC=CCCCCCCCC(=O)O;CCC(C)n1nc(NC(=O)c2scnc2C)cc1C;CCOC(=O)C(C#N)=C(c1ccccc1)c1ccccc1;CCOC1CC1C(=O)Nc1ccc(CCC(=O)O)cc1;O=C(O)CCCC(NC(CCS)C(=O)O)C(=O)O;CNCCC=C1c2ccccc2C(C)(C)c2ccccc21;O=C(O)CCCC(NC(CC(=O)O)C(=O)O)C(=O)O;CC#CCCCC(=O)Nc1c(C(N)=O)n[nH]c1C(C)C;CC1CCCN(C(=O)COc2ccccc2)C1C(=O)O;O=C(O)C1CCC2CN1C(=O)N2OCc1ccccc1;COc1cc(C)c(Oc2cc(C)cc(O)c2O)c(O)c1;NC(CCCCNC(CCC(=O)O)C(=O)O)C(=O)O
m_b11a90,COC(=O)c1ccc(NC(=O)c2cn(C)c(=O)c3ccccc23)cc1;Cn1cc(C(=O)Nc2ccc3c(c2)OCCO3)c2ccccc2c1=O;O=C(c1ccc(OCC(F)F)nc1)N1CCC1c1cccc(F)c1;Cc1ccc(-c2nc(CCNC(=O)c3ccc(=O)n(C)c3)co2)cc1;c1cnc(-n2cccn2)c(-c2noc(C3CC3C3CCCCC3)n2)c1;Cc1oncc1C(=O)NCCn1nc(-c2ccccn2)cc1C1CC1;CC1=C(C(=O)Nc2ccccc2)C(c2ccccc2)NC(=S)N1C;COc1ccc2[nH]c3c(c2c1)CCN(C1CC(=O)N(C)C1=O)C3;CC(C)(C)c1cc(C2CCCCC2)ccc1OC(=O)c1ccccn1;Cn1c(CCc2ccccc2)nnc1SCC(=O)c1ccccc1;c1csc(C2CCN(CCNc3ncnc4cnccc34)CC2)c1;CCC(=NNC(=O)c1c(-c2ccccc2)noc1C)c1ccc(C)o1;COC(=O)c1c(NC(=O)Nc2cccc(Cl)c2)sc(C)c1C;COc1cc(NC(=O)C2CCCCC2C(=O)O)c(OC)cc1Cl;Cc1cn2nncc2c(=O)n1CC1CC(=O)N(Cc2ccccc2)C1;CCOC(=O)CNC(=O)CCCCSc1ncnc2nc[nH]c12;COc1cccc2c(NC3CC(Cn4ccnc4)CC3O)ncnc12;Cc1cc(NC2CN(c3ncnc4ccsc34)C2)n2nccc2n1;CCCc1nc(-c2nc3scc(-c4ccccc4)c3c(=O)[nH]2)co1;COC(=O)c1ccccc1NC(=O)CNCn1cnc2ccccc21;Fc1cc(CNc2ncnc3[nH]ncc23)ccc1Oc1cccnc1;COc1ccc2c(c1OC)CN1CCc3cc4c(cc3C1=C2)OCO4;O=C(Cc1c[nH]c2ncccc12)NC1(c2ccc(Cl)cc2)CCC1;CC(C)n1nccc1-c1ncccc1COc1cccc(O)c1C=O;O=C(NC1CC1)C1CCCN1C(=O)Cn1c(=O)cnc2ccccc21
m_b4039c,COc1ccc(C(=O)NCC2(c3ccsc3)CC2)c(OC)c1;COc1cccc(C(=O)N2CCC3(CC2)CNC(=O)C3)c1OC;CC(CC12CCCN1C(=O)C1CCCN1C2=O)OC(=N)O;COc1cc(OC)cc(C(=O)N2CCC3(C2)NC(=O)NC3=O)c1;Cc1ccc(=O)n(C(C)C(=O)NCCOc2ccc(F)cc2)n1;COc1ccc(C(=O)NCCc2ccc(O)c(O)c2)cc1OC;COc1cc(OC)cc(C(=O)NCCSc2ccccc2)c1;COc1cc(OC)cc(C(=O)NC(Cn2nccn2)C(C)C)c1;O=C(O)c1ccc(O)c(NC(Cc2ccc(O)cc2)C(=O)O)c1;CCCCCC(O)C=CC=CCC=CCC=CCCCC(=O)O;COc1cc(OC)cc(C(=O)NCC(c2ccco2)N(C)C)c1;O=C(O)c1cccc(O)c1NC(Cc1ccc(O)cc1)C(=O)O;COc1ccc(CCc2cc(OC)c(O)c(OC)c2)cc1OC;COc1ccc(CCNCC(O)c2ccc(O)cc2)cc1OC;CCC(C)CC(=O)OC1C(=O)C(CO)=CC(O)C1C(C)C;O=C(Cc1ccccc1Cl)NCc1cc(-c2ccco2)on1;Cc1noc(C2(NC(=O)Cc3ccc(F)cc3)CCCCC2)n1;CCCCC1CN2CCc3cc(OC)c(OC)cc3C2CC1=O;CCC(C)C=C(C)C=CC(=O)Cc1cc(O)c(C)c(O)c1C=O;Cc1cnn(CC2CN(C(c3ccccc3)c3ccccc3)C2)c1;COc1cc2c(cc1OC)C1CC(=O)C(CC(C)C)CN1CC2;COc1ccc(CCN2C(=O)C3=C(CCCC3)C2O)cc1OC;COc1cccc(OC)c1C(=O)NC(=S)Nc1cccnc1;CCC(C)=CC(C)=CCC(=O)Cc1cc(O)c(C)c(O)c1C=O;Cc1ccc(C(=O)Nc2cccc(C(O)c3ccccc3)c2)cc1
m_b43690,CCCN(C(=O)c1ccnn1C)C1CCS(=O)(=O)C1;Cc1ccc(C(=O)N2CC(CC(=O)O)c3ccccc32)o1;CC(=O)Nc1ccn(C2OC(CO)C(O)C2O)c(=O)n1;Cc1cnccc1NC(=O)NC1c2ccccc2CC1O;CCCn1c(CNCC2(O)CCCCC2)nc2ccccc21;Cc1n[nH]c(C)c1CCC(=O)N1CC(C)c2ccccc21;Cc1nc(-c2cccc(NC(=O)c3cnn(C)c3)c2)n[nH]1;O=C(Cc1ccc(F)cc1)NCC(O)(c1ccco1)C1CC1;COc1ccc2c(c1)OC1c3ccc(OC)cc3OCC21;COc1ccc2c(c1)OCC1Oc3cc(OC)ccc3C21;CC(C)CC(NC(Cc1cncn1C)C(=O)O)C(=O)O;Cc1ccc(S(=O)(=O)NCc2nnn(C)n2)cc1F;CCCCCC(CC)NC(CCSC)C(=O)O;CCCCCCCCOC(=O)c1cc(O)c(O)c(O)c1;O=C(Cc1c[nH]c2ccccc12)NC1CN2CCC1CC2;COC1(C(=O)NC2CCC(C(=O)O)CC2)CCCCC1;CCCCCCCCCCCC(=O)NC1CCOC1=O;CC1(c2ccccc2)CC1C(=O)NCc1cncc(O)c1;O=C(O)C1CCCCC1C(=O)Nc1cccc2c1CCCC2;CCc1cc(Nc2cc(-n3ccnc3)ncn2)ccc1F;O=C(NCc1ccccn1)Nc1nnc(-c2ccco2)o1;Cc1ccc(S(=O)(=O)N2CCCC(C(=O)O)C2)cc1;Cc1cc(C(=O)N2CCCC2Cc2ccccc2)n(C)n1;CCc1nn(C)c2n[nH]c(NC(=O)c3ccc(C)cc3)c12;CCOc1ccc(Nc2ncnc3sc(C)cc23)cc1
m_b51204,Cc1coc2c1C(=O)C(=O)c1c-2ccc2c1CCCC2(C)C;C=CC1CN2CCC1CC2C(O)c1ccnc2ccccc12;COc1cc(C(C)=CC(C)CCCC(=O)O)oc(=O)c1C;CNC(=O)C1CCCC1NC1C2CCOC2C12CCCC2;CCC(C)C=C(C)C=CC(=O)C1CCC(O)C(C)(O)C1=O;CCCCCCCCCNC(CCC(N)=O)C(=O)O;C=CC(C)(C=Cc1ccc(O)cc1)CCC=C(C)C;CCCCCC1OC1CC=CCCCCCCCC(=O)O;CCC(C)=CC(C)=CCC(=O)C1CCC(O)C(C)(O)C1=O;CCC=CCC1C(=O)C=CC1CCCCCCCC(=O)O;CCCCC=CC=CCC(=O)CCCCCCCC(=O)O;COc1c(C(=O)CC(=O)c2ccccc2)ccc2occc12;CC1(O)CCCC2(C)C1CCC13CC(CO)C(CCC12)C3;CC=C(C)C(=O)OC1C=CC(=O)OC1C=CC(O)C(C)O;COc1ccc2ccc(=O)oc2c1C(C=O)=C(C)C;CCCCCC(O)C=CC=CCCCCCCCC(=O)O;O=C(COc1cccc(F)c1)N1CC(C2CCOCC2)C1;CCCc1[nH]nc(C(=O)N2CC(CN)CC2C)c1[N+](=O)[O-];c1ccc(-c2n[nH]nc2-c2noc(C3CC4(CC4)C3)n2)cc1;CCC=CCC=CC=CC(CCCCCCCC(=O)O)OO;O=C(NCCC1CCCCC1O)NC1CC1c1ccco1;Cc1cccc(OCC2CCCN(C3CCN(C4CC4)C3=O)C2)n1;CC1OC2(CCCCC2Oc2cccc(Cl)c2)NC1=O;COC(=O)C(Cc1ccccc1)N=C(O)C(N)CC(=O)O;O=C(O)C(NC(=O)C1CC2CCC1O2)c1ccccc1F
m_b53b6e,COc1ccc(OC)c(S(=O)(=O)Nc2ccc(Br)cc2)c1;CCN1CCCC1CNC(=O)c1c(OC)ccc(Br)c1OC;COc1cc(COC2OC(CO)C(O)C(O)C2O)cc(OC)c1O;COc1cc(OC2OC(CO)C(O)C(O)C2O)cc(OC)c1OC;CC1CCC2(C)C3(C)CCC2(OC3=O)C12CC(c1ccoc1)OC2=O;COc1c(O)cc2oc(-c3ccc(O)cc3)c(OC)c(=O)c2c1O;C=CCCCCCCCCCCCCCCC(O)CC(O)CO;O=C(O)c1ccccc1C(=O)Nc1ccc(Br)c2cccnc12;COCC1=C2C(=CC3(C)CCC(O)(O3)C(C)(O)CC2OC(C)=O)OC1=O;COc1cc(NC(=O)COc2cccc(C)c2)ccc1N1CCCCC1=O;CC1CC(=O)C2=C(C1)CC(O)C1(O)C2C(=O)c2cccc(O)c2C1O;CC(CCC1(C)C(C)CCC2(C)C(C(=O)O)=CC(=O)CC21)CC(=O)O;O=C(CCc1ccc(O)cc1)CC(O)CCc1ccc(O)c(O)c1;C=CCCCCCCCCCCCC(O)CC(O)COC(C)=O;COc1ccc2c3c1OC1CC(O)C=CC31CCN(C)C2;CC1CCC2(C)C(CC(O)C(O)C23CO3)C1(C)CCC1=CC(=O)OC1O;COc1ccc(C(O)C(C)OC2OC(CO)C(O)C(O)C2O)cc1;O=C(CCc1ccc(O)c(O)c1)CCC(O)Cc1ccc(O)c(O)c1;CC(O)C(O)c1cc(O)c2c(c1)C(=O)c1cc(O)cc(O)c1C2=O;CC(=O)OC1C(O)C(CO)OC(O)C1OC(=O)C=Cc1ccc(O)cc1;O=C(NCc1nn[nH]n1)c1cc(COc2c(Cl)cccc2Cl)on1;CC1C2=CC(=O)OC2(O)CC2C1C(O)CC1C(C)(CO)CCCC21C;COc1cc(O)c(C(=O)CCc2ccc(OC)c(OC)c2)c(OC)c1;C=C1CCC2C(C)(CO)C(O)CCC2(C)C1CC=C1C(=O)OCC1O;[O-][S+](c1cc(Cl)cc(Cl)c1O)c1cc(Cl)cc(Cl)c1O
m_b6b7fe,Cc1cccc(C)c1N(Cn1cccn1)C(=O)C[S+]([O-])CC(=O)O;Cc1ccnc(C(C)C)c1-n1c(=O)[nH]c(=O)c2cc(F)c(Cl)nc21;CC(=O)OCC=C(C)C=CC=C(C)C=CC1=C(C)CCCC1(C)C;Cc1ccc(C)c(S(=O)(=O)NCC(Cc2ccccn2)C(=O)O)c1;CC(=CCNc1ncnc2c1ncn2C1OC(CO)C(O)C1O)CO;Cc1cc(C)c(C(=O)P(=O)(c2ccccc2)c2ccccc2)c(C)c1;C=C1CC(=CC)C(=O)OC2CC[N+]3([O-])CC=C(COC(=O)C1(C)O)C23;C=C1C(=O)OC2CC[N+]3([O-])CC=C(COC(=O)C(C)(O)C(C)C1C)C23;Cc1ccc(C)c(NC(=O)COc2ccc3oc4c(c3c2)CCCC4)c1;COc1ccc(C2Nn3c(nnc3-c3cc4ccccc4o3)S2)cc1;CC1CC2(OC2C)C(=O)OC2CCN3CC=C(COC(=O)C1(C)O)C23;CC=C1CC(C)C(C)(O)C(=O)OCC2=CC[N+]3([O-])CCC(OC1=O)C23;CCOc1ccccc1NC(=O)C1CC(=O)n2c(nc3ccccc32)N1;Cc1ccc(S(=O)(=O)NC2CC(Cn3cccn3)C2)cc1N(C)C;CCc1cccnc1CNS(=O)(=O)c1cc(C(=O)O)cc(C)c1C;CC1(C)SC2C(NC(=O)C(N)c3ccccc3)C(=O)N2C1C(=O)O;Cc1ccc(NCc2nnc(SCC#N)n2-c2ccccc2)c(C)c1;C=C1CC(=CC)C(=O)OC2CCN3CC=C(COC(=O)C1(O)CO)C23;CC=C1CC2(CO)OC2(C)C(=O)OCC2=CCN3CCC(OC1=O)C23;CC(=O)Nc1ccc(S(=O)(=O)NCc2cccnc2)cc1;Cc1ccc(S(=O)(=O)N2CCCC2c2nncn2C)cc1C(N)=O;Cc1ccc(C)c(Cn2nnc(C(=O)Nc3cccc(C)c3C)c2N)c1;COc1c(O)cc2c(c1O)C1OC(CO)C(O)C(O)C1OC2=O;Cc1ccc(C)c(CN2CCN(c3ccc(-n4cccn4)nn3)CC2)c1;CC(C)n1cc(S(=O)(=O)N2CCN(C)CC2c2ccccc2)cn1
m_b70863,CC(C)=CC(O)CC(C)=CCOc1ccc2ccc(=O)oc2c1;O=C(CN1C(=O)CCC1=O)N1CCN(c2nc3c(F)cccc3s2)CC1;Cc1cc(C)n(CCNC(=O)C(C)n2nc3c(cc2=O)CCC3)n1;CC(=CCOc1ccc2ccc(=O)oc2c1)CC=CC(C)(C)O;COc1cc(C(O)c2cc3c(cc2CO)OCO3)cc(OC)c1OC;Cc1nnc(N2CC(NC(=O)c3cccc4c3OCCO4)C2)s1;CCOc1ccc(S(=O)(=O)Nc2cnc3ccnn3c2)cc1C;COC(=O)c1ccc(C(=O)NC2CCN(c3nccs3)C2)cc1;CC(O)(C(=O)O)C(O)COC(=O)C=Cc1ccc(O)c(O)c1;Cn1ccc2c(cc(C(=O)NCc3cc(F)cc(F)c3)n2C)c1=O;CN1CCc2nc(NC(=O)c3ccc4c(c3)OCCO4)sc2C1;CC(C)=CC1C(C(=O)OCN2C(=O)C3=C(CCCC3)C2=O)C1(C)C;Cc1nc(C2CCN(CC(=O)NCc3ccc(C)c(F)c3)C2)n[nH]1;O=C(NCC1CCCO1)NCC1(c2ccsc2)CCCC1;CN(C(=O)Oc1ccc(C(=O)c2ccccc2)cc1)c1ccccc1;CN1c2ccccc2N(CCNC(=O)c2ccccn2)S1(=O)=O;CC(CCc1ccccc1)NCC(O)c1ccc(O)c(C(N)=O)c1;COc1cc(C2CC(=O)c3cnc(N)nc3C2)cc(OC)c1OC;Cn1nc2c(c1C(=O)N1CCCC(Cn3ccnn3)C1)CCCC2;CNC(=C[N+](=O)[O-])NCCSCc1ccc(C[N+](C)(C)[O-])o1;CC(=O)Oc1cccc(C(=O)Nc2nnc(C3CCCC3)s2)c1;CN(C(=O)c1ccccc1-c1ccccc1C(=O)O)c1ccccc1;COC(=O)c1ccc(C(=O)NCC(OC)c2cccc(F)c2)cc1;Cc1ccc(C)c(S(=O)(=O)N2CCn3nc4c(c3C2)CCC4)c1;CCCCCCCCCCCCCCC(=O)NC(CO)C(=O)O
m_b7be8a,CN(C)C(=O)Nc1ccc(Oc2ccc(Cl)cc2)cc1;O=C1CN=C(c2ccccc2F)c2cc(Cl)ccc2N1;Oc1cc(O)c2c(c1)OC(c1ccc(O)c(O)c1)C(O)C2;CCCCCCCCCC(=O)NCCCCC(=O)O;O=C(CCCCc1ccc2c(c1)OCO2)N1CCCCC1;CC1(C)Oc2ccc(C#N)cc2C(N2CCCC2=O)C1O;C=CCN(C)C(C)(CO)Cc1ccc(Cl)c(Cl)c1;O=C1CC(c2ccc(O)c(O)c2)Oc2cc(O)cc(O)c21;COc1cc(O)c2c(=O)oc3cc(O)c(O)c(C)c3c2c1;O=C1c2c(O)cc(O)cc2OC(c2ccc(O)cc2)C1O;CCNC(C)CN1CCc2c(c(=O)oc3ccccc23)C1;COc1cc2oc(=O)ccc2cc1C1OC(=O)C2(C)OC12;C=CCSCC(NC(=O)CCC(N)C(=O)O)C(=O)O;O=C(Cn1c(=O)[nH]c(=O)c2ccccc21)N1CCCCC1;CCCCC(=O)NC(Cc1ccc(O)cc1)C(=O)O;OC1CN(c2nc3cc(Cl)cc(Cl)c3o2)CC1O;COc1cc(CN2CC(O)CC2C(=O)O)ccc1O;CC(O)(CNC(=O)c1ccc(-n2ccnc2)nc1)C(=O)O;NC(=NCCCC(N)C(=O)O)NC(CC(=O)O)C(=O)O;CC(C)(C)OC(=O)N1CC(c2ccccc2)CC1C(=O)O;CS(=O)(=O)c1cnn(CC(=O)NCC2CCCO2)c1;O=C(O)CCC(NCCc1ccc(O)cc1)C(=O)O;O=C(O)c1ccc(OC2CCOCC2)c(C(F)(F)F)c1;O=C(C=Cc1ccc(O)c(O)c1)c1c(O)cc(O)cc1O;CCN(C)CCNc1ccc2nnc(C(F)(F)F)n2n1
m_b7d932,O=C1CC2(CN(c3ncnc4c3cnn4-c3ccccc3)C2)NCCN1;CC12CCC(=O)C=C1CCC1C2CCC2(C)C1CCC2(O)C(=O)CO;Cc1c(C(NS(=O)(=O)c2ccc(Cl)s2)C(=O)O)cnn1C;O=c1[nH]cnc2c1ncn2C1OC(COP(=O)(O)O)C(O)C1O;CC1(C)C(C(=O)OC(C#N)c2cccc(Oc3ccccc3)c2)C1(C)C;CC(=O)C1(O)C(O)CC2C3CCC4=CC(=O)CCC4(C)C3CCC21C;CC(=O)c1ccc(S(=O)(=O)N2CCC(Oc3ncccn3)C2)cc1;Cc1ccc(C)c(S(=O)(=O)Nc2cnn(CC3CCOCC3)c2)c1;CCOc1ccc(S(=O)(=O)N(C)Cc2ccccc2)cc1C(=O)O;Cn1cc(CN2CCN(C(=O)C3CCCO3)CC2)c(C2CCCC2)n1;CCOc1ccc(-n2ccnc(NCCCc3ccccc3)c2=O)cc1;Cc1cc(NC(=O)Cn2nc(C(F)(F)F)cc2C2CC2)no1;CCOC(=O)NN=C1CCN(Cc2ccccc2)CC1C(=O)OCC;CC(C)c1ocnc1CN1CCC(COc2ccncc2Cl)CC1;COc1ncnc2c(Br)cn(COCc3ccccc3)c12;Cc1ccc(S(=O)(=O)NC(=O)NN2CCCCCC2)cc1;CC(Cc1ccc(O)cc1)NCC(O)c1cc(O)cc(O)c1;Cc1csc(CN2CCN(C(=O)COc3ccccc3F)CC2)n1;Cc1cc(C)n(CCC(=O)N2CCCC(OCc3nc(C)no3)C2)n1;COc1ccc(CCNC(=O)C(Cc2ccccc2)n2cnnn2)cc1;CN(Cc1ccccc1)c1ccn(C2OC(CO)C(O)C2O)c(=O)n1;CCOC(=O)c1cc(S(=O)(=O)N2CCn3cnnc3C2)ccc1C;COc1cc(C(=O)ON=C2CC3CCC(C2)N3C)cc(OC)c1OC;Cn1cc(C2CN(C(=O)NCc3ccc(CO)c(F)c3)CCO2)cn1;N#Cc1c(NC(=O)CN2CCC(NC(N)=O)C2)sc2c1CCCC2
m_b81b9d,C=C1OC(CO)(n2cnc3c(N)ncnc32)C(O)C1O;c1cc(N(CC2CO2)CC2CO2)ccc1OCC1CO1;CCn1cc(S(=O)(=O)N(C)c2cccc(C)n2)cn1;c1cc(OCC2CO2)cc(N(CC2CO2)CC2CO2)c1;CCCCCCC(C(C)O)n1cnc2c(N)ncnc21;CC(C=CC(C)=CC1Cc2nc(cs2)C(C)CC(N)CC(=O)OC(C)CC(C)=CC=CC(=O)O1)=CCN(C)C;CC(C)(C)OC(=O)N(CCC(=O)O)Cc1cccnc1;CCc1cccc(C)c1N(C(=O)C(=O)O)C(C)COC;Cn1cc(C(=O)C2CCc3nc[nH]c3C2)c2ccccc21;CC(C)(C)OC(=O)Nc1ccc(C(N)CC(=O)O)cc1;C=C1C2=C(C(=O)N1OC)C(O)C(C)(O)C(CCCCC)O2;COCC(=O)N(c1c(C)cccc1C)C(C)C(=O)OC;C=C(C)C1OC1c1c(OC)ccc2ccc(=O)oc12;COc1cccc(C2(O)CCCCC2C[N+](C)(C)[O-])c1;CC=CC1=C(CO)C(=O)C2(C(O)C=C(C)C)OC2C1O;Cc1cccc(C)c1N(C(=O)CCl)C1CCOC1=O;COc1nccc(NC(=O)NC2CCOC(C)(C)C2)n1;CC1=NN(c2ccccc2)C(=O)C1N=Nc1ccccc1;COc1cc(C=O)cc(I)c1O;CCN(CC)CCn1cnc2c1c(=O)n(C)c(=O)n2C;O=C(O)C(O)C(O)(Cc1ccc(O)cc1)C(=O)O;CCC1(CO)CCN(C(=O)NCc2cccn2C)CC1;CCC(CC)Nc1c([N+](=O)[O-])cc(C)c(C)c1[N+](=O)[O-];COc1cc(NS(=O)(=O)c2ccc(N)cc2)ncn1;COc1cnc(NS(=O)(=O)c2ccc(N)cc2)nc1
m_b8415b,Cc1cc(C#N)ccc1C(=O)N1CCC(Cc2nc3ccccc3[nH]2)CC1;O=C(NCCc1c[nH]c2ccccc12)C(Cn1cnnn1)c1ccccc1;O=C(CC1NC(=O)c2ccccc2N=C1O)NCc1c(F)cccc1F;COc1cc(CC2COC(=O)C2Cc2ccc(O)c(OC)c2)ccc1O;COc1cc(OC)c2c(c1Cl)OC1(C2=O)C(O)=CC(=O)CC1C;COc1cc(-c2coc3cc(O)c(OC)c(O)c3c2=O)cc(O)c1OC;COc1cc(OC)c2c(c1Cl)OC1(C(=O)CC(=O)CC1C)C2=O;CC(C)C(NC(=O)Cc1cn(C)c2ccccc12)c1nc2ccccc2[nH]1;CNS(=O)(=O)C1CCN(S(=O)(=O)c2cccc3c2OCC3)CC1;COc1cc(-c2oc3cc(O)c(OC)c(O)c3c(=O)c2OC)ccc1O;O=C(c1ccccc1Br)N1CCC(COc2ccccn2)C1;O=S(=O)(NNc1cccc(Cl)n1)c1ccc(Br)cc1;CCCC(=O)Nc1cccc(NC(=O)c2ccccc2Br)c1;CC(C)=CCc1c(O)cc(O)c2c(=O)cc(-c3ccc(O)cc3)oc12;O=C(O)c1cc(Br)cc(NCCCn2cccn2)c1;O=C(O)c1cc(Br)cc(NCCCn2ccnc2)c1;COc1cc2oc(-c3ccc(O)c(O)c3)c(OC)c(=O)c2c(O)c1OC;COc1cc(-c2cc(=O)c3c(O)c(OC)c(O)cc3o2)cc(O)c1OC;COc1ccc(Br)c(C(=O)N2CCC(n3cc(NC(C)=O)cn3)C2)c1;COc1ccc(-c2oc3cc(O)c(OC)c(O)c3c(=O)c2OC)cc1O;COc1cc(C)c2c(c1C)OC(=O)c1c(C)c(Cl)c(O)c(C=O)c1O2;CCN(CC=Cc1ccc(C2CCCCC2)c(Cl)c1)C1CCCCC1;O=C(Nc1cccc(N2CCCCC2=O)c1)c1ccc(Br)o1;O=C(O)C(Cc1c[nH]c2ccccc12)N=C(O)Cc1c[nH]c2ccccc12;O=C(OC1CC2CC3CC(C1)N2CC3=O)c1c[nH]c2ccccc12
m_b8a6f4,O=C(NCC1CCCN2CCCCC12)c1cc(-c2cccnc2)[nH]n1;CCCOc1ccc(CN2CCN(C(=O)c3cnccn3)CC2)cn1;COc1ccc(Cc2nccc3cc(OC)c(OC)cc23)cc1OC;CCC(CO)NC(=O)C1C=C2c3cccc4[nH]cc(c34)CC2N(C)C1;Cc1cc(-c2ccc(OCCC(C)C)cc2)nc2cc(C(=O)O)nn12;CCOc1ccc(CN2CCN(C(=O)Cc3cccnc3)CC2)cn1;COc1ccc(CC2CCN(C(=O)C(O)c3cccnc3)CC2)cc1;Cc1cc(C)cc(NC(=O)N2CCCC(COc3ccncc3)C2)c1;O=C1CCC2(O)C3Cc4ccc(O)c5c4C2(CCN3CC2CC2)C1O5;O=C(c1ccoc1)N1CCCC(c2cc(-c3ccc(F)cc3)n[nH]2)C1;C=C1CCC2(O)C3Cc4ccc(O)c5c4C2(CCN3CC2CC2)C1O5;N#Cc1ccc(-c2cnc3[nH]cc(NC(=O)c4cccnc4)c3c2)cc1;Cn1cc(-c2cccs2)nc1CCNC(=O)CCc1ccccc1;Cc1nc2n(n1)CC(NC(=O)N1CCC(Oc3ccncc3)C1)CC2;CCc1ccc(NC(=O)c2ccc(=O)n(CCN3CCCC3)c2)cc1;Cc1nsc(N2CCN(c3ccc(-c4cccnc4)nn3)CC2)n1;CC[N+](C)(CC)CCOC(=O)C1c2ccccc2Oc2ccccc21;CCCCCCCCCC(O)CC(=O)NC(C(=O)O)C(C)O;COC(=O)c1ccccc1N(C)C(=O)c1ccnc(OCC2CC2)c1;CC(Oc1cc(Cl)ccc1Cl)C(=O)NN=Cc1ccnn1C;CCOC(=O)COc1cccc2c1CCN(Cc1ccccc1)C2=O;CCC(=NOCC=CCl)C1=C(O)CC(C2CCOCC2)CC1=O;CCCOc1ccc(OCCSc2nc3ncnc(N)c3[nH]2)cc1;Cc1ccc2c(c1)C(OC1CCN(C)CC1)c1ccccc1CS2;COc1ccc2c(c1)CCN2C(=O)c1ccnc(NC(=O)C(C)C)c1
m_b8f328,C=C(C)C1Cc2cc(C(=O)OC3OC(CO)C(O)C(O)C3O)ccc2O1;O=C(CCCN1CCC(C(=O)c2ccc(Cl)cc2)CC1)c1ccc(F)cc1;CC(Nc1cc(-c2cnn(C)c2)cc(Nc2cnccn2)n1)c1ccc(F)cc1;COc1ccc(C(CNC(=O)c2ccccc2F)c2c[nH]c3ccccc23)cc1;O=C(O)CCCCC(CCSCc1ccccc1)SCc1ccccc1;O=C(Nc1cccnc1)c1cc(C(=O)c2c(F)cccc2Br)c[nH]1;O=C(NNS(=O)(=O)c1ccccc1F)c1cc(F)cc(-c2ccccn2)c1;CCNC(=O)Nc1ccc(OCC(=O)NCc2cc(OC)cc(OC)c2)nc1;Cn1c(C2C(C3CC3)CCN2C(=O)COCCc2cccc(F)c2)n[nH]c1=O;COc1ccc(S(=O)(=O)n2cc(CCC(=O)O)c3cc(OC)ccc32)cc1;O=C(OCC1OC(Oc2ccc(O)cc2CO)C(O)C(O)C1O)c1ccccc1;O=C(CCCS(=O)(=O)c1ccc(F)cc1)Nc1cccc(Cl)c1Cl;COC(CN1CCC(C(=O)c2ccc(F)cc2)CC1)c1ccc([N+](=O)[O-])cc1;COC(=O)C1=COC(OC2OC(CO)C(O)C(O)C2O)C2C(CO)=CCC12;C=CC(C)(C)C12CC3C(O)=NC(=Cc4cnc[nH]4)C(=O)N3C1Nc1ccccc12;Cc1nc(CN2CCC(CNC(=O)c3cn(C)nc3C(C)(C)C)CC2)oc1C;C=CC(C)(C)C12Cc3c(O)nc(Cc4c[nH]cn4)c(=O)n3C1Nc1ccccc12;CC=Cc1occ(C(=O)c2c(OC)cc(OC)cc2C(=O)OC)c(=O)c1OC;CCC(=O)N(c1ccccc1)C1(COC)CCN(CCc2cccs2)CC1;CC(C)CCCC(C)C1CCC2C3CCC4CC(=O)CCC4(C)C3CCC12C;Cc1c(NC(=O)NC(CCO)c2cccs2)nnn1Cc1ccccc1F;CCC(C)NS(=O)(=O)c1ccc(F)c(C(=O)Nc2ccc(F)c(F)c2)c1;COc1ccc2c(c1)SCC(NNC1=Nc3ccc(OC)cc3SC1)=N2;NNC(=O)COc1ccc(Br)cc1-c1ccnn1-c1ccccc1;Cc1ccccc1Sc1ccc(C=C2SC(=S)N=C2O)cc1[N+](=O)[O-]
m_b9f2b4,CC1C(O)CC2C(C(=O)O)=COC(OC3OC(CO)C(O)C(O)C3O)C21;CSc1cc2c(cc1NC(=O)N1CCC(C3CCOCC3)C1)OCCO2;CCN1CC2(C)CCC(O)C34C5CC6C(OC)CC(O)(C(CC23)C14)C5C6O;CCCCCC=CC(CCCCCCCC=CC=CC(=O)NCC(C)C)OO;CC1=C(COC2OC(CO)C(O)C(O)C2O)C(C(CO)C(=O)O)CC1;CCCCCCCCCCCCCCCC(=O)NCc1cccc(OC)c1;Cc1cc2nc3c(=O)[nH]c(=O)nc-3n(CC(O)C(O)C(O)CO)c2cc1C;O=C(C=Cc1ccc(O)cc1)OC1CC(O)(C(=O)O)CC(O)C1O;C=CC(C)(O)C1CC2C3(C)CCCC(C)(C)C3C(O)C(O)C2(C)O1;COc1ccc(C(=O)C2=NCCc3cc(OC)c(OC)cc32)cc1OC;CCOc1ccc(C(C)(C)COCc2cccc(Oc3ccccc3)c2)cc1;CC1CCC2C(C(=O)O)=COC(OC3OC(CO)C(O)C(O)C3O)C12;CC12CCC(=O)C=C1C(O)CC1C2C(O)CC2(C)C1CCC2(O)C(=O)CO;O=C(CCc1ccccc1Br)N1CC(N2CC3CCCC3C2)C1;Cn1cncc1CC(NC(=O)C1CCC(=O)N1)C(=O)N1CCCC1C(N)=O;COc1ccc(CCNC(=O)C(=O)NC2CC3(COC(C)C3)C2)cc1OC;CCOc1cccc(C2(N3CCN(c4ccccc4)CC3)CCC(C)CC2)c1;CCCCCC=CCC=CCC=CCCCCCCC(=O)NC(C)C(=O)O;CC1(CO)C(O)CCC2(C)C1CCC1CC3CC12CCC3(O)CO;O=C(c1coc(C2CCOCC2)n1)N1CCCSc2ccc(Cl)cc21;Cc1nc(CN2CCN(c3ccc(C(=O)Nc4ccccc4)nn3)CC2)n[nH]1;O=C1CC2(CCN(C(=O)C3COc4ccc(Br)cc43)CC2)CN1;O=C(Nc1cc(F)cc(N2CCOCC2)c1)N1CCC(C2CCCN2)CC1;COCCn1nc2c(c1C(=O)NCCc1nc(C)oc1C)CC(C)OC2C;CC(C)N1CCN(C2CCN(C(=O)NC3CCc4ncnn4C3)CC2)CC1
m_baccbd,FC(F)(F)c1nc(CNc2ncnc3nc[nH]c23)c2n1CCCC2;Cc1ccc(NC(=O)C2CC(=O)N(c3ccc(C)cc3C)C2)c(C)c1;Nc1ncnc2c1ncn2CCC(=O)NC1COc2ccccc2C1;CCCS(=O)(=O)N1CCN(c2ccc3nnc(CC)n3n2)CC1;CC(C)(C)c1ccc(N2CCN(c3ncnc4[nH]ncc34)CC2)nn1;COc1cc(O)c2c(=O)c(OC)c(-c3ccc(O)cc3)oc2c1;Cc1ccc(OC(=O)C2CC(=O)N(c3ccc(C)c(C)c3)C2)cc1C;Cc1ccc(N2CC(C(=O)Oc3cc(C)ccc3C)CC2=O)c(C)c1;CN(C(=O)c1cc(C2CC2)[nH]n1)C1CN(c2cc3c(nn2)CCC3)C1;CCC(=O)N(c1ccccc1)C1CCN(CCc2ccccc2)CC1;O=C(CCNc1ncnc2nc[nH]c12)NC(CO)Cc1ccccc1;CCN1CCc2c(cccc2NC(=O)c2ccc3nnc(C)n3n2)C1;COc1ccc(NC(=O)Cn2c(C)cc(-c3nnc(C)o3)c2C)cc1;Cc1cc(N2CCN(c3nc(C)nc(C)c3C)CC2)n2ncnc2n1;CCCC(=O)Nc1ccc(OCC(O)CNC(C)C)c(C(C)=O)c1;CCC12C=CCN3CCC4(C(=C(C(=O)OC)C1)Nc1ccccc14)C32;CN(C)c1cccc(C(=O)NCC2CCN(c3ccccn3)CC2)c1;CC(C)CC(=O)Nc1ccc(NC(=O)c2cc3ccccc3o2)cc1;CCC1CC2CN3CCc4c([nH]c5ccccc45)C(C(=O)OC)(C2)C13;Cc1cncnc1N1CCN(C(=O)c2cc3c(nn2)CCCC3)CC1;COc1c(C)ccc(NC(=O)C(C)n2cnc3c(N)ncnc32)c1C;CC1(C)C(=O)N(CC(=O)Nc2ccc3c(c2)OCO3)c2ccccc21;CC1=CC2OC(=O)C(C)=C2CCC2(C)OC2CCC(C)=CCC1;CCOc1ccc(CC(=O)Nc2cccc(N3CCCC3=O)c2)cc1;Cc1cnn(C)c1S(=O)(=O)NCC(Cc1ccccn1)C(=O)O
m_bb75e4,COC1C(O)C(CO)OC1n1cnc2c(=O)[nH]c(N)nc21;COc1ccc(-c2oc3cc(O)cc(O)c3c(=O)c2O)cc1;Cn1c(N)nc2c(ncn2C2OC(CO)C(O)C2O)c1=O;COc1cc(O)c2c(=O)c(O)c(-c3ccc(O)cc3)oc2c1;CC(C)=CC(O)CC(C)=CCOc1ccc2ccc(=O)oc2c1;COC(=O)Nc1nc2ccc(Sc3ccccc3)cc2[nH]1;CC(C)=CCCC(C)=CCOc1ccc2ccc(=O)oc2c1;COc1c(O)cc2occ(-c3ccc(O)cc3)c(=O)c2c1O;N#Cc1ccc2c(c1)COC2(CCCN)c1ccc(F)cc1;CC(C)=CCn1cnc2c(-c3ccccc3)nsc2c1=O;Cc1nc(N2CC(S(C)(=O)=O)C2)c2c(C)csc2n1;CC(=O)Nc1ccc(S(=O)(=O)Nc2cc(C)on2)cc1;O=C(CCCCc1ccc(O)cc1)CCc1ccc(O)cc1;Cn1cc(S(=O)(=O)Nc2ccc(C(=O)O)cc2F)cn1;CC1=CC2OC3CC(O)C(C)(C34CO4)C2(C)C(O)C1=O;CCOc1cc([N+](=O)[O-])c(OCC)cc1N1CCOCC1;NCCC(Oc1ccc(C(F)(F)F)cc1)c1ccccc1;COc1ccc(C(=O)CSc2ncnc3nc[nH]c23)cc1;CNc1nc(=O)c2ncn(C3OC(CO)C(O)C3O)c2[nH]1;O=C1OCC(Cc2cccc(O)c2)C1Cc1cccc(O)c1;CCCCCCC(C)Nc1ccc(Nc2ccccc2)cc1;CC1CC2OC3CC(O)C(C)(C34CO4)C2(C)C(=O)C1=O;CCCCCCCCC#CCCCCCCCC(=O)O;O=C(O)C(Oc1ccc2ccc(=O)oc2c1)c1ccccc1;COc1cc2ccc(=O)oc2cc1OCC=C(C)C
m_bbb21f,COc1ccc(-c2noc(C3CCCN3C(=O)C3CC3)n2)cc1;Cc1nc2n(n1)CCN(C(=O)NCc1ccc(C(C)(C)O)cc1)C2;CCCN(Cc1nc(C(=O)O)co1)C1CCc2ccccc2C1;O=C(NC1CCCc2ccccc21)c1csc2c1CCCC2;O=C(N1CC(n2nccn2)C1)C1(c2ccccc2)CCOCC1;CNC(=O)C(OC)c1ccccc1COc1cc(C)ccc1C;Cc1ccc(C(O)CNC(=O)C2(c3ccccc3)CCOCC2)o1;CN(C)CCCC(C)(O)C(Cc1ccccc1)c1ccccc1;Cc1cccc(OCCCSCc2nc3ccccc3[nH]2)c1;OC1CC(Cn2cccn2)CC1NCc1cccc2cn[nH]c12;Cn1cc(C(=O)NCC2CC(=O)N(Cc3ccccc3)C2)nn1;COC(C)C(O)(C(=O)OCC1=CCN2CCC(O)C12)C(C)C;COc1ccc(CN2CC(Cn3cc(Br)cn3)C2)cc1;Cc1ccc(S(=O)(=O)NC(=O)NN2CCCCCC2)cc1;c1ccc(OC2CC2)c(Cn2cc(CN3CCOCC3)nn2)c1;COc1c2c(nc3occc13)C(CC=C(C)C)(OC)C(=O)C=C2;Cc1ccc(C(=O)NCc2ccc3c(c2)ncn3C(C)C)s1;CON=C(C(=O)OC)c1ccccc1COc1ccccc1C;CN(C)C(CNC(=O)CCc1ccccc1)c1ccc(F)cc1;CCOc1ccccc1OC(c1ccccc1)C1CNCCO1;Brc1ccc(CNCc2nc3ccccc3[nH]2)cc1;OC(CC#CCN1CCOCC1)(c1ccccc1)C1CCCC1;CCCCOC(=O)c1ccccc1C(=O)OCc1ccccc1;CCOC(=O)C1=CC(OC(CC)CC)C(NC(C)=O)C(N)C1;CN1C2CCCC1CC(NC(=O)c1nn(C)c3ccccc13)C2
m_bbc0aa,CC(NC(=O)N1Cc2ccccc2CC1C)c1csnn1;CN(C(=O)NC1CCC(O)CC1)C1CCc2ccccc2C1;NC(=O)C1(O)CCN(C(=O)C2(Cc3ccccc3)CC2)CC1;O=C(O)CCCCCCCC(O)C(O)CCCCCCO;O=C(NC1(C(=O)O)CCOCC1)c1ccc(C2CCC2)cc1;CC12CC(O)C3C(CCC4=CC(=O)CCC43C)C1CCC2=O;Cc1ccn(S(=O)(=O)c2ccc(C3CCCCC3)cc2)n1;CC12CCC(=O)C=C1CCC1C2CCC2(C)C1CCC2(C)O;CC12CCC(=O)C=C1CCC1C2C(=O)CC2(C)C(O)CCC12;CCCc1nnsc1C(=O)N1CCC(c2ccccc2)C1;CC(Cc1ccc(C(C)(C)C)cc1)CN1CC(C)OC(C)C1;CC12C=CC(=O)CC1CCC1C2CCC2(C)C1CCC2(C)O;COc1cc(C=CCN(C)CCS(=O)(=O)O)ccc1O;COC(=O)CC1C(C(=O)OC)=COC(OC2OC(CO)C(O)C(O)C2O)C1=CCOC(=O)C=Cc1ccccc1;COC1CCC2(CC1)NC(=O)C(c1cc(C)ccc1C)C2O;COc1cc(O)cc(O)c1C(=O)CC(O)c1ccc(O)cc1;CC1(C(=O)O)CCCN(C(=O)Cc2cnn3ccccc23)C1;CCCCNC(=S)NNC(=O)c1c(Cl)c(C)nn1C;N#CC1OC2(CCN(Cc3ccccc3)CC2)c2ccccc21;CCC=CCC=CCC=CCC=CCC=CCCCC(=O)O;CC(C)(O)C(O)COc1c2ccoc2cc2oc(=O)ccc12;CC1(C)CCCC2(C)C1CC(=O)C13CC(CCC12)C(O)(CO)C3;CC(=O)OC(C)(C)C(=O)N1CCCCC(c2ccccc2)C1;COCCN(C(=O)CS(=O)(=O)O)c1c(C)cccc1C;COc1cc2c(cc1OC)C1=CC(=O)C(O)C(C)(C)C1CC2
m_bcb981,Cc1c(C(=O)NCC(C(=O)O)c2ccccc2)cnn1C(C)(C)C;Cc1c(C(=O)NCc2ncccc2N(C)C)cnn1C1CCCC1;Fc1ccccc1COc1ccccc1CNCC1CCNCC1;COc1ccc(C2CCN(C(=O)NCc3ccc(F)cc3)C2)cc1;CC(C)N1CCC(CNS(=O)(=O)Cc2ccc(F)cc2)CC1;O=C(Cc1ccc(F)cc1)NCc1ccc(C(=O)O)c(C2CC2)n1;O=C(COc1ccccc1)Nc1nnc(Cc2ccc(F)cc2)o1;O=C(Cc1cc(-c2ccc(Cl)cc2)on1)NCc1ccccn1;Cc1cccc(C(CNC(=O)C2C3CCCC32)N2CCOCC2)c1;Cc1cc(C)n(CC(=O)NCc2ccccc2OC(F)(F)F)n1;O=C(Nc1ccc(=O)n(Cc2cccc(F)c2)c1)C1CCCOC1;Cc1cccc(N2CCN(C(=O)Cc3c(C)n[nH]c3C)CC2)c1C;O=C(NCC(CO)Cc1cccnc1)C1Cc2cc(F)ccc2O1;O=C(Cc1ccc(F)cc1)N1CC(c2nc(-c3ccco3)no2)C1;Cc1ccc(C(C)C)c(OCC(=O)NNC(=O)c2cc(C)[nH]n2)c1;Cc1cc(NC(=O)c2cccn(Cc3ccccc3F)c2=O)no1;O=C(NCc1ccc(F)cc1)N1C2CCC1CC(n1cccn1)C2;COc1ccccc1CC(=O)NCc1cn(-c2ccsc2)nn1;O=C(Cc1ccc(F)cc1)NCC(c1ccsc1)c1ccco1;Cc1cc(C(=O)Nc2nc3c(C)ccc(C)c3s2)n(C(C)C)n1;CC1CCCC1NC(=O)N1CCC(Nc2ccc3nccn3n2)C1;O=C(NO)c1cnc(NC2(c3cccc(F)c3)CCCCC2)nc1;O=C1C2CCCN2C(=O)N1CCN1CCN(c2ccccc2)CC1;COc1ccc(C2CCN(C(=O)CCc3c(C)noc3C)C2)cc1;O=C(Cc1ccc(F)cc1)N1CCSC(c2ccccc2)CC1
m_bcd97d,N#CC1C(O)C(CO)OC1n1ccc(N)nc1=O;CCCCCCCCC(=O)NCCc1ncc[nH]1;CCCCCCCCC(=O)NC(CCCCN)C(=O)O;Cc1ncsc1CNC(=O)C1CCNC(=O)C1;Cc1cc(O)c2c(=O)c3c(O)cccc3c(=O)oc2c1;O=C(O)C1CCCN(C(=O)c2ccccc2F)C1;COc1ccc(CNCCCCCC(=O)O)cc1;CC1CCCC(O)(CNC(=O)C2CCC(=O)N2)C1;COc1ccc(CNCCCCNC(C)=O)cc1;O=C(O)C1CCCN(C(=O)c2ccc(F)cc2)C1;O=C(O)CCC1CCN(C(=O)c2cn[nH]c2)CC1;CN=C(NC#N)NCCSCc1nc[nH]c1C;O=c1cc(-c2ccccc2)oc2c(O)c(O)ccc12;CC1(Cn2cc(C(=O)NC3COC3)nn2)COC1;CC(C(=O)N1CCCC1CC(=O)O)n1cccn1;O=C(O)CC1=NN(c2cccc(Cl)c2)C(=O)C1;C=C1C2CC2C2(C)Cc3occ(C)c3C(O)C12;O=C(O)C1CCN(C(=O)c2ccc(F)cc2)CC1;COc1ccc(C(CN)C2(O)CCCCC2)cc1;Cn1cnn(CC(=O)NCC2(O)CCCCC2)c1=O;Cc1c(O)cc(CC(O)C(C)C(O)C(C)C)oc1=O;CN1CCC(CNC(=O)c2cc(=O)[nH]cn2)C1=O;CCC(C)N(CC(=O)O)C(=O)c1ccc(F)cc1;CC(C)n1ccc(C(=O)NCC2CCCCO2)n1;COCC(=O)N1CCN(C(=O)c2ccn[nH]2)CC1
m_bcdd81,CC(C)CC1COC(C2=NC(CC(C)C)CO2)=N1;CC1CCCC(O)(CNC(=O)C2CCC(=O)N2)C1;CCCC(O)C(O)C1CC(OC)=CC(=O)O1;CN(C)c1nc(=O)n(C2CCCCC2)c(=O)n1C;CC(C)c1c(O)cc(C=Cc2ccccc2)cc1O;O=C(NCCCc1n[nH]c(=O)[nH]1)C1CCCCC1;CC12CCC3c4ccc(O)cc4CCC3C1CCC2=O;COc1cc(O)c(CCO)c2c1C(=O)CC(C)O2;NCC(O)CCC(NC1CCCC1)C(=O)O;C=C1CC(O)C(O)C(C)C(=O)CC2C1CC2(C)C;NCCCCNC(CO)C(O)C(O)C(O)CO;CCN1C(=O)COC(C(=O)O)C1c1ccnn1C;CCCCCC=CCC=CCCCCCCCCO;C=C(C(=O)O)C1CCC(C)C2CC(=O)C(C)=C2C1;CC(=CC(=O)O)C=C(C)CC(C)CCCCC(O)C(CO)C(=O)O;CCCCCCCNC(CC(N)=O)C(=O)O;CC(=O)NCCCCNC(C(=O)O)C(C)C;CC1(Cn2cc(C(=O)NC3COC3)nn2)COC1;NCCCNCC(O)C(O)C(O)C(O)C(=O)O;NCCCCNC(Cc1ccc(O)cc1)C(=O)O;CCCC(=O)c1c(OC)cc(O)c(CCO)c1O;NCCCCNCC(O)C(O)C(O)C(O)CO;CC12CCC3c4ccc(O)cc4CCC3C1CC(O)C2O;O=C(COc1ccc(F)cc1)N1CCCC1CO;CCCCCC(C)NC(CC(N)=O)C(=O)O
m_bd0de9,Cc1cccc(C)c1N1CCN(C(=O)CN2CCCC2=O)CC1;CCn1nnc(NC(=O)COc2ccc(Cl)cc2Cl)n1;COc1ccc2c(c1)C(NC(=O)c1cnc(OC)nc1)CCO2;CCOc1ncc(NC(=O)Nc2ccccc2C)c(OCC)n1;N=C(N)NCCCC1=NC(=O)N(C=Cc2ccc(O)cc2)C1=O;CCc1nc(CC(=O)N2CCC(c3ccccn3)CC2)cs1;CCc1nc2sc(C)nn2c1S(=O)(=O)N1CCOCC1;CC(Oc1ccc(Cl)cc1Cl)C(=O)Nc1nnn(C)n1;Fc1cncnc1N1CC(Oc2ccnc(C(F)(F)F)c2)C1;O=C(C1CN(c2ncc(F)cn2)CCO1)N1CCSCC1;CN(C1CCCN(c2ncncc2F)C1)S(=O)(=O)C1CC1;O=C(NN=Cc1cccc2ccccc12)c1cc2ccccc2o1;COc1cc(C(O)=Nc2cccc(C#N)c2)cc(OC)c1OC;CN(C)c1ccc(C=NN=C(O)Cc2nnc(O)nc2O)cc1;COc1ncccc1C(=O)NCc1cn(-c2ccsc2)nn1;O=C1CN=C(c2ccccn2)c2cc(Br)ccc2N1;Cc1nc(C(=O)N2CCC3CN(c4ccccn4)CC32)cs1;Cc1ccc(F)cc1C1(c2noc(CNC(=O)C3CC3)n2)CC1;CN(c1ccccc1)C1CCN(C(=O)C2CCNC(=O)C2)CC1;O=[N+]([O-])c1ccccc1C=NN=C(O)Cc1nnc(O)nc1O;O=C(CC(C(=O)O)N1CCOCC1)Nc1ccc(F)cc1F;CCCCCCCCCC(=O)NC(CCCC(=O)O)C(=O)O;CC(O)=NC1C(O)OC(CO)C(O)C1OC(C)C(=O)O;CC(=NNC(=O)C(C)Nc1cccc(Cl)c1)c1ccccc1;O=C1CN=C(c2ccccc2Cl)c2cc([N+](=O)[O-])ccc2N1
m_bd907b,C=CCCCCCCCCC(=O)NC(C(=O)O)C(C)C;CCCC=CC=CC=CC(=O)NCCc1ccc(O)cc1;CC12C=CC(=O)C=C1CCC1C2CCC2(C)C(O)CCC12;CC(C)c1c(O)ccc2c1CCC1C(C)(C)CCCC21C;CCCCC=CCCCCCCCC(=O)NCC(=O)O;Cn1nccc1C1OCCC1CN1CC2CC3CC2C1C3O;Cn1nccc1C1CCCCN1C(=O)c1ccc[nH]c1=O;CCN(Cc1ccncc1)C(=O)C(CO)c1ccccc1;CC(NCCc1ccc(O)cc1)C(O)c1ccc(O)cc1;CC1CC2CC(O)CCC2(C)C2CCC3(C)C(CCC3(C)O)C12;C=CCCCCCCCCC=CCC(O)CC(O)CO;CC(O)C1CCC2C3CCC4CC(O)CCC4(C)C3CCC12C;CCC1(O)CCC2C3CCC4CC(O)CCC4C3CCC21CC;Cc1cc(NC(=O)N2CCCC2c2cccnc2)n(C)n1;CC12C=CC(=O)C=C1CCC1C2CCC2(C)C(=O)CCC12;C=CCCCCCCCCC(=O)NC(C(=O)O)C(C)O;CC(C=O)=CCCC(C)C1CCC(C)C12CC=C(C)C(O)C2;CCCCCCCCC=CC(=O)NC(C(=O)O)C(C)C;C#CCCCCCCCCCCCC(O)CC(O)CO;CN1C2CCC1CC(OC(=O)c1c[nH]c3ccccc13)C2;CCCCCCC1OC23OC1CCC2C(O)CCC3O;C=C(C)C1CCC(C)=CC1c1c(O)cc(CCC)cc1O;C=CCCCCCCCCCCCC(O)CC(O)CO;Nc1nc(NC2CC2)c2ncn(C3C=CC(CO)C3)c2n1;CCCc1cc(O)c2c(c1)OC(C)(C)C1CCC(C)=CC21
m_bda18e,COc1cnc(NS(=O)(=O)c2ccc(N)cc2)nc1;COc1ccc(NS(=O)(=O)c2ccc(N)cc2)nn1;COc1cc(NS(=O)(=O)c2ccc(N)cc2)ncn1;Cc1cc(C(=O)NCc2nc(C)c(C(=O)O)s2)n[nH]1;CCCCCCCC(=O)NC(CC(N)=O)C(=O)O;COc1ccc2ccc(=O)oc2c1C(C=O)=C(C)C;CC(C)(O)CCCC(C)(O)c1ccc(C(=O)O)cc1O;CCCCCCCCOC(=O)c1cc(O)c(O)c(O)c1;CC(CO)CCCC(C)(O)c1ccc(C(=O)O)cc1O;CSCCC(NC(CCC(=O)O)C(=O)O)C(=O)O;NC(CC(=O)O)C(=O)NC(Cc1ccccc1)C(=O)O;CC(CO)=C1CCC23COC(C2)C(O)(C(=O)O)CCC13;CC(=O)Nc1ccc2c(c1)Cc1cc(NC(C)=O)ccc1-2;CCCCCCC(=O)NCC(O)c1ccc(O)c(O)c1;COc1cc(C=C2C(=O)c3ccccc3C2=O)ccc1O;COc1ccc(C=Cc2cc(OC)cc(=O)o2)cc1;O=C(O)c1csc(CCNC(=O)C2CCCCO2)n1;CC1CC(=O)NN=C1c1ccc(NN=C(C#N)C#N)cc1;CC(C)n1cnc(S(=O)(=O)N(C)c2cccnc2)c1;COCC(C)(CC(=O)O)NC(=O)c1ccc(=O)n(C)c1;Cc1nc(C(C)C)oc1C(=O)NC1CCOC1C1CC1;CCN(CC)CCn1cnc2c1c(=O)n(C)c(=O)n2C;Nc1nc(Cl)cc(N(Cc2cccs2)C2CC2)n1;CCc1nc(C)c(C(=O)N2CCC(C)(C(=O)O)C2)s1;O=C1CN=C(c2ccccc2)c2cc([N+](=O)[O-])ccc2N1
m_bf639c,CC12CCC(O)CC1=CCC1C2CCC2(C)C(c3cccnc3)=CCC12;CCn1ccnc1N1CCN(C(=O)COc2ccc(Cl)cc2)CC1;CNC(=O)c1c(N(C)Cc2c(N(C)C(=O)NC)ncn2C)ncn1C;CCCCCCCC(O)C=CC(O)CCC(O)CCCC(=O)O;Cc1c(C(NS(=O)(=O)c2ccc(Cl)s2)C(=O)O)cnn1C;CCC=CCC(O)C(O)CCC(O)CCCCCCCC(=O)O;OCC1OC(OCC=Cc2ccc(O)cc2)C(O)C(O)C1O;CC1CC2(OC2C)C(=O)OC2CCN3CC=C(COC(=O)C1(C)O)C23;CCCCCCCCCC(O)CC(=O)CCc1ccc(O)c(OC)c1;CCCCCCCCCCCCC(=O)NCCc1ccc(O)c(O)c1;CCCCCCCCCCC=CCNC(Cc1cncn1C)C(=O)O;CC1Nc2ccnn2C(C)C1CCC(=O)NCC(C)N1CCOCC1;CCOC(=O)C1CCN(CC(O)COc2ccc(C(C)=O)cc2)CC1;CCn1nc(C)c(S(=O)(=O)N2CCc3cc(C(=O)O)ccc32)c1C;CN(CCC1CCCCN1C)C(=O)C1CCC(C(F)(F)F)NC1=O;CCCCCCCCCCCCCCCN(C)CCS(=O)(=O)O;C=C1CCC2C(C)(CO)C(O)CCC2(C)C1CC(O)C1=CCOC1=O;CCOC(=O)C1CCC(NC(=O)c2cn(C3CCOCC3)nn2)CC1;CCOc1cc(C(=O)NC2CCCCC2C)cc(OCC)c1OCC;CC(C)c1ocnc1CN1CCC(COc2ccncc2Cl)CC1;CCN(CC)CCOC(=O)C1(C2CCCCC2)CCCCC1;CN(C)CC1CCCCC1C1(O)c2ccccc2CSc2ccccc21;CCc1cnc(N2CCC(c3nnc4ccc(C5CC5)nn34)CC2)nc1;Cc1ccccc1-c1nc2nc(C)c(CC(=O)N3CCCC3)c(C)n2n1;CC(NC(=O)CC1CC2CCC(C1)N2)c1ccc(-c2ccncc2)cc1
m_bf6cfe,O=C(Nc1cccnc1)C1CC(c2ccc(F)cc2)=NO1;Cn1cc(Cn2cc(CC(C)(O)c3cccs3)nn2)cn1;Cn1ccc(CNC(=O)c2cc(C(F)(F)F)n(C)n2)n1;CC(C)Cn1cc(C(=O)N2CC3(C2)CC(F)(F)C3)cn1;O=C(NCC(O)c1ccc(-c2cccs2)o1)c1ccco1;CC(CCC(=O)O)(c1ccc(O)cc1)c1ccc(O)cc1;O=Cc1ccccc1OC1OC(CO)C(O)C(O)C1O;COc1ccc(CN(CCN(C)C)c2ccccn2)cc1;O=C1OC(C(=O)NCC2(O)CCCCC2)Cc2ccccc21;CN1C2CCC1CC(OC(=O)c1c[nH]c3ccccc13)C2;C=CCN(CC(=O)O)S(=O)(=O)c1cncc(OC)c1;CC12C=CC(=O)C=C1CCC1C2CCC2(C)C(O)CCC12;Cc1ccc(C(=O)NCC(=O)NCc2ccn(C)n2)cc1;Cc1cc(C(O)=NC(Cc2ccccc2)C(=O)O)c(C)o1;CC(C)n1nccc1C(=O)N1CCCC1c1cccnc1;Cc1nc(C2CCCN(c3cc(C(C)C)ncn3)C2)n[nH]1;COc1ccccc1-c1csc(Cc2nc[nH]c2C)n1;Cc1[nH]ncc1CN(C)c1nc(C2CC2)nc2c1CCC2;CCOc1ccc(NC(=O)c2ccc3c(c2)OCO3)cc1;O=C(O)c1ccc(OCCNC(=O)c2ccncc2)cc1;CCN(Cc1ccncc1)C(=O)C(CO)c1ccccc1;Cc1nn(C2CCS(=O)(=O)C2)c(C)c1CCC(=O)O;COCC(=O)Nc1ccccc1NC(=O)c1ccccc1;O=C(NC(Cc1ccccc1)C(=O)O)c1ccc(F)cc1;O=C(NC(c1ccccc1)C(O)C(=O)O)c1ccccc1
m_c1b10a,CC12C=CC(=O)C=C1CCC1C3CC(O)C(O)(C(=O)CO)C3(C)CC(O)C12F;COc1cc2c(cc1OC)C13CCN4CC5=CCOC6CC(=O)N2C1C6C5CC43;C=C(C(=O)OC1CC(C)=CCCC(CO)=CC2OC(=O)C(=C)C21)C(O)CO;COc1cc(C=CCO)cc(OC)c1OC1OC(CO)C(O)C(O)C1O;C=CC1(C)CC(OC(=O)C(=C)C(O)CO)C(C(=C)C(=O)O)C(O)C1C(=C)CO;C=C(C)C(=O)OC1C(C=O)=CCCC(CO)=CC2OC(=O)C(=C)C2C1OC;C=C(CO)C(=O)OC1CC23OC2CCC(=CC2OC(=O)C(=C)C21)COC3O;COc1ccc(C2OC(c3ccc(OC)c(OC)c3)C(C)C2C)cc1OC;C=C1C(=O)OC2C=C(CO)CCC=C(C=O)C(O)C(OC(=O)C(C)CC)C12;C=C(C)C1Cc2c(ccc3c2OC2COc4cc(OC)c(OC)cc4C2C3=O)O1;CC(CCC(=O)O)C1CCC2C3CCC4CC(O)CCC4(C)C3CCC12C;C=C1C(=O)OC2C=C(C)CCC=C(C=O)C(OC)C(OC(=O)C(C)CC)C12;COc1ccc(C=CC(=O)c2c(OC)cc(OC)c(CC=C(C)C)c2OC)cc1;CC1=CC(=O)C(O)C2(C)C1CC1OC(=O)C(O)C3(O)C(C)C(O)C(O)C2C13C;C=C1C(O)C2OC(=O)C(=C)C2C(OC(=O)C(C)=CC)CC2(C)OC2C2OC12;CC1CC(O)C23COC2(CO)CC(O)CC3C12CC(c1ccoc1)OC2=O;c1ccc(-c2ccc(CNCCNCc3ccc(-c4ccccn4)cc3)cc2)nc1;Cc1cc(O)c(C=O)c2c1C(=O)Oc1c(CO)c(O)c(C(=O)O)c(C)c1O2;COC1OC(O)C2(CCC3(O2)C(C)CC2OC(=O)C4(C)CCCC3(C)C24)C1O;COc1ccc(C=Cc2cc(OC)c(OC)c(OC)c2)cc1OP(=O)(O)O;Cc1cc(C)cc(C(=O)N(NC(=O)c2ccc3c(c2C)CCCO3)C(C)(C)C)c1;COc1cc(C(=O)O)ccc1OC(C)Cc1cc(OC)c(OC)c(OC)c1;CS(=O)(=O)NC1CC(Nc2nc(-c3cccnc3)nc3c2CCC3)C1;C=C1C(O)C(O)C2(CC3C(C)=CCC4C(C)(CO)CCCC34C)OC2C1O;CC1CC2=C(CC3C(C)(CCC4(O)C(C)(C)C5OC5C(=O)C34C)O2)C(=O)O1
m_c1ec62,Nc1ccn(C2OC(CO)C3OP(=O)(O)OC32)c(=O)n1;O=C(Cc1ccc(-c2ccccc2)cc1)NCC(O)c1ccoc1;Cc1cccc(C(=O)N2C(C(=O)N(C)C)CC3OCCC32)n1;NC(=O)C1CCCCN1C(=O)Cn1cnc2c(c1=O)CCC2;Cc1nc(C(=O)N2CCCC(Oc3cnccn3)C2)cs1;CN(Cc1nnc2n1CCC2)C(=O)NC1CCCCCCC1;Cc1ccn2cc(C(=O)NCCCN3CCOCC3)nc2c1;CC1CN(Cc2nc3c([nH]2)c(=O)n(C)c(=O)n3C)CC(C)O1;COc1cc(C=CC(=O)NCCCCNC(C)=O)ccc1O;Cc1nc(C2CCC(CNC(=O)c3cnn(C)c3C)O2)n[nH]1;COc1ncccc1CN(C)C(=O)CCc1c(C)noc1C;Cn1nccc1C(NS(=O)(=O)N1CCOCC1)C(=O)O;CC(C)(O)C(O)COc1c2occc2cc2ccc(=O)oc12;CCC(NC(=O)C1CCCNC1)c1ccc2c(c1)OCCO2;Cc1cc(C)c(C#N)c(SCC(=O)Nc2nccs2)n1;CCC(C)(C(=O)CC1C(=O)OC(C)(O)C1C)C(=O)OC;CN1CC(C(=O)N2CCC(Oc3ccccn3)CC2)CC1=O;CCCn1cnc2c1c(=O)n(CCCCC(C)=O)c(=O)n2C;Cc1ccc(NC(=O)N2CCOC3(CCOCC3)C2)cc1C;COc1ncccc1CNC(=O)CCc1c(C)nn(C)c1C;COc1cc(N2CCN(Cc3c(C)noc3C)CC2)ncn1;Cc1noc(C)c1CN1CCN(C(=O)C2CCCCC2)CC1;COc1ncccc1CNC(=O)CC1CCN(C(C)=O)CC1;Cc1oc(-c2cccs2)nc1CN1CCCC(CCO)C1;CC1CCC2C(C)C(=O)OC3OC4(C)CCC1C32OO4
m_c2176f,CN1CCc2cc3c(cc2C(=O)Cc2ccc4c(c2C1)OCO4)OCO3;O=C(NC1CC2CCC1O2)c1ccc2c(c1)[nH]c(=O)n2CC(F)(F)F;COc1cc(C(C)C)c(Oc2cnc(N)nc2N)cc1S(N)(=O)=O;CCCCc1cc(C(=O)OCC(=O)c2cccs2)c2ccccc2n1;O=C(NCCc1ccccc1)c1cc(-c2cccnc2)nc2ccccc12;COc1ccc2c(c1OC)C(=O)N1CCc3cc4c(cc3C1C2)OCO4;Cc1cc(N2CCN(c3ncnc(C4CC4)c3F)CC2)n2nccc2n1;C[N+]12CCc3cc4c(cc3C1(O)Cc1ccc3c(c1C2)OCO3)OCO4;Cc1cnc(OCC2CCCN(C(=O)CCC(F)(F)F)C2)nc1;CN1CCc2cc3c(cc2C(=O)Cc2cc4c(cc2C1)OCO4)OCO3;COC(=O)Nc1ccc(NC(=O)C2CCCN(c3cnccn3)C2)cc1;O=C(NC1CCN(C2CCCCC2)C1=O)c1ccnc(-c2ncc[nH]2)c1;CC(C)=CC1C(C(=O)OCN2C(=O)C3=C(CCCC3)C2=O)C1(C)C;O=C(Cn1nc2c(cc1=O)CCCC2)NC(Cc1ccccc1)C(=O)O;COc1cc2c(cc1OC)CN(C(=O)c1cc3c(nn1)CCCC3)CC2;COC(=O)C1=C(C)N=C2CC(C)(C)CC(=O)C2C1c1ccc(OC)cc1;COc1ccc(C2=C(C(C)=O)C(C)Nc3c2c(=O)n(C)c(=O)n3C)cc1;CC(NC(=O)C(N)CC(=O)O)C(=O)NC1C(C)(C)SC1(C)C;CCC(CC(F)(F)F)C(=O)Nc1ccc(S(=O)(=O)N(C)C)cn1;Cc1ncnc(N2CCN(C(=O)Cn3ccc4ccccc43)CC2)c1F;CN1Cc2c(ccc3c2OCO3)C2C(O)Cc3cc4c(cc3C21)OCO4;COc1cc2c(cc1OC)-c1c3c(cc4c1C(C2)N(C=O)CC4)OCO3;CC(C)C1C(=O)OC2CCN3CC=C(COC(=O)C(C)(O)C1(C)O)C23;CC(=O)NCC1CN(c2ccc(N3CCSCC3)c(F)c2)C(=O)O1;CN1Cc2cc3c(cc2CCC(=O)c2cc4c(cc2C1)OCO4)OCO3
m_c2313f,CC12CCCCC1C2C(=O)NN=Cc1cc2c(cc1Br)OCO2;CCCC1COC(Cn2cncn2)(c2ccc(Cl)cc2Cl)O1;CC(=O)c1ccc(NS(C)(=O)=O)c(Oc2ccc(F)cc2F)c1;Cc1nn(C)c(C)c1S(=O)(=O)N(CCc1cccs1)C1CC1;COc1cc2c(cc1CC=C(C)C)C(=O)CC(c1ccc(O)cc1)O2;Cc1nnc(C2CCCN(S(=O)(=O)c3ccc(F)cc3)C2)s1;COc1cc2c3c(c1O)-c1c(ccc(OC)c1OC)CC3N(C)CC2;O=C(Nc1ccc(Cl)cc1C(O)c1ccccc1)c1ccncc1;COc1ccc2c3c1OC1C(OC(C)=O)C=CC4C(C2)N(C)CCC341;COc1cc(-c2oc3cc(O)ccc3c(=O)c2O)cc(OC)c1OC;O=C(Nc1ccccc1-c1ccc(Cl)cc1)c1cccnc1Cl;Cc1ccc(S(=O)(=O)N2CCCC(Oc3ncccn3)C2)s1;O=S(=O)(C1CC1)N1CCCN(c2ncnc3sccc23)CC1;COc1cc(OC)cc(C(=O)NCC2(O)CCc3ccccc3C2)c1;NCCCCCCNS(=O)(=O)c1cccc2c(Cl)cccc12;COc1cc2c(c(O)c1OC)C(=O)c1c(cc(C)c(O)c1OC)C2=O;Cc1c(S(=O)(=O)N2CCc3sccc3C2C(=O)O)cnn1C;FC(F)(F)c1nc(N2CCOC3(CCCOC3)C2)c2[nH]cnc2n1;O=C(CC1CCCC(=O)N1)Nc1nn(CC(F)(F)F)cc1Cl;CC(C)=CCc1cc(C2CC(=O)c3c(O)cc(O)cc3O2)ccc1O;Cc1cc(C)n(-c2ccc(CNC3CCCC34CCOCC4)cn2)n1;OCc1ncc2n1-c1ccc(Cl)cc1C(c1ccccc1F)=NC2;O=C(Nc1ccc(C(F)(F)F)nc1)c1coc(C2CCOCC2)n1;COc1cc(Cl)c(C=NNC(=O)CN2CCOCC2)cc1OC;CCn1cnnc1C1CCCCN1S(=O)(=O)c1ccccc1F
m_c30e40,Fc1ccc(N2CCN(c3nc4c(c(C(F)(F)F)n3)CCCCC4)CC2)cc1;COc1ccccc1C(=O)Nc1cc2c(cc1N1CCCCC1)n(C)c(=O)n2C;COc1cc2c(cc1OC)C13CCN4CC5=CCOC6CC(=O)N2C1C6C5CC43;CC(C)c1ccccc1OCC(=O)Nc1ccc(C(=O)NCC2CCCO2)cc1;COc1ccccc1CCNC(=O)c1nn(-c2ccccc2C)c(=O)cc1OC;CC(=O)N(C)CCN(CCN(CCN(CCO)C(C)=O)C(C)=O)C(C)=O;COc1cc(NC(=O)c2nn(-c3ccc(C)cc3)c(=O)cc2OC)cc(OC)c1;CN(C)CCN1C(=O)C(=O)C(=C(O)c2ccccc2)C1c1ccc2c(c1)OCO2;O=C(Cn1ncccc1=O)N1CCN(c2ncnc(-c3ccccc3)c2F)CC1;CC(NC(=O)c1ccc(F)cc1)c1ccc2c(c1)CCN2C(=O)C1CCOCC1;C=C(C)C1Cc2c(ccc3c2OC2COc4cc(OC)c(OC)cc4C2C3=O)O1;Cc1cc(Cc2cc(C)cc(C3CCCCC3)c2O)c(O)c(C2CCCCC2)c1;CCCc1nn(C)c(C(=O)Nc2ccc(C(=O)c3ccc(C)cc3)cc2)c1Cl;CC(C)(C)CC(C)(C)c1ccc(Nc2ccc(C(C)(C)CC(C)(C)C)cc2)cc1;Cc1[nH]c(C=C2C(=O)Nc3ccc(F)cc32)c(C)c1C(=O)NCCN1CCCC1;O=C(NC1CCN(C(=O)CCc2ccccc2)CC1)C1CCc2nnnn2CC1;Cc1cc(C)cc(C(=O)N(NC(=O)c2ccc3c(c2C)CCCO3)C(C)(C)C)c1;CC1CCCN(Cc2csc(NC(=O)c3cccc(Cn4ccnc4)c3)n2)C1;Cc1ccc(CCS(=O)(=O)NC2CS(=O)(=O)Cc3ccccc32)cc1;COc1ccc(-c2cc(=O)c3c(OC)c(OC)c(OC)c(OC)c3o2)cc1;CC1N=C(C(=O)NCCN2CCS(=O)(=O)CC2)NN(c2ccccc2)C1=O;C=CC(C)(C)c1c2c(c(O)c3c(=O)c4ccc(O)c(O)c4oc13)C=CC(C)(C)O2;Cn1cc2c(n1)C(O)CC1(CCN(C(=O)c3ccc(-c4cnco4)cc3)CC1)O2;O=C(Nc1nc2ccncc2[nH]1)c1ccc(NS(=O)(=O)c2ccccc2)cc1;CC1CC2C3CCC4=CC(=O)C=CC4(C)C3(F)C(O)CC2(C)C1(O)C(=O)CO
m_c3e52e,COC1CCN(C(=O)NC2CCN(c3ccccn3)C2)C1;CC(C)(C)OC(=O)N1CCc2[nH]nc(C(F)(F)F)c2C1;O=C(CCCc1ccccn1)Nc1cnc2ccccc2c1;CC=CC(O)C1OC(=O)CC1Nc1ccc(C(=O)O)cc1;CC(C(=O)N1CCCN(CC(=O)O)CC1)c1ccccc1;C=C(C(=O)O)C1CC(O)C2(C)CCCC(C)(O)C2C1;CN(C)C(=O)c1cc(NC(=O)NC2(C)CCOC2)ccn1;CC(C)(C)OC(=O)N1CCc2c(C(F)(F)F)n[nH]c2C1;COc1c(C)c(OCC=C(C)C)cc2c1C(=O)NC2=O;CC1CN(c2ccc(CNC(=O)NC3CC3)cn2)CCO1;CN(C(=O)C1CCC(=O)N1)C1CCOC1c1cccnc1;Clc1ccccc1OC1CCN(c2cnccn2)CC1;CC(=O)N1CCn2c3c(c4cc(C)ccc42)CCCC31;CCC=CCC1C(=O)C=CC1CCCCCCCC(=O)O;COc1ccccc1N1CCN(C(C(=O)O)C2CC2)CC1;CNCCCCc1cnc(C)c2[nH]c3ccccc3c12;Cc1cnn2cc(NS(=O)(=O)c3cccnc3)cnc12;CC(O)C=CC1OC(=O)CC1Nc1ccc(C(=O)O)cc1;Cc1nccc2c1[nH]c1cc(O)ccc12;Cn1cccc1C(O)CCNC(=O)Nc1ccccc1Cl;CCCCCCCC(=O)NC(Cc1ccccc1)C(=O)O;CNCCCC(C#N)(c1ccc(OC)c(OC)c1)C(C)C;NC(Cc1ccccc1)C(O)=Nc1ccc2ccccc2c1;CCCC1(CO)CCN(C(=O)c2cccnc2C2CC2)C1;COCCN1CCN(c2nccc3c(=O)[nH]cnc23)CC1
m_c50497,O=C(c1ccsc1)N1CCc2nc3ccc(Cl)cn3c(=O)c2C1;CCOc1nn(CC)cc1C(=O)N1CCN(C(=O)c2ccco2)CC1;N#Cc1ccc(F)c(CSc2nc(O)cc(=O)n2C2CCCC2)c1;CCCN(CCC)C(=O)c1sc(COc2ccc(C)cc2)nc1C;c1ccc(OCc2nnc3sc(-c4cc5ccccc5[nH]4)nn23)cc1;Cc1ccsc1C=NNC(=O)c1cc(C(C)C)cc(C(C)C)c1O;Cc1sc2nc(-c3nccs3)[nH]c(=O)c2c1-c1ccc(F)cc1;O=C(COc1ccc(Cl)cc1)NCc1nnnn1-c1ccccc1;Cc1ccc(N2CCC(NC(=O)c3cc(F)cc(F)c3)C2=O)cc1C;Cc1ccc(S(=O)(=O)c2nc(-c3ccco3)oc2NC2CC2)cc1;CC(C)(C)c1ccc(=O)n(C2CCN(c3ccncc3Cl)CC2)n1;CCOc1ccc(C=NNC(=O)c2csc(C)c2C)c(OCC)c1;CC1CC(=O)C2=C(O1)OC1(C)CCC3C(C)(C)C(O)CC(O)C3(C)C1C2;CC(C)(Oc1ccc(CCNC(=O)c2ccc(Cl)cc2)cc1)C(=O)O;CC1=C(C(=O)O)N2C(=O)C(NC(=O)C(N)c3ccccc3)C2SC1;COc1cc(COC2OC(CO)C(O)C(O)C2O)cc(OC)c1O;O=c1ccc(C2CC2)nn1CC1CCN(c2ccncc2Cl)CC1;O=C(CS(=O)(=O)c1ccc(Cl)cc1)Nc1ccc(Cl)cn1;COc1cc(C2OC(c3ccc(O)c(OC)c3)C(C)C2C)ccc1O;O=S(=O)(NCC1CCC(c2ncn[nH]2)O1)c1ccc(F)cc1F;O=C(COc1ccc(Cl)cc1Br)Nc1nccs1;O=C(Nc1c2c(nn1-c1cccc(Cl)c1)CSC2)c1ccco1;C=C(CO)C(=O)OC1CC(=C)C2CC(O)C(=C)C2C2OC(=O)C(=C)C12;COc1cc(OC2OC(CO)C(O)C(O)C2O)cc(OC)c1OC;OCC(O)C(O)C(O)C(O)COC1OC(CO)C(O)C(O)C1O
m_c567df,COc1ccc(N2CCCS2(=O)=O)cc1NC(=O)c1cccc(C(F)(F)F)c1;COc1cc(C2c3cc4c(c(O)c3CC3COC(=O)C32)OCO4)cc(OC)c1OC;O=c1c(-c2ccc(O)cc2)coc2cc(OC3OC(CO)C(O)C(O)C3O)ccc12;CN1CC(c2ccc(Cl)cc2)C(C(=O)c2ccccc2)C12C(=O)Nc1ccccc12;Cc1cc(O)cc(C)c1C=C1C(=O)N(Cc2ccccc2)C(=O)N(Cc2ccccc2)C1=O;Cc1c[nH]c(=O)n1-c1ccc(C(=O)N2CCN(CC(=O)N3CCOCC3)CC2)cc1;O=C(Cc1c[nH]c2ccccc12)NCC(c1cccnc1)S(=O)(=O)c1ccccc1;O=C(NC1(c2nc(-c3ccncc3)no2)CCCCC1)c1ccc(C(F)(F)F)cc1;CCN(C)C(=O)c1cccc(S(=O)(=O)N2CCC(O)(Cc3ccccc3F)CC2)c1;COc1cc(C2c3cc4c(cc3C(O)C3COC(=O)C23)OCO4)cc(OC)c1OC;CCOC(=O)C(CCc1ccccc1)NC(C)C(=O)N1C(C(=O)O)CC2CCCC21;COc1cccc(-c2cc3c(=O)n(Cc4ccccc4OC(F)(F)F)ccn3n2)c1;Cc1ccc(C(=O)NCCCCNC(=O)CCCc2c[nH]c3ccccc23)cc1;NS(=O)(=O)c1ccc(NC(=S)N2CCN(CC=Cc3ccccc3)CC2)cc1;COc1ccccc1C(O)=NCCc1c(C)[nH]c2ccc(OCc3ccccc3)cc12;COc1cc(C2c3cc4c(cc3CC3COC(=O)C32)OCO4)cc(OC)c1OC;COc1cc(Cc2noc(C3(Cc4ccccc4F)CC3)n2)ccc1S(C)(=O)=O;COc1ccc(Nc2oc(-c3ccco3)nc2S(=O)(=O)c2ccc(F)cc2)cc1;COc1ccc(C2Sc3ccccc3N(CCN(C)C)C(=O)C2OC(C)=O)cc1;CCc1c(C)cc(C(=O)NC2(C(=O)O)CCCCC2)c(=O)n1Cc1ccc(F)cc1;O=C(NCCCCNC(=O)c1ccc2ccccc2n1)c1ccc(C(F)(F)F)cc1;COC(=O)C1C(O)CCC2CN3CCc4c([nH]c5cc(OC)c(OC)cc45)C3CC21;COc1ccc2c(CCNC(=O)C(C)Sc3nnnn3-c3cccc(C)c3)c[nH]c2c1;COc1ccc(Cl)cc1NS(=O)(=O)c1cc(-c2[nH]ncc2C(=O)N(C)C)oc1C;CC=C(C)C(=O)OC1CC(OC(=O)CC(C)C)C2(C)C3C(=O)C=C(C)C2C3C1(C)C
m_c57b9d,CN(C)c1ncccc1C(=O)NCC1CCC(c2nc(C3CC3)n[nH]2)O1;O=C(Cc1ccsc1)N1CCN(C(=O)c2cnn3c2CCCC3)CC1;c1cc2c(s1)CCOC21CCN(Cc2ccc3c(c2)OCCO3)CC1;O=C1CCCCCN1C(=O)c1cccc(C(=O)N2CCCCCC2=O)c1;CC1C2=CC(=O)OC2(O)CC2C1CCC1C(C)(C)CCC(O)C21C;O=C(NC1CCCN(c2ccccc2F)C1=O)c1cnc2n1CCCC2;CC1=CC(=O)CC2C1(C)CCC(C)C2(C)CCC(C)CC(=O)O;CC(C)c1ccc(OCC(=O)Nc2cc(N3CCOCC3)ncn2)cc1;COc1ccc(C2CCCN2C(=O)c2cnc3n2CCCC3)c(OC)c1;CCc1ccc(NC(=O)Cn2cnc3onc(C)c3c2=O)cc1;COCC1(CNC(=O)c2cnccc2N(C)C)OCCc2ccccc21;CCCCCC(O)C=CC1C(=O)C=CC1CC=CCCCC(=O)O;C=CC1C2=CCOC(=O)C2=COC1OC1OC(CO)C(O)C(O)C1O;CCCCCC(O)C=CC1=C(C=CCCCCC(=O)O)CCC1=O;CC12C=CC(=O)C=C1CCC1C2C(=O)CC2(C)C1CCC2(O)C(=O)CO;Cc1noc(C)c1CC(=O)NCC(c1csc2ccccc12)N(C)C;O=C(CSCC(=O)NC1CCCCC1)Nc1ccc(F)cc1;COc1ccc(CCNC(=O)CNc2cccc(C(N)=O)c2)cc1OC;CC12CCC(=O)C=C1CCC1C2C(=O)CC2(C)C1CCC2(O)C(=O)CO;CC1(C)CCc2cc3c(cc2O1)oc(=O)c1c2ccc(O)cc2oc31;Oc1cc(O)cc(CCCCCCCCCCc2cc(O)cc(O)c2)c1;Cn1c(N2CCC(NS(=O)(=O)N3CCCC3)C2)cc(=O)n(C)c1=O;O=C(Cn1ncn2nccc2c1=O)NC1CC(=O)N(C2CCCCC2)C1;COc1cc(OC)cc(N2CCC(N(C)c3nc(C)cc(C)n3)C2=O)c1;c1ccc2c(c1)CC1OC(C3(C4=NC5c6ccccc6CC5O4)CC3)=NC21
m_c63e89,Cc1ccc(N2CC(CNC(=O)c3c(F)cccc3F)OC2=O)cc1;COc1ccc(NC(=O)c2c(F)cccc2F)cc1N1CCCC1=O;CCOC(=O)c1cnn2ccc(NC(=O)c3c(F)cccc3F)cc12;Cn1cc(CC(NS(=O)(=O)c2ccc(F)cc2F)C(=O)O)cn1;CN1CCN(c2nc3ccccc3c3nc(-c4ccccc4)nn23)CC1;Cc1cc(-c2noc(C(C)Nc3cnn(C(C)(C)C)c3)n2)ccc1F;O=C(CN1CCn2nc(C3CC3)cc2C1)NCc1cc(F)cc(F)c1;C=C1CC23CC1(O)CCC2C12C=CC(O)C(C)(C(=O)O1)C2C3C(=O)O;O=C(Nc1cnc(-c2ccccc2)nc1)c1ccc(F)c(F)c1;Cc1cc(C)c(C(=O)P(=O)(c2ccccc2)c2ccccc2)c(C)c1;Cn1c2ccccc2n2c(SCc3cnc4ccccc4c3)nnc12;CCCCOc1ccc(C(C)NC(=O)c2cc(=O)[nH]n2C)cc1OC;C=CC1CN2CCC1CC2C(O)c1ccnc2ccc(OC)cc12;CC12CCC(=O)C=C1CCC1C2C(O)CC2(C)C(C(=O)CO)CCC12;CCOC(=O)CC1(C#N)c2ccccc2C=CN1C(=O)c1ccccc1;CCc1ccc(C(NC(=O)N2CC3(C2)NC(=O)NC3=O)C(C)C)cc1;COCC1(O)CCN(C(=O)C2(c3ccc(C)cc3)CCOCC2)CC1;CCOc1ccc(C(=O)CCC(=O)Nc2cccc3ccccc23)cc1;CC(C)(C)OC(=O)N1CCCN(c2cc(-c3ccncc3)[nH]n2)CC1;CCCCC(C(=O)O)C(=O)N(Nc1ccccc1)c1ccccc1;Cc1cc(C)c(S(=O)(=O)Nc2nc3c(C)cccc3s2)c(C)c1;O=C(O)CC(NC(=O)c1ccc2c(c1)CCC(=O)N2)c1cccs1;Cc1cc2ncc(C(=O)NC(CC(=O)O)c3cccs3)c(C)n2n1;CCC(C(=O)Nc1c2c(nn1C(C)(C)C)CSC2)c1ccccc1;CNC(=O)C1CCCN1C(=O)CNC(=O)c1ccsc1C(F)F
m_c772b8,NCCOc1ccc(NC(=O)C2CCC(=O)NC2)cc1;Cc1n[nH]c(C)c1C1COCCN1C(=O)C1CCCC1;CN(C)c1cnc(C(=O)N2CCCC(N(C)C)C2)cn1;Cc1cccc(C)c1OCC(C)NC(=O)CCC(=O)O;CCc1nc(C)cc(NCC2CCN(C(C)=O)CC2)n1;CN1CC(CO)CC2c3cccc4[nH]cc(c34)CC21;CC(C)C(NC(=O)CNC1CCCCC1)C(=O)O;CC(C)CC(N)C(=O)NC(Cc1ccccc1)C(=O)O;CCC(N)(CC)C(=O)NC(CC(=O)O)c1ccccc1;O=C1CC(c2ccc(O)cc2)Oc2cc(O)ccc21;O=P(O)(O)OCC1OC(O)C(O)C(O)C1O;CC1CCCCC1CNC(=O)c1noc2c1CCCC2;CC(NC(CCO)C1CCCCC1)c1ccc(=O)[nH]n1;CN(Cc1ccn[nH]1)C(=O)CCC(=O)NC1CCCC1;CCOC(=O)NCCCC(=O)NCCc1ccccc1;CCCCCCCCC(=O)NC(C(=O)O)C(C)C;Cn1ncc(CNC(=O)C2(C(=O)O)CC3(CCC3)C2)n1;COCc1cncc(C(=O)N2CCCC(C(=O)O)C2)c1;CNC(=O)C1CCCCN1C(=O)COc1cccnc1;CCCCCCC(=O)NC(Cc1ccccc1)C(=O)O;Cc1cc(S(=O)(=O)O)c2c(C)ccc(C(C)C)cc1-2;O=C1CC(c2ccccc2)Oc2cc(O)cc(O)c21;CC=C1C2C=C(C)CC1(NC)c1ccc(=O)[nH]c1C2;CCC(C)C(NC(=O)C(N)Cc1ccccc1)C(=O)O;Nc1ccn(CC(CO)OCP(=O)(O)O)c(=O)n1
m_c886af,Cc1ccncc1N1CCN(C(=O)c2cc(Cl)ccc2F)CC1;Cn1c(SCCOc2ccc(Cl)cc2)nnc1-c1ccco1;Cc1ccc(-c2nc(CCNC(=O)c3ccc(=O)n(C)c3)co2)cc1;CCOc1ncccc1CN(C)C(=O)c1ccc(Br)o1;CCOP(=O)(NC(C)C)Oc1ccc(S(C)(=O)=O)c(C)c1;COC1=C(OC)C(=O)C(CCCCCCCCCCO)=C(C)C1=O;Clc1cccc(C2(CNC(c3ccccc3)c3ncn[nH]3)CC2)c1;Cn1cc(NS(=O)(=O)c2ccc(CC(=O)O)cc2)c(C2CC2)n1;C=C1C(=O)OC2CCN3CC=C(COC(=O)C(C)(O)C(C)C1C)C23;CC=C1CC(C)C(C)(O)C(=O)OCC2CCN3CCC(OC1=O)C23;O=C(O)CC[P+](c1ccccc1)(c1ccccc1)c1ccccc1;Cc1nccc(OC2CCN(C(=O)c3c(F)cccc3Cl)C2)n1;COC(=O)C[P+](c1ccccc1)(c1ccccc1)c1ccccc1;O=S(=O)(c1ccccc1)N1CCN(CC(O)c2ccco2)CC1;O=C(Cc1[nH]nc2ccccc12)Nc1cc(C2CC3CCC2C3)[nH]n1;COc1ccc(S(=O)(=O)NC(C(=O)O)C(C)C)c2ccccc12;CCN=C1SC(C(=O)Nc2ccccc2OC)CC(=O)N1CC;Cn1cccc(C(=O)N2CCC3(CC2)OC(=O)c2ccccc23)c1=O;Cc1ccc(S(=O)(=O)NC2CN(c3cnccn3)C2)cc1Cl;Cn1cccc(C(=O)N2CCCN(C3CCSCC3)CC2)c1=O;CC(C)Oc1ccccc1NS(=O)(=O)c1ccnn1C1CCC1;Cc1cncnc1N1CCN(C(=O)c2cc3c(nn2)CCCC3)CC1;CC=C1CC(C)C(C)(O)C(=O)OCC2=CCN3CCC(OC1=O)C23;Cc1cc(CS(=O)(=O)N2CCN(S(C)(=O)=O)C(C)C2)on1;O=C1CC(C(=O)O)NC(=O)N1
m_c8934f,CC(=O)OC1CCN2CC=C(COC(=O)C(O)(C(C)C)C(C)O)C12;Cc1cccc(C)c1NC(=O)c1ccccc1NC(=O)c1ccccc1;N=C(N)c1ccc(OCCCCCOc2ccc(C(=N)N)cc2)cc1;CCCc1ccc(OCc2ccc(C(=O)Nc3cc(C)on3)o2)cc1;Cc1c(N)cccc1Cn1ccc(OCCc2cccs2)cc1=O;Cc1cccc(OCC(=O)NCCCNC(=O)c2ccc(C)nc2)c1;COc1ccccc1-c1nn(C)cc1C(=O)NC1CCC(C(=O)O)CC1;CCc1ccccc1NC(=O)CSCC(=O)Nc1ccc(C)cc1;CC(C)(C)c1cn2nc(C(=O)N3CCc4sccc4C3)ccc2n1;COC(=O)c1ccccc1NC(=O)NC(CCSC)C(=O)OC;CC(C)NS(=O)(=O)c1ccc(C(=O)N2CCC(C)C(O)C2)cc1;CCCCC=CCCCCCCCCC(=O)NC(C(=O)O)C(C)O;O=C(Cn1cc(NC(=O)N2CCC(F)(F)C2)cn1)N1CCOCC1;CN(C)c1cccc(C(=O)NCC2CCN(c3ccccn3)CC2)c1;Cc1[nH]c2ccccc2c1CCN=C(O)COc1ccc(F)cc1F;Cc1cc(OCC2CCN(c3ncc(C#N)cc3Cl)CC2)ccn1;COC(=O)c1ccccc1NC(=S)NC(=O)CCc1ccccc1;CCC(=O)N1CCc2ccc(NC(=O)Nc3ccccc3F)cc2C1;CCO;CCO;CCO;CCO;CCO;CCO;CCO
m_c89ffd,O=C(O)COC1CCN(S(=O)(=O)c2cccnc2)CC1;O=C(O)C1CCC(CNS(=O)(=O)c2cccnc2)CC1;CCS(=O)(=O)NC1CCN(C(=O)c2ccc(F)cc2)C1;Nc1ccc(S(=O)(=O)Nc2cnc3ccccc3n2)cc1;O=C(NC1CCCS(=O)(=O)C1)c1ccc(C(=O)O)nc1;Cc1[nH]n(-c2ccccn2)c(=O)c1C(=O)Nc1ccccc1;NS(=O)(=O)c1cc2c(cc1Cl)NCNS2(=O)=O;CCn1nc(C)c(S(=O)(=O)NCCc2cnoc2)c1C;NS(=O)(=O)c1cc2c(cc1Cl)N=CNS2(=O)=O;O=C(CNS(=O)(=O)c1ccc(C(=O)O)cc1)NC1CC1;O=C(O)c1cccc(CNS(=O)(=O)CC2CCCO2)c1;COC(=O)C1CCCCC1(C)NC(=O)c1ccc(F)cn1;COc1ncc(C(=O)NC2CCCCNC2=O)cc1Cl;O=S(=O)(O)c1cccc2cccc(Nc3ccccc3)c12;NC(CNC(=O)c1cccn2cc(C(F)(F)F)nc12)C1CC1;O=C(NCCc1ccc(O)cc1)NC1CCS(=O)(=O)C1;Cc1ccc(Cl)cc1S(=O)(=O)NCCc1ncn[nH]1;COc1ccc(CC(C)(O)CNc2nc3ccccc3o2)cc1;O=C(NS(=O)(=O)Cc1cccnc1)C1CCC2CC2C1;CCC1(O)CCN(C(=O)Nc2cc(F)c(F)cc2OC)CC1;COc1cc(O)c2c(=O)c(O)c(-c3ccc(O)cc3)oc2c1;O=C(O)C(O)CNS(=O)(=O)c1cc(F)ccc1Cl;C=C1CC2C(CCC3(C)C(=O)CCC23)C2(C)C=CC(=O)C=C12;COc1ccc(S(=O)(=O)NC2CCC(=O)NC2=O)cc1;Cc1ccc(S(=O)(=O)NC2C=CC(C(=O)O)C2)cc1C
m_c933b7,O=C(NCc1ccccc1)NCC(c1ccco1)N1CCOCC1;Cc1cc(C)n(C(CNC(=O)Nc2cccs2)c2ccco2)n1;Cc1nc(C2CCN(CC(=O)NCc3ccc(C)c(F)c3)C2)n[nH]1;CCn1cc(C2C(C(=O)OC)=C(C)NC3=C2C(=O)CCC3)c(C)n1;CC(C)CS(=O)(=O)NCC(c1ccoc1)N1CCSCC1;Cc1cc(C2(NC(=O)c3cccc(C(=O)O)c3)CCOCC2)on1;COCC1(C)CCN(C(=O)Nc2cnn(-c3ncccn3)c2)CC1;Cc1ccc(CSc2nc(=O)c(CCC(C)C)c(C)[nH]2)c(C)c1;Cc1c(F)cccc1NC(=O)c1cn(CC(O)c2ccco2)nn1;COc1cc(NC(=O)Cn2cnc(C(C)C)cc2=O)cc(OC)c1;CCC(C)(CC)c1cc(NC(=O)c2c(OC)cccc2OC)on1;COC(C)C(O)(C(=O)OCC1=CC[N+]2([O-])CCC(O)C12)C(C)C;Cn1c(=O)c2cc(NC(=O)CCC3CCNC3)cnc2n(C)c1=O;CC=CC(CC(=O)N(C)OC)O[Si](C(C)C)(C(C)C)C(C)C;COC(C)C(O)(C(=O)OCC1=CCN2CCC(O)C12)C(C)(C)O;CN(c1ncc(Cl)cn1)C1CCN(S(=O)(=O)C2CC2)CC1;Cc1ccc2nc(-c3ccccc3)cc(C(=O)N3CCCCC3)c2c1;Cc1cc(C2CCCN2CC(=O)N2CCCC3CCCCC32)no1;COc1ccc(C2CCN(C(=O)CCc3c(C)noc3C)C2)cc1;Cc1noc(COc2ccc(NC(=O)CCC3CCNC3)cc2)n1;CCCCCCCC(=O)NC(Cc1c[nH]c2ccccc12)C(=O)O;O=C1CN(C(=O)C2CCN(c3ccc4nncn4n3)CC2)CCN1;Cc1cc(N2CCC(NC(=O)C(C)Oc3ccccc3)CC2)n[nH]1;CNC(=O)C1CCN(C(=O)COc2ccc3c(c2)CCCC3)CC1;O=C(NO)c1cnc(NC2(c3cccc(F)c3)CCCCC2)nc1
m_c9a4bc,COc1cc(C(=O)Nc2cnn(-c3ccccc3Cl)c2)on1;Cc1cc(OC(=O)c2c(C)cc(O)cc2O)cc(O)c1C(=O)O;CC1(O)CCCN(C(=O)NC2CCN(c3ccccc3)C2=O)C1;CCN(CC)CCCC(C)Nc1ccnc2cc(Cl)ccc12;C=C1CCC2C(C)(CO)CCCC2(C)C1CCC1=CCOC1=O;CC1C(=O)CC2C(C)(C)CCCC2(C)C1(O)CCc1ccoc1;C=C1CCC2C(C)(C(=O)O)CCCC2(C)C1CCc1ccoc1;COc1ccc2c(c1)OCC1c3cc4c(cc3OC21)OCO4;CC12C=CC(=O)C=C1C(O)CC1C2CCC2(C)C1CCC2(C)O;C1CCC(C23CC(CC4CCCNC42)C2CCCCN2C3)NC1;CCc1cc(C)cc(CC)c1C1C(=O)N2CCOCCN2C1=O;O=C1CCCN1CC(=O)N1N=C2CCCCC2C12CCCCC2;CCc1cc(C)cc(CC)c1-c1c(O)n2n(c1=O)CCOCC2;O=C1CCCC(C(=O)NCc2ccc(F)cc2C(F)(F)F)N1;CN1CCCC(N2CCN(C(=O)NCc3ccccc3)CC2)C1;COc1ccc(-c2nnc(SCCN3CCCC3)n2N)cc1;Nc1c(Cl)cc(C(O)CNC2CCC(O)CC2)cc1Cl;N#Cc1c(NC(=O)CN2CCCCC2)sc2c1CCCCC2;O=c1c(O)c(-c2cc(O)c(O)c(O)c2)oc2cc(O)cc(O)c12;O=C(CCC(=O)c1ccccc1)NCCc1c[nH]c2ccccc12;CN1CCC(NC(=O)c2ccnc(OC3CCOCC3)c2)CC1;Cc1ccc(-c2cc(C(=O)N3CCCc4ccccc43)no2)cc1;NC(=O)c1nccnc1N1CCC(CC(=O)N2CCCC2)CC1;N#Cc1cccnc1N1CCOC(C(=O)N2CCSCC2)C1;c1ccc2[nH]c(CSc3n[nH]c4nc5ccccc5n34)nc2c1
m_c9c302,CC(=O)Oc1ccc(C(c2ccc(OC(C)=O)cc2)c2ccccn2)cc1;Cc1cc(C(=O)NC(CCO)C2CCCCC2)c(C)n1CC(F)(F)F;CCCCC(CC)COC(=O)C(C#N)=C(c1ccccc1)c1ccccc1;CCOc1ccc(N2CC(NC(=O)NC3CCCCC3C)CC2=O)cc1;COc1ccc(Cl)cc1NC(=O)C1CCN(c2ccc(C)nn2)CC1;CCN1CCN(c2cc3c(cc2F)c(=O)c(C(=O)O)cn3C2CC2)CC1;CCCOc1cccc(C(=O)NCCNC(=O)c2ccco2)c1;COc1ccc(CCNC(=O)Cc2ccc(OC)c(OC)c2)cc1OC;CCCC[N+]1(C)C2CC(OC(=O)C(CO)c3ccccc3)CC1C1OC12;O=C(NCc1ccccc1)NC1c2ccccc2CSc2ccccc21;O=C(NCc1ncccn1)c1ccc2c(c1)CC(c1ccccc1)OC2=O;Cc1cc(C)n(-c2nnc(C)n2N=Cc2ccc(Br)cc2)n1;CCC1CN2CCc3c([nH]c4cc(OC)c(OC)cc34)C2CC1CCO;CCn1nc(C)c(NC(=O)NC2CCCN(c3ccccc3F)C2)c1C;CCC(=O)N1CCC(NC(=O)Nc2ccc(OC(F)(F)F)cc2)CC1;O=C(Cc1cccn1-c1ccccc1)NCCN1CCc2ccccc2C1;CNc1nn2c(C)c(N(C)C)c(C)nc2c1S(=O)(=O)c1ccccc1;O=C(O)C1CCN(C(=O)c2ccc(NC(=O)C3CCCOC3)cc2)CC1;CC(C)N(C)C(=O)C1CCN(C(=O)CCc2ccc(C(=O)O)cc2)CC1;Cc1nc(-c2ncccn2)sc1C(=O)NCC1CCCN(C(C)C)C1;C=C1C2CC3(C1O)C1CC4C5(C)CCC(O)C4(C1N(CC)C5)C3CC2O;CC12CCC(=O)C=C1CCC1C2C(O)CC2(C=O)C(C(=O)CO)CCC12;O=C(C=Cc1ccc(O)c(O)c1)OC(Cc1ccc(O)c(O)c1)C(=O)O;CCCCCCCCC(C)NC(Cc1c[nH]c2ccc(O)cc12)C(=O)O;COC1c2cc(C(C)C)c(O)c(O)c2C23CCCC(C)(C)C2C1OC3=O
m_c9c422,Cc1nn(CCNS(=O)(=O)C2CC2)c(C)c1-c1cccs1;Cc1ccc(C)c(-c2nnc(NC(=O)Cc3ccc(F)cc3)o2)c1;CC(C)C(NC(=O)Cn1nc2c(cc1=O)CCCCC2)C(=O)O;Cc1cccc(C)c1NC(=O)C1=Cc2cc(Cl)ccc2OC=C1;Cc1cc(=O)oc2cc(OC3SCC(O)C(O)C3O)ccc12;O=C(COc1ccc2c(c1)CCCC2)c1ccc2c(c1)OCCO2;CC(CC=NNC(=O)c1csc2ccccc12)c1ccccc1;Cc1ccc(O)c(C(=O)CSc2nnc(-c3ccccc3)o2)c1;CCOC(=O)c1cc(-c2cc(Cl)ccc2C(=O)O)n(C)c1C;O=C(Cn1cnc2nc3n(c2c1=O)CCC3)NCc1ccccc1;CN(C1CCN(c2ncnc3ccc(F)cc23)C1)S(C)(=O)=O;CC(=O)OC(C)(C)C(=O)NCC(O)(c1ccco1)c1cccs1;CCC(Oc1ccc2c(C)cc(=O)oc2c1)C(=O)c1ccccc1;Cn1c(=O)c2[nH]c(CN3CCc4ccccc4C3)nc2n(C)c1=O;O=C1c2ccccc2C(O)(Cc2ccccc2)N1C1CCCCC1;c1ccc2c(c1)ncn2C1CN(Cc2ccc3c(c2)OCCO3)C1;Cc1cc2c(N3CCN(S(=O)(=O)C4CC4)CC3)nccn2n1;Cc1cc(C)c2c(n1)sc1c(=O)n(-c3ccccc3)c(=O)[nH]c12;O=C1CCCN1c1ccc(NS(=O)(=O)C2CCCCC2)cc1;Cc1cc(C(=O)NC(C)C2CCCO2)cc(C)c1OCC(=O)O;N#Cc1cccc(N2CCN(c3nsc4ccccc34)CC2)n1;CCC(C)C(CO)NC(=O)Cn1nc2c(cc1=O)CCCCC2;O=C(NC1CN(c2cnccn2)C1)c1cc(-c2ccccc2)on1;Cc1nn(C)c(C)c1S(=O)(=O)NC1CN(c2cnccn2)C1;CCc1ccc(NC(=O)CSc2ncnc3ccccc23)cc1
m_cad5a6,COc1cc(C(C)NC(=O)c2ccc(C)nn2)ccc1S(C)(=O)=O;CN(C)c1cncc(OC2CCN(C(=O)c3ccc4[nH]ccc4c3)C2)n1;CCN(CC)c1ccc(C=NNC(=O)c2c(Cl)c(C)nn2C)cc1;NC(Cc1[nH]nc2ccccc12)C(=O)NCc1cccc2c1CCCN2;CCn1c2ccccc2n2c(SCc3nc4ccccc4[nH]3)nnc12;Cc1ccccc1C(=O)Nc1ccccc1NC(=O)Nc1cccs1;Cc1cc2ncc(CCCNC(=O)Cn3ccc4ccccc43)cn2n1;Cc1ccn2cc(-c3ccc(NC(=O)CCC4CCCC4)cc3)nc2n1;CCc1ncnc(OCC2CCN(c3nccc(OC)n3)CC2)c1F;Fc1c(Nc2ccc(Br)cc2)ncnc1C1CCOCC1;O=C1CC(c2ccccc2)N(Cc2ncnn2-c2ccccc2)CCN1;CN1CCN(c2cc(NC(=O)Cn3ccc4ccccc43)ncn2)CC1;CC(=O)NC1C(OC2C(CO)OC(O)C(NC(C)=O)C2OC(C)C(=O)NC(C)C(=O)NC(CCC(=O)O)C(N)=O)OC(CO)C(O)C1O;COC(=O)C(O)C1CCN(C(=O)c2cccc3c2oc(=O)n3C)CC1;CCCn1cnc2ccc(-c3noc(C(C)Oc4ccccc4)n3)cc21;Cc1cc(Nc2nc(NC(C)c3ncc(F)cn3)ncc2Cl)n[nH]1;CCC1=C(C)CN(C(=O)NCCc2ccc(S(N)(=O)=O)cc2)C1=O;Cc1cc(C)n2nc(C(=O)NCc3cccnc3-c3ccco3)nc2n1;COc1c(O)cc2c(c1O)C1OC(CO)C(O)C(O)C1OC2=O;CC1(C)CN(C(=O)Cn2c(=O)cnc3ccccc32)C1c1ccccc1;CCc1ccc(S(=O)(=O)NCc2cccnc2-c2ccco2)s1;CC(Cc1ccc(O)cc1)NCC(O)c1cc(O)cc(O)c1;O=C(NC1CCC(C(=O)O)CC1)c1cnnn1-c1ccccc1Cl;CC(C)=CCC1C(=O)C(C(=O)C(C)C)C(=O)C(O)(CC=C(C)C)C1=O;CC(C)=CCC1=C(O)C(O)(CC=C(C)C)C(=O)C(C(=O)C(C)C)=C1O
m_cc35ab,O=C(Cn1ccc2ccccc21)Nc1ccc(-c2ccn[nH]2)cc1;Cn1c(C(=O)N2CCCC(C(=O)O)C2)cc(=O)c2ccccc21;CC12CCc3occc3C1CCC13CC(CCC12)C(O)(CO)C3;CC(C=Cc1cccc(Oc2ccc(F)cc2)c1)N(O)C(N)=O;Cc1[nH]c2ccccc2c1Cc1nc2ccccc2n1CC(C)O;CC1(C)CCC(NC(=O)NCc2nccs2)c2ccccc21;CC(=O)C1=C(O)C(=O)N(CCCOC(C)C)C1c1ccccc1;COc1ccc2cc(C(=O)N3CCOCC3C(=O)O)cnc2c1;CCCN1C(=O)C(O)(C2COC(C)(C)CC2=O)c2ccccc21;COc1ccc(NC(=O)c2ccco2)cc1N1CCCCC1=O;O=C(NCc1ccnc(-c2ccco2)c1)c1c(F)cccc1F;CNC(=C[N+](=O)[O-])NCCSCc1ccc(CN(C)C)o1;O=C(NCc1ccc(-c2ccoc2)nc1)c1c(F)cccc1F;CCCCCCC(C)(C)c1ccc(C2CCCC(O)C2)c(O)c1;O=C(Nc1ccc(S(=O)(=O)Nc2ccccc2)cc1)C1CC1;O=c1n(CC2CO2)c(=O)n(CC2CO2)c(=O)n1CC1CO1;COCC(=O)NC1CC(CO)N(Cc2c[nH]c3ccccc23)C1;COC1CCC2(CC1)NC(=O)C(O)(c1cc(C)ccc1C)C2=O;COc1cc(-c2oc3cc(O)cc(O)c3c(=O)c2O)ccc1O;C(#CCN1CCN(c2ccccc2)CC1)COC1CCNCC1;CC1=C(C(=O)OC(C)C)C(c2ccco2)C2=C(CCCC2=O)N1;Cc1csc(C(=O)NCc2cccnc2-c2cccs2)c1;O=C(CSc1ccc(-c2ccccn2)nn1)N1CCCCC1;Cn1c(=O)cc(C(=O)NC2CCOC(C)(C)C2)c2ccccc21;NC(=O)C1CN(C(=O)c2ccc(C(=O)NC3CC3)cc2)CCO1
m_cc95e9,O=S(=O)(Cc1ccccc1F)NCC1CCC(c2ncn[nH]2)O1;CCCn1nnnc1NCc1ccccc1OCc1ccc(F)cc1;Cc1cccc(NC(=O)c2ccc(=O)n(Cc3cccc(F)c3)n2)n1;CN(C)C(CNS(=O)(=O)Cc1ccc(F)cc1)c1ccsc1;CCn1nc(C(=O)Nc2nc3c(s2)CCc2ccccc2-3)cc1C;CC(C)c1ccc(OCC(=O)N2CCC(c3cncn3C)CC2)cc1;Cc1c(C)n(CC2CC2C)c2c(OCc3ccc(F)cc3)nncc12;O=C(NCc1ccc(F)cc1)N1CCc2nc3cc[nH]n3c(=O)c2C1;COc1ccc(Cl)cc1S(=O)(=O)Nc1cncc(C(N)=O)c1;Cc1ccc(N2CC(NC(=O)NCc3ccccn3)CC2=O)cc1C;Cc1cc(C)c2c(n1)sc1c(=O)n(Cc3ccc(F)cc3)cnc12;Cc1n[nH]c(C)c1CNC(=O)COc1cccc2c1ccn2C(C)C;Fc1ccc(COc2cccc3ccc(N4CCOCC4)nc23)cc1;CCSc1ccc(C(=O)Nc2nc(-c3cccnc3)cs2)cc1;Cn1ccc(C(=O)N2CC3CN(c4ccc(C5CC5)nn4)CC3C2)n1;Cc1ncc2c(n1)CCN(C(=O)C1(c3cccc(F)c3)CCCC1)C2;CC(C)(C)CC(=O)N(Cc1ccccc1F)C1CCS(=O)(=O)C1;Cc1cc(S(=O)(=O)NCC(c2ccsc2)N(C)C)ccc1F;OC(=Nc1ncn(Cc2ccccc2F)n1)c1ccc2c(c1)OCO2;NC(=O)c1ccc(NC(=O)N2CCCC2Cc2ccc(F)cc2)cc1;COc1ncc(NS(=O)(=O)Cc2cccc(Cl)c2)c(OC)n1;Cc1nc(C)c(-c2cc(C(=O)NCCCc3ccccc3)n[nH]2)s1;CC(O)(CNC(=O)Cc1c(F)cccc1Cl)Cc1ccsc1;Cc1cc(F)cc(S(=O)(=O)N2CCC(C(=O)N3CCCC3)C2)c1;Cn1cc(C(=O)NCCn2cc(-c3ccc(C(=O)O)cn3)nn2)cn1
m_cd50d8,O=C(NC1CCC12CCOCC2)c1cccc(Oc2ccc(F)cc2)c1;CCCC(C)c1cc(NS(=O)(=O)c2cc(C(=O)OC)oc2C)n[nH]1;C[N+]1(CC2CC2)C2CC(OC(=O)C(CO)c3ccccc3)CC1C1OC12;O=C(O)CCC1CCCN(C(=O)CCn2nnc3ccccc3c2=O)C1;COc1ccccc1-c1cc(NC(=O)C(C(C)C)N2CCCC2=O)n[nH]1;COC(=O)C1=C2Nc3ccccc3C23CCN2CCCC(C(C)O)(C1)C23;Cc1cnn(C)c1S(=O)(=O)NCC(Oc1ccc(F)cc1)C(=O)O;CC(=O)OC1CC[N+]2(O)CC=C(COC(=O)C(O)(C(C)C)C(C)O)C12;CCN(CC)CC#CCOC(=O)C(O)(c1ccccc1)C1CCCCC1;O=C(CCc1ccccc1F)N(CCc1cccs1)Cc1ccoc1;CC12CCC3C(CC3(C)C)C3(C1)OC(=O)CC(C(=O)O)C3CC2;CC1(C)CC1C(=O)NC(=CCCCCSCC(N)C(=O)O)C(=O)O;CC1C2CCC3C4CC=C5CC(N(C)C)CCC5(C)C4CCC32CN1C;CC(O)CC1COC(Cn2cncn2)(c2ccc(Cl)cc2Cl)O1;CCCCCC=CCC=CCCCCCCCC(=O)OCC(O)CO;O=C(C=Cc1ccc(O)cc1)OC1CC(O)(C(=O)O)CC(O)C1O;CCCCCCCCC=CCCCCCCCC(=O)OCC(O)CO;COC1CC(COc2cccnc2)N(CC(=O)NCc2ccccc2)C1;CCOc1ccc(N2C(=O)CC(N3CCCC4CCCCC43)C2=O)cc1;CC(CCC(=O)O)C1CCC2C3C(O)CC4CC(O)CCC4(C)C3CCC12C;Cc1cnc(OCC23CCCC2CN(C(=O)c2ccncc2F)C3)nc1;COc1cc(C(=O)O)ccc1S(=O)(=O)N(CC1CCOC1)C1CC1;Cc1cc(OC(=O)c2c(C)cc(O)cc2O)cc(O)c1C(=O)O;COC(=O)c1ccc(Cn2nc(C3CC3)n(-c3ccccc3)c2=O)o1;COC(=O)c1ccc(CSc2ncc(CO)n2Cc2ccccc2)o1
m_cd6458,CCOC(=O)Cc1csc(NC(=S)NC(=O)c2ccccc2Br)n1;Oc1cccc(-c2nc3cnc(Br)cn3c2Nc2ccc3c(c2)OCO3)c1;Nc1ncnc2c1ncn2C1OC(COP(=O)(O)OP(=O)(O)O)C(O)C1O;Nc1nc2c(ncn2C2CC(O)C(COP(=O)(O)OP(=O)(O)O)O2)c(=O)[nH]1;N#CCNC(=O)c1nn2c(c1Br)NC(c1ccccc1)CC2C(F)(F)F;CC(=O)c1c(Nc2ccc(Cl)cc2)[nH]c2c(Br)ccc(Cl)c2c1=O;Cc1nc2ccc(S(=O)(=O)NC(=O)Cc3ccc(Br)cc3)cc2s1;Cc1noc(C)c1-c1ccc(S(=O)(=O)Nc2ccc(Br)cc2F)cc1;O=C(c1c[nH]c2ccc(Br)cc12)C1CCCN1C(=O)OCc1ccccc1;COc1cc2onc(C)c2cc1NS(=O)(=O)c1cc(Br)ccc1OC;COc1ccc(-c2cc(=O)c3c(OC)c(OC)c(OC)c(OC)c3o2)cc1OC;O=S(=O)(O)ON=C(Cc1ccc(O)cc1)SC1OC(CO)C(O)C(O)C1O;COc1ccccc1N1CCSC1=C(C#N)Sc1cc(C(F)(F)F)ccc1F;O=c1[nH]c2sc(Cl)c(-c3ccc4c(c3O)CCCC4)c2c(O)c1-c1ccccc1;COc1ccc(S(C)(=O)=O)cc1S(=O)(=O)Nc1ccc2c(c1)CN(C)C(=O)N2;NC(=O)NCCCC(NC(=O)CCn1ccc2c(Br)cccc21)C(=O)O;Cc1cc(NC(=O)CN2C(=O)c3ccccc3C2=O)c2cc(Br)ccc2n1;O=C(O)CC(=O)OCC1OC(Oc2ccc3[nH]cc(C(=O)O)c3c2)C(O)C(O)C1O;Nc1ncnc2c1ncn2C1OC(COP(=O)(O)O)C(OP(=O)(O)O)C1O;COc1ccc(C2(O)c3c(ccc(CC=C(C)C)c3O)N=C(O)C2OC)cc1;CCc1cc(-c2csc(S(=O)(=O)Nc3ccc(C)cc3Br)c2)on1;COC(=O)c1sc2ccccc2c1S(=O)(=O)Nc1cc(C)c(Cl)cc1OC;Nc1nc(Nc2ccc(S(N)(=O)=O)cc2)nn1C(=S)Nc1c(F)cccc1F;CCOC(=O)c1cnc2cc(Cl)ccc2c1Sc1nnc(-c2ccncc2)n1C;CN(c1cccc(NS(=O)(=O)c2ccc(Br)s2)c1)S(C)(=O)=O
m_ce56d4,CC(C)=CCc1cc2c(=O)cc(-c3ccc(O)cc3)oc2cc1O;C=CC12CN(C)C3C4COC(CC41)C1(C(=O)Nc4ccccc41)C32;COc1c2occc2c(OCC=C(C)C)c2ccc(=O)oc12;CC(C)=CCc1c(O)cc(O)c2c1OC(c1ccccc1)CC2=O;CC(C)=CCc1c(O)ccc2c1OC(c1ccc(O)cc1)CC2=O;C=CC1CN2CCC1CC2C(O)c1ccnc2ccc(OC)cc12;CC(C)=CCc1cc(-c2coc3cc(O)ccc3c2=O)ccc1O;O=C(NC1CCCC1)c1ccc(N2CCCCS2(=O)=O)cc1;CCOC(=O)Nc1cccc(OC(=O)Nc2ccccc2)c1;O=C(NNc1nc2cc(F)ccc2n2cccc12)c1cnccn1;CCn1c(SCc2ccc(C)cc2)nc2c(O)ncnc21;COc1ccc2c(c1OC)OC1c3ccc(O)cc3OCC21;COc1ccc(-c2cc(=O)c3c(O)cc(O)cc3o2)cc1O;O=C(NC1CN(c2cc(C(F)(F)F)ccn2)C1)c1ccccn1;CCOc1ccc(-c2cc(=O)c3cc(C)cc(C)c3o2)cc1OC;Cc1cc(C(=O)Nc2nc3c(C)cccc3s2)nc(C2CC2)n1;O=C(NC1CC1)c1nc(Nc2ccc(F)cc2)c2ccccc2n1;COc1ccc(-c2ccc(SCc3ccccc3C)nn2)cc1;CCn1c2ccccc2c2cc(NC(=O)CCCC(=O)O)ccc21;Cc1ccc(C)c(CSc2nc3c(O)ncnc3n2C)c1;O=C(O)C(Cc1ccccc1)N=C(O)Cc1c[nH]c2ccccc12;COc1ccccc1CC(=O)NCc1ccc(-c2ccco2)nc1;N#Cc1ccccc1Cn1nc(-c2cccs2)n(C2CC2)c1=O;O=C(Nc1nc(-c2ccccc2)cs1)c1cc(C2CC2)ncn1;COc1ccc(NC(=O)CN2C(=O)C(C)(C)c3ccccc32)cc1
m_ced31c,CCc1ncnc(N2CCCN(Cc3ccn(C)c(=O)c3)CC2)c1F;N#Cc1ccccc1C=CC=CC(=O)N1CCN(c2ccccn2)CC1;Cc1ncnc(N2CCN(C(=O)c3onc4c3CCCC4)CC2)c1F;COc1ccccc1OCCNC(=O)Cn1cc(OC)c(=O)cc1C;COCc1cccc(CNC(=O)CC2(N3CCOCC3)CCCC2)c1;O=C(Cc1ccc(Cl)cc1)N1CCN(c2ccc(Cl)cc2)CC1;Cc1cc(OCC(=O)Nc2ccc(F)cc2F)nc(N2CCCC2)n1;CC(C)c1nc(=O)cc(CN2CCN(c3ccccc3Cl)CC2)[nH]1;Cc1nc(C(C)(C)C)sc1C(=O)N(C)Cc1cnc(C(C)C)nc1;Cc1cc(C(=O)NCC(O)c2ccc(-c3cccs3)s2)c(C)o1;COC(=O)C1=C(C)NC(C)=C(C(=O)OC)C1c1ccccc1[N+](=O)[O-];COc1cc(OC2OC(CO)C(O)C(O)C2O)cc(OC)c1OC;CCCCOc1ccc(NC(=O)Nc2cnn(C3CCOC3)c2)cc1;CC(=NNC(=O)C(O)(c1ccccc1)c1ccccc1)c1ccc(C)o1;CC(Oc1ccc(F)cc1)C(=O)Nc1cc(N2CCOCC2)ncn1;Cc1cccc(Nc2ccncc2S(=O)(=O)NC(=O)NC(C)C)c1;Cc1ccc(C(C)C)c(OCC(=O)NN=C2CC(=O)CC(C)(C)C2)c1;COC(=O)c1ccc(NC(=O)c2cc(OC)c(OC)c(OC)c2)cc1;COc1ccc2nc([S+]([O-])Cc3ncc(C)c(OC)c3C)[nH]c2c1;CC(C)N1C(=O)CN(C(=O)CC2(C)CCS(=O)(=O)N2)CC1(C)C;Cc1[nH]c2ccccc2c1C=NNC(=O)CCC(=O)Nc1ccccc1;Cc1nc(N2CCN(c3ncnc(C4CC4)c3F)CC2)[nH]c(=O)c1F;COc1cc(NC(=O)Nc2c(C)nc(N(C)C)nc2C)cc(OC)c1;CC(Cc1ccsc1)NC(=O)NCc1cn(C2CC2)c(=O)[nH]c1=O;CC(C)C(=O)NC1CCCN(C(=O)CCc2ccccc2C(=O)O)C1
m_cfb3df,COc1ccc(C2OC(c3ccc(OC)c(OC)c3)C(C)C2C)cc1OC;CCOC(=O)C(CCc1ccccc1)NC1CCCN2CCCC(C(=O)O)N2C1=O;COc1cc2c(c3oc(=O)c(CC(=O)NC(C)C)c(C)c13)CCC(C)(C)O2;O=C(c1ccc(F)cc1)C1CCN(CCn2c(=O)[nH]c3ccccc3c2=O)CC1;CC(C)CN1C(=O)CSC(C(=O)N2Cc3ccccc3C2)C1c1ccncc1;CCCCCCC=CCCCCCCCCC(=O)NC(CCC(N)=O)C(=O)O;Cc1oc(C2CCN(S(=O)(=O)c3ccccc3F)CC2)nc1C(=O)N(C)C;CCn1c(=Cc2cccc[n+]2CC)sc(=C2Sc3ccccc3N2C)c1=O;CCCCCCCCCCCCCCC=CC(=O)NC(CCCCN)C(=O)O;CC1CCCN(Cc2csc(NC(=O)c3cccc(Cn4ccnc4)c3)n2)C1;Nn1c(COc2ccccc2)nnc1SCC(=O)c1ccc2c(c1)CCCC2;COC(=O)C(CCSC)NC(=O)c1cc(-c2ccccn2)nc2ccccc12;COC(=O)c1ccc(C=C2Oc3c(ccc(O)c3CN3CCOCC3)C2=O)cc1;O=C1NCCCN(CCC(=O)N2CCOc3ccccc32)C1Cc1ccccc1;CCCN=C(O)c1cc(=O)n(CC(O)=Nc2ccccc2Cl)c2ccccc12;Cc1cc(NC(=O)c2cc3ccccc3o2)ccc1-c1cc2ccccc2oc1=O;COc1ccc(-c2oc3cc(OC)c(OC)c(O)c3c(=O)c2OC)cc1O;CC(C(=O)N1CCN(C(=O)c2ccco2)CC1)N1CC(N)C(c2ccccc2)C1;Cc1c(Cl)cccc1N=C(O)Cn1c(=O)cc(C(=O)N(C)C)c2ccccc21;CC(C)c1ccc(OCC(=O)N2CCc3nc4ccc(F)cn4c(=O)c3C2)cc1;CCCN=C(O)c1cc(=O)n(CC(O)=Nc2cccc(Cl)c2)c2ccccc12;CC(C)C(C)C=CC(C)C1CCC2C3=CC=C4CC(O)CCC4(C)C3CCC21C;CCCN=C(O)c1cc(=O)n(CC(=O)Nc2ccc(Cl)cc2)c2ccccc12;O=C(NC1CCc2cc(F)cc(F)c2NC1=O)c1n[nH]c(Cc2ccccc2)n1;C=CCOc1ccc(C=C(C(=O)c2ccc(C)cc2)c2nc3ccccc3o2)cc1
m_d01f54,O=C(C=Cc1ccc(O)cc1)OC1CC(O)(C(=O)O)CC(O)C1O;O=C(C=Cc1ccc(O)cc1)OC1C(O)CC(O)(C(=O)O)CC1O;O=c1oc2ccccc2c(O)c1Cc1c(O)c2ccccc2oc1=O;Cc1ccc2nc(NC(=O)Nc3ccc(F)cc3)sc2c1;O=c1c(Cc2c(O)oc3ccccc3c2=O)c(O)oc2ccccc12;O=C(C=Cc1ccc(O)c(O)c1)OC1CC(O)(C(=O)O)CC(O)C1O;Cc1ccc(C(=O)N2CC(Oc3cc(C)nc4ncnn34)C2)c(C)c1;CNc1cccc(-c2cn(Cc3cc(C(F)(F)F)nn3C)nn2)c1;O=C(NCC(c1ccco1)c1cccs1)c1ccc(Cl)s1;Cc1cnn(C2CC3CCC(C2)N3S(=O)(=O)c2cn(C)cn2)c1;CC(C)n1ccnc1S(=O)(=O)Cc1cc(C(F)(F)F)nn1C;O=C(C=Cc1ccc(O)c(O)c1)OC1CC(C(=O)O)=CC(O)C1O;CC(=O)c1cccc(NC(=O)CS(=O)(=O)c2ccc(F)cc2)c1;CC1=C(CCC2=CCOC2=O)C2(C)CCC(O)C(C)(CO)C2CC1;CCN(C(=O)CCc1ccccc1)c1nc(-c2ccccc2)cs1;Cc1cc(OC2CN(S(=O)(=O)c3cn(C(C)C)cn3)C2)ccn1;Cc1cc(=O)[nH]c2cc(NC(=O)C(CC(C)C)n3cccc3)ccc12;CCc1nc2c(NC(=O)c3ccc(C(F)(F)F)cc3)cccn2n1;COc1cccc(-c2cc(C(=O)Nc3cc(CO)ccc3C)[nH]n2)c1;Cc1nn(C)c(C)c1S(=O)(=O)N1CCC(Oc2ccccn2)C1;CCC(C(=O)NCc1cccnc1-c1ccsc1)c1ccccc1;COCC1(O)CCN(C(=O)c2cc(C(F)(F)F)ccc2F)CC1;Cc1cccnc1Nc1nc(-c2cccc(-n3cnnn3)c2)cs1;COc1cc(C=CC(=O)CC(=O)C=Cc2ccc(O)cc2)ccc1O;O=C(C=Cc1ccc(O)c(O)c1)OC(C(=O)O)C(O)C(=O)O
m_d07b86,CCOC(=O)Cc1csc(NC(=O)Cc2ccccc2)n1;O=C(O)C(c1ccccc1Cl)N1CCc2sccc2C1;O=C(Nc1cccc(Cl)c1)c1ccnn1C1CCOCC1;CCn1nccc1C(=O)Nc1ccc(Br)c(C)c1;O=C(Nc1cnc(N2CCCC2)nc1)c1cc(F)cc(F)c1;O=C(NCC1(OCCO)CCSCC1)C1CCOCC1;COc1cc(=O)c(C(=O)NC(C)C)nn1-c1ccc(F)cc1;O=C(O)c1csc(NC(=O)c2ccn(C3CCCC3)n2)c1;CC(=O)NCc1ccc(S(=O)(=O)Nc2ccccc2)cc1;CC12CCC(=O)C(O)=C1CCC1C2CCC2(C)C(O)CCC12;O=C(O)C1OC(Oc2c[nH]c3ccccc23)C(O)C(O)C1O;CCOc1coc(C(=O)Nc2cc(C)ccc2OC)cc1=O;OCC(O)C1OC2OC(C(Cl)(Cl)Cl)OC2C1O;CC(=O)Nc1nc(CC(=O)N2CCc3ccccc32)cs1;O=C(COc1ccc(Cl)cc1)NCCCc1ccccc1;O=C(NC1CN2CCC1CC2)c1c[nH]c2ccsc2c1=O;CC12CCC3C(CCC4C(=O)C(=O)CCC43C)C1CCC2O;O=S(=O)(NCCN1CCOCC1)c1c(F)cccc1F;COc1cc2c(cc1OC)CN(c1ccncc1Cl)CC2;CC(C#Cc1ccc(Oc2ccc(F)cc2)o1)N(O)C(N)=O;O=C(c1ccnn1C1CCCC1)N1CCOCC12CCOC2;CC(Cc1csc2ccccc12)Nc1ncnc2c1ncn2C;CCOc1ccccc1C1SCC(=O)N1c1nccs1;Cn1ccnc1SCC(=O)Nc1cccc2nsnc12;c1ccc2cc(CN3CCN(c4ccncn4)CC3)ccc2c1
m_d1e5ef,CCOC(=O)c1c(OCc2ccccc2)c(=O)ccn1NC(=O)OC(C)(C)C;CC(NC(=O)C(Cc1ccccc1)NC(=O)OCc1ccccc1)C(=O)CF;CCS(=O)(=O)N1CCN(c2ncnc3c2nnn3Cc2ccccc2)CC1;COc1ccc(C)cc1NC(=O)c1nnn(Cc2ccccc2)c1-n1cccc1;CC1(CO)CCCC2(C)C1C(OC(=O)c1ccccc1)CC1C(=O)OCC12O;CCCCCCCCCCCCCCCCCC[N+](C)(C)Cc1ccccc1;COc1ccc(C2OCC3C(c4ccc(OC)c(OC)c4)OCC23)cc1OC;Cc1ccccc1CN1C2=NCCN2C(=O)C2=C1CCN(Cc1ccccc1)C2;CC1OCC(=O)N(Cc2ccccc2)C1C(=O)NC1CC(C)(C)NC(C)(C)C1;c1ccc(CC2COC(C3(C4=NC(Cc5ccccc5)CO4)CCCC3)=N2)cc1;O=C(c1ccc2c(c1)n(Cc1ccccc1)c(=O)c1ccnn12)N1CCCCC1;O=C(NCCc1cccs1)c1nnn(Cc2ccccc2)c1-c1ccncc1;Nc1nc(=O)c2nc(NCc3ccccc3)n(C3OC(CO)C(O)C3O)c2[nH]1;Cc1ccc(C(=O)CSc2nccn(-c3cccc4ccccc34)c2=O)cc1;Cc1cc2c(cc1NC(=O)Cc1ccccc1)N(C)S(=O)(=O)N2C;COC(=O)c1c(NC(=O)C(C)SCc2ccccc2)sc2c1CCCC2;CS(=O)(=O)Nc1ccc(C(O)CNCC2CCc3ccccc3C2=O)cc1;COC1=CC(C)C2CC3OC(=O)CC4C(C)=C(OC)C(=O)C(C2(C)C1=O)C34C;O=C1OC2(CCCN(C(=O)c3ccc(Cn4ccnc4)cc3)C2)c2ccccc21;COCCn1cc(C(=O)NC2CCCc3c2[nH]c2ccccc32)c2ccccc21;COc1cc(C)ccc1C(=O)N1CCC2(NC(=O)CCNC(N)=O)CCCC12;CCC(COC(=O)c1cc(OC)c(OC)c(OC)c1)(c1ccccc1)N(C)C;O=C(O)C(Cc1c[nH]c2cc(OCc3ccccc3)ccc12)N=C(O)CCl;O=C(O)C=Cc1cc2c(cc1OC1OC(CO)C(O)C(O)C1O)OCO2;O=c1[nH]c(SCCOc2ccc(Cl)cc2)nc(O)c1Cc1ccccc1
m_d1ecad,CC(C)(C)c1noc(C2CC(=O)N(Cc3ccc4c(c3)OCO4)C2)n1;CC(C)n1cc2cc(C(=O)NCc3ccc4c(c3)OCO4)sc2c1;COc1ccccc1C(=O)N1CCCC(COc2ncc(C)cn2)C1;Cc1c(O)c(C)c2c(c1O)C(=O)C(Cc1ccc3c(c1)OCO3)CO2;Cn1nc(CN(C(=O)Cc2cccs2)C2CCCC2)cc1C1CC1;O=C(CCCCCCC=Cc1ccc2c(c1)OCO2)N1CCCCC1;c1ccc(N2CCN(N=C3c4ccccc4-c4ccccc43)CC2)nc1;CCC(Oc1ccccc1)C(=O)N1CCN(c2ccc(F)cc2)CC1;CCC(CC)n1nc(C)cc1C(=O)N(C)C1CCCc2c1cnn2C;CCOc1ccccc1CN1CCN(c2ccnc(OC)c2)C(=O)C1;COc1cc2c(cc1OC)C(C)N(Cc1ccc3c(c1)OCO3)CC2;c1cc(NCc2ccc3c(c2)OCO3)cc(-c2nc3ccccc3[nH]2)c1;Cn1nc(CN(C(=O)Cc2cccs2)C2CCCC2)c2c1CCC2;O=C(C=CCCCCC=Cc1ccc2c(c1)OCO2)N1CCCCC1;COc1cc2c(cc1OC)C1Cc3ccc4c(c3CN1CC2)OCO4;Cc1ccccc1C(=O)N1CCCC(c2nnc(C(F)(F)F)o2)C1;O=S(=O)(c1cnn(-c2ccccc2)c1)N1CCOc2ccncc21;COc1cc(CC(=O)N2CCOCC2c2c(C)n[nH]c2C)ccc1C;Cc1cc(NC(=O)NC2CC3(CCCC3)Oc3ccccc32)n(C)n1;Cc1cccc(C(=O)Nc2c(-c3ccccc3)nc3cc(C)ccn23)c1;CCC(C(=O)Nc1ccc(C)cc1)N1CCC(c2ccn(C)n2)CC1;COc1ccc(CNC(=O)NC2CCC(c3ccccc3)CC2)cn1;CCCCOc1ccc(NC(=O)NCc2cnn3c2CCCC3)cc1;Cc1ccc(C(=O)NCCCCCC(=O)Nc2ccccc2N)cc1;COc1cccc(CCNS(=O)(=O)N2CCC(C(=O)O)CC2)c1
m_d258c4,CC1CN(CC(=O)Nc2sc3c(c2C(N)=O)CCC3)CC(C)O1;CC(C)S(=O)(=O)CC(=O)N1CCOC2(CCc3ccccc32)C1;COC(=O)C1CC(Oc2nc3cc(OC)ccc3nc2Cl)CN1;CN1C(CC(=O)c2ccccc2)CCCC1CC(O)c1ccccc1;CC(C)(C)c1nc(CCNC(=O)N2CCC3(CCO3)CC2)cs1;CCN(CC)C(=O)CCC(=O)N1CCC(Oc2cccc(F)c2)C1;Cc1noc(C)c1CC(=O)NCc1cccnc1Oc1ccccc1;CN1C(CC(O)c2ccccc2)CCCC1CC(O)c1ccccc1;CC(C)N(CCC(=O)O)C(=O)C1CCCN(C(=O)N2CCCC2)C1;C#CC1(O)CCC2C3CCC4=Cc5oncc5CC4(C)C3CCC21C;CS(=O)(=O)C1CCN(C(=O)C2(c3ccccc3)CCOCC2)C1;N#CC(CCc1ccc(Cl)cc1)(Cn1cncn1)c1ccccc1;c1cncc(C2CCCCN2CN2CCCCC2c2cccnc2)c1;CN1CCCC(OC2c3ccccc3CSc3ccccc32)CC1;CCC12CCCN3CCC4(C(=C(C(=O)OC)C1)Nc1ccccc14)C32;COc1ccc(C=CC(=O)c2c(OC)cc(O)cc2OC)cc1;Cc1ccc(-n2cccc2CC(=O)NCCCN2CCCCC2)cc1;CCC12C=CCN3CCC4(C(=Nc5ccccc54)C(C(=O)OC)C1)C32;CCOC(=O)CCc1cc(Cl)ccc1C(=O)CCCNC(C)=O;Cn1nccc1-c1ccc(CCNC(=O)c2cc(C3CC3)on2)cc1;O=C1Cc2cc(CCCc3nc(-c4ccc(F)cc4)no3)ccc2N1;CCC=CCCCNC(CSSCC(N)C(=O)O)C(=O)O;CCC12C=CCN3CCC4(C(=C(C(=O)OC)C1)Nc1ccccc14)C32;CN(c1ccncn1)C1CCN(CCc2ccc3c(c2)CCO3)CC1;CC(C)Oc1ccc(C(=O)N2CC3(CC(c4ccccc4)C3)C2)cn1
m_d274b6,CC=C1CC(C)C(C)(O)C(=O)OCC2C(O)CN3CCC(OC1=O)C23;CC(C)C1C(=O)OC2CCN3CC=C(COC(=O)C(C)(O)C1(C)O)C23;CCOC(=O)C1(c2ccccc2)CCN(CCc2ccc(N)cc2)CC1;CC=C1CN(C)C2CC3(C(=O)N(OC)c4ccccc43)C3CC1C2CO3;Cc1ccc(F)cc1C1(c2noc(C3CCc4cnn(C)c4C3)n2)CC1;CC=C1CC(C)C(C)(O)C(=O)OCC2CC[N+]3([O-])CCC(OC1=O)C23;C=C1CC(=CC)C(=O)OC2CCN3CC=C(COC(=O)C1(C)O)C23;Cc1cccc(C)c1NC(=O)c1cc(S(N)(=O)=O)c(Cl)cc1O;CC(=O)Oc1ccc(C=Cc2cc(OC(C)=O)cc(OC(C)=O)c2)cc1;CC(N)C(=O)NC1(C(=O)O)CC(Sc2ncn[nH]2)C2C(C(=O)O)C21;O=C(O)c1cc(S(=O)(=O)N2CCN(c3ccccc3)CC2)cs1;COc1ccc(C)cc1N1CC(C(=O)NCc2cccc(C)n2)CC1=O;COC(=O)Nc1ccc(NC(=O)C2CCCN(c3cnccn3)C2)cc1;Cc1nc(C(C)C)ccc1C(=O)Nc1ccn(-c2ncccc2Cl)n1;COc1ccc(C(=O)Nc2ccccc2CCC2CCCCN2C)cc1;CCN(C(=O)c1c(O)c2c(Cl)cccc2n(C)c1=O)c1ccccc1;C=CC(C)(O)CCC=C(C)COC(=O)C(C)C1CCC(C)(C=C)O1;COc1ccc(C2OC(c3ccc(OC)c(OC)c3)C(C)C2C)cc1OC;CCOCCCNC(=O)N1CC(c2nc(C)no2)C2(CCOCC2)C1;CCCCCCC=CCCCCCCCC(=O)NC(C(=O)O)C(C)C;COc1ccc(C)cc1CN(C)C(=O)NCC1(c2ccccn2)CCC1;COc1ccc(CC(=O)O)cc1S(=O)(=O)N1CCC2(CCO2)CC1;CC1(C)C=C(C(=O)NCCCN2C(=O)c3ccccc3C2=O)C(C)(C)N1;COC(=O)C(Cc1c[nH]c2ccccc12)NC(=O)c1ccccc1OC;CC=C1CN(C)CC2(C(=O)OC)Cc3c([nH]c4ccccc34)C(=O)CC12
m_d3998e,O=C(O)C1CCC1C(=O)NCc1c[nH]c(=O)c2ccccc12;CCN1CC(C(=O)NCc2nc3ccccc3n2C)CC1=O;CC(C)(C)c1cnc(NC(=O)NC2CC(O)C2(C)C)s1;Cc1[nH]ccc(=O)c1OCC(=O)Nc1ccc(C(C)C)cc1;O=C(O)C1CCC(CNS(=O)(=O)c2cccnc2)CC1;CC(=O)Nc1ccc(NC(=O)C2CC(C)=CCC2C(=O)O)cc1;CC(C)(CC1CCCN(c2ncncc2Cl)C1)C(N)=O;CC(C)C(O)(C(=O)OCC1=CCN2CCC(O)C12)C(C)O;COc1ncc(C(=O)NC2CCCCNC2=O)cc1Cl;Cc1cc(=O)nc(SCC(=O)Nc2ccccc2C#N)[nH]1;Cc1cccc(-n2cc(C(=O)N3CCC(C(=O)O)C3)nn2)c1;CCCCN(C(=O)c1cccc(C(=O)O)n1)c1ccccc1;Cc1occc1C(=O)NNC(=O)c1ccc(C(C)(C)C)cc1;O=c1c2[nH]c3ccccc3c2cnn1CCN1CCOCC1;CCC(C)C=C(C)C=CC(=O)Cc1cc(O)c(C)c(O)c1C=O;O=C(CCNNC(=O)c1ccncc1)NCc1ccccc1;O=C(c1ccc2n[nH]c(=O)n2c1)N1CCc2cc(F)ccc21;c1ccc(-c2nn(-c3ccccc3)[n+](-c3ccccc3)n2)cc1;CC(=O)c1cccc(NC(=O)CC(C)n2nc(C)nc2C)c1;N#CC(=Cc1ccc(O)c(O)c1)C(=O)c1ccc(O)c(O)c1;O=C(Nc1cnn(Cc2ccncc2)c1)C1CC12CCOC2;O=S1(=O)CCC2(CCCN(c3ccncc3Cl)C2)C1;CC(NC(=O)CNC(=O)c1cccc(F)c1)c1ccccc1;CC(C)CC1C(=O)NCCN1C(=O)c1cc2cnccc2[nH]1;CCC1(O)CCN(C(=O)Nc2cc(F)c(F)cc2OC)CC1
m_d4c45b,COC(=O)Nc1nc2ccc(Sc3ccccc3)cc2[nH]1;CCCc1cc(=O)nc(SCc2nc3ccccc3[nH]2)[nH]1;Cc1c(Cl)cncc1NC(=O)N1CCC12CCOCC2;CCCS(=O)(=O)c1ccc2nc(NC(=O)OC)[nH]c2c1;CC(CNC(=O)N1CCC2(CCO2)CC1)c1nccs1;COC1C=CC2=CCN3CCc4cc5c(cc4C23C1)OCO5;COc1cc2oc(-c3ccccc3)cc(=O)c2c(O)c1OC;O=c1c2[nH]c3ccccc3c2cnn1CCN1CCOCC1;O=C1c2ccccc2-c2c3c(cc4ccnc1c24)OCO3;O=C(CCc1ccc(O)cc1)c1c(O)cc(O)cc1O;Cc1cc(=O)c2c(O)c3c(cc2o1)OC(C(C)(C)O)C3;Cc1c(Nc2ncccc2C(=O)O)cccc1C(F)(F)F;CNC(=O)c1cccc(S(=O)(=O)N2CCNC(=O)C2)c1;Nc1nc(SCC(=O)Nc2ccc(F)c(Cl)c2)n[nH]1;OC(CNc1nc2cnccc2s1)(c1cccs1)C1CC1;COCC#CCn1cnc2c(nnn2-c2ccccc2)c1=O;COC1CCN(C(=O)c2ccc(C(=O)O)cc2Cl)CC1;C=CC(O)C#CC#CC(O)C=CCCCCCCC;CC(=O)C(C)C(O)C(C)c1ccc(C)cc1C=CCO;N#Cc1ccc2c(c1)COC2(CCCN)c1ccc(F)cc1;CCCC(O)C1OCC2=C1C(O)C(O)C(O)C2O;COC(=O)Nc1nc2ccc(C(O)c3ccccc3)cc2[nH]1;CCc1nnc(NC(=O)N(C)C(C)c2cccs2)s1;CC(CNC(=O)c1cccc(S(=O)(=O)N(C)C)c1)C(=O)O;COc1ccc(C)cc1S(=O)(=O)N1CC(O)(C2CC2)C1
m_d56a4e,Cc1ccc(C(=O)Cc2ccc([S+](C)[O-])cc2)cn1;C=CCN(C(=O)c1csc(-c2cnc[nH]2)n1)C1CC1;Cc1ccc(-c2cc(C(=O)NC3(CO)CC3)[nH]n2)cc1;Cc1nnc(NS(=O)(=O)c2ccc(N)cc2)s1;CCCOc1ccccc1-c1nc2[nH][nH]nc-2c(=O)n1;CC(O)C=CC1OC(=O)CC1Nc1ccc(C=O)cc1;CC1CC2(C(=O)Nc3nn[nH]c3-c3ccnn3C)CC12;CCCCNC(=O)NS(=O)(=O)c1ccc(N)cc1;CC(C)Oc1ccc(C(C)NC(=O)c2cn[nH]c2)cc1;CCN(CC(O)CS(=O)(=O)O)c1cccc(C)c1;O=C(O)c1cn(Cc2ccccn2)cc1C(F)(F)F;Cc1nn(C)c(C)c1C(C)C(=O)NCc1cccnc1;Cc1csc(-c2csc(Nc3cccnc3)n2)c1;NNc1ccc(C(=O)Oc2ccc(C=O)cc2O)cc1;O=C(NN=Cc1ccc([N+](=O)[O-])o1)c1ccc(O)cc1;O=C(NCc1cccnc1)Nc1ccc([N+](=O)[O-])cc1;Nc1nnc(-c2ccccc2O)cc1N1CCNCC1;Cc1ccc(C)c(-n2sc3cc(F)ccc3c2=O)c1;O=C(O)C1CCCN(C(=O)c2cnn(C(F)F)c2)C1;O=C(NOCc1cccnc1)C1CCCc2cn[nH]c21;COc1cccc(CNC(=O)Cc2cccc(O)c2)c1;Cc1cnc(C)c(N2CC(c3nc(-c4ccccc4)no3)C2)n1;COc1cc(O)ccc1CCC(=O)c1ccc(O)cc1;c1cn(-c2cc(N3CCC4(CCOC4)C3)ncn2)cn1;O=C1CC(c2ccc(O)cc2)Oc2cc(O)cc(O)c21
m_d6c1c0,Cn1cc(C2CCCN(C(=O)c3ccc4ncsc4c3)C2)cn1;NC(=O)COc1ccc(NC(=O)c2cc(C3CC3)[nH]c(=O)c2)cc1;CCC1CN2CCC1CC2C(O)c1ccnc2ccc(OC)cc12;O=C(Cc1ccccc1F)NCC(=O)Nc1nc2ccccc2[nH]1;CC(C)Oc1ccc(C(=O)N(C)C2CN(c3cnccn3)C2)cn1;COc1cc2c(cc1OC)CN(c1cc(C)nc3ncnn13)CC2;Cn1cnc2ncnc(N3CC4CN(c5nccs5)CC4C3)c21;Cn1cnc2c(N3CCC(Cc4ccc(F)cc4)CC3)ncnc21;CCc1cc(N2CCC(n3c(=O)[nH]c4cccnc43)CC2)ncn1;CC(=O)Nc1ccc(C(=O)N2CCCC(c3cnn(C)c3)C2)cc1;Nc1ncnc2c1ncn2C1OC2COP(=O)(O)OC2C1O;Nc1ncnc2c1ncn2C1OC(CO)C2OP(=O)(O)OC21;O=C(c1cc2cc(F)ccc2[nH]1)N1CCCC(Cn2ccnn2)C1;O=C(c1ccc(NC(=S)Nc2ccccc2)cc1)N1CCCC1;Cn1ccc2cccc(S(=O)(=O)Nc3cnc(C4CC4)nc3)c21;COc1ccc(C(F)(F)F)cc1NC(=O)c1nc(C)cc(C)n1;O=c1cccc2n1CC1CC2CN(C(=S)Nc2cccnc2)C1;Cc1ccccc1OCC(=O)N1CCN(CC(O)c2ccco2)CC1;N#Cc1ccc(CN2CC3CC(C2)c2cccc(=O)n2C3)c(F)c1;CC(=O)Nc1ccc(C(=O)NCCc2ccc(C(=O)O)cc2)cc1;O=C(O)CCC(=O)Nc1ccc(OCCOc2ccccc2)cc1;O=C(O)CCC(=O)Nc1ccc(Oc2ccc3c(c2)OCO3)cc1;CCn1cc(C(=O)Nc2nnc(C)n2C2CC2)c(C(F)(F)F)n1;Cc1nc(N(C)C2CN(c3cnccn3)C2)cc(C(F)(F)F)n1;COc1ccc(CCn2c(=O)[nH]c3cccnc3c2=O)cc1OC
m_d74296,CC(C(=O)Nc1cc(OCc2ccccc2)ncn1)n1nc(C2CC2)ccc1=O;COC(=O)C(NC(=O)CCn1cnc2cc(OC)c(OC)cc2c1=O)C(C)C;COc1cccc(-c2cc(C(=O)NCC3CCCN4CCCCC34)n[nH]2)c1;CCc1ccc(S(=O)(=O)N2CCc3nc4ccc(F)cn4c(=O)c3C2)s1;COc1cc2c(cc1OC)C1(O)C(=O)c3ccc4c(c3OC1CO2)C1C(O4)C1(C)C;CC1(C)CN(c2ncc(C(=O)Nc3cccc(C(F)(F)F)c3)c(N)n2)C(=O)N1;CC(C)C(=O)Nc1cc(C(=O)N2CCN(C3CCS(=O)(=O)C3)CC2)ccn1;CC(C)(c1ccc(OCC(O)CCl)cc1)c1ccc(OCC2CO2)cc1;C=C(C)C1Cc2c(ccc3c2OC2COc4cc(OC)c(OC)cc4C2C3=O)O1;CC(C)(C)n1ncc2c(=O)n(CC(=O)Nc3ccccc3C(F)(F)F)cnc21;C=C(C)C1Cc2c(ccc3c2OC2C(O)Oc4cc(OC)c(OC)cc4C2C3=O)O1;COc1cc2c(cc1OC)C1C(=O)c3ccc4c(c3OC1CO2)C=CC(C)(C)O4;COc1cc2c(cc1OC)C1C(=O)c3ccc4oc(C(C)C)cc4c3OC1CO2;CCCOc1cccc(C(=O)Nc2cc(NC(=O)c3ccco3)ccc2OC)c1;CN(CC(=O)NCc1ccc(OC(F)(F)F)cc1)c1nc2ccccc2s1;O=C(CNC(=O)N1CC(=O)Nc2ccccc21)NCCc1c[nH]c2ccccc12;CN(C)CCCCCCNC(=O)c1cccc(-c2cc(O)c3ncccc3c2)c1;O=C(C=Cc1ccc(O)c(O)c1)OC1CC(O)(C(=O)O)CC(O)C1O;CCCc1cc(=O)nc(-n2nc(C)cc2NC(=O)CCc2ccc(OC)cc2)[nH]1;O=C(CCCCCn1c(=O)[nH]c2ccccc2c1=O)N1CCc2ccccc2C1;Cc1cccc(NC(=O)COc2cc(C(C)(C)C)nn2-c2nc(C)cc(C)n2)c1;O=C(CCC(=O)N1CC2CC(C1)c1cccc(=O)n1C2)NCCc1ccccc1;c1nc2nc(Nc3ccc(N4CCOCC4)cc3)nc(NC3CCCCC3)c2[nH]1;O=C(CCc1nc(-c2ccco2)no1)NC(Cc1c[nH]c2ccccc12)C(=O)O;C#Cc1cccc(Nc2ncnc3cc(OCCOC)c(OCCOC)cc23)c1
m_d7ad1b,O=C1c2c(O)cccc2C(C2OC(CO)C(O)C(O)C2O)c2cc(CO)cc(O)c21;CC(NC(=O)c1ccc(Oc2nccnc2N2CCSCC2)cc1)c1ccc(F)cc1;CC(C)(O)c1ccc(-c2nc(-c3ccc(F)cc3)oc2Sc2ccc(Cl)cn2)cn1;Cc1ccc(CN2CCc3ncn(CC(=O)NCc4ccc(F)cc4F)c(=O)c3C2)cc1;Cc1ccc2[nH]c(-c3nc(CCN(C)C(=O)c4cncc(Br)c4)no3)cc2c1;O=C(O)C(Cc1ccccc1)NC(=O)N1CCN(C(=O)C2COc3ccccc3O2)CC1;O=C(Cc1c[nH]c2ccccc12)N1CCN(S(=O)(=O)c2cccc3nsnc23)CC1;CC(C)(C)c1ccc(OC(=O)c2cc(C(C)(C)C)c(O)c(C(C)(C)C)c2)c(C(C)(C)C)c1;CCCC(N(NC(=O)c1cccc(OC)c1CC)C(=O)c1cc(C)cc(C)c1)C(C)(C)C;N#Cc1nc(Cc2cccc3ccccc23)oc1NCC(c1ccccc1)N1CCOCC1;O=C(CCc1c[nH]c2ccccc12)N1CCN(S(=O)(=O)c2cccc3nonc23)CC1;O=C(Nc1cc(C2CC2)nn1-c1ccccc1)NC(Cn1ccccc1=O)c1ccccc1;COc1ccc(CCNC(=O)c2cc(-c3ccccc3)n(C3CCS(=O)(=O)C3)n2)cc1;CCCc1cc(=O)oc2c(C)c(OC(C)C(=O)NC(Cc3ccccc3)C(=O)O)ccc12;NS(=O)(=O)c1ccc(CNC(=O)c2ccccc2-c2ncc(-c3ccccc3)o2)s1;COc1cc(C)[nH]c(=O)c1CNC(=O)c1c(C)n(C(C)C2CCOCC2)c2ccccc12;O=S(=O)(c1ccccc1)c1nc(-c2cccs2)oc1NCc1ccc2c(c1)OCO2;CCCCC1(COC(=O)CCC(=O)O)C(=O)N(c2ccccc2)N(c2ccccc2)C1=O;COc1ccc(CCNCCCC(C#N)(c2ccc(OC)c(OC)c2)C(C)C)cc1OC;COc1cc(NC2=NS(=O)(=O)c3ccccc32)c(OC)cc1NC(=O)c1ccccc1;CCCCc1cc(=O)oc2c(C)c(OCC(=O)NC(Cc3ccccc3)C(=O)O)ccc12;CCN(CC=CC#CC(C)(C)C)Cc1cccc(OCC(C)(C)OCc2ccsc2)c1;COC(Cc1ccc(OCCc2nc(-c3ccccc3)oc2C)c2ccsc12)C(=O)O;CCOc1ccc(-c2cccc(NS(=O)(=O)c3ccc(OC(F)(F)F)cc3)c2)nn1;CC1CCC2(NC1)OC1CC3C4CCC5CC(O)CCC5(C)C4CCC3(C)C1C2C
m_d7ecc5,O=C(NCc1ccc(-c2ccoc2)nc1)c1c[nH]c2ccccc12;N#Cc1ccccc1Cn1nc(C2CC2)n(-c2ccccc2)c1=O;N#Cc1ccccc1Cn1c(-c2nonc2N)nc2ccccc21;O=C(CC1(O)C(=O)Nc2ccccc21)CC1(O)C(=O)Nc2ccccc21;Cc1c(C#N)cccc1C(=O)Nc1cn[nH]c1-c1ccccc1F;N#Cc1ccccc1CSc1nnc2ccc3ccccc3n12;CCCCCCC(C)(C)c1ccc(C2CCCC(O)C2)c(O)c1;Cc1cc(OC(=O)c2c(C)cc(O)cc2O)cc(O)c1C(=O)O;Cc1cccc(S(=O)(=O)N2CC3C4C=CC(O4)C3C2)c1C#N;COC1=CC23CCCN2CCc2cc4c(cc2C3C1O)OCO4;O=C(O)CC1CN(C(=O)c2cncn2-c2ccccc2)CCO1;Cc1ccc2[nH]c3c(=O)n(N=Cc4ccccc4)c(=O)[nH]c3c2c1;c1ccc(-c2nc3nccc(-c4ccc5c(c4)OCO5)n3n2)cc1;Cn1nccc1-c1ccnc2nc(-c3c[nH]c4ccccc34)nn12;COc1cc(-c2oc3cc(O)cc(O)c3c(=O)c2O)ccc1O;CC1CC2(C)C(CCC3C4=C(CCC32)C(C)(CO)CC4)CC1=O;COc1ccccc1-c1noc(-c2cc(-c3ccccc3)n[nH]2)n1;CCOC(=O)c1cccn2c(I)cnc12;CC(C)c1nc2ccc(NC(=O)c3cccc4[nH]ccc34)cc2[nH]1;C=CC1CN2CCC1CC2C(O)c1ccnc2ccccc12;CC(C)(C)Cc1nnc(NC(=O)CCCc2ccccc2)s1;N#Cc1ccc(S(=O)(=O)NC2CCc3nnnn3CC2)cc1;O=S(=O)(NNc1ccc(Cl)nn1)c1ccc(Cl)cc1;O=c1c(O)c(-c2cc(O)c(O)c(O)c2)oc2cc(O)cc(O)c12;CC1Cc2ccccc2C1NC(=O)c1c[nH]c(=O)c2ccccc12
m_d86693,COc1ccc(C=CC(=O)c2ccc3c(c2O)C=CC(C)(C)O3)cc1;Cc1cccc2[nH]c(SCC(=O)N(c3ccccc3)C(C)C)nc12;CCn1cc2c3c(cccc31)CN(C(=O)NCc1ccccc1)CC2;CCN1CCc2c(cccc2NC(=O)c2ccc3nnc(C)n3n2)C1;O=C(NCCCCCNC(=O)C12CC3CC(CC(C3)C1)C2)C1CC1;O=c1[nH]c2ccc(S(=O)(=O)N3CCOC4(CCCC4)C3)cc2o1;Cc1ccc(C)c(C(=O)N2CCC3(CC(=O)c4ccccc4O3)C2)c1;C=C(C)C=CCC(C)=CCOc1c2ccoc2cc2oc(=O)ccc12;Cc1ccc(C(=O)N2CCC(Nc3ncnn4cccc34)CC2)cc1;Oc1cccc(Nc2nc(NCC3CCCO3)c3ccccc3n2)c1;Cc1ncc(NC(=O)N(Cc2nc3ccccc3s2)C2CC2)cn1;Cc1ccc2ncc(C(=O)NC(C)c3ccc4c(c3)CC(=O)N4)n2c1;Fc1cc(CNc2ncnc3[nH]ncc23)ccc1Oc1cccnc1;CC(C)CC(=O)Nc1ccc(NC(=O)c2cc3ccccc3o2)cc1;Cc1cc(C(=O)N2CCC(Cc3ccccc3)CC2)nc(C2CC2)n1;Cc1cn2nc(C(=O)Nc3nc(-c4ccccc4)cs3)ccc2n1;CC(C)n1ncc2ccc(NC(=O)c3cc(-c4ccco4)[nH]n3)cc21;Cc1nc2ccccc2n1C1CCN(S(=O)(=O)N2CCCC2)C1;FC(F)(F)c1nc(CNc2ncnc3nc[nH]c23)c2n1CCCC2;COc1cc(O)c2c(=O)c(OC)c(-c3ccc(O)cc3)oc2c1;COc1ccc(C(F)(F)F)cc1NC(=O)c1ccc2nccn2n1;C=C(C)C1C2OC(=O)C1C1(O)CC3OC34C(=O)OC2C14C;Cn1c(C(=O)N2CCOCC2CCO)ccc1-c1ccc(F)cc1;CC(C)C(=O)Nc1nc(=O)c2ncn(C3CC(O)C(CO)O3)c2[nH]1;Cc1[nH]c2ccccc2c1C1c2ccccc2C(=O)N1CCC(=O)O
m_d90c36,COc1ccc(C(=O)N2CCOC3CCCCC32)cc1OC;O=C(Nc1ccc(OC(F)F)cc1)c1cc2c(nn1)CCC2;Cc1cc(C)n(CC(C)C(=O)Nc2cc(Cl)ccc2C)n1;COc1ccc(C(NC(=O)Cc2cc(C)on2)C(=O)O)cc1;CCN(CC)c1nc(C)cc(OP(=S)(OC)OC)n1;COc1ccc(OC)c(C(=O)Nc2cc(C)nn2C(C)C)c1;COc1ccncc1CNC(=O)NC1CC1C1CCCCC1;COc1ccc(C(=O)Cc2ccc3ccccc3c2)c(OC)c1;COc1cccc(C(=O)Nc2nnc(C3CC3)s2)c1OC;COCc1cnc(C2=NC(C)(C(C)C)C(=O)N2)c(C(=O)O)c1;O=C(NCc1ccc(Cl)cc1)N1CC(Cn2ccnn2)C1;CN1C2CC(OC(=O)C(CO)c3ccccc3)CC1C(O)C2;COc1cc(CNC(=O)CCCCC=CC(C)C)ccc1O;NCC1CCC(C(=O)Oc2ccc(CCC(=O)O)cc2)CC1;Cc1ccc(CCC(=O)NCCCCCNC(=O)CO)cc1;Cn1nccc1C1OCCC1CN1CC2CC3CC2C1C3O;COc1ccc(NC(=O)COc2ccc(Cl)cc2C)cn1;N#CCn1nc(-c2ccccc2Cl)c2c1-c1ccccc1C2;COc1ccc(C(=O)NCCCCNC(=O)C2CC2)c(C)c1;CCNc1ccnc(N2CCN(c3ncc(F)cn3)CC2)n1;Cc1nn(C)c(C)c1C(=O)NC(C(=O)O)c1ccccc1F;CC1(C)CCC(NC(=O)N2CCN(c3ncccn3)CC2)C1;COc1cc(O)c(C(=O)c2c(C)cc(O)cc2OC)c(O)c1;CC(=O)OC1C2OC2C2=CC(=O)C3(CC2(C)C1C)OC3(C)C;CCN(C(C)=O)c1cccc(-c2ccnc3c(C#N)cnn23)c1
m_daf5f1,COc1ccc(C(NC(=O)C2CCCCCC2)c2nccn2C)cc1;CN(C)CC1CCN(C(=O)C(C)(C)Cc2nc3ccccc3[nH]2)CC1;O=C(NCc1ccc(Cl)cc1)NCc1ccc(-c2ccoc2)nc1;O=C(NC1CCC(O)CC1)N1CCn2c(nnc2-c2ccccc2)C1;CCOc1nc(C(=O)N2CCCC3(C=Cc4ccccc4O3)C2)co1;COc1ccc(C)cc1S(=O)(=O)N1CC(O)(C2CC2)C1;O=C(C1CN(c2nccn3nc(C4CC4)cc23)CCO1)N1CCCC1;COc1ccc(-n2ccc(C(=O)NC3(C(N)=O)CCCCC3)n2)cc1;NC1(Cc2ccc(Cl)cc2)CCN(c2ncnc3[nH]ccc23)CC1;Cc1cc(C(=O)Nc2ccc(C(N)=O)c(N3CCCCC3)c2)n(C)n1;COc1nccnc1N(C)CC1CCN(S(=O)(=O)C2CC2)CC1;Cc1cc(Cl)ccc1OCCCC(=O)N1CCCc2ccccc21;CC=C(C)C(=O)OC1C(O)c2c(ccc3ccc(=O)oc23)OC1(C)C;CCCN1CCCc2cc(CCNC(=O)c3ccccc3F)ccc21;Cc1ccc(NC(=O)c2ccc(F)cn2)cc1C(=O)N1CCOCC1;CCc1nc2ccc(C(=O)NC3CCC(CO)CC3)cc2nc1CC;CCC(C)C(C(=O)NCCn1cccc1)N1Cc2ccccc2C1=O;Cn1c(N2CCN(c3ncc(F)cn3)CC2)nc2ccccc2c1=O;Cc1cc(C)n(-c2cc(N3CC(C(=O)N4CCOCC4)C3)ncn2)n1;Cc1oc2nc3c(c(NC(=O)CN4CCCC4=O)c2c1C)CCCC3;C=C(C)C(=O)OC1CC2(C)OC(=CC2=O)C(=C)CC2OC(=O)C(=C)C12;CC1C(=O)OCC2=CC[N+]3([O-])CCC(OC(=O)C(C)(O)C1(C)O)C23;CN1C2CC(OC(=O)C(O)(CO)c3ccccc3)CC1C1OC12;CC(=O)Nc1ccc(S(=O)(=O)NCCCN2CCOCC2)cc1;CCN1CCCC1CNC(=O)c1cc(S(N)(=O)=O)ccc1OC
m_db2018,Cn1cncc1CN1CC(Oc2ccnc(C(F)(F)F)c2)C1;Cn1cncc1CN1CCCC(COc2cc(C#N)ccn2)C1;O=C(c1ccoc1)N1CCN(C2CCS(=O)(=O)CC2)CC1;CCN1C(=O)C(O)(CC(=O)c2c(C)n[nH]c2C)c2ccccc21;Cc1occc1CN1CCC2(C)c3cc(O)ccc3CC1C2C;CC(C(=O)N1CC2CN(c3ncccn3)CC2C1)n1cccn1;CCOC(=O)c1oc2ccc(NC(=O)c3ccco3)cc2c1C;Cc1ccc(-c2c(C)sc(=NC(=O)c3ccco3)n2C)cc1;Cn1c(=O)c2c(ncn2CC(=O)Nc2ccncc2)n(C)c1=O;COC(=O)C1(OC(=O)c2cncn2C(C)c2ccccc2)CC1;Cc1nn(C)c(C(=O)NCc2cnn(C)c2)c1Br;Cc1ccc(N2CC3CN(C(=O)c4cc(C)on4)CC3C2)nn1;CNc1nc(C)cc(C(=O)N2CCN(c3ccccn3)CC2)n1;O=C(Nc1nc2c(Cl)ccc(Cl)c2s1)c1ccco1;COc1ccc(C=CC(=O)c2c(OC)cc(O)cc2OC)cc1;Cc1nccn1-c1cc(NCCNC(=O)c2ccco2)ncn1;CC(=NNC(=O)CCC(=O)NCc1ccccc1)c1ccco1;CCCCN(C)c1ncc(C(=O)NCc2ccccc2)c(N)n1;COc1ccc2c(=O)c(C(=O)NCCc3cnc[nH]3)c[nH]c2c1;Cc1ccc(Cn2c(NC3CCNCC3)nc3cccnc32)o1;COC(=O)Nc1nc2ccc(C(=O)c3ccc(F)cc3)cc2[nH]1;CCC(CC)n1ccc(C(=O)NC2c3ccccc3CC2O)n1;Cc1n[nH]c(C)c1S(=O)(=O)NCc1cc(C(=O)O)c(C)o1;O=C(Nc1ccccn1)NC1CC(=O)N(c2ccc(F)cc2)C1;O=C(Oc1cccc(NC(=O)c2cccs2)c1)c1ccco1
m_db2c0e,Cc1cccnc1NC(=O)c1c[nH]c2c(Cl)cccc2c1=O;Cn1ccc(CN2CCN(Cc3cccc(F)c3)CC2)cc1=O;Cc1oncc1-c1nn2c(Cc3ccccc3F)nnc2s1;COc1nccc(C(=O)N2CCCC2Cc2cccc(F)c2)n1;O=C(NCc1cccnc1)c1c[nH]c2ccc(Cl)cc2c1=O;COc1c[nH]c(C(=O)N2CCOC(c3ccccc3)C2)cc1=O;O=c1c(O)c(-c2cc(O)c(O)c(O)c2)oc2cc(O)cc(O)c12;O=C(NN=Cc1ccc(O)c([N+](=O)[O-])c1)c1cc(O)cc(O)c1;COc1ccnc(N2CCC(N(C)S(=O)(=O)C3CC3)C2)n1;Cc1nc(C2(NC(=O)CC(C)c3ccccc3)CCCC2)no1;CCSc1ccccc1C(=O)NCC1(c2ccsc2)CC1;CCCN(CCc1cccs1)C1CCc2c(O)cccc2C1;O=C(O)c1ccc(N2CCC(Oc3ccc(F)cc3)CC2)nc1;O=C(COc1ccc(F)cc1)Nc1cnn(C2CCOCC2)c1;COc1ncccc1NC(=O)CC1(n2cccc2)CCOCC1;CCC(C)CC(=O)OC1C(=O)C(CO)=CC(O)C1C(C)C;O=C(CC1Sc2ccccc2NC1=O)NCc1cccnc1;CC(C)c1n[nH]c(CNC(=O)c2ccc3[nH]c(=O)n(C)c3c2)n1;CC(=O)c1cc(C)c(O)c(CC2=C(O)C(C)OC2=O)c1O;O=c1c(O)c(-c2ccc(O)c(O)c2)oc2c(O)c(O)cc(O)c12;O=C(O)c1cccc(O)c1NC(Cc1ccc(O)cc1)C(=O)O;CC(=O)c1cc(C)c(O)c(Cc2c(O)oc(C)c2O)c1O;O=C(O)CC1C(=O)NCCN1Cc1ccccc1C(F)(F)F;COc1ccc(S(=O)(=O)NCCn2cncn2)cc1OC;O=c1c(-c2cc(O)c(O)c(O)c2)coc2cc(O)c(O)c(O)c12
m_dbd1b2,O=C1CC2OCC=C3CN4CCC56c7ccccc7N1C5C2C3CC46;COc1cc2c(c3oc(-c4ccccc4)cc(=O)c13)C=CC(C)(C)O2;Cc1cc(Cl)ccc1OCC(=O)Nc1cn[nH]c1C1CCNC1;CC(=O)c1c(C)cccc1OC1OC(CO)C(O)C(O)C1O;Cc1cc(CNC(=O)COc2ccc(Cl)cc2)nc(N(C)C)n1;Cc1nc(NC(=O)C2CCCOC2)sc1Cc1ccc(F)cc1;CSc1ccccc1NC(=O)C1(c2cccs2)CCCC1;CC(C)c1nnc2n1CCN(C(=O)COc1cccc(Cl)c1)C2;COc1cc(OC)c(OC)cc1C=NNC(=O)Cc1cccs1;Cc1cc(C(=O)Nc2ccc(N3CCCS3(=O)=O)cc2)c(C)o1;CCn1cccc(-c2nnc(SCC3CCOCC3)n2C)c1=O;COc1ccc2c(=O)cc(-c3ccc(OC)c(OC)c3)oc2c1;COc1c(-c2ccccc2)oc2c3c(ccc2c1=O)OC(C)(C)C=C3;Cn1cc(S(=O)(=O)N2CC3CN(c4cnccn4)CC3C2)cn1;O=C(COc1ccc(F)cc1)NC1CCN(Cc2ccsc2)C1;Cc1c(C2Nc3ccccc3NC3=C2C(=O)CC(C)(C)C3)cnn1C;COc1ccc(-c2nc3cc(C4=NNC(=O)CC4C)ccc3[nH]2)cc1;O=C(N1CCC(n2nc(C3CC3)[nH]c2=O)CC1)C12CSC(C1)C2;COc1ccc(C(CNC(=O)C(C)C)c2c[nH]c3ccccc23)cc1;CCC1=CC2CN3CCc4c([nH]c5ccccc45)C(C(=O)OC)(C2)C13;OCC1OC(OCC=Cc2ccc(O)cc2)C(O)C(O)C1O;CN1C(=O)c2cc(NC(=O)c3ccco3)ccc2Oc2ccccc21;Cc1csc(C(=O)NCC2CCN(Cc3ccsc3)CC2)c1;CC(C)C(NC(=O)N1CCOC(c2ccnn2C)C1)C(F)(F)F;CCCN(C(=O)c1ccc2nncn2c1)C1CCc2ccccc2C1
m_dbd5d0,Cc1ccc2cc(CN(C)C(=O)c3cccc(Cl)c3)c(=O)[nH]c2c1;O=C(NC1CCOC2(CCCCC2)C1)c1cccnc1-n1cccn1;CCC1=CC2CN3CCc4c([nH]c5ccccc45)C(C(=O)OC)(C2)C13;O=C(NCC1CCCN2CCCCC12)c1cc(-c2cccnc2)[nH]n1;COc1cc(C(=O)C=C2C(O)=Nc3ccccc32)cc(OC)c1OC;Cc1csc(NC(=O)CSc2ccc(-c3ccccc3)nn2)n1;Cc1cc2ccccc2n1CC(=O)NC(Cc1ccccc1)C(=O)O;C=C1CCC2C(C)(C(=O)O)CCCC2(C)C1CCc1ccoc1;Cc1cc(C)c(C)c(S(=O)(=O)Nc2cnc3ccccc3c2)c1C;CN(C)C(=O)N1CCC(CNC(=O)Nc2c(F)cccc2F)CC1;CC(C)C1CCCN(C(=O)NCc2cc3ccccc3n(C)c2=O)C1;O=C1c2ccccc2-c2cc(N3CCOCC3)nc3cccc1c23;CC=C1CN2CCC34c5ccccc5N(C(C)=O)C3C(CO)C1CC24;Cc1ccccc1-c1ccc(N2CCN(c3cnsn3)CC2)nn1;Cc1cc(C(=O)O)ccc1NS(=O)(=O)c1ccc2ncccc2c1;CC(C)Sc1nc(=O)c2c([nH]1)-c1ccccc1CC2C1CCCC1;CC(C)N(C)CC1CCN(C(=O)c2n[nH]nc2-c2ccccc2)CC1;CCCN(CCC)C1CCc2cccc(CS(=O)(=O)NC)c2C1;Cn1nc(-c2ccccn2)cc1CNC(=O)Nc1ccccc1Cl;CC(C)C(=O)N1CCCN(C(=O)c2ccnc(-n3ccnc3)c2)CC1;Cc1ccc(S(=O)(=O)NCc2cncc(-c3ccco3)c2)cc1C;COC(=O)c1cc(OC)c(OC)cc1NC(=S)N1CCCCC1;O=C1CCc2cc(C(=O)Nc3cnn(CC4CCCO4)c3)ccc2N1;COC(=O)c1ccc(C(=O)NCC2(O)CCc3ccccc3C2)cc1;COc1cc(C(=O)NC(=S)N2CCCCC2)cc(OC)c1OC
m_dc5eb2,Cc1[nH]cnc1CN1CCc2c(c3ccccc3n2C)C1=O;Cc1cc(CN2CCN(c3cccc(F)c3F)CC2)n[nH]1;Cn1ccc(CNC(=O)N2CCCC3(CCCCC3)C2)n1;Cc1[nH]cnc1CC1CCc2c(c3ccccc3n2C)C1=O;C=CCCCCCCCCCC(=O)NCCc1ncc[nH]1;COCc1cc(NC(=O)NC2CCOC(C)(C)C2)ncn1;Cc1noc(C(NC(=O)c2ccccc2)c2ccccc2)n1;Cc1[nH]cnc1CC1CCc2c(C)c3ccccc3n2C1=O;CCCCCCCCCCCCCCC(=O)NC(CO)C(=O)O;C=CCCCCCCCCCC(=O)NC(CC(C)C)C(=O)O;CCCCCCCCCCCC(=O)NCCc1c[nH]cn1;CCCCCCCCCCCC(=O)NCCc1ncc[nH]1;CCCCCCCCCC=CC(=O)NCCc1c[nH]cn1;Cc1[nH]c(=O)[nH]c(=O)c1CC(=O)N1CC(C)CCCC1C;COCC(N)Cc1cn(Cc2coc(C(C)(C)C)n2)nn1;COc1ccccc1C(=O)Nc1cn[nH]c1-c1ccccn1;O=C(O)C(NC(=O)C1CC2CCC1O2)c1ccccc1F;CCC1(NC(=O)Cn2c(C)cc(O)cc2=O)CCOCC1;CCn1nc(C)c(C(=O)N2CCC3(CCCN3C)CC2)n1;CC(O)=NC1C(O)OC(CO)C(O)C1OC(C)C(=O)O;O=C(Nc1cccc(Cl)c1)NC1(c2nn[nH]n2)CCC1;CC(C)Oc1cc(N2CCN(C3CCNC3)CC2)ncn1;Cc1[nH]ncc1CNC(=O)N1CCCCC1CCC(=O)O;CCCCCCCCCCCC1=C(O)C(=O)C=C(O)C1=O;CCCCCCCC=CCCc1c(O)c(O)cc(O)c1O
m_dc7be7,Cn1nccc1-c1ccc(CNC(=O)Cn2ccc3ccccc32)cn1;CCC(C(=O)Nc1nc2ccccc2[nH]1)n1cnc2ccccc2c1=O;Cc1cccc(CC(=O)N2CC(n3c(C4CC4)nc4ccccc43)C2)c1;C=C1CC23CC1(O)CCC2C12C=CC(O)C(C)(C(=O)O1)C2C3C(=O)O;Cc1cc(N(C)C2CN(c3ccc4nncn4n3)C2)c2ccccc2n1;Cc1cc(N2CCOC(C(=O)N3CCOCC3)C2)n2nc(C)cc2n1;CC(C)C(NC(=O)Cc1c[nH]c2ccccc12)c1nnc2ccccn12;CCOC(=O)C1CCN(C(=O)c2cn(CC)nc2OCC)CC1;CC(=O)C1=C(O)C2(C)C(=CC1=O)Oc1c(C(C)=O)c(O)c(C)c(O)c12;Cn1c(N2CC3CN(c4nccc(C#N)n4)CC3C2)nc2ccccc21;c1ccc2nc(N3CCN(c4cc(C5CCC5)ncn4)CC3)cnc2c1;Cc1cc(C)c(-c2c(O)c3cnn(-c4ccccc4)c3[nH]c2=O)c(C)c1;COc1cc(-c2cn(CC(=O)NC3CCCCC3)nn2)ccc1Cl;Cc1c(C(=O)N2CCCC2c2cccn2C)cccc1S(N)(=O)=O;O=C(NCCn1ccc(-c2ccccn2)n1)c1cc(C2CC2)on1;COc1ccc2nc([S+]([O-])Cc3ncc(C)c(OC)c3C)[nH]c2c1;Cc1ccccc1C1CC(N(C(=O)c2cnc3nccn3c2)C2CC2)C1;Cc1ccc(C(=O)N2CCc3ccc(S(=O)(=O)N(C)C)cc32)cn1;Cc1ccc(N2CC(N(C)C(=O)NCc3ccc(Cl)cc3)C2)nn1;Cn1c(N2CCC3CN(c4ccc(C#N)cn4)CC32)nc2cccnc21;Cc1ccc(S(=O)(=O)NCCn2cc(-c3ccco3)cn2)cc1C;CCN1CCCn2cc(S(=O)(=O)Nc3cccc(C)c3)cc2C1=O;CC12C=C(CO)C(=O)C=C1CCC1C2C(O)CC2(C)C1CCC2(C)O;CCC1COC(c2ccccc2NC(=O)c2ccc3ccccc3n2)=N1;CCC(C)C(CO)NC(=O)C1CCN(c2ccc3nnnn3n2)CC1
m_dd5487,CC(O)(CNC(=O)CCc1ccccc1F)c1cc2ccccc2o1;Cc1cc(NCC2CCC(c3nc(C4CC4)n[nH]3)O2)c(C#N)cn1;Cc1ccc(C(=O)NCCc2ccc3c(c2)CCCN3C)cc1C;COc1ccccc1NC1C=CC(=O)C1Nc1ccccc1OC;C=CC1CN2CCC1CC2C(O)c1ccnc2ccc(OC)cc12;CC(O)CCCCCCCCCC(=O)Cc1cc(O)cc(O)c1;CCc1nc2ccccc2n1CC(O)COc1ccc(C)c(C)c1;CC(C)=CCc1cc2c(cc1O)OCC1c3ccc(O)cc3OC21;C=C(C)C1Cc2c(ccc3c2OCC(c2ccc(O)cc2O)C3)O1;CCCCCC(=NNC(=O)COc1ccccc1)c1ccccc1;Cc1ccnc(N2CC3CN(C(=O)c4cc(C)oc4C)CC3C2)n1;O=C(NC1CCCCC1NC(=O)c1ccccn1)c1ccccn1;O=C(Nc1cnc2c(c1)COCC2)c1cccc(C2CCOC2)c1;CCC1CN2CCC1CC2C(O)c1ccnc2ccc(OC)cc12;O=C(c1nccc2ccccc12)N1CCC(C2CCOCC2)CC1;Cc1ccc(OCC(=O)NN=C2CCOc3c(C)cccc32)cc1;Cc1cc(F)ccc1Cn1cc(C(C)(C)NS(C)(=O)=O)nn1;CC(=CC(=O)O)C=C(C)CC(C)CCCCC(O)C(CO)C(=O)O;Cc1ccc(C)c(-n2ncc(NC(C)c3cc(C)n(C)n3)c2C)c1;CC(=O)OC1C=C(CO)C(=O)C(OC(=O)CC(C)C)C1C(C)C;COc1cccc(N2CCN(CC3CCS(=O)(=O)C3)CC2)c1;Cc1ccc(NC2CCCN(c3ccccc3)C2=O)cc1C(N)=O;Cc1c(-c2ccc3c(c2)OCO3)oc2ccc(C(O)C(C)O)cc12;O=C(Nc1ccn(CC(F)F)n1)N1CCc2cc(F)ccc2C1;CCCC(=NOCC)C1=C(O)CC(C2CCCSC2)CC1=O
m_de93b1,CC(=O)Nc1c(C(=O)N2CCN(CCO)CC2)cnn1-c1ccccc1Cl;CS(=O)(=O)c1ccc(C(O)C(CF)NC(=O)C(Cl)Cl)cc1;COc1ccc(Cl)cc1C(=O)NN=Cc1ccc2c(c1)c1ccccc1n2C;CN1CC(=O)N2C(Cc3c([nH]c4ccccc34)C2c2ccc3c(c2)OCO3)C1=O;NC(=O)c1cccc(Oc2ccc(NC(=O)C3CC3c3ccc(F)cc3)cn2)c1;COc1cccc(Nc2cc(C(=O)N3CCSCC3)nc3ccc(C)cc23)c1;Cc1ccc(S(=O)(=O)NCC2CC(=O)N(c3ccc(Cl)cc3)C2)c(C)c1;CC(NC(=O)c1ccc(Nc2ncccn2)cc1)C(O)c1ccccc1;CCCCN(C)S(=O)(=O)c1ccccc1-c1nc(-c2ccc(F)cc2)no1;CC(=O)Nc1ccc(NC(=O)c2ccoc2CN2c3ccccc3CC2C)cc1;CCC(C(=O)NCCc1ccc(S(N)(=O)=O)cc1)c1ccccc1;CC1(C)CC(=O)c2c(O)cc(OCC(=O)Nc3cccc4ncccc34)cc2O1;COC=C(C(=O)O)c1ccccc1Oc1cc(Oc2ccccc2C#N)ncn1;c1cc2c(cc1OC1OCC3C(c4ccc5c(c4)OCO5)OCC13)OCO2;COc1ccc2c3c1OC1CC(OC(=O)c4ccccc4)C=CC31CCN(C)C2;O=C(c1cccc2[nH]ccc12)N1CCCC1c1nc(-c2cccc(Cl)c2)no1;COc1cccc(C(=O)Nc2c3c(nn2C(C)(C)C)CS(=O)(=O)C3)c1OC;COc1ccc(CCC(=O)N(c2nccc3ccccc23)C2CCCNC2)cc1;CCCCCC(O)CCC1C(O)CC2Cc3c(cccc3OCC(=O)O)CC21;O=C(O)c1ccccc1NC(=O)N1CCC(c2ccccc2C(F)(F)F)CC1;COc1ccc(S(=O)(=O)N2CCCC3(CCS(=O)(=O)C3)C2)c(C)c1;O=C(NC1CCCCCC1)C1CCCN(c2ncnc3c2oc2ccccc23)C1;COC1=C(OC)C(=O)C(C2COc3c(cc(OC)c(OC)c3OC)C2)=CC1=O;COc1cc(C=CC(=O)CC(=O)C=Cc2ccc(O)c(OC)c2)ccc1O;Clc1ccc(OCc2ccccc2Cl)c(CNc2ncn[nH]2)c1
m_ded5eb,NC(CCC(=O)NC(=O)CCc1c[nH]c2ccccc12)C(=O)O;CN1CCCN(C(c2ccccc2)c2ccc(Cl)cc2)CC1;CC(=O)C1=C(O)C(=O)N(CCCOC(C)C)C1c1ccccc1;O=C(Cn1ccc2ccccc21)NC1CCC2OCCOC2C1;CCCCCCCCCCC(=O)NC(CCC(=O)O)C(=O)O;COC1=CC23CCCN2CCc2cc4c(cc2C3C1O)OCO4;CCCCCC(O)CC(=O)CCc1ccc(O)c(OC)c1;Cc1[nH]c2ccccc2c1Cc1nc2ccccc2n1CC(C)O;CNC(=C[N+](=O)[O-])NCCSCc1ccc(CN(C)C)o1;COC(=O)C1CCN(Cc2cc(=O)oc3cc(C)ccc23)CC1;COCC(=O)N1CCN(c2cc(-n3cccc3)nc(C)n2)CC1;CC1CCCC(=O)CCCC=Cc2cc(O)cc(O)c2C(=O)O1;C=CCCCCCCCCC(=O)NC(CCC(=O)O)C(=O)O;O=C(Cn1ccc2ccccc21)Nc1ccc(-c2ccn[nH]2)cc1;O=C(Cc1cccs1)NCc1cccnc1-c1ccsc1;CC1CCCC(=O)CCC=CCc2cc(O)cc(O)c2C(=O)O1;O=c1[nH]n(CC2COC3(CCCCC3)O2)c(=O)c2ccccc12;O=C(CSc1ccc(-c2ccccn2)nn1)N1CCCCC1;Cc1ccc(C(=O)NCc2cccnc2-c2ccsc2)s1;N#Cc1ccc(S(=O)(=O)NC2CCc3nnnn3CC2)cc1;O=C1c2ccccc2-c2cc(N3CCOCC3)nc3cccc1c23;CCCCCCCC(O)CC(=O)NC(CCC(N)=O)C(=O)O;Cc1[nH]c2ccccc2c1SCC(=O)Nc1ccc(F)cc1;COC1CCCN(C(=O)NCc2coc(-c3ccccc3)n2)C1;COC1CCN(c2nnc(-c3ccccn3)n2CC(C)C)CC1
m_e138be,COc1ccc(C(CN(C)C)C2(O)CCCCC2)cc1;CCC(C)C(CO)NC(=O)c1n[nH]c2c1CCCCC2;CCCc1ccc(OCC(O)CN2CCCCC2)cc1;c1cc(N(CC2CO2)CC2CO2)ccc1OCC1CO1;CN(C)c1ccc(C(=O)NCC2(O)CCOCC2)cn1;CN(C)CCC=C1c2ccccc2CCc2ccccc21;COc1cc(Cc2cnc(N)nc2N)cc(O)c1OC;COc1c(C)c(OCC(O)C(C)(C)O)cc2c1CNC2=O;CNC(=O)Oc1ccc2c(c1)C1(C)CCN(C)C1N2C;Nc1ncc(-c2ccc(O)cc2)nc1Cc1ccccc1;Cc1nc(-c2cccc(NCc3ccccc3)c2)[nH]c1C;O=C(O)CCCCCCCNC(=O)c1ccccc1O;CC1CC(C)C2c3c(ccn(O)c3=O)OC(C)C2(C)C1;COc1cc(Cc2cnc(N)nc2N)cc(OC)c1O;O=C(O)CCCCNC(=O)C1CCc2ncncc2C1;CNCCCC12CCC(c3ccccc31)c1ccccc12;CCCCC(CC)COC(=O)c1ccc(N(C)C)cc1;c1ccc2c(c1)CCCC2CNc1ncnc2[nH]ncc12;O=C1CC(c2ccccc2)Oc2cc(O)cc(O)c21;C[N+]1(C)CCC(=C(c2ccccc2)c2ccccc2)CC1;O=c1c(-c2ccccc2)coc2cc(O)cc(O)c12;O=C(O)c1ccc(C(=O)N2CCCC2CCCO)cc1;c1cc(OCC2CO2)cc(N(CC2CO2)CC2CO2)c1;O=C1CN(N=Cc2ccc([N+](=O)[O-])o2)C(=O)N1;CC(C)c1ccc(C(=O)NC2CCCCC2O)c(O)c1
m_e17598,Nc1ncnc2c1ncn2C1OC2COP(=O)(O)OC2C1O;Nc1ncnc2c1ncn2C1OC(CO)C2OP(=O)(O)OC21;COc1ncccc1C(=O)N1C2CCC1CC(n1cc(C)cn1)C2;CCCn1cnnc1C1CCCCN1C(=O)c1ccc(OC)nc1;CCCn1cnnc1C1CCN(C(=O)c2ccc(OC)nc2)CC1;CC(C)CC(C(=O)Nc1ccc2c(c1)OCCCO2)n1cccc1;COc1ncccc1C(=O)N1CCCC(COc2ccncc2)C1;COc1cccc(CN2CCN(Cc3cccnc3)CC2)c1OC;CCCCCC(=O)Nc1ncc2c(n1)CC(c1ccco1)CC2=O;CNC(=O)c1ccn(C2CCCN(c3ccncc3C(N)=O)C2)n1;O=C(NCc1nnc2n1CCCC2)c1cc(-c2cccs2)[nH]n1;CC(C)CC(C(=O)Nc1n[nH]c(-c2cccs2)n1)n1cccc1;COc1ccc(C(N)=O)cc1NC(=O)C(CC(C)C)n1cccc1;CCc1cnc(N2CCC(N3CC(=O)N(C4CC4)C3=O)CC2)nc1;COc1cc(C2CC(=O)c3cnc(N)nc3C2)cc(OC)c1OC;CCOc1ccccc1CCNC(=O)C1CCc2nc(C)nn2C1;NC(Cc1ccc(O)cc1)C(=O)NC(Cc1ccccc1)C(=O)O;Cc1cc(C)nc(N2CCC(C(=O)NCCn3cccn3)CC2)n1;COc1cccc(CCCN2C(=O)NC(Cc3cnc[nH]3)C2=O)c1;CCSc1nnc(NC(=O)CSc2nc(C)c(C)o2)s1;CC1(C)CC(NC(=O)Nc2ccc(C(N)=O)nc2)CCO1;Cc1cc(=O)[nH]cc1C(=O)N1CCCC(c2ccc(F)cc2)CC1;CCn1nc(C(C)C)cc1C(=O)N1CCOc2cc(O)ccc2C1;COc1cc2c(cc1OC)CN(C(=O)Cn1ccccc1=O)CC2;CN1CC2(CC3CCC(C2)N3c2ccnc(C3CC3)n2)OCC1=O
m_e1bfd4,Cc1csc(C(=O)NCC2(O)CCC(F)(F)CC2)c1;Cc1cnc(Cn2cnc3c(N(C)C)ncnc32)cn1;CCC(C(=O)O)N(C)C(=O)c1ccc(C)cc1Cl;CC(C)=CCc1c2ccoc2c(O)c2oc(=O)ccc12;O=C(O)C1CC(NC(=O)C2CC3CCC2O3)CS1;O=C(NCCc1n[nH]c(=O)[nH]1)C1CC1c1ccccc1;CC(=O)NC1CCN(C(=O)c2ccc3nc[nH]c3c2)C1;O=c1c(-c2ccc(O)cc2)coc2cc(O)cc(O)c12;C=C1C(=O)OC2CC(C)C(CCC(C)=O)=CCC12;O=C1CCCN1C1CCN(c2ncnc3nc[nH]c23)C1;O=C(c1ccc[nH]c1=O)N1CCCC(c2ccn[nH]2)C1;COc1cc(O)cc2c1C(=O)CC(c1ccccc1)O2;C=C1C(=O)OC2CC3(C)C(CCC(C)=O)C3CC12;C=CCc1c(O)ccc2nc3n(c(=O)c12)CCCCC3;CCC(N)(CC)CNC(=O)C12CNCC1CCOC2;COCCCNc1nc(NC(C)C)nc(SC)n1;CCC(C)(C(=O)CC1C(=O)OC(C)(O)C1C)C(=O)OC;COC1=CC(=O)OC(CCc2ccccc2)C1O;CCC(C)C(NC(C)=O)c1cc(OC)cc(=O)o1;O=c1c(-c2ccc(O)cc2)coc2c(O)c(O)ccc12;O=c1c(-c2ccc(O)cc2)coc2cc(O)c(O)cc12;CSc1ccc(CNc2cnc3[nH]ncc3c2)cc1;O=C(O)C(=O)Nc1sc2c(c1C(=O)O)CCNC2;CCCCCCCNc1c(C(=O)O)[nH]c(=O)[nH]c1=O;O=C(CCc1ccc(O)cc1)c1c(O)cc(O)cc1O
m_e1d7ad,Cc1ncc(NC(=O)C2(Cc3ccccc3)CCC2)cn1;Cc1ccc(N(CC2=NCCN2)c2cccc(O)c2)cc1;CN(C)c1ccc(C(=O)NCC2(O)CCOCC2)cn1;CCCc1c(-c2ccccc2)nn(-c2ccccn2)c1O;CCCc1c(-c2ccccc2)[nH]n(-c2ccccn2)c1=O;Cn1cc(C(=O)C2CCc3nc[nH]c3C2)c2ccccc21;COc1cccc(C2(O)CCCCC2C[N+](C)(C)[O-])c1;O=C(Nc1ccncc1)N1CCCCC1c1ccccc1;CCC1COCCN1CCOc1cccc(C(=O)O)c1;CCC(Cc1ccccc1)c1nc(-c2cccnc2)no1;CC(C)C1=CC2C(CCC2(C)O)C(C)(O)CC1;CN(C)CCC=C1c2ccccc2COc2ccccc21;O=C(NC(c1ccccc1)C1CC1)c1cc(C2CC2)[nH]n1;CCC(CC)Nc1c([N+](=O)[O-])cc(C)c(C)c1[N+](=O)[O-];CC=CC1=C(CO)C(=O)C2(C(O)C=C(C)C)OC2C1O;CC(C)(C)c1ccc(CCCNC(CO)C(=O)O)cc1;CCC1C(=O)NCCN1CC(=O)Nc1cccc(F)c1;Cn1cnc2c(ncn2C2OC(CO)C(O)C2O)c1=N;CCN(CC)CCn1cnc2c1c(=O)n(C)c(=O)n2C;COCC(=O)N(c1c(C)cccc1C)C(C)C(=O)OC;COc1ccc(N(C)c2nc(C)nc3ccccc23)cc1;COc1cc(C=CCNC(C(=O)O)C(C)C)ccc1O;CN1C(=O)c2ccccc2N=C(O)C1Cc1ccccc1;CCC(C(=O)OC)C(=O)N1CCC(C)C(OC)C1;N=C(N)c1ccc(N=NNc2ccc(C(=N)N)cc2)cc1
m_e1f9f4,O=C(C=CC=Cc1ccc2c(c1)OCO2)N1CCCCC1;O=C1Nc2ccc(Cl)cc2C(c2ccccc2)=NC1O;COc1ccc(-c2coc3cc(O)cc(O)c3c2=O)cc1;O=C1N=C(c2ccccc2)c2cc(Cl)ccc2NC1O;Cc1c(C(=O)N2CCCCC2CO)cnc2ccccc12;O=C1c2cc(O)cc(O)c2C(=O)c2c(O)cc(CO)cc21;CC(=CCOc1c2occc2cc2ccc(=O)oc12)CO;CCN1CCN(Cc2ccc(N)cc2C(F)(F)F)CC1;COCc1ccc(-c2noc(C3CC(N)C4CC34)n2)cc1;O=c1cc(-c2ccc(O)c(O)c2)oc2cc(O)cc(O)c12;O=C1CN=C(c2ccccc2F)c2cc(Cl)ccc2N1;CC1(C)OC1COc1c2occc2cc2ccc(=O)oc12;O=c1c(O)c(-c2ccc(O)c(O)c2)oc2cc(O)ccc12;O=c1c(O)c(-c2ccc(O)cc2)oc2cc(O)cc(O)c12;O=C1C(=Cc2ccc(O)c(O)c2)Oc2cc(O)cc(O)c21;CN(CC=Cc1ccccc1)Cc1cccc2ccccc12;COC(=O)c1[nH]ncc1NC(=O)c1ccc2cc[nH]c2c1;COc1ccc(-c2cc(=O)c3c(O)cc(O)cc3o2)cc1;[O-]c1cc2c(O)cc(O)cc2[o+]c1-c1ccc(O)c(O)c1;CC(C)(O)C(O)Cc1cc2ccc(=O)oc2cc1O;CN1C(=O)CN=C(c2ccccc2)c2cc(Cl)ccc21;COc1cc(C)c2c(c1)oc1cc(O)c(C(=O)O)c(C)c12;O=c1cc(-c2ccc(O)cc2)oc2cc(O)c(O)c(O)c12;Oc1ccc(CC2NCCc3cc(O)c(O)cc32)cc1O;O=C1c2ccc(O)cc2OC(c2ccc(O)c(O)c2)C1O
m_e2993b,O=Cc1cn(Cc2ccc(Cl)cc2)c2ccccc12;Cc1csc(C(=O)NCC2(O)CCC(F)(F)CC2)c1;CN(C)CCOC(c1ccc(Cl)cc1)c1ccccn1;O=c1nc[nH]c2c1ncn2C1OC(CO)C(O)C1O;O=C(C1CC2CCC1O2)N1CCC(c2n[nH]c(=O)[nH]2)CC1;C=CCN1CCN(C(c2ccccc2)c2ccccc2)CC1;COC(=O)c1sc(NCc2ccsc2)nc1C;CCC(C(=O)O)N(C)C(=O)c1ccc(C)cc1Cl;Cc1ccc(C(=O)NCC(C)(O)C(=O)O)cc1Cl;O=S(=O)(Oc1ccc(Cl)cc1)c1ccccc1;Fc1ccc(OCc2noc(C3CC34CCNC4)n2)cc1;O=C(O)C(=O)Nc1sc2c(c1C(=O)O)CCNC2;CC(=O)c1cc(C)c(O)c(CC2=C(O)C(C)OC2=O)c1O;CCC(C)C(NC(C)=O)c1cc(OC)cc(=O)o1;Cn1cc(NC(=O)C(c2ccccc2)c2ccccc2)cn1;Cc1cc(NC(=O)CNc2ccc(F)c(C(N)=O)c2)no1;CN(C)CCOC(C)(c1ccccc1)c1ccccn1;COCC(C)N(C(=O)C(=O)O)c1c(C)csc1C;Cc1c(O)cc(CC(O)C(C)C(O)C(C)C)oc1=O;CC=C1CN2C3CC1C(CO)C2Cc1c3[nH]c2ccccc12;CC(N=C(NC#N)Nc1ccncc1)C(C)(C)C;Oc1ccc2cc(O)c(-c3ccc(O)c(O)c3)[o+]c2c1;C=C1C2CC(=O)c3[nH]c4ccccc4c3C1N(C)CC2=CC;CCOCN(C(=O)CCl)c1c(C)cccc1CC;Cc1c(N2C3CCC2CC(C)(O)C3)ccc(C#N)c1Cl
m_e3b936,O=c1ccc2ccc(OC3OC(CO)C(O)C(O)C3O)cc2o1;CCOc1ccc2c(c1)C(NC(C)=O)C(=O)N2Cc1cccc(Cl)c1;O=C(C=Cc1ccc(O)c(O)c1)OC(Cc1ccc(O)c(O)c1)C(=O)O;CC1CNC(=O)c2cnn3ccc(nc23)NC(C)c2cc(F)ccc2O1;c1cc2c(cc1C1OCC3C(c4ccc5c(c4)OCO5)OCC13)OCO2;COc1cc2c(cc1O)C(=O)C(C)C(C)C2c1ccc(OC)c(OC)c1;COc1ccc(NC(=O)Nc2ccc3[nH]nnc(=O)c3c2)cc1;O=C(Nc1cc(Cl)ccc1O)c1nn2c(C(F)(F)F)cc(-c3ccccc3)nc2c1Br;CC1Oc2ccc(S(=O)(=O)N3CCOc4ccccc43)cc2NC1=O;Cc1cc(NC(=O)Nc2ccc(N(C)C)cc2)c2cc(F)cc(F)c2n1;c1ccc2c(c1)CC1OC(C3(C4=NC5c6ccccc6CC5O4)CC3)=NC21;C=CCC1=CC(OC)(C(C)Cc2ccc3c(c2)OCO3)C(OC)=CC1=O;O=C(Cn1c(=O)oc2cc([N+](=O)[O-])ccc21)N1CCc2ccc(F)cc21;CS(=O)(=O)N1CCC(CNc2nc3ccccc3o2)CC1;CCc1nc(C#N)cc(N2CCC(C3CCC(C(=O)N(C)C)O3)CC2)n1;N#CC(C#N)=C1NCCN1CCNCc1ccc(CN2CCCCC2)o1;O=C(NCC1CCN(CC(F)(F)F)C1)NC1c2ccccc2CC1O;Cc1cc(C)n(-c2cncc(N3CCC(C(=O)N4CCCC4)CC3)n2)n1;CC(C)C(=O)OC1C2C(CC(C)C3C=CC(=O)C31C)OC(=O)C2C;CC(=O)Nc1ccc(S(=O)(=O)N2CC(N3CCCC3)C2)cc1;COc1cc(CC2COC(=O)C2Cc2ccc(O)c(OC)c2)ccc1O;O=C1OC(N2C(=O)CCC2C(=O)Nc2cccc(F)c2)c2ccccc21;CCC(C)C(=O)OCC1(c2ccc(C)cc2OC(=O)C(C)C)CO1;CCc1nc(C2CN(C(=O)c3ccc(OC)cc3)Cc3cn[nH]c32)n[nH]1;COc1cc2c(cc1OC)N1C(=O)CC34C=CCN5CCC2C(CC3)C514
m_e44302,O=c1c(-c2cccc(Oc3ccccc3)c2)c(O)[nH]c2cc(Cl)ccc12;COc1cccc(C2CCCN2S(=O)(=O)c2cnn(CC(=O)O)c2)c1;COc1cncc(S(=O)(=O)Nc2ccn(-c3ncccc3Cl)n2)c1;CC1Cc2ccccc2N1NC(=O)c1ccc(Cl)c(S(N)(=O)=O)c1;C[S+]([O-])c1cccc(C(=O)N2CCN(c3ccc(Cl)cn3)CC2)c1;CS(=O)(=O)c1cc(CNC(=O)C2(O)CCCC2)cc(C(F)(F)F)c1;CCn1c(SCC(O)=Nc2ccc(F)cc2F)nc2c(O)ncnc21;COc1cc2c(Nc3ccc(Br)cc3F)ncnc2cc1O;CC(C)NC(=O)NS(=O)(=O)c1cnccc1Nc1cccc(CO)c1;O=C(O)c1sccc1CN1CCN(S(=O)(=O)c2ccccc2)CC1;Cc1cnn(C)c1S(=O)(=O)NC(C)c1cc(F)c(Cl)cc1Cl;O=P(O)(O)OCC1OC(n2cnc3c(=S)nc[nH]c32)C(O)C1O;COC(=O)c1ccc(OC)c(S(=O)(=O)NC2CCn3nccc3C2)c1;O=C(Cc1ccccc1Cl)Nc1ccc(-c2ccc3nncn3n2)cc1;COc1ccc(C=NNC(=O)c2cccnc2)cc1COc1ccccc1;Cc1cccc(Cl)c1N1Cc2cc(Br)ccc2OCC1=O;COc1ccc(S(=O)(=O)Nc2ccccc2C=Cc2ccncc2)cc1;O=C(NN=Cc1ccc([N+](=O)[O-])o1)c1cc([N+](=O)[O-])cc([N+](=O)[O-])c1O;O=C(CC1CCS(=O)(=O)C1)NC(Cc1c[nH]c2ccccc12)C(=O)O;Cc1c(C(=O)Nc2[nH]nc3c2c(-c2ccccc2)nn3C)nnn1C(C)C;CC(CC(=O)O)C1CCCN(S(=O)(=O)c2ccc(F)c(F)c2F)C1;CC1(C)COCCN1CCNC(=O)N1CCS(=O)(=O)CC1;NC(=O)c1ccc2nc(-c3ccc(Oc4ccc(Cl)cc4)cc3)[nH]c2c1;CC(C)N(C(=O)COc1nnc(C(F)(F)F)s1)c1ccc(F)cc1;O=C(NCc1nnc2cc(C(F)(F)F)ccn12)N1CCOCC1
m_e4865d,CCCCCCCC=CC(=O)NCCCC(=O)O;CCCCCCCCCC(=O)NCCC(=O)O;CCCCCCCCCC(=O)NCCCC(=O)O;C[N+](C)(C)CCOP(=O)([O-])OCC(O)CO;CCCCCCCC(=O)NC(C(=O)O)C(C)CC;CC(=O)Oc1ccc2c(C)cc(=O)oc2c1;C=C(C)C1CCC(C)(O)C([N+]2([O-])CCOCC2)C1;CCCCCCCC(=O)NC(CC(C)C)C(=O)O;CCCCCCCC(=O)NC(CCSC)C(=O)O;CCCCCCCCCC(=O)NCCCCCN;CCCCCC=CC(=O)NC(CC(C)C)C(=O)O;CCNc1nc(NC(C)(C)C)nc([S+](C)[O-])n1;CCCCCCCCC=CCNCCCC(=O)O;CCCCCCCC(C)NC(C(=O)O)C(C)CC;O=C(NC1CCCC1)c1cnc(-c2ccccc2)o1;CCN(CC)CC(=O)Nc1c(C)cccc1C;Nc1nnc(-c2cccc(Cl)c2Cl)c(N)n1;CC(C)(O)C1CCC2(C)CCCC(C)(O)C2C1;CCCCCCC(=O)NCCCCCNC(C)=O;O=C(Cc1ccc(F)c(F)c1)NC(CO)C(=O)O;CN(C)CCOC(c1ccccc1)c1ccccc1;CC(C)(C)n1cc(-c2cccc3[nH]c(=O)[nH]c23)cn1;CC(=O)NC(CCCCNC1CCCC1)C(=O)O;CCCCC=CC(=O)NC(CCC(N)=O)C(=O)O;O=C(O)CC1COCCN1C(=O)c1ccsc1
m_e5050e,O=C(C=CCCc1ccc(O)c(O)c1)CCc1ccc(O)c(O)c1;O=S(=O)(Nc1cccc2c1OCCC2)c1ccc2c(c1)CCCO2;COc1ccc(CC(C)NCC(O)c2ccc(O)c(N=CO)c2)cc1;CCOc1ccccc1C(=O)N1CCSC(c2cccs2)CC1;O=C(CCc1ccc(O)c(O)c1)CCC(O)Cc1ccc(O)c(O)c1;CCOc1ccc(C(=O)NN=C(c2ccccc2)c2ccccn2)cc1;CC(C)c1ccc(CO)cc1OC1OC(CO)C(O)C(O)C1O;C(=NNc1nc2ccccc2s1)c1cccc(Oc2ccccc2)c1;O=C(c1ccc2c(c1)OCO2)N1CCCN(C2CCSCC2)CC1;O=C(c1ccc2c(c1)OCO2)N1CCn2c(nnc2-c2ccccc2)C1;Cc1cc(O)c(C(C)C)cc1OC1OC(CO)C(O)C(O)C1O;Cc1ccccc1OCC(=O)N1CCC(Oc2ncc(Cl)cn2)C1;CCOc1cc(C(=O)c2ccccc2OCC)c(OCC)cc1OC;COc1ccc(CCNC(=O)c2c[nH]c3ccccc23)cc1OC;Cc1cc(C)c(C)c(S(=O)(=O)NC2CN(c3cnccn3)C2)c1C;COC(=O)c1cc(O)cc(OC)c1Oc1cc(C)cc(O)c1C(=O)O;CS(=O)(=O)C1CCN(C(=O)Cc2coc3cc4c(cc23)CCC4)C1;O=C(CCc1ccc(O)cc1)CC(O)CCc1ccc(O)c(O)c1;CCN(CCCC(=O)C1CCCCC1)C(C)Cc1ccc(OC)cc1;Cc1nn(-c2ccccc2)c(C)c1C=CC(=O)c1ccc2c(c1)OCO2;Cc1cccc(CC(=O)N2CCN(CC(O)c3cccs3)CC2)c1;CC(C)(C)C(=O)N1CCC(C(=O)Nc2ccc3c(c2)OCCO3)CC1;O=C(CCCCc1ccc(O)c(O)c1)CCc1ccc(O)c(O)c1;Cc1occc1-c1nnc(SC2=CS(=O)(=O)c3ccccc32)o1;Cc1ccc(C)c(S(=O)(=O)N2CCC(n3cc(C4CC4)nn3)C2)c1
m_e58af8,COc1nn(C)cc1C(=O)N1CCN(c2ccccc2Cl)CC1;Cc1cc(=O)c(OCc2ccccc2F)cn1CC(=O)NC(C)C;COC(=O)c1ccc(CN2CCC(c3nnc(C(C)C)o3)CC2)o1;CC(=O)c1ccc(CCNS(=O)(=O)CCc2ccccc2)s1;Cc1ccc(C)c(NC(=S)NNC(=O)c2csc(C)c2C)c1;CC(O)(CNS(=O)(=O)c1ccc2c(c1)CCCC2)c1cccs1;Cc1cc(OC2CN(S(=O)(=O)Cc3ccc(F)cc3)C2)ccn1;CCC1(C(=O)NC(C)c2ccc(Cl)cc2)C(C)C1(Cl)Cl;CC(=O)c1ccc(CCNS(=O)(=O)Cc2cccc(C)c2)s1;Cc1ccccc1-n1ncc2c(NCc3ccc(F)cc3)ncnc21;Cc1cc(Cl)ccc1CNC1CCC(=O)NC1c1ccnn1C;CCC(CC)NC(=O)NCC1CC(=O)N(Cc2ccc(F)cc2)C1;Cc1ccn(C(=O)c2ccc(NC(=O)C3CCCCC3)cc2)n1;CCn1cc(C(=O)Nc2ccccc2C(=O)c2ccccc2)c(C)n1;Cc1cnccc1NC(=O)CCCCC1SCC2NC(=O)NC21;CNC(=O)CN1CCC(NC(=O)N2CCC(c3ccco3)C2)CC1;CCOc1ccc(S(=O)(=O)N2CCC(n3ccnn3)CC2)cc1;COc1ccc(NC(=O)Nc2ccc(OC)cc2OC)c(OC)c1;Oc1cc(O)c2c(c1)OC(c1ccc(O)c(O)c1)C(O)C2;Cn1nc(-c2ccccc2)c2c(NC(=O)c3cncc(O)c3)[nH]nc21;Cc1c(NC(=O)N2CCC(c3ccc(Cl)cc3)CC2)nnn1C;Cc1cc(C)n(CC(=O)NN=Cc2cccc(Br)c2)n1;COc1ccc2sc(C(=O)Nc3nnn[nH]3)c(OC(C)C)c2c1;CC(C)C(=O)NC1CCCN(C(=O)C(C)(C)c2ccccc2F)C1;CCc1nc(N)n(CC(=O)NCc2ccc(F)cc2F)c(=O)c1C
m_e5b5fa,Cc1[nH]ncc1CNC(=O)C1CC1c1ccc(F)cc1;CC12CCC3C4CCC(=O)C=C4CCC3C1CCC2O;Cn1c(=O)c2c(ncn2CCn2cccn2)n(C)c1=O;CCCCCCCCCCCCC(=O)NCC(=O)O;CC(C)N(C(=O)CS(=O)(=O)O)c1ccc(F)cc1;Nc1ccc(N2CCN(C3CC4CCC3C4)CC2)cc1;CC12CCC3C4=C(CCC3C1CCC2O)CC(=O)CC4;Cc1ccccc1C(C(=O)O)N(C)Cc1cnn(C)c1;O=C(c1ccoc1)N1CCOc2ccccc2C1CO;CCCCCCCCCCCC(=O)NC(C)C(=O)O;COc1ccc(C(=O)c2ccc(OC)cc2O)c(O)c1;C=CC(C)(O)CCC1C(=C)CCC2C(C)(C)CCCC12C;COCc1nc(C)cc(N2CC(c3n[nH]c(C)n3)C2)n1;Cc1ccc(CC(=O)NC(CO)c2ccccc2C)o1;CC12CCC3C(CCC4CC(=O)CCC43C)C1CCC2O;CC1=CCC=C(C)CCC=C(C)CCC(C(C)C)C=C1;CC12CCC3C4CCC(=O)C=C4C=CC3C1CCC2O;O=C(CCc1ccc(O)cc1)c1c(O)cc(O)cc1O;O=C(O)C1CCCN1S(=O)(=O)c1ccccc1;O=C(O)C1CCCN(C(=O)c2cnn(C(F)F)c2)C1;COc1ccc2c(=O)cc(-c3ccccc3)oc2c1;CN=C(NC#N)NCCSCc1nc[nH]c1C;Cc1[nH]ncc1CNS(=O)(=O)N1CCCCC1C;CCc1nn(C)cc1C(=O)NCc1ccc(CO)cc1;O=C(CC1CCNC1=O)NC1(c2ccccc2)COC1
m_e6b2c8,CCCS(=O)(=O)c1nc2ccccc2n1Cc1ccccc1F;Cc1cc(=O)c(OCc2ccccc2F)cn1CC(=O)NC(C)C;O=C(Nc1ccc(=O)n(Cc2cccc(F)c2)c1)C1CCCOC1;Cc1c(C(=O)NCC(C(=O)O)c2ccccc2)cnn1C(C)(C)C;CNC(=O)CS(=O)(=O)C1CCN(C(=O)CC2CCCC2)CC1;CCOC(=O)c1ccc(NC(=S)NCc2ccc(F)cc2)cc1;CCn1nnc2c(=O)n(CC(=O)NCc3ccc(F)cc3)cnc21;Cc1ccc(OCC2CCN(C(=O)c3cc(C)c(F)cn3)C2)nn1;Cc1cc(N2CCN(C(=O)c3ccnn3C)CC2)nc(C(C)C)n1;Cc1ccc(OCC2CCN(C(=O)Cc3c(C)noc3C)C2)nn1;Cn1nccc1C(=O)NCCc1nc(-c2cccc(Cl)c2)no1;O=C(NO)c1cnc(NC2(c3cccc(F)c3)CCCCC2)nc1;COc1ccc(N2CC(CNC(=O)C3CCCCC3)CC2=O)cc1;O=C(C1CCCOC1)N1CCC(c2noc3cc(F)ccc23)CC1;CC(C)CS(=O)(=O)NCC(c1ccoc1)N1CCSCC1;CCOc1nccnc1N1CCC(N(C)C(=O)c2ccnn2C)C1;Cc1cccc(C(CNC(=O)C2C3CCCC32)N2CCOCC2)c1;Cc1ccc(C(C)C)c(OCC(=O)NNC(=O)c2cc(C)[nH]n2)c1;CC12CCC(=O)C=C1CCC1C2CCC2(C)C(C(=O)CO)CCC12;O=C(NCC1(Cc2ccc(F)cc2)CC1)N1CCn2ncnc2C1;Cc1nc2scc(C)n2c(=O)c1NC(=O)Cc1ccc(F)cc1;COc1cc(NC(=O)C2CCCCC2)ccc1N1CCCCC1=O;CCC(=O)Nc1ccc(NC(=O)CCc2ccccc2Cl)cc1;O=C(NCC(CO)Cc1cccnc1)C1Cc2cc(F)ccc2O1;CC(=O)C1(O)CCC2C3CCC4=CC(=O)CCC4(C)C3CCC21C
m_e6bed4,NC(=O)CCC(NC(=O)CCCc1ccccc1)C(=O)O;Cc1ccc(C(=O)NC(CCCNC(=N)N)C(=O)O)cc1;CNCCCCc1cnc(C)c2[nH]c3ccccc3c12;CC12COC(=O)CC1CCC1C2CCC2(C)C1CCC2(C)O;CC12C=CC(=O)CC1CCC1C2CCC2(C)C(O)CCC12;c1ccc(NCc2ccc(CNc3ccccn3)cc2)nc1;CC12CCC3C(CCC4CC(O)CCC43C)C1CCC2=O;CC(O)(CNC(=O)c1ccc(-n2ccnc2)nc1)C(=O)O;Cc1cccc(C)c1CC(NC(=O)OC(C)(C)C)C(=O)O;NC(=O)CCC(N)C(=O)O;CC(C)=CCOc1c2ccoc2cc2oc(=O)ccc12;CC12C=CC(O)CC1CCC1C2CCC2(C)C(O)CCC12;OC(CNc1ncnc2ncccc12)c1ccc2c(c1)CCO2;CC12CCC3C(CCC4CC(=O)CCC43C)C1CCC2O;Oc1cc(O)c2c(c1)OC(c1ccc(O)c(O)c1)C(O)C2;N=C(NCCCC(N)C(=O)O)NC(CC(=O)O)C(=O)O;CCC(NC1CCN(CC(=O)NC)CC1)c1ccccc1;CC12CCC3C(CC=C4CC(O)CCC43C)C1CCC2=O;CN(C)CCCOC1(Cc2ccccc2)CCCCCC1;CCN(CC)CCOC(=O)C1(c2ccccc2)CCCC1;CCC1(O)CCC2C3CCC4CC(O)CCC4C3CCC21C;CN1C2CCC1C(C(=O)O)C(OC(=O)c1ccccc1)C2;CC12CCC(O)CC1CCC1C2CCC2(C)C1CCC2(C)O;O=c1oc2cc(O)ccc2c2oc3cc(O)ccc3c12;Cc1ccc(OCCC(=O)NC2CCC(=O)NC2=O)cc1
m_e73d71,C=CC12CN(C)C3C4COC(CC41)C1(C(=O)Nc4ccccc41)C32;N#Cc1cc2ccccc2nc1N1CCOC(C(=O)NC2CC2)C1;COc1c(C)c(OCC(O)C(C)(C)O)cc(CO)c1CO;CC=C1CN2CCC34C(=Nc5ccccc53)C2CC1C4C(=O)OC;COc1ccc(-c2ccccc2)cc1NNC(=O)OC(C)C;CCN(CC)C(=O)C1C=C2c3cccc4[nH]cc(c34)CC2N(C)C1;CC=C1CN2CCC34C(=Nc5ccccc53)C(C(=O)OC)C1CC24;CC(C)NC(=O)C(Cc1ccccc1)N1Cc2ccccc2C1=O;COc1ccc(C(=O)NCc2cncc(-c3cnn(C)c3)c2)cc1;CC=C1CN2CCC34C(=C(C(=O)OC)C1CC23)Nc1ccccc14;CCCC(=O)N1CCc2c(-c3ccc(OC)cc3)cccc2C1C;O=c1c(O)c(-c2ccc(O)c(O)c2)oc2cc(O)cc(O)c12;Cc1ccc(-c2ccc(C(=O)NC3CCC(C(N)=O)C3)cc2)nn1;c1ccc2c(c1)CCCc1cc(NCCN3CCOCC3)nnc1-2;CC(C)N1CCN(C(=O)c2cc(NC3CC3)ncc2Cl)CC1;O=C(COc1ccc(F)cc1)NC1CCN(C2CCOCC2)C1;CC(Cc1ccc(O)c(O)c1)C(C)Cc1ccc(O)c(O)c1;Cc1c(C)c2cc3c(-c4ccc(F)cc4)coc3c(C)c2oc1=O;CCN1CCCC1CNC(=O)c1cc(OC)c(OC)c(OC)c1;CCOC(=O)c1c(C)n(-c2cccc(C)c2)c2ccc(OC)cc12;CC(C)=CCc1c(O)cc(O)c2c1OC(c1ccccc1)CC2=O;CC(=O)NC(CCCCNCC(O)C(O)C(O)CO)C(=O)O;C#CC1(O)CCC2C3CC(O)C4=CC(=O)CCC4=C3C=CC21CC;CC=C1CN2C3CC1C1COC(c4c3[nH]c3cc(OC)ccc43)C12;CN1CCOC2CCN(C(=O)c3csc(NC4CC4)n3)CC21
m_e77f56,FC(F)(F)c1ccn(-c2ccc(CNC3CCOCC3)cc2)n1;FC(F)(F)c1cccc(-c2ccc(CNCC3CCCO3)o2)c1;CCOC(=O)c1c(N)[nH]c2cc(-c3c(C)noc3C)c(OC)cc12;CN(C)CCCNC(=O)c1ccccc1-c1n[nH]c2c1CCCC2;COc1cc2c(cc1O)CC1c3c(cc(O)c(OC)c3-2)CCN1C;O=C(Nc1ccccc1C(=O)NC1CCCCC1)c1ccncc1;CN(CC1COCCO1)c1cc(-c2ccccc2)nc2ccnn12;CCC1CN2CCC1CC2C(O)c1ccnc2ccc(OC)cc12;O=C(c1cncc(-c2ccc3c(c2)CCO3)c1)N1CCCC1CO;C=CC1CN2CCC1CC2C(O)c1ccnc2ccc(OC)cc12;O=C(Nc1cccc(C(=O)NC2CCCCC2)c1)c1cccnc1;O=C(O)c1cc2c(c3c1c([N+](=O)[O-])cc1ccc(O)cc13)OCO2;CC1(O)CN(C(=O)c2cc3ccc(C(F)(F)F)cc3[nH]c2=O)C1;CC=C1CN2C3CC1C(CO)C2Cc1c3[nH]c2cc(OC)ccc12;CC(Oc1ccc(Oc2ccc(C(F)(F)F)cn2)cc1)C(=O)O;CC(F)(F)C1(C(=O)Nc2cccc(CC(=O)O)c2)CC1;CN(C)CCCC1(c2ccc(F)cc2)OCc2cc(C#N)ccc21;C#CC1(O)CCC2C3CC(O)C4=CC(=O)CCC4=C3C=CC21CC;CCC1(O)CN(C(=O)c2cn(-c3cccc(Cl)c3F)nn2)C1;CCCN(CCC)C(=O)c1ccc(NC(=O)c2ccncc2)cc1;Cn1c(C(=O)NCC2CCCO2)cc2c(=O)oc3ccccc3c21;COc1ccc2c3c1OC1CC(O)C=CC31CCN(C)C2;CCC12NC(C)C3C4COC(CC41)C1(C(=O)Nc4ccccc41)C32;O=C(c1cnc(-c2ccccn2)nc1)N(CC1CCOC1)C1CC1;O=C(Nc1nccs1)c1ccccc1OCCc1ccccc1
m_e7af25,Cc1cnn(C2CCN(C(=O)c3ccnc4[nH]c(=O)[nH]c34)CC2)c1;CC1(C)C=Cc2c(ccc3c(=O)cc(-c4ccccc4)oc23)O1;O=C(NCCCc1ccccc1)NCC1(c2ccc(F)cc2)CC1;CN1CCN(C2=c3ccccc3=Nc3ccc(Cl)cc3N2)CC1;CC(C)CCn1ccc2c(OCC(=O)Nc3ncc[nH]3)cccc21;CN1CCN(C2=Nc3cc(Cl)ccc3Nc3ccccc32)CC1;O=C(Nc1ccc2c(c1)CN(C(=O)C1CC1)CC2)c1cccs1;O=C(C=CCCc1ccc(O)c(O)c1)CCc1ccc(O)c(O)c1;O=c1ccc(-n2cccn2)nn1CC1CCN(C2CCCC2)CC1;CCCCCCCCOc1ccc(C(=O)c2ccccc2)c(O)c1;CC(C)c1ccc(-c2csc(NC(=O)c3ccnn3C)n2)cc1;CC=Cc1cc(OC)c2c(c1)C(C)C(c1ccc(O)c(OC)c1)O2;Cc1ccccc1OCC(=O)N1CCN(CC(O)c2ccco2)CC1;COc1ccc(CCS(=O)(=O)NCC2CCN(C)CC2)cc1;Cc1noc(C)c1CCC(=O)NCc1ccc(-c2ccnn2C)o1;CC(C)NC(=O)c1ccc(COc2cc(Cl)ccc2Cl)o1;Cc1nnc2ccc(N3CC(N(C)c4nccn(C)c4=O)C3)nn12;COC(CCc1ccc(O)cc1)CC(=O)CCc1ccc(O)cc1;CC1Cc2cc(-c3cc(CC(=O)NC4CCCC4)no3)ccc2O1;COc1cccc(CCCN2C(=O)NC(Cc3cnc[nH]3)C2=O)c1;COc1ccc(CNC(=O)c2ccc3nc(C)cn3n2)c(OC)c1;CCCOc1nccnc1N1CCC(NS(=O)(=O)C2CC2)C1;N=C(NCC=Cc1ccccc1)NCCCCC(N)C(=O)O;COc1cccc(OCCOc2ccc3c(C)cc(=O)oc3c2)c1;CC(C)Cc1cc(C(=O)NC2(C)CCS(=O)(=O)C2)cc(=O)[nH]1
m_e80818,O=C(CCC(=O)NN=Cc1ccc[nH]1)NN=Cc1ccc[nH]1;COc1ccc(CNC(=O)C(C)n2nc(C)ccc2=O)cc1;CC(NC(=O)OC(C)(C)C)C1CCC(C(=O)Nc2ccncc2)CC1;CC(COc1ccccc1)NC(C)C(O)c1ccc(O)cc1;Cc1nnccc1C(=O)NCC1(c2cnn(C)c2)CCCO1;CN1CCN(C(c2ccccc2)c2ccc(Cl)cc2)CC1;CC(C)CC(=O)OC1C(=O)C(CO)=CC(O)C1C(C)C;CCn1cc(C(=O)NC(C(=O)O)c2ccc(OC)cc2)cn1;COc1ccc(CN(CC[N+](C)(C)[O-])c2ccccn2)cc1;COc1ccc(CN(CCN(C)C=O)c2ccccn2)cc1;Cc1ccc(OCC(=O)NCCNC(=O)c2ccco2)cc1;O=C(Nc1ccccc1-c1nc2ccccc2[nH]1)C1CCCCC1;CC1(NS(=O)(=O)c2ccc(O)c(C(=O)O)c2)CCS(=O)(=O)C1;COc1ccc(CNC(=O)c2ccc(OC)c(OC)c2)cc1;CCNc1nccc(N2CCN(Cc3cnoc3C)CC2)n1;Cc1cc(O)c(Cc2c(O)cc(C)c(C=O)c2O)c(O)c1C;CC(C)c1cc(C(=O)N2CCN(c3ccccn3)CC2)no1;CC12C=CC(=O)C=C1CCC1C2CCC2(C)C1CCC2(C)O;COc1ccc(C(=O)Cn2c(Cl)nc3ccccc32)cc1;O=C(Nc1ccncc1)C1CCCCC1C(=O)N1CCCC1;COc1ccc(C)nc1NC(=O)N1CCC(OC(F)F)C1;Cc1cccc(C)c1C(=O)NCCCCNC(=O)CO;COc1ccc(CC2COc3cc(O)cc(O)c3C2=O)cc1;COc1cc(OC)cc(C(O)=NCCOc2ccccc2)c1;COc1ccc(C(NC(=O)c2cc(C)ncn2)C(=O)O)cc1
m_e8359d,C=CC1(C)CC(O)C2(CCC3C(C)(C(=O)O)CCCC3(C)C2=O)C1;C=C1C(=O)C23C(O)CC4C(C)(C)C(=O)CCC4(C)C2CCC1C3O;CC1=CC2C(=O)C3(C=C(C)C(O)C3(O)C1O)C(C)CC1C2C1(C)C;O=C(C=Cc1ccc(O)c(O)c1)OC1CC(O)(C(=O)O)CC(O)C1O;CC(C)C1(O)C=C2C(=O)CC3C(C)(C(=O)O)CCCC3(C)C2CC1;CNC(=O)C1CN(C(=O)Cc2cc(C)ccc2C)c2ccccc2O1;Cc1c(-c2ccccc2)nc2ccccc2c1C(=O)N1CCCCC1;COc1ccc(NC(=O)CCC(=O)NN=Cc2ccc(C)o2)cc1;COc1cc(O)c(CC=C(C)C)c2c1C(=O)CC(c1ccc(O)cc1)O2;CC1(C(=O)O)CCCC2(C)C3CCC4CC3(CCC12)CC4C(=O)O;C=C1CCC2C(C)(CO)C(O)CCC2(C)C1CC=C1C=COC1=O;CC(C)(O)c1ccc2c(c1)C(O)CC1C(C)(C(=O)O)CCCC21C;CCC=CCC=CCC(O)C=CC=CC=CC(O)CCCC(=O)O;COc1cc(O)c(CC=C(C)C)c(O)c1C(=O)C=Cc1ccc(O)cc1;CCC(C)(O)CCC1C(C)(O)CCC2C(C)(C)CCCC21C;C=C1CCC2C(C)(CO)C(O)CCC2(C)C1C=CC1=CC(=O)OC1;C=C1CCC2C(C)(CO)C(O)CCC2(C)C1C=CC1=CCOC1=O;CCCCc1nnc(-c2cc3ccccc3n2Cc2ccccn2)o1;C=CC1(C)CC2CCC3C(C)(C(=O)O)CCCC3(C)C2=CC1=O;Cc1cc(C)nc(OC2CCCN(C(=O)c3scnc3C)C2)n1;CCOc1ccccc1C(=O)NCCN1CCc2sccc2C1;C=C1CCC2C(C)(CO)C(O)CCC2(C)C1CCC1=CCOC1=O;Cc1ccc(NC(=O)c2ccc(N3CCOCC3)nn2)cc1Cl;CCc1c(C)c(C#N)c2nc3ccccc3n2c1NCC1CCCO1;CC=C1CC(C)C(C)(O)C(=O)OCC2C(O)CN3CCC(OC1=O)C23
m_e8d835,CC(C)CC(NC(=O)Cn1ncc2ccccc2c1=O)C(=O)O;COCCC1(CNC(=O)Nc2cccc(-n3ccnn3)c2)CC1;Cc1nc2ccccc2n1C1CN(c2ncnc3ncccc23)C1;COc1ccc2[nH]c3c(c2c1)CCN(C1CC(=O)N(C)C1=O)C3;CC(C)CC1NC(=O)C2CC3(O)c4ccccc4NC3N2C1=O;Cn1c(=O)cc(C(=O)NC2CCOC(C)(C)C2)c2ccccc21;Nc1nc(=O)c2sc(=O)n(C3OC(CO)C(O)C3O)c2[nH]1;O=C(O)c1cn(C2CCN(c3nc4ccccc4s3)C2)nn1;Cc1ccc2c(CC(=O)N3CCCC(C(=O)O)C3)coc2c1C;O=C(Cn1ccc2ccccc21)NC1CCC2OCCOC2C1;CNC(=C[N+](=O)[O-])NCCSCc1ccc(CN(C)C)o1;CC12CCc3occc3C1CCC13CC(CCC12)C(O)(CO)C3;CC1CCCC(=O)CCCC=Cc2cc(O)cc(O)c2C(=O)O1;CC1CCCC(=O)CCC=CCc2cc(O)cc(O)c2C(=O)O1;O=C1NCCN1C(=O)NCC(O)(c1ccccc1)C1CCOCC1;CCCCCCCC(O)CC(=O)NC(CCC(N)=O)C(=O)O;CC1=C(C(=O)OC(C)C)C(c2ccco2)C2=C(CCCC2=O)N1;CCCCCCC(C)(C)c1ccc(C2CCCC(O)C2)c(O)c1;O=c1[nH]n(CC2COC3(CCCCC3)O2)c(=O)c2ccccc12;CON=C(C(=O)OC)c1ccccc1COc1ccccc1C;O=C(NCc1ccc(-c2ccoc2)nc1)c1c(F)cccc1F;CCCCCCCCCCC(=O)NC(CCCCN)C(=O)O;Cc1[nH]c2ccccc2c1SCC(=O)Nc1ccc(F)cc1;CC(=O)C1=C(O)C(=O)N(CCCOC(C)C)C1c1ccccc1;FC(F)(F)c1cccc(Nc2c3c(nc4ncnn24)CCC3)c1
m_e993ec,O=C(NC1(CO)CCOC1)c1cc(F)cc2ccoc12;CN(C)C(=O)Cn1c(Cc2ccc(F)cc2)noc1=O;Cc1nnc(CN(C)C(C(=O)O)c2ccccc2)s1;CC12OC(=O)CC1C1Oc3cc(O)cc(O)c3CC1O2;CN(Cc1ccc(O)cc1)C(=O)CC1(O)CCCCC1;CC(C)n1cnc(S(=O)(=O)N(C)c2cccnc2)c1;COc1ccc(NC(=O)C(c2ccccc2)C2CC2)cn1;O=C(NCCc1c[nH]c2ccccc12)c1ccccc1O;CCCN(CC(=O)O)C(=O)C1COc2ccccc2O1;CC(C)CC1NC(=O)C(Cc2ccc(O)cc2)NC1=O;O=C1CC(c2ccccc2)Oc2cc(O)cc(O)c21;CC(C)C(N)C(=O)NC(Cc1ccc(O)cc1)C(=O)O;COc1cccc(C2(O)CCCCC2C[N+](C)(C)[O-])c1;O=C(Nc1cnc(N2CCNCC2)nc1)C1CCCO1;CC(=O)CCCCn1c(=O)c2c(ncn2C)n(C)c1=O;CS(=O)(=O)c1ccccc1Cn1cc(C2CC2)nn1;CCC(C)C(CO)NC(=O)c1n[nH]c2c1CCCCC2;O=C(O)C(O)C(O)(Cc1ccc(O)cc1)C(=O)O;COc1ccccc1C(=O)N1CCOCC1CC(=O)O;CC1(O)C(O)C(CO)OC1n1ccc2c(N)ncnc21;CC(=O)N1CCCN(C(=O)Nc2ccncc2C)CC1;COc1c(O)cc2c(c1O)C(C(C)O)OC2=O;Cc1nc(C(=O)NCC(=O)O)nn1-c1ccc(F)cc1;O=C(Nc1cnn(-c2ncccc2F)c1)C1(F)CCC1;CC(C)C1CCC(CO)CC1C=C(CO)C(=O)O
m_ea2f71,CC(=O)Nc1cccc(C(C)NCc2cnc3n2CCC3)c1;O=C(Nc1nnc(Cc2ccc3c(c2)OCCO3)o1)C1CC1;Cc1nn(C)cc1CC(=O)Nc1cn(C)nc1-c1ccco1;CCC1OCC(COc2ccc(Oc3ccccc3)cc2)O1;Cc1n[nH]c(C)c1CC(=O)N1CCOC(c2ccccc2)C1;COc1ccc(C=NOC(=O)Nc2ccccc2OC)cc1;C#CC1(O)CCC2C3CCC4=CC(=O)CCC4C3CCC21C;O=C(CCNNC(=O)c1ccncc1)NCc1ccccc1;C#CC1(O)CCC2C3CC=C4CC(=O)CCC4C3CCC21C;O=C(O)Cc1occc1C(=O)N1CCc2ccccc2CC1;Nc1nc(NC2CC2)c2ncn(C3C=CC(C(=O)O)C3)c2n1;CCS(=O)(=O)CC(=O)N1CCCC1c1cccc(F)c1;CC12C=CC(=O)C=C1CCC1C2CCC2(C)C1CCC2(C)O;O=C(c1cccc2[nH]cnc12)N1CCOCC2(CCCC2)C1;COc1ccc2c3c1OC1C(O)C=CC4C(C2)N(C)CCC341;CCn1ncc(C=NNC(=O)Cc2ccc(OC)cc2)c1C;C=C1C2=C(C(=O)N1OC)C(O)C(C)(O)C(CCCCC)O2;O=C(Nc1ccccc1)N1CCOC(c2ccc(F)cc2)C1;COc1cccc(N2CCN(C(=O)c3[nH]ncc3C)CC2)c1;Cn1cc(CN2CCS(=O)(=O)CC2)c(C2CCCC2)n1;CC(CCc1ccccc1)NC(C)C(O)c1ccc(O)cc1;Cc1n[nH]c(C)c1CC(=O)N1Cc2ccccc2OC(C)C1;CC(Cc1ccc(O)c(O)c1)C(C)Cc1ccc(O)c(O)c1;CN(Cc1ccccc1F)C(=O)c1cccn2c(=O)[nH]nc12;CC12CC(=O)C3C(CC=C4CC(=O)CCC43C)C1CCC2=O
m_ea7270,CCOP(=O)(NC(C)C)Oc1ccc(S(C)(=O)=O)c(C)c1;Cc1ccc(-n2nnnc2-c2cnoc2-c2ccc(F)cc2F)cc1;CCN(CC)S(=O)(=O)c1ccc(C(=O)NC2CCCCC2)cc1;O=c1c2c3c(ccc2cc2n1CCc1cc4c(cc1-2)OCO4)OCO3;CCOc1ccc(C(=O)Nc2cccc(-c3ncn[nH]3)c2)cc1OC;CCOc1ccc(-c2n[nH]c(C)c2Oc2cccc(OC)c2)c(O)c1;COc1ncc(NC(=O)NC2CC(C)(C)OC2(C)C)cc1C(N)=O;Cc1cnn(CC2CN(C(=O)c3csc(-c4ccccc4)n3)C2)c1;Cn1nc(-c2ccc(C(F)(F)F)cc2)nc2c(=O)n(C)c(=O)nc1-2;Cc1ccccc1NC(=O)c1nnn2c1c(=O)[nH]c1cc(F)ccc12;Cc1cccc2sc(N(Cc3cccnc3)C(=O)C3CCC3)nc12;CCCc1nc(-c2nc3scc(-c4ccccc4)c3c(=O)[nH]2)co1;Cc1ccc(-n2nnnc2C(C#N)C(=O)c2cccc(Cl)c2)cc1;Cc1cccc(OCc2ccc(C(=O)Nc3ccc(F)cc3)cc2)c1;Cc1cccnc1Nc1nc(-c2cccc(-n3cnnn3)c2)cs1;O=C(Nc1ccc(Cl)cc1C(O)c1ccccc1)c1ccncc1;CN(C(=O)c1cc2c(=O)oc3ccccc3c2n1C)C1CCCCC1;CCCCCC(C)OC(=O)COc1ccc(Cl)c2cccnc12;O=C(O)C=Cc1ccc(O)c(O)c1C=Cc1ccc(O)c(O)c1;COc1ccc(C=CC(=O)c2c(O)cc(OC)cc2OC)cc1;O=C1CCc2cc(NC(=O)c3ccc4c(c3)OCC(=O)N4)ccc2N1;N#Cc1ccc(CN2CCN(c3nc4ccccc4s3)CC2)cc1;CN1c2ccc(NC(=O)c3cncc(F)c3)cc2N(C)S1(=O)=O;CCS(=O)(=O)c1ccc2oc(-c3ccc4ccccc4c3)nc2c1;COc1cc(C(=O)OCCCCNC(=N)N)cc(OC)c1O
m_eaecd7,Cc1csc(C(=O)NCC(O)c2cn(C)c3ccccc23)c1;O=C(O)C1CCCN1C(=O)C1SCCc2sccc21;Cc1cccc(C(=O)N2CCOCC2CC(=O)O)c1Cl;COCC(NC(=O)c1cc2cccc(C)c2[nH]1)c1ccco1;CC(=O)N1CC(C(=O)Nc2ncc(C3(O)COC3)s2)C1;c1cnc2c(-c3nccc4c3[nH]c3ccccc34)cccc2c1;CC(C)(C)OC(=O)NC(Cc1ccc(O)c(F)c1)C(=O)O;O=C(Nc1ccc(Cl)cc1)c1cc2ccccc2cc1O;CSc1ncnc2c1ncn2C1OC(CO)C(O)C1O;NCC(O)(c1ccc(Cl)cc1)c1ccc(-c2cn[nH]c2)cc1;O=C(O)Cc1ccccc1Nc1c(Cl)cccc1Cl;OC1(CNc2ncnc3ccsc23)CCOc2ccccc21;NS(=O)(=O)c1cc2c(cc1Cl)NCNS2(=O)=O;O=C(O)CC1CCC(NC(=O)Cc2cccs2)B(O)O1;C=CC1CN2CCC1CC2C(O)c1ccnc2ccccc12;Nc1cc(C(F)(F)F)ccc1Sc1ccccc1C(=O)O;COc1ncnc(N(C)C)c1NC(=O)NC1(C)CCOC1;COc1ccc(C(=O)O)c(NS(=O)(=O)c2ccoc2)c1;O=c1c2cnc3ccccc3c2[nH]n1-c1ccc(Cl)cc1;COc1c(OC)c(O)c2c3c(cc4ccccc42)NC(=O)c13;N=C(O)COc1ccc2oc(-c3ccccc3)cc(=O)c2c1;CC1(C)COC(C(C)(C)c2ccc(Br)cc2)=N1;COc1ccc2nc(O)c3c(c2c1)OC(C)(C)C=C3;CCc1nsc(N2CC(OC)CC2c2nnc(C)o2)n1;CC(NC(C(=O)O)C(C)OP(=O)(O)O)C(O)O
m_ebcb8a,CCc1nc2c(=O)n(CC(=O)N3CCCCC3)nc(C)c2s1;O=C(O)c1cn(C2CCCN(C(=O)Cc3ccsc3)C2)nn1;CCOC(=O)c1c(NC(=O)C2CC2)sc2c1CCC(CC)C2;N#Cc1ccc(C(=O)NC2CCN(c3ccc(F)cc3)C2=O)cc1;Fc1ccc(OCC2CCN(c3nc(C4CC4)ns3)C2)nc1;O=C(NCc1cccs1)Nc1cnn(CC2CCCCO2)c1;Cn1nc(-c2ccccc2Cl)nc1NC(=O)C1CCOCC1;CSc1ncc(C)c(N2CCN(Cc3noc(C)n3)CC2)n1;COc1ccc(-c2c(C(=O)N3CCCC3)nc3ccccn23)cc1;N#Cc1ccc(S(=O)(=O)N2CCCC3CC32)c(NCCO)c1;CC(C)(C)c1cc(C=C2SCNC2=O)cc(C(C)(C)C)c1O;O=C(c1c(-c2ccccc2)oc2ccc(O)cc12)N1CCOCC1;O=C(NCc1ccc(-n2cnc3ccccc32)nc1)NC1CCC1;COc1cccc(NCc2n[nH]c(=S)n2C2CCCCC2)c1;Cc1cc(N=CN2CCOCC2)n2c(nc3ccccc32)c1C#N;COc1c(C)c2c(c(O)c1CC=C(C)CCC(=O)O)C(=O)OC2;COC(=O)c1ccc(Oc2nc(SC)nc(N(C)C)n2)cc1;O=C(NCCn1nc(C(F)(F)F)ccc1=O)C1CCOCC1;COC(=O)C(=C1OC(=O)C(c2ccccc2)C1=O)c1ccccc1;COC(=O)C(=C1OC(=O)C(c2ccccc2)=C1O)c1ccccc1;CC(C)=CCc1cc(-c2coc3cc(O)ccc3c2=O)ccc1O;CSc1nc(C)cc(N2CCN(c3nc(C)ns3)CC2)n1;CC(C)Oc1ccc(C(=O)Nc2cc(=O)oc3ccccc23)cc1;Cc1nc(C)c(C(=O)Nc2ccc(OCC(=O)O)cc2C)s1;Cc1cc(C)c(NC(=O)CN2C(=O)CSC(C)C2=O)c(C)c1
m_ec2936,COC(=O)c1ccccc1NC(=O)CN1CCC(N2CCCC2)CC1;COc1cccc(NC(=O)c2cn(CC(C)C)nc2OCC(C)C)c1;Cc1cc(N2CC3OC(=O)N(C4CCN(C(C)C)CC4)C3C2)ncn1;NC(=O)c1cccc(C(=O)NC2CCN(C3CCCCC3O)CC2)c1;CN(C)c1cc(N(C2CC2)C2CCN(C(=O)C(C)(C)C)CC2)ncn1;CCCCCCCCCCCCCCCCNC(CS)C(=O)O;CC(C)(C)c1ccc(NC(=O)NCC2(N3CCOCC3)CCC2)cc1;CS(=O)(=O)c1ccnc(NC(=O)NCCC2CCC(F)(F)C2)c1;CC(C)=CCc1c(O)cc(O)c2c1OC(c1ccccc1)CC2=O;COc1ccc(CC(=O)NCC2(N3CCCCC3)CCCCC2)nc1;CC1OC(=O)C2CC3CCCCC3C(C=CC3CCCC(C)N3C)C12;CCOc1ccccc1NC(=O)N1CCC(n2cc(COC)nn2)C1;CC1(C)C(C(=O)c2cn(CCCC(O)CF)c3ccccc23)C1(C)C;C=C1CC23CC1(O)CCC2C12C=CC(O)C(C)(C(=O)O1)C2C3C(=O)O;CCc1ccc(S(=O)(=O)N2CCN(CC(O)C3CC3)CC2)s1;CCCCCCC=CCCCCCCCCCc1cccc(O)c1O;CN1CCN(C(=O)C2CCN(C(=O)c3cc4occc4[nH]3)CC2)CC1;CCCCCCCCCCCCNC(Cc1cnc[nH]1)C(=O)O;Cc1ccccc1OCC(=O)N1CCN(CC(O)c2ccco2)CC1;CC(NC(=O)OC(C)(C)C)C1CCC(C(=O)Nc2ccncc2)CC1;Cn1cc(-c2cnc(OC3CCN(C4COCC4O)CC3)nc2)cn1;Cc1ccc(=O)n(CC2CN(C(=O)C(C)Oc3ccccc3F)C2)n1;C=CC12COC(=O)C(=C)C1C(O)C(C(=C)C(=O)OC)C(O)C2;COC(C(O)CO)C1OC(C(=O)O)=CC(N=C(N)N)C1NC(C)=O;CCCCCCCCCCCCCCCNC(CCS)C(=O)O
m_ec5045,CCN(CC)CCCN(c1ccccc1)C1Cc2ccccc2C1OC;Cc1cccn2c(=O)nc(SCC(=O)NC3CCCCC3)nc12;CCCCC=CCCCCCCCCC(=O)NC(CC(C)C)C(=O)O;CC(C)CC(NC(=O)C1CCCC(=O)N1)C(=O)N1CCCC1C(N)=O;CCCCCCC=CCCCCCCCCC(=O)NCCCC(=O)O;CC(C)C(=O)N1CCCN(C(=O)NC(C)C(F)(F)F)CC1;CC(C)CC(NC(=O)CCNC(=O)c1ccc([N+](=O)[O-])cc1)C(=O)O;COC(=O)C(CCCNC(=N)N[N+](=O)[O-])NC(=O)c1ccc(C)cc1;CCC(=O)N1CCCN(C(C)C(=O)Nc2cccc(Cl)c2C)CC1;CC(C)C(=O)OC1C(CO)OC(n2ccc(N)nc2=O)C1(C)F;CC1Cc2ccccc2N1C(=O)Cc1nc(=O)cc(N2CCOCC2)[nH]1;CN(C)CCCN1c2ccccc2CCc2ccc(Cl)cc21;Cc1cc([N+](=O)[O-])c(C)c(S(=O)(=O)N(C)C2CN3CCC2CC3)c1;O=C(NC1(C(=O)O)CCOC1)C1CC(=O)N(c2ccccc2Cl)C1;CC(C)C(C(=O)O)N(C)C(=O)OCC1c2ccccc2-c2ccccc21;CCc1cc(-c2[nH]ncc2-c2ccc3c(c2)OCCO3)c(O)cc1OC;CCN1CCN(Cc2nc3c(cnn3-c3ccccc3)c(=O)[nH]2)CC1C;Cc1nc(Cc2ccccc2)c2c(c1OCCCCNC(C)C)COC2;Cc1ccccc1OCC(=O)N1CCCC(COCc2ccccc2)C1;COCCN1CCN(CC2CCN(c3ccc(Cl)cc3)C2=O)CC1;C=CCCCCCCCCCC(=O)NC(CCCNC(=N)N)C(=O)O;CN1Cc2c(ccc3c2OCO3)C2C(O)Cc3cc4c(cc3C21)OCO4;CCCCCCCCCCCCC=CC(=O)NC(CC(C)C)C(=O)O;CCCCN(C)S(=O)(=O)c1cc(-c2nnc(C3CCCC3)o2)co1;C=C1CCC2C(C)(CO)C(O)CCC2(C)C1C=CC1=CC(=O)OC1
m_ec755b,Nc1ncnc2c1ncn2C1OC(CO)C2OP(=O)(O)OC21;CC=Cc1cc(OC)c2c(c1)C(C)C(c1ccc(O)c(OC)c1)O2;COCCCNc1c2c3c(cccc3n(C)c1=O)C(=O)c1ccccc1-2;COc1cc(C)c(C=CC(C)=CC=CC(C)=CC(=O)O)c(C)c1C;OCC1OC(n2cnc3c(NCc4ccco4)ncnc32)C(O)C1O;Cc1c(C(=O)N2CCCC2c2cccn2C)cccc1S(N)(=O)=O;COc1cccc(S(=O)(=O)NCC(=O)N2CCCCC2C)c1;CSc1nc(C2CC2)cc(N2CCN(C(=O)C3CCCO3)CC2)n1;Cc1nn(-c2ccccc2)c2[nH]cc(C(=O)NCc3ccco3)c(=O)c12;CC(C)(O)CNS(=O)(=O)c1ccc(C#N)cc1NCc1ccn[nH]1;CC12CC(c3ccoc3)OC(=O)C1CCC1(C)C2CCC(O)C1(C)O;O=C(NC1CCC(C(=O)O)CC1)c1cnnn1-c1ccccc1Cl;COC(=O)Cn1c(NCc2ccco2)nc2c1c(=O)n(C)c(=O)n2C;NS(=O)(=O)CC1CCCN(c2nc(C3CC3)ns2)C1;COc1cc(-c2cn(CC(=O)NC3CCCCC3)nn2)ccc1Cl;COC(=O)C1=COC(C)C2C[n+]3ccc4c([n-]c5ccccc54)c3CC12;CN1C(=O)COc2c(C(O)=NC3CN4CCC3CC4)cc(Cl)cc21;C=C1CC23CC1(O)CCC2C12C=CC(O)C(C)(C(=O)O1)C2C3C(=O)O;CC=CC(=O)OC1C=CC(O)C(OC(C)=O)CCC(=O)OC1C;C=C(C(=O)O)C1CC(OC(=O)CC(C)CC)C2(C)CCCC(=C)C2C1;C=CC1CN2CCC1CC2C(O)c1ccnc2ccc(OC)cc12;COc1cc(C2SCC(=O)N2Cc2ccco2)cc(OC)c1OC;CCCN(CCC)c1c([N+](=O)[O-])cc(C(F)(F)F)c(N)c1[N+](=O)[O-];Cc1c(Cl)c(CN2CCC(NC(=O)c3ccccc3)CC2)nn1C;CCC1(O)C(=O)OCc2c1cc1n(c2=O)Cc2cc3ccccc3nc2-1
m_ecbfb5,O=C(CN1CCC(OCc2ccccc2)C1)Nc1cccc(-c2nn[nH]n2)c1;O=C(Nc1nc(-c2ccc(O)c(O)c2)c(-c2ccccc2)s1)c1ccc(O)c(O)c1;Cc1cc(C(F)F)nc2sc(C(=O)Nc3ccc4c(c3)OCO4)c(N)c12;CC1CCC2C(C)(CO)C(O)CCC2(C)C12CCC(CO)(CCO)O2;Cc1cc2nc3c(=O)[nH]c(=O)nc-3n(CC(O)C(O)C(O)CO)c2cc1C;c1cc2c(cc1C1OCC3C(c4ccc5c(c4)OCO5)OCC13)OCO2;COc1cc2c(cc1O)C(=O)C(C)C(C)C2c1ccc(OC)c(OC)c1;COc1ccc(C2c3cc(OC)c(OC)cc3CC(C)C2C)cc1OC;Cc1[nH]c2ccccc2c1C1=C(NCCc2ccc(F)cc2)C(=O)N(C)C1=O;COc1ccc(C(NC(=O)c2cn(-c3ccccc3)nn2)C(F)(F)F)cc1;CC=C(C)C(=O)OC(C(O)c1cc2ccc(=O)oc2cc1OC)C(C)(C)O;Oc1cc2c(cc1O)CN(C(=S)NCCc1ccc(Cl)cc1)CCC2;COc1ccc(C=CC(=O)O)c(OC2OC(CO)C(O)C(O)C2O)c1;CC(Oc1cccc(F)c1)C(=O)N1CCC(N2CCN(C(C)C)CC2)CC1;CCN(CC)C(=O)c1cc(=O)n(CC(O)=Nc2ccc3c(c2)OCO3)c2ccccc12;CCN(CC)C(=O)Nc1ccc(OCC(O)CNC(C)(C)C)c(C(C)=O)c1;O=C(NC1CC2CC1CN2S(=O)(=O)c1ccc2c(c1)OCCO2)c1cccs1;O=C(NCc1cccc(NC(=O)C2CCC2)c1)NC1c2ccccc2CC1O;CCOc1ccc(C(CNC(=O)c2cccs2)c2c[nH]c3ccccc23)cc1OC;OC(CCCN1CCC(O)(c2ccc(Cl)cc2)CC1)c1ccc(F)cc1;CC(=O)Nc1ccc(CC(=O)N2CCCC3(C2)OC(=O)c2ccccc23)cc1;CCN1CC2(C)CCC(O)C34C5CC6C(OC)CC(O)(C(CC23)C14)C5C6O;O=C(Oc1ccc(NC2=NS(=O)(=O)c3ccccc32)cc1)c1cccnc1;CCOc1ccc(CC(=O)Nc2ccc3c(c2)CCCN3C(=O)C2CC2)cc1;CCC1(O)C(=O)OCc2c1cc1n(c2=O)Cc2cc3c(CN(C)C)c(O)ccc3nc2-1
m_ed201b,O=C(c1cncc(F)c1)N1CC2CN(c3ncccn3)CC2C1;Cc1cc(N(C)C2CCN(S(=O)(=O)C(C)C)CC2)ncn1;O=C(CCNc1ccc(F)cc1)c1cc2ccccc2oc1=O;CCN(CC)Cc1ccc(C(=O)NC2Cc3ccccc3C2)o1;Cc1cc(C)cc(-c2nnc3sc(C4CCCCC4)nn23)c1;C#CC1(O)CCC2C3CCC4=CC(=O)CCC4C3CCC21CC;O=C(c1cccnc1)N1CC(c2nc(-c3ccsc3)no2)C1;O=C(NCCCCCNC(=O)c1ccccn1)c1ccccn1;Cc1cc(OCC2CCN(C(=O)c3ccccn3)CC2)ccn1;Cc1cc(C(=O)N2CCOCC23CCOC3)nc2ccccc12;C#CC1(O)CCC2C3CC=C4CC(=O)CCC4C3CCC21CC;CCc1ccc(CCNC(=O)C2CCCc3nnn(C)c32)cc1;C=CCC=CCC=CCCCCCCCc1cc(O)cc(O)c1;Cc1cc2c(s1)Nc1ccccc1N=C2N1CCN(C)CC1;O=C(CCCCc1ccc(O)cc1)CCc1ccc(O)c(O)c1;CC1CCN(C(=O)CC#N)CC1N(C)c1ncnc2[nH]ccc12;Cc1cccc2sc(N3CCCCC3c3cnn(C)c3)nc12;CCC(C)n1ncc(NC(=O)N2CCC(F)(F)C2)c1C1CC1;CCOc1ccc(CC(=O)NC2CN(c3cnccn3)C2)cc1;CCCCCc1cc(O)c2c(c1)OC(C)(CCC=C(C)C)C=C2;Nc1nc(=O)c2nc(CNc3ccc(C(=O)O)cc3)cnc2[nH]1;CC(C)n1ncnc1CNS(=O)(=O)CC12CCC(CC1)C2;CN(C(=O)c1ccnn1C)C1CN(c2cc3c(nn2)CCC3)C1;Fc1ccc(OCCNc2nccn3nc(C4CC4)cc23)cc1;COc1cc(N2CCN(c3nc(C)cc(C)n3)CC2=O)ccn1
m_edaa12,CC(C)c1cc(=O)n2c(n1)SCC2CC(=O)NCC1CCCO1;CCCCNC(=O)Cc1c(C)nc2nc(-c3ccccc3)nn2c1C;CC(=O)Oc1ccc2cc(-c3ccc4c(c3)OCCO4)c(=O)oc2c1;Cc1cccc(NC(=O)c2cc(-c3ccncc3)nc3ccccc23)c1;Cc1cc(OCCN2CCOCC2)nn1-c1ccc2ccccc2c1;O=C(Cc1ccccc1)NC(c1ccccc1)c1nc2ccccc2[nH]1;CCC(CO)NC(=O)C1C=C2c3cccc4[nH]cc(c34)CC2N(C)C1;Cc1cccc(-c2nc3ccccc3c(=O)n2NC(=S)N(C)C)c1;COc1cc2c(cc1O)-c1cc3ccc(OC)c(OC)c3c[n+]1CC2;COc1cc2c(cc1O)CC[n+]1cc3c(OC)c(OC)ccc3cc1-2;CCCc1cc(NCc2cccnc2)n2c(nc3ccccc32)c1C#N;CCCc1c(C)nc2ncnn2c1N1CCN(c2ccccn2)CC1;CN(C)CCC=C1c2ccccc2COc2ccc(CC(=O)O)cc21;CCOc1cc(C(=O)NCC2CCCO2)cc(OCC)c1OCC;C=C1CCC2(O)C3Cc4ccc(O)c5c4C2(CCN3CC2CC2)C1O5;CN1CCC(CNC(=O)CNC(=O)c2ccc3ccccc3c2)CC1;COc1ccc(-c2noc(CC(=O)O)c2-c2ccc(OC)cc2)cc1;CNC(=O)CSc1ncc(-c2ccccc2)n1-c1ccccc1C;CC(=O)NCC1CN(c2ccc(N3CCOCC3)c(F)c2)C(=O)O1;c1ccc(-c2nn(-c3ccccc3)cc2-n2nnc3ccccc32)cc1;c1cnc2nc(C3CCN(c4nnc(C5CC5)s4)CC3)ccc2c1;O=C(CN1CCOCC1)NCCc1nc(C2CCCCC2)cs1;Cc1cc(COCC(=O)N2CC(C)Oc3ccc(Cl)cc32)no1;CCOC(=O)C(C)Sc1nnc2n1CCN2c1ccc(F)cc1;C#CC1(O)CCC2C3CCC4=Cc5oncc5CC4(C)C3CCC21C
m_edccdd,O=C(NN=Cc1c(O)ccc2ccccc12)c1ccncc1;COc1ccccc1N1CCN(C(C(=O)O)C2CC2)CC1;Cc1cc(OCC(=O)O)ccc1NC(=O)C1CCCOC1;Cc1cnn2cc(NS(=O)(=O)c3cccnc3)cnc12;CC=CC(O)C1OC(=O)CC1Nc1ccc(C(=O)O)cc1;CC1OCCC1(C)NC(=O)Nc1ccc(C2CCC2)cn1;CCCCCCCCCC(=O)NCCc1ccc(O)cc1;C=C(C(=O)O)C1CC(O)C2(C)CCCC(C)(O)C2C1;CCC(CCC(C)O)COC(=O)c1ccccc1C(=O)O;COc1cccc(CC(=O)NC2CCC(C(=O)O)CC2)c1;CN(C)C(=O)c1cc(NC(=O)N2CC(N(C)C)C2)ccn1;CC(OP(=O)(O)O)C(NC1CCCC1)C(=O)O;COc1cc(Cc2cnc(N)nc2N)cc(OC)c1OC;CCC(CCC(C)=O)COC(=O)c1ccccc1C(=O)O;CCCCCCCC=CC(=O)NCCc1ccc(O)cc1;CCNCCC(=O)NC(Cc1cncn1C)C(=O)O;O=C(NC(C(=O)O)c1ccc2c(c1)CCO2)C1CCCO1;COc1ccccc1Cn1cc(CNC(=O)N(C)C)nn1;CC(CC(=O)O)CC(=O)N1CCN(c2ccc(F)cc2)CC1;COc1ccc(CC(C)(O)CNc2ncc(Cl)cn2)cc1;CC=C1CN2CCC34C(=Nc5ccccc53)C(C=O)C1CC24;NCCC(NC(=O)c1n[nH]c2c1CNCC2)C(F)(F)F;C=CC(C1=CC(=O)C(OC)=CC1=O)c1ccc(O)cc1;CC1OCCOC1C(=O)N1CCC(c2ccccn2)CC1;Cc1c(C(=O)N2CCCC2C(=O)O)oc2c(F)cccc12
m_edd5cd,O=C(c1cnn2cccnc12)N1CCC(Cc2cccc(F)c2)CC1;CC1(C)C=Cc2c(ccc(-c3coc4cc(O)ccc4c3=O)c2O)O1;Cn1c(Sc2ccc3ccccc3n2)nc2c1c(=O)[nH]c(=O)n2C;CC(=O)NCC1CN(c2ccc(N3CCOCC3)c(F)c2)C(=O)O1;Cc1noc(C2(NC(=O)c3ccc4ccccc4n3)CCCCC2)n1;COc1ccc(C2(CNc3ncnc4[nH]ncc34)CCOCC2)cc1;CC(C)n1ncc2cc(C(=O)N3CCc4ccc(O)cc4C3)cnc21;Cc1cc(C)cc(C(=O)NCCc2nc3cccnc3n2C(C)C)c1;O=C(NC1CCCN(c2ccccc2F)C1)c1cnn2cccnc12;CCOC(=O)C=C1SCC(=O)N1CC(=O)Nc1cccc(F)c1;COC(=O)Nc1cccc(C)c1CNc1cccn2c(C)c(C)nc12;CCCCC(NS(=O)(=O)c1ccc2c(c1)CCC(=O)N2)C(=O)O;Cn1ccnc1S(=O)(=O)N1CC2CN(c3nccs3)CC2C1;CC1(O)CC(=O)c2c(cc(O)c3c2C(=O)c2cccc(O)c2C3=O)C1;O=CC(Nc1ccc([N+](=O)[O-])c2nonc12)C(O)C(O)C(O)CO;CC(C)CN1CC(c2nc(-c3nccc4ccccc34)no2)CC1=O;CN1C(=O)COC(C(=O)N2Cc3ccccc3C2)C1c1ccccc1;COC(=O)CCCNC(=O)c1cnc(OC2CCOC2)c(Cl)c1;CC(C)=CCc1c(O)cc2occ(-c3ccc(O)cc3)c(=O)c2c1O;CN(C)S(=O)(=O)c1cccc(NC(=O)Cc2ccc(F)cn2)c1;COc1cc(=O)n(-c2ccccc2)cc1C(=O)NCCn1cccc1;CCOC(=O)CCC(O)=Nc1ccccc1C(O)=Nc1ccccc1;Cc1ccc(-n2cnc3c(sc4nccc(N(C)C)c43)c2=O)cc1;Cc1cc(C(=O)O)ccc1NS(=O)(=O)c1ccc2ncccc2c1;N#Cc1ccc(C(=O)OCC(=O)NCCc2ccc(Cl)cc2)cc1
m_eff2fa,CCN(CC)CCN=C(O)c1c(O)c2ccccc2n(Cc2ccccc2)c1=O;CC1(C)C(=O)N(CCN2CCC(C(=O)c3ccc(F)cc3)CC2)c2ccccc21;CCOC(=O)C(Cc1c[nH]c2ccccc12)NC(=O)COc1ccc(CC)cc1;COC(=O)C1=C(C)NC(c2ncc(F)cc2F)=NC1c1ccc(F)cc1Cl;COc1ccc2[nH]c(C)c(CCNS(=O)(=O)c3c(C)nc(O)nc3O)c2c1;O=[N+]([O-])c1cc(Cl)ccc1S(=O)(=O)N1CCN(Cc2ccccc2)CC1;Cn1c(CCNC(=O)c2ccc(C(F)(F)F)cc2)nc2cccnc21;CC1CN(Cc2ccccc2)CC1c1nc2c(cnn2C2CCOCC2)c(=O)[nH]1;Cc1nc(C(=O)NC(CO)Cc2ccccc2)nn1-c1n[nH]c(C(F)(F)F)n1;CCn1c(CN(C)C2CCCN(c3ccccc3)C2)nc2cc(C(=O)O)ccc21;CCCOc1ccc(C(CC(=O)O)N=C(O)c2ccc3c(c2)OCO3)cc1;Cc1nc2ccccn2c(=O)c1CCN1CCC(C(=O)c2ccc(F)cc2)CC1;Cc1cc2n(n1)C(C(F)(F)F)CCN2C(=O)c1cccc(N2CCCC2=O)c1;CCOC(=O)c1nn(-c2ccccc2C)c(=O)cc1OCc1cc(C)ccc1C;CCc1cc2c(cc1CC)CC(NCC(O)c1ccc(O)c3[nH]c(=O)ccc13)C2;COc1cc(NC(=O)c2nn(-c3ccc(C)cc3)c(=O)cc2OC)cc(OC)c1;O=C(CCNC(=O)C1CCCN1C(=O)Cc1ccccc1)NCc1cccnc1;Cc1ccc(C)c(CNS(=O)(=O)c2cc(-c3csc(C)n3)sc2C)c1;CC1(C)Cc2cccc(OCC(=O)N3CCC4CN(c5ccccn5)CC43)c2O1;COc1ccccc1CCNC(=O)c1nn(-c2ccccc2C)c(=O)cc1OC;O=C(CC1NC(=O)N(CCc2ccccc2)C1=O)NC(CO)Cc1ccccc1;Cc1cc(CO)nc2cc3c(cc12)OC(C)(C)C(O)C3NCCc1ccccc1;CCc1ccccc1N1CC(C(=O)Nc2ccc(CC(=O)N(C)C)cc2)CC1=O;COCCn1cc(CC(=O)NCCc2c[nH]c3ccc(F)cc23)c2ccccc21;CC(C)(C)CC(C)(C)c1ccc(Nc2ccc(C(C)(C)CC(C)(C)C)cc2)cc1
m_f0bee0,Cc1nn(Cc2ccc(C(=O)NCc3ccccc3)o2)c(C)c1Cl;CCOc1ccccc1C(=O)NCC1CCN(Cc2ccco2)CC1;O=C(O)C(Cc1ccc(OP(=O)(O)O)cc1)NCc1ccco1;Cc1cc(C(=O)N(Cc2cc(C3CC3)n(C)n2)Cc2ccco2)no1;COC(=O)c1ccc(C(=O)Nc2cnn(CC3CCCCO3)c2)cc1;CC(C)n1ccc(CC(=O)N2CCc3nc(C(C)(C)C)ncc3C2)n1;CNC(=O)c1cccc(NC(=O)CC2(n3cccc3)CCOCC2)c1;C1CCC(C23CC(CC4CCCNC42)C2CCCCN2C3)NC1;CN1C(=O)NC(c2ccc(F)cc2)C2=C1CN(Cc1ccco1)C2=O;O=C(NC1CC(Cn2cccn2)CC1O)N1CCCc2ccccc21;Cc1ccc2nc(N3CCC(COc4cnccn4)CC3)sc2c1;CC1(CNC(=O)N2CC(=O)NC3CCCCC32)Cc2ccccc2C1;Cc1cc(C)n(CCN2CCCN(C(=O)c3ccccc3C)CC2)n1;CCOC(=O)CNc1ncncc1-c1nc(-c2ccccc2F)no1;Cc1cc(C)cc(NC(=O)N2CCCC(COc3ccncc3)C2)c1;COc1cccc2c1C(C(=O)NCc1cnn(CC3CCC3)c1)CC2;Cn1ccc(-c2cc(C(=O)N3CCN(Cc4ccco4)CC3)no2)n1;CC(NS(=O)(=O)c1ccc(Cl)cc1)C(=O)NCC1(O)CCCC1;CCn1ncc2ccc(NC(=O)N3CCCC3C3CCOCC3)cc21;Cc1noc(C2CCN(C(=O)c3ccc(CNC(N)=O)cc3)CC2)n1;Cc1ccccc1NC(=O)N(CCc1cccs1)Cc1ccco1;COC(=O)C(C)(Cn1cnc2ccccc21)NC(=O)Cn1cccn1;Cn1cnc(S(=O)(=O)N2CCCN(C(=O)C3CCCC3)CC2)c1;CN(C(C(=O)O)c1c(F)cccc1F)S(=O)(=O)c1cn(C)cn1;Cn1nnc(CN2CCC(c3c[nH]c4ccc(C(=O)O)cc34)CC2)n1
m_f10ba9,Cc1cc(C(=O)N2CC(Oc3cc(C)oc(=O)c3)C2)c(C)o1;Cc1nc(C2CCC(CNC(=O)c3cnn(C)c3C)O2)n[nH]1;CC(Oc1cccc(Cl)c1)C(=O)N1CCn2cnnc2C1;Cc1c(Cl)cccc1NC(=O)NCCn1ncccc1=O;CCOc1ccc(CNc2nc(=O)cc(C)[nH]2)cc1OCC;COC(=O)c1n[nH]c2c1CN(C(=O)c1ccccc1F)CC2;CC(O)CCCCCCCCCC(=O)Cc1cc(O)cc(O)c1;COc1cc(=O)c(C(=O)NC(C)C)nn1-c1ccc(F)cc1;CCn1cc(C(=O)NC(=S)Nc2cccc(OC)c2)cn1;COc1ccccc1OCC(=O)NNC(=O)c1cccs1;Cc1cc(C(=O)N2CCSC(c3ccco3)CC2)c(C)o1;COc1ncccc1CNC(=O)CCc1c(C)nn(C)c1C;CCc1onc(C)c1C1CCCN1C(=O)c1ccnn1CC;O=C(O)CC(NC(=O)c1ccncc1)c1ccc(F)cc1F;CCn1cnnc1C1CCN(C(=O)c2ccnn2CC)CC1;COc1ccccc1NS(=O)(=O)c1c[nH]c2ncccc12;Cc1cccnc1CNC(=O)NC1CC(C)(C)NC(C)(C)C1;Cc1ccc(NC(=O)Cn2cnc(C)c(C)c2=O)cc1Cl;Cc1cc(CCC(=O)N2CC(Cn3ccnn3)C2)ccc1F;CC1CCCC(O)CCCCCc2cc(O)cc(O)c2C(=O)O1;CCn1nccc1C(=O)Nc1nc2c(Cl)cccc2s1;Cc1ccc(SCCC(=O)NCCC2=CCCCC2)cc1;CNC1CCC(c2ccc(Cl)c(Cl)c2)c2ccccc21;CC(NC(=O)c1cnc2n1CCCC2)c1ccc(Cl)cn1;O=C1c2c(O)cc(O)cc2OC(c2ccc(O)c(O)c2)C1O
m_f1a045,COC(=O)c1ccc(NC(=O)C2CC=CCC2C(=O)O)cc1;O=C(Cc1ccc(F)cc1)NN=Cc1ccc2c(c1)OCO2;CN(CC1CN(c2ncncc2F)C1)S(=O)(=O)C1CC1;O=C(Cc1ccc(F)cc1F)NC1CN(c2cnccn2)C1;CCOCCOc1ccccc1NC(=O)Nc1ccccc1;COc1ccc(NC(=O)N2CCc3nc[nH]c3C2)cc1OC;O=C(Cn1c(=O)oc2ccccc21)Nc1ccc(Cl)cc1;N#Cc1cccnc1NCCc1ccc(Br)cc1;O=C(CCc1ccccc1)NN=Cc1cccc2ccccc12;Cc1ccc(F)c(N2C(=O)NC(C)(Cn3cccn3)C2=O)c1;Cc1ccc(S(=O)(=O)n2nc(-c3ccco3)nc2N)cc1;Cc1cc(F)ccc1NC(=O)c1ccc(N2CCCC2)nn1;COc1ccc(C=NN=Cc2ccc(OC)c(O)c2)cc1O;O=C(Cc1cccc(Cl)c1)Nc1n[nH]c2cccc(F)c12;COc1cccc(NC(=O)N2CCC(c3cccs3)C2)c1;CN(C)c1nccc(CNC(=O)c2ccc3c(c2)OCO3)n1;COc1c(C)cnc(CN2CCC(C(F)(F)F)CC2)c1C;CC(Cc1ccc(O)c(O)c1)C(C)Cc1ccc(O)c(O)c1;CC(=O)NCc1ccc(S(=O)(=O)Nc2ccccc2)cc1;CC(C)(C)c1nnc(SCC(=O)c2ccccc2)n(N)c1=O;O=C(CCc1ccc2c(c1)CCO2)NCCc1cccs1;CC(C)(C)C(NC(=O)c1ccnc2[nH]ncc12)C(F)(F)F;O=C(O)c1cc(N=Nc2ccc(O)c(C(=O)O)c2)ccc1O;CC12CC(=O)C3C(CCC4=CC(=O)CCC43C)C1CCC2=O;CS(=O)(=O)C1CCN(C(=O)Cc2ccccc2Cl)C1
m_f22b14,Cc1cncnc1-c1noc(CC2CCN(CC(F)F)CC2)n1;COc1ccc(C(=O)CC2(O)C(O)=Nc3ccccc32)cc1OC;COc1c(C)c(C(=O)c2ccc(N)c(C(=O)O)c2)n2ccccc12;COCn1c(COc2cc(C)ccc2C(C)C)nc2ccccc21;CCN(CC)C(=O)CSc1nnnn1-c1ccc(Cl)cc1;O=C(NC1CCCC1)N1CCCC1c1nc(-c2ccccc2)n[nH]1;Cc1cc(C(=O)NC2CCC(Oc3ncccn3)CC2)no1;COc1ccc(-c2nnc(CC(=O)NCc3ccccn3)o2)cc1;COc1cc(NC(=O)c2cc(O)nc3ccccc23)cc(OC)c1;COc1ncccc1CNC(=O)Nc1cnc2c(c1)c(C)nn2C;CN1CCCc2ccc(S(=O)(=O)NC(=O)C3(C)COC3)cc21;CCNc1cc(C)nc(N2CCN(c3cc(C#N)ccn3)CC2)n1;c1ccc2oc(C3CCCN(Cc4nnc5n4CCC5)C3)nc2c1;CN(C)C(=O)c1cccc(NC(=O)NC2COc3ccccc32)c1;COc1ccccc1C(C#N)N1CCC(c2ccc(Cl)cc2)=N1;CNS(=O)(=O)N1CCN(C(=O)c2ccnc(C3CC3)n2)CC1;CC(C)c1cccc(C(C)C)c1N1C(=O)c2ccc(O)cc2C1=O;Cc1ccccc1N1CCN(CCc2nnc3n2CCCC3)CC1;CC(=O)N1CCCCC1C(=O)NCc1cccc(-n2cncn2)c1;Cn1c(=O)[nH]c2ccc(C(=O)N3CCOC(c4ccco4)C3)cc21;O=C(C1CCCCC1)N1CC(=O)N2CCCc3ccccc3C2C1;CCCS(=O)(=O)N1CCc2ccc(NC(=O)OCC)cc2C1;CCC(=O)N=c1n(C)c2ccccc2n1CCOc1ccccc1;Cc1ccc2nc(C)c(C(=O)NN=Cc3cccc(Cl)c3)n2c1;O=C(Nc1cccc2ncccc12)c1ccccc1Br
m_f22bed,COCC(C)N(C(=O)CS(=O)(=O)O)c1c(C)cccc1C(C)=O;CCCNCC(O)COc1ccccc1C(=O)CCc1ccccc1;CCC(=NOCC=CCl)C1C(=O)CC(C2CCOCC2)CC1=O;CCC(=NOCC=CCl)C1=C(O)CC(C2CCOCC2)CC1=O;CN1C2CC(OC(=O)C(O)(CO)c3ccccc3)CC1C1OC12;CCCC(=NOCC)C1=C(O)CC(C2CCC[S+]([O-])C2)CC1=O;O=C(NC1CC1)C(c1ccccc1)n1cc(C2(O)CCCCC2)nn1;CCn1nccc1C(=O)N1CCN(c2nc3ccccc3s2)CC1;CC1CN(CCOc2cccc(C(=O)O)c2)CC(c2ccccc2)O1;O=C1CCC2(O)C3Cc4ccc(O)c5c4C2(CCN3CC2CC2)C1O5;CC1C(=O)OCC2=CC[N+]3([O-])CCC(OC(=O)C(C)(O)C1(C)O)C23;CCCC(=NOCC)C1C(=O)CC(C2CCC[S+]([O-])C2)CC1=O;CC(=O)OC1CCN2CC=C(COC(=O)C(O)(C(C)C)C(C)O)C12;COc1cc2c(cc1O)CCN1Cc3c(ccc(OC)c3OC)CC21;CC(C)=CCc1cc(C2CC(=O)c3c(O)cc(O)cc3O2)ccc1O;COc1ccc2c(c1)C(C1CCN(C)CC1)Oc1ccccc1S2;CCCCCn1cc(C(=O)c2cccc3ccccc23)c2ccccc21;CCCn1c(C(=O)Nc2cccnc2)cc2c(=O)n(C)c(=O)n(C)c21;O=C(O)C=Cc1ccccc1OC1OC(CO)C(O)C(O)C1O;CCC(C)CC(=O)OC1C(=O)C(CO)=CC(OC(C)=O)C1C(C)C;CCOc1cc(S(=O)(=O)NCC2CCCO2)c(OCC)cc1C;Cc1cc(C(=O)O)cc(S(=O)(=O)N(C)CC2CCCOC2)c1C;Cc1nccn1-c1cc(NC(c2ccccc2)c2ccccc2)ncn1;COC(=O)C1=C(C)N=C2CCCC(=O)C2C1c1ccc(O)c(OC)c1;C#CCCCCC(=O)N(C)CC1CCc2nc(C(F)(F)F)cn2C1
m_f24d72,Cc1cc(NCc2cccnc2)n2ncc(-c3ccc(Cl)cc3)c2n1;Clc1ccc(-c2nc(NCc3cccnc3)c3ccccc3n2)cc1;O=C(Nc1cccnc1)c1ccc(NC(=O)C2CC23CCNCC3)cc1;CCC(C)C=C(C)C=CC1=CC2=C(Cl)C(=O)C(C)(O)C(O)C2=CO1;FC(F)(F)c1nc2ccccc2n1CCNc1ccc2nnnn2n1;CC(C)=CC(=O)OC1Cc2cc3ccc(=O)oc3cc2OC1(C)C;Nc1ncnc2c1ncn2C1OC(COP(=O)(O)O)C(O)C1O;CC(=O)c1c(C)cc(OC2OC(CO)C(O)C(O)C2O)cc1O;CC1CCN(C(=O)CN(c2cccc(F)c2)S(C)(=O)=O)CC1;CCOC(=O)C1=CC2(CC)CCCN3CCc4c(n1c1ccccc41)C32;CCc1cc(C(=O)NC(CC)C(O)c2c(F)cccc2F)cc(=O)[nH]1;O=C(O)c1cccc(Nc2ccnc(Nc3cccc(C(=O)O)c3)n2)c1;O=C(O)c1cccc(Nc2ccnc(Nc3ccccc3C(=O)O)n2)c1;Cc1cc(O)c(C(C)C)cc1OC1OC(CO)C(O)C(O)C1O;CN(C1CCCN(c2nc3ccccc3c(=O)n2C)C1)S(C)(=O)=O;COc1cc(C(C)=O)ccc1OC1OC(CO)C(O)C(O)C1O;COc1cc(C)c2c(=O)c(Oc3ccccc3)c(C(F)(F)F)oc2c1;CC1(C)C2CCC1(C)C(OC(=O)C(O)(CC(=O)O)CC(=O)O)C2;NC(=O)COc1ccc(C(=O)NCc2ccnc(-n3ccnc3)c2)cc1;O=C(O)C1CCC(c2cc3cccnc3c(-c3cccc(F)c3)n2)CC1;O=C(Nc1ccccc1)N(Cc1ccc(Cl)cc1)C1CCCC1;O=C(O)c1ccc(Nc2nccc(Nc3cccc(C(=O)O)c3)n2)cc1;Cc1nnc(-c2ccc3ccn(CC(=O)Nc4ccccc4F)c3c2)o1;O=C(O)c1ccc(Nc2ccnc(Nc3cccc(C(=O)O)c3)n2)cc1;Cc1c(NC(=O)c2cc3c(nn2)CCC3)c(=O)n(-c2ccccc2)n1C
m_f2d901,Cc1nc2n(n1)C(N1CCN(C)CC1)=Nc1ccccc1C2;CNc1nc2c(ncn2C2OC(CO)C(O)C2O)c(=O)[nH]1;Cc1c(Cl)cncc1NC(=O)N1CCC12CCOCC2;CC(C)CC(NC(C=O)C(O)C(O)C(O)CO)C(=O)O;Cc1c(Nc2ncccc2C(=O)O)cccc1C(F)(F)F;CC1Cc2cc3c(cc2C(c2ccc(N)cc2)=NN1)OCO3;N#Cc1ccc2c(c1)COC2(CCCN)c1ccc(F)cc1;COCC#CCn1cnc2c(nnn2-c2ccccc2)c1=O;C=C1CC2C(CCC3(C)C(=O)CCC23)C2(C)C=CC(=O)C=C12;COC(=O)c1cc(Br)cn1CC(F)(F)CN;CC1Oc2ccc(Nc3ncnc4[nH]ccc34)cc2NC1=O;COC(=O)Nc1nc2ccc(C(=O)c3ccccc3)cc2[nH]1;COc1ccc2nc(O)c3c(c2c1)OC(C)(C)C=C3;Cc1cc(C)c(O)c(C(=O)CC2CC(=O)N=C(O)C2)c1;Cc1cc(C(=O)N(CCC(=O)O)CC2CCCO2)ncn1;CN(C)CC(=O)Nc1ccc2[nH]c(=O)c3ccccc3c2c1;NCCCCC(NC(Cc1ccccc1)C(=O)O)C(=O)O;Cc1cc([N+](=O)[O-])cnc1Oc1ccc(-n2cccn2)cc1;CCOc1cc([N+](=O)[O-])c(OCC)cc1N1CCOCC1;CCC12CCCN3CCc4c(n(c5ccccc45)C(=O)C1)C32;C=C1C(=O)OC2C=C(CO)CCC=C(C=O)CC(O)C12;Cc1cc(-c2ccnc(Nc3cnn(C)c3)n2)ccc1CN;CC(C)Cn1ncc(Nc2ncnc3[nH]ccc23)c1C1CC1;COc1cc(C(=S)N2CCOCC2)cc(OC)c1OC;COc1cc(CCc2ccc3c(c2)OCO3)oc(=O)c1
m_f55e93,CC(=O)N1CCc2ccc(S(=O)(=O)N3CCc4ccccc43)cc2CC1;CC(NC(=O)C1(C(=O)O)CCOCC1)c1cccc(NS(C)(=O)=O)c1;CCCCCCCCCCCCCCCCC(=O)NC(C(=O)O)C(C)C;NC(C(=O)NC1C(=O)N2C(C(=O)O)=C(Cl)CSC12)c1ccccc1;Cc1cnc(C(=O)N2CCN(c3ccc(C(F)(F)F)cn3)CC2)c(F)c1;Cc1ccc(N2C(=O)N(c3cccc(C)c3C)C3CS(=O)(=O)CC32)cc1;CCOC(=O)NC(=S)Nc1ccccc1NC(=S)NC(=O)OCC;Cc1occc1C(=O)NC1CCN(C(=O)C(c2ccccc2)N(C)C)CC1;CC=C1CC(C)C(O)(CO)C(=O)OCC2=CC[N+]3([O-])CCC(OC1=O)C23;COc1ccc(CCNc2cc(=O)oc3ccccc23)cc1OC;CC1CC2(OC2C)C(=O)OC2CC[N+]3([O-])CC=C(COC(=O)C1(C)O)C23;CC(O)C(O)(C(=O)OCc1ccccc1NC(=O)CCC(=O)O)C(C)O;Cc1cc(N(C)C2CN(c3nc(C(C)C)c(F)c(=O)[nH]3)C2)n2nccc2n1;CC1C(C)C2(CO2)C(=O)OC2CC[N+]3([O-])CC=C(COC(=O)C1(C)O)C23;CC1CCCCCN1C(=O)c1cc(-c2ccco2)n2cnc(C(N)=O)c2n1;COc1cc(COC2OC(CO)C(O)C(O)C2O)cc(OC)c1O;O=[N+]([O-])c1ccc2nc(COCc3nc4ccc([N+](=O)[O-])cc4[nH]3)[nH]c2c1;COC(=O)C1=COC(C)C2CN3CCC4(C(=O)Nc5ccccc54)C3CC12;Nc1nnc(SCc2ccccc2CSc2nnc(N)s2)s1;CC(C)c1cc2c(c(O)c1O)C13CCCC(C)(C)C1C(OC3=O)C2O;CC(C)(C)Oc1ccc(CC(NC(=O)OCc2ccccc2)C(=O)O)cc1;COCCOc1cc(C(=O)NCc2nnnn2-c2ccc(C)cc2)ccn1;Cc1ccc(OP(=O)(Oc2ccc(C)cc2)Oc2ccc(C)cc2)cc1;COc1ccnc(NCC23CC(NC(=O)C4CC4C)(C2)C(C)(C)O3)n1;CCn1ccnc1C1OCCCC1NC(=O)c1ccc2c(c1)CCC(=O)N2
m_f5c42c,Oc1cc(O)c2c(c1)OC(c1ccc(O)c(O)c1)C(O)C2;NC(Cc1c[nH]c2ccccc12)C(=O)N1CCCC(O)C1;CC1=CC2CC(=O)CCC2C2CCC3(C)C(=O)CCC3C12;OC(CCN1CCCC1)(c1ccccc1)C1CCCCC1;OC1C=C2CCN3Cc4cc5c(cc4C(C1O)C23)OCO5;C=CCc1ccc(O)c(-c2ccc(O)c(CC=C)c2)c1;CC12CCC3C(CCC4CC(=O)CCC43C)C1CCC2=O;CNCCCCc1cnc(C)c2[nH]c3ccccc3c12;CC12CCC3C(CC=C4CC(O)CCC43C)C1CCC2=O;CC1CC2(C)C(CCC3C4CCC(=O)C4(C)CCC32)CC1O;O=C(O)C1CCCCN1C(=O)c1cccc2c1COCC2;Cc1ccc(C)c(OCc2nc(C3(N)CCCC3)no2)c1;CC12C=CC(=O)CC1CCC1C2CCC2(C)C(O)CCC12;O=c1oc2cc(O)ccc2c2oc3cc(O)ccc3c12;CC1(CO)CCC2=C1CCC1C2CCC2CC(=O)OCC21C;NC(=NCCCC(N)C(=O)O)NC(CC(=O)O)C(=O)O;CC(C=CC1=C(C)CCCC1(C)C)=CC=CC(C)=CCO;CCNCC(O)COc1ccccc1C1CC2CCC1C2;Cc1ccc(CCC(=O)NC2CCCCNC2=O)c(C)c1;NS(=O)(=O)c1ccc(N2CCCCS2(=O)=O)cc1;CC12CCC3C(CCC4CC(=O)C=CC43C)C1CCC2=O;CC1(O)CCC2C3CCC4=CC(=O)CCC4C3CCC21C;CC1CC(O)CC2CCC3C4CCC(=O)C4(C)CCC3C12C;CC12C=CC(=O)C=C1CCC1C2CCC2(C)C(O)CCC12;CC12CCC(O)CC1CCC1C2CCC2(C)C1CCC2(C)O
m_f7002e,CC(C)c1cc(C(=O)NCCn2cc(-c3ccccc3)nn2)n(C)n1;COc1cc(O)c2c(=O)c(OC)c(-c3ccc(O)cc3)oc2c1;CCC1=CC2CN3CCc4c([nH]c5ccccc45)C(C(=O)OC)(C2)C13;Cc1cc2ccccc2n1CC(=O)NC(Cc1ccccc1)C(=O)O;COC(=O)C(NS(=O)(=O)c1cnc(-c2ccccc2)o1)C(C)C;CNC(=O)C1Cc2ccccc2N1C(=O)Nc1ccc2c(c1)OCO2;Cc1c(C(=O)NCCn2cc(-c3ccccc3)nn2)cnn1C(C)C;O=C(COc1ccc(F)cc1)NCCn1cc(-c2ccncc2)cn1;Cc1nnc(-c2cc3ccccc3n2CC(=O)NCc2ccco2)o1;c1ccc2c(-c3nnc(C4CC4)o3)nnc(NC3CCCCC3)c2c1;C(#Cc1ccccc1)CNCCSc1nnnn1-c1ccccc1;O=C1c2ccccc2-c2cc(N3CCOCC3)nc3cccc1c23;COC1=CC23CCCN2CCc2cc4c(cc2C3C1O)OCO4;COc1ccc2c(c1OC)CN1CCc3cc4c(cc3C1=C2)OCO4;CC1(C(O)CO)C=C2CCC3C(C)(CO)CC(O)CC3(C)C2CC1;CCNc1nc(SCC(N)=O)nc2sc3c(c12)CCN(C)C3;CC1SC(C)C(=O)N(CC(=O)Nc2ccc3c(c2)OCO3)C1=O;CC1CCCN(S(=O)(=O)c2cc(-c3nnc(C4CC4)o3)co2)C1;CCCc1nc(-c2nc3scc(-c4ccccc4)c3c(=O)[nH]2)co1;CCn1cc(C(=O)N2CCCC(c3nc(C)no3)C2)c2ccccc21;Cc1cc(C(=O)Nc2ccccc2OC(F)(F)F)nc(C2CC2)n1;Cc1ccccc1OCC(=O)NCCCNC(=O)c1ccco1;C=C1CCC2C(C)(C(=O)O)CCCC2(C)C1CCc1ccoc1;COc1ccc(C=CC(=O)c2c(OC)cc(O)cc2OC)cc1;COc1nccc(C(=O)N2CCC(C(F)(F)F)c3ccccc32)n1
m_f7302f,COc1cc2cc(C(=O)CCC(=O)O)sc2cc1OC;CC(C)=CCOc1c2ccoc2cc2oc(=O)ccc12;CC(=O)N1CCCN(S(=O)(=O)CCCC(=O)O)CC1;COC(O)(CC(C)C)C1Oc2cc(C)nc(O)c2O1;CC1COCCN1CCNC(=O)c1cn2ccccc2n1;C=C(C)C(O)Cc1c(OC)cc2oc(=O)ccc2c1OC;CC(C)(O)C(=O)Nc1ccc([N+](=O)[O-])c(C(F)(F)F)c1;Cc1cc(O)c2c(c1)C(=O)OC2c1c(O)cccc1O;O=C(NCC(=O)N1CCCC1)c1cc(F)cc2n[nH]nc12;O=C(NC1CN2CCC1CC2)c1ccc2c(c1)OCCO2;CCn1nc(C(=O)NC(C)(C)CO)c(=O)c2ccccc21;CC1CCCCCC(=O)c2c(O)cc(O)cc2CC(=O)O1;COc1ccc(NC(C)=O)c(NC(=O)C2CC2C(=O)O)c1;CN(C)C(=O)Nc1ccc(Oc2ccc(Cl)cc2)cc1;CCCn1nc(C(=O)NC2CCC(=O)NC2=O)ccc1=O;c1ccc(-c2nc(N3CCNCC3)nc3ccccc23)cc1;CCc1cc2c(N3CC(C)C(C(=O)O)C3)ncnc2s1;COc1cc(Cc2cnc(N)nc2N)cc(OC)c1OC;COc1cc(OC)c2c(=O)oc(CC(O)CC(C)O)cc2c1;Oc1cc(O)c2c(c1)OC(c1ccc(O)c(O)c1)C(O)C2;Cn1ncc(Cl)c1C(=O)NC1Cc2ccccc2C1N;COc1c(-c2ccccc2)oc2c(ccc3ccoc32)c1=O;COC1CCCCC1NC(=O)c1cccc(CC(=O)O)c1;CC(C)C(C)NC(=O)C1CCN(C(=O)c2cn[nH]n2)CC1;COc1c2c(cc3oc(C)cc(=O)c13)OC(C(C)(C)O)C2
m_f82743,Cn1cc(CCC(=O)N2CCCC2Cc2cccc(F)c2)cn1;COc1nccc(C(=O)N2CCCC2Cc2cccc(F)c2)n1;COc1ccc(C=CC(=O)c2c(OC)cc(O)cc2OC)cc1;COc1cc(C(=O)N2CCCC2Cc2ccc(F)cc2)ncn1;CC(=O)C1CCC2C3CCC4=CC(=O)CCC4(C)C3CCC12C;NC(=O)C1CCC(c2ccc(OCc3ccccc3F)cc2)N1;Cc1nn(C)cc1CCC(=O)N1CCc2occc2C1C(=O)O;O=C(CC(c1ccsc1)n1cccc1)NCCc1cnc[nH]1;O=c1c2c3c(sc2ncn1Cc1ccc(F)cc1)CCCC3;Fc1ccc(Cn2nnc3c(N4CCOCC4)ncnc32)cc1;COc1ccc(C2CCN(C(=O)Cc3c(C)n[nH]c3C)C2)cc1;Cn1c(=O)c2c(ncn2CC(=O)Nc2ccncc2)n(C)c1=O;COc1cnc(OC2CCN(C(=O)c3cncn3C)CC2)nc1;Cc1cc(C(=O)NCC(c2ccsc2)c2ccco2)c(C)o1;CC(=NNC(=O)c1ccoc1C)c1ccccc1OCC(N)=O;O=C(COc1ccc(F)cc1)NCC1(c2ccc(F)cc2)CC1;Cn1ccc(CN2CCN(Cc3cccc(F)c3)CC2)cc1=O;Cc1n[nH]c(C)c1CC(=O)NC1CC(C)(C)Oc2ccccc21;COC(=O)Cn1cnc2c(cnn2Cc2ccccc2F)c1=O;Cc1cc(CC(=O)N2CCCC(c3ccc(F)cc3)CC2)no1;CCn1cc(CN2CC(OC)CC2c2nnc3n2CCC3)cn1;COC(=O)C1(OC(=O)c2cncn2C(C)c2ccccc2)CC1;Cc1cc(C)cc(OCCNC(=O)NCc2ccc(F)cc2)c1;Fc1ccccc1COc1ccccc1CNc1nccs1;CC(C)(C)n1cc(C(=O)NS(=O)(=O)C2CCCOC2)cn1
m_f858ee,CCOc1nc(C(=O)N2CCCC3(C=Cc4ccccc4O3)C2)co1;COc1ccc(-c2cc(=O)c3c(O)c(OC)c(O)c(OC)c3o2)cc1;CCOC(=O)c1cnc2c(Cl)cccc2c1NCc1ccccc1;Cc1nc2ccc(NC(=O)Cc3cccc4ccccc34)cc2nc1C;Cc1noc(C)c1CCC(=O)NCc1cccnc1-c1cccs1;Cc1nnnn1-c1cccc(NC(=O)NCCN2CCC(C)CC2)c1;CCOC(=O)CSc1nnc(-c2cccnc2)n1-c1ccccc1;CCOc1cc(C=C2Oc3ccc(C(=O)OC)cc3C2=O)ccc1O;COc1ccc(-c2cc(=O)c3c(O)c(OC)c(O)cc3o2)cc1OC;CC1(C)C(=O)N(CC(=O)Nc2ccc3c(c2)OCO3)c2ccccc21;Cc1nn(CC(=O)NC2CC2)c(=O)c2nc(-c3ccccc3)sc12;Cc1nc(C(=O)Nc2ccc3ncn(C4CC4)c(=O)c3c2)c(C)s1;O=c1ccc2cc(OC3OC(CO)C(O)C(O)C3O)c(O)cc2o1;COc1ccc2c(c1)OC1COc3cc(OC)c(OC)cc3C1(O)C2=O;CC1CCCCC1NC(=O)C1CN(c2cc(-n3ccnc3)ncn2)C1;COc1ccc(-c2cc(=O)c3c(OC)cc(OC)c(OC)c3o2)cc1;O=C(CN1C(=O)CCCc2ccccc21)NCCOc1ccccc1;COc1ccc(-c2cc(=O)c3c(OC)c(OC)c(OC)cc3o2)cc1;CCOc1ccc(-c2[nH]ncc2-c2ccc(OC)c(OC)c2)c(O)c1;Cn1cc(-c2ccc(CCNC(=O)CN3C(=O)CCC3=O)cc2)cn1;Cc1nc(C)c(C(=O)N2CCCC3(C2)OC(=O)c2ccccc23)s1;O=C1CCCC(CC(=O)N2CCc3cccc(C(F)(F)F)c3C2)N1;COc1cc(-c2oc3cc(O)ccc3c(=O)c2O)cc(OC)c1OC;COC1=CC(=O)CC(C)C12Oc1cc(OC)cc(OC)c1C2=O;CCOc1nc2cccc(C(=O)O)c2n1Cc1ccc(C(=O)O)cc1
m_f866a0,COc1ccc(C2OCC3C(c4ccc5c(c4)OCO5)OCC23)cc1OC;CC(C)N1C(=O)c2ccccc2N2C(=O)CCC21C(=O)Nc1nccs1;Cc1oc2c(CN3CCCC3)c(O)ccc2c(=O)c1-c1nc2ccccc2s1;COc1cc(O)c(CC=C(C)C)c2c1C(=O)C(O)C(c1ccc(O)cc1)O2;COc1ccc(C2OC(c3ccc(OC)c(OC)c3)C(C)C2C)cc1OC;COc1cc(CC2C(=O)OCC2Cc2ccc(OC)c(OC)c2)ccc1O;COc1cc2ccc(=O)oc2c(OC2OC(CO)C(O)C(O)C2O)c1O;COc1cc2c(cc1OC)C13CCN4CC5=CCOC6CC(=O)N2C1C6C5CC43;C=C(C)C1Cc2c(ccc3c2OC2COc4cc(OC)c(OC)cc4C2C3=O)O1;CC1(C)CC(=O)c2c(O)cc(OCC(=O)Nc3cccc4ncccc34)cc2O1;CNc1nc(C)c(-c2nc(Nc3cccc(S(N)(=O)=O)c3)ncc2F)s1;COc1cc(C=CC=O)cc(OC)c1OC1OC(CO)C(O)C(O)C1O;Cc1ccc(Cl)cc1S(=O)(=O)N(C)C1CN(c2cc3c(nn2)CCC3)C1;Cc1ccccc1NC(=O)c1cnn(-c2ccccc2)c1NC(=O)c1ccccc1;COc1ccc(-c2cc(=O)c3c(OC)c(OC)c(OC)c(OC)c3o2)cc1;O=C(OCC(O)COC1OC(C(=O)O)C(O)C(O)C1O)c1ccccc1;O=C(Cn1cc(-c2ccc(F)cc2)cn1)NCc1cncc(-c2ccsc2)c1;COc1ccc(CCC(=O)O)c(OC2OC(CO)C(O)C(O)C2O)c1;COc1cc(C(=O)C(C)=C(C)C(=O)c2ccc(O)c(OC)c2)ccc1O;COc1ccc(-c2cc(=O)c3c(OC)cc(OC)c(OC)c3o2)cc1OC;CCCCCCCCCCCCCCCCCCCCCCCCCCCC;CC(C)=CCc1c(O)cc2oc3cc(O)c(O)c(CC=C(C)C)c3c(=O)c2c1O;CC(C)=CCc1c(O)cc2oc3cc(O)c(O)c(C=CC(C)C)c3c(=O)c2c1O;COc1cc2c(cc1OC)C1C(=O)c3ccc4c(c3OC1CO2)C=CC(C)(C)O4;O=C(Cn1ncccc1=O)N1CCN(c2ncnc(-c3ccccc3)c2F)CC1
m_f8bf38,COc1ccnc(C(=O)NC(CC2CC2)C(=O)O)c1;O=C1C(=C2C(O)=Nc3ccccc32)Nc2ccccc21;CC(C)=C1CCC23COC(C2)C(O)(C(=O)O)CCC13;Nc1ccccc1C(=O)Oc1ccc2ccccc2c1;O=C1C(c2c(O)[nH]c3ccccc23)=Nc2ccccc21;O=C1N=c2ccccc2=C1c1[nH]c2ccccc2c1O;Cc1ccnc(NS(=O)(=O)c2ccc(N)cc2)n1;O=C(O)CC1COCCN1C(=O)Cc1ccncc1;O=C(O)c1ncoc1C1CCCN(C(=O)C2CC2)C1;O=C1C(=C2Nc3ccccc3C2=O)Nc2ccccc21;N#CC1C(=N)Oc2cc(O)ccc2C1c1ccccc1;N#CC1=C(N)Oc2cc(O)ccc2C1c1ccccc1;Nc1ccc(S(=O)(=O)Nc2ccc(O)cn2)cc1;COc1cccc(C(=O)NC(CC(C)C)C(=O)O)c1;COc1cc(C)c2c(OC)c(C)c(=O)oc2c1OC;CCCCNc1ccc(C(=O)OCCN(C)C)cc1;O=C(O)C(Cc1ccccc1)NC(=O)C1CCCN1;O=C(CCCCCCC(=O)Nc1ccccc1)NO;Cn1ccc(C(=O)N2CCCC(C(=O)O)C2)cc1=O;CC(=O)N(O)CCCCCN1C(=O)CCC1=O;CC(C=CC1(O)C(C)=CC(=O)CC1(C)C)=CC(=O)O;COC(=O)N=NC=C1C=[N+]([O-])c2ccccc2N1O;O=C(Nc1ccc(C(=O)O)cc1)NC1CC1;COC(=O)C(C)NC(=O)c1ccc2[nH]c(=O)[nH]c2n1;CC(=O)N(O)CCCCCn1c(O)ccc1O
m_f8d39e,CCc1ccccc1OCC(O)CNC1CCCc2ccccc21;CN(C(=O)Cn1nnc2c1CCCC2)C1CCCc2ccccc21;CC(C)N1CCC(CNC(=O)c2ccc3c(c2)OCO3)CC1;CCOc1ncccc1CNC(=O)C1(c2ccc(OC)cc2)CC1;COc1ccccc1C(=O)NCc1ccc2c(c1)ncn2C(C)C;Clc1ccc(N2CCN(Cc3c[nH]c4ncccc34)CC2)cc1;CC(O)c1ccc(CNC(=O)N2CCC(c3ccccc3)C2)cc1;CCc1c(C(=O)NNC(=S)NC2CCCCC2)csc1C;COc1cc(C(=O)O)nc(C(=O)NCC2(c3ccccc3)CC2)c1;O=C1NC(Cc2c[nH]c3ccccc23)C(=O)NC1=Cc1cnc[nH]1;Cc1nnccc1NC(=O)N1CCC(CCc2ccccc2)CC1;COCCn1ccc2c(NC(=O)NCc3ccccc3)cccc21;Cc1cc(C(F)(F)F)nc(SCc2nc3ccccc3[nH]2)n1;c1ccn2cc(CN3CCC(COc4cnccn4)CC3)nc2c1;O=C(NCc1cnn2ccccc12)C1(c2cccs2)CCCC1;CC(CN(C)C)NC(=O)c1cccc2[nH]c(-c3ccncc3)nc12;Cc1ccccc1C(=O)N1CCSC(c2ccccc2C)CC1;S=C(NCC1(c2ccccc2)CCOCC1)Nc1ccccc1;COc1cnc(OC2CCN(c3ccc4nccn4n3)CC2)nc1;COc1cc2c(cc1OC)CN(Cc1cn3ccccc3n1)CC2;O=C(Nc1ccc2c(c1)OCO2)C1(c2ccccc2)CCOCC1;CN(C)CCCOC(CCCCc1ccccc1)c1ccccc1;COc1cc(C=CCNC(C(=O)O)C(C)OC(C)=O)ccc1O;O=C(NCc1ccccn1)Nc1nnc(-c2ccco2)o1;Oc1cc2c(cc1O)C1c3ccc(O)c(O)c3OCC1(O)C2
m_f8ef30,CN(CC1(O)CCCC1)C(=O)CCc1cscn1;Cc1cccc(C(C)C)c1NC(=O)c1cnc(N)cn1;CCCCCCCC(O)CC(=O)NC1CCOC1=O;Cc1nc(C)c(C(=O)NC(C)(C(=O)O)C(C)C)s1;CCCCCCCC(=O)C(C)N=C(O)CCC(=O)O;Cn1cnn(CC(=O)NCC2(O)CCCCC2)c1=O;CCC(C)C(NC(=O)c1sc(C)nc1C)C(=O)O;O=C1CN=C(c2ccccc2)c2cc(Cl)ccc2N1;Cc1nc(C(=O)NC2(C(=O)O)CCSC2)cs1;O=C(Nc1ccc(Cl)nc1)c1ccc(F)c(F)c1;COC(O)(CC(C)C)C1Oc2cc(C)[nH]c(=O)c2O1;O=C(NCCN1CCOCC1)c1ccc(Cl)cc1;CC(C)(C)OC(=O)Nc1ccc(S(C)(=N)=O)cc1;CCNC(=O)N1CCCC(c2nc(N(C)C)no2)C1;O=C(O)c1sccc1CN1CCCCCC1CO;O=C(O)Cc1csc(CNC(=O)C2CCCC2)n1;CC(C(=O)O)N1CCN(c2cc(F)ccc2F)CC1;CNCCCCc1cnc(C)c2[nH]c3ccccc3c12;Cc1nc2ccccc2n1Cc1noc(C2(C)CC2)n1;Cc1c(O)cc(CC(O)C(C)C(O)C(C)C)oc1=O;Cc1ncsc1C(=O)NC1(C(=O)O)CCCCC1;Cc1ncsc1C(=O)N1CCC(CC(=O)O)CC1;COc1nscc1CN(C)c1ncncc1Cl;O=C(NCC1(C(=O)O)CCOCC1)c1cscn1;CC(C)(C)OC(=O)N1CCCC(c2n[nH]c(=O)[nH]2)C1
m_fb2bcc,O=C(Nc1cccc(N2CCCC2=O)c1)c1ccc(C(F)(F)F)cc1;CCCn1c(CNc2ccc(Br)cc2)nc2ccccc21;COc1cc(OC)nc(NCc2ccnc(N3CCCC(O)C3)c2)n1;Oc1ccc2c(c1)C13CCCCC1(O)C(C2)N(CC1CC(O)C1)CC3;CCN1C(=O)Cc2cc(NS(=O)(=O)c3c(C)nn(C)c3C)ccc21;O=C(O)C1=CC(O)C(O)C(O)C1;Cn1cc(Oc2ccccc2C(=O)Nc2ccc3c(c2)CC(=O)N3)cn1;CC(c1ccc2nccn2c1)n1nnc2ncc(-c3cnn(C)c3)nc21;Cc1nc2ccccc2nc1N1CCCC(NS(=O)(=O)C2CC2)C1;Cn1cc(-c2ccc(CNC(=O)Cn3cnc4ccccc43)cn2)cn1;CC(C)=CC(=O)OC(C)(C)C1Cc2cc3ccc(=O)oc3cc2O1;Cc1[nH]c2ccc(OC(=O)N3CCOCC3)cc2c1C(=O)OC(C)C;O=C(O)CC(NC(=O)Cn1c(=O)[nH]c2ccccc21)c1cccs1;Cc1cc(Cl)ccc1OCC(=O)NCCc1nc2ccccc2[nH]1;COc1ccc(S(=O)(=O)N(C)Cc2cnn(C)c2)c2ccccc12;C=C1C(=O)OC2C=C(C)CC3C=C(CCC=C(C)CCC12)C(=O)O3;CC1CC2(O)OC(=O)C3=C2C(CCC3)C12CC(c1ccoc1)OC2=O;O=C(Nc1cccc(N2CCCCC2=O)c1)Nc1ccccc1Cl;Cc1cc(F)ccc1S(=O)(=O)NCc1cccnc1-c1ccco1;C=C(C)C(=O)OC1CC2(C)OC(=CC2=O)C(=C)CC2OC(=O)C(=C)C12;COC(=O)C(CC(C)C)NC(=O)N1CCc2c([nH]c3ccccc23)C1;CCC(C(=O)Nc1nc2ccccc2[nH]1)n1cnc2ccccc2c1=O;CCn1cc(NC(=O)Nc2ccc(OC(F)F)cc2)c2ccccc21;CC12Cc3c[nH]nc3C(O)C1CCC1C2CCC2(C)C1CCC2(C)O;CNCc1cc(-c2ccccc2F)n(S(=O)(=O)c2cccnc2)c1
m_fb6996,CC1CCCCC1NC(=O)CSc1nnc(-c2ccccc2)n1N;CCC1(CC)NC(=O)N(CC(=O)N2CCc3ccc(O)cc3C2)C1=O;Cc1cc(N2CCC(NC(=O)Nc3ccc(F)cc3)C2=O)ccc1F;CCCn1nccc1NC(=O)NC1CCCN(c2cc(C)nn2C)C1;Cc1nc2n(n1)CCN(C(=O)NC1CCCOc3cc(F)ccc31)C2;CCc1nc(C2CCN(C(=O)c3ccc(OC)nc3OC)CC2)n[nH]1;Cc1ccc(NC(=O)N2CCn3cccc3C2c2ccccc2)cc1C;CC(C)(NC(=O)OC1CN2CCC1CC2)c1csc(-c2ccc(F)cc2)n1;CC1Cc2c(C(=O)N3CCn4c(Cc5ccccc5)nnc4C3)n[nH]c2C(C)O1;Cc1cc(NC(=O)Nc2ccccc2)ccc1NC(=O)c1ccccc1;Cc1nc(-c2ccn(C)n2)sc1CC(=O)N1CCC(N2CCOCC2)CC1;CC(C)C(=O)N1CCCc2ccc(NC(=O)NCC3CCCO3)cc21;CC(C)CC(C(=O)Nc1ccc(F)c(C(=O)N(C)C)c1)n1cccc1;CCC(CC)n1nccc1C(=O)NC(C(=O)OC)c1cccc(O)c1;COc1ccc2c(c1OC)C(=O)OC2C1c2c(cc3c(c2OC)OCO3)CCN1C;COc1ccc(C)c2sc(N(CCCN(C)C)C(=O)c3cc(C)no3)nc12;O=C(CCCCCCNC(=O)c1cnc(N(c2ccccc2)c2ccccc2)nc1)NO;COCCN1CCC(NC(=O)C(C)(C)c2csc(-c3ccccc3F)n2)C1;Cn1nc2c(cc1=O)CC(NC(=O)CCc1cccc(Cl)c1)CC2;CC(C)(C)c1ccc(C(=O)NCCC(O)c2cccc(Cl)c2)cc1;C#Cc1cccc(Nc2ncnc3cc(OC)c(OCCCCCCC(=O)NO)cc23)c1;NC(=O)c1cccc(C(=O)NC2CCN(C3CCCCC3O)CC2)c1;CCCc1cc(=O)oc2cc(OC(C)C(=O)NC(CC(C)C)C(=O)O)ccc12;O=C(Cc1cc(Cl)cc2c1OCC2)N1CCCC(c2ccn[nH]2)C1;CCOc1ccccc1N1CCN(c2ncncc2-c2nc(-c3cccs3)no2)CC1
m_fbf20a,O=C(Cc1c[nH]c2ccccc12)NC1CN2CCC1CC2;O=C(NCc1ccccn1)Nc1nnc(-c2ccco2)o1;CCCCCCC1OC23OC1CCC2CCC(O)C3O;O=C(NC1CN2CCC1CC2)C1CCNc2ccccc21;COCCN1CC(C(=O)N2CCCNC(=O)C2)CC1=O;COCC1(C)CCCN2CCc3c(oc4ccccc34)C21;O=C(CC1CCCCCC1)N1CCC(O)(C(=O)O)CC1;CCC(CC)OC1C=C(C(=O)O)CC(N)C1NC(C)=O;Cc1cccc(C(=O)NCCc2ccc(C(=O)O)cc2)n1;CC1CN(C2CCCCCCCCCCC2)CC(C)O1;CN1C2CC(OC(=O)C(CO)c3ccccc3)CC1C1OC12;C=C(C(=O)OC1CC2C3OC3C(C1)N2C)c1ccccc1;CN1CCCC2CN(C(=O)c3cccc(C#N)c3)CCC21;COCC(=O)N1CCC(Oc2ccccc2Cl)CC1;CCC1(O)CCN(C(=O)NCc2cccc(Cl)c2)C1;Cc1cccc(C)c1NC(=O)C1CCCCN1C;OC(CCN1CCCCC1)(c1ccccc1)C1CCCCC1;O=C(CCC1CCNC1)Nc1ccc(-n2cccn2)cc1;CN1CCN(C)C(CNS(=O)(=O)c2ccccc2)C1;CCn1nnc(C)c1CNc1cnn(-c2ccccc2)n1;Cc1cc(NC(=O)N2CCCC2c2cccnc2)n(C)n1;CCCCCCCCCCCCCC=CCC(N)CO;COCC(=O)N1CCN(C(=O)C2CCCC(=O)N2)CC1;CCCCCCCC(C)NC(Cc1cnc[nH]1)C(=O)O;CC(C)CC(NC(Cc1cncn1C)C(=O)O)C(=O)O
m_fd4556,CCOc1ccc(C(=O)NCc2nc(OC)nc(N(C)C)n2)cc1;CC(C)(C)c1ccc(OCC(=O)Nc2cccc3ncccc23)cc1;CC(C)(C)c1ccc(OCC(=O)NNC(=O)C2CCCCC2)cc1;CCOc1ccccc1S(=O)(=O)NCCn1ccn2nccc12;Cc1ccc(C(C)C)c(OCC(=O)Nc2cccc3ncccc23)c1;Cc1cccc(CS(=O)(=O)NCc2nn(C)c3c2CCCC3)c1;O=C(Nc1ccc(-c2ccn[nH]2)cc1)c1nccc(C(F)(F)F)n1;CC(C)C(NC(=O)N1CCc2c(ncn(C)c2=O)C1)C(F)(F)F;COc1ccc(CC(C)NCC(O)c2cc(N)cc(CO)c2)cc1;O=C(NCCc1cccc(F)c1F)c1cc(=O)[nH]c2c1CCCC2;CC(C)C1(O)C=C2C(=O)CC3C(C)(C(=O)O)CCCC3(C)C2CC1;O=S(=O)(Nc1cnc(CC2CC2)nc1)c1ccc2c(c1)COC2;O=C(c1ccc(-c2ccccc2)[nH]1)N1CCC(Cc2ncc[nH]2)CC1;CCc1ccccc1S(=O)(=O)N(CC(=O)O)Cc1cccnc1;O=C(NC1CCc2nc[nH]c2C1)c1cc(C2CC2)nc2ccccc12;O=c1c2sccc2n(CC2COc3ccccc3O2)c(=O)n1O;COc1cc(NC(=O)N2CCN(C3CCOCC3)CC2C)ccn1;CN(C)C(=O)N1CCN(C(=O)C2CCn3cncc3C2)C(C)(C)C1;CCCCC1CCC(C(C)OC(=O)c2ccccc2C(=O)O)CC1;C=CC1(C)CC(O)C2(CCC3C(C)(C(=O)O)CCCC3(C)C2=O)C1;COc1ncccc1-c1cnc(N)c(Nc2ccc3[nH]ccc3c2)n1;Cc1ccc(NS(=O)(=O)c2cc3c(=O)n(C)ncn3c2)cc1C;CCC(C)(O)CCC1C(C)(O)CCC2C(C)(C)CCCC21C;CN1CCC2CN(S(=O)(=O)C3=Cc4ccccc4CC3)CC2C1;CC1(C(=O)O)CCCC2(C)C3CCC4CC3(CCC12)CC4C(=O)O
m_fd693e,O=C(O)C1CN(C(=O)CCn2ccnn2)CC1c1ccccc1;COC1(CNC(=O)CCc2c(C)noc2C)CCSCC1;CCN1CCN(c2cc(=O)n(-c3cccc(C)c3)c(=O)[nH]2)CC1;O=C(Cn1ccc2ccccc21)NC1CCC2OCCOC2C1;CC(=O)N(C)CCN(CCN(CCN(CCN(CCN(CCN(CCO)C(C)=O)C(C)=O)C(C)=O)C(C)=O)C(C)=O)C(C)=O;CCCCCC=CC(=O)CCc1ccc(O)c(OC)c1;CCCCCCCC(C)NCCCCC(NC(C)=O)C(=O)O;CCCCC=CCC(=O)CCc1ccc(O)c(OC)c1;Cn1c(=O)[nH]cc(C(=O)N2CC(N)C(c3ccccc3)C2)c1=O;FCCCNCc1cn(-c2ccccc2Br)nn1;Cc1cc(Cl)ccc1OCCCC(=O)NN1CCOCC1;OC(CC#CCN1CCOCC1)(c1ccccc1)C1CCCC1;O=C(C1CCCCC1)N1CC(=O)N2CCc3ccccc3C2C1;CCOc1ccc2ccccc2c1CNCCCN(CC)CC;O=C(CCc1ccc2cc[nH]c2c1)NCc1cccc(Cl)c1;CCCCCCCCC=CC(=O)NC(CCCCN)C(=O)O;CCC(CC)C(=O)Nc1nonc1-c1ccc2c(c1)CCCC2;COc1ccc(-c2cc(=O)c3c(O)c(OC)c(O)cc3o2)cc1;CN(C)CCOC(=O)C(c1ccccc1)C1(O)CCCC1;Cc1ccc(OCc2nc(C#N)c(NCCCN(C)C)o2)cc1;Cc1ccc(OCC(=O)N2CCOCC2)c(Br)c1;CCCCCCCCCCCC(O)CC(=O)NCCCC(=O)O;CON=C(C(=O)OC)c1ccccc1COc1ccccc1C;c1ccc(-c2cc(CN3CCOC4(CCCOC4)C3)[nH]n2)cc1;CC(=O)NC(CC(C)C)c1nc(-c2ccc3[nH]ccc3c2)no1
m_fe6eaa,O=C(CC1CCCC(=O)N1)Nc1nn(CC(F)(F)F)cc1Cl;CCC1=CC2CN3CCc4c([nH]c5ccccc45)C(C(=O)OC)(C2)C13;COc1cc2c(cc1OC)-c1cc3ccc4c(c3c[n+]1CC2)OCO4;COc1c2ccoc2c(OCC(O)C(C)(C)O)c2oc(=O)ccc12;Cc1cc(C(F)(F)F)nc2sc(C(=O)c3ccccc3)c(N)c12;COC(=O)Nc1nc(-c2ccccc2)c(C(=O)c2ccccc2)s1;CC1(C)C=Cc2c(ccc(-c3coc4cc(O)ccc4c3=O)c2O)O1;COc1ccc(C(F)(F)F)cc1NC(=O)c1ccc2nccn2n1;COC(=O)C1CC23C=CCN4CCC5(c6ccccc6NC15C2C)C43;Cc1ccc(NC(=O)CSc2ncn(-c3ccccc3)n2)c(C)c1;Cc1ccc(S(=O)(=O)NC2CN(c3cnccn3)C2)cc1Cl;COc1cccc(S(=O)(=O)N2CC(N)C(c3cn(C)cn3)C2)c1;Cc1ccc(OCc2ccc(C(=O)Nc3ccc(F)cc3)o2)cc1C;CCc1ccccc1NC(=O)Cc1csc(Nc2ccccn2)n1;Nc1nnc(CNC2CC2c2ccc(OCc3ccccc3)cc2)o1;CCCc1cc(-c2nn3c(Cc4ccccc4)nnc3s2)n(C)n1;Cc1cc2ncc(NS(=O)(=O)Cc3cc(F)ccc3F)cn2n1;COC(=O)C1C(=O)C(C(=O)C=Cc2ccco2)C(=O)CC1(C)C;CC(C)=CCc1c(O)cc(O)c2c1OC(c1ccc(O)cc1)CC2=O;CCC12C=CCN3CCC4(C(=C(C(=O)OC)C1)Nc1ccccc14)C32;O=C(c1nnn(Cc2ccccc2)c1-n1cccc1)N1CCOCC1;Cc1[nH]nc(-c2ccc(O)cc2O)c1-c1ccc2c(c1)OCCCO2;COc1cc(C=CC(=O)CC(=O)C=Cc2ccc(O)cc2)ccc1O;CC(Oc1ccccc1)C(=O)NC1CCN(Cc2ccccc2)CC1;NC(=O)C1(O)CCN(C(=O)C2(c3ccc(F)cc3F)CCC2)CC1
m_fe9649,CCC(CC)C(=O)NCCNc1ccc(-n2cccn2)nn1;CN(C)C(=O)Cn1cccc(C(=O)N2CCCC(C3CCC3)C2)c1=O;NC(=O)C1(O)CCN(C(=O)C2(Cc3ccccc3)CC2)CC1;CCOCCn1c(-n2nc(C)c(C)c2C)nc2c1c(=O)[nH]c(=O)n2C;COc1ccc(NC(=O)N2CCc3nc[nH]c3C2)cc1OC;CC(C)NC(=O)C1CCCC(NC(=O)C2C(C)C2(F)F)C1;CC(C)=CCCC(C)=CCCC(C)=CCC12OC1C(O)C(C)=CC2=O;CC(C)c1cc2c(c(O)c1O)C13CCCC(C)(C)C1C(O)C2OC3=O;C=C1CC23CC1(O)CCC2C12CC(O)C(O)C(C)(C(=O)O1)C2C3C(=O)O;COc1c(C(C)C)cc2c(c1O)C1(C(=O)O)CCCC(C)(C)C1CC2;COc1cc(C=C(C)C(C)Cc2ccc(O)c(OC)c2)ccc1O;COCCN1CC(C(=O)Nc2ccc3[nH]ncc3c2)CC1=O;C=C1CC2(C(=O)O)CC1CCC2C1(C)CCCC2(C)C(=O)OC(O)C21;CC(=O)N1CCC(C(=O)NC2CN(c3ccccn3)C2)CC1;OC1C=C2CCN3Cc4cc5c(cc4C(C1O)C23)OCO5;COc1cc(OC)c2c(c1)OC(c1ccc(OC)c(OC)c1)C(O)C2;O=c1ccc2ccc(OC3OC(CO)C(O)C(O)C3O)cc2o1;CC1=CC23C(=O)C(C=C(CO)C(O)C2(O)C1O)C1C(CC3C)C1(C)C;Cc1cccc(S(=O)(=O)NCCCc2cnc3cc(C)nn3c2)c1;COC1=C(NC(CO)CCC(=N)O)CC(O)(CO)CC1=O;Cc1nc(C)nc(N2CC(C)N(c3ccnc(C(C)O)n3)C(C)C2)n1;CC(c1cccc(O)c1)N(C)C(=O)c1cn(C(C)(C)C)nn1;COc1cc(C2OC(c3ccc(O)c(OC)c3)C(C)C2C)ccc1O;CC12CCC(=O)C=C1CCC1C2C(O)CC2(C)C(C(=O)CO)CCC12;O=C(NC(c1cccnc1)C1CCOCC1)c1ccsc1
m_fea652,Cc1c(C(=O)O)cnn1-c1ccc(C(=O)N(C)Cc2ccoc2)cc1;Cc1cccc(OCC2CCCN(c3nc4cccnc4n3C)C2)n1;COC(=O)C1C(=O)C(C(=O)C=Cc2ccco2)C(=O)CC1(C)C;Cc1ccc(C2CC2C(=O)NNC(=S)NCc2ccccc2)cc1;O=C(CCCc1c[nH]c2ccccc12)NCC(=O)NCc1ccco1;Cn1c(SCc2ccc(F)cc2)nnc1-c1c[nH]c2ccccc12;Cn1c2ccccc2c2nnc(SCC(=O)N3CCCCC3)nc21;CCOc1ccc2nc(Nc3nc(=O)c(CC)c(C)[nH]3)nc(C)c2c1;CN(CC1(O)CCCC1)C(=O)c1nn(-c2ccccc2)c2c1CCC2;COc1cc(C)cc(CNC(=O)C2Cc3ccccc3N2C(C)=O)c1;CC(=O)OCC12C(C=C(C)C(=O)C1O)OC1C(O)CC2(C)C12CO2;CC(C)=CC1C(C(=O)OCc2coc(Cc3ccccc3)c2)C1(C)C;CC(=O)OC1CC2(C)C3(CO3)C1OC1C=C(C)C(=O)C(O)C12CO;Cc1ccc(OC2CCN(C(=O)Cc3noc4ccccc34)C2)nn1;CC(C)=CCc1cc(C(=O)O)cc(CCC(C)C(=O)C=CC(C)(C)O)c1O;CC(NCCCC1(C#N)CCOCC1)c1ccc(-n2cncn2)cc1;Cc1ccc(C)c(C(=O)CSc2nnc(-c3ccccc3C)o2)c1;Cc1cc(C(=O)N(Cc2cc(C3CC3)n(C)n2)Cc2ccco2)no1;COc1ccc2c3c([nH]c2c1)C1CC2C(=CCO)CN1C1C3OCC21;CCCCC=CCCCCCCCCC(=O)NC(C(=O)O)C(C)C;Cc1noc(C)c1CC(=O)NCC(O)c1ccc(-n2cccn2)cc1;C#CC1(O)CCC2C3CCC4=Cc5oncc5CC4(C)C3CCC21C;COc1cccc(-c2cc(C(=O)Nc3cnn(CC(N)=O)c3)[nH]n2)c1;COc1cc(C=CC(=O)CCCCc2ccccc2)cc(OC)c1O;Cc1ccc2c(c1)CCC2NS(=O)(=O)c1cnc2onc(C)c2c1
m_feb5c1,O=C(O)c1cc(OC2OC(CO)C(O)C(O)C2O)c2ccccc2c1O;Cc1cccc2oc(=O)cc(OC3OC(CO)C(O)C(O)C3O)c12;COC(=O)c1cccc(Oc2ncnc3sc(-c4ccccc4)cc23)c1;CN1CCN(c2c(F)cc3c(=O)c(C(=O)O)cn4c3c2SCC4)CC1;CC(C)(C)C1CCN(c2ncc(S(N)(=O)=O)cc2C(F)(F)F)CC1;N#Cc1cnc(N2CC(n3nc(-c4ccccc4)ccc3=O)C2)c(Cl)c1;COc1ccc(OC)c(S(=O)(=O)NC(Cc2ccccc2)C(=O)O)c1;CCN1C=C(C(=O)OCc2c(C)noc2C)C(C)=NS1(=O)=O;CC(C)CC(=O)Nc1n[nH]c2c1CN(C(=O)C1CCN(C)CC1)C2(C)C;Cc1ccccc1N1C(=O)c2cc(S(N)(=O)=O)c(Cl)cc2NC1C;O=C(c1cccc(C(F)(F)F)c1)N1CC2CC(C1)c1cccc(=O)n1C2;COc1ccc(F)cc1-c1cc(NC(=O)C2CCCNC2)ncc1Cl;O=C(O)C=Cc1ccc(OC2OC(CO)C(O)C(O)C2O)cc1;COc1ccccc1-n1cc(S(=O)(=O)N2CC3(CCCCC3)C2)cn1;O=C(NC1CCOC2(CCCCC2)C1)c1cccnc1-n1cccn1;CC(C)CN1CC2=C(C1=O)C(c1ccc(Br)cc1)NC(=O)N2;O=C(O)C=Cc1ccccc1OC1OC(CO)C(O)C(O)C1O;CCC1C(COc2nccc3cc(C(N)=O)c(OC)cc23)NC(=O)C1F;O=C(Cc1ccccc1Cl)Nc1ccc(-c2ccc3nncn3n2)cc1;COc1cc(C=CCO)ccc1OC1OC(CO)C(O)C(O)C1O;COc1ccc(-c2cc(=O)c3c(OC)cc(OC)c(OC)c3o2)cc1;Cc1nc(N2CCC(O)C2)ncc1-c1cc(C(F)(F)F)cc2[nH]ncc12;CS(=O)(=O)N1CCC(C(=O)NCC(c2ccco2)c2ccco2)CC1;COc1ccc(S(=O)(=O)NC2(C)CCOC2C2CC2)c2ccccc12;CN(Cc1cccc(O)c1)C(=O)C1CC1c1ccccc1OC(F)(F)F
m_ff32bb,CCn1cc(C(=O)Nc2ccc(-n3ccnn3)cc2)cn1;O=C(NCC(O)c1ccc(-c2cccs2)o1)c1ccco1;O=C(O)CC1CCCN(S(=O)(=O)c2ccccc2)C1;O=C(NC1(C(=O)O)CCCC1)c1cccc(F)c1Cl;O=C(NC1(c2ncccn2)CCOCC1)c1ccncc1;CCc1nn(C)cc1NS(=O)(=O)c1c(C)cnn1C;Cc1nc(C2CCCN(c3cc(C(C)C)ncn3)C2)n[nH]1;Cc1cc(C(=O)N2CCCC2Cc2ccccc2)n(C)n1;COc1ccc(S(=O)(=O)NCc2ocnc2C)cc1;CC(C)n1nccc1C(=O)N1CCCC1c1cccnc1;CC(C)Cn1cc(C(=O)N2CC3(C2)CC(F)(F)C3)cn1;COc1cc(OC)c2c(=O)cc(-c3ccccc3)oc2c1;COc1ccccc1S(=O)(=O)NC(=O)C1CC1(C)C;CCCCCCCCCCC(=O)NC(CC(C)C)C(=O)O;O=C(O)c1cccnc1Nc1cccc(C(F)(F)F)c1;Cc1[nH]ncc1CN(C)c1nc(C2CC2)nc2c1CCC2;Cn1ccc(CNC(=O)N2C3CCC2c2ccccc23)n1;COc1cc2c(cc1O)OC(c1ccccc1)C(O)C2=O;COc1cc2c(cc1O)OC(c1ccccc1)C(=O)C2O;CC(C)CC(=O)OC1C(=O)C(CO)=CC(O)C1C(C)C;Oc1ccc2c(c1)OCC1c3cc4c(cc3OC21)OCO4;CC(C)NCC(O)COc1ccc(C(O)C(N)=O)cc1;CC(N=C(NC#N)Nc1ccncc1)C(C)(C)C;Cc1cc(O)cc(OC2OC(CO)C(O)C(O)C2O)c1;Cc1cc(C(=O)NCC2(C(=O)O)CCOCC2)c(C)o1
m_ff4ed5,C=CC1OCCC1NC(=O)Nc1nc2ccc3scnc3c2s1;O=S(=O)(NC1CC(Cn2cccn2)C1)c1cnc2ccsc2c1;C=C(CO)C(=O)OC1CC(C)=CCCC(CO)=CC2OC(=O)C(=C)C21;Cc1ccc2c(Cl)c(C(=O)Nc3ccc(C(N)=O)cc3)sc2c1;CC(=O)c1c(C)cc(OC2OC(CO)C(O)C(O)C2O)cc1O;CC(C)c1cc2c(c(O)c1O)C13CCCC(C)(C)C1C(OC3=O)C2O;Cc1nn(-c2ccccc2)c2[nH]cc(C(=O)NCc3ccco3)c(=O)c12;CC(C)CN1CCN(C(=O)c2n[nH]nc2Nc2ccccc2F)CC1;COc1c(O)c(OC)c2oc(-c3ccc(O)c(O)c3)cc(=O)c2c1O;CCCN(CCC)c1c([N+](=O)[O-])cc(S(N)(=O)=O)cc1[N+](=O)[O-];CCN(C(=O)c1cccc(Nc2nccs2)c1)C1CC(=O)NC1=O;CC(C)CNC(=O)N1CCN(c2ccnc(C(F)(F)F)c2)C(=O)C1;COC(=O)c1cc(O)cc(OC)c1Oc1cc(C)cc(O)c1C(=O)O;COC(=O)c1cc(OC)cc(O)c1Oc1cc(C)cc(O)c1C(=O)O;COC1C=CC(C)(O)C=CC(=O)OC(C)C(C)CCC=C1C;Cc1ccc(-c2csc(SCC(=O)Nc3nccs3)n2)cc1;O=C(Nc1nc2ccc3scnc3c2s1)C1OCC2CCCC21;COc1ccc2[nH]c([S+]([O-])Cc3ncc(C)c(OC)c3C)nc2n1;CC(C)=CCc1c(O)cc(O)c2c1OC(c1ccccc1)CC2=O;C=C(C)C1Cc2c(ccc3c2OCC(c2ccc(O)cc2O)C3)O1;COC(=O)C12CCCC(C)(C)C1CCc1cc(C(C)C)c(O)c(O)c12;C=C1CC23CC1(O)CCC2C12C=CC(O)C(C)(C(=O)O1)C2C3C(=O)O;C=CC(C)(O)CCC1C(C)(O)CCC2C(C)(C)CCCC21C;CC(C)=CCc1c(O)ccc(C(=O)C=Cc2ccc(O)cc2)c1O;COc1cc(NC(=O)c2cccnc2)ccc1NC(=O)C(C)C
m_ff5db9,Cc1cc(O)c(C(C)C)cc1OC1OC(CO)C(O)C(O)C1O;Cc1ccc(C(C)C)c(OCC(=O)NN=C2CC(=O)CC(C)(C)C2)c1;O=S(=O)(NCC1CCC(c2ncn[nH]2)O1)c1ccc(F)cc1F;O=C(C=CCCc1ccc(O)c(O)c1)CCc1ccc(O)c(O)c1;Fc1ccc(OCC2CCN(Cc3ccc4c(c3)OCCO4)C2)nc1;COc1ccc(CC(C)NCC(O)c2ccc(O)c(NC=O)c2)cc1;CC12Cc3c(n[nH]c3O)CC1CCC1C2CCC2(C)C1CCC2(C)O;CC(=O)C1(O)CCC2C3CC(C)C4=CC(=O)CCC4(C)C3CCC21C;CC(C)c1cccc(OCC(=O)N2CCC(c3nncn3C)CC2)c1;CC(C)c1ccc(CO)cc1OC1OC(CO)C(O)C(O)C1O;CC=CC(=O)OC1C=CC(O)C(OC(C)=O)CCC(=O)OC1C;O=S(=O)(Nc1cccc2c1OCCC2)c1ccc2c(c1)CCCO2;CC(=O)C1(O)CCC2C3CC(C)=C4CC(=O)CCC4(C)C3CCC21C;Cc1ccc(=O)n(CC2CN(C(=O)C(C)Oc3ccccc3F)C2)n1;CSc1ccc(CCC(=O)N2CCCC(c3cnn(C)c3)C2)cc1;Cn1nc(CNC(=O)C2(c3cccs3)CCCC2)c2c1CCCC2;Cc1cccc(CC(=O)N2CCN(CC(O)c3cccs3)CC2)c1;CCOc1ccccc1C(=O)N1CCC(Oc2cc(C)oc(=O)c2)C1;Cc1c(C(C)NC(=O)NC2CCN(S(C)(=O)=O)CC2)cnn1C;COc1ccc2[nH]c([S+]([O-])Cc3ncc(C)c(OC)c3C)nc2c1;CCc1ccc(S(=O)(=O)N2CCN(CC(O)C3CC3)CC2)s1;Cc1ccccc1OCC(=O)N1CCN(CC(O)c2ccco2)CC1;O=c1ccc(C2CC2)nn1CC1CCN(c2ccncc2Cl)CC1;Cn1cc(-c2noc(C3(Cc4ccc(F)cc4)CC3)n2)c(=O)[nH]c1=O;CCC(CC)n1nccc1C(=O)NC(C(=O)OC)c1cccc(O)c1
m_ff7740,Cc1c(Cl)c(CN2CCC(NC(=O)c3ccccc3)CC2)nn1C;Cc1ccc(NC(=O)CCSc2ccc(Cl)cc2)cc1;CC(C)C(Nc1nc2c(cnn2C)c(=O)[nH]1)c1ccc(Cl)cc1F;Cc1nn(C)cc1C(=O)Nc1ccn(Cc2c(F)cccc2Cl)n1;O=C(Cc1c(F)cccc1Cl)Nn1nnnc1Nc1ccccc1;Cc1cc(NC(=O)Cc2ccc(F)c(Cl)c2)n(C2CCCCC2)n1;Cc1cc(C(F)(F)F)nn1CC(=O)NCc1cccs1;CCOc1cccc(C=NNC(=O)COc2ccc3ccccc3c2)c1;CN1C(=O)CCc2cc(NC(=O)Cc3c(F)cccc3Cl)ccc21;Cc1ccc(C(=O)C(C)OC(=O)c2ccc(Br)cn2)cc1;Cc1csc(CCNC(=O)CC(c2ccsc2)n2cccc2)n1;COc1cc(S(=O)(=O)N(C)C2CCCCC2)c(OC)cc1Cl;O=C(NCC(c1ccsc1)n1cccn1)Nc1ccccc1Cl;Cn1nccc1-c1ccc(CNC(=O)Cc2c(F)cccc2Cl)o1;Cc1ccc(N2CCC(NS(=O)(=O)c3cccc(F)c3)C2=O)cc1;Cc1cccc(OCCCSCc2nc3ccccc3[nH]2)c1;CCOC(=O)c1cnn(-c2nc(OC)cc(OC)n2)c1C(F)(F)F;O=S(=O)(NC1CCCN(Cc2c(F)cccc2Cl)C1)C1CC1;O=C(CCc1ccc(O)cc1)CC(O)CCc1ccc(O)c(O)c1;CNC(=O)C1CCCCN1C(=O)c1cccc(-c2ncn[nH]2)c1;Cc1c(O)ccc2c1OCC(c1ccc(O)cc1)C2c1ccc(O)cc1;Cc1cnc(NC(=O)C2=C(O)c3ccccc3S(=O)(=O)N2C)s1;Clc1ccccc1C(c1ccccc1)(c1ccccc1)n1ccnc1;CCc1nsc(N2CCN(C(=O)Nc3cn(C)nc3CC)CC2)n1;CCCN(CCC)c1c([N+](=O)[O-])cc(C(F)(F)F)c(N)c1[N+](=O)[O-]
m_ff926d,OC1C=C2CCN3Cc4cc5c(cc4C(C1O)C23)OCO5;Cc1cc(=O)oc2c(CN3CCCCC3C)c(O)ccc12;O=c1cc(-c2ccc(O)c(O)c2)oc2cc(O)cc(O)c12;CC1CC2(C)C(CCC3C4CCC(=O)C4(C)CCC32)CC1O;COc1cccc2c1CCC(NCCc1cccs1)C2;CC1CC2CC(O)CCC2(C)C2CCC3(C)C(CCC3(C)O)C12;CC1CC(O)CC2CCC3C4CCC(=O)C4(C)CCC3C12C;CC1CC(=O)CC2CCC3C4CCC(O)C4(C)CCC3C12C;Cc1cc(=O)c(OCC(=O)NCCNc2ncccn2)co1;C=CCc1ccc(O)c(-c2ccc(O)c(CC=C)c2)c1;CC1=CC2CC(=O)CCC2C2CCC3(C)C(=O)CCC3C12;CC12CCC3C(CCC4CC(=O)C=CC43C)C1CCC2=O;c1ccc(CN(Cc2ccccc2)Cc2ccccc2)cc1;CCOC1Oc2ccc(OS(C)(=O)=O)cc2C1(C)C;C=C1CC(O)CC2CCC3C4CCC(=O)C4(C)CCC3C12C;OC1C(c2ccccc2)CCC(c2ccccc2)C1O;NC1CN(Cc2ccccc2)CC1c1ccc(Cl)cc1;CC12C=CC(=O)CC1CCC1C2CCC2(C)C1CCC2(C)O;CCC1(O)CCC2C3CCC4CC(O)CCC4C3CCC21CC;CC12C=CC(O)CC1CCC1C2CCC2(C)C1CCC2(C)O;CCC12CN3CC(CC)(CN(C1)C3c1ccccc1)C2=O;COc1cccc(OC)c1CCC(=O)c1ccc(O)cc1;CC1(C)OC1COc1c2ccoc2cc2oc(=O)ccc12;O=C(C=Cc1ccc(O)cc1)OCC1CCN2CCCC12;CC(C=CC=C(C)C=CC1=C(C)CCCC1(C)C)=CC=O
