molecule_id,smiles
m_005e53,Cc1cccc(CC(=O)N2CCC(Oc3ncccc3Br)C2)c1;Cc1nn(CC(O)COc2ccc3ccccc3c2)c(C)c1Br;Cc1ncccc1CN1CC(C(=O)O)C(c2ccc(Br)cc2)C1;O=C(O)c1cccnc1CN1CCC(c2ccccc2Br)CC1;CC1CC(c2ccc(Br)cc2)CN1Cc1ncccc1C(=O)O;O=C1C=CC=C2[C@H]3C[C@@H](CN(CC4=CC(Br)=CC=C4O)C3)CN21;Cc1ccc(CN2CC(C(=O)O)C(c3ccc(Br)cc3)C2)nc1;Cc1ccc(CN2CC(C(=O)O)C(c3ccc(Br)cc3)C2)cn1;COC(=O)CC(C1=CC=C(O)C=C1)C1=C(O)N=C2C=CC(Cl)=CN2C1=O;COC(=O)CC(C1=CC=CC(O)=C1)C1=C(O)N=C2C=CC(Cl)=CN2C1=O;COc1ccccc1-n1nnnc1S(=O)(=O)Cc1ccc(C(=O)O)cc1;CCN1C(O)=C(/C(C)=N\C2=CC(Cl)=CC=C2Cl)C(=O)C2=CC=CC=C21;Cc1cncc(CN2CC(C(=O)O)C(c3ccc(Br)cc3)C2)c1;COc1ccc(-n2nnnc2S(=O)(=O)Cc2cccc(C(=O)O)c2)cc1;Cc1nc(C2CC2)oc1C(=O)N1CCCc2c(Br)cccc2C1;CN(Cc1ncccc1C(=O)O)CC1(c2ccc(Br)cc2)CC1;O=C(c1cc[nH]c(=O)c1)N1CCCCC1Cc1cccc(Br)c1;O=C1C(C2NCCC3=C2NC2=CC=C(Cl)C=C32)=C(O)N=C2SCCN21;COCc1nc2n(n1)CCCC2NS(=O)(=O)c1c(F)cccc1Cl;CNC(=O)c1ccc(NS(=O)(=O)c2ccc3[nH]c(=O)c(=O)[nH]c3c2)cc1;COCc1nc2n(n1)CCCC2NS(=O)(=O)c1cccc(Cl)c1F;COC(=O)C1CC2=C(NC3=CC=CC=C23)C(C2=CC=C(Cl)C=C2Cl)N1;O=C(Cn1ccc2ccc(Cl)cc21)N1CCC(C(=O)O)(C(F)(F)F)C1;CC(=O)N1CCC(NC(=O)CSCc2ccc(Cl)cc2Cl)CC1;CC(NC(=O)c1ccc2c(c1)C(C)(C)CO2)c1ccc(Br)cn1
m_006153,COc1cc(OC)nc(N2CCN(c3nc4ccccc4o3)CC2)n1;COc1cn(CC(=O)NCCc2nnc3ccccn23)c(C)cc1=O;CN1C(=O)NC(=O)C2=C1N=C(N1CCOCC1)N2CC1=CC=CC=C1;COc1ccc(N2CC(C(=O)N3CCCn4ncnc43)CC2=O)cc1;Cc1noc(C2CN(C(=O)COc3ccccc3C#N)CCN2C)n1;CN(C)C1=NC2=C(C(=O)N(C)C(=O)N2C)N1CC(=O)C1=CC=CC=C1;CCn1nc(C)cc1-c1nc(CC(=O)Nc2ccccc2OC)no1;CCOc1cc(C#N)ccc1OCC(=O)N1CCn2c(C)nnc2C1;Cc1nnc(CNC(=O)c2ccc3c(c2)N(C)C(=O)CO3)n1C1CC1;CN(CC1=CC=CC=C1)C(=O)CN1C=NC2=C1C(=O)N(C)C(=O)N2C;CC1=CC=CC(C)=C1NC(=O)CN1C=NC2=C1C(=O)N(C)C(=O)N2C;COc1cc(Cl)ccc1CNC(=O)N(C)CCN1CCOCC1;CCC1=CC=CC=C1NC(=O)CN1C=NC2=C1C(=O)N(C)C(=O)N2C;COc1cc(-c2noc(C3OCCC3Cn3cccn3)n2)cnc1C;C[C@@H](NC(=O)CN1C=NC2=C1C(=O)N(C)C(=O)N2C)C1=CC=CC=C1;CC1=CC(C)=CC(NC(=O)CN2C=NC3=C2C(=O)N(C)C(=O)N3C)=C1;COc1ccc(Cn2nnc(C(=O)NCc3cc(C)on3)c2C)cc1;CC1=CC=C(NC(=O)CN2C=NC3=C2C(=O)N(C)C(=O)N3C)C=C1C;Cn1nccc1C1OCCC1NC(=O)Cn1c(=O)[nH]c2ccccc21;CCCn1c(C(=O)Nc2cccnc2)cc2c(=O)n(C)c(=O)n(C)c21;CCn1cnnc1C1CN(C(=O)COc2ccc(C#N)cc2)CCO1;COc1ccnc(N2CCN(C(=O)C(=O)Nc3cccnc3)CC2)c1;COC1=CC=NC(N2C[C@@H]3OCC(=O)N(CC4=CC=CC=N4)[C@@H]3C2)=N1;CC1=CC=C(C)C(NC(=O)CN2C=NC3=C2C(=O)N(C)C(=O)N3C)=C1;CC1=CC=CC(NC(=O)CN2C=NC3=C2C(=O)N(C)C(=O)N3C)=C1C
m_00b5aa,CCOc1ccc(CN2CCN(C(CC)C(=O)O)CC2)cc1;COc1nc(C)cc(C)c1CNC(=O)CC1(O)CCCCC1;CCNC(=O)CCN1CCc2cc(OC)c(OC)cc2CC1;COc1cccc(OC(C)CNC(=O)N2C(C)CCC2C)c1;COc1ccccc1C(C)CC(=O)NC(C)C(=O)NC(C)C;CCCOc1ccc(CNC(=O)N(C)C2CCOC2)c(C)c1;COc1ccc(C(=O)NC(C)CCN2CCOCC2)c(C)c1;COc1ccc(CCN2CCC(N(C)CC(=O)O)CC2)cc1;COc1cccc(C(C)N2CCN(CCCC(=O)O)CC2)c1;COc1ccc(CNC(=O)C(C)N2CC(C)OC(C)C2)cc1;COc1cc(CNC(C)C)ccc1OCC(=O)N1CCCC1;COc1ccc(C(C)(C)CNC(=O)N2CCCC2)cc1OC;COc1ccccc1NC(=O)CNC1CC(C)(C)OC1(C)C;CC(=O)Nc1ccc(OCC(O)CN2CCC(C)CC2)cc1;CCCOc1ccc(CNC(=O)N2CCCC2CO)c(C)c1;CCOc1ccc(CC(CNC(=O)C(C)(C)C)C(N)=O)cc1;COc1cccc(CNC2CC2)c1OCC(=O)NC(C)(C)C;COc1c(C)cnc(CN(C)C(=O)C2CCCOC2C)c1C;COc1cc(C)ccc1OCCC(=O)N1CCC(N)CC1C;COc1cc(CCC(=O)N2CCC(N)CC2C)cc(OC)c1;CC(C)(C)C(=O)NC1=CC=CC(OCCN2CCOCC2)=C1;Cc1cnccc1OCC1CCN(C(=O)OC(C)(C)C)CC1;CCOc1ccc(CCNC(=O)N2CC(O)CCC2C)cc1;COCCN1CCC(NC(=O)Cc2cccc(OC)c2)CC1;COc1cc(CNC2CCCCCC2)ccc1OCC(N)=O
m_01e922,COc1ccc(C(=O)NCC2(CO)CC2)c(C)c1;COc1cccc(C(=O)NC2CCCC2CO)c1;COc1ccccc1CC(=O)NC1CCC(O)C1;COC1=CC(C(=O)C[C@H]2CCCCN2)=CC=C1O;COc1ccc(CNC(=O)C2CCC2)cc1OC;COc1ccc(CNC2(C(=O)O)CCCC2)cc1;COc1ccc(C=CC(=O)OCC(C)(C)N)cc1;COC1=CC=C(C(=O)C[C@H]2CCCN2)C=C1OC;COc1cccc(C(=O)NCC(OC)C2CC2)c1;COC1=CC(C(=O)C[C@@H]2CCCN2C)=CC=C1O;COc1cccc(C(=O)NC2COCC2(C)C)c1;CN(C)C(=O)c1ccc(OC2CCOCC2)cc1;COc1cc(OC)cc(C2CCN(C(C)=O)C2)c1;CCN(CC)C1=CC=C(/C=C(\C)C(=O)O)C(O)=C1;CC(=O)N[C@H]1[C@H](O)[C@H](O)C[C@@H]1C1=CC=CC=C1C;Cc1cc(O)ccc1C(=O)NC1CCCC1CO;Cc1cccc(NC(=O)CC2(O)CCCC2)c1O;COc1ccc2c(c1)CCCC2CNC(=O)CO;CC(C)=CCC1=CC(C[C@H](N)C(=O)O)=CC=C1O;CCC=CCCCNc1cc(C(=O)O)ccc1O;COC[C@@H]1CCCN1C(=O)C1=CC=CC=C1OC;Cc1ccc(C(=O)OCC2CCCCC2)c(=O)[nH]1;CCC(=O)Nc1ccc(C)c(OC2CCOC2)c1;COc1ccc(CCN2CCCC2C(=O)O)cc1;COC1=CC=C(C(=O)CCN2CCOCC2)C=C1
m_0259d4,CN1C(=O)NC(=O)C2=C1N=C(N1CCCCC1)N2CC1=CC=CC=C1;Cn1ccnc1C1CCN(c2nc3ccccc3c(=O)n2CCO)C1;CCOc1ccccc1N1CCN(c2ncnc3onc(C)c23)CC1;CN1C(=O)C2=C(N=C3N(CCCC4=CC=CC=C4)CCN32)N(C)C1=O;O=c1c2ccccc2nc(N2CCC(c3ncc[nH]3)CC2)n1CCO;COc1cc(C(=O)Nc2nc3ccccc3n2CCC(C)C)ncn1;Cc1ccc(CC(=O)N2CCN(C(=O)c3nccnc3N)CC2)cc1;CCn1c(C(=O)N2CCC(c3nc(=O)[nH][nH]3)CC2)cc2ccccc21;CCc1cc(C(=O)N2CCC(n3c(=O)[nH]c4ccccc43)CC2)[nH]n1;Cc1cccc(CNC(=O)CCc2c(C)nc3cc(O)nn3c2C)n1;CNC(=O)c1ccc(NC2CCCN(Cc3ccccc3)C2=O)nn1;CCc1ccccc1N1CC(C(=O)N2CCCn3ncnc32)CC1=O;Cn1c(=O)c2[nH]c(N3CCCC(c4ccccc4)C3)nc2n(C)c1=O;CN1C=CN=C1CN1C[C@H]2CN(C(=O)C3=CC=CC=C3)CCN2C1=O;COc1c(C(=O)NC(C)CNc2ccccc2)cnc2c1cnn2C;CCOC(=O)c1c(N(C)CCn2cnnc2)nc2ccccc2c1C;COc1ccc2[nH]c(C(=O)N3CCC(c4nncn4C)CC3)cc2c1;CCOC(=O)C1CCN(c2nn3c(C)nnc3c3ccccc23)CC1;Cc1c(CC(=O)N2CCCC3C(=O)NCC32)nnn1-c1ccccc1;Cc1nc(C#N)c(N2CCN(C(=O)CN(C)c3ccccc3)CC2)o1;Cc1nc2ccccc2n1CC(=O)NC1CCOC1c1ccnn1C;CN1C=C(C(=O)N2CCCC2)C(O)=C1C1=NC2=CC(N)=CC=C2N1C;CC(C)CNC(=O)CCc1nc2c(cnn2-c2ccccc2)c(=O)[nH]1;CC(C)c1nnc2n1CCN(C(=O)CN1Cc3ccccc3C1=O)C2;COc1ccn2c(C(=O)N3CCC(n4ccc(C)n4)CC3)cnc2c1
m_02d188,COC(=O)CC(C1=CC=CC=C1)C1=C(O)C=C(C)N(CC(=O)O)C1=O;Cc1cc(=O)c(C(=O)N2CCN(Cc3cccc(Cl)c3)CC2)c[nH]1;Cn1nc2c(cc1=O)CN(C(=O)CCCc1ccccc1Cl)CC2;COc1cc(C(=O)Nc2nc3ccccc3n2-c2ccccc2)ncn1;Cc1oc(C(=O)N2CCOCC2C(=O)O)cc1COc1ccccc1;O=C(NCc1ccccc1)N1CCC(Oc2ncccc2Cl)CC1;CC(C(=O)NCCc1ccc(Cl)cc1)n1nc2c(cc1=O)CCC2;CC(Cc1cccc(Cl)c1)C(=O)N1CCc2nn(C)c(=O)cc2C1;O=C(COc1ccccc1)N1CCCN(c2ncccc2Cl)CC1;O=C(NCCn1nnc2ccccc2c1=O)c1ccc2ncccc2c1;CC1=CN2C(=O)C3=CC=CC=C3N=C2N=C1NC1=CC=CC=C1C(N)=O;COc1ccccc1CC1CCCN1c1ncc(C(N)=O)cc1Cl;Cc1cc(Cl)c(C(=O)NCCC(=O)NCc2ccccn2)cc1C;COc1ccc(-n2c(NC(=O)c3ccncn3)nc3ccccc32)cc1;Cc1cccc(Cl)c1C(=O)NCc1cccc(N2CCOCC2)n1;Cc1ccc(CN2CCC(NC(=O)c3ncc(F)cc3F)C2=O)cc1;CC1=C(CC(=O)N2CCC(C(=O)O)CC2)C(=O)OC2=CC(O)=CC=C12;COc1ccccc1N1CCC(CNC(=O)c2ccncc2Cl)C1;O=C(NCc1cccnc1Oc1ccccc1)c1cnn2cccnc12;CC1=C(O)C=CC2=C1OC(=O)C=C2CC(=O)N1CCC(C(=O)O)CC1;CC1=CC(=O)OC2=CC(OCC(=O)N3CCC(C(=O)O)CC3)=CC=C12;Cn1nc2c(cc1=O)CC(NC(=O)CCc1cccc(Cl)c1)CC2;O=C(Nc1cnn(Cc2ccncc2)c1)c1cc(O)nc2ccccc12;Cc1nc(N2CCOCC2)ccc1NC(=O)Cc1ccccc1Cl;COC1=CC2=C(C=C1OC)CN(C(=O)C1=CC(=O)C(OC)=CO1)CC2
m_0318b5,Cc1cc(C)n(-c2ccc(C(=O)N3CCN(c4ccccc4F)CC3)cc2)n1;COCCc1cc(NC(=O)N2CCCC(c3cc(F)ccc3F)C2)n(C)n1;O=C(Nc1ccc(F)cc1)C(c1ccccc1)N1CCC(n2cccn2)CC1;Cc1nc(CN2CCN(c3ccc(C(=O)Nc4ccccc4)nn3)CC2)n[nH]1;COc1c(F)cc(CN2CCC(CNC(=O)c3cnn(C)c3)CC2)cc1F;O=C(Nc1ccc(F)cc1)C(c1ccccc1)N1CCC(c2ccn[nH]2)CC1;Cc1c(C(C)NC(=O)N2CCC(Oc3ccc(F)cc3F)CC2)cnn1C;Cc1cccc(CC2(O)CCN(C(=O)Nc3cnn(C)c3C(F)F)CC2)c1;CC(NC(=O)CNC(=O)C1CCCCC1)c1nc2ccccc2n1C(F)F;Cc1ccc(N2CCCC(NC(=O)Cn3nnc(-c4ccccc4)n3)C2)nn1;Cc1nn(C)cc1C(C)NC(=O)N1CCC(Oc2ccc(F)cc2F)CC1;CN(C)c1ncc(NC(=O)NC2CCc3nnc(-c4ccccc4)n3C2)cn1;COC1(C(=O)Nc2cccc(Nc3cnn(C)c3)c2)CCC(C(F)F)CC1;Cn1cc(CC2CCN(CC(=O)NCc3ccc(OC(F)F)cc3)C2)cn1;COc1cc(C(=O)N(C)CC2CC(F)CN2c2ccnc(N(C)C)n2)on1;Cc1ccc(-c2nnn(CC(=O)NC3CCCN(c4cccnn4)C3)n2)cc1;CCN1CCN(CCNC(=O)C2CCN(c3cccc(Cl)c3)C2=O)CC1;CC(C)Cn1ncc(NC(=O)N2Cc3ccccc3OC(C)C2)c1C(F)F;CCNC(=O)N1CCC(NC2CCCN(c3ccccc3Cl)C2=O)CC1;Cc1ccc(CC(=O)N2CCCCC2c2ncc(-c3cccc(F)c3)[nH]2)cn1;CC(=O)N(CC(=O)O)CC1CN(C(=O)c2ccnn2C2CCCC2)CCO1;CC(C)(C)C1=CC=NC(N[C@H]2CO[C@H]3[C@@H]2OC[C@@H]3NC(=O)CCC(=O)O)=N1;CC(C)Cc1noc(CNc2cc(Cl)ccc2N2CCC(CO)CC2)n1;CC(C)(C)c1noc(CNc2cc(Cl)ccc2N2CCC(CO)CC2)n1;CCNC(=O)NC1=CC=C([C@H]2OCC(=O)N(CC(=O)N(C)C)[C@@H]2CO)C=C1
m_043e86,NC1=NC2=C(NC(C(O)C(O)CO)C(O)N2O)C(=O)N1;NCC1CCCN1C(=O)c1cnc(-c2ncccn2)s1;O=C(NCC1CNCCO1)c1cncc(C(F)(F)F)c1;NC1CCN(C(=O)Cn2cccc(C(F)(F)F)c2=O)C1;O=C(O)C(CNC(=O)C1CCCS1(=O)=O)CC1CC1;O=C(NCc1cccc(C(F)(F)F)n1)NC1CC1CO;O=C(O)C1CCN(C(=O)CS(=O)(=O)C2CCCC2)C1;CN(CC(=O)NC(=O)NCC(F)(F)F)c1ccccc1;O=C(NCC(F)(F)F)c1cccnc1N1CCOCC1;NC(=O)C1(O)CCCN(c2cc(C(F)(F)F)ccn2)C1;OC(CNc1ncc(Cl)cc1F)CN1CCOCC1;COC1CC(C(N)=O)N(c2cccc(C(F)(F)F)n2)C1;COC1CC(C(N)=O)N(c2ccc(C(F)(F)F)cn2)C1;O=C(CSCc1nnnn1-c1ccccc1)NC1CC1;CC(C)NC(=O)CNC(=O)c1cccnc1C(F)(F)F;COC1CC(C(N)=O)N(c2cc(C(F)(F)F)ccn2)C1;Cc1cc(C(F)(F)F)nc(NC2CCCC2C(=O)O)n1;CC1(C)C(=O)NCCN1C(=O)c1c[nH]c(C(F)(F)F)c1;Cc1nc(-c2ccnc(NC(=O)CC3CSC3)c2)n[nH]1;CN(C)C(=O)NCCNC(=O)c1cc(F)c(F)cc1F;COc1cc(C(F)(F)F)ncc1NC(=O)NCC1CC1;C=CCn1c(N)nnc1SCC(=O)Nc1ccccc1;Cc1nc(NC2CCCC2C(=O)O)cc(C(F)(F)F)n1;Cc1nc(N2CCCC(C(=O)O)C2)cc(C(F)(F)F)n1;CC1(C)C(C(F)(F)F)CCN1C(=O)c1ccc(=O)[nH]n1
m_050bf1,O=C(CC(c1ccccc1)c1ccccc1)N1CC(O)CC1CO;COC1CC(CO)N(C(=O)Cc2ccc(-c3ccccc3)cc2)C1;CC1(c2ccccc2)CN(C(=O)C(CO)c2ccccc2)CCO1;Cc1cccc(-c2cccc(C(=O)N3CC(CO)C(CO)C3)c2)c1;COCCOC[C@]1(CNC(=O)C2=CN=CC=N2)C[C@@H](O)[C@@H](O)C1;CC(=O)N1C[C@@H]2COCCN2C2(C1)CN(C(=O)CCC(=O)O)C2;CCCc1noc(CCCC(=O)N2CCOC(CC(=O)O)C2)n1;Cc1ccc(C(CC(=O)N2CCOCC2)c2ccccc2)c(O)c1;O=C(O)c1ccccc1CN1CCC(c2ccccc2)C(CO)C1;O=C(O)C(CCN1CCOCC1)(c1ccccc1)c1ccccc1;COC(=O)CN1C(=O)[C@@H]2C[C@@H](O)CN2C2(CN(C(C)C)C2)C1=O;O=C(N[C@H](CO)C1=CC=CC=C1)C1(C2=CC=CC=C2)CCOCC1;CC(C)(C)c1noc(CCC(=O)N2CCOC(CC(=O)O)C2)n1;COCC1(O)CCN(C(=O)C(C)(C)Oc2ccc(F)cc2)CC1;COCc1ccc(C(=O)N2CCC(c3ccc(O)cc3)CC2)cc1;CCCCCCCCCCNC(COP(=O)(O)O)C(=O)O;O=C(O)c1cccc(CN2CCC(c3ccccc3)C(CO)C2)c1;Cc1ccc(-c2ccc(OCC(=O)NCC3CCCO3)cc2)cc1;Cc1ccc(CN(CCO)C(=O)C2OCCc3ccccc32)cc1;CC(NC(=O)C1COCCO1)C(c1ccccc1)c1ccccc1;O=C(NCC(Cc1ccccc1)c1ccccc1)C1COCCO1;O=C(CC1=CC=CC=C1)C1=CC=C(O)C(CN2CCCCC2)=C1O;CCN1CCN(C(=O)COCc2ocnc2C(=O)OC)C(C)C1;O=C(COC(c1ccccc1)c1ccccc1)NCC1CCCO1;COc1ccc(F)cc1C(=O)NCC(C)(C)C1(O)CCOCC1
m_05b52e,Cc1nn(-c2ccccc2)c(C)c1NC(=O)c1ccc(Cl)cc1F;CCn1ccnc1-c1cccc(NC(=O)c2cccc(Cl)c2F)c1;C[S+]([O-])c1ccc(NC(=O)c2ccn(-c3ccccc3F)n2)cc1;COc1cccc(-c2nsc(NC(=O)c3ccc(F)cc3C)n2)c1;COc1ccc(CNC(=O)c2ccccc2OC(F)(F)F)c(F)c1;CC(CC(=O)O)OC(=O)c1ccc2noc(-c3ccc(F)cc3)c2c1;C[S+]([O-])c1ccc(C(=O)N2Cc3ccccc3CC2C(=O)O)cc1;CCOC(=O)c1cc2ccccc2n1S(=O)(=O)c1ccc(C)cc1;COc1ccc(Cl)cc1C(=O)Nc1ccc(-n2cnnn2)c(C)c1;COc1ccc(Cl)cc1CC(=O)Nc1cccc(-n2cnnn2)c1;O=C(NCCc1cnn(-c2ccccc2)c1)c1cc(Cl)ccc1F;Cc1c(C(=O)Nc2ccc(F)cc2)sc2nc3n(c(=O)c12)CCC3;COc1ccc(Cl)cc1-c1cc(NC(=O)c2ccnc(C)n2)[nH]n1;COc1ccc(Cl)cc1CNC(=O)c1ccnc(-n2cncn2)c1;CCS(=O)(=O)CCn1ccc(NC(=O)c2cc(F)ccc2F)n1;Cc1nc(-c2ccc(NC(=O)c3ccc(=O)n(C)c3)cc2Cl)n[nH]1;O=C(O)CNC(=O)c1ccc(N=Nc2ccc(O)c(C(=O)O)c2)cc1;O=C(COc1ccc(Cl)cc1)NCc1nnnn1-c1ccccc1;CS(=O)(=O)c1ccc(F)c(NC(=O)CC2(C(=O)O)CCCC2)c1;CN(C)C(=O)CS(=O)(=O)Cc1ccn(-c2ccc(F)cc2F)n1;CN(Cc1cnn(C)c1)C(=O)CS(=O)(=O)c1ccc(F)c(F)c1;O=C(OC1=CC=C2C(=O)/C(=C/C3=CC=NC=C3)OC2=C1)C1=CC=CC=C1;CSc1ccccc1NC(=O)CN(C)c1nc2ccccc2s1;CCc1noc(C[S+]([O-])C(C)C(=O)Nc2c(F)cccc2F)n1;CCN(CC)C(=O)OC1=CC=C2C(=O)/C(=C/C3=CC=CS3)OC2=C1
m_068354,CCOc1ccc(CNC(=O)c2cnc(C(C)C)nc2C)cc1;CC(C)c1ccccc1OCCNC(=O)NCc1cccnc1;COc1ccccc1C(C)(C)NC(=O)NCCc1cccnc1;COc1ccc(CNC(=O)NC(c2ccccc2)C(C)C)cn1;CCOc1ncccc1CN(C)C(=O)NCCc1ccccc1;CCOc1cccc(CC(=O)NC(C)CNc2ccccc2)n1;COc1ccc(C(=O)N2CCN(Cc3cccn3C)CC2)cc1;Cc1cc(C(=O)N2CCC(COc3ccccc3)CC2)n(C)n1;CCOc1ccccc1C(C)NC(=O)c1cnn2c1CCCC2;COc1ccc(CCNc2nc(C)nc3c2CCC3)cc1OC;COc1ccccc1CCC(=O)N1CCCCC1c1ncc[nH]1;COc1cccc2c(N3CCCC(CC(N)=O)C3)c(C)cnc12;CCOc1cc(C)ccc1CNC(=O)c1cnn2c1CCCC2;CCOc1ccccc1CCC(=O)NC1CCc2nccn2C1;CCOc1ccccc1C1CCN(C(=O)c2cc(C)n[nH]2)CC1;CCN(CC)CCC1=NC=C(OC)C2=C1NC1=C(O)C=CC=C12;CCCOc1nc2ccccc2cc1C(=O)N1CCCNCC1;CNCC1CCCN(C(=O)c2c(O)nc3ccccc3c2C)C1;CCc1cc(C(=O)N2CCC(COc3ccccc3)CC2)[nH]n1;COc1ccccc1CC1CCN(C(=O)c2cn[nH]c2C)CC1;COc1ccc(C2(C(=O)NCc3cc[nH]n3)CCCCC2)cc1;CCOC(=O)c1nc2ccccc2nc1NC1CCC(C)CC1;COc1ccc(CNc2ccnc(C)n2)c(OC2CCCC2)c1;Cc1cc(CCNC(=O)C2CCCc3[nH]ncc32)cc(C)c1O;COC1CC(C(=O)NCCc2cnc3ccccc3c2)N(C)C1
m_06e13d,C[C@H]1CCC/C=C/C(=O)C2=C(O)C(Cl)=C(O)C(Cl)=C2CC(=O)O1;N#Cc1ccc(S(=O)(=O)NCC2(C(=O)O)CCOCC2)c(Cl)c1;O=C(NCC1CCOC1c1ncn[nH]1)c1cc(F)c(Cl)cc1Cl;NC(=O)C1CCS(=O)(=O)C12CN(C(=O)c1ccc(Cl)c(O)c1)C2;CC1(C2CC2)CN(C(=O)NCc2ccc(Br)s2)CCO1;O=C(O)CC(NC(=O)c1cnc(-c2ccsc2)s1)c1ccccc1;O=C(c1cc(Br)c[nH]1)N(CC1CCCO1)C1CCSC1;O=C1/C(=C/C2=C(F)C=CC=C2Cl)OC2=CC(OC(=O)C3CC3)=CC=C12;O=C(O)c1ccc(S(=O)(=O)N2CC(=O)N(CC3CC3)C2)c(Cl)c1;O=C(O)c1ccc(S(=O)(=O)N2CC(=O)N(CC3CC3)C2)cc1Cl;NC(=O)CN1C(=O)[C@@H]2CN(S(=O)(=O)C3=CC=CS3)CCN2C1=O;Cc1c(C(=O)O)cc(Cl)cc1S(=O)(=O)N1CC(=O)N(C2CC2)C1;O=C(c1csc(-c2cccc(Cl)c2)n1)N1CCOC(C(F)F)C1;Cc1ccc(Br)cc1C(=O)NCCNc1ccc(C#N)cn1;CCc1onc(C)c1NS(=O)(=O)c1cc(Cl)cc(C(=O)O)c1C;CCc1onc(C)c1NS(=O)(=O)c1cc(Cl)c(C)c(C(=O)O)c1;Cc1cc(CN(C)S(=O)(=O)c2cc(Cl)cc(C(=O)O)c2C)no1;OCC1=NN=C2CN=C(C3=CC=CC=C3Cl)C3=CC(Cl)=CC=C3N12;NNS(=O)(=O)c1ccc(Oc2ccc(S(=O)(=O)NN)cc2)cc1;Brc1ccccc1Cc1noc(C2CCc3cn[nH]c3C2)n1;CCc1nnc(NC(=O)CN(C)Cc2ccc(Cl)cc2Cl)s1;Cc1noc2ncnc(N3CC(Cc4ccccc4Br)C3)c12;O=C(NN=Cc1cn[nH]c1-c1ccccc1)c1ccc(Cl)cc1Cl;O=C(c1cnn(-c2ccc(Cl)cc2Cl)c1)N1CCc2cnccc21;Fc1ccccc1-c1nnc(SCc2coc(-c3cccs3)n2)[nH]1
m_06f339,Cc1cc(C(=O)NC2CCN(CC(F)F)CC2)nn1-c1ccccc1;CC(C)c1nc(N2CCN(C(=O)Cn3cccn3)CC2)[nH]c(=O)c1F;Cc1ccccc1C1CCN(C(=O)Nc2ccn(CC(F)F)n2)CC1;Cc1cc(C(=O)NC2CCCN(Cc3c(F)cccc3F)C2)n(C)n1;CCn1cnnc1C1CCN(C(=O)CCc2cccc(F)c2F)CC1;Cn1nccc1NC(=O)N1CCC(CCc2ccc(F)cc2F)CC1;Cc1ccccc1CN1CCC(NC(=O)c2cc(C(F)F)[nH]n2)CC1;CC1CN(CCNC(=O)Nc2ccn(-c3ncccc3F)n2)CCO1;Cc1ccccc1-n1cc(C(=O)NC2CCN(CC(F)F)CC2)cn1;CN(C(=O)c1ccnn1CC(F)F)C1CCCN(c2ccccc2)C1;Cn1nccc1C(=O)N1CCN(c2ccnc(-c3ccccc3)n2)CC1;CC(NC1CCCN(Cc2ccc(F)cc2F)C1=O)c1ccnn1C;CC(CNC(=O)N1CCC(c2ccn[nH]2)CC1)c1ccc(F)cc1F;CC(C(=O)NC1CCCN(Cc2c(F)cccc2F)C1)n1ccnc1;CN1C(=O)CCC(NCCc2ccc(F)cc2F)C1c1ccnn1C;CCn1cc(CNC2CCCN(Cc3ccc(F)cc3F)C2=O)cn1;Cc1noc(C)c1CN1CC(F)CC1CNC(=O)c1nccnc1N;Cn1cc(C(=O)N2CCN(c3cnccn3)CC2)c(-c2ccccc2)n1;CC(C)c1nc(N2CCN(C(=O)c3cn(C)cn3)CC2)[nH]c(=O)c1F;Cc1[nH]ncc1C(=O)N1CCN(c2ccnc(-c3ccccc3)n2)CC1;CC(CNC(=O)N1CCC(c2c[nH]cn2)CC1)c1ccc(F)cc1F;CC(C)CCn1ccc(NC(=O)N2CCC(O)(C(F)(F)F)CC2)n1;CN(CC1CCCCC1O)C(=O)NCc1cn(C)nc1C(F)(F)F;Cc1nn(CC(F)(F)F)c(C)c1C(C)NC(=O)N1CCCC(O)C1;Cc1nccn1CC(C)CNC(=O)N1CCC(O)(C(F)(F)F)CC1
m_070985,O=C(O)CCNC(=O)c1ncccc1OCC(F)(F)F;COC(=O)c1ccnc(NC(=O)c2ccc(F)c(F)c2)c1;COC(=O)c1ccnc(NC(=O)c2cc(F)cc(F)c2)c1;CC(CNC(=O)c1ccc2ccc(Cl)cc2n1)C(=O)O;COc1ccc(NC(=O)c2ccncc2Cl)cc1CO;Cc1ccc(C(=O)Nc2ccc(Cl)c(C(=O)O)c2)n1C;O=C(NCCc1ccc(O)c(O)c1)c1ccc(Cl)cn1;Cc1ocnc1C(=O)N1CC(C)Oc2c(Cl)cccc21;Cc1ccc(C(=O)O)cc1NC(=O)c1cc(Cl)cn1C;COc1ccc(NC(=O)c2ccc(O)c(Cl)c2)c(C)n1;COc1cccc(C(=O)Nc2cc(Cl)c(=O)n(C)c2)c1;CCc1cc(C(=O)Nc2ccc(Cl)cc2O)cc(=O)[nH]1;CC(=O)Nc1ccc(S(=O)(=O)Nc2ncccn2)cc1;Cc1oncc1NC(=O)C1COc2ccc(Cl)cc2C1;Cc1nc(C)c(C(=O)N2CCOc3ccc(Cl)cc32)o1;O=C(CCSc1ccccn1)Nc1cc(F)ccc1O;O=C(CCSc1ccccn1)Nc1ccc(O)cc1F;O=C(CCSc1ccccn1)Nc1c(O)cccc1F;O=C(NC(Cc1ccccc1)C(=O)O)c1cc(Cl)c[nH]1;O=C(O)C[C@@H]1NC(=O)N(CC2=CC=C3OCOC3=C2)C1=O;Cn1c(C(=O)NC2(C(=O)O)CC2)c(Cl)c2ccccc21;COc1cc(C(=O)N2CCCc3cccc(Cl)c32)on1;O=C(O)CC(NC(=O)c1cc(C2CC2)on1)C(F)(F)F;COC1=CC2=C(C=C1OC)C1=CC(Cl)=NC(=O)N1CC2;CC1(C)OC(=O)C(=NNC2=CC=C(C(=O)O)C=C2)C(=O)O1
m_074e83,CC1CCN(CC2CCCN(C(=O)CNC(=O)COc3ccccc3)C2)CC1;COC1=CC=C(CCN2C(=O)C[C@H]3[C@H](CNC(=O)NC(C)C)[C@@H](C)C[C@H]32)C=C1;CC1CN(CCCNC(=O)C2CC(=O)N(CCc3ccccc3)C2)CC(C)O1;CNC(=O)[C@@H](C1=CC=C(OC)C=C1)N1CCC[C@H]1C(=O)NCC1CCCCC1;COCCC(=O)N1CCC(NC(=O)C2CCN(Cc3ccccc3)CC2)CC1;CCCC(=O)N1CCCC1C(=O)N1CCCN(Cc2ccc(OC)cc2)CC1;CCOc1ccccc1OC1CCN(C(=O)NC2CCN(C3CC3)CC2)CC1;COC1=CC=C(C(=O)NCCC2CCN(C(=O)NC3CCCCC3)CC2)C=C1;COc1ccccc1C(CNC(=O)C1(C2(O)CNC2)CCC1)N1CCCCC1;COCCNC(=O)C[C@@H]1C[C@@H](C(C)C)[C@H](CNC(=O)C2=CC=NC=C2)C=C1C;CCCNC(=O)N1CC[C@@](C)(O)[C@@H](NC(=O)C2CCCC2)[C@@H]1C1=CC=CC=C1;CC(=O)NCC1CCN(CC2CCN(C(=O)OCc3ccccc3)CC2)CC1;COc1ccccc1C(CNC(=O)N1CCC(O)CC12CC2)N1CCCCC1;CC[C@@H]1CN(C(=O)C2=CC=CC=C2)CC[C@H]1CC(=O)NCCN1CCOCC1;COCCNC(=O)C[C@@H]1C[C@@H](C(C)C)[C@H](CNC(=O)C2=CC=CN=C2)C=C1C;CCCCNC(=O)c1ccccc1NC(=O)C1CCN(C(=O)C(C)(C)C)CC1;CCCNC(=O)C1(NC(=O)C2CN(Cc3ccccc3)CCO2)CCCCC1;CC1=CC=C([C@H](CCN[C@H](C)C2=CC=CC=C2)C2=CC=C(OC(C)C)C=C2)C=C1;COc1ccccc1C(CNC(=O)N1CCOCC1C1CCC1)N1CCCC1;COC1=CC=C([C@H]2C[C@H](NC(=O)C(C)C)C[C@@H]2C(=O)N2CCN(C)CC2)C=C1;CC(C)(C)C1CCC(O)(CNC(=O)C2CCCN2C(=O)c2ccccn2)CC1;CCOc1ccccc1C(=O)N1CCCC1C(=O)N1CCC(CN(C)CC)C1;CC=Cc1ccc(OCC(=O)N2CCN(C3CCCN(C)C3)CC2)c(OC)c1;CC[C@H]1CN(CC2=CC=NC=C2)CC[C@H]1CC(=O)N1CCC(C(=O)OC)CC1;COc1cccc2c1CCN(C(=O)C1CCCN(C(=O)NCC(C)C)C1)CC2
m_089267,CCC(C)[C@H](NC(=O)C1CCN(C(=O)[C@@H]2CCCN2)CC1)C(=O)O.Cl;CNC(=O)NC(=O)CN(CC(=O)NC(=O)NC)CC1(c2ccccc2)CC1;COCCN1C=C(CC(=O)NCCC2=CNC3=CC=CC=C23)C2=CC=CC=C21;O=C(CCC(=O)N1CCC2=C(C1)C1=CC=CC=C1N2)NCCC1=CC=CC=C1;COC1=CC=C([C@H]2CN3[C@@H](N[C@H]4[C@@H]3C(=O)N(C)C(=O)N4C)N2CCO)C=C1;CC(C)C1(O)CN(C(=O)CCC(=O)Nc2ccc3c(n2)n(C)c(=O)n3C)C1;CN(C)CC1=CN(C[C@H]2O[C@@H](CC(=O)NC3=CC=CC=C3)[C@H](O)[C@@H]2O)N=N1;COCCN1C=C(CC(=O)NCCN2C=CC3=CC=CC=C32)C2=CC=CC=C21;COc1ccccc1C(NC(=O)NCCN1CCOCC1)c1noc(C)n1;CC(=O)N1CCN(C(=O)C2=CC=CN2C)C[C@H]1C(=O)N[C@H]1CCCNC1=O;O=C(Cn1ccc(=O)c2ccccc21)NC1CCN(Cc2ccccc2)CC1;COc1ccc(NC(=O)C2CCNC(=O)C2)c(N2CCN(C(C)=O)CC2)n1;COc1cccc2ccn(CCC(=O)NCCc3cn(C)c4ccccc34)c12;O=C(NCCC1=CNC2=CC=CC=C12)C1CC(=O)N(CCC2=CC=CC=C2)C1;COCC1=CN(C[C@H]2OC[C@H](O)[C@H]2NCC2=CC=C(NC(C)=O)C=C2)N=N1;O=C(NCC1CN(Cc2ccccc2)CCCO1)c1ccnc2ccccc12;NC(=O)c1cn(CC(=O)NC2CCCCC2c2ccccc2)c2ccccc12;COC1=CC=C2C(=C1)C=CN2CCC(=O)NCCC1=CN(C)C2=CC=CC=C12;Cc1ccc(CN2CCC(NC(=O)Cc3c[nH]c4c(C)cccc34)C2=O)cc1;N=C(NCCCCC(N)C(=O)O)NC(Cc1c[nH]c2ccccc12)C(=O)O;O=C(C[C@@H]1CCNC[C@@H]1CC1=NOC(C2=CC=CC=C2)=C1)NC1=CC=CC=C1;COc1cc2nc(N3CCN(C(=O)CC(C)O)CC3)nc(N)c2cc1OC;COCCN1C=C(CCCC(=O)NC2=CC=CC3=C2C=CN3)C2=CC=CC=C21;CC(=O)/C=C(\C)NC(CC1=CNC2=CC=CC=C12)C(=O)NCC1=CC=CC=C1;CCCC/C(C)=C/[C@@H]1C=CC2=CC(=O)C[C@H]2[C@@H]1C(=O)SCCNC(C)=O
m_08d7f1,CC1=CC(O)=C2C(=O)C3=C(O)C(Cl)=C(O)C=C3CC2=C1;CC1=CC(O)=C(Cl)C2=C1C(=O)C1=C(O)C=CC=C1[C@H]2O;O=C(O)C1=CC2=C(C(=O)O1)C1=CC(O)=C(O)C=C1C(=O)O2;COC(=O)C1=CC=CC=C1OC(=O)C1=CC=CC=C1Cl;O=c1c(O)c(-c2ccc(F)cc2)oc2cc(Cl)ccc12;COC(=O)C1=CC=C(OC(=O)C2=CC=CC=C2Cl)C=C1;O=C1/C(=C/C2=C(F)C=CC=C2Cl)OC2=CC(O)=CC=C12;COC1=CC(C=O)=CC=C1OC(=O)C1=CC=CC=C1Cl;OC1=CC=C(C2=CC=C3C(O)=CC(O)=CC3=[O+]2)C=C1.[Cl-];COC1=CC(C=O)=CC=C1OC(=O)C1=CC=C(Cl)C=C1;O=C(O)C1=CC=C2C(=C1)C(O)=C[N+]1=C2SC=C1C(=O)O;NC1=CC(Cl)=CC(Cl)=C1C1=NC2=CC=CC=C2C1=O;CC(=O)O.N=C(N)N/N=C/C1=C(Cl)C=CC=C1Cl;CC1=CC2=C(C(=O)O1)C(C1=CC=C(Cl)C=C1)CC(=O)O2;CC1=CC=CC=[N+]1CC(=O)C1=CC=C(Br)C=C1;CC1(C)OC2=CC=C3C=CC(=O)OC3=C2C(C=O)=C1Cl;ClC1=CC=CC=C1C1=NN=C(C2=CC=CC=C2Cl)O1;CC1=CC=C(C(=O)/C=C/C2=CC=C(Cl)C=C2Cl)C=C1;C#CCC(O)(C1=CC=CC=C1)C1=CC=C(Cl)C=C1Cl;O=C(O)CC1=CC2=CC3=C(C=C2O1)OC/C(=C/Cl)C=C3;N=C1C=CN(CC(=O)C2=CC=C(Br)C=C2)C=C1;CC1=CC=[N+](CC(=O)C2=CC=C(Br)C=C2)C=C1;OC1=NN=C(C(F)(F)F)/C1=N/NC1=CC=C(Cl)C=C1;ClC1=CC=CC(C2=NN=C(C3=CC=CC(Cl)=C3)O2)=C1;CC1=CC=C[N+](CC(=O)C2=CC=C(Br)C=C2)=C1
m_0a8bf5,O=C(NCC(=O)N1CCC2=C(C1)C1=CC=CC=C1N2)C1=CC=CC=C1;O=C(Cc1nc2ccc(-c3ccccc3)cc2c(=O)[nH]1)N1CCCC1;NC(=O)C1c2ccccc2CCN1C(=O)Cc1c[nH]c2ccccc12;O=C(Cc1c[nH]c2ccccc12)NC1CCN(c2ccccc2)C1=O;CCn1c(SCC(=O)NC2CCC(O)CC2)nc2ccccc21;O=C(O)C(Cc1c[nH]c2ccccc12)NCc1c[nH]c2ccccc12;O=C(c1cccc2cccnc12)N1CCN(c2ccccc2O)CC1;O=C(CN1CC2=CC=CC=C2C1=O)NCCC1=CNC2=CC=CC=C12;O=C(c1c[nH]nc1-c1ccccc1)N1CCOC(c2ccccc2)C1;O=C(NC[C@H]1CN2C(C3=CC=CC=C3)=CN=C2CO1)C1=CC=CC=C1;O=C(C1=CC=CC=C1)N1CC[C@H](C2=NN=C(CC3=CC=CC=C3)O2)C1;O=C(NC[C@H]1CN2C=C(C3=CC=CC=C3)N=C2CO1)C1=CC=CC=C1;Cc1ocnc1C(=O)N1CCN(Cc2ccccc2)c2ccccc21;CCN(C(=O)c1nn(-c2ccccc2)c(=O)c2ccccc12)C1CC1;COc1ccc(CC(=O)N2CC(c3cnc4ccccc4n3)C2)cc1;Cc1cccc2c(=O)n(CC(=O)N3CCc4ccccc4C3)cnc12;CC1=NC2=CC=CC=C2C(=O)N1CCNC(=O)/C=C/C1=CC=CC=C1;O=C(c1cccc(-n2nccc2-c2ccccc2)c1)N1CCOCC1;Cn1nc(C(=O)N(Cc2ccccc2)Cc2ccccc2)ccc1=O;COc1ccc(C(=O)N(CCc2ccccc2)c2ccccc2)nn1;CC(NC(=O)Cn1cnc(-c2ccccc2)cc1=O)c1ccccc1;CCn1c(SCC(=O)NC2(C)CCCOC2)nc2ccccc21;CCCCn1c(=O)c(-c2nc3ccccc3[nH]2)c(O)c2ccccc21;O=C(NCC(=O)N1CCCc2ccccc21)c1cc2ccccn2c1;N#Cc1ccc(C(=O)NCC(=O)N2CCCC2c2ccccc2)cc1
m_0af51a,CCOC(=O)c1cnc(SC)nc1Sc1nc2ccccc2o1;Cc1oc(-c2ccccc2)nc1CS(=O)(=O)c1ccccc1Cl;N#CCCn1cnc2c(cnn2Cc2ccc(Cl)cc2Cl)c1=O;Cc1oc(-c2ccccc2)nc1CS(=O)(=O)c1cccc(Cl)c1;O=C(O)CSCC(=O)Nc1ccc(-c2cn3ccsc3n2)cc1;COc1cccc(-c2nc(SC)nc3sc(C(=O)O)c(N)c23)c1;COC1=CC2=C(C=C1OC)C(C)=[N+](C)CC2.[I-];O=C(NCc1cccc(-n2cncn2)c1)c1c(Cl)cncc1Cl;COc1ccc(Br)cc1CNc1ccc2nnc(C)n2n1;N#Cc1ccc(N2CCC(O)(Cn3ccnn3)C2)c(Br)c1;O=c1c(Cl)c(NCc2ccccn2)cnn1-c1cccc(Cl)n1;Cc1cc(NC(=O)Cn2nc(C)c(C#N)c2N)ccc1Br;O=C(c1cnccn1)N1CCN(c2ccc(Br)cn2)CC1;Cc1nscc1C(=O)Nc1nc2cc3c(cc2s1)OCCCO3;COc1cc(Nc2nc(C)nc3c2cnn3C)ccc1Br;O=C(O)COc1cccc(C=C(Cl)c2nc3cc(F)ccc3o2)c1;NC(=O)CN(c1nc2ccccc2s1)S(=O)(=O)c1ccccc1;Cc1ccc(-n2nccc2NC(=O)c2cc(Cl)ccc2Cl)nn1;Cc1ccc(-n2nccc2NC(=O)c2ccc(Cl)cc2Cl)nn1;C#CC(C)(CC)NC(=O)c1ccc(-n2cc(Br)cn2)nn1;CC1CCN(C(=O)CCS(C)(=O)=O)c2cc(Cl)ccc2S1;Cc1cc(-c2ccc(CNc3nnnn3C)o2)ccc1Br;O=C(NCc1ncc[nH]1)c1ccc(S(=O)(=O)c2ccccc2)s1;O=C(O)C1CC2CCC1N2S(=O)(=O)Cc1c(F)cccc1Cl;Cn1nnnc1Sc1ccc(Cl)cc1NC(=O)c1cnccn1
m_0c4e10,Cc1cc(CCNC(=O)N2CCC(N3CCOCC3)C2)cc(C)c1O;CC(C)(O)CN1CCN(C(=O)c2ccccc2N2CCOCC2)CC1;CCOc1ccc(C(=O)NC2CCN(CCN3CCOCC3)C2)cc1;CC1CN(C(=O)NCc2ccccc2CN2CCOCC2)CC(C)O1;COC(CNC(=O)N1CCN(C2CCOCC2)CC1)c1ccccc1;COc1ccccc1C(CNC(=O)N1CCOCC1C)N1CCCC1;CC(=O)NC(C(=O)N(C)Cc1ccccc1N1CCOCC1)C(C)C;CC[C@@H]1CN(C(=O)NC2=CC=CC=C2)[C@H](CO)[C@@H]1CN1CCOCC1;COC1(CNC2CCCN(c3ccccc3C(N)=O)C2)CCOCC1;COc1ccccc1N1CCC(NC(=O)N2CCCC(CO)C2)CC1;NC(=O)CC1(O)CCCN(Cc2ccc(CN3CCOCC3)cc2)C1;COc1ccccc1NCC(=O)N1CCC(N2CCOC(C)C2)CC1;CC(O)CN1CCN(C(C)C(=O)NC2CCOc3ccccc32)CC1;NC(=O)CC1(O)CCCN(Cc2cccc(CN3CCOCC3)c2)C1;CC(C)(CNC(=O)CN1CC(O)Cc2ccccc21)N1CCOCC1;Cc1ccc(CNC(=O)NC2CCC3(CCOCC3)CC2)c(=O)n1C;COCC1(C(=O)N(C)Cc2ccccc2N2CCOCC2)CCCN1;COc1ncc(C)cc1NC(=O)N1CCC(OCC2CCCC2)CC1;COc1cccc(N2CCCC(NC(=O)N3CCC(C)C3CO)C2)c1;COc1ccc(CN2CCN(C(=O)NC3CCCCC3)CC2)cc1O;Cc1ccc(OCC(O)CN2CCC(N3CCNC3=O)CC2)c(C)c1;COc1ccc(C2CC2NC(=O)NCC(C)(C)N2CCOCC2)cc1;CN1CCN(C[C@@H]2OC[C@H](NC(=O)CCC3=CC=CC=C3)[C@H]2O)CC1;CC(C)C1CN(CC(=O)Nc2ccc3c(c2)OCCCO3)CCN1C;CCOc1cccc(CC(=O)N2CCN(C3CCOCC3)CC2C)n1
m_0cc9ea,O=C(O)CCN(CC1CCCO1)C(=O)c1c[nH]c(=O)c(Br)c1;CCCOc1nc2ccc(I)cc2c(=O)n1CCC;O=C(O)C1Cn2c(n[nH]c2=O)CN1S(=O)(=O)Cc1ccccc1Cl;CN(C)CCN(CC(=O)O)C(=O)c1cc(Br)c2c(c1)OCO2;COc1ncccc1NC(=O)c1cnn(-c2cccc(Br)c2)c1;O=c1c2cnn(-c3ccccc3)c2nnn1Cc1ncc(Cl)cc1Cl;O=C(c1ccc2nc[nH]c2n1)N1CCOc2ccc(Br)cc2C1;Cc1ccc(NC(=O)c2ccc3c(c2)C(=O)N(C)C3=O)c(Br)c1;NC(=O)Cc1ccccc1NC(=O)c1cc2cccc(Br)c2o1;CC(=O)O[C@H]1N=C(C2=CC=CC=C2)C2=CC(Br)=CC=C2NC1=O;C[N+](C)(C)[C@@H](CC1=CNC2=C(I)C=CC=C12)C(=O)[O-];O=C(NCCO)c1ccc(Cl)c(S(=O)(=O)Nc2ccc(F)cc2)c1;NC1=NN=C(SCC(=O)N2C3=CC=CC=C3SC3=CC=CC=C32)S1;O=C1/C(=C/C2=CC=CC([N+](=O)[O-])=C2O)SC(=S)N1CC1=CC=CC=C1;CC1=C(C(=O)OC(C)C)C(c2ccc(Br)s2)NC(=O)N1C;CCS(=O)(=O)Nc1ccc(NC(=O)c2ccc(Cl)cc2Cl)cc1;CS(=O)(=O)Nc1ccc(C(=O)NCc2ccc(Cl)cc2Cl)cc1;Cc1cc(Br)ccc1S(=O)(=O)N1CCN(C(=O)C2CC2)C1;COC1=CC=C(C2=NC=NC=C2OC2=CC=CC=C2Br)C(O)=C1;COC(=O)C(C)(C)NC(=O)c1csc(-c2ccc(Cl)cc2Cl)n1;CCCOc1ccc(Br)cc1S(=O)(=O)n1nc(C)cc1C;COC1=CC([C@@H]([C@@H](CO)S(=O)(=O)O)S(=O)(=O)O)=CC(OC)=C1O;Cc1cc(Cl)c(C)c(S(=O)(=O)Nc2ccccc2C(N)=O)c1Cl;CC1=CC(C)=C(C#N)C(SCC2=CC(=O)OC3=CC(O)=C(Cl)C=C23)=N1;COC1=CC(O)=CC(C)=C1C(=O)C1=C(O)C(Cl)=C(OC)C(Cl)=C1O
m_0d08be,Cc1ccc(C(=O)N2CCC(N3C(=O)CNC3=O)CC2)cc1F;Cc1noc(C2CCN(C(C(=O)O)c3ccccc3F)CC2)n1;Cc1cc(F)ccc1-n1cc(O)c(C(=O)NCC2(O)CCC2)n1;Cn1nc(C(=O)NC2CCOCC2O)cc1-c1ccc(F)cc1;CCC1CN(C(=O)Cn2cnc3ccc(F)cc3c2=O)CCO1;CCn1cc(C(=O)O)c(=O)c2cc(F)c(N3CCNCC3)cc21;Cc1nn(CCC(=O)O)c(C)c1NC(=O)Cc1cccc(F)c1;O=C1CCN(CC(=O)N2CCC(c3ccc(F)cc3)C2)C(=O)N1;Cn1ccnc1C1OCCC1NC(=O)COc1ccccc1F;CC1(CNC(=O)c2nn(-c3ccccc3F)cc2O)CCCO1;O=C(NC1(CO)CCOCC1)c1ccn(-c2cccc(F)c2)n1;Cc1cc(C)n(CC(=O)NC(Cc2ccc(F)cc2)C(=O)O)n1;Cn1cc(C2OCCC2NC(=O)c2ccc(CO)c(F)c2)cn1;Cn1nccc1C1OCCC1NC(=O)COc1ccc(F)cc1;Cn1nccc1C1OCCC1NC(=O)COc1ccccc1F;O=C(CCn1cnc2ccccc2c1=O)N1CC(F)CC1CO;O=C(NC1CCC(O)CC1)c1nn(-c2ccccc2F)cc1O;CCOC(=O)C1CCCN(C(=O)c2c(F)ccc3[nH]cnc23)C1;Cc1cccc2nc(N3CCN(CCC(=O)O)CC3C)sc12;O=C1CN(CC(=O)NC2(c3ccc(F)cc3)CCCC2)C(=O)N1;CCCn1nccc1C(=O)NC(C(=O)O)c1ccc(F)c(C)c1;CN1CCN(C(=O)CC2CSc3ccccc3NC2=O)CC1;NC(=O)C1CCN(C2CC(=O)N(c3cccc(F)c3)C2=O)CC1;Cc1noc(C2OCCC2CNC(=O)Cc2ccccc2F)n1;CC(c1nc2ccccc2s1)N1CCN(CCC(=O)O)CC1
m_0d2197,C1=CC=C(CNC[C@H]2CN3C(C4=CC=CC=C4)=CN=C3CO2)C=C1;O=C(Cc1ccccc1)N1CCC(c2nc3ccccc3[nH]2)CC1;O=C(NCc1nc(-c2ccco2)n[nH]1)N1CCCCC1CCO;CC1=NC=CN1[C@H]1[C@@H]2OCC(O2)[C@@H](NCC2=NC=CN2C)[C@@H]1O;C1=CC=C(CN2CCOC[C@H]2C2=NC(C3=CC=CC=C3)=CN2)C=C1;O=C(CC1=CNC2=CC=CC=C12)N1CCCC[C@H]1C1=CC=CN=C1;CN1C2CC3=C(NC4=CC=CC=C34)C1CC1=C(CCO)C=NC=C12;CC1CC(c2ccccc2)CN1C(=O)Cc1c[nH]c2ncccc12;CC1=NC=CN1[C@H]1[C@@H]2OCC(O2)[C@@H](NCC2=CN(C)N=C2)[C@@H]1O;CC1=CN([C@H]2[C@@H]3OCC(O3)[C@@H](NCC3=NC=CN3C)[C@@H]2O)N=C1;C1=CC=C(CNC[C@H]2CN3C=C(C4=CC=CC=C4)N=C3CO2)C=C1;CC1=NC=CN1CCC(C(N)=O)(C1=CC=CC=C1)C1=CC=CC=C1;CCCn1nccc1C(=O)NC1(c2nc(C)no2)CCOCC1;CC1CCN(C(=O)Cn2cnc3c(cnn3CCO)c2=O)CC1;CCn1cc(C2OCCCC2CNC(=O)c2nonc2C)cn1;Cc1ocnc1C(=O)NCC1OCCN(C)C1c1cncn1C;O=C(CCn1cnc2ccccc21)Nc1cccc2c1CCCC2;O=C(CN1C=CC2=CC=CC=C21)N1CCCC[C@H]1C1=CC=CN=C1;Cc1ccc(-c2cn(-c3ccccc3)nc2N2CCOCC2)cc1;Nc1nccnc1C(=O)NC1CC(N(CC(=O)O)CC2CC2)C1;O=C(NCCCn1ccnc1)C(c1ccccc1)c1ccccc1;COCC1=CN(C[C@H]2OC[C@H](O)[C@H]2NCC2=CC=CN=C2)N=N1;CN1C(=O)C2=C(N=CN2CC(=O)N2CCCCCC2)N(C)C1=O;O=C(Cc1c[nH]c2ccccc12)Nc1ccccc1N1CCCC1;CN1C(C(=O)N2CCCC[C@H]2C2=CC=CN=C2)=CC2=CC=CC=C21
m_0d3550,COc1ccc(OC)c(CN(C)C(=O)C(N)C(C)(C)C)c1;COc1ccc(CNC(=O)NC(CO)CC(C)C)cc1C;COc1ccccc1CC(C)(CO)NCC(=O)NC(C)C;COCC(O)CN1CCC(Nc2cccc(OC)c2)CC1;COc1ccccc1OCCN1CCCC(NCCO)C1;CCOc1cc(CNCC2CN(C)CCO2)ccc1OC;CCOc1ccc(CNCC2CN(C)CCO2)cc1OC;COc1ccc2c(c1)C(NCC(O)CN(C)C)CCCO2;CCCOC1=CC(N)=CC=C1C(=O)OCCN(CC)CC;CCCOC1=CC=C(C(=O)OCCN(CC)CC)C=C1N;Cc1ccc(CNC(=O)NCCCO)c(OC(C)(C)C)c1;COCCC(CO)NC(=O)NC(C)c1c(C)cccc1C;CC1=CC=CC(OC[C@H]2C[C@@H](NCC(C)C)[C@H](O)[C@@H]2O)=N1;CC(C)c1ccc(CNCC(O)CCC(N)C(=O)O)cc1;CC1=CC=CC(OC[C@]2(CNC(C)C)C[C@@H](O)[C@@H](O)C2)=N1;CCOC1CC(O)(CNC(=O)c2ccc(C)n2C)C1(C)C;CNC(=O)c1ccc(CN(C)CC2(O)CCC(C)CC2)o1;CCN(CC)C[C@@H]1OC[C@H](NCC2=CC=CC=C2O)[C@H]1O;COCCC(NC(=O)N1CC(C)CC(C)C1)c1ccco1;CCc1oc(C(=O)N2CC(C)N(CCO)C(C)C2)cc1C;COCC(C)(CCO)NC(=O)c1cccn1C1CCCC1;CN(C)C[C@H]1O[C@@H](CO)[C@@H](O)[C@@H]1N(C)CC1=CC=CC=C1;Nc1ccc(C(=O)OCCCCCCCCCO)cc1N;COCCN(CC1CC=CCC1)C(=O)C1CCCC(=O)N1;COC1CCN(C(=O)c2nc(C(C)C)oc2C)CC1(C)C
m_0d463f,Cc1cc2c(=O)n(CC(=O)Nc3cc(Cl)ccc3C)ccc2s1;O=C(COc1ccccc1Cl)NC(=S)N1CCc2ccccc21;COc1cccc(Cc2nnc(NC(=O)c3scnc3C)s2)c1;CC1COCC(CO)(CNC(=O)c2ccoc2Br)N1C;O=C(CNC(=O)c1ccsc1)Nc1ccnn1Cc1ccsc1;CC1COCC(CO)(CNC(=O)c2coc(Br)c2)N1C;COc1ccc(C(=O)Nc2scnc2-c2ccc(F)cc2)c(F)c1;Cc1cccc(CS(=O)(=O)Nc2cc(C(F)(F)F)c[nH]c2=O)c1;CN(C(=O)CC1Sc2ccccc2NC1=O)c1ccc(Cl)cc1;CC1OCCOC1C(=O)Nc1nc2c(C(F)(F)F)cccc2s1;CN1C(=O)N(C2=CC=CC(Cl)=C2)C(=O)C2=C1SC1=C2CCCC1;O=C(Nc1ccccc1Cl)C1CSCN1C(=O)c1ccccc1;CC(c1cccc(O)c1)N(C)C(=O)c1sc2ncccc2c1Cl;Cc1coc(C)c1C(=O)Nc1ncc(Cc2ccc(Cl)cc2)s1;CN1CCC(c2nc(-c3ccc(OC(F)F)cn3)no2)S1(=O)=O;Cc1nc(-c2cccs2)sc1CNC(=O)Cc1ccccc1F;O=C(NC(CO)CO)c1csc(-c2cccc(C(F)(F)F)c2)n1;Cc1ccc(C(F)(F)F)cc1S(=O)(=O)Nc1cccn(C)c1=O;CN1CCC(c2nc(-c3ccnc(OC(F)F)c3)no2)S1(=O)=O;Cc1ccc(C)c(S(=O)(=O)Nc2cc(C(F)(F)F)c[nH]c2=O)c1;O=S1(=O)CCCN1Cc1coc(-c2ccc(C(F)(F)F)cc2)n1;O=C(NCC(CO)c1ccc(Cl)cc1)c1snc2ccccc12;O=C(O)CNC(=O)CCC[P@@](=O)(O)OC1=CC=C([N+](=O)[O-])C=C1;Cc1cnc(S(=O)(=O)Cc2ccc(OCC(F)(F)F)cc2)nc1;CC(NC(=O)c1noc2c1COCC2)c1csc(C(F)(F)F)c1
m_0ea8a3,CCn1c(CN2CCN(Cc3ccccc3)CC2)nc2ccccc21;CN1CCN(C(=O)Cc2[nH]ncc2C(=O)N2CCN(C)CC2)CC1;c1ccc(CN2CC3CN(c4ncnc5c4CCCC5)CC3C2)cc1;CCN1CCC(NCc2ccc(-n3cnc4ccccc43)cc2)CC1;CN(C)C1=CC=C(CN2CC[C@H](C3=NC4=CC=CC=C4N3C)C2)C=C1;CCCc1nc(CN2CCN(Cc3noc(CCC)n3)CC2)no1;Cc1cc(NC(=O)CN2CCC(N3CCN(C)C3=O)CC2)n(C)n1;CC(C(=O)N1CCCCCC1)N1CCN(c2ncccc2F)CC1;Cc1cc(N2CCN(CC(=O)N3CCCC(C(N)=O)C3)CC2)n[nH]1;CC(=O)NCCNC(=O)CNC1CCCN(c2ccc(C)nn2)C1;COCC1CC(OC)CN1c1nc(N)c2cnn(C(C)(C)C)c2n1;CC(NC1CCN(c2ccc(C#N)cn2)CC1)C(C)c1ccccc1;CC1=CC=C2N=C([C@H]3CCN(CC4=CC=C(N(C)C)C=C4)C3)NC2=C1;CCN1CCN(c2ccc(C(=O)N3CCC(N)CC3)cc2F)CC1;CN1CCC(CNC(=O)c2ccncc2F)(N2CCCCC2)CC1;CCn1cc(CCN2CC(OC)CC2c2n[nH]c(=O)n2CC)cn1;Cn1cc(CCNC(=O)N2CCC(CN3CCNC3=O)CC2)cn1;CC(=O)NC1CCCN(C(=O)Cn2nnnc2C2CCCCC2)C1;CCn1c(C2CC(OC)CN2Cc2ccnn2C(C)C)n[nH]c1=O;O=C(CCC1CCCCC1)N1CCN(C(=O)Cn2cnnn2)CC1;CC1CN(c2ccccc2F)CCN1C(=O)NC1CCN(C)CC1;O=C(NCCCN1CCCC1)C1CCN(c2ncccc2F)CC1;CCn1c(C2CC(OC)CN2Cc2cnn(C(C)C)c2)n[nH]c1=O;CCn1cc(CNCC2CC(c3nn(C)c(=O)n3C)CC2O)cn1;CN(C)CCn1cc(NC(=O)N2CCCC3C(=O)N(C)CC32)cn1
m_0ee46b,COC1=CC=C(CC(=O)N[C@@H](C)C2=CC=CC=C2)C=C1OC;COC1=CC=C(C(=O)NC[C@H](C)C2=CC=CC=C2)C=C1OC;CCN(C(=O)C1=CC=C(OC)C(OC)=C1)C1=CC=CC=C1C;COC1=CC=C(CC(=O)NC2=CC(C)=CC(C)=C2)C=C1OC;COc1ccc(OCC(=O)N(c2ccccc2)C(C)C)cc1;CCc1ccc(C(=O)NCc2ccc(OC)c(OC)c2)cc1;COc1ccc(C(=O)Nc2ccc(C(C)C)cc2)cc1OC;CCc1ccc(C(=O)NCCc2ccc(O)c(OC)c2)cc1;COc1ccccc1CCNC(=O)C(OC)c1ccccc1;COC1=CC=C(C(=O)NC2=CC=CC=C2C(C)C)C=C1OC;COc1ccc(CCNC(=O)C(OC)c2ccccc2)cc1;COC1=CC=C(CC(=O)NC2=CC=C(C)C(C)=C2)C=C1OC;COc1cc(C)ccc1OCC(=O)NCCc1ccccc1;CCC1=CC=CC(C)=C1NC(=O)C1=CC=C(OC)C(OC)=C1;CCCOc1ccccc1NC(=O)C(OC)c1ccccc1;COC1=CC=CC(C(=O)NCCOC2=CC(C)=CC(C)=C2)=C1;COC1=CC2=C(C=C1OC)CN(CC1=CC=C(O)C=C1)CC2;COC1=CC=CC=C1[C@@H](CC(=O)N1CCCC1)C1=CC=CO1;CN(CCC1=CC=CC=C1)C(=O)C(O)C(O)C1=CC=CC=C1;COC1=CC2=C(C=C1O)[C@H](CC1=CC=CC=C1)N(C)C[C@@H]2O;COC1=CC=C(CN2CCC3=CC(OC)=C(O)C=C3C2)C=C1;COC1=CC=C(CN2CCC3=CC(O)=C(OC)C=C3C2)C=C1;CCOc1ccc(OCC(=O)Nc2cc(C)cc(C)c2)cc1;COC1=CC(CNC2=CC=C3CCCC3=C2)=CC(OC)=C1O;COC1=CC=C(C(O)C2C3=CC=C(OC)C=C3CN2C)C=C1
m_0f05e7,COc1ccc(C(=O)N(C)CC(O)C(F)(F)F)cc1;CC(C(=O)O)N(C)Cc1cccc(OC(F)(F)F)c1;COc1cccc(CNC(=O)c2cc(F)ccc2F)c1;COC1=CC=C(CCNC(=O)C2=C(C)N=NS2)C=C1;CC1=CC(=O)OC2=C(CN(C)CC(=O)O)C(O)=CC=C12;O=C1CCC(C(=O)O)N(C(=O)OCc2ccccc2)C1;COC1=CC2=C(C=C1OC)CC(=O)N(CC(=O)O)C=C2;COCC(=O)NC(C)c1ccc(OC(F)(F)F)cc1;COc1ccc(NC(=O)CSc2nccn2C)cc1;COC(=O)CCC(=O)C1=C(N)C2=CC(OC)=CC=C2O1;CCOC(=O)C1=CN=C2C(OC)=CC(OC)=CC2=C1O;COc1ccc(C(NC(=O)C(C)O)C(F)(F)F)cc1;COC(=O)C1=C(CCO)OC(CC2=CC=C(O)C=C2)=N1;COC1=CC=C(NC=C2C(=O)OC(C)(C)OC2=O)C=C1;CNc1ncc(C(=O)NCc2cccc(OC)c2)s1;COC1=CC(O)=C2C=CN(C=O)[C@@H](COC(C)=O)C2=C1;COc1cc(C(=O)NCC(F)(F)F)cc(OC)c1C;COc1cc(C(=O)O)ccc1OCc1nc(C)c(C)o1;O=C(COC1=CC=C2C=CC(=O)OC2=C1)NCCCO;CC1=CC(=O)OC2=C(CNCCC(=O)O)C(O)=CC=C12;COC(=O)C1=C([C@H](C)O)C(C2=CC=C(OC)C=C2)=NO1;CSCC(=O)N(C)Cc1nc2ccccc2c(=O)[nH]1;O=C(O)C(Cc1ccc(O)c(O)c1)NCc1ccco1;COC1=CC([C@H]2C(C(C)=O)=C(O)C(=O)N2C)=CC=C1O;CC1=CC(=O)OC2=C(CN[C@H](C)C(=O)O)C(O)=CC=C12
m_0fe9d9,Cc1csc(NC(=O)CN(C)c2ccc(F)cc2)n1;CCOC(=O)c1cn(C)nc1NC(=O)CC(F)(F)F;CC(CC(=O)Nc1ccn(CC(=O)O)n1)C(F)(F)F;CCC(CO)NC(=O)c1ccc(F)cc1C(F)(F)F;Cc1ncsc1CNC(=O)NCc1ccc(F)cc1;COC(=O)C1=CN(CCCC(=O)O)C=C2C1=NNC2=O;C/C(=N\NC1=CC=CC=C1C(=O)O)C(=O)NCC(=O)O;Cc1cc(Cl)ccc1Cn1cc(CNC(N)=O)nn1;Cc1ccc(F)c(OC(C)C(=O)NCC(F)(F)F)c1;O=C(Nc1cccc(OCC(F)F)n1)c1ccncc1;CC1=CC=C(C(=O)C2=CC=C(CC(=O)[O-])N2C)C=C1.[Na+];Cc1cc(NC(=O)Cc2ccc(F)c(F)c2)nc(=O)[nH]1;CC(C)(CC(=O)Nc1cc(C(=O)O)[nH]n1)C(F)(F)F;O=C(NCc1nc(C2CC2)no1)c1cccc(F)c1F;Cc1noc2ncc(C(=O)NCC(C)(O)C(=O)O)cc12;CCC(C)C(=O)Nc1cc(Cl)ccc1-c1nnn[nH]1;CC(C)(C)c1nsc(NC(=O)c2cccc(F)c2)n1;CCOC(=O)/C(=N/NC1=CC=CC=C1[N+](=O)[O-])C(C)=O;OC1(Cn2ccnn2)CCN(c2ncccc2Cl)C1;O=C(c1cc(Cl)c[nH]1)N1CCCCC1c1nc[nH]n1;CC1=CC(C(=O)N[C@H](C)C2=C(C(=O)O)C(C)=NO2)=NO1;COc1ccc(CSc2nc(C)cc(N)n2)cc1F;CCOC(=O)/C(=N/NC1=CC=CC([N+](=O)[O-])=C1)C(C)=O;Fc1ccccc1OCCSc1nnc(C2CC2)[nH]1;Fc1cccc(OCCSc2nnc(C3CC3)[nH]2)c1
m_108fdb,CCOc1ccccc1N1CCN(C(=O)c2ccc(=O)n(C)c2)CC1;COc1cn(CC(=O)N2CCN(c3ccccc3)CC2)c(C)cc1=O;Cc1c(OCC(=O)N2CCN(c3ccccc3)CC2)c(=O)ccn1C;CCOc1cc(CNC(=O)c2ccccc2N2CCOCC2)ccn1;COc1cccc(N2CCN(C(=O)c3ncc(C)cc3OC)CC2)c1;COc1cc(C(=O)N2CCN(C(=O)c3ccn(C)c3)CC2)ccc1C;COc1ncnc(OC)c1C(=O)N1CCC(Cc2ccccc2)CC1;COc1cc(CNC(=O)c2ccc(C)c(N3CCOCC3)c2)ccn1;Cc1cc(C)n(CC2CCCN2C(=O)c2ccc3c(c2)OCCO3)n1;COc1ccc(C(=O)NCC2CCN(c3ccccc3OC)C2)cn1;COc1ccccc1-c1cc(C(=O)N2CCN(CC3CC3)CC2)no1;COc1ncc(C)cc1NC(=O)C1CN(Cc2ccccc2)CCO1;CCOC1CCCN(C(=O)Cn2cnc(-c3ccccc3)cc2=O)C1;CCC(Oc1ccccc1)C(=O)Nc1ccc(N2CCOCC2)cn1;COc1cc(C(=O)N2CCC(Cc3ccccc3CO)CC2)ncn1;CCOC1CCCN(C(=O)c2ccc(=O)n(Cc3ccccc3)n2)C1;COc1ccccc1C(=O)N1CCCC(COc2ncc(C)cn2)C1;COc1ccc(C(=O)N2CCCC(c3nc(C)no3)C2)cc1C1CC1;COc1ccc2c(c1)OCCN(C(=O)c1ccnn1C1CCCC1)C2;CCOc1ccccc1CN1CCN(c2ccnc(OC)c2)C(=O)C1;CCCn1nc(C(=O)N2CCCC2c2cccc(OC)c2)ccc1=O;Cc1ccn(CC(=O)Nc2ccc(NC3CCOCC3)cc2)c(=O)c1;CCNc1cccnc1C(=O)N1CCOC(c2cccc(OC)c2)C1;COC1=CC2=C(C=C1OC)CN(CN1N=C3CCCC3=CC1=O)CC2;Cc1cc(CN2CC(C(=O)N3CCCCC3)Oc3ccccc32)no1
m_12945e,NC(=O)C1CCC(c2ccc(OCc3ccccc3F)cc2)N1;COC(OC)C(=O)N1CCN(Cc2c(F)cccc2F)CC1;O=C(Cc1ccc(O)cc1)N1CCN(c2ccccc2F)CC1;O=C(COc1ccccc1)N1CCN(c2ccccc2F)CC1;COc1cccc2c1CCC2(N)C(=O)NCc1cccc(F)c1;O=C(NC1CCCC1)c1cccnc1OCc1ccccc1F;COc1ccc(-c2ccc(C(=O)N3CCC(N)C3)c(F)c2)cc1;CNC(=O)c1ccc(CN(C)C(=O)Cc2ccccc2F)cc1;COCc1cccc(C(=O)N2CCN(C)c3cc(F)ccc32)c1;COc1ccc(F)c(CNCC2CC(=O)Nc3ccccc32)c1;COc1ccc(F)cc1CNCC1CC(=O)Nc2ccccc21;CC(C)(NC(=O)Cc1ccccc1F)C(=O)Nc1ccccc1;Cc1cc(C(=O)N2CCC(Cc3ccc(F)cc3)C2)cc(O)n1;O=C(NCc1ccc(F)cc1)c1ccnc(OC2CCCC2)c1;O=C(COc1ccnc2c1CCCC2)NCc1ccccc1F;O=C(c1cccnc1O)N1CCC(Cc2ccc(F)cc2)CC1;Cc1ccc(F)cc1C(=O)NCc1ccnc(OCC2CC2)c1;Cc1ccc(CNC(=O)C2CCOC2c2ccncc2)cc1F;CC(Cc1ccccc1F)NC(=O)c1cc2c(cn1)OCCC2;O=C(Nc1cccc(COc2cccc(F)c2)c1)C1CCNC1;NC(=O)c1ccc(CN2CCC(Oc3ccc(F)cc3)C2)cc1;O=C1NCCN(Cc2ccc(CO)cc2)C1c1ccccc1F;CCC1(O)CCN(C(=O)Nc2cc(F)c(F)cc2OC)CC1;CC1CN(C(=O)NCc2cccc(OC(F)F)c2)CC(C)O1;O=C(c1ccc(Oc2ccc(F)cc2)cc1)N1CCCNCC1
m_13152b,COC(=O)c1cc(C(=O)N2CCC(OC)CC2)n(-c2ccccc2)n1;COc1cc(C(=O)N2CCN(C(=O)c3ncoc3C)CC2)ccc1C;CCCC1CN(C(=O)c2cc(C(=O)O)n(-c3ccccc3)n2)CCO1;COC(=O)c1cccn1C1CCN(C(=O)c2cccnc2OC)CC1;COc1cccc(N2CCN(C(=O)c3c[nH]c(=O)cc3OC)CC2)c1;CCOCC1CCN(C(=O)c2cc(C(=O)O)n(-c3ccccc3)n2)C1;COC(=O)c1cc(C(=O)N2CCOCC2(C)C)n(-c2ccccc2)n1;Cc1cc(NC(=O)c2cnn(C3CCOCC3)c2C)ccc1C(=O)O;COc1ccccc1OCC(=O)N1CCCC(Oc2ncccn2)C1;Cc1ccccc1-n1ncc(C(=O)N2CCOC(CC(=O)O)C2)c1C;CC(=O)N1CCN(C(=O)C2=C([C@H](C)O)ON=C2C2=CC=CC=C2)CC1;COCC1(C(=O)O)CCN(C(=O)c2ccc3nc(C)c(C)nc3c2)C1;COc1ccc(OC)c(C2CCCN2C(=O)c2ccnc(OC)n2)c1;COc1ccc(CNC(=O)c2ccn(C3CCCC3)n2)cc1C(=O)O;COc1cc(CNC(=O)c2ccn(C3CCCC3)n2)ccc1C(=O)O;COC(=O)c1ccc(C(=O)Nc2cnn(CC3CCCCO3)c2)cc1;Cn1ncc(C(=O)O)c1C(=O)N1CCOC(CCc2ccccc2)C1;Cc1c(C(=O)NC(C(=O)O)c2ccccc2)cnn1C1CCOCC1;Cc1cc(C(=O)Nc2cccc(CC(=O)O)c2)n(C2CCOCC2)n1;Cn1cc(C(=O)NCc2ccc(C(=O)O)cc2)c(C2CCOCC2)n1;COc1cc(OC)cc(N2CCC(NC(=O)c3cc[nH]c3C)C2=O)c1;Cn1cc(C(=O)N2CCOCC2)c(-c2ccc3c(c2)OCCCO3)n1;Cc1cn(C2CCOCC2)nc1C(=O)NC(C(=O)O)c1ccccc1;COc1ccc(OC)c(CN(C(=O)c2ccc(=O)n(C)n2)C2CC2)c1;COC(=O)c1cc(C(=O)NC(C)C2CCCO2)n(-c2ccccc2)n1
m_134d4a,COc1cc2cc(C(=O)NCCn3cccc3)[nH]c2cc1OC;CCOc1ccccc1C(=O)N1CCc2c(ncn(C)c2=O)C1;COc1cccc(C(=O)NCCCNC(=O)c2ccncc2)c1;CCCn1ccc2cc(NC(=O)COc3cc(C)on3)ccc21;CC(=O)NCC(=O)N(C)Cc1cccnc1Oc1ccccc1;CCOC(=O)c1ccc2c(c1)CCCN2C(=O)c1ccnn1C;COC(=O)N1CCc2nn(Cc3ccc(C)cc3)c(=O)cc2C1;COc1cccc(N2CCN(C(=O)c3cccc(=O)[nH]3)CC2)c1;Cc1ccc(CNC(=O)c2ccc3c(c2)N(C)C(=O)CO3)n1C;COCC(=O)N1CCN(C(=O)c2ccc3ncccc3c2)CC1;CC(=O)c1c(N2CCOCC2)nc(=O)n(-c2ccccc2)c1C;CCOc1ccc(CN(C)C(=O)c2cc(C#N)c[nH]2)cc1OC;CCN(CC)C(=O)c1ccc(NC(=O)c2ccc(=O)[nH]c2)cc1;COc1ccccc1C(=O)NCCCNC(=O)c1ccccn1;CCCNc1ccccc1NC(=O)c1ccc(C(=O)OC)nc1;CC(=O)N1CCc2c(ncn(CCOc3ccccc3)c2=O)C1;COc1ncnc2c1CN(Cc1ccc3c(c1)OCCO3)CC2;COCN1C(=O)CCc2cc(NC(=O)c3cccn3C)ccc21;COc1ccc(NC(=O)Cn2nc(C3CC3)ccc2=O)c(C)c1;CCCOc1ccc2c(c1)OCC(C(=O)Nc1cnn(C)c1)=C2;CCOc1nc(C)ccc1C(=O)Nc1cc(C(N)=O)ccc1C;CN1C(=O)CCc2cc(C(=O)OCCCn3cccn3)ccc21;COC1=CC=CC=C1/C=C/C(=O)OCCN(C)C(C)C.Cl;Cc1ccccc1-c1ccc(=O)n(CC(=O)N2CCOCC2)n1;CCOc1ccccc1NC(=O)Cn1nc(C2CC2)ccc1=O
m_145679,CCCNC(=O)CCNC(=O)Cc1nc(-c2ccco2)oc1C;CC[C@@H](C)[C@@H](CO)NC(=O)CN1C(=O)NC2=CC=CC=C2C1=O;CNC(=O)c1cccc(NC(=O)CCC(=O)N2CCOCC2)c1;NC(=O)C1CCN(C(=O)N[C@H](CC2=CC=CC=C2)C(=O)O)CC1;COCCCNC(=O)CC[C@@H]1NC(=O)C2=CC=CC=C2NC1=O;NC(=O)C1=CC=CC=C1NC(=O)C[C@H](CN1CCCC1)C(=O)O;CCNc1ccc(C(=O)O)cc1NC(=O)CN1CCCCC1=O;CC(=O)Nc1ccc(CNC(=O)C2CC(O)CN2C(C)=O)cc1;COC(=O)c1ccc(NCC(=O)N(C)CC(=O)NC2CC2)cc1;Cc1cccc(C(CC(=O)N2CCCC2C(=O)O)NC(N)=O)c1;Cc1ccncc1CC(=O)NC1CCCCN(CC(=O)O)C1=O;Nc1cc(C(=O)N2CCOCC2)cc(C(=O)N2CCOCC2)c1;CCCn1nc(C)c(C(=O)NCc2cc(C(=O)O)c(C)o2)c1C;CCOC(=O)c1[nH]c2ccccc2c1NC(=O)N(CC)CCO;Cc1ccc(CC(=O)NC2CCCCN(CC(=O)O)C2=O)cn1;CN(C)C(=O)N1CCC(C(=O)Nc2cccc(C(=O)O)c2)CC1;Cc1ccn2c(=O)c(C(=O)NCCCOC(C)C)c(O)nc2c1;CCCNC(=O)CCC1=NC(C2=CC=C(OC)C(OC)=C2)=NO1;COC(=O)CCNC(=O)N1C[C@@H]2C[C@H](C1)C1=CC=CC(=O)N1C2;CC1(C)COCCN1CCNC(=O)N1CCS(=O)(=O)CC1;CC(C)CC1C(=O)NCCN1C(=O)c1ccc2c(n1)OCCO2;CC1CN(C(=O)NCCN2CCOCC2)CCS(=O)(=O)C1;CC(C)N1CC(NC(=O)NCc2ccc3c(c2)OCO3)CC1=O;CC(C)NC(=O)N1CCCC1C(=O)Nc1cccc(C(=O)O)c1;O=C(O)CCN(C(=O)c1ccnc(C2CC2)n1)C1CCOCC1
m_153108,O=C(O)C1COCCN1C(=O)COc1ccc(Br)cc1;O=C(O)C1COCCN1C(=O)COc1cccc(Br)c1;COc1ccc(Br)c(C(=O)N2CCOC(C(=O)O)C2)c1;CC(C)OCC(=O)Nc1nn(CC(F)(F)F)cc1Br;O=c1c2sccc2ncn1Cc1ncc(-c2ccc(Cl)cc2)o1;CCC(=O)N1CSCC1C(=O)Nc1ccc(Br)cn1;O=c1oc(-c2cccs2)nn1Cc1csc(-c2ncccn2)n1;Cc1ccc2c(c1)sc1nc(=O)n(-c3ccc(Cl)cc3)c(=O)n12;COc1ccc(-c2nnc(SCCCO)[nH]2)cc1Br;Cc1c(NC(=O)C2COCCO2)cc(Br)cc1C(=O)O;O=C(O)c1cc(S(=O)(=O)N2CCOCC2c2ccco2)cs1;O=C(Nc1cccc(Br)c1)c1ccc(-n2ccnc2)nn1;C=CCCCS(=O)(=O)Nc1ncc2[nH]ccc2c1Br;C=CCN(CCO)Cc1nc(-c2cc(Br)cs2)no1;O=C(O)c1cc(Br)cc(C(=O)NCC2COCCO2)c1;C[C@]1(COC(=O)C2=CC(Br)=CN2)C[C@@H](C(=O)O)N=CN1;Cn1cc(Cl)c(C(=O)NNC(=S)Nc2cccc(Cl)c2)n1;O=C(O)C1CCN1S(=O)(=O)c1c(F)cccc1OC(F)(F)F;CCC(CC)c1nnc(NC(=O)c2ccc(Br)o2)s1;CCC(O)C(C)NC(=O)c1n[nH]c(C(F)(F)F)c1Br;COc1cc(C(=O)NC2(C(=O)O)CC2)cc(OC)c1Br;Cc1cc(Br)oc1C(=O)Nc1nnc(C(C)(C)C)s1;O=C(CNS(=O)(=O)c1cc(Cl)ccc1F)Nc1cccnc1;CN(CCC(=O)O)S(=O)(=O)c1cc(Cl)ccc1OC(F)F;Cc1c(Br)cccc1S(=O)(=O)NCc1cnn(C)c1
m_156305,Cc1ncnc(OCC2CCN(C(=O)Cn3cncn3)CC2)c1C;Cc1nccc(NC2COCCC2NC(=O)Cn2ccnc2C)n1;CCn1c(C(=O)Nc2ccccn2)nnc1N1CCC(OC)CC1;CCn1cc(C(=O)NC2CCCN(c3nccn(C)c3=O)C2)cn1;Cc1ncc(CNC2CCCCN(Cc3nc(C)no3)C2=O)cn1;CCn1ccnc(N2CCC(Nc3nccc(OC)n3)CC2)c1=O;COc1ncccc1CCNC(=O)C1Cn2c(C)nnc2CN1C;CCc1nnnn1CC(=O)N1CCN(c2ccccc2OC)CC1;Cc1nccc(NC2COCCC2NC(=O)Cn2cncc2C)n1;CN(C)C(=O)CC1(O)CCCN(c2nnnn2-c2ccccc2)C1;CC(=O)NCc1cc(OC2CCN(CCn3cncn3)C2)ccn1;CCOc1ccnc(N2CCN(C(=O)C(C)n3ccnc3)CC2)n1;CCOc1ccc(NC(=O)N2CCC(Cn3cncn3)CC2)cn1;CN(C)c1nc(O)cc(C2CCN(C(=O)Cc3ccnn3C)C2)n1;CCCn1cc(C(=O)NC2CCCN(c3ncc[nH]c3=O)C2)cn1;Cc1cc(C(=O)NC2CCCN(c3nccn(C)c3=O)C2)n(C)n1;Cn1nnc2c(C(=O)N3CCCC3CN3CCOCC3)ccnc21;COCCn1ccc(NC(=O)C2CCN(c3cnccn3)CC2)n1;CNC(=O)CC1(O)CCCN(c2nnnn2-c2ccc(C)cc2)C1;O=C(N1CCN(c2cncc3ncnn23)CC1)C1(O)CCCCC1;Cc1nccc(NC2COCCC2NC(=O)Cn2nccc2C)n1;C1CC1c1nc(CN2CCN(Cc3noc(C4CC4)n3)CC2)no1;CN(C)C(=O)CN1CCC(NC(=O)c2ccc3nncn3c2)CC1;CCN1CCN(C(=O)c2cc(C)nc(O)n2)CC1c1nccn1C;CN(C)C(=O)CN1CCC(NC(=O)c2cnn3ccncc23)CC1
m_15dab4,COCCn1c(SCC(=O)c2ccccc2)nc2c(c1=O)SC(C)C2;COc1ccc(-c2noc(CS(=O)(=O)C(C)c3ccccc3F)n2)cc1;CCC(Sc1nc2c(c(=O)n1-c1ccc(C)cc1)SCC2)C(=O)OC;COC(=O)C1=CC=CC=C1NC(=O)N1C2=CC=CC=C2SC2=CC=CC=C21;Cc1nn(Cc2cccc(Br)c2)c(C)c1C(=O)N1CCNCC1;CC(C)[C@]12SS[C@]([C@@H](O)C3=CNC4=CC=CC=C34)(CC1=O)C(=O)N2C;CC(=O)N1CCc2cc(S(=O)(=O)N3CCOc4cccc(F)c43)ccc21;Cc1cc(NC(=O)C(c2cccc(Br)c2)N2CCCC2)n(C)n1;Cc1cc(C(=O)N2CCn3c(CC(C)C)nnc3C2)ccc1Br;COc1ccc(Br)cc1CNC1CCN(c2ncccn2)CC1;CN(CC1CCCCC1)C(=O)c1cn(-c2ccccc2Br)nn1;COc1ccc(CNC2CCN(c3ncccn3)CC2)cc1Br;CN1CC(Nc2cnn(C)c(=O)c2Br)CC(c2ccccc2)C1;COc1cc(C(=O)Nc2ccc3c(c2)C(=O)N(C)C3=O)ccc1OC(F)F;CNC(=O)CC1CS(=O)(=O)CCN1Cc1cccc2c1OC(F)(F)O2;CCCN1CCn2cc(C(=O)NCc3ccc(Br)cc3)nc2C1;CNCC1CCN(C(=O)c2cc(C)n(-c3ccc(Br)cc3)n2)C1;Cc1nn(-c2ccc(C(=O)N3CCNC(C)C3)cc2)c(C)c1Br;CC1=C(OCC2=CC=C(C(=O)O)O2)C=CC2=C1OC(=O)C=C2C1=CC=CC=C1;Cc1n[nH]c(C)c1NC(=O)CN1CCCC1c1cccc(Br)c1;Cc1nn(Cc2cccc(Br)c2)c(C)c1C(=O)N1CCC(N)C1;Cc1c(C(=O)N2CCC(N)CC2C)cnn1-c1cccc(Br)c1;O=c1[nH]c(=O)c2cc(S(=O)(=O)NCc3cn4c(n3)CCCC4)cnc2[nH]1;CC1=C(COC2=CC=C3C(C4=CC=CC=C4)=CC(=O)OC3=C2)C=C(C(=O)O)O1;Cc1nn(-c2ccc(C(=O)N3CCC(CN)C3)cc2)c(C)c1Br
m_163bfd,COc1cc(C(=O)N2CCN(CCO)CC2)cc(Cl)c1OC;O=C(Nc1ccc(O)c(C(=O)O)c1)c1ccc(N2CCCC2)nn1;CC(CNC(=O)N1CCOC(CO)C1)Oc1cccc(Cl)c1;COc1cc(Cl)c(C)cc1NC(=O)CN(CC(=O)O)C(C)C;Cn1c(C(F)(F)F)nn(CC(=O)NCCc2ccccc2)c1=O;CCOC(=O)C(NC(=O)c1cc(Cl)cn1C)C1CCOCC1;Cn1cc(N2CCC(NC(=O)c3ccc(C(=O)O)cc3)C2=O)cn1;CCCn1nccc1NC(=O)c1cccc(OCC(F)(F)F)n1;COc1cccc(NC(=O)NCCn2ccc(C(F)(F)F)n2)c1;Cc1nc(C(=O)NC(CCO)C(F)F)nn1-c1ccc(F)cc1;CN1CC(NC(=O)c2cc(C(=O)O)nn2-c2ccccc2)CC1=O;COc1cc(CN2CCOC(C)C2C(N)=O)cc(Cl)c1OC;CC(C(=O)NCC(C)N1CCCC1)c1c(Cl)cccc1Cl;CC(C(=O)NCCn1cccc1)n1nc(C(F)(F)F)ccc1=O;Cc1nccc(C(=O)Nc2ccc(C(=O)NCCC(=O)O)cc2)n1;CCCCCOC(=O)NCCOC(=O)NC1=CC=C(Cl)C=C1;CN1C(=O)CC(C(=O)Nc2ccn(CC(=O)O)n2)c2ccccc21;O=C(Nc1ccn2ccnc2c1)N1CCC(O)(C(F)(F)F)CC1;Cc1nn(C)c(C)c1OCC(=O)Nc1cc(C(F)(F)F)ccn1;Cc1cc(C)c(CNC(=O)Cn2ccc(C(F)(F)F)n2)c(=O)[nH]1;O=C(Nc1ccc2c(c1)OCO2)c1cc(N2CCOCC2)ncn1;COc1coc(C(=O)NCCCc2nnc3ccccn23)cc1=O;COc1ccc(CNC(=O)C(C)n2cncn2)c(C(F)(F)F)c1;COC(=O)C1=CC=C(CN2C=NC3=C2C(=O)N(C)C(=O)N3C)C=C1;Cc1nn(C)c(NC(=O)c2cccc(OCC(F)(F)F)n2)c1C
m_163da0,C=CCOc1ccc(C(F)(F)F)cc1C(=O)NC1CCN(C)CC1;Cc1cc(C)c(C(=O)N2CCN(c3ncc(F)cn3)C(=O)C2)c(C)c1;O=C(NC1CC1)C1CCCN1CCOc1ccc(C(F)(F)F)cc1;COc1ccc(C(C)NC(=O)Cn2nc(C)c3cccnc32)cc1F;O=C(NC1CCN(CC2CCOC2)CC1)c1cc(F)c(F)c(F)c1;COc1ccc(CN(C(=O)C2CNCC2C(F)(F)F)C2CC2)cc1;CCc1nn(CCC(=O)Nc2ccc(F)cc2)c(=O)c(C#N)c1CC;COc1cccc(C2(NC(=O)C3CN(C)CC3C(F)(F)F)CC2)c1;O=C(NCCOc1ccc(C(F)(F)F)cc1)C12CCCN1CCC2;Cc1ccc(CNC(=O)c2cc(N3CCNC(=O)C3)ccn2)cc1F;CN1CC(C(=O)NCCc2ccc3c(c2)CCO3)C(C(F)(F)F)C1;CC(C)CC(CNC(=O)c1cc(Cl)ccc1F)N1CCOCC1;Cc1ccc(-c2c(C(=O)CF)n(CCCO)c3ncnc(N)c23)cc1;COc1cc(CNC(=N)NOCCC(N)C(=O)O)cc(OC)c1O;COc1ccc(F)c2[nH]c(C(=O)N3CCC(n4cc(C)cn4)C3)cc12;CN(CCc1ccccc1F)C(=O)CCn1nc2ccccn2c1=O;O=C(Nc1cccc2c1CN(CC(F)(F)F)C2)C1CCC(O)CC1;CC1(O)CCCN(C2CCN(c3ccccc3C(F)(F)F)C2=O)C1;O=C(NC1CCc2c(O)cccc21)C1CCN(CC(F)(F)F)CC1;Nc1nc(O)cc(C2CCN(C(=O)C3(c4ccccc4F)CC3)C2)n1;CN1CCC2OCCN(C(=O)Cc3ccccc3C(F)(F)F)C2C1;O=C(NCCNc1ccccn1)c1cc(N2CCCC2=O)ccc1F;CCN1C(=O)CC(CNC(=O)c2ccncc2F)C1c1cccnc1;CC(C)(C)c1ccc(C(=O)NCC(=O)N2CCC2C(F)(F)F)cc1;O=C(NCc1ccccc1OC1CCC1)C1CNCC1C(F)(F)F
m_1700bc,COc1ccc(CNC2CCC(C(F)(F)F)N(C(C)=O)C2)cc1;COc1cccc(CNC2CCC(C(F)(F)F)N(C(C)=O)C2)c1;COc1cccc(C2CCN(CC(=O)NCC(F)(F)F)CC2)c1;COc1cccc(NC(=O)CN2CCC(C(F)(F)F)C2(C)C)c1;COc1ccccc1CNC1CCC(C(F)(F)F)N(C(C)=O)C1;COc1ccc(CN2CCN(c3nnc(C4CC4)s3)CC2)cc1;O=C(CC1CCNCC1)NCc1ccc(OCC(F)(F)F)cc1;CCOc1ccc(NC(=O)CN2CCC(C(F)(F)F)CC2)cc1;CC(N)C1CCCN(C(=O)Cc2ccc(OC(F)(F)F)cc2)C1;COc1ccccc1CCN(C)C(=O)C1CNCC1C(F)(F)F;COc1ccccc1CCC(=O)N1CC(N)CCC1C(F)(F)F;COc1ccc(C(=O)N2CCC(Nc3cccnn3)CC2)c(F)c1;COc1ccccc1CC1CCCN1C(=O)CNCC(F)(F)F;CC1CC(N)CCN1C(=O)CCc1ccc(OC(F)(F)F)cc1;CC(N)C1CCCCN1C(=O)c1ccc(OCC(F)(F)F)cc1;COc1ccccc1N1CCN(C(=O)Nc2ccncc2F)CC1;CC(C)Oc1ccc(CNC(=O)C2CCNC2)c(C(F)(F)F)c1;CC(=O)N1CCC(Nc2ccc(C)cc2OCC(F)(F)F)CC1;COc1ccc(-n2ccc(CNc3ccc4ccccc4n3)n2)cc1;CC(=O)N1CCC(Nc2cccc(OCC(F)(F)F)c2C)CC1;CN1CCCC(O)(CC(=O)NCc2ccc(C(F)(F)F)cc2)C1;CNC1CCN(C(=O)C(C)Oc2ccccc2C(F)(F)F)CC1;CC1(C)CN(CC(F)(F)F)CCN1C(=O)Cc1ccc(O)cc1;CNCC1CCN(C(=O)C(C)Oc2ccccc2C(F)(F)F)C1;COc1nccnc1N1CCC(C(=O)Nc2cccc(F)c2)CC1
m_1712db,CNC(=O)CN1CCC(NCc2nc(C)ccc2O)CC1;Cc1cnc(N2CCCC2CO)nc1N1CCCC1CO;CCNC(=O)N1CCC(Nc2cccc(OCC)n2)CC1;CCOc1cc(N2CCCC2C(=O)N(CC)CC)ncn1;COc1nc(C)cc(NCCC(=O)NC2CCCCC2)n1;CCC(=O)NC1CCCN(Cc2nc(O)cc(CC)n2)C1;CNC(=O)CN1CCC(NCc2cccc(OC)n2)CC1;CN(C)c1ncccc1CNC(=O)N1CCC(CO)CC1;Cc1ccc(NC(=O)N(C)CCN2CCOCC2)c(C)n1;CCOc1ncccc1NC(=O)NCC1CCCN(C)C1;CCc1cc(C(=O)N2CCN(C3CCOCC3)CC2)[nH]n1;CCCOC1CCCN(C(=O)Nc2ccnc(C)n2)CC1;COc1cc(N2CCN(CCC3CCCO3)CC2)ncn1;COc1nc(C)nc(N2CCCC(CC(N)=O)CC2)c1C;COc1cc(N2CCN(CC3CCCCO3)CC2)ncn1;Cn1ccnc(N2CCCC(NC3CCCOC3)C2)c1=O;CC1C(CO)CCCN1c1cc(N2CCOCC2)ncn1;Cc1cc(N2CCN(C(C)C(=O)O)CC2)nc(C(C)C)n1;Cc1nnccc1NC(=O)N(C)CC1(O)CCCCCC1;CC(C)Nc1nnccc1C(=O)N1CCC(CCCO)C1;CC1OCCC1NC1CCCN(c2nccn(C)c2=O)C1;CCC1C(=O)NCCN1CC1CCOC1c1ccnn1C;CN1C(=O)CCC(NC2CCCOC2)C1c1ccnn1C;Cn1cc(N2CCC(N3CCC(O)C(C)(C)C3)C2=O)cn1;Cc1cc(N2CCN(C(=O)C3CCCOC3C)CC2)n[nH]1
m_1777b7,COC(=O)c1ccc2c(=O)n(-c3ccccc3)c(N3CCCC3)nc2c1;CCOC(=O)C1=CC=CC=C1N[C@H]1CCN2C1=NC1=CC=CC=C1C2=O;COC1=CC2=C(C=C1OC)C1=C(N2)C(=O)N(CCC2=CC=CC=C2)C=N1;O=C(c1n[nH]c2ccccc2c1=O)N1CCC(Oc2ccccc2)CC1;CNC1=CC=C([C@H]2CCN3C2=NC2=CC=CC=C2C3=O)C=C1C(=O)OC;COC1=CC=C(CCN2C=NC3=C(NC4=CC=CC=C43)C2=O)C=C1OC;O=C(Cn1cnc2ccccc2c1=O)N1CCOC(c2ccccc2)C1;O=C1C2=CC=CC=C2C(=O)N1CC(=O)N1CCCCC1C1=CC=CN=C1;CC[C@]1(O)NC(=O)[C@H](CC2=CC=CC=C2)N2C1=NC1=CC=CC=C1C2=O;CN1C(=O)C2=CC=CC=C2N(CC(=O)N2CCC3=CC=CC=C3C2)C1=O;Cc1cccc(-n2c(N3CCCC3)nc3cc(C(=O)O)ccc3c2=O)c1;CC1c2ccccc2CCN1C(=O)Cn1c(=O)[nH]c2ccccc2c1=O;CC1Cc2ccccc2CN1C(=O)Cn1c(=O)[nH]c2ccccc2c1=O;CC1=CC=C(N2C(=O)N[C@@H]3CCN(C(=O)C4=CC=CC=C4)[C@@H]3C2=O)C=C1;O=C(CCc1nc2ccccc2c(=O)[nH]1)N1CC(Oc2ccccc2)C1;CC(C)NC(=O)CN1C(=O)C2=CC=CC=C2N2C(=O)C3=CC=CC=C3C12;COC1=CC=C(CCN2C=NC3=C(NC4=CC=C(OC)C=C43)C2=O)C=C1;O=C(C1=CC=CC=C1)N1CCN2C(=O)N(CC3=CC=CC=C3)C(=O)[C@H]2C1;COC1=CC=C(CCN2C=NC3=C(NC4=CC(OC)=CC=C43)C2=O)C=C1;O=C(C[C@@H]1NC(=O)N(C2=CC=CC=C2)C1=O)N1CCC2=CC=CC=C2C1;COC1=CC=C2NC3=C(N=CN(CCC4=CC=CC=C4OC)C3=O)C2=C1;O=C1N[C@@H]2CCN(C(=O)C3=CC=CC=C3)[C@@H]2C(=O)N1CC1=CC=CC=C1;Cn1nc(C(=O)NCc2ccc(OCc3ccccc3)cc2)ccc1=O;COC1=CC=CC=C1CNC(=O)C1=CC=C2C(=O)N3CCCC3=NC2=C1;COc1ccc(C(NC(=O)c2ccc(=O)n(C)n2)c2ccccc2)cc1
m_1813a1,COc1ccc(CNC2CCN(c3nccn(C)c3=O)CC2)cc1;CCn1cc(NC(=O)C(c2ccccc2)N2CCC(O)CC2)cn1;COc1cc(CNC2CCCN(c3ncccn3)C2)cc(OC)c1;COc1ccc(CCC(=O)N2CCN(c3cnn(C)c3)CC2)cc1;CCOc1ccccc1N1CCN(C(=O)c2c[nH]c(CC)n2)CC1;CCC(C)Oc1ccccc1C(=O)N1CCN(c2ncc[nH]2)CC1;CCc1ccc(O)c(C(=O)NC2CCN(c3nccn3C)CC2)c1;CN1CCN(CCOc2ccc(NC(=O)c3ccc[nH]3)cc2)CC1;COc1cccc(CNC2CCN(c3ncccn3)CC2)c1OC;CN1CCC(Oc2ccc(CNC(=O)c3ccnn3C)cc2)CC1;CCn1ccnc1N1CCN(C(=O)C(C)Oc2ccccc2)CC1;N#Cc1ccccc1OCCN1CCN(CC(=O)NC2CC2)CC1;CC(C)Cn1cc(C(=O)N2CCN(c3ccc(O)cc3)CC2)cn1;COc1ccccc1N1CCN(C(=O)CCc2cnn(C)c2)CC1;CCOc1ccc(CN2CCN(C(=O)c3cnn(C)c3)CC2)cc1;Cc1cc(N2CCC(NC(=O)C(C)Oc3ccccc3)CC2)n[nH]1;CCOc1ccc(CN2CCN(C(=O)c3cn[nH]c3C)CC2)cc1;Cc1c(CNc2ccc(C(=O)N3CCC(O)CC3)cc2)cnn1C;COc1ccc(CC2CCN(C(=O)C(C)n3cncn3)CC2)cc1;COc1ccccc1CC(=O)N1CCC(NCc2ncc[nH]2)CC1;CCOc1ccc(CC(=O)N2CCC(c3nncn3C)CC2)cc1;COc1ccc(CCC(=O)N2CCCC(c3n[nH]c(C)n3)C2)cc1;COc1ccc(C(C)CC(=O)N2CCC(n3ccnn3)CC2)cc1;Cc1cn2c(n1)C(CNCc1ccc(OCC(N)=O)cc1)CCC2;COc1cccc(NC2CCN(C(=O)c3n[nH]c(C)c3C)CC2)c1
m_18f297,CC1(C)CC(=O)C2=C(C1)N(CC1=CC=CN=C1)C(C1=CC=CC=C1)=C2;CC1(C)CC(=O)NC2=C(C1)N(C1=CC=CC=C1)C(C1=CC=CC=C1)=C2;Cc1ccc(NCC(O)Cn2c3ccccc3c3ccccc32)cc1;Cc1ccc(F)cc1CN1CCC(NC(=O)c2ccoc2C)CC1;Cc1c(-c2ccccc2)nc2ccccc2c1C(=O)N1CCCCC1;Cc1cc(C(=O)N(Cc2ccco2)C2CCN(C)CC2)ccc1F;Cc1ccc(F)cc1C(=O)N(Cc1ccco1)C1CCN(C)CC1;Cc1cnn(C)c1S(=O)(=O)N1CCN(CC(C)(C)O)CC1C;COc1ccc(F)cc1CN(C)CC(=O)Nc1cccc(C)c1C;OC1CCN(c2ccccc2NCCOc2cccc(F)c2)CC1;Cc1nn(C)c(C)c1S(=O)(=O)NCC(O)CN1CCCCC1;C[C@]12CN3C[C@](C)(C[N@@](C1)[C@H]3[C@@H](O)[C@@H](O)[C@H](O)[C@H](O)CO)C2=O;COCCN1CCCC(NS(=O)(=O)c2c(C)nn(C)c2C)C1;OC1(c2ccc(-c3ccc4ncccc4c3)cc2)CN2CCC1CC2;Cc1ccc2nc(-c3ccccc3)cc(C(=O)N3CCCCC3)c2c1;CC1(C)CC(=O)C2=C(C1)N=C1C=CC=CC1=C2NCC1=CC=CC=C1;COC(C)CS(=O)(=O)N1CCCC(Cn2nc(C)nc2C)C1;CCCC1(CO)CCN(C(=O)c2c[nH]cc2-c2ccc(F)cc2)C1;Cc1noc(C)c1CCC(=O)NCC1(c2ccc(F)cc2)CCC1;COc1ccc(CC(=O)NC(CN(C)C)c2ccccc2)cc1F;O=C(c1nccc2ccccc12)N1CCC(Cc2ccccc2)CC1;CC1CCN(Cc2csc(CCc3ccccc3)n2)CC1CO;CC1=CC=C2C(=C1)C1=C3[C@H](CCC1)N(C(=O)C1=CC=CC=C1)CCN32;COCC(NC(=O)C1CCN(CC(F)F)CC1)c1ccc(C)o1;COCC1=CC(C[C@@H]2CC[C@H](O)[C@@H](CNC[C@H](O)CO)O2)=NO1
m_1a0749,O=C(COc1ncnc2scc(-c3ccc(Cl)cc3)c12)N1CCNC1=O;Cc1cccc(COC(=O)c2ccccc2-n2ncc(Cl)c(Cl)c2=O)c1;NC(=O)Cn1cc(Nc2cc(Oc3ccccc3Br)ncn2)cn1;CN1C(=O)C2=C(N=C3NN=C(C4=CC=C(Br)C=C4)CN32)N(C)C1=O;CN(C(=O)CC1Sc2ccc(Cl)cc2NC1=O)C1CCS(=O)(=O)C1;CCOC(=O)C1=C(C2=CC=CC=C2)OC2=CC(Br)=C(OCC)C=C12;CCOC(=O)C1=C(C)OC2=CC(Br)=C(OCC3=CC=CC=C3)C=C12;Cc1nc(C)n(-c2ccc(C(=O)Nc3ccc(Br)cc3F)cc2)n1;Cc1nc(-c2cccc(NC(=O)Cc3cc(Br)ccc3F)c2)n[nH]1;Cc1nc(-c2cccc(NC(=O)Cc3cc(F)ccc3Br)c2)n[nH]1;COC(=O)C1=C(C)OC2=CC(Br)=C(OCC3=CC=CC=C3C)C=C12;Cc1nc(-c2cccc(NC(=O)Cc3ccc(F)cc3Br)c2)n[nH]1;Cc1nc(-c2cccc(NC(=O)Cc3ccc(Br)c(F)c3)c2)n[nH]1;CCOC(=O)C1=C(C)OC2=CC=C(OCC3=CC=CC(Br)=C3)C=C12;CCOC(=O)C1=C(C)OC2=CC=C(OCC3=CC=C(Br)C=C3)C=C12;Cc1n[nH]c(-c2ccc(NC(=O)Cc3cc(F)ccc3Br)cc2)n1;CCOC1=CC=C(C2=CC3=CC(Br)=CC=C3OC2=O)C=C1OCC;COC1=CC=C(C2=C(C)OC3=CC(OCCBr)=CC=C3C2=O)C=C1;CC1CC(NC(=O)c2ccc(OC(F)F)cn2)c2ccsc2S1(=O)=O;COC(=O)C1=C(C)OC2=CC(Br)=C(OCC3=CC=C(C)C=C3)C=C12;Cc1nc(C)c(CCNS(=O)(=O)c2cc(C)c(Cl)c(C(=O)O)c2)s1;COC1=CC=C(C2=COC3=C(C)C(OCCBr)=CC=C3C2=O)C=C1;O=C(Nc1cnc(-c2ccc(Cl)s2)nc1)N1CC2CC2(C(F)(F)F)C1;CC(=O)OC1=CC(OC(C)=O)=C2C(=O)C(OC3=CC=C(Cl)C=C3)=COC2=C1;COc1ccc(NS(=O)(=O)c2ccc3c4c(cccc24)C(=O)N3)cc1Cl
m_1a8b29,CC(C)n1ncnc1CNC(=O)c1ccnn1C;CCCn1cc(C(=O)Nc2nc(C)n(C)n2)cn1;CCc1cc(C(=O)NCc2nnc(C)n2C)[nH]n1;CC1=CC(O)=CC(C)=C1C[C@@H]1CC(=O)OC1(C)C;CN(C)C(=O)c1cn[nH]c1NCc1ccnn1C;Cc1cc(C(=O)NCc2nncn2C(C)C)[nH]n1;Cc1cc(C(=O)NCc2ncnn2C(C)C)[nH]n1;CC(=O)[C@@H]1CO[C@H](OCCC2=CC=CC=C2)[C@@H]1C;CC1=CC=C(O)C(C)=C1C[C@@H]1CC(=O)OC1(C)C;CC1=CC=C(O)C(C)=C1C1OC(=O)CC1C(C)C;CC1(C)C[C@H](O)C[C@]1(C)C1=CC=C(C(=O)O)C=C1;CC1(C)C[C@](CC2=CC=CC=C2)(C(=O)O)CCO1;CC(=O)CCCC1=CC2=C(C=C1C)[C@@H](C)[C@@H](O)O2;C=C(C)[C@@H]1CCC(C)=C[C@@H]1CC1=C[C@@H](O)OC1=O;CC1(C)C[C@](CC(=O)O)(C2=CC=CC=C2)CCO1;CCC(C)NC(=O)Cn1cnc2c(N)ncnc21;CC1=C(O)C(=O)OC(C2=C(C(C)C)CC[C@H]2C)=C1;CC(C)NC(=O)CCNC1=C2N=CN=C2NC=N1;CC(NC(=O)c1ccn(C(C)C)n1)c1nc[nH]n1;CC(C)=CC(=O)/C=C(/C)CCCC1=CC(=O)OC1;C[C@@H]1CCC[C@]2(C)C[C@@H]3OC(=O)C(CO)=C3C=C12;CC(=O)CCCCCCC1=CC=C2OCOC2=C1;CCn1cc(NC(=O)Nc2c(C)n[nH]c2C)cn1;CC1=COC2=C1C(=O)[C@]1(C)[C@@H](C)CC[C@@H](O)[C@@H]1C2;CC1=CC[C@H]([C@@H](C)CC2=CC(C)=CO2)[C@@H](O)C1=O
m_1b1573,Cn1nccc1CN1CCN(C(=O)Cc2ccccc2)CC1;Cc1nc(-c2ccccc2)n(CC(=O)N2CCCCCC2)n1;Cc1cc(NC(=O)C2CCN(C)CC2)nn1-c1ccccc1;CCCC(=O)N1CCC(c2nc(-c3ccccc3)n[nH]2)CC1;Cc1cccc(-c2nc(C)nn2CC(=O)N2CCCCC2)c1;Cc1cc(C(=O)NCC2CCNCC2)nn1-c1ccccc1;CC1=CC(NC(=O)CN2CCN(C)CC2)=C2C=CC=CC2=N1;CN(c1ccccc1)C1CCN(C(=O)Cn2cccn2)CC1;CC(=O)N1CCC(NCc2ccccc2-n2cccn2)CC1;CCn1cnnc1C1CCN(C(=O)c2ccccc2C)CC1;CC(C)n1nc(-c2ccccc2)cc1NC(=O)N1CCCC1;Cc1cc(C)n(CC(=O)Nc2ccccc2N2CCCC2)n1;O=C(NCCN1CCCCC1)c1ccccc1-n1cccn1;CCCn1nccc1C1CCN(C(=O)c2ccncc2)CC1;Cc1cccc(-c2nc(C)nn2CC(=O)NC2CCCC2)c1;CCn1cc(C2CCN(C(=O)Cc3cccnc3)CC2)cn1;Cn1nc(-c2ccccc2)cc1C(=O)NCC1CCNCC1;Cc1cc(C(=O)NCC2CCN(C)C2)nn1-c1ccccc1;CC1CC(C)CN(C(=O)Cn2cnc(-c3ccccc3)n2)C1;CC1CCC(NC(=O)Cn2nccc2-c2cccnc2)CC1;Cn1nccc1C1CCN(C(=O)C(N)c2ccccc2)CC1;Cn1cc(C(=O)N2CCC(CCc3ccccc3)CC2)nn1;CC1CCC(C)N1CC(=O)Nc1c[nH]nc1-c1ccccc1;Cc1cccc(NC2CCN(C(=O)Cn3cccn3)CC2)c1;Cc1n[nH]c(CC(=O)N2CC(C)CCC2c2ccccc2)n1
m_1b27e6,O=c1c2ccccc2ncn1Cc1csc(COc2ccc(F)cc2)n1;CCC(Cc1ccccc1Br)C(=O)N1CCC(C(=O)O)CC1;O=C(c1ccccn1)N1CCN(S(=O)(=O)c2c(F)cccc2F)CC1;CSCC(=O)N[C@@H]1CCN2C(=O)N(C3=CC=C(Cl)C=C3)C(=O)[C@@H]2C1;COc1ccc(S(=O)(=O)N2CCN(c3ccncc3)CC2)cc1Cl;COC1=CC=C(CNC(=O)CCCOC2=CC=C(Cl)C=C2Cl)C=C1;COc1ccc(-c2csc(NC(=O)c3ccccc3F)n2)cc1CC#N;COc1ccc(Br)cc1CN1C(C(=O)O)CC2CCCCC21;COc1ccc(S(=O)(=O)N2CCN(c3ccncc3Cl)CC2)cc1;O=C(c1c(F)cccc1Cl)N1CCC(CSCc2ccco2)CC1;CSCC(=O)N[C@H]1CCN2C(=O)C3=CC=C(Cl)C=C3NC(=O)[C@@H]2C1;CCOC(=O)C1CCCN(C(=O)CCc2cccc(Br)c2)C1;O=C(O)CCC1CCCN(C(=O)CCc2ccccc2Br)C1;CS(=O)(=O)N1CCCC1CNC(=O)c1cc(Cl)cc2cccnc12;CC1=CC(O)=C(C2=CC=C3C(=O)NC(=O)N(CC4=CC=CO4)C3=N2)C(=O)O1;CCOc1ccccc1Nc1nnc(SCC(=O)NC(=O)NC)s1;Cc1nn(-c2cccc(Cl)c2)nc1C(=O)Nc1cccc2c1C(=O)NC2;Cc1nc(C(=O)Nc2cccc3c2C(=O)NC3)nn1-c1ccc(Cl)cc1;COC1=CC2=C(C=C1Cl)C(C)=C(CC(=O)NCCCC(=O)O)C(=O)O2;O=C(NCc1cnc(-c2ccc(Cl)cc2)s1)N1CC(O)CC1CO;Cc1nc(-c2cccc(-c3noc(COc4ccc(F)cc4)n3)c2)cs1;Cc1ccc(NS(=O)(=O)c2c[nH]c(C(=O)N3CCCC3)c2)cc1Cl;CCOC(=O)c1cnc(SC)nc1NCc1ccc(OC)c(Cl)c1;Cc1nc(-c2ccccn2)sc1C(=O)N1CCCSc2ccccc21;Cn1ccc(NC(=O)c2cc(-c3ccco3)n(-c3ccc(Cl)cc3)n2)n1
m_1beae5,Cc1ccnc(N2CCN(CC(=O)Nc3ccccc3)CC2)n1;CNc1ccccc1C(=O)N1CCN(c2nccnc2C)CC1;CCCn1c(NC(=O)Cn2nc(C)cc2C)nc2ccccc21;CN1CCN(c2cc(CNC(=O)c3ccccn3)ccn2)CC1;Cc1cnc(C(=O)NC2CCN(c3ncccn3)CC2)c(C)c1;CN(C)c1ccc(C(=O)Nc2cnc(N3CCCC3)nc2)cc1;CCN(CC)CCN(CC)CC(=O)Nc1ccccc1Cl;Cc1nc2c3ccccc3nn2c(C)c1CCC(=O)NCCN;CCn1nc(C)cc1C(=O)NC(C)(C)c1nc2ccccc2[nH]1;CCn1nc(C)cc1C(=O)Nc1nc2cc(C)ccc2n1CC;NC(=O)c1cncc(N2CCN(CCc3ccccc3)CC2)n1;C=C(C)Cn1nnc(C2(NC(=O)c3ccccc3)CCCC2)n1;CC(CN(C)Cc1nnc2c(=O)n(C)ccn12)c1ccccc1;Cc1nc(NC(C)CN2CCCC2=O)cc(-c2ccccn2)n1;CCn1c(NC(=O)c2c(C)nn(C)c2C)nc2cc(C)ccc21;CC(C)Cc1ccc(C(C)NC(=O)Cn2cnnc2C#N)cc1;Cc1ccc(NC2CCN(C(=O)c3nccnc3N)CC2)cc1;CC1CN(c2ccccn2)CC1C(=O)NCCc1cnccn1;O=C(NC1(c2nnn(CC3CC3)n2)CCCC1)c1ccccc1;CN(C)c1cccc(C(=O)Nc2cncnc2N2CCCC2)c1;CNc1nc(C)cc(C(=O)N2CCC(Cc3ccncc3)C2)n1;Cc1ccc(NC2CCN(C(=O)c3cccc(C)n3)CC2)nn1;CCc1cc(N2CCN(C(C)=O)CC2)nc(-c2ccncc2)n1;Cc1ccn2cc(C(=O)NCCCn3nc(C)cc3C)nc2c1;CN1CCC(CNC(=O)Nc2cccnc2)C1c1cccnc1
m_1d7bdd,CCCNC(=O)c1cccc(C(=O)NCC(O)Cc2ccccc2)c1;CC(C)CC(NCCC(=O)NC(Cc1cnc[nH]1)C(=O)O)C(=O)O;CCC(C(=O)O)N1CCCC(NC(=O)c2ccc3ccccc3c2)C1;Cc1ccc(CC(=O)NCCCCNC(=O)c2cccc(O)c2)cc1;Cc1ccc(C)c(NC(=O)CC(NCCc2ccccc2)C(=O)O)c1;C[C@H](CCC1=CC=CC=C1)NC(=O)N[C@@H](CC1=CC=CC=C1)C(=O)O;CCc1cccc(C)c1NC(=O)CC(NCc1ccccc1)C(=O)O;CC(=O)N[C@@H](CC1=CC=CC=C1)C(=O)N[C@H](CO)CC1=CC=CC=C1;COC(=O)N1CCC(CNC(=O)Cc2cccc3ccccc23)CC1;CCc1ccc(CN(C)C(=O)CNC(=O)COc2ccccc2)cc1;CC(C)(CNC(=O)COC(c1ccccc1)c1ccccc1)C(N)=O;O=C(CCCNC(=O)C1CC1)NC(c1cc2ccccc2o1)C1CC1;O=C(COc1ccc(-c2ccccc2)cc1)NCCN1CCOCC1;CC=CC(=O)N(Cc1ccco1)C(CC)C(=O)NCc1ccccc1;O=C(Cc1ccccc1O)NCC1CN(Cc2ccccc2)CCO1;Cc1ccc(CCC(=O)NCC(=O)N(Cc2ccco2)C2CC2)cc1;COc1ccccc1N1CCC(NC(=O)CCc2ccccc2O)C1;CCCOc1ccccc1C(=O)N(CCC(N)=O)Cc1ccccc1;CCOC(=O)C(C)(C)NCC(=O)Nc1ccccc1-c1ccccc1;COc1ccccc1N1CCC(NC(=O)CCc2ccc(O)cc2)C1;O=C(Cc1cccc(O)c1)NCC1CN(Cc2ccccc2)CCO1;COCC(=O)N1CCN(C(C)=O)C[C@H]1C(=O)N[C@H]1CCCNC1=O;CN(C)[C@H](CNC(=O)CCC1=CC=CC=C1)C1=CC=C2OCOC2=C1;CC[C@@H]1CN(C(=O)C2=CC=CO2)CC[C@H]1CC(=O)NC1=CC=CC=C1;COC1=CC2=C(C=C1OC)C[C@@H](C(=O)NCCC1=CC=CC=C1)NC2
m_1de28b,CCc1cc(C(=O)N2CCN(C(=O)N(C)C)CC2)c(C)nn1;COc1cc(N2CCN(CC(=O)N3CCCC3)CC2)ncn1;Cn1cc(C(=O)N2CCN(C(=O)N3CCCCC3)CC2)cn1;CCC(=O)N1CCN(c2cc(N3CCOCC3)cnn2)CC1;Cc1ccnc(N2CCN(C(=O)CN3CCOCC3)CC2)n1;Cc1ccc(OC2CCN(C(=O)N3CCN(C)CC3)C2)nn1;CN1CCC(N2CCC(NC(=O)c3cn(C)cn3)CC2)C1=O;CCCCCN1CCCn2c1nc1c2c(=O)n(C)c(=O)n1C;CNC(=O)CN1CCC(NC(=O)c2cnc(C)nc2C)CC1;COC1CC(C(N)=O)N(c2cc(N3CCCCC3)ncn2)C1;CNC(=O)CC(=O)N(C)C1CCCN(c2ccc(C)nn2)C1;CCOc1cc(N2CCC(N3CCCNC3=O)CC2)ncn1;CC(C)n1c(N2CCCCC2)nc2c1c(=O)n(C)c(=O)n2C;CC(C)c1cc(NCCN2C(=O)CNC2=O)nc(C(C)C)n1;CNC(=O)CN1CCC(NC(=O)Nc2ccnc(C)c2)CC1;COc1ccnc(CNC(=O)N2CCC3(CCN(C)C3)C2)n1;COc1ccnc(N2CCC(C(=O)N3CCC(N)C3)CC2)n1;Cc1cc(C2CCCN(C(=O)CN3CCCNC3=O)C2)[nH]n1;CCC(C(=O)N1CC(n2nc(C)nc2C)C1)N1CCCC1=O;CCn1nncc1C(=O)NC1CC(=O)N(C2CCCCC2)C1;CNC(=O)c1nc(C2CCN(C(=O)CC3CC3C)CC2)n[nH]1;CC(C)N1C(N2CCCCCC2)=NC2=C1C(=O)NC(=O)N2C;CC1CC(C(=O)Nc2cnc(N3CCNCC3)nc2)C(C)O1;COc1nc(OC)nc(N2CC(N3CC4CCCC4C3)C2)n1;Cc1cc(NC(=O)N2CCOCC2C2CC2)c(N(C)C)nn1
m_1f86e6,CC1=C(CC(=O)NCCC(=O)O)C(=O)OC2=CC3=C(C=C12)C(C1=CC=C(Cl)C=C1)=CO3;CC1=C(CC(=O)NCC(=O)O)C(=O)OC2=C(C)C3=C(C=C12)C(C1=CC=C(Cl)C=C1)=CO3;CN1CCN(C(=O)COC2=C3OCOC3=C(Br)C3=C2C(=O)N(C)CC3)CC1;O=C1C=C(C2=CC3=CC(Cl)=CC=C3OC2=O)C2=CC=C(O)C(CN3CCOCC3)=C2O1;CC1=C2OCN(CCC3=CC=C(Cl)C=C3Cl)CC2=CC2=C1OC(=O)C1=CC=CC=C12;COC1=CC=C(CCNC(=O)C2=CN=C3SC=C(C4=CC=CC=C4Cl)N3C2=O)C=C1;CC1=C(CC(=O)N[C@@H](C)C(=O)O)C(=O)OC2=CC3=C(C=C12)C(C1=CC=C(Cl)C=C1)=CO3;CCN(CC)C(=O)OC1=CC=C2C(C3=CC4=CC(Cl)=CC=C4OC3=O)=CC(=O)OC2=C1;COC1=CC(OC)=C(N2COC3=CC=C4C(=O)/C(=C/C5=CC=CO5)OC4=C3C2)C=C1Cl;CN(CC1=CC=CC=C1)CC1=C(O)C=CC2=C1O/C(=C\C1=CC=C(Cl)C=C1Cl)C2=O;O=c1c2ncccc2n(Cc2c(F)cccc2Cl)c(=O)n1Cc1ccc2c(c1)OCO2;NC1=NC2=C(N=C(SCC3=CC=C(Cl)C=C3)N2[C@@H]2O[C@H](CO)[C@@H](O)[C@H]2O)C(=O)N1;CN1C(=O)C2(O)C3=C(NC4=CC=C(Cl)C=C34)C3(O)C(=O)C4=CC=CC=C4N3C2(O)C1=O;CC1CC(NC(=O)C2(c3ccccc3Cl)CCOCC2)c2ccsc2S1(=O)=O;O=C(CSc1nc2ccc(N3C(=O)c4ccccc4C3=O)cc2s1)N1CCOCC1;O=C(Cc1csc(-c2ccc(Cl)cc2)n1)NC(Cc1c[nH]c2ccccc12)C(=O)O;CC(Oc1cccc(Cl)c1)C(=O)Nc1ccc2c(c1)Sc1ncccc1C(=O)N2C;O=C(Cc1csc(-c2ccccc2Cl)n1)NC(Cc1c[nH]c2ccccc12)C(=O)O;COC1=CC=CC=C1C/C(=N\OS(=O)(=O)O)S[C@H]1O[C@H](CO)[C@@H](O)[C@H](O)[C@H]1O;O=c1ccc(-c2ccccc2)nn1CCNS(=O)(=O)c1ccc(OC(F)(F)F)cc1;Cc1nc(-c2ccccc2Cl)sc1C(=O)NC(Cc1c[nH]c2ccccc12)C(=O)O;COC1=CC=CC(C/C(=N\OS(=O)(=O)O)S[C@@H]2O[C@H](CO)[C@@H](O)[C@H](O)[C@H]2O)=C1;COC1=CC=C(CC(=NOS(=O)(=O)O)S[C@@H]2O[C@H](CO)[C@@H](O)[C@H](O)[C@H]2O)C=C1;O=C(CC1=CSC(C2=CC=CC(Cl)=C2)=N1)N[C@@H](CC1=CNC2=CC=CC=C12)C(=O)O;Cc1nn(-c2ccccc2Cl)c2sc(C(=O)NC(C)(C)CCS(C)(=O)=O)cc12
m_20b8f2,CC(C)Nc1ncccc1C(=O)Nc1ncccc1O;COc1ccccc1CCNC(=O)c1nccnc1N;CNC(=O)c1ccc(N(C)Cc2ccc(O)cc2)nn1;COc1ncc(NCc2cccnc2C)cc1C(N)=O;Cc1ccc(C(=O)NCCNc2ccncc2)c(=O)[nH]1;COC1=CC(/N=N/C2=CC=C(N)C(OC)=C2)=CC=C1N;COc1cccc(C(=O)NCCNc2cnccn2)c1;CN(CC(=O)NCc1cccc(O)c1)c1cnccn1;CC(NC(=O)Nc1nccn(C)c1=O)c1ccccc1;COc1cc(NC(=O)NC(C)c2ccccc2)ncn1;COc1nccc(NC(=O)NC(C)c2ccccc2)n1;COc1ncccc1CNC(=O)Nc1ccncc1C;CNC(=O)c1ccc(CNc2nccc(OC)n2)cc1;COc1ncccc1NC(=O)NCc1ccncc1C;O=C(NCC1CCCC1O)c1nnc2ccccc2n1;Cc1cc(C(=O)N2CCC(c3nnc[nH]3)C2)ccc1O;Cn1cc(C(=O)NC2CCC2O)c(-c2cccnc2)n1;COc1ccc(NC(=O)NCc2ccc(C)nc2)cn1;Cn1cc(NC(=O)NC2CCc3c(O)cccc32)cn1;CC1CCN(C(=O)c2ncn(C)n2)c2c(O)cccc21;CCn1nncc1C(=O)N1CCc2ccc(O)cc2C1;O=C(c1cccnc1O)N1CCCC(c2ccn[nH]2)C1;CC(C(=O)N1CCCc2cccc(O)c21)n1cncn1;COc1cccc(C(=O)NC2CCc3ncnn3C2)c1;CCO[C@@H](C1=CC(OC)=C(O)C(OC)=C1)[C@H](O)CO
m_20c386,O=C(NCC(n1cncn1)C(F)(F)F)C1(O)CCCNC1;Nc1nnc(CNC(=O)C2CCCN(CC(F)(F)F)C2)o1;Cc1cc(C(=O)NCCC(CCO)c2cccs2)c(C)o1;O=C(O)CCC1CCN(C(=O)C2CC2c2ccsc2)CC1;CCSCc1ccc(C(=O)N2CCC(C)(C(=O)O)C2)cc1;O=C(NCC1CCOC1c1ccccc1)C1(O)CCSC1;CCCC(=O)OCc1cccc(SC2CCN(C)C2=O)c1;CC1CC(C(=O)O)CCN1C(=O)C1CCCc2sccc21;CCC(CCC(=O)O)NC(=O)C1CCSc2ccccc21;O=C(O)C1CCC2CCCCC2N1C(=O)Cc1ccsc1;O=C1CCN(Cc2ncnn2CCF)c2ccc(F)cc2N1;COC1CN(C(=O)N(C)CC(F)(F)F)CC1c1c[nH]nn1;O=C(O)C(O)C(O)C(O)C(O)CNC1(C(=O)O)CCCC1;C=CCNc1ncnc2c1ncn2C1OC(CO)C(O)C1O;O=C(O)C1CCN(C(=O)C2(c3cccs3)CCCCC2)C1;O=C(O)C1CC2CCCCC2N1C(=O)CCc1ccsc1;COC1CC(c2ncn[nH]2)N(C(=O)NC(C)C(F)(F)F)C1;NC1=NC=NC2=C1N=CN2[C@@H]1O[C@H](CO)[C@@H]2OCCCO[C@@H]21;CC(=O)N[C@@H]1[C@@H]([C@H](O)[C@H](O)CO)C[C@](O)(C(=O)O)C[C@@H]1O;O=C(CSCc1cccc2c1OCCO2)NC1CCCC1;O=C(O)CN(C(=O)C1CC1c1ccsc1)C1CCCCC1;C=C(CNC(=O)[C@H](CC(C)C)NC(=O)CN)P(=O)(O)O;CC1Cc2ccccc2N(C(=O)CC2CCS(=O)(=O)C2)C1;O=C(C1CCS(=O)(=O)C1)N1CCC(c2ccccc2)CC1;CCC1Cc2ccccc2CN1C(=O)CC1CS(=O)(=O)C1
m_214040,O=C(NCc1noc(-c2cccc(Br)c2)n1)c1c(O)cc(F)cc1F;O=C1N=C(O)/C(=C\C2=CNC3=CC=CC=C23)C(=O)N1C1=CC=C(Br)C=C1;CN(Cc1ccncc1)S(=O)(=O)c1cc2c(cc1Br)CCC(=O)N2;CCOC1=CC=C(C2=CN3C=C(I)C=CC3=N2)C=C1[N+](=O)[O-];Cc1oc(C(N)=O)cc1-c1csc(NC(=O)Cc2ccc(Cl)c(Cl)c2)n1;O=C(c1ccccn1)N1CCC(NS(=O)(=O)c2ccc(Br)cc2)C1;Brc1cc2c(cc1C=Nc1c(-c3ccco3)nc3ccccn13)OCO2;COC(=O)[C@H]1[C@H](C2=CC=C(Br)C=C2)N1S(=O)(=O)C1=CC=C(C)C=C1;Brc1ccccc1-c1nnc(CSc2nnc(NC3CC3)s2)o1;Cc1cc(NS(=O)(=O)c2ccc(Br)c(F)c2)n(-c2ccccc2)n1;CC1(C)COC(c2cccc(I)c2Sc2ccccc2)=N1;CC(C)(c1noc(C2(C#N)CCC2)n1)S(=O)(=O)c1ccc(Br)cc1;CC1CC(C)CN(C(=O)CSC2=Nc3ccccc3C3=NC(C(C)C)C(=O)N23)C1;CCC(C)(C)C(=O)OC1=C(c2ccc(Cl)cc2Cl)C(=O)OC12CCCCC2;CCc1cc(S(=O)(=O)Nc2ncnn2-c2ncccn2)ccc1Br;CC(=NNC(=O)c1c(Cl)c(C)nn1C)c1ccc2c(c1)Nc1ccccc1S2;Clc1ccc(OCCOC(=Cn2ccnc2)c2ccc(Cl)cc2Cl)cc1;O=C(CS(=O)(=O)c1ccc(Br)cc1)Nc1cccc2nsnc12;CC(C)(C)OC(=O)N1C2CCC(C2)C1C(=O)Nc1ccc(Br)cc1N;O=C1CN(c2ncnc3ncccc23)CCN1c1ccnc(C(F)(F)F)c1;COc1c(O)cc2oc3cc(O)c(CC=C(C)C)c(O)c3c(=O)c2c1CC=C(C)C;COc1cc2ccc(=O)oc2c(OC2OC(CO)C(O)C(O)C2O)c1OC;CCOC(=O)COc1cc(-n2ncc(C(F)(F)F)c(C)c2=O)c(F)cc1Cl;CC(C)(C)C(=O)NCCC(=O)Nc1nc(-c2ccc(Br)cn2)cs1;O=C(c1cc(=O)n(CC(O)=Nc2cccc(Cl)c2)c2ccccc12)N1CCCC1
m_217b19,O=C(CCn1cnc2ccccc21)NC(Cc1ccccc1)C(=O)O;O=C(CCN1C=NC2=CC=CC=C2C1=O)NC[C@@H](O)C1=CC=CC=C1;O=C(CCc1ccccn1)NC(Cc1c[nH]c2ccccc12)C(=O)O;O=C1N(C2=CC=CC=C2)N(C2=CC=CC=C2)C(=O)C1(O)N1CCCC1;O=C(CCc1ccccc1C(=O)O)NCCc1nc2ccccc2[nH]1;O=C(CCN1C(=O)CCC1=O)NC(c1ccccc1)c1ccccn1;O=C(CCc1ccc(C(=O)O)cc1)NCCc1nc2ccccc2[nH]1;O=C(CCCCCN1C(=O)C2=CC=CC=C2C1=O)NC1=CC=NC=C1;O=C(CC[C@@H]1NC(=O)C2=CC=CC=C2NC1=O)NCC1=CC=CC=C1;O=C(CCCCCN1C(=O)C2=CC=CC=C2C1=O)NC1=CC=CC=N1;O=C1CCN(C(=O)c2ccc(C(=O)Nc3ccccc3)cc2)CCN1;CC1=CC(=O)C(OCC(=O)N2CCC3=C(C2)C2=CC=CC=C2N3)=CN1;CC1=CC(=O)C(OCC(=O)N2CCC3=C(C2)NC2=CC=CC=C32)=CN1;CN(C(=O)CN1CCC(=O)NC1=O)c1ccccc1-c1ccccc1;CCn1c(NC(=O)CCc2ccccc2C(=O)O)nc2ccccc21;O=C(CN1C(=O)C2CCCCC2C1=O)Nc1ccc2ccccc2n1;O=C(Cc1n[nH]c(=O)c2ccccc12)NC(CO)Cc1ccccc1;O=C1NC2=CC=CC=C2O[C@H]2C[C@@H]1N(C(=O)NCC1=CC=CC=C1)C2;O=C(C[C@@H]1NC(=O)C2=CC=CC=C2NC1=O)NCCC1=CC=CC=C1;CC(=O)C1=NC2=CC=CC=C2N1CC(=O)NCCOC1=CC=CC=C1;Cc1cccc2[nH]c(CCC(=O)NCc3cccc(C(=O)O)c3)nc12;O=C(NCCc1ccc(O)cc1)NCc1cc(-c2ccccc2)on1;O=C(O)c1ccc(C(=O)N2CCN(CC3CC3)c3ccccc32)nc1;COC1=CC=C(CNC(=O)CCC2=NC3=CC=CC=C3NC2=O)C=C1;COC1=CC=CC=C1C(=O)NCCNC(=O)C1=CNC2=CC=CC=C12
m_21cd44,Cc1cccc(NC(=O)Cn2c(-c3ncccn3)noc2=O)c1C;Cc1ccc(=O)n(Cc2nc(CC(=O)Nc3ccccc3)no2)n1;O=C(c1nnn(-c2ccccc2)c1C(F)(F)F)N1CCNCC1;CC1=C(C)N2C3=C(N=C2N1C1=CC=CC(O)=C1)N(C)C(=O)NC3=O;Fc1ccccc1N1CCN(c2cc(C(F)(F)F)ccn2)CC1;Cn1c(=O)[nH]c2ncc(-c3cccc(C(=O)NCC(N)=O)c3)cc21;Fc1ccc(N2CCN(c3ncccc3C(F)(F)F)CC2)cc1;NC(=O)c1ccccc1NC(=O)CCn1nc2ccccn2c1=O;CC1=C(C)N2C3=C(N=C2N1C1=CC=C(O)C=C1)N(C)C(=O)NC3=O;CN1C(=O)NC(=O)C2=C1N=C1N(CCO)C(C3=CC=CC=C3)=CN21;CN(C)c1cnc(C(=O)N(CC(F)(F)F)c2ccccn2)cn1;Cn1cnc2c(C(=O)N3CC(Oc4ccccc4)C3)[nH]nc2c1=O;Cn1ccc(NC(=O)c2c[nH]nc2-c2ccc3c(c2)OCCO3)n1;Cc1nn(C)cc1CNc1nn2cc(-c3cccnc3)nc2s1;Cc1nnc2n1CC(NC(=O)c1ccc(C(F)(F)F)cn1)CC2;Cc1nc(C(F)(F)F)ccc1C(=O)NCc1nnc2n1CCC2;O=C(NCC1CC1C(F)(F)F)Nc1cnn(-c2ccccc2)n1;Cc1ccnc2nc(C(=O)NCC3COc4ccccc4O3)nn12;Cc1cnc2c(c1)N(C(=O)c1cc(-c3ccn(C)n3)on1)CCO2;COc1cccc(C(=O)Nc2cccc(-c3nnn[nH]3)c2)c1OC;COc1ccc(CNC(=O)c2ccnc3c(C(N)=O)cnn23)cc1;O=C(NCc1nnc2n1CC(C(F)(F)F)CC2)c1ccccn1;CN(c1ccc2nccnc2n1)C1CCN(CC(F)(F)F)C1=O;COC1=CC=C(C2=CN3C(=N2)NC2=C3C(=O)N(C)C(=O)N2C)C=C1;COC1=CC=C(OC)C(/C=C/C(=O)N2C=NC3=C(N)N=CN=C32)=C1
m_2363c0,CN(C)C(=O)Cn1nc2n(c1=O)CCN(c1ncc(C(F)(F)F)cc1Cl)C2;O=C(CCN1C(=O)C2=CC=CC=C2N2C(=O)C3=CC=CC=C3C12)NC1=NC=CS1;COC(=O)C1CCN(C(=O)COc2cc3sc(C)nc3c3sccc23)CC1;O=C(O)CSCC(=O)N1C[C@@H]2C[C@H](C1)C1=CC=C(C3=CC=CS3)C(=O)N1C2;COC1=CC=C2C=C(C(=O)N[C@@H](CCSC)C(=O)NC3=NC=CS3)NC2=C1;O=c1[nH]c(CN2CCN(S(=O)(=O)Cc3ccccc3)CC2)nc2ccsc12;O=C(CCN1C(=O)/C(=C/C2=CC=C3OCOC3=C2)SC1=S)N1CCCCC1;NC(=O)c1ccc(N(C(N)=O)c2c(F)cccc2F)nc1-c1ccc(F)cc1F;O=C(CC1=CN(OC(=O)C2=CC=CC=C2)C2=CC=CC=C12)NC1=CC=CC=C1Cl;O=C(NC1(c2cccc(C(F)(F)F)c2)CCC1)c1cnc(-c2ncccn2)s1;CS(=O)(=O)N1CCN(C(=O)C2(c3cccc(Cl)c3)CC2)Cc2ccccc21;C=C(NC1=CC(Cl)=CC=C1O)C1=C(O)N(C2=CC=CC=C2)C2=CC=CC=C2C1=O;O=C(O)c1cc(S(=O)(=O)N2CCC(N3CCCCC3)CC2)cc(F)c1Cl;NS(=O)(=O)C1=CC=C(NC(=S)N2C[C@@H]3C[C@H](C2)C2=CC=CC(=O)N2C3)C=C1;CCS(=O)(=O)C1=CC=C2OC([C@H]3CCN(CC4=CC=CC(Cl)=C4)C3)=NC2=C1;CS[C@@]1(CC2=CC=CC=C2O)NC(=O)[C@]2(CC3=CC=C[C@H](O)[C@H]3S2)NC1=O;COc1ccc(NC(=O)C(C)n2nc(C(F)F)c(S(C)(=O)=O)n2)cc1OC;O=C(O)C(Cc1c[nH]c2ccc(O)cc12)NCC(O)C(O)COP(=O)(O)O;O=C1C(C2=CC=C(Cl)C=C2)=COC2=C3CN(CC4=CC=CC=N4)COC3=CC=C12;O=C1/C(=C/C2=CC=CC=C2Cl)OC2=C1C=CC1=C2CN(CC2=CC=CC=N2)CO1;O=C1OC2=C3CN(CC4=CC=NC=C4)COC3=CC=C2C=C1C1=CC=C(Cl)C=C1;CN1C(=O)c2cccc3c(S(=O)(=O)Nc4cc(-c5ccccc5)[nH]n4)ccc1c23;CC1=C(C(=O)C2=CC=C(Cl)C=C2)OC2=CC(NC(=O)NC3=CC=CC=C3)=CC=C12;[B]C1=NN(C2=NC=CC=C2Cl)C(C(=O)NC2=C(C)C=C(C#N)C=C2C(=O)NC)=C1;O=C1/C(=C/C2=CC=CC=C2Cl)OC2=C1C=CC1=C2CN(CC2=CC=NC=C2)CO1
m_23ff71,CCn1c(N=NN(C)C)nc2c1c(=O)n(C)c(=O)n2C;CCCc1c(-c2ccccc2)[nH]n(-c2ccccn2)c1=O;O=C(C1CCCO1)N1CCN(c2cccc(F)n2)CC1;O=C(C1CCCN1c1cccc(F)n1)N1CCOCC1;CCCc1c(-c2ccccc2)nn(-c2ccccn2)c1O;CCC1C(=O)NCCN1CC(=O)Nc1cccc(F)c1;O=C1CCCC2=NC(N3CCC4=CC=CC=C4C3)=NC=C12;Cn1nc(C(=O)NC(C)(CO)CCF)c2ccccc21;CSC(C)C(=O)Nc1cccnc1N1CCCCC1;CC1CN(C(=O)c2[nH]nc3c2CCCC3)CC(C)S1;C1=CC=C(CN2CC[C@H](C3=NC4=CC=CC=C4O3)C2)N=C1;CC1Cc2c(C(=O)N3CCC=C(F)C3)n[nH]c2C(C)O1;CCSc1ccc(NC(=O)N2CCCCCC2)cn1;CCCC(=O)Nc1ccc(-n2ncc3ccccc32)cc1;O=C(c1cccnc1)N1CCN(C2CC2)c2ccccc21;CC(CNC(=O)c1ccncc1F)N1CCCCC1=O;c1ccc(N2CCN(c3nccc4occc34)CC2)cc1;COC(C)(C)CC(=O)NCc1nc2c(F)cccc2[nH]1;CCc1ccc(NC(=O)c2ccc3nccn3c2)cc1C;Cc1[nH]c2ccccc2c1NC(=O)CCc1ccccn1;CC(NC(=O)N1CCC2(CCC2)CC1)c1nccs1;Cc1nnc(COc2ccc(F)cc2OC(C)C)n1C;C#CCN(C)CC1=NC(C2(O)CCN(C)CC2)=CS1;Cc1c(C(=O)NC(C)c2ccccc2)ccc2cncn12;NC(=O)NCCCC(NCC(O)C(O)CO)C(=O)O
m_254f59,Cc1cc(C(=O)Nc2ccccc2CN2CCCC2)[nH]n1;CN(CC1=CC=CC=C1)C(=O)[C@@H]1CC2=C(CN1C)N=CN2;CCc1nc(C(=O)N2CCN(CC)c3ccccc32)c[nH]1;Cc1cccc(-c2nc(C)nn2CC(=O)N(C)C2CC2)c1;Cn1nccc1C(=O)NCCN1CCc2ccccc2C1;CC1=CC(=O)NC(N2CCN(CC3=CC=CC=C3)CC2)=N1;CCc1ccc(CN(C(=O)c2n[nH]nc2C)C2CC2)cc1;Cc1cc(C(=O)Nc2ccccc2N2CCCCC2)[nH]n1;Cn1cncc1CNC(=O)N1CCC(c2ccccc2)C1;Cn1ccc(CN2CCN(c3ccccn3)CC2)cc1=O;Cn1nccc1NC(=O)N1CCC(c2ccccc2)CC1;Cc1c[nH]nc1CNC1CCCN(c2ccccc2)C1=O;CN1CCCN(Cc2ccn(-c3ccccc3)n2)CC1=O;Cc1c[nH]nc1CN1CC(C)C(=O)N(C)c2ccccc21;Cc1ccc(CN(C(=O)c2n[nH]nc2C)C2CC2)cc1C;CCn1cc(NC(=O)N(C)C2Cc3ccccc3C2)cn1;Nc1nc(O)cc(C2CCN(CCc3ccccc3)C2)n1;CCc1ccccc1C(=O)N1CCC(n2ccnn2)CC1;CN1CC(NCc2cccc(-c3cnn(C)c3)c2)CC1=O;Cc1cc(NC(=O)C2CCN(C)C2)nn1-c1ccccc1;Cc1nc(C)n(-c2ccc(C(=O)N3CCCCC3)cc2)n1;Cc1cc(N2CCN(c3ccccc3O)CC2)nc(C)n1;Cc1nc(NC(=O)Cc2ccc(C3CCC3)cc2)nn1C;CC(C(=O)N1CCC(Cc2ccccc2)C1)n1cncn1;Cc1cccc(CNC(=O)CN2CCn3cncc3C2)c1
m_25a38e,COC1=CC=C2N=C(SCC3=C(C)C(=O)C(C)=CN3)NC2=C1;COC1=C(C)C=NC(CSC2=NC3=CC=C(O)C=C3N2)=C1C;COc1ccc(-c2nc(-c3cnn(C)c3)sc2C)c(OC)c1;COc1ccc(C(C)OC(=O)c2ccc3nncn3c2)cc1F;COc1ccc(CCNc2ncnc3sccc23)cc1OC;Cn1cc2ccnc3c2c1C(=O)c1[nH]cc(-c2ccc(O)cc2)c1-3;COc1c(C)cccc1C(=O)NC(=S)Nc1cccc(C)n1;COc1cccc(-c2nc(-c3cn(C)nc3C)cs2)c1OC;CO[C@@H]1C2=CC3=CC=CC=C3N=C2C2=NC3=CC=CC=C3C(=O)N21;COC1=CC=CC2=C1N=C1C3=C(C=CN1C2=O)C1=CC=CC=C1N3;COc1cccc2c(C)c(C(=O)N(C)CCC(F)(F)F)oc12;COc1ccccc1C(CNc1ncnc2ccsc12)OC;COc1ccc(OCc2nc(-c3cn(C)nc3C)cs2)cc1;COc1cccc2[nH]cc(CCNC(=O)c3scnc3C)c12;COc1ccc2c(c1)C1(CCO2)CC1C(=O)NCC(F)(F)F;CC(Oc1ccccc1Cl)C(=O)Nc1ccc2c(c1)CCC2;COC(=O)Nc1nc2ccc(C(O)c3ccc(F)cc3)cc2[nH]1;COC1Cc2ccccc2N(C(=O)c2snnc2C2CC2)C1;Cc1cc(OCC(=O)Nc2ccc3c(c2)CCC3)ccc1Cl;CCC(OC)C(=O)Nc1c(-c2cccs2)nc2ccccn12;Cc1cc2cc(C(=O)NCCC(O)C(F)(F)F)oc2cc1C;Cc1nsc2ncn(CC(O)CCc3ccccc3)c(=O)c12;CCc1nc(C(C)NC(=O)COc2ccccc2C#N)cs1;O=C1CC(O)(C2=NC=CC3=C2NC2=CC=CC=C23)C2=CC=NC=C12;CC(C)=CCOc1cc(NC(=O)c2ccccc2)ccc1Cl
m_25cfa1,COc1ccccc1OCC(=O)N1CCN(C2CCCN(C)C2)CC1;COc1ccc(CN2CCN(C(=O)NC3CCCCC3)CC2)cc1O;COc1ccc(CN2CCN(C(=O)CN3CCC(O)CC3)CC2)cc1;CCN(CC)C(=O)CN1CCCN(C(=O)c2ccccc2OC)CC1;COc1ccccc1C(CNC(=O)N1CCOCC1C)N1CCCC1;COc1ccccc1NCC(=O)N1CCC(N2CCOC(C)C2)CC1;COc1ccc(CC(=O)NC2CCN(CC(=O)NC(C)C)CC2)cc1;CCOc1ccccc1NC(=O)N1CCC(N2CCC(OC)C2)CC1;COc1cccc(CN2CCC(C(=O)N3CC(C)OC(C)C3)CC2)n1;COc1ncc(C)cc1NC(=O)N1CCC(OCC2CCCC2)CC1;COc1ccccc1N1CCC(NC(=O)N2CCCC(CO)C2)CC1;COc1ccccc1C(C)NC(=O)NCCC(=O)N1CCCCCC1;CC(C)COc1ncccc1C(=O)N1CCN(C2CCCC2O)CC1;CC(C(=O)NC1CC1)N1CCN(CC(O)COc2ccccc2)CC1;CN1CCOC(CNCc2ccccc2OCC(=O)N2CCCC2)C1;CCNC(=O)CN1CCN(C(=O)Cc2ccccc2OC(C)C)CC1;COc1cc2c(cc1OC)CN(CCNC(=O)C1CCCC1N)CC2;COc1cc2c(cc1OC)CN(CCNC(=O)C1CCC(N)C1)CC2;Cc1ccc(OCC(O)CN2CCC(N3CCNC3=O)CC2)c(C)c1;CCOc1ccc(C(=O)NC2CCN(CCN3CCOCC3)C2)cc1;CNC(=O)CN1CCC(NC(=O)CCCOc2cccc(C)c2)CC1;CN1CCN(C[C@@H]2OC[C@H](NC(=O)CCC3=CC=CC=C3)[C@H]2O)CC1;CNC(=O)CC1CCN(C(=O)NCCc2cc(C)ccc2OC)CC1;COc1cccc(N2CCCC(NC(=O)N3CCC(C)C3CO)C2)c1;CC(C)(O)CN1CCN(C(=O)c2ccccc2N2CCOCC2)CC1
m_26bf54,COc1ncccc1NC(=O)N1CCC(C)CC1;COc1cccc(CN2CCC(C(N)=O)CC2)n1;Cc1cnccc1N1CCCC(O)(CC(N)=O)C1;COc1cccc(NC(=O)N2CCC(C)CC2)n1;CC(Oc1cccnc1)C(=O)N1CCCC(N)C1;COc1cnccc1C(C)NC(=O)N1CCCC1;Cc1cc(N2CCCC(O)(CC(N)=O)C2)ccn1;CC(O)C(=O)N1CCCN(c2ccccn2)CC1;Cc1ccnc(N2CCCC(O)(CC(N)=O)C2)c1;CC(Oc1cccnc1)C(=O)N1CCNCC1C;Cn1cccc(NC(=O)C2CCCC(N)C2)c1=O;CN(C)c1ccnc(C(=O)N2CCCC(O)C2)c1;O=C(NCC1(O)CCCCC1)Nc1ccncc1;CC(C)Oc1ncccc1CNC(=O)N1CCC1;NC1CCCN(C(=O)CCn2ccccc2=O)C1;CN(Cc1cccnc1)C(=O)NC1CCOCC1;CCN(C(=O)c1ccc(=O)n(C)n1)C1CCCC1;COc1ncc(NC(C)CC2CC2)cc1C(N)=O;NC(=O)C1(O)CCCN(CCc2ccncc2)C1;COc1ccc(NC(=O)N2CCCC(C)C2)cn1;COC1CC(C(=O)NCc2cccnc2)N(C)C1;CC(C)Oc1nccnc1N1CC2C(CO)C2C1;COCC1CCCN(C(=O)Nc2cccnc2)C1;CCOc1cccc(NC(=O)N(CC)C2CC2)n1;Cc1cc(NC(=O)CC2CCCCC2)nc(=O)[nH]1
m_273696,O=C(c1ccncc1)N1CCN(C(=O)c2ccc(Cl)cn2)CC1;CN(C(=O)c1nccnc1C(=O)Nc1ccc(Cl)cc1)C1CC1;O=C(Nc1ncccc1Cl)C1CCCN1C(=O)c1ccccn1;NC(=O)c1nccnc1C(=O)NCC1(c2ccccc2Cl)CC1;CCOc1c(Cl)cccc1NC(=O)c1cnc2[nH]c(C)nc2c1;O=C(Nc1cccnc1)NC1CC(=O)N(c2ccc(Cl)cc2)C1;O=C(Nc1ccncc1)NC1CCN(c2ccccc2Cl)C1=O;COc1c(C(=O)NCc2ccccc2Cl)cnc2c1cnn2C;COc1ccc(Cl)cc1N(C)C(=O)c1cnc2[nH]c(C)nc2c1;Cc1ccc(CNC(=O)c2ccoc2C)c(-n2cc(Cl)cn2)n1;CCc1ncc(NC(=O)C(=O)N2CCc3cc(Cl)ccc32)cn1;COc1c(F)cc(NC(=O)c2cnn(-c3ccccc3)n2)cc1F;COc1ccc(Cl)cc1C(=O)NC(C)c1nnc2ccccn12;CCCn1nccc1NC(=O)c1cc(-c2cccc(Cl)c2)no1;NC(=O)c1ccc(NC(=O)N2CCc3cc(Cl)ccc3C2)cn1;CCn1nnc2cc(C(=O)Nc3ccc(OC)c(Cl)c3)ccc21;O=C(NCCc1noc(-c2ccccn2)n1)c1cccc(F)c1F;N#Cc1ccc(Cl)c(C(=O)NCC2CCOC2c2cn[nH]c2)c1;Cc1c(Cl)cnc(N2CCN(C(=O)c3ccco3)CC2)c1C#N;O=C(Nc1ccc(OC(F)F)cc1)c1cnn(-c2ccccc2)n1;CCC(NC(=O)c1ccc2n[nH]c(=O)n2c1)c1cccc(Cl)c1;N#Cc1nc(-c2ccc(Cl)cc2)oc1N1CCC(C(N)=O)CC1;Cn1nc(-c2ccco2)cc1NC(=O)NCc1cccc(Cl)c1;CC(NC(=O)COC1CCNCC1)c1ccc(Cl)cc1Cl;O=C(c1oc2ccccc2c1Cl)N1CCN(c2ncc[nH]2)CC1
m_27df2d,CC(C)n1c(SCC(=O)N2CCCC2)nc2ccccc2c1=O;CCCN1C(=O)/C(=C\C2=NC3=CC=CC=C3C(=O)N2)C2=CC=CC=C21;COc1ccccc1N1CCN(C(=O)c2sc(C)nc2C)CC1;CC(C)c1ncsc1C(=O)N1CCN(c2ccccc2O)CC1;COC1=CC=C2C(=O)N3CCC4=C(C3=NC2=C1)N(C)C1=CC=CC=C41;Cc1c(-c2ccccc2)[nH]c(SCCCC(=O)N(C)C)nc1=O;Cc1ncc(CN2CCN(C(=O)c3cccc(C)c3O)CC2)s1;Cc1c(CC(=S)N2CCOCC2)c(=O)n(-c2ccccc2)n1C;CCc1nnc(C2CCN(C(=O)c3ccccc3OC)CC2)s1;CON(C)C(=O)CSc1nc2c(n1-c1ccccc1)CCCC2;COc1cc(CC(=O)Nc2nc3c(s2)CN(C)CC3)ccc1C;Cc1cc(C)cc(-n2ccnc2SCC(=O)N2CCOCC2)c1;O=C(NCCC1=CNC2=CC=CC=C12)C1=CC(O)=NC2=CC=CC=C12;Cc1nc2c(s1)CCCC2CN(C)C(=O)Cn1ccccc1=O;Cc1ccccc1-c1nnc(SCC(=O)N2CCC(C)CC2)o1;O=C(CCN1CC(c2nc3ccccc3s2)C1)N1CCOCC1;Cc1nc(C2CCCN(C(=O)Cn3ccccc3=O)C2)sc1C;C[C@H](O)C1=CN=CC2=C1C=C1C3=C(CCN1C2=O)C1=CC=CC=C1N3;COc1cc2ccccc2cc1C(=O)NCc1cn2ccccc2n1;O=C(CN1CCCCC1=O)NCCCc1nc2ccccc2s1;Cc1ccc(SCC(=O)N2CCCC(c3nc(C)no3)C2)cc1;O=C(NCCC1=CC=CC=C1)C1=CC2=C(NC3=CC=CC=C32)C(O)=N1;CC(=O)NC(Cc1c[nH]c2ccccc12)C(=O)N1CCSCC1;CCc1csc(C2CCCN(C(=O)Cn3ccccc3=O)C2)n1;Cc1cc(OC2CCN(C(=O)Cc3ccsc3)CC2)nc(C)n1
m_293ec0,O=c1[nH]c(CN2CCN(c3ccccc3O)CC2)nc2cc(Cl)ccc12;O=C(NCc1cc2ccccc2o1)N1CCN(c2ccc(Cl)cn2)CC1;COCc1nc2n(n1)CC(NC(=O)c1cc(OC(F)F)ccc1F)CC2;O=C(NCc1cc(Cl)ccc1N1CCOCC1)c1cn2ccccc2n1;O=C(Nc1ccc(CN2CCOCC2)c(Cl)c1)c1cccc2cn[nH]c12;COCc1nc2n(n1)CC(NC(=O)c1ccc(OC(F)(F)F)cc1)CC2;O=C(NCCCn1nc2ccccn2c1=O)C1(c2cccc(Cl)c2)CC1;COc1ccc(Nc2nc(C(=O)NC3CCCn4ncnc43)cs2)cc1;CCN(CC(=O)NCc1ccc(Cl)cc1)C(=O)c1n[nH]c2ccccc12;O=C(CNC(=O)c1ccc(F)c(F)c1)NCc1ccccc1-n1ccnc1;O=C(O)c1cc(F)ccc1CN1CCC(c2nc3ccccc3s2)CC1;CS(=O)(=O)NC[C@@H]1O[C@@H](CC(=O)N2CCC3=CC=CC=C32)[C@H](O)[C@@H]1O;Cn1ccc2c(Nc3cccc(Cl)c3)ncc(C(=O)N3CCOCC3)c21;O=C(NC1CCc2ncnn2C1)c1ccc(Oc2ccc(F)c(F)c2)cc1;O=C(CCn1nc2ccccn2c1=O)N1CCC(c2ccc(Cl)cc2)C1;COc1ccc(CNC(CCC(=O)NC(CS)C(=O)O)C(=O)O)cc1;Cc1cn(-c2c(F)cccc2F)nc1C(=O)NCc1cccc(C(N)=O)c1;O=C(NCC1=CC=CO1)[C@@H]1CC2=C(CN1CC1=CC=C(Cl)C=C1)N=CN2;Cc1noc(C2CCN(C(=O)c3cccnc3OCC(F)(F)F)CC2)n1;COc1ccc(Nc2nc(C(=O)NCc3nncn3C3CC3)cs2)cc1;Cc1onc(-c2ccccc2Cl)c1C(=O)N1CCC(c2ncc[nH]2)CC1;CCCOc1ccc(NC(=O)c2cncc(-c3cnn(C)c3)c2)cc1Cl;Cc1noc2nc(-c3cccc(Cl)c3)cc(C(=O)N3CCC(CN)C3)c12;COCC1CCCN(C(=O)CNS(=O)(=O)c2ccc(C(=O)O)cc2)C1;Cn1cc(N2CCN(C(=O)c3ccc(-c4ccccc4Cl)o3)CC2)cn1
m_2a0e17,CCC(C(=O)O)N1CCN(Cc2ccc(F)cc2Cl)CC1;O=C(O)CCCN1CCN(Cc2c(F)cccc2Cl)CC1;COC1(C(=O)N(C)Cc2c(F)cccc2Cl)CCNCC1;NCCCOC1CCN(C(=O)c2cccc(F)c2Cl)CC1;CNCC1CCN(C(=O)C(C)Oc2ccc(F)cc2Cl)C1;COC1CC(C(=O)NCCc2ccc(F)cc2Cl)N(C)C1;CCN1CCC(NC(C)C(=O)O)C1c1ccc(Cl)c(F)c1;O=C(c1ncccc1C(F)(F)F)N1CCC(O)C12CCCC2;CC(Oc1ccc(F)cc1Cl)C(=O)N(C)C1CCNCC1;NC(=O)CC1CCN(C(=O)c2ccccc2C(F)(F)F)CC1;CN1C(=O)C2(CCN[C@H]2C2=CC=CC=C2)C2=CC=CC=C21.Cl;CNC(=O)C1(COC)CCCN1Cc1cccc(Cl)c1F;Cc1cccc(C(=O)NC2CC(=O)N(CC(F)(F)F)C2)c1C;CNC(=O)C1(COC)CCCN1Cc1ccc(F)c(Cl)c1;O=C(NCC1CCCCN1CCO)c1cccc(Cl)c1F;CCc1ccc(C(=O)NC2CC(=O)N(CC(F)(F)F)C2)cc1;CCCCC(=O)NC1CCN(Cc2ccc(Cl)s2)CC1;CN1CCC(Nc2cncc(SCc3ccccc3)n2)C1=O;CCNC(=O)CCN1CCOC(c2ccc(F)c(Cl)c2)C1;O=C1CCN(C(=O)Nc2cccnc2OCC(F)F)CCN1;O=C(CCn1ccn2nccc2c1=O)NCc1ccc(F)cc1;COc1cccc(C(=O)NCC23CNCC2(C(F)(F)F)C3)c1;Cc1c(NC(=O)C2CCCC(=O)N2C)cccc1C(F)(F)F;O=C(CN1CCCCC1=O)Nc1cccc(CC(F)(F)F)c1;NCCC(=O)N1Cc2cc(Cl)ccc2CC1c1ccccc1
m_2aa8ea,CC1(C)C(=O)NCCN1C(=O)C1CCCN(C(=O)CCOc2ccccc2)C1;Cc1ccc(C(CNC(=O)C2CCN(C(=O)N3CCCC3)CC2)C(=O)O)cc1;CCN1CCCC1CN1CC(C(=O)NC(Cc2ccccc2)C(=O)O)CC1=O;NC(=O)[C@@H]1CCCN1CC[C@H]1CN(C(=O)C2=CC=CC=C2)CC[C@H]1CC(=O)O;CC(Cc1ccc(NC(=O)C2CCCN(C(=O)N3CCCC3)C2)cc1)C(=O)O;CC(=O)NCCN1CC[C@H]2CN(C(=O)COC3=CC=CC=C3)CC[C@H]2CC1=O;CC(NC(=O)C1CCCC1)C(=O)Nc1ccc(CC(=O)N2CCOCC2)cc1;COCC(=O)N1CC[C@H]2CC(=O)N([C@@H](CC3=CC=CC=C3)C(N)=O)CC[C@H]2C1;COc1cc2c(cc1OC)CN(CC(=O)N1CC(NC(=O)C3CCC3)C1)CC2;CCOC(=O)C(=O)NC1=CC=CC(C(=O)NC[C@@H]2CCCN3CCCC[C@H]23)=C1;COC1=CC=CC2=C1NC(C[C@H]1CN(C(=O)C(C)(C)C)CC[C@H]1CC(=O)O)=N2;CCOC(=O)C(=O)NC1=CC=C(C(=O)NC[C@@H]2CCCN3CCCC[C@H]23)C=C1;COC1=CC=CC2=C1NC(C[C@H]1CN(C(=O)CC(C)C)CC[C@H]1CC(=O)O)=N2;Cc1cccc(N2CC(C(=O)N3CCC(N(C)CC(=O)O)CC3)CC2=O)c1C;CCNC(=O)N1CC[C@@H](CC(=O)O)[C@@H](CC2=NCCC3=CC(OC)=CC=C23)C1;O=C(CCc1ccc2c(c1)OCO2)N1CCN(C(=O)NC2CCCCC2)CC1;C[C@@]1(O)CCN(C(=O)N2CCOCC2)[C@@H](C2=CC=CC=C2)[C@@H]1NC(=O)C1CC1;CCNC(=O)N1CC[C@@H](CC(=O)O)[C@@H](CC2=NCCC3=CC=C(OC)C=C23)C1;COC1=CC=C2N=C(C[C@H]3CN(C(=O)C(C)(C)C)CC[C@H]3CC(=O)O)NC2=C1;COC1=CC=C2N=C(C[C@H]3CN(C(=O)CC(C)C)CC[C@H]3CC(=O)O)NC2=C1;COCC(=O)N[C@H]1[C@H](C2=CC=CC=C2)N(CC2=C(C)ON=C2C)CC[C@@]1(C)O;CC1(C)C[C@@H](NC(=O)CC[C@@H]2NC(=O)N(CCC3=CC=CC=C3)C2=O)CCO1;COC1=CC=C(C(=O)N2CC[C@H]3CC(=O)N(CCNC(C)=O)CC[C@H]3C2)C=C1;COC1=CC=C(C(=O)N2CCN3C(=O)N(C4CCCCC4)C[C@H]3C2)C=C1OC;CN(C)CC1=CC(C[C@@H]2CC[C@H](O)[C@@H](CNC(=O)CC3=CC=CC=C3)O2)=NO1
m_2ac2ed,COc1cccc(C(=O)N2CCN(C(=O)c3ccccc3Cl)CC2)c1;COc1ccc(C(=O)N2CCN(C(=O)c3ccccc3Cl)CC2)cc1;COc1ccc(Cl)cc1C(=O)Nc1cccc(CN2CCCC2=O)c1;Cc1nn(CC(O)COCc2ccccc2Cl)c(=O)c2ccccc12;COc1ccc(C(=O)NCCc2c[nH]c3c(Cl)cccc23)c(OC)c1;COC1=CC=C2C(CCNC(=O)COC3=CC=C(Cl)C=C3)=CNC2=C1;CN(Cc1c(Cl)cccc1C(=O)O)C1CCN(c2ccccc2)C1=O;COC1=CC=C2NC=C(CCNC(=O)C3=CC(Cl)=CC=C3OC)C2=C1;COc1ccc(NC(=O)Cc2ccc(Cl)cc2)cc1N1CCCC1=O;CN(Cc1ccccc1C(=O)O)C1CCN(c2ccccc2Cl)C1=O;CCOc1ccc2c(c1)C(NC(C)=O)C(=O)N2Cc1cccc(Cl)c1;O=C(NCCc1ccccc1OC(F)F)c1c[nH]c(=O)c2ccccc12;COC1=CC=C(C(=O)NCCC2=CNC3=CC=C(Cl)C=C23)C=C1OC;NC(=O)C1(O)CCN(C(=O)c2cc(-c3ccccc3)ccc2Cl)CC1;O=C(c1cc2c([nH]c1=O)CCCC2)N1CC(Oc2ccccc2Cl)C1;O=C(Nc1ccccc1)C1CCN(C(=O)c2ccc(O)c(Cl)c2)CC1;Cc1ccc(C(=O)N2CCN(C(=O)c3ccc(Cl)cc3)CC2)c(O)c1;O=c1[nH]c(O)c(Cc2c[nH]c3ccccc23)n2c(=O)c3ccccc3nc12;O=C(O)c1ccc(C(=O)N2CCN(Cc3ccccc3Cl)CC2)cc1;COc1cc(OC)cc(N(C)C(=O)Cc2c[nH]c3ccc(Cl)cc23)c1;O=C1NC(=O)[C@H](CC2=CNC3=CC=CC=C23)N2C1=NC1=CC=CC=C1C2=O;CNC(=O)C1(COC)CCCN1C(=O)COc1ccc(Cl)c(F)c1;O=C(O)c1cccc(CCNC(=O)C2CC(=O)N(CC(F)(F)F)C2)c1;CNC(=O)C1(COC)CCCN1C(=O)COc1ccc(F)cc1Cl;COc1cc(Cl)ccc1C(=O)N(Cc1cccc(C(N)=O)c1)C1CC1
m_2b524a,Cc1ccc(O)c(CNC2CCN(C(C)C)CC2)n1;CC(NC(=O)Cn1cnc2c1CCCC2)C(C)(C)C;CC(C)CN(CC(C)C)C(=O)NCc1cccnc1;CCC(CC)C(=O)NC1CCCCC1n1cccn1;CNCC(O)CN1CCN(c2cccc(C)c2)CC1;CC(C)C1CCCN(C(=O)CCc2c[nH]cn2)CC1;CCC(NC(=O)c1cnn(C)c1C)C1CCCCC1;CC(O)CN1CCN(C(C)c2cccnc2)CC1C;CCCc1nccn1CC(=O)NC1CCCCCC1;CCC1CN(Cc2cccnc2)CCN1CC(C)O;CCCCN(C(=O)c1cnc(C)nc1C)C(C)CC;C[C@@H]1NCCCOCCCN[C@H](C)C2=NC1=CC=C2;C[C@@H](CC1=CC=CC=C1)NC(=O)[C@@H](N)CCCCN;CC(NCC1CCN(CCO)CC1)c1cccnc1;Cc1n[nH]c(C)c1NC(=O)CCCC1CCCCC1;Cc1cccc(N2CCN(CC(C)(O)CN)CC2)c1;CC1(C)CC(NC(=O)Cn2cccn2)CC(C)(C)C1;Cc1n[nH]c(C)c1CNC(=O)CC1CCCCC1C;Cc1cnn(CCC(=O)NC2(C)CCCCCC2)c1;CC1=CC=C2CN(C(C)C)CC[C@@H](CO)N(C)C2=N1;CCc1nn(C)cc1CNC(=O)C(C)(C)C1CCC1;CCCC(N)C(=O)N(C)Cc1cccc(N(C)C)c1;CCOC1CC(NCc2c[nH]nc2C)C12CCCC2;CCn1nccc1CNCC1CCOC2(CCC2)C1;CCOc1ncccc1CNC1CCCN(CC)C1
m_2b7513,CC(C)(C)c1ccccc1OCC(=O)N1CCC(C(=O)O)CC1;CC(C)(C)Cc1ccccc1C(=O)N1CCOC(C)(C(=O)O)C1;Cc1ccccc1CCC(=O)N(CCC(=O)O)CC1CCCO1;COc1ccc(C(C)C(=O)N2CCCCC2CCC(=O)O)cc1;COc1cccc(C(C)C(=O)N2CCCCC2CCC(=O)O)c1;Cc1ccc(C)c(CC(=O)N(CCC(=O)O)C2CCOCC2)c1;CC(C)(C)OC(=O)N1CCC(Cc2ccccc2)(C(=O)O)CC1;CCOC(=O)C(Cc1ccccc1)N(C)C(=O)C1CCOCC1;CC(C)c1ccccc1C(=O)NCC(C(=O)O)C1CCOCC1;O=C(O)CCCCC(=O)N1CCCC(COc2ccccc2)C1;CCOc1ccc(CC(=O)N2CCCCC2CCC(=O)O)cc1;CC(C)c1ccc(CCC(=O)N2CCOC(CC(=O)O)C2)cc1;COc1ccc(C(=O)N2CCC(C)(O)CC2)c(OCC2CC2)c1;COc1ccc(C2C(C(=O)O)CCC(=O)N2CC(C)(C)C)cc1;COc1ccc(CCC(=O)N2CCCCC2CCC(=O)O)cc1;CCOC(=O)C1CCCN(C(=O)C(C)Oc2cccc(C)c2)C1;Cc1ccc(CC(=O)NCC(C(=O)O)C2CCOCC2)cc1C;COC(=O)c1cccc(CN2CC(O)C(O)CC23CCCC3)c1;COc1ccc(CCCCC(=O)N2CCC(C)(C(=O)O)C2)cc1;COc1ccc(CCCCC(=O)N2CCCC(C(=O)O)C2)cc1;CC(C)COc1ccc(CC(=O)N2CCC(C)(C(=O)O)C2)cc1;COc1ccc(C(=O)N2CCC(CO)CC2)c(OCC2CC2)c1;CC1(C)C(O)CCN1C(=O)c1ccc(OC2CCOCC2)cc1;COC1=CC=CC(C(CO)C(=O)OC2CC3CCC(C2)N3C)=C1;Cc1ccccc1C(CC(=O)O)NC(=O)CCC1CCOCC1
m_2c1f87,Cn1nc(C2CC2)nc1Cn1cnc2c1c(=O)n(C)c(=O)n2C;COc1nc(C)cc(N(C)Cc2nnc3c(=O)n(C)ccn23)n1;Cc1nc2n(n1)CC(Nc1c(C#N)c(=O)n(C)c(=O)n1C)CC2;Cc1nnc2n1CC(Nc1c(C#N)c(=O)n(C)c(=O)n1C)CC2;COc1ccnc(N2CCN(C(=O)c3nccnc3N)CC2)n1;Cc1nc(C)c(CN2CCN(Cc3ccccc3)C(=O)C2)s1;C[C@@]12C(=O)N(CCC3=CC=C(O)C=C3)C(=O)[C@]1(C)[C@H]1CC[C@@H]2O1;Cc1cc(C)cc(-n2ccnc2SCC(=O)N2CCCC2)c1;CSc1ncc(C(=O)N2CCCCCC2)n1-c1ccccc1;Cc1ccc(C(=O)N2CCN(Cc3ccsc3)CC2)c(C)n1;Cc1nc(NC(=O)CN2CCCCC2)sc1-c1ccccc1;Cc1cc(C(=O)N2CCN(Cc3ccncc3)CC2)c(C)s1;O=C(NCc1n[nH]c(=O)n1C1CC1)Nc1ccc(C2CC2)nn1;CC(C)c1cnc(N2CCN(C(=O)c3ccccc3)CC2)s1;CCc1ncnc(NC2CC(=O)N(C)C2c2cccnc2)c1F;CCn1nc(C)cc1C(=O)Nc1nc2ccc(F)cc2n1CC;CCc1ccccc1C(=O)N1CCSCC1c1cnn(C)c1;CC1CCN(C(=O)C2=NN(C)C3=C2CCC2=C3C=CS2)CC1;Cc1cnc(C(=O)N2CCN(c3ncncc3C)CC2)c(F)c1;Cc1cc(C(=O)N2CCN(Cc3cccnc3)CC2)c(C)s1;Cc1ccc(-c2nc(CN3CCCNC(=O)C3C)cs2)cc1;Cc1nnc2c3ccccc3c(N3CCc4ccccc4C3)nn12;CCC1Cc2ccccc2CN1C(=O)NCc1nc(C)cs1;CCc1nnc(C2CCN(C(=O)Cc3ccccc3)CC2)s1;Cc1ccc(-c2nc(C)sc2CC(=O)N2CCC(N)C2)cc1
m_2c2340,CCCCCC=CCC=CCC=CCCCCC(=O)NCCO;CC/C=C\C/C=C\C/C=C\CCCCCCCC(=O)NCCO;CC(C(=O)NCCN1CCN(C(=O)C(C)C2CC2)CC1)C1CC1;CC(=O)NC1CCCN(C(=O)CN2CCCC3CCCCC32)C1;CCC(CC(=O)N1CCC(c2ccnn2CCO)CC1)C(C)C;CC(C)(C)NC(=O)CN1CCC(CNC(=O)C2CC=CC2)CC1;CC(C)(C)C(O)CN1CCN(C(=O)C2(C#N)CCCCC2)CC1;O=C(CCCCCCCCCO)NC12CC3CC(CC(C3)C1)C2;CCN(CCC#N)C(=O)CN1CCCC1C1CCCCC1(C)O;CCCCCCN[C@@H]1C[C@@H](O)[C@H](CO)[C@H]1CC1=CC=NC(C)=N1;CCNC(=O)N1CC[C@H]2CC(=O)N(C3CCCCC3)CC[C@H]2C1;Cc1cc(C(=O)NC(CCO)C2CCCCC2)nn1C(C)(C)C;CCC(C)n1nc(C(=O)NCC2CCCOC2C(C)C)cc1C;CC/C=C\C/C=C\[C@@H]1CC(=O)NCCCCN(C=O)CCCN1;CC(CN1CCCCCC1)NC(=O)N1CC2CC3CC2C1C3O;CC(C(=O)N1CCOCC1)N1CCN(CC2CC=CCC2)CC1;CC/C=C/C/C=C/C/C=C/CCCCCCCC(=O)NOCC;CCn1cc(C2CCN(C(=O)CC(O)CC(C)(C)C)CC2)cn1;COCCN1CCN(CC(=O)N(C2=CCCCC2)C2CC2)CC1;CN(CCN(CCN1CCCCC1)C(=O)C1CC1)C(=O)C1CC1;O=C(CCN1CCN(C2CC3CCC2C3)CC1)N1CCOCC1;Cn1ccnc1C1OCCCC1CNCC1(O)CCCCCC1;CC1=NC=CC(C[C@@H]2[C@@H](CO)[C@H](O)C[C@H]2NCCC(C)(C)C)=N1;CCCCCCCCC=CCNC(Cc1cncn1C)C(=O)O;CCCCN1CCCCC1C(=O)NCC(c1ccco1)N(C)C
m_2d1eba,O=C(NCc1ccc(F)c(F)c1)N1CC(F)CC1CO;O=C(c1cc(F)cc(F)c1)N1CCCC1c1ccncc1;CC1OCCN(Cc2cc(F)c(F)cc2F)C1C(N)=O;O=C(Nc1cc(C(F)(F)F)c[nH]c1=O)C1CCCCC1;CC1(C)C(C(F)(F)F)CCN1C(=O)c1cncc(O)c1;O=C(c1cc(F)ccc1F)N(Cc1ccccn1)C1CC1;CC1CN(C(=O)c2ccncc2C(F)(F)F)CC(C)O1;COC1CNCC1NC(=O)c1ccccc1C(F)(F)F;O=C1CN(C(=O)c2ccn(-c3ccc(F)cc3)n2)CCN1;CC1(C)CC1C(=O)Nc1cccn(CC(F)(F)F)c1=O;O=C(CN1CCOCC1)Nc1cccc(C(F)(F)F)c1;O=C1NCCc2ccc(NCc3c(F)cccc3F)cc21;NC1CCN(C(=O)Cc2ccc(OC(F)(F)F)cc2)C1;NC1CCN(C(=O)COc2ccc(C(F)(F)F)cc2)C1;NC1CCN(C(=O)COc2cccc(C(F)(F)F)c2)C1;O=C1NCCc2ccc(NCc3cc(F)cc(F)c3)cc21;O=C(NCC1(CO)CCC1)c1ccncc1C(F)(F)F;O=C(Nc1ccncc1)C1(c2c(F)cccc2F)CCC1;CC1(C)CN(C(=O)c2ccncc2C(F)(F)F)CCO1;COc1ccc(CNC(=O)NC2CC2)c(C(F)(F)F)c1;COCc1cc(Oc2cc(F)ccc2C)n2ncnc2n1;O=C(Nc1ccncc1)C1(c2ccc(F)cc2F)CCC1;Cc1cccc2c1ncn1c(=O)c(-c3ccccc3)nnc21;NC(=O)c1ccc(NC(=O)c2cc(C3CC3)[nH]n2)cc1F;Cc1ccc2ncn3nc(-c4ccccc4)c(=O)nc3c2c1
m_2e265c,CCc1nnc(CN2CCN(C(=O)c3ccc(O)cc3)CC2)n1C;COc1ccc(C)cc1C(C)NC(=O)NCCNc1ncccn1;CN(C(=O)OC(C)(C)C)[C@H](CC(=O)OC1CCCCC1)C(=O)O;CCn1c(C)nnc1CN1CCN(C(=O)c2cccc(O)c2)CC1;CCOc1ccccc1NC(=O)NCc1cc(C)nc(N(C)C)n1;COc1cc(CCNC(=O)C2Cn3c(C)nnc3CN2)ccc1C;CCn1cnnc1CNC(=O)c1ccnc(OC2CCCCC2)c1;CN1CCN(CCOc2ccc(NC(=O)c3cnc[nH]3)cc2)CC1;COc1cc(NC(=O)C(N)CCCN=C(N)N)cc2ccccc12;CCOc1ccccc1CNC(=O)N1CCC(c2nnc[nH]2)CC1;COc1ccc(C)cc1CCNC(=O)C1Cn2c(C)nnc2CN1;CCCn1cnnc1C1CCN(C(=O)c2ccc(OC)nc2)CC1;COc1cnccc1C(C)NC(=O)N1CCC(n2ccnc2)CC1;CNC(=O)COc1ccccc1CNC1CCc2nc(C)nn2C1;CNC(=O)COc1ccccc1CNC1CCc2nnc(C)n2C1;CC(OC(=O)NCC1(CC(=O)O)CCCCC1)OC(=O)C(C)C;CCCn1cnnc1C1CCCCN1C(=O)c1ccc(OC)nc1;COc1ccccc1C(C)NC(=O)c1cn(C2CCNCC2)nn1;CCc1nnnn1-c1ccccc1NC(=O)COC1CCCCC1;CCNC(=O)COc1ccc(CNC2CCc3ncnn3C2)cc1;CN(C)c1n[nH]c(C2CCN(C(=O)COc3ccccc3)CC2)n1;COc1ccnc(N2CCN(C(=O)CC(C)n3cccc3)CC2)n1;CCOc1ncccc1C(=O)N1CCC(c2nncn2CC)CC1;Cc1nn(C)c(C)c1NC(=O)N1CCN(c2cccc(O)c2)CC1;CCC1(C)CCCN(C(=O)c2ccc(OC)c(-n3cnnn3)c2)C1
m_2efd6f,CNC(=O)c1ccc(CSc2ccccc2O)cc1;COc1cccc(SCc2ccc(C(N)=O)cc2)c1;COc1ccc(SCc2ccc(C(N)=O)cc2)cc1;CNC(=O)c1cccc(CSc2ccccc2O)c1;COc1cccc(SCc2cccc(C(N)=O)c2)c1;COC(=O)c1ccc(F)c(NC(=O)c2ccccc2)c1;O=C(O)c1cccc(CNC(=O)c2cccc(F)c2)c1;O=C(NC(C(=O)O)c1ccccc1)c1ccc(F)cc1;O=C(Cc1ccccc1F)Nc1ccc(C(=O)O)cc1;NC(=O)C1=CC=C[N+](CC(=O)C2=CC=C(O)C=C2O)=C1;O=C(O[C@@H]1O[C@H](CO)[C@@H](O)[C@H](O)[C@H]1O)C1=CC=CN1;NC(=O)C[S@+]([O-])C(C1=CC=CC=C1)C1=CC=CC=C1;C=C(C)CN(C)S(=O)(=O)c1ccc(F)c(OC)c1;O=C(Cc1ccc2c(c1)OCO2)Nc1ccccc1F;COc1cc(S(=O)(=O)N2CCCCC2)ccc1F;COc1ccc(F)cc1S(=O)(=O)N1CCCCC1;CC(C)(CNC(=O)c1cccc(F)c1)S(C)(=O)=O;Cc1cc(F)ccc1S(=O)(=O)N1CCC(O)CC1;CCS(=O)(=O)CCNC(=O)c1cc(C)ccc1F;Cc1cc(S(=O)(=O)N(CCO)C2CC2)ccc1F;CCS(=O)(=O)C(C)C(=O)Nc1cc(F)ccc1C;CCCS(=O)(=O)CC(=O)Nc1cccc(F)c1C;CN1[C@@H]2CC[C@H]1C[C@H](OC(=O)[C@@H]1CCSS1)C2;Cc1ccc(C(=O)Cc2ccc([S+](C)[O-])cc2)cn1;CCCNC(=O)CCS(=O)(=O)c1ccc(F)cc1
m_2f1128,COC(=O)C1=CN(C(CC2=CC=CC=C2)C(=O)O)C=C2C1=NNC2=O;COC1=CC=C(COC(=O)CN)C2=NC3=CC=CC(C(=O)O)=C3N=C12;O=C1C2=CC=CC=C2C2=C1C1=CC=CC=C1C(=O)N2CCC1=CC=CO1;CC1=CC(=O)OC2=CC(OCC3=NOC(C(=O)NC4CC4)=N3)=CC=C12;Cc1cc(=O)c(C(=O)NCCO)nn1-c1cccc(C(F)(F)F)c1;O=C(Cc1n[nH]c(=O)c2ccccc12)N1CCOC(C(F)(F)F)C1;O=C(O)CCN(C(=O)COc1ccccc1Cl)C1CCOCC1;Cc1cn(CC(=O)Nc2cccc(CC(=O)O)c2)nc1C(F)(F)F;C=CCNC(=O)C1=NC(COC2=CC=C3C(C)=CC(=O)OC3=C2)=NO1;O=C(O)CC1CN(C(=O)CCCOc2ccccc2Cl)CCO1;Cn1nccc1C(=O)N(CC(=O)O)Cc1ccc(C(F)(F)F)cc1;O=C(O)CN(C(=O)CCOc1ccccc1Cl)C1CCOCC1;Cc1c(Cl)cccc1OCC(=O)N(CC(=O)O)C1CCOCC1;O=C(O)CCc1ccc(OCc2coc(-c3cccc(F)c3)n2)cc1;CN(Cc1ccccc1C(F)(F)F)C(=O)Cn1cc(C(=O)O)cn1;CC(NC(=O)Cn1[nH]c(=O)ccc1=O)c1ccc(C(F)(F)F)cc1;Cc1cc(Cl)ccc1OCC(=O)N(CC(=O)O)C1CCOCC1;COc1ccc(OC(F)(F)F)c(C(=O)N2CCCc3n[nH]cc32)c1;COCC1(C(=O)O)CCCN1C(=O)Cc1c(Cl)cccc1OC;O=C(O)C1CN(C(=O)Cc2cn3ccccc3n2)CC1C(F)(F)F;COc1cc(C(=O)NCC(C(=O)O)C2CCOCC2)ccc1Cl;CC(C(=O)Nc1cccc(CC(=O)O)c1)n1ccc(C(F)(F)F)n1;NC(=O)C1Cc2ccccc2N1C(=O)COc1ccc([N+](=O)[O-])cc1;O=C(NCc1cc2n(n1)CCCO2)c1cccc(OC(F)(F)F)c1;CCn1ncc(C(=O)NCc2cccc(C(=O)O)c2)c1C(F)(F)F
m_2f9ab1,Cn1cc(Cl)cc1C(=O)NC1(C(=O)O)CCCC1;CCNC(=O)CNC(=O)c1cc(Cl)c(O)cc1C;CC(C)[C@H](NC(=O)NC1=CC=C(Cl)C=C1)C(=O)O;Cn1cc(Cl)cc1C(=O)N1CCC(C(=O)O)CC1;Cn1cc(Cl)cc1C(=O)N1CCCCC1C(=O)O;Cn1cc(Cl)cc1C(=O)N1CCCC(C(=O)O)C1;CC(C)[C@H](NC(=O)NC1=CC=CC(Cl)=C1)C(=O)O;COC(=O)[C@H](C)NC(=O)NCC1=CC=CC=C1Cl;Cn1cc(Cl)cc1C(=O)NC(C)(C(=O)O)C1CC1;COC(=O)C1=C(CCCC(=O)O)OC(=O)C=C1OC;CCOC(=O)CNc1cc(NC(C)=O)ccc1Cl;NC(=O)CC1CCN(C(=O)c2ccc(Cl)o2)CC1;Cn1cc(Cl)cc1C(=O)N1CCC(C)(C(=O)O)C1;O=C(NCCCN1CCCC1=O)c1ccc(Cl)o1;COC(=O)CC1(NC(=O)Nc2nncs2)CCC1;COC1CC(CO)N(C(=O)c2ccc(Cl)cn2)C1;CC(C)(C)NC(=O)Nc1cc(C(=O)O)ccc1Cl;CC(C)(C)NC(=O)Nc1ccc(Cl)c(C(=O)O)c1;CNCCC1=CNC2=CC=CC(OP(=O)(O)O)=C12;COC(=O)/C=C/C(O)=C1\COCC(O)=C1C(=O)OC;NC(=O)Nc1cc(Cl)ccc1OCC1CCOC1;O=C(OC[C@@]1(O)CO[C@@H](O)[C@@H]1O)C1=CC=C(O)C=C1;CC1=CC(O)=CC(O)=C1C(=O)O[C@H](C)[C@H](O)C(=O)O;CC1=CC(O)=CC(O)=C1C(=O)O[C@H](C(=O)O)[C@@H](C)O;O=C(O)[C@H]1O[C@@H](OC2=CC=CC=C2)[C@H](O)[C@@H](O)[C@@H]1O
m_30024e,COc1ccc(CCC(=O)N2CCCCCCC2)cc1OC;CC(C)(CO)C(=O)N1CCCC(CO)(Cc2ccccc2)C1;CCOCCN1CCC(OC(=O)CC)(c2ccccc2)CC1;CC(C)(C)c1ccc(CCCN2CC(O)CC2C(=O)O)cc1;CN1[C@H](CCCCCC(=O)O)C[C@H](O)[C@@H]1CC1=CC=CC=C1;Cc1ccccc1C1CN(CCC(C)(C)CC(=O)O)CCO1;CCCc1occc1C(=O)N1CCC(OC2CCCC2)CC1;COCC1CCCCN1C(=O)CC(C)c1ccccc1OC;CCCCCCCCC(=O)NC(Cc1ccccc1)C(=O)O;CC(C)Oc1cccc(CC(=O)N2CCC(CO)CC2C)c1;CC(CN1CCOCC1)OC(=O)c1ccc(C(C)(C)C)cc1;CCC(C(=O)N1CCCC(COC)C1)c1ccc(OC)cc1;Cc1cc(OCCN2CCCC(C(=O)O)C2)ccc1C(C)C;CC(C)CCCCCC(=O)NC(CC1=CC=CC=C1)C(=O)O;Cc1ccc(C)c(OCCN2CCCC(CC(=O)O)CC2)c1;CCCCCC(O)C=CCNC(Cc1ccccc1)C(=O)O;COc1ccc(CC(=O)N2CCCC(C(C)(C)C)C2)cc1O;CCCc1occc1C(=O)N1CCCC1C1CCCCC1O;CC(O)C(C)(CNC(=O)C1CCOCC1)Cc1ccccc1;CC[C@@H](C)[C@@H](CO)NC(=O)C1(C2=CC=CC=C2)CCOCC1;COC1CC(CO)N(C(=O)CCC(C)(C)c2ccccc2)C1;COCc1cccc(CN2CCOCC2C2CCCC2O)c1;Cc1ccccc1CN(C)C(=O)C(C)OCC1CCCCO1;OC(COc1ccccc1)CN1CCOC2(CCCCC2)C1;C=CCC1=CC=C(OC[C@@H](O)CN2CCCCC2)C(OC)=C1
m_31ebaa,O=C1N(C2=CC=CC=C2)N(C2=CC=CC=C2)C(=O)C1(O)N1CCCCC1;O=C1CC(N2CCN(c3ccc(O)cc3)CC2)C(=O)N1c1ccccc1;O=C(O)C1=CC=C(CN2CCN3C(=O)N(C4=CC=CC=C4)C[C@H]3C2)C=C1;CCn1c(C(=O)N2CCN(C(=O)c3ccco3)CC2)cc2ccccc21;O=C(CN1C(=O)[C@H]2CCC3=C(C4=CC=CC=C4N3)[C@H]2C1=O)N1CCCC1;CCCNC(=O)C1CCCN1c1cc(C(F)(F)F)nc2ccccc12;Cc1ccc(C2CCCCCN2C(=O)c2n[nH]c3ccccc3c2=O)o1;Oc1ccc(N2CCN(c3cc(O)n(-c4ccccc4)c3O)CC2)cc1;CC(NC(=O)c1cccnc1N1CCOCC1)c1cc2ccccc2o1;Cc1nc2cc(NC(=O)N3CCOC(Cc4ccccc4)C3)ccc2o1;O=C(Cc1ccccc1)N1CCN(S(=O)(=O)N2CCCCC2)CC1;CC1=CC=C(NC(=O)CCCCCN2C(=O)C3=CC=CC=C3C2=O)N=C1;COc1ccc2cccc(CC(=O)N3CCCCC3c3ncon3)c2c1;O=C1CCCN1CCC1CN(C(=O)c2cc[nH]c(=O)c2)c2ccccc21;CC1COc2ccccc2N1C(=O)CCn1c(=O)n(C)c2ccccc21;CS(=O)(=O)N1CCN(C(=O)CN2CCCC2c2ccccc2)CC1;C#CCOc1cccc(-c2noc(C3CCCN(C(=O)C4CC4)C3)n2)c1;O=C(O)C1CC2CCCCC2N1C(=O)c1cnc(-c2ccccc2)nc1;O=C(C1CC1)N1CCC(O)(C2=CSC(CN3CCOCC3)=N2)CC1;COC1=CC=C(N2C(=O)[C@H]3NCC[C@H]3N(CC3=CC=CC=C3)C2=O)C=C1;OC[C@@H]1O[C@H](N2C(N3CCCCC3)=NC3=C(O)N=CN=C32)[C@@H](O)[C@H]1O;O=C(CN1C(=O)OC2=CC=CC=C21)NCCN1CCCC2=CC=CC=C21;O=C(c1ccc(-n2cnc3ccccc32)cc1)N1CCCC(O)(CO)C1;O=C(Nc1cccnc1-n1cncn1)N1CCN(c2ncccn2)CC1;O=C(CCc1c[nH]c2ccccc12)N1CCN(C(=O)c2ccco2)CC1
m_328338,CC1=C(C(=O)NCCO)[N+](=O)C2=CC=CC=C2N1O;Cc1cc(OCC(=O)NCc2ccccc2F)no1;O=C(O)C(Cc1c[nH]c2ccccc12)NCCS;O=C(CSc1ccccc1)NC1CCCNC1=O;CCSc1ccccc1C(=O)N1CCNC(=O)C1;O=C(O)C(CCS)NCc1c[nH]c2ccccc12;CCN(C(=O)c1ccc(F)cc1)C1CC(=O)NC1=O;O=C1CCC(NC(=O)Cc2ccc(F)cc2)C(=O)N1;CC(=O)N[C@]1(C(N)=O)O[C@H](CO)[C@@H](O)[C@H](O)[C@H]1O;CCCNC(=O)CCN1C(=S)OC2=CC=CC=C21;O=C1NC2(CC2)C(=O)NC1Cc1ccc(O)c(F)c1;COc1ccc(C(=O)NCc2cc(C)on2)cc1F;CC(NC(=O)NCCO)c1csc2ccccc12;CSc1ccc(C)c(C(=O)N2CCNC(=O)C2)c1;CC(=O)NC(=O)N[C@@H]1O[C@H](CO)[C@@H](O)[C@H](O)[C@H]1O;CCN(CC)C(=O)Cn1ccc(=O)c2sccc21;CC(C)NC(=O)COCc1nc2ccccc2s1;Cc1nc(C(C)C)sc1C(=O)NCc1ccco1;Cc1csc(CNC(=O)c2c(C)oc(C)c2C)n1;CCC(NC(=O)c1c(C)noc1C)c1cccs1;O=c1c2c(F)ccc(O)c2cnn1C1CCOCC1;CCCc1csc(CC(=O)NCc2ccco2)n1;Cc1oc(-c2ccsc2)nc1CC(=O)NC(C)C;O=c1c2c(F)ccc(O)c2cnn1C1CCCOC1;O=C1CCC(C(=O)N(Cc2cccs2)C2CC2)N1
m_347e26,O=C(NC(CO)C(O)C1CCCCC1)c1ccc(O)c(F)c1F;COc1cc(C(=O)N2CCC(Oc3ccccc3)CC2)ccc1F;COc1cc2c(cc1OC)CN(C(=O)Cc1ccc(F)cc1)CC2;COc1ccc(-c2ccc(C(=O)N3CCCC(O)C3)c(F)c2)cc1;Cc1ccc(C(=O)NC2(c3ccc(F)cc3)CCOCC2)c(O)c1;Cc1cc(C(=O)NCC2CCC(CO)O2)cc(C)c1OC(F)F;COc1ccc(F)cc1C(=O)N1CCC(c2ccccc2OC)C1;COc1cccc(OC)c1C(=O)N1CCC(c2cccc(F)c2)C1;COc1ccc(CC(=O)N2CCCc3ccc(F)cc32)cc1OC;O=C(CCOc1ccccc1)N1CC(O)CC1c1ccc(F)cc1;O=C(NCc1ccc(Oc2ccc(F)cc2)cc1)C1CCOCC1;O=C(CCOc1ccccc1)N1CC(O)CC1c1cccc(F)c1;COC1=CC=CC=C1C(=O)N1C2=CC=CC=C2CCC2=CC=CC=C21;COc1ccccc1C(=O)NC1(c2ccc(F)cc2)CCOCC1;COc1ccc(C(=O)NCC(O)(c2ccccc2)C2CC2)cc1F;COc1ccc(CC(=O)N2CCCc3ccc(F)cc32)c(OC)c1;COc1ccc(-c2ccc(C(=O)NCC3(CO)CC3)c(F)c2)cc1;Cc1ccc(C2CCCN2C(=O)CCCc2ccc(O)cc2)s1;CCOc1ccc(C(=O)N2CCOC(c3cccc(F)c3)C2)cc1;Cn1ccnc(N2CCC(NC(=O)c3ncccc3O)CC2)c1=O;CC(C)(C#N)c1ccccc1COc1c(CO)cc(F)cc1CO;COC1=CC=C(CNC(=O)CCSCC2=CC=CC=C2C)C=C1;COc1ccccc1CC(=O)N1CC(O)CC1c1ccc(F)cc1;COc1cccc(C2CC(O)CN2C(=O)Cc2ccccc2F)c1;COc1cccc(C2CC(O)CN2C(=O)Cc2ccc(F)cc2)c1
m_34c00a,O=C(O)COc1ccc(C(=O)N2CCC(C(F)F)CC2)cc1;CC(C)Oc1ccc(CN2CCOCC2C(=O)O)cc1Cl;COCCN1C(=O)NC(=O)C2=CC=C(C3=CC=CC=C3O)N=C21;CC1(C(=O)O)CCN(C(=O)Cc2ccccc2OC(F)F)C1;COc1cc(C(=O)NCC2(CO)CCOCC2)ccc1Cl;O=C(O)C1CN(C(=O)CCCc2ccc(F)c(F)c2)CCO1;O=C(O)C1CCCN1C(=O)CCCOc1ccc(F)cc1F;CCOCC1CN(Cc2ccc(C(=O)O)c(Cl)c2)CCO1;O=C(O)CC1CN(C(=O)CCc2cc(F)ccc2F)CCO1;CCOC1CC(O)C12CCN(C(=O)c1ccoc1Cl)CC2;COCC1(C(=O)O)CCCN1C(=O)Cc1c(F)cccc1F;Cc1cc(OCC(=O)NC(C)CCC(=O)O)cc(C)c1Cl;O=C(COc1ccc(F)cc1F)NC1CCC(C(=O)O)CC1;COCC1(C)CN(Cc2c(Cl)cccc2C(=O)O)CCO1;O=C(O)C1CN(C(=O)c2cnc(-c3ccccc3)nc2)CCO1;O=C(Cc1ccc(Cl)cc1)NCC1(OCCO)CCOC1;CCOCC1CN(Cc2cc(C(=O)O)ccc2Cl)CCO1;COCC1(C)CN(Cc2ccc(C(=O)O)c(Cl)c2)CCO1;COCC1CC(OC)CN1Cc1c(Cl)cccc1C(=O)O;O=C(O)CC1COCCN1C(=O)CCc1cccc(F)c1F;COc1ccc(Cl)cc1CC(=O)N1CC(OC)CC1CO;COC(=O)c1csc(NC(=O)NCCN2CCOCC2)c1;Cc1cc(F)c(C(=O)N(CC(=O)O)C2CCOCC2)cc1F;COCCN(CC(=O)O)C(=O)C1CC1c1c(F)cccc1F;O=C(O)CCN(Cc1ccc(F)c(F)c1)C(=O)C1CCCO1
m_34c315,CCOc1nc(C)ccc1C(=O)N1CCN(c2ccnc(C)n2)CC1;CN(C)c1nc(N2CCCC2)ncc1NC(=O)COc1ccccc1;C=CCOc1ccccc1C(=O)N1CCN(c2nnc(C)n2C)CC1;Cc1cccc(C)c1NC(=O)CN1CCN(c2ncc[nH]c2=O)CC1;Cc1cc(N2CCN(C(=O)c3ccc(O)nc3)CC2)nc(C(C)C)n1;COC1CC(C(=O)N2CCn3c(nnc3-c3ccccc3)C2)N(C)C1;CC(C)Cc1cc(C(=O)N2CCN(c3ncccn3)CC2)cc(O)n1;CCOc1ncccc1C(=O)N1CCC(N(C)c2cccnn2)CC1;COc1cc(C)nc(N2CCN(C(=O)CCc3ccncc3)CC2)n1;CCOC(=O)N1CCN(c2nc(-c3ccncc3)nc(C)c2C)CC1;CCC1CN(c2ccccc2)CCN1C(=O)Nc1cc(OC)ncn1;Cc1ccc(C(=O)N2CCC(N(C)Cc3nccc(N)n3)C2)c(O)c1;COc1ccc2c(c1)CCCN2C(=O)CN1CCn2c(C)nnc2C1;CCc1cnccc1C(=O)N1CCC(c2cc(O)nc(N(C)C)n2)C1;COc1cccc(C(CNC(=O)c2nccnc2N)N2CCCC2)c1;Cc1ccncc1CC(=O)N1CCC(c2cc(O)nc(N(C)C)n2)C1;CCOC(=O)c1cnc(N2CCN(Cc3ccccc3)CC2)nc1N;COCc1ccccc1CNC(=O)N1CCN(c2ncccn2)CC1;Cc1c[nH]cc1C(=O)N1CCC(c2cc(O)nc(N3CCCC3)n2)C1;COc1ccnc(N2CCN(C(=O)NC(C)c3ccccc3)CC2)n1;CCOC(=O)c1ccc(N2CCCN(c3ccc(C)nn3)CC2)nc1;CCOc1ccc(C(=O)N2CCC(Nc3ccc(C)nn3)CC2)cn1;CCn1nc(C(=O)N2CCCC2CNc2cccc(C)n2)ccc1=O;COC1=CC=C(CCNC2=NC3=NC(C)=C(C)N=C3N2C)C=C1OC;CC(=O)NCc1cc(OC2CCN(c3cc(C)nc(C)n3)C2)ccn1
m_36d3ce,O=C(O)C1CCN(C(=O)Cc2csc3ccccc23)CC1;O=C(O)CC1CCCCN1C(=O)c1cccc2ccsc12;O=C(O)c1ccccc1OCCN1CCc2sccc2C1;CN1C(=O)C2=CC3=C(N=C2N(C)C1=O)N(C)C(=O)N(C)C3=O;CC(CN(C(=O)c1cc2ccccc2s1)C1CC1)C(=O)O;Cc1ccc2cc(-c3nc4ccccc4cc3C(=O)O)oc2c1;CS(=O)(=O)C1CCN(C(=O)c2ccc3ccccc3c2)C1;CC(=O)C1=C2C=C(C)C=CN2C2=C1C(=O)C1=CC=CC=C1C2=O;CCOC(=O)C1=C(N2C=CC=C2C=O)SC2=C1CCCC2;O=C(O)C1CCCN1C(=O)c1ccc(-c2ccccc2F)o1;O=C(O)c1ccc(C(=O)N(Cc2ccccc2F)C2CC2)o1;O=C(c1cccc(OCc2cccs2)c1)N1CCC(O)C1;O=C(O)CC(=O)NCc1ccccc1Oc1cccc(F)c1;Cc1cc(C)c(C(=O)NCC(C(=O)O)c2ccccc2)s1;COc1ccc(F)cc1C(=O)NCc1ccc(C(=O)O)cc1;CCC(NC(=O)c1ccc2c(c1)OCCO2)c1cccs1;O=C(O)c1ccc(C(=O)N(Cc2cccc(F)c2)C2CC2)o1;COc1cc(NC(=O)c2cccc3c2OCCO3)ccc1F;O=CN(CCc1ccc(O)c(O)c1)C(=O)c1ccccc1F;O=C(NCCOc1ccc2c(c1)OCO2)c1cccc(F)c1;COc1ccccc1CNC(=O)CSc1ccc(O)cc1;CCN(C(=O)COC(=O)c1ccc(C)s1)c1ccccc1;O=C(C=CC1=CC=C2OCOC2=C1)C1=CC=C2C=CC=CC2=N1;CCC(C(=O)O)C(=O)N(Cc1ccsc1)c1ccccc1;Cc1ccc(C(=O)OCC(=O)NCCc2ccccc2)s1
m_370436,CC(=O)NCCC1=C(CC2=CC=CC=C2)NC2=CC=CC=C12;CC1=CC=C(C(=O)NCCC2=C(C)NC3=CC=CC=C23)C=C1;CCc1ccc(C(=O)NCCc2c[nH]c3ccccc23)cc1;CC(CCC1=CC=CC=C1)NC(=O)C1=CNC2=CC=CC=C12;CCN(CC)C(=O)N1C2=CC=CC=C2C=CC2=CC=CC=C21;Cc1ccccc1CN(C)C(=O)Cc1c[nH]c2ccccc12;CC1=CC=CC(C(=O)NCCC2=CNC3=CC=C(C)C=C23)=C1;CCN1CCC(NC(=O)CSCc2ccccc2)CC1;CC1=CC=C(C(=O)NCCC2=CNC3=CC=C(C)C=C23)C=C1;CCN(Cc1ccc2[nH]ccc2c1)C(=O)c1ccccc1C;CC(=O)N1C[C@H]2C3=CC=CC=C3CCN2[C@@H]1C1=CC=CC=C1;CC1(C)C2=CC=CC=C2N2CC(=O)N[C@@]21CC1=CC=CC=C1;CC(C)C1CN(C(=O)C(N)Cc2ccccc2)CCS1;OC(CN1CCC2=CC=CC=C2C1)C1=CNC2=CC=CC=C12;O=C(CCCS)NC1CCN(CC2=CC=CC=C2)CC1;CCCCC1=NC2=CC=CC=C2C(=O)N1C1=CC=CC(C)=C1;CCC(NC(=O)c1c[nH]c2ccccc12)c1ccc(C)cc1;Cc1ccc(CC(=O)N2Cc3ccccc3C3(CC3)C2)cn1;CC1=CC=C2OC([C@H]3CCN(CC4=CC=CC=C4)C3)=NC2=C1;CC(C)c1ccc(NC(=O)Cc2c[nH]c3ccccc23)cc1;CCC(C)C(=O)N1CCN(C(=O)c2ccc(F)cc2)CC1;CC(C)C(NC(=O)c1c[nH]c2ccccc12)c1ccccc1;C=CC=CC=CC=CC(=O)NCCc1c[nH]c2ccccc12;CCN(CC)C1=CC=C(/C=C2\C(=O)NC3=CC=CC=C23)C=C1;Oc1ccc2[nH]cc(CCNCC=Cc3ccccc3)c2c1
m_3883ef,Cc1cc(C(=O)NC2CCCN(Cc3c(F)cccc3F)C2)n(C)n1;Cc1cc(C(=O)NC2CCN(CC(F)F)CC2)nn1-c1ccccc1;CN(C(=O)c1ccnn1CC(F)F)C1CCCN(c2ccccc2)C1;CC1CN(Cc2ccccc2)CCN1C(=O)c1cnn(C)c1C(F)F;CC1CCN(C(=O)NCc2nc3cccc(Cl)c3n2C)CC1(C)C;Cn1cc(C(=O)N2CCN(c3cnccn3)CC2)c(-c2ccccc2)n1;CN(C)c1cc(C(=O)NC2CCN(CC(F)F)C2)c2ccccc2n1;Cn1nccc1C(=O)N1CCN(c2ccnc(-c3ccccc3)n2)CC1;CN(c1cccnn1)C1CCN(C(=O)c2cnc3ccccc3n2)CC1;CCOC(=O)C1CCCN(C(=O)c2c(OC)cc(=O)n3c2CCC3)C1;CCn1cnnc1C1CCN(C(=O)CCc2cccc(F)c2F)CC1;Cc1nnc2n1CCN(C(=O)c1cc(C3CC3)nn1-c1ccccc1)C2;O=C(C1CCC(F)(F)CC1)N1CCN(c2nc3ccccc3[nH]2)CC1;Cc1nnc2n1CCN(C(=O)c1cnn(-c3ccccc3)c1C1CC1)C2;CCOc1cccnc1C(=O)N1CCC(C2CCC(C(=O)O)O2)CC1;COc1cccc(C(=O)N2CCN(C(=O)C3CCOC3)CC2)c1OC;Cn1nccc1NC(=O)N1CCC(CCc2ccc(F)cc2F)CC1;C=CCOc1ccccc1C(=O)N1CCN(C(=O)C(OC)OC)CC1;CN(C)C1CCN(C(=O)c2cn(C)nc2-c2ccc(F)cc2F)CC1;CC(C(=O)N1CCN(C)c2ccccc21)n1nnc(-c2ccccc2)n1;CC(C)c1nc(N2CCN(C(=O)Cn3cccn3)CC2)[nH]c(=O)c1F;CC(C(=O)NC1CCCN(Cc2c(F)cccc2F)C1)n1ccnc1;CC(NC1CCCN(Cc2ccc(F)cc2F)C1=O)c1ccnn1C;COc1ccccc1CC(=O)N(C)CC(=O)N1CCC(C(=O)O)CC1;Cc1ccccc1CN1CCC(NC(=O)c2cc(C(F)F)[nH]n2)CC1
m_38941f,COc1ccccc1C(=O)Nc1ccc(CN2CCN(C)CC2)cc1;CCN1CCN(Cc2ccc(NC(=O)c3ccccc3O)cc2)CC1;COc1ncccc1C(=O)NC1CCN(CCc2ccccc2)CC1;CN1CCN(CCc2ccc(NC(=O)c3cccc(O)c3)cc2)CC1;COc1ccc(Nc2ccccc2C(=O)N2CCC(CN)CC2)cc1;CC(=O)NC1=CC=CC=C1CCNCCC1=CC=CC=C1NC(C)=O;COc1cnccc1N1CCN(C(=O)C(C)Cc2ccccc2)CC1;COc1ccc2c(ccn2CCCNC(=O)Cn2c(C)ccc2C)c1;COc1cccc(CNC(=O)N2CCN(c3ccccc3C)CC2)c1;Cn1ccc(CN2CCC(NC(=O)Cc3ccccc3)CC2)cc1=O;CNCC1CCN(C(=O)c2ccccc2Nc2cccc(OC)c2)C1;COc1ccc(CN2CCN(C(=O)CCc3ccccc3)CC2)cn1;Cn1ccc(C(=O)NC2CCN(CCc3ccccc3)CC2)cc1=O;COc1ncccc1CNC(C(=O)N1CCCCC1)c1ccccc1;COc1ccccc1NC(=O)NCCc1ccc2c(c1)CCCN2C;CCOc1cccnc1C(=O)N1CCC(N(C)c2ccccc2)CC1;CCC1CN(c2ccccc2)CCN1C(=O)c1ncc(C)cc1OC;O=C(CCc1ccc(O)cc1)NC1CCN(Cc2ccncc2)CC1;CN(C)c1ncccc1C(=O)N1CCC(OCc2ccccc2)CC1;Cc1ccccc1OCC(=O)NCC1CCN(c2ccncc2)CC1;Cc1cc(C)nc(OC2CCCN(C(=O)CCc3ccccc3)C2)n1;COc1ccc(CNC(=O)C2CCN(c3cccc(C)n3)CC2)cc1;CNC(=O)c1cccc(CN2CCC(Oc3ccncc3C)CC2)c1;COc1ccccc1CC1CCCN1C(=O)NCCc1cccnc1;CC(C)c1ccc(O)c(C(=O)N2CCN(Cc3ccccn3)CC2)c1
m_3a5731,CC(C)CCOC1=CC=C(C2=CC(C(=O)O)=C3C=CC=CC3=N2)C=C1;COC1=CC=C2OC(C3=CC=CC=C3)=C(C(=O)N3CCCCC3)C2=C1;COc1cc2ccccc2cc1C(=O)N(CCO)Cc1ccccc1;COC1=CC=C(CNC(=O)CC2=CC=CC3=CC=CC=C23)C=C1OC;COc1ccc(C(NC(=O)c2cc(C)oc2C)c2ccccc2)cc1;CC(=O)NC1=C(C(=O)CC2=C(C)C=C(C)C=C2C)OC2=CC=CC=C12;O=C(CC1(C(=O)O)Cc2ccccc2C1)Nc1ccc2c(c1)CCC2;CC1C2=CC=CC=C2C(C)(C)C[C@@H]2C3=CC=CC(C(=O)O)=C3C(=O)N12;CCOC1=CC=CC(=O)C2=C(C)N(CC(=O)C3=CC=CC=C3)C(C)=C12;Cc1ccc(C)c(C(=O)N2CCC3(CC(=O)c4ccccc4O3)C2)c1;CC1=C(C(=O)C2=CC=CC=C2)OC2=CC(NC(=O)C(C)(C)C)=CC=C12;COC1=CC=C(C2=CC(C(=O)OCC(C)C)=C3C=CC=CC3=N2)C=C1;CC1=C(C2=CC=CC=C2)C(=O)OC2=C(CN3CCCC3)C(O)=CC=C12;CC1=C(C(=O)C2=CC=CC=C2)OC2=CC=C(NC(=O)C(C)(C)C)C=C12;O=C(c1ccc2c(c1)CCC2)N1CCC(C(=O)O)(c2ccccc2)C1;COC1=CC2=C(C=C1OC)C(=O)N(CC(=O)N[C@@H](C)CO)C(C)=N2;O=C(O)C1CN(C(=O)c2ccc3c(c2)CCC3)CC1c1ccccc1;CCCCC(=O)NC1=CC=C(C2=CC3=CC=CC=C3OC2=O)C(C)=C1;CC1=C(C2=CC=CC=C2)C(=O)C2=CC=C(O)C(CN3CCCC3)=C2O1;COC1=CC2=C(C=C1OC)C(=O)N(CC(=O)NCCCO)C(C)=N2;O=C(O)C1CN(C(=O)c2cccc3c2CCC3)CC1c1ccccc1;CCC1=CC=CC=C1N1COC2=CC=C3C(CC)=CC(=O)OC3=C2C1;O=C1C=C(CN2CCCCC2)C2=CC(O)=C(C3=CC=CC=C3)C=C2O1;Cn1c(=O)ccn(CC(=O)N2C(C(=O)O)CC3CCCCC32)c1=O;CC1=CC(=O)OC2=C(CN3CC[C@@H](C4=CC=CC=C4)C3)C(O)=CC=C12
m_3aa487,COC1=CC=CC(CNC(=O)C2=CN=C(C3=CC=CC=C3)N=C2C)=C1;COC1=CC=C(CNC(=O)C2=CN=C(C3=CC=CC=C3)N=C2C)C=C1;Cc1nc(C(C)(C)C)[nH]c(=O)c1C(=O)NCc1ccc(O)c(F)c1;Cc1nc(C(=O)NCc2ccc(OC(C)C)c(F)c2)c(=O)[nH]c1C;COc1ccc(CN2CCN(C(=O)c3cc(C)on3)CC2)cc1F;COc1ccc(C(=O)NCC2CCOC2c2cnn(C)c2)cc1F;COc1ccc(CC(=O)NC2CCOC2c2ccnn2C)cc1F;COc1cccc(F)c1C(=O)NC1CC(Cn2ccnc2)CC1O;COc1cc2ccnc(N3CCCC(O)(CC(N)=O)C3)c2cc1F;COc1ccc(F)cc1CN1CCN(C(=O)c2cc(C)no2)CC1;CCOc1c(F)cccc1C(=O)Nc1cc(C2CCOCC2)[nH]n1;Cc1ncnc(C(=O)Nc2ccc(OCc3ccccc3)cc2)c1C;CCCn1nc(C(=O)NC(C)c2ccc(OC)c(F)c2)ccc1=O;COc1ccc(CCC(=O)N2CCc3c(O)nn(C)c3C2)cc1F;COc1ccc(CCC(=O)NC2CC(O)C2n2cccn2)cc1F;Cc1ccc(F)c(OCC(=O)NC2CCOC2c2ccnn2C)c1;COc1ccc(C)nc1NC(=O)c1cncc(-c2ccc(C)cc2)c1;CC(NC(=O)Cn1cnc(-c2ccccc2)cc1=O)c1ccccc1;COc1cc(C(=O)NC2CCC(Cc3nnc(C)o3)C2)ccc1F;COc1ccc(C(=O)NC2CCC(Cc3nnc(C)o3)C2)cc1F;CCn1cc(C(=O)O)c(=O)c2cc(F)c(N3CCN(C)CC3)cc21;COc1cccc(C2(NC(=O)c3c[nH]c(C)n3)CCOCC2)c1F;CCc1ccc(F)cc1C(=O)NC1COCC1Oc1cnn(C)c1;COC1=CC=CC2=C1C=C(C(=O)NCCC1=CNC3=CC=CC=C13)N2;COc1cccc(F)c1C(=O)NC1CCC(Cc2nnc(C)o2)C1
m_3ae355,Cc1ccc(Cl)cc1N1CCN(c2nccn3nccc23)CC1;Cc1cc(Cl)ccc1-n1ncc2c(N3CCCCC3)ncnc21;Cc1nc(N2CCCC2c2ccc(Cl)cc2)c2cnn(C)c2n1;CCOC(=O)c1c[nH]c2c(cnn2Cc2ccc(OC)cc2)c1=O;Cc1nc(C2CCCN2C(=O)C2Cc3ccccc3C(=O)O2)no1;COc1ccc(CCn2c(=O)[nH]c3cccnc3c2=O)cc1OC;Clc1ccc(Cn2ncc3c(N4CCCCC4)ncnc32)cc1;Cc1oncc1CN1CCN(c2nccc(C(F)(F)F)n2)CC1;O=C1CC(c2nc(C3CC3)no2)CN1c1ccc2c(c1)OCCO2;COC1=CC=C2C(C)=C(CC(=O)NC3=CN(C)N=C3)C(=O)OC2=C1;CCn1cnc2c(c1=O)CCN(C(=O)c1ccc(C(=O)O)cc1)C2;O=C(c1ccncc1F)N1CCN(c2cncc3ncnn23)CC1;Cc1ccc(O)c(NC(=O)CN2C(=O)C3C4C=CC(C4)C3C2=O)n1;O=C(Nc1ccnc2ccnn12)C1CCN(CC(F)(F)F)CC1;CC(C)c1c(NCc2cncnc2)cnn1-c1ccccc1Cl;COc1ccnc(N2CCN(S(=O)(=O)C3CCOC3)CC2)c1;CNC(=O)C1CCN(c2nccn3nc(C(F)(F)F)cc23)CC1;COc1ccccc1N1CCC(NC(=O)c2cc[nH]c(=O)c2)C1=O;COC1CC(c2ncn[nH]2)N(Cc2ccc(C(F)(F)F)cn2)C1;CC1CN(C(=O)COc2ccc(C(N)=O)cc2)c2cccnc2O1;Cn1cc(C2OCCC2CNc2nccc(C(F)(F)F)n2)cn1;COC1CC(c2nc(C)no2)N(C(=O)c2cc3ccccc3o2)C1;Cc1ccc(N2CCCN(c3ccc(C#N)c(Cl)c3)CC2)nn1;CC(c1ccc(Cl)cc1)N1CCN(c2nccnc2C#N)CC1;O=C(C1=CC=NO1)N1C[C@@H]2OCC(=O)N(CC3=CC=CC=C3)[C@@H]2C1
m_3aecdc,CCCC1=C2OC(C(=O)O)=CC(=O)C2=CC2=C1N(CC)C(C(=O)O)=CC2=O;CC(Oc1cc(Cl)cc(Cl)c1)C(=O)N1CCC(C2CCOCC2)C1;Cc1nc(COc2ccccc2C(=O)N2CCC(O)(C(F)(F)F)C2)no1;O=C(COC1=CC=C(Cl)C=C1Cl)OC[C@H]1CCCN2CCCC[C@H]12;COC1=CC=C(C2=C(CC(=O)O)C3=C(C=C(C)N(CC(=O)O)C3=O)O2)C=C1;Cc1cccc(OCCNC(=O)Cn2cnc3ccc(Cl)cc3c2=O)c1;Cc1nc(C2CN(C(=O)COc3cccc(C(F)(F)F)c3)CCO2)no1;CCC1=CC2=C(OCCO2)C(C(=O)C[N+](C)(C)C)=C1CC.[Br-];Cc1nc(C2COCCN2C(=O)Cc2cccc(OC(F)(F)F)c2)no1;CC(=O)OC1=CC(OC(C)=O)=CC(C(=O)NCC2=CC=C(C(=O)O)C=C2)=C1;COCC1(C(=O)O)CCCN1S(=O)(=O)c1cccc2c1OCCCO2;O=C(Cc1cccc(OCC(F)(F)F)c1)N1CCOCC1c1ncon1;COC(=O)c1ccc(C(=O)OC)c(NC(=O)c2ccc3c(c2)OCCO3)c1;Cn1c(=O)[nH]c2cc(C(=O)N3CCC(Oc4ccccc4Cl)C3)ccc21;COC1=CC=CC=C1CC1=NN=C(C(=O)NCCC2=CC=C(Cl)C=C2)O1;COCc1nc2cc(NC3CCN(c4ccc(Cl)cc4)C3=O)ccc2o1;COCc1nc2cc(NC3CCN(c4cccc(Cl)c4)C3=O)ccc2o1;COC1=CC=C2OC=C(C(CC(N)=O)C3=C(O)C(=O)C=C(C)O3)C(=O)C2=C1;COC1=CC=C2C(=C1)N=C1COC[C@H](CNC(=O)C3=CC=C(Cl)C=C3)N12;O=C(O)C1(CNS(=O)(=O)c2ccc3c(c2)OCCCO3)CCOCC1;O=C1CCCN1C(=O)NC1CCN(c2cccc(OC(F)(F)F)c2)C1=O;COC1=CC=C(Cl)C=C1C1=CC=C2NC(=O)[C@H]3CNCCN3C(=O)C2=C1;O=C1OC2(CCCN(C(=O)CSc3ccc(F)cc3)C2)c2ccccc21;O=C(NCC1(O)CCOCC1)c1cccc(-c2noc(C(F)(F)F)n2)c1;COC1=CC=C2C(=C1OC)C(=O)OC2CC(=O)NC1=CC=C(C(=O)O)C=C1
m_3ba5ce,Cc1nnc(CN2CCN(c3ccc(O)cc3)CC2)n1C;Cc1ccc(OC2CCN(Cc3nncn3C)CC2)nc1;Cn1ccnc1C(NC(=O)CC1CCC1)c1nccn1C;COCC1(C(=O)N2CC(OC)C(OC)C2)CCOCC1;Cc1cccnc1OC1CCN(Cc2cn(C)nn2)CC1;Cc1ccc(C(=O)NCc2nnc(C3CCC3)n2C)n1C;CCn1nccc1C(=O)N1CCCC(c2nccn2C)C1;Cc1cc(C)n(CC(=O)Nc2ccnn2C2CCCC2)n1;CN(Cc1nccn1C)C(=O)c1ccn(C2CCCC2)n1;Cc1nn(C)c(C)c1CC(=O)NC1CCc2nccn2C1;CCn1ccnc(N(C)CC2CCc3nccn3C2)c1=O;Cn1cc(CC(=O)N2CCC(Cc3cnn(C)c3)C2)cn1;Cc1cnn(CC2CCCCN2C(=O)c2ccnn2C)c1;COC1CCCN(c2ccc(-n3nc(C)cc3C)nn2)C1;COc1c(C)ncnc1N1CCC(Cn2cccn2)CC1;CCCC(NC(=O)NCc1ncnn1C)c1ccccc1;CCn1ccnc1CNC(=O)c1ccnn1C1CCCC1;CCc1c(NC(=O)c2ccnnc2)cnn1CCC(C)C;CCN1CCN(C(=O)c2cc[nH]c2)CC1c1nccn1C;Cc1nc(C2CCCCN2C(=O)c2ccc(C)n2C)n[nH]1;CCC(C)NC(=O)c1ccccc1NCc1nncn1C;CC(C)Nc1ncccc1C(=O)N(C)CCn1cccn1;Cc1cnc(NCC2CCCOC2c2nccn2C)nc1;Cc1c(CNC(=O)c2c(C3CCC3)cnn2C)cnn1C;CCc1nn(C)cc1C(=O)NCC1CCn2ccnc2C1
m_3ce578,CCOC(=O)NN1C2=C(C(=O)C3=CC=CC=C32)C2=CC=C(OC)C(OC)=C2C1=O;COC(=O)C12CCC(=O)N1c1ccccc1C(=O)N2c1ccc2c(c1)OCCO2;COC(=O)C1=CC=CC=C1NC(=O)[C@@H]1CCC(=O)N1[C@@H]1OC(=O)C2=CC=CC=C21;COC1=C(OC)C(=O)C2=C(C=C3N=C(O)N(C)C3=C2C2=CC=C(OC)C=C2)C1=O;O=C(NC1=CC=CC=C1C(=O)N[C@@H](CC1=CC=C(O)C=C1)C(=O)O)C1=CC=CO1;O=C1OC(N2C(=O)CC[C@H]2C(=O)NC2=CC=C3OCCOC3=C2)C2=CC=CC=C12;CC[C@@]1(O)C(=O)OCC2=C1C=C1C3=NC4=CC=CC(OC)=C4C=C3[C@@H](O)N1C2=O;COC1=C(OC)C(=O)C2=C(C=C3C(=C2C2=CC=C(OC)C=C2)N=C(O)N3C)C1=O;CCc1nnc(NC(=O)COc2ccc(C)cc2-n2nc3ccccc3n2)s1;Cc1cc2c(cc1Cl)N(C(=O)Nc1ccc(Oc3cccnc3C)nc1)CC2;Cc1cc(NC(=O)c2cc(N3CCCC3=O)ccc2Cl)n(-c2ccccc2)n1;Cc1cn(-c2ccccc2Cl)nc1C(=O)Nc1ccc2c(c1)CCC(=O)N2C;Cc1cc(C(=O)Nc2ccc3c(c2)C(=O)N(C)CC3)nn1-c1cccc(Cl)c1;O=C(CCC1=NC2=CC=CC=C2NC1=O)NCCC1=CNC2=CC=C(Cl)C=C12;O=C(Nc1ccc(N2CCN(c3ccccc3)C2=O)nc1)c1cc(F)cc(F)c1;CC(=O)Nc1ccc(OCC(O)Cn2nc(C(F)(F)F)c3cnccc32)cc1;O=C(NCCOc1ncccc1C(F)(F)F)c1ccnc(NC(=O)C2CC2)c1;COC1CC(CNC(=O)COc2ccc(F)cc2Cl)N(c2ccncn2)C1;COC1=CC2=C(C=C1OC)C1=CC(OC3=CC=C4OCOC4=C3)=NC(=O)N1CC2;Cc1c(C(=O)Nc2cccc3ccccc23)nnn1-c1ccc(OC(F)F)cc1;Cc1cn(-c2ccccc2Cl)nc1C(=O)Nc1ccc2c(c1)CCCC(=O)N2;Cn1cc(N2CCC(NC(=O)c3cc(F)cc(Cl)c3)CC2)c(=O)n(C)c1=O;COC1=CC=C2C(CN3N=CC4=CC=C(OC)C(OC)=C4C3=O)=CC(=O)OC2=C1;Cc1c(C(=O)Nc2ccc(C(=O)NC3CC3)cc2)cnn1-c1ccccc1Cl;COC(=O)C1=C(N)OC2=C(C3=CC=C(C)C=C3)C3=C(C=C12)OC(N)=C3C(=O)OC
m_3d62dd,COCCN1CCN(CCC(=O)NC(C)c2ccccc2)CC1;CC(C)Nc1cccc(C(=O)NCCCN2CCC(O)CC2)c1;CCN(CC)C(=O)C(c1ccccc1)N1CCN(CCO)CC1;CC(C)N1CCC(CNC(=O)NCCOc2ccccc2)CC1;Cc1ccccc1C(C)NC(=O)C(C)N1CCN(CCO)CC1;CC(C)Oc1ccccc1CC(=O)NCCN1CCN(C)CC1;COc1cccc(CNC2CCN(C3CCCCC3O)CC2)n1;CCNC(=O)NCCCOc1cccc(CN2CCCCC2)c1;Cc1cccc(C)c1OCCNC(=O)CN1CCN(C)CC1C;CCCN1CCC(NC(=O)NCc2ccccc2COC)CC1;CC1CCN(C(C)CNC(=O)NC(CO)c2ccccc2)CC1;CC(C)CN1CCOC(CNC(=O)NCCc2ccccc2)C1;Cc1ccc(CN2CCC(CNC(=O)NCC(C)O)CC2)cc1;Cc1ccccc1C(CN1CCOCC1)NCC(=O)NC(C)C;CCCCOc1ccc(NC(=O)NCC2CCN(C)CC2)cc1;CCN(C(=O)N1CCC(Nc2cccc(OC)c2)CC1)C(C)C;CC(C)COC1CCN(C(=O)c2cccn2C2CCNCC2)C1;CN1C(CN2CCCCC2)=CC(=O)C(O)=C1CN1CCCCC1;COC1CCCCC1NC(=O)NCc1ccc(CN(C)C)cc1;CC1CN(CCN(C)C(=O)c2ccccc2N(C)C)CC(C)O1;CC(O)CN1CCN(C(=O)C2CCC(n3cccc3)CC2)CC1;CC1CCC(O)C(C2CCCN2C(=O)NCc2cccn2C)C1;Cn1nccc1COCC(=O)N1CCC(C2CCCCC2)CC1;CCC(COC)NC(=O)N1CCC(CN)(c2ccccc2)CC1;Cc1ccc(C(=O)NCC2(N3CCCCC3)CCOCC2)n1C
m_3db789,CC(=O)Nc1ccc(F)c(C(=O)Nc2ccc3c(c2)oc(=O)n3C)c1;CCOC(=O)c1cn(Cc2ccccc2)c2cc(F)c(F)cc2c1=O;CNC(=O)C1=C2C(=C3C(=O)C4=CC=CC=C4N3C1=O)NC1=CC=CC=C12;Cc1cccc(NC(=O)C(=O)Nc2ccc3c(c2)oc(=O)n3C)c1F;CC(=O)Nc1cc(C(=O)Nc2ccc3c(c2)oc(=O)n3C)ccc1F;CC(C)CN1C(=O)C(C(=O)NC2=NC=CS2)=C(O)C2=CC=CC=C21;CCCCN1C(=O)C(C(=O)NC2=NC=CS2)=C(O)C2=CC=CC=C21;Cc1cc(Cl)c(C(=O)N2CCC(C(=O)O)c3ccccc32)cc1C;Cc1c(C(=O)NCc2ccc(C(=O)O)o2)cnn1-c1ccccc1F;COC1=CN=C2C(=O)C3=C(C=CN(C)C3=O)C3=C2C1=C1C=CC=CC1=N3;CCn1c(C(C)NC(=O)c2ccc(C(=O)O)s2)nc2ccccc21;COC1=CC=C(CCNC(=O)C2=CN=C3SC=C(C)N3C2=O)C=C1;CCn1c(CCNC(=O)c2ccc(C(=O)O)s2)nc2ccccc21;Cc1ccc(C(=O)N2CCC(C(=O)O)(c3ccccc3)C2)cc1Cl;Cc1c(C(=O)NCc2ccc(C(=O)O)o2)cnn1-c1ccc(F)cc1;CC1=NC(C)=C(C(=O)N[C@@H](CC2=CNC3=CC=CC=C23)C(=O)O)S1;Cn1c(CCCNC(=O)c2ccc(C(=O)O)s2)nc2ccccc21;O=C(O)C1CCN(C(=O)c2cc(-c3ccccc3)ccc2Cl)CC1;O=C1N=C(O)C(C2=CNC3=CC=CC=C23)=C1C1=CNC2=CC(O)=CC=C12;Cc1c(Cl)cccc1C(=O)N1CC(C(=O)O)C(c2ccccc2)C1;O=C(O)c1ccccc1C1CCN(C(=O)c2ccc(Cl)cc2)CC1;CCOC(=O)Cn1cc(-c2nc(-c3ccccc3F)no2)ccc1=O;CCOC(=O)c1sc(C)c2c(=O)n(CCc3ccccc3)nnc12;CCc1cc2c(Oc3cccc(C(=O)NCCO)c3)ncnc2s1;NC(=O)COC1=CC=C2C(=C1)C1=CC=NC3=C1N2C(=O)C1=CC=CC=C13
m_3dc915,CCN(CC)C(=O)Nc1cc(NC(=O)N(CC)CC)c(C)nc1C;CCN1CCN(CCC(=O)NC(C)c2cc(C)c(F)c(C)c2)CC1;CN1CCN(C(CNC(=O)CC(C)(C)C)c2ccc(F)cc2)CC1;CCCNC(=O)CN1CCC(NC(=O)c2cc(C(C)C)[nH]n2)CC1;CN1CCN(C(=O)CCN2CC(CO)C(c3cnn(C)c3)C2)CC1;Cc1nn(C(C)(C)C)cc1C(C)NC(=O)NCC(=O)N1CCCC1;CCN(CC(=O)NC(C)C)c1cc(N2CCCC(CO)C2)ncn1;CNC(=O)C1CCN(C(=O)NCC(C)Cn2nc(C)cc2C)CC1;CCNC(=O)N1CCC(NC2CCCOC2c2cnn(C)c2)CC1;CC(=O)N1CCC(NC(=O)NCC(C)Cn2nc(C)cc2C)CC1;CCC(C)NC(=O)CN1CCN(Cc2cnc3n2CCOC3)CC1;CCOC(=O)N1CCC(NC2CCCn3nc(C(C)C)nc32)CC1;CC(=O)N1CCCN(C(=O)NCC(C)Cn2nc(C)cc2C)CC1;Cc1cc(NC(=O)CNC(=O)NC2CCCCC2)n(C(C)(C)C)n1;CC(=O)NC1CCCN(C(=O)NCC(C)Cn2nc(C)cc2C)C1;CCN(Cc1cnn(C)c1)C(=O)CCNC(=O)NC1CCCCC1;COC1CC(CN2CCCC2)N(CC(=O)Nc2cc(C)nn2C)C1;CC(Cc1ccc(F)cc1)NC(=O)N1CCCN(C(C)(C)C)CC1;COCCn1ccc(NC(=O)NC2CCN(C3CCCC3)CC2)n1;CN(Cc1cnn(C)c1)C(=O)NCCNC(=O)CC1CCCCC1;CCC(C)C(=O)NCC(=O)N1CCCC1c1nncn1CC(C)C;CC(C)COC(=O)N1CCN(Cc2nnc(C3CCC3)n2C)CC1;COC1CC(C(=O)N2CCCN(Cc3cnn(C)c3)CC2)N(C)C1;CCN1CCOC(CN2CCN(C(=O)Cc3cc(C)[nH]n3)CC2)C1;CN(C)C(CNC(=O)CN1CCCCCCC1=O)c1cnn(C)c1
m_3f6bab,COc1ncccc1CN(C)C(=O)Cc1c(F)cccc1Cl;Cn1ccc(C(=O)N2CCc3c2cccc3C(F)(F)F)cc1=O;COc1ccccc1-c1nnc2sc(Cc3ccccc3)nn12;Cc1ccn(Cc2ccc(OCC(F)(F)F)cc2)c(=O)c1C#N;COc1ccc(-c2nn3cnc4cc(F)ccc4c3nc2=O)cc1;COc1cc2c(cc1OC)CN(c1ncc(Cl)cc1F)CC2;COc1cccc(C2CC(O)CN2c2ncc(Cl)cc2F)c1;Cc1cnc2c(c1)N(C(=O)c1ccccc1C(F)(F)F)CCO2;COc1ccc(-c2nc(-c3ccc4nccnc4c3)no2)c(F)c1;COCCN(Cc1cccnc1)C(=O)c1ccc(Cl)cc1F;CC(=O)Nc1cc(F)c(F)cc1NC(=O)c1ccc(F)cc1C;CC(=O)Nc1cccc(NC(=O)c2ccccc2C(F)(F)F)c1;Cc1nsc(N2CCN(C(=O)c3ccc(O)cc3F)CC2)n1;Cn1cc(Cl)cc1C(=O)N1CC(O)CC1c1ccc(F)cc1;Cn1cc(Cl)cc1C(=O)N1CC(O)CC1c1cccc(F)c1;Cc1nc2ccccc2nc1Cn1cnc2c(C)csc2c1=O;Cn1c(CSc2nc(=O)c3ccccc3[nH]2)nc2ccccc21;Cn1c(-c2nc(-c3ccc(F)cn3)no2)cc2ccccc2c1=O;Cn1c(SCc2nc3ccccc3[nH]2)nc(=O)c2ccccc21;CNC(=O)CSc1nc2ccccc2c2nc3ccccc3n12;COC(=O)c1cc(F)ccc1CSc1nnc(N)n1C1CC1;CNC(=O)c1ccc(NC(=O)c2ccc(C(F)(F)F)cc2)cc1;CC(C)c1nc(C=Cc2cc(F)c(F)c(F)c2)ncc1C(=O)O;CC(=O)NCCC(=O)Nc1nnc(Cc2ccccc2F)s1;CCc1cc(C#N)c(NC(=O)c2ccn(-c3ccccc3)n2)s1
m_3f8028,CCN(C)c1ccc(C(=O)Nc2cccnc2)cc1;CN(C)C(=O)c1ccc(NCc2ccncc2)cc1;CCNC(=O)c1ccc(NCc2ccncc2)cc1;Cc1ccc(CNC(=O)NCc2cccnc2)cc1;CCC(NC(=O)Nc1cccnc1)c1ccccc1;CNC(=O)c1cccc(CCNc2ccccn2)c1;CCN(C(=O)c1ccc(C)nc1)c1cccnc1C;CNC(=O)c1ccc(C)c(NCc2ccncc2)c1;Cc1ccccc1CNC(=O)NCc1cccnc1;Cc1ccccc1CNC(=O)Nc1ccncc1C;Cc1cccnc1NC(=O)c1cccc(N(C)C)c1;CNc1cc(C(=O)N2CCCC2)c2ccccc2n1;O=C(CN1CCCC1)Nc1cnc2ccccc2c1;Cc1cncc(C(=O)N(c2cccnc2)C(C)C)c1;Cc1ccccc1N(C(=O)c1cnccn1)C(C)C;Cc1cc(C)cc(CCC(=O)Nc2cnccn2)c1;CCN1C(=O)C2=C(NCCN=C2C)C2=CC=CC=C21;CN1CCN(C(=O)c2ccnc3ccccc23)CC1;Cc1ccccc1NC(=O)Cn1ccnc1C1CC1;CCC(=O)NC1=C2CCN(C)C2=NC2=CC=CC=C12;CNCC(=O)NC1=C2CCCC2=NC2=CC=CC=C12;CN(C(=O)C1CCn2ccnc2C1)c1ccccc1;CCc1cc(NC(=O)c2ccnnc2C)ccc1C;CN1C=NC=C1CCNC(=O)/C=C\C1=CC=CC=C1;CC1CCN(C(=O)c2cnc3ccccc3n2)CC1
m_3ff7be,Cc1ccccc1NC(=O)N(C)C(c1ccc(F)cc1)c1cccnc1;Cc1noc(C)c1C(C)C(=O)N1CCN(c2cc(F)ccc2F)CC1;O=C(Nc1ccccc1)C1CCCN(c2ccc3ccc(F)cc3n2)C1;Cc1nc2ccccc2n1C1CN(C(=O)C2(c3ccc(F)cc3)CC2)C1;Cc1ccc(-n2cc(C(=O)N3CCN(c4ncccn4)CC3)nn2)cc1;CCN(C(=O)C1CN(c2cc(-n3cncn3)ncn2)C1)c1ccccc1;O=C(CCCOc1ccc(F)cc1F)N1CCCC(n2cccn2)C1;Cc1nn(C)c(C)c1C(=O)NC1(c2ccc(F)cc2F)CCOCC1;O=C(c1ccncc1)N1CCN(Cc2nnnn2-c2ccccc2)CC1;Cc1cc(CNC(=O)N(Cc2cc(F)ccc2F)C2CCCC2)no1;Cc1noc(C)c1C(=O)NC1CCCN(Cc2c(F)cccc2F)C1;Cn1cc(C2CCCN2C(=O)CCCOc2ccc(F)cc2F)cn1;Cc1cnn(CC2CN(C(=O)CCc3cc(F)ccc3F)CCO2)c1;O=C(c1ccccn1)N1CCN(Cc2nnnn2-c2ccccc2)CC1;CCn1cnc2c(N3CCN(c4nc5ccccc5o4)CC3)ncnc21;O=C(Nc1cccnc1-n1cncn1)N1CCC(c2ccncc2)CC1;Cn1cc(C2OCCC2CNC(=O)c2ccc(C(C)(F)F)cc2)cn1;O=C(c1cccnc1)N1CCN(Cc2nnnn2-c2ccccc2)CC1;COc1ccc(NC(=O)C2CCN(CC(F)F)CC2)c2cccnc12;Cc1cc(C)n(Cc2nc(-c3ccc(-n4nc(C)cc4C)nc3)no2)n1;Cn1cccc1C(CNC(=O)c1c(F)cccc1F)N1CCOCC1;Cc1ccc2c(c1)OC(C)CN2C(=O)Cc1c(C)nn(C(F)F)c1C;Cc1ccc(-n2cc(C(=O)N3CCN(c4cccnn4)CC3)nn2)cc1;COc1ccccc1-n1ncc(C(=O)NCC2CCCC2(F)F)c1C;Cc1n[nH]c(C)c1C1COCCN1C(=O)Cc1cccc(C(F)F)c1
m_402004,O=C(CN1CCCCC(O)C1=O)N1CCN(c2cccnn2)CC1;COc1ccnc(N2CCN(C(=O)C3CCN(C)C(=O)C3)CC2)n1;Cc1cnc2c(c1NCCN1CCOCC1)c(=O)n(C)c(=O)n2C;COc1cncc(C(=O)NC2CCN(C3CCN(C)C3=O)CC2)n1;CCc1cc(N2CCC(OCc3ccncc3)C2)c2ccccc2n1;CCN1CN(C(=O)C2CCC(=O)N(C)C2c2ccnn2C)CC1=O;COc1cccc(Cn2nnnc2N2CCC(CO)(OC)CC2)c1;CN1C(=O)C2=C(N=CN2CC(=O)NC2CCCCCC2)N(C)C1=O;CCN1C(=O)CCC(C(=O)N2CCNC(=O)C2)C1c1nccn1C;Cc1n[nH]c(C2CN(C(=O)C3CC(=O)N(CC4CC4)C3)CCO2)n1;CN1C=CC=C1C(=O)N1CCN[C@H](C(=O)N[C@@H]2CCCNC2=O)C1;Cc1ccc(C(=O)N2CCCC(c3nc4ccccc4[nH]3)C2)cc1C;Cc1ccc(C(=O)N2CCC(c3nc4ccccc4[nH]3)CC2)c(C)c1;CCN1CCCC(NC(=O)Nc2ccc(C(=O)N(C)C)cn2)C1=O;O=C(Cc1c[nH]c2ccccc12)N1CCC(Nc2ccccc2)CC1;CCn1cnnc1C1CCN(CC(=O)N(C)CC(F)(F)F)CC1;O=C(CCC1=CNC2=CC=CC=C12)N1CCN(C2=CC=CC=C2)CC1;CC1=CC=C(C2=NC3(CCN(CC4=CC=CC=C4)CC3)NC2=O)C=C1;Cc1noc(C)c1C(=O)NCC1OCCN(C)C1c1ccnn1C;CN1CCC(CCO)(NC(=O)c2cc(-c3ccn(C)n3)on2)CC1;Cc1nc(C)n(C2CCCN(C(=O)CCNCC(F)(F)F)C2)n1;CCN1CCOC(CNC(=O)c2cc(C)no2)C1c1ccnn1C;CCc1cc(=O)n(CC(=O)NCCOC)c(-n2nc(C)cc2C)n1;Cc1cc(CNC(=O)N2CCC(C(=O)O)C2)nc(N2CCCC2)n1;O=C(CN1CCCCCC1=O)NC1CCN(c2ncc[nH]c2=O)C1
m_417c79,CC(=O)OCC1=CN([C@@H]2O[C@H](CO)[C@@H](O)[C@H](O)[C@H]2O)C2=CC=CC=C12;COC(=O)CC1=CN([C@@H]2O[C@H](CO)[C@@H](O)[C@H](O)[C@H]2O)C2=CC=CC=C12;O=C(CN1CCN(C(C(=O)O)C2CC2)CC1)Nc1ccccc1Cl;CC(=O)OC1CN(CC2=CC=CC=C2)CCO1.O=C(O)/C=C\C(=O)O;CCN1OC2(CCN(C(=O)NC3=CC=C(C)C(Cl)=C3)CC2)CC1=O;Cn1cc(C2OCCC2NC(=O)Cc2ccccc2OC(F)F)cn1;CCN1OC2(CCN(C(=O)NC3=CC=C(Cl)C(C)=C3)CC2)CC1=O;CC(C)c1cc(C(=O)N(CCC(=O)O)Cc2cccc(F)c2F)n[nH]1;Cn1c(CNCC(C(=O)O)C2CCOCC2)nc2ccc(Cl)cc21;COC1=CC(OC)=C2C(C)=C(CC(=O)NC[C@@H](O)CO)C(=O)OC2=C1;CC(=O)N[C@@H](CS[C@H](CC(=O)O)[C@H](O)CCCCCO)C(=O)O;O=C(Cc1noc(COc2cc(F)cc(F)c2)n1)NC1CCCCC1;Cn1cc(OC2COCC2NC(=O)CCc2cccc(F)c2F)cn1;CN1CCC(N2CCC(NC(=O)c3cc(O)ccc3Cl)CC2)C1=O;COCC(O)CNC(=O)Cc1c(C)nn(-c2ccc(Cl)cc2)c1C;Cn1ncc2c(O)c(C(=O)NCCN3C(=O)Cc4ccccc43)cnc21;NC(=O)C1CCOC1CC1CCN(C(=O)c2ncccc2Cl)CC1;Cn1ncc2c(O)c(C(=O)NCC(=O)N3CCc4ccccc43)cnc21;O=C(c1ccccc1)N1CCC(Cn2c(-c3ncccn3)noc2=O)C1;NC(=O)C1CCOC1CC1CCN(C(=O)c2ccc(Cl)cn2)CC1;CC1(C)COC(c2cccc(Cl)c2)CN1CCN1C(=O)CNC1=O;O=C(Nc1ccc2nncn2c1)C1CCCN1C(=O)c1ccccc1O;CCn1cc(OC2COCC2NC(=O)Cc2cc(F)ccc2F)cn1;O=C(CCCc1cc(F)ccc1F)NC1COCC1Oc1cn[nH]c1;COCC(CO)NC(=O)Cc1c(C)nn(-c2ccc(Cl)cc2)c1C
m_43683b,Cc1nc(C(=O)N2CCN(c3cccc(O)c3)CC2)c[nH]1;Cc1cc(C)nc(NCCNC(=O)c2ccc(O)cc2)n1;Cn1cnc(C(=O)N2CCN(c3ccccc3O)CC2)c1;Cn1cc(C(=O)N2CCN(c3cccc(O)c3)CC2)cn1;CC1CN(C(=O)c2cc(-c3ccccc3O)[nH]n2)CCN1;Cc1nc(-c2ccccc2)n(CC(=O)N2CCOCC2)n1;CNC(=O)CC1CN(c2ncc3ccccc3n2)CC1O;NC(=O)N1C(C2CCCCC2)=NN(C2=CC=CC=C2)C1=O;CCOc1cc(N(C)CC(=O)Nc2ccccc2)ncn1;Cc1nc2n(n1)CC(NC(=O)COc1ccccc1)CC2;Cn1nc(C2CCCC2)cc1NC(=O)c1cncc(O)c1;Cn1nccc1C1CCCCN1C(=O)c1cccnc1O;CC(C)(C)c1ccc(O)c(NC(=O)c2nccnc2N)c1;CCn1nncc1C(=O)NCC1(O)Cc2ccccc2C1;COc1cccc(C(=O)NCCNc2cncc(C)n2)c1;CC(Oc1ccccc1)C(=O)NC1CCCn2ncnc21;CNc1nc(N2CCCC(C(=O)O)C2)nc2ccccc12;Cc1nc(C(=O)N2CCN(c3ccccn3)CC2)c(C)o1;CC1(O)CCN(C(=O)c2cc(-c3ccncc3)[nH]n2)CC1;Cc1nc(C)n(C2CN(C(=O)Cc3ccccc3O)C2)n1;CC(C(=O)NCCC(=O)Nc1ccccc1)n1cccn1;O=C(CCn1ncc(=O)c2ccccc21)N1CCNCC1;Cc1nc(C2CCN(C(=O)c3ccc(C)c(O)c3)C2)n[nH]1;COc1ccc(C)cc1CCNC(=O)c1nccnc1N;Cc1cc(NC(=O)CN2CCOc3ccccc32)n(C)n1
m_436a8d,O=C(O)c1cccnc1CN1CCN(c2cc(F)ccc2F)CC1;Cn1cc(C2CCN(C(=O)COc3ccccc3Cl)CC2)cn1;O=C(COc1ccc(F)cc1)N1CCN(c2ncccc2F)CC1;Cc1c(C(=O)N2CCC(Oc3ccccc3Cl)CC2)cnn1C;CC(O)C1CCN(C(=O)c2cc(-c3ccccc3Cl)[nH]n2)CC1;CC(O)C1CCN(C(=O)c2cnn(-c3cccc(Cl)c3)c2)CC1;Cn1cc(C(=O)N2CCC(CCO)C2)c(-c2ccccc2Cl)n1;Cc1[nH]nc(C(=O)N2CCC(Oc3ccccc3Cl)CC2)c1C;Cc1noc(C2CCCN(C(=O)CCc3ccccc3Cl)C2)n1;Cc1cc(C(=O)N2CCCC2(C)CO)nn1-c1ccccc1Cl;Cn1cc(CN2CCCC2CC(=O)O)c(-c2ccccc2Cl)n1;Cc1cccc(C)c1-n1nnnc1SCC(=O)N1CCOCC1;Cc1cc(C(=O)NCc2ccccc2Cl)n(C2CCOCC2)n1;Cc1cn(-c2ccccc2Cl)nc1C(=O)N1CCOCCC1C;Cc1cc(C(=O)N2CC(O)CCC2C)nn1-c1cccc(Cl)c1;CNC(=O)C1CCCN(Cc2ncc(-c3ccccc3Cl)o2)C1;CCC1CCCCN1C(=O)Cn1cnc2ccc(Cl)cc2c1=O;CC1CN(c2cc(Cl)ccc2C#N)CC1C(=O)N1CCOCC1;O=C(c1n[nH]c2ccc(Cl)cc12)N1CCC(OC2CCC2)CC1;O=C(NCc1cccc(N2CCOCC2)n1)c1cc(F)ccc1F;O=C(CCOc1ccccc1Cl)N1CCCC(c2ccn[nH]2)C1;CC1CN(C(=O)CSCc2nnnn2-c2ccccc2)CCO1;Cc1c(Cl)cccc1OCC(=O)N1CCCC(c2ccn[nH]2)C1;Cn1cc(C2CCN(C(=O)COCc3ccccc3Cl)C2)cn1;Cc1n[nH]c(C)c1CC(=O)N1CCOC(c2ccccc2Cl)C1
m_436c77,CCCCCCCCCCCC=CC=CC=CC(=O)NCCC(=O)O;CCCCCC=CCC=CCC=CCCCCC(=O)NC(C)C(=O)O;CN1CCC(C(=O)NC2CCCCC2NC(=O)C2CCCCC2)CC1;CCCCCCCCCCCCCCCCNCCP(=O)(O)O;CCCCCCCCCCC(O)CC(=O)NCCc1ccc(O)cc1;CCCCCCCCCCCCC(=O)NCCc1ccc(O)c(O)c1;CCCCCCCCCCCCCCCCNCCS(=O)(=O)O;CC1CN(C(=O)CC2CCCCC2)CC1CNCC(=O)NCC1CC1;CCCCCCCCCCCCCCNc1c(O)cccc1C(=O)O;CCCCCCCCCCCCNC(Cc1ccc(O)cc1)C(=O)O;CCCCCCCCCCCCCCNc1cc(C(=O)O)ccc1O;CCCCCCCCCCCC1=C(O)C(=O)C=C(NCCCC)C1=O;NC1CCCCCCC1C(=O)N1CCC(CC(=O)N2CCCC2)CC1;CCCCCCCCCCC=CCNC(Cc1cncn1C)C(=O)O;CCC1CN(C)CCCN1C(=O)C1CC(=O)N(C2CCCCCC2)C1;CCNC(=O)NC[C@@H]1C=C(C)[C@H](CC(=O)N2CCCC2)C[C@H]1C(C)C;CCCCCCCCCCCCCCCN(C)CCS(=O)(=O)O;CC(=O)CCCCCCCCCCCCCCC1=C(C)C(=O)NC1=O;CC(=O)N1CCC(CC(=O)N2CCCCC2CCN2CCCC2)CC1;CC(=O)NC[C@@H]1C=C(C)[C@H](CC(=O)N2CCN(C)CC2)C[C@H]1C(C)C;O=C(NCC1(N2CCCCC2)CCCCC1)N1C2CCC1CC(O)C2;CCCCCCN[C@@H]1C[C@@H](O)[C@H](CO)[C@H]1CC1=CC=NC(C(C)C)=N1;CCCCCC[C@H]1CC(=O)[C@@H]2CCCC[C@@]23CC[C@H](COC(C)=O)N13;COCCC1(C(=O)N2CCN(C3CC4CCC(C3)N4C)CC2)CCC1;C/C=C/[C@@H]1OC[C@]2(COC(=O)NCCCCC)[C@H](C)[C@H]1C(C)=C[C@@H]2C
m_43e809,COc1ccc(CCC(=O)N2CCCN(C(N)=O)CC2)cc1Cl;COc1ccc(Cl)cc1CNC(=O)CN1CCC(NC(C)=O)C1;COc1cc(Cl)ccc1CNC(=O)N1CCCN(C(C)=O)CC1;COc1cc(CNC(=O)N2CCC(C#N)CC2)ccc1OC(F)F;CCCNc1ccc(Cl)cc1NC(=O)C1CC(O)CN1C(C)=O;COC1=CC=C(CCNC(=O)CCCCC2CCSS2)C=C1;CCN1C(=O)C(C(=O)NCCN(C)C)=C(O)C2=CC=CC=C21.Cl;COc1ncc(C(=O)NC2CCCC2N2CCC(O)C2)cc1Cl;CCOc1ncc(C(=O)N2CCNC(=O)C2CC(C)C)cc1Cl;Cc1cc(Cl)ccc1OC(C)C(=O)N1CCCN(C(N)=O)CC1;CCN1CC(C(=O)NCCNC(=O)c2ccc(F)cc2F)CC1=O;CCOc1ncccc1C(=O)N1CCC(Oc2nccnc2C#N)C1;CC(C(=O)NC(N)=O)N1CCCC(COc2ccccc2Cl)C1;COc1cccn2ncc(C(=O)NCC3(O)CCC(F)(F)CC3)c12;CC(C)(C)c1ccc(C(=O)NCC2(O)CSCCSC2)cc1;CCN(CCC(=O)O)C(=O)C1CCN(c2ccc(Cl)cn2)CC1;COc1ccc(NC(=O)COc2ccccc2)cc1-n1nnnc1C;CC(NC(=O)N1CCC(Oc2ccccc2Cl)C1)C(=O)N(C)C;COc1ccccc1OCC(=O)Nc1cccc(-n2nnnc2C)c1;CCC(CO)NC(=O)NC1CCCN(c2ccccc2Cl)C1=O;CCOc1cc(Cl)ccc1CNC(=O)NC1C(=O)NCCC1C;CN(C)CCN(CC(=O)O)C(=O)C1CC(=O)N(CC(F)(F)F)C1;CN1C(=O)C2=C(N=C3N(CCO)C(C4=CC=CC=C4)=CN23)N(C)C1=O;COC1=CC=C(C(N)=O)C=C1NC(=O)CCC1=NC2=CC=CN=C2N1;CC(C)c1ncc(Cl)c(C(=O)N2CCCCC2CCC(=O)O)n1
m_444a56,O=C(c1cccnc1O)N1CCCC1CCc1ccccc1;Cc1ccc(CN2CCC(C(=O)O)(c3ccccc3)C2)cn1;NC(=O)C1CN(Cc2cccc(-c3ccccc3)c2)CCO1;O=C(c1ccncc1)N(CCc1ccccc1)C1CCOC1;O=C(CN1CCOCC1)Nc1ccccc1-c1ccccc1;O=C(c1ccncc1)N1CCOC(CCc2ccccc2)C1;Cc1ccc(C(=O)N2CCOCC2c2ccccc2)c(C)n1;O=C(CN1CCOCC1c1ccccc1)Nc1ccccc1;Cc1cncc(CN2CCC(C(=O)O)(c3ccccc3)C2)c1;Cc1ccc(C(=O)N2CCC(c3ccccc3)CC2)c(=O)[nH]1;Cc1ccc(O)c(C(=O)N2CCN(c3ccccc3)CC2)c1;O=C(COc1ccc(Nc2ccccc2)cc1)N1CCCC1;COc1ccc(C(=O)N2CCC(c3ccccc3)CC2)cn1;Cc1cnc(C(=O)NC2CCOC2c2ccccc2)cc1C;CC1(O)CCN(C(=O)c2cncc(-c3ccccc3)c2)CC1;Cc1cc(O)cc(C(=O)N2CCN(c3ccccc3)CC2)c1;Cn1ccc(C(=O)N2CCC(c3ccccc3)CC2)cc1=O;CN(C(=O)c1ccc(N2CCOCC2)cc1)c1ccccc1;CCNC(=O)N1CCN(C(=O)Cn2ncn(C)c2=O)CC1;O=C(NCCOc1ccccc1-c1ccccc1)N1CCC1;Cc1nc(O)ccc1C(=O)N1CCCc2ccccc2CC1;CC(=O)N1CCC(NCc2cccc(O)c2)c2ccccc21;O=C(Cc1cnc2ccccc2c1)N1CCC(O)(C2CC2)C1;CCS(=O)(=O)NC1CCN(Cc2ccccc2C)CC1;O=C(c1cccc(O)c1)N1CCC(Cc2cccnc2)CC1
m_44cb82,O=C(NC(Cc1ccccc1)C1CC1)N1CCN(C(=O)C2CC2)CC1;CC(C)C(=O)N1CCN(C(=O)CCCC2=CNC3=CC=CC=C23)CC1;CC(O)CN1CCN(C(=O)c2cccn2CCc2ccccc2)CC1;Cc1ccc(C(=O)NC2CN(Cc3ccccc3)CCC2CO)n1C;Cc1cc(C)c(C(=O)NC2CN(Cc3ccccc3)CCC2CO)[nH]1;O=C(CN1CCN(C(=O)C2CC2)CC1)NCC1(c2ccccc2)CC1;CC(C)CCNC(=O)CCC(=O)N1CCC2=C(C1)C1=CC=CC=C1N2;CC(C)c1nn(C)cc1C(=O)N1CCC(OCc2ccccc2)CC1;CC(NC1(CNC(=O)c2cccn2C)CCOCC1)c1ccccc1;CN(Cc1ccco1)C(=O)NCC1CCN(Cc2ccccc2)CC1;Cc1noc(C)c1C(=O)NC(Cc1ccccc1)CN1CCCCC1;CN(C)C(=O)c1ccc(CN2CCCC2(CO)Cc2ccccc2)[nH]1;CC(C(=O)NC1CC1)N1CCN(C(=O)C2(c3ccccc3)CC2)CC1;Cc1cc(CN2CCC(C(CC(=O)O)c3ccccc3)CC2)nn1C;Cc1cn(C)nc1CN1CCC(C(CC(=O)O)c2ccccc2)CC1;Cn1cccc1CNC(=O)CC1(O)CCCN(Cc2ccccc2)C1;Cc1noc(C)c1CN1CCN(C(=O)CCCc2ccccc2)CC1;CC(C)C(CO)N(Cc1ccccc1)C(=O)C1CCn2cncc2C1;CC(C)c1cc(C(=O)N(C)C2CCN(Cc3ccccc3)CC2)no1;CC(C)n1cccc1C(=O)Nc1ccccc1CN1CCC(O)CC1;CN(C)C(=O)c1ccc(CN2CCC(c3ccccc3)C(CO)C2)[nH]1;Cc1n[nH]c(C)c1CC(=O)N1CCCC(CO)(Cc2ccccc2)C1;CC1CCN(Cc2ccc(CNC(=O)NCc3ccco3)cc2)CC1;Cc1nn(C)c(C)c1C(=O)N1CCC(OCCc2ccccc2)CC1;CC(C)CN(Cc1ccccc1)C(=O)c1cc(C2CCNCC2)no1
m_451ad6,CC(C)CC(=O)N1CCC(NC(=O)Nc2ccnn2C)CC1;CCCC(=O)N1CCCN(C(=O)Nc2cc(C)nn2C)CC1;CCN(CC)C(=O)C1CCCN1C(=O)Nc1cc(C)nn1C;CC(=O)N1CCN(CCNC(=O)Cn2nc(C)cc2C)CC1;CCc1nn(C)cc1NC(=O)C1CCN(C(=O)N(C)C)CC1;Cc1cc(N2CCN(CC(O)CN3CCCC3=O)CC2)n[nH]1;CC(C)n1nccc1NC(=O)CNC(=O)NC1CCCCC1;Cc1cc(NC(=O)NC(C(=O)N2CCCC2)C(C)C)n(C)n1;CCNC(=O)N1CCC(NC(=O)c2cc(C(C)C)nn2C)C1;Cc1nc(C)n(C2CCCN(CC(=O)N3CCOCC3)C2)n1;CCn1cc(CN2CCN(C(=O)N3CCOCC3)CC2)cn1;COc1nn(C)cc1NC(=O)NCC1CCCCN1C1CC1;Cn1cnn(CC(=O)N2CCCN(C3CCCC3)CC2)c1=O;Cc1[nH]ncc1CCCNC(=O)N1CCC(CC(N)=O)CC1;CC(NC(=O)N1CCN(c2cnn(C)c2)C(=O)C1)C(C)(C)C;Cn1nncc1CC(=O)N1CCCC(CN2CCOCC2)C1;Cn1cc(N2CCCC(NC(=O)NCC(O)C3CC3)C2)cn1;CN1CC2(C)CN(C(=O)c3cnn(CCO)c3N)CC2(C)C1;CC1CN(C(=O)c2cnc(N(C)C)cn2)CC(C)N1CCO;CN1CCOC(CN(CC2CC2)C(=O)c2cnn(C)c2N)C1;CCN1CCN(C(=O)NC2CCOCC2)CC1c1ncc[nH]1;Cn1ccc(NC(=O)CCCNC(=O)NC2CCCCC2)n1;CCCCC(NC(N)=O)C(=O)N1CCCC(c2ccn[nH]2)C1;CCn1cncc1CN1CCN(C2(C(N)=O)CCOC2)CC1;CC(CNC(=O)NCCNc1ccccn1)N1CCOCC1
m_45d613,CC(=O)N1CCCN(C(=O)c2ccc(=O)n(C)c2)c2ccccc21;O=C(O)c1cnc(C(=O)N2CCCC2CCc2ccccc2)cn1;Cc1ccn(CC(=O)N2Cc3ccccc3CC2C(N)=O)c(=O)c1;Cc1nc(-c2ccccc2)ncc1C(=O)N1CCCCC1C(=O)O;CC(=O)c1ccc(NC(=O)Cn2nc3c(cc2=O)CCCC3)cc1;O=C(NCCN1CCc2ccccc2C1)c1ccc(C(=O)O)nc1;CC(C)CCN1C(=O)NC(=O)C2=CC=C(C3=CC=CC=C3O)N=C21;O=C(O)CN(C(=O)c1nn(-c2ccccc2)c2c1CCC2)C1CC1;Cn1cc(C(=O)NCC(=O)N2CCCc3ccccc32)ccc1=O;CC1CN(C)c2ccccc2N(C(=O)c2ccc(C(=O)O)nc2)C1;Cc1cccc2c(O)c(C(=O)N3CCCC4C(=O)NCC43)cnc12;COC(=O)CCn1ccn2nc(-c3ccc(C)c(C)c3)cc2c1=O;O=C(O)c1ccc(C(=O)NC2CCN(c3ccncc3)CC2)cc1;CN(C)C(=O)CN1C(=O)[C@H]2CCC3=C(C4=CC=CC=C4N3)[C@H]2C1=O;Cn1c(=O)n(CC(=O)Nc2ccc(CCO)cc2)c2ccccc21;Cn1ccc(C(=O)N2CCNC(=O)CC2c2ccccc2)cc1=O;COc1ccccc1N1CCC(NC(=O)Cc2ccncc2)C1=O;CC1Oc2ccccc2N(CC(=O)N(C)Cc2ccncc2)C1=O;CCn1cc(C(=O)N2Cc3ccc(C(=O)O)cc3C2)c(C2CC2)n1;CN1C(=O)C2=CC=CN=C2O[C@H]2CN(CC3=CC=CC=C3O)C[C@H]21;CCOC(=O)C1CCCN(CCCOc2ccccc2Cl)C1;O=C(O)c1ccc2c(c1)CN(C(=O)c1ccnn1C1CCCC1)C2;CC(=O)N1CCC(NC(=O)c2c[nH]c(=O)cc2C)c2ccccc21;O=C(O)C1CCCN1C(=O)c1nn(-c2ccccc2)c2c1CCC2;CCC1(O)CCN(C(=O)c2ccc(OC(C)C)cc2Cl)CC1
m_466863,CC(=O)OCC1=CC=C2C(=O)C3=CC(COC(C)=O)=CC=C3C(=O)C2=C1;CCOC(=O)[C@@H]1OC2=C(C(=O)OC3=CC=CC=C23)[C@H]1C1=CC=C(O)C=C1;CC(=O)OC1=CC=C2C(=O)C(C3=CC=C4OCCOC4=C3)=C(C)OC2=C1;COC1=CC=CC2=C1OC(=O)C(C(=O)OCC(=O)C1=CC=C(C)C=C1)=C2;COC1=CC(/C=C/C(=O)C2=CC3=CC=CC=C3OC2=O)=CC(OC)=C1O;CCOC(=O)[C@@H]1OC2=C(C(=O)OC3=CC=CC=C23)[C@@H]1C1=CC=CC(O)=C1;CC(C)=CCC1=CC2=C(C=C1O)OC(=O)C1=C2OC2=CC(O)=C(O)C=C21;C/C(C(=O)C1=CC=C2OCOC2=C1)=C(/C)C(=O)C1=CC=C2OCOC2=C1;COC1=CC=C(C(=O)OC2=CC=C3C(C)=CC(=O)OC3=C2C(C)=O)C=C1;COC(=O)C1=CC=C(/C=C2\OC3=CC(OCC(C)=O)=CC=C3C2=O)C=C1;CCC1=CC2=C(C=C1OC(C)=O)OC=C(C1=CC=C3OCOC3=C1)C2=O;COC1=CC=C(/C=C/C(=O)C2=C(O)C3=CC=CC=C3OC2=O)C(OC)=C1;CCC1=CC2=C(C=C(O)C3=C2OC(C2=CC=C(OC)C=C2)=C(O)C3=O)O1;CC(=O)OC1=CC=CC2=CC3=CC=CC(OC(C)=O)=C3C(OC(C)=O)=C12;COC1=CC=C(C2CC(=O)OC3=C(O)C=C4C(C)=CC(=O)OC4=C32)C=C1;CC(C)=CCC1=C(O)C(O)=CC2=C1OC1=C2C(=O)OC2=CC(O)=CC=C21;COC1=CC=CC(C(=O)OC2=CC=C3C(C)=CC(=O)OC3=C2C(C)=O)=C1;CCC(=O)OC1=CC=C2C(=O)/C(=C/C3=CC=C(C(=O)OC)C=C3)OC2=C1;COC1=CC(OC)=C(C2=CC3=CC4=C(C=C3OC2=O)OC=C4)C=C1OC;COC1=CC(/C=C/C(=O)O)=CC2=C1OC(C1=CC=CC=C1)=C2CC(=O)O;COC1=CC=C(C2=C(CC(=O)O)C3=CC(/C=C/C(=O)O)=CC=C3O2)C=C1;CC(=O)COC1=CC=C2C(=O)/C(=C/C3=CC=C4OCOC4=C3)OC2=C1C;CC(=O)OC1=CC=C2C(=O)C(C3=CC=C4OCCOC4=C3)=COC2=C1C;CC(C)=CCC1=C(O)C=C2OC(=O)C3=C(OC4=CC(O)=CC=C43)C2=C1O;CC1(C)O[C@@H]1CC1=CC2=C(C=C1O)OC(=O)C1=C2OC2=CC(O)=CC=C21
m_4690d3,COc1ccccc1N1CCC(Nc2cc(C)ccn2)CC1;Cc1ccc(CN2CCC(Oc3ncccc3C)CC2)nc1;Cc1ccc(C)c(OCCn2nc(C3CC3)nc2C2CC2)c1;Cc1cccc(C)c1OCCn1nc(C2CC2)nc1C1CC1;Cc1cc(C)n(-c2ccc(C(=O)N3CCCCCC3)cc2)n1;Cc1ccc(C(=O)N2CCC(Cn3cccn3)CC2)cc1C;CCOc1ccccc1CNC1CCN(c2ccccn2)C1;CCc1cccc(OCCn2nc(C3CC3)nc2C2CC2)c1;CCC1c2ccccc2CCN1C(=O)c1c(C)nn(C)c1C;Cc1nc2ccccc2nc1CN1CCOC2CCCCC21;Cn1cc(C(=O)N2CCC(CCc3ccccc3)CC2)cn1;Cc1cc(C(=O)N2CCC(C)(C)CC2)ccc1-n1cccn1;CCC1c2ccccc2CCN1C(=O)CCc1cnn(C)c1;Cc1nn(C)cc1C(=O)N1CCCC(c2ccccc2)CC1;Cn1cc(CCC(=O)N2CCC(c3ccccc3)CC2)cn1;CCC(c1ccccc1)C1CCCN1C(=O)c1ccnn1C;Cc1cc(C)c2c(c1)CCN(C(=O)CCc1cncn1C)C2;Cc1cccc(C)c1C(=O)N(C)CC1CCn2ccnc2C1;CNC1CCCN(C(=O)c2ccc(-c3ccccc3)n2C)C1;Cc1ccc(C2CCCCN2C(=O)Cc2ccn(C)n2)cc1;Cc1cc(C(=O)N2CCCC2(C)Cc2ccccc2)nn1C;CCC1c2ccccc2CCN1C(=O)CCn1cc(C)cn1;Cc1ccc(C(=O)N(C)CC2CCn3ccnc3C2)c(C)c1;CN(C)C(=O)CN1CCC(c2ccnc3ccccc23)CC1;Cn1cc(CCC(=O)N2CCc3ccccc3C2(C)C)cn1
m_471696,O=C(Cc1ccccc1)N1CCCC(C(=O)N2CCC(O)(C(=O)O)CC2)C1;CCOc1ccc(C(=O)N2CCC(NC(=O)C3(C(=O)O)CCC3)CC2)cc1;CC(C)c1ccc(N2CCC(C(=O)N3CCOC(CC(=O)O)C3)C2=O)cc1;COCCN1C(=O)C2=CC=CC=C2[C@@H](C(=O)NCC(=O)OC)C12CCCC2;COCCN1C(=O)CC2=CC=CC=C2[C@H]1C(=O)N1CCC2(CC1)OCCO2;Cc1ccc(N2CCC(C(=O)N(CC(=O)O)C3CCOCC3)C2=O)cc1C;CCCCOCCCNC(=O)[C@@H]1CCC(=O)N1[C@@H]1OC(=O)C2=CC=CC=C21;O=C(O)CCN(CC1CCCO1)C(=O)CCN1C(=O)CCc2ccccc21;CCN1CCC2(CC1)OC(=O)C(C)=C2C(=O)NC1=CC=C(OC)C=C1OC;O=C(O)CCN(C(=O)C1CC(=O)N(Cc2ccccc2)C1)C1CCOCC1;Cc1cccc(N2CC(C(=O)N(CC(=O)O)C3CCOCC3)CC2=O)c1C;COC1=CC=C(C(=O)N[C@@H]2CN(CC3=CC=C(CO)O3)CCC[C@H]2O)C=C1;COCCN1C(=O)[C@@H]2C[C@@H](CN2C(=O)C2CCOCC2)OC2=CC=CC=C21;COC1=C2OCOC2=C(CNC(=O)CC2CCCC2)C2=C1C(=O)N(C)CC2;CC1CC(C(=O)Nc2ccc(C(=O)N3CCC(C(=O)O)CC3)cc2)CCO1;COC1=C2OCOC2=C(CNC(=O)C2CCCCC2)C2=C1C(=O)N(C)CC2;CCN1CCC2(CC1)OC(=O)C(C)=C2C(=O)NC1=CC(OC)=CC=C1OC;CC(=O)N(CC(=O)O)CC1CN(C(=O)CC2CCc3ccccc32)CCO1;O=C(NC1=CC=C([C@H]2OCC(=O)N(C3CCOCC3)[C@@H]2CO)C=C1)C1CC1;Cc1c(CC(=O)NCCCN2CCOCC2)c(=O)oc2c(C)c(O)ccc12;COC1=CC2=C(C=C1CCC(=O)NCCN1CCOCC1)C(C)=CC(=O)O2;COC1(C(F)(F)F)CCN(C(=O)NCC2CCCn3cc(C)nc32)CC1;CC(=O)N1CCC2(CC1)CC(=O)C1=CC=C(OCC(=O)NC(C)C)C=C1O2;COc1cc(C(F)(F)F)ncc1NC(=O)NC1CCN(CC(C)C)CC1;COC1=CC=C(C2=NOC([C@H](C)O)=C2C(=O)N2CCC(C)CC2)C=C1OC
m_47617a,CC1=CC=C(CN2CCC3(CC2)N(CC2CC2)C(=O)[C@H]2CN(C)CCN23)C=N1;CN(C)c1ccc(C2CCCN2CC(=O)NC2C3CC4CC(C3)CC2C4)nn1;CCn1cnnc1C1CCCN(CC(=O)N(Cc2ccccc2)C(C)(C)C)C1;CC(C)n1nc(-c2ccccc2)cc1NC(=O)NC1CCN(C(C)(C)C)CC1;CCCCCCCCC(C)C(OC(C)=O)C(C)C(=O)N1CCC[C@H]1C(=O)O;CCCC[N@+]12[C@H](O)[C@@H](CC)[C@@H]3C[C@H]1[C@@H]1N(C)C4=CC=CC=C4[C@]14C[C@H]2[C@@H]3[C@H]4O;CCC(C)(C)N1CCN(C(=O)NC(Cc2nccn2C)c2ccccc2)CC1;CC1=NN(C)C2=NC(C(C)C)=CC(C(=O)NC[C@@H]3CCCN4CCCC[C@H]34)=C12;CCCN(Cc1cn(C(C)(C)C)nn1)C1CCN(C(=O)c2ccccc2)CC1;CCN1CCC(CCNC(=O)Nc2nn(C(C)c3ccccc3)cc2C)CC1;CCn1nc(C)c(CNCc2cccc(CN3CCCC(C(N)=O)C3)c2)c1C;Cc1ccccc1-n1ncc(NC(=O)NC2CCN(C(C)C)CC2)c1C(C)C;CN(C)C(CNC(=O)N1CCc2ccc(C(C)(C)C)cc2C1)c1cnn(C)c1;CCC(C)C(=O)N1CCC(C2CCCN(c3nc(C)cc(C#N)n3)CC2)CC1;CC(C)n1nc(-c2ccccc2)cc1NC(=O)NC1CCC(CN(C)C)CC1;CC(C)c1ocnc1CN1CCN(c2nc(C(C)(C)C)nc3c2CCC3)CC1;CCCCCCCCc1ccc(-c2noc(CC3CCCN3C(=N)N)n2)cc1;CC1=C[C@@H](CN2CCCC2)[C@H](C(C)C)C[C@H]1CC1=NN=C(C2=CN=CN2C)O1;CCCNC(=O)NC[C@@H]1C=C(C)[C@H](CC2=NC3=NC=CC=C3N2)C[C@H]1C(C)C;CCCCCCC(=O)CCCCCC/C=C/CC1OC(=O)C(N)(CO)C1O;CCCCCCC=CCCCCCCCC(=O)NC(CCC(=O)O)C(=O)O;CCCCCCCCCCCCCC=CC(=O)NC(CCC(=O)O)C(=O)O;CCCCCCC=CCCCCCCCCC(=O)NC(CC(=O)O)C(=O)O;CCCCC=CCCCCCCCCC(=O)NC(CCCC(=O)O)C(=O)O;CCCCCC/C=C/C=C/CC(O)CC(=O)O[C@@H](CCC(=O)[O-])[N+](C)(C)C
m_478c2e,COC(=O)N1CCC(NCc2nc(-c3cccc(O)c3)no2)CC1;COCC(=O)N[C@@H]1[C@@H](O)CO[C@@H]1CN1C=C(C2=CC=CC=C2)N=N1;Cc1occc1C(=O)N1CCOC(CNc2nccn(C)c2=O)C1;COc1cccc(C2CN(C(=O)NCc3nonc3C)CCO2)c1;COc1ccc(CNC(=O)c2cn(C3COCC3O)nn2)c(C)c1;COCC1=CN(C[C@H]2OC[C@H](O)[C@H]2NC(=O)C2=CC=CC=C2)N=N1;COC1=CC(NC(=O)N2CC[C@H](C3=NN=C(C)O3)C2)=CC(OC)=C1;COc1ccc(-n2cc(C(=O)N3CCOCC3CCO)nn2)cc1;CC(C)COc1cncc(N2CC(C(N)=O)C(C(F)(F)F)C2)n1;CCOc1ncccc1C(=O)N1CCOC(C)C1c1nc(C)no1;Cc1noc(C2C(C)OCCN2C(=O)Cn2cccc(C)c2=O)n1;CNC(=O)C1CN(Cc2nnc(-c3ccccc3OC)o2)CCO1;COc1nc(C)ccc1C(=O)N1CC(C)OC(c2nc(C)no2)C1;COc1cccc(-n2cc(NC(=O)COCC3CCCO3)nn2)c1;O=C(c1cc(=O)[nH]c(C2CC2)n1)N1CCC(N2CCOC2=O)CC1;COc1cc(C(=O)N2CCOC(C)C2c2nc(C)no2)cc(C)n1;Cn1ccnc(NCC2CN(C(=O)Cc3ccoc3)CCO2)c1=O;COc1cc(C(=O)N2CCC(Oc3cccnc3N(C)C)C2)on1;COC1=CC=C(CN[C@@H]2C3CO[C@H](O3)[C@H](N3C=NC=N3)[C@H]2O)C=C1;CCOc1nccc(C)c1C(=O)N1CCCC2(C1)NC(=O)NC2=O;COc1cc(C)cnc1C(=O)N1CC(OC)CC1c1nc(C)no1;CCOc1ccc(C(=O)NC2COCC2Oc2cnn(C)c2)cn1;CN1C(=O)C2=CC=CN=C2O[C@H]2CN(C(=O)N3CCOCC3)C[C@H]21;CC(=O)N1CCOCC1C(=O)NCCn1c(=O)[nH]c2ccccc21;COc1cc(C2OCCCC2NC(=O)Nc2cc(C)on2)ccn1
m_47ae67,COc1c(C(=O)NC2CCN(Cc3ccc(F)cc3)CC2)c(C)nn1C;COCc1nn(C)cc1C(=O)N1CCCN(Cc2ccc(F)cc2)CC1;COCCc1cc(NC(=O)N2CCCC2Cc2cccc(F)c2)n(C)n1;CCc1cc(C(=O)NCC(c2cccc(F)c2)N2CCOCC2)nn1C;CCC(C)n1nc(NC(=O)N2CCOC(c3ccc(F)cc3)C2)cc1C;COC(C)(C(=O)NC1CCc2nc(C(C)C)nn2C1)c1ccccc1F;CCc1nc(N2CC3CN(C(=O)C4CC=CCC4)CC3C2)[nH]c(=O)c1F;CN(CC1CCCN(C)C1c1ccnn1C)C(=O)c1ccc(O)cc1F;CC(C)C(=O)NCC1CCCN(Cc2nc(-c3ccc(F)cc3)no2)C1;Cc1ccc(C(=O)N2CCN(Cc3nc(CC(C)C)no3)CC2)cc1F;CCC(C)C(=O)NCC(=O)NC(C)c1cnn(-c2ccc(F)cc2)c1C;O=C(NC1CC(c2ccccc2F)C1)N1CCC(N2CCNC2=O)CC1;CN(C)C1(CNC(=O)c2c[nH]nc2-c2ccccc2)Cc2ccccc2C1;CN(C)CC(=O)NC1=C2CCN(CC3=CC=CC=C3)C2=NC2=CC=CC=C12;Cc1ccccc1CN1CCN(C(=O)c2cncn2-c2ccccc2)CC1;Cc1nc2ccccc2nc1CN(C)C1CCN(Cc2ccccc2)C1=O;CCc1cccc2c1N(C(=O)Cc1nnc(-c3ccccc3)n1C)CCC2;Cc1cc(C)n(-c2ccc(C(=O)N3CCN(c4ccccc4)CC3)cc2)n1;Cc1ccc(CC(=O)NCC2CC(F)CN2Cc2c(C)noc2C)cn1;CCCC1(CO)CCN(C(=O)NCc2ccc(-n3ccnc3)c(F)c2)C1;O=C(NC1CCN(c2ccc(F)cc2)C1)NC1CCN(C2CCC2)C1=O;Cc1ccccc1C1(C(=O)Nc2ccn(CCc3ccncc3)n2)CCC1;CN1C=C(CN2CCN3C(=O)N(C4=CC=CC=C4)C[C@H]3C2)C2=CC=CC=C21;COC1=CC=C(C2=CN3C4=CC=CC=C4N=C3N2CCN2CCCC2)C=C1;Cc1cnn(C2CCCc3ccccc32)c1NC(=O)CCc1cccnc1
m_47e099,CC1CN(CCNC(=O)c2cccc(S(=O)(=O)N(C)c3ccccc3)c2)CCO1;COc1ccccc1NC(=O)CCN1CCN(S(=O)(=O)Cc2ccccc2)CC1;CCC(CO)N1CCN(S(=O)(=O)c2cccc(C(=O)Nc3ccccc3)c2)CC1;CCS(=O)(=O)N(C)C1CCN(C(=O)c2nc(-c3ccccc3)oc2C2CC2)CC1;Cc1ccc(S(=O)(=O)N2CCCC2C(=O)N2CCN(Cc3ccco3)CC2)cc1;CNS(=O)(=O)c1cc(C(=O)N2Cc3ccccc3C3(CCN(C)CC3)C2)c(C)o1;CCS(=O)(=O)N1CCC(NC(=O)CCNC(=O)c2ccc3ccccc3c2)CC1;CCS(=O)(=O)N1CCC(NC(=O)NCc2cccc(Oc3ccccc3)c2)CC1;COC1=CC=C(CN2CCCN(CC(=O)NCCC3=CC=CC=C3)S2(=O)=O)C=C1;CS(=O)(=O)N1CCN(C(=O)N2CCOCC2)C[C@H]1C(=O)N[C@H]1CCCNC1=O;COC1=CC=C(CN2[C@@H]3CN(CC4=NC=CC=C4C)C[C@@H]3OCCS2(=O)=O)C=C1;CCCS(=O)(=O)N1CCc2ccc(NC(=O)NCCOc3ccccc3)cc2C1;CCCS(=O)(=O)N1CCCc2cc(NC(=O)Nc3ccccc3OCC)ccc21;CC1=CC=C(CNC(=O)[C@H]2CN(S(=O)(=O)C3=CC=CN=C3)CC23CCCCC3)O1;CCc1ncnc(N(C)CC2CCN(C3=NS(=O)(=O)c4ccccc43)CC2)c1F;CC1=NC(S(=O)(=O)N2C[C@@H](COCC3CC3)[C@@H]3COC4=CC=CC=C4[C@@H]32)=CN1C;O=C(NC[C@H]1O[C@@H](CO)[C@@H](O)[C@H]1N1CCN(C2=CC=CC=C2)CC1)C1=CC=CS1;COCC(=O)N[C@@H]1C[C@H](CN2C=C(CN3CCS(=O)(=O)CC3)N=N2)[C@@H](O)[C@H]1O;C[C@@H]1CN(C2=CC=C([N+](=O)[O-])C=C2)CCN1S(=O)(=O)C1=CC=C(C(C)(C)C)C=C1;COCC(=O)N[C@H]1[C@H](C2=CC=CS2)N(C(=O)NCC2=CC=CC=C2)CC[C@@]1(C)O;CCOC(=O)C1=CC=C(N2C(=O)CC(N3CCC4=C(C3)NC3=CC=CC=C43)C2=O)C=C1;O=C(COC1=CC=CC=C1)N1CCC(O)(C2=CSC(CN3CCOCC3)=N2)CC1;CCCCN(CC)C(=O)CSc1nnc2c(=O)n(Cc3ccccc3F)ccn12;CCCNC(=O)NC(=O)CN1CCc2cc(OC)c(OC)cc2C1c1cccs1;FC(F)c1nc2ccccc2n1-c1nc(N2CCOCC2)nc(N2CCOCC2)n1
m_48bfe1,COC1=CC2=C(NC3=CC=C(O)C=C32)C(C(=O)C2=CC=C(O)C=C2)=N1;COc1cc(C(=O)Nc2ccc(NS(C)(=O)=O)cc2)ccc1C;COc1ccc(C)cc1S(=O)(=O)Nc1ccc(NC(C)=O)cc1;CCS(=O)(=O)c1ccccc1C(=O)N(C)c1ccc(OC)nc1;COc1ccc(NC(=O)c2ccccc2S(=O)(=O)C(C)C)cn1;COc1cccc(CNC(=O)C(C)S(=O)(=O)c2ccccn2)c1;CCCS(=O)(=O)c1ccccc1C(=O)Nc1ccc(OC)nc1;COCc1ncsc1C(=O)N1CC(C)Oc2ccc(OC)cc21;COC1=CC=C(/C=C/C(=O)C2=CC=C(OC(F)F)C=C2)C=C1OC;COC1=CC(C2=NC(=O)C(C3=CNC4=CC=CC=C34)=C2)=CC(O)=C1O;COc1ccc2cc(C(=O)NC3CCS(=O)(=O)C3)c(C)nc2c1;CCc1ccc(OC)c(S(=O)(=O)Nc2ccccc2C(N)=O)c1;COc1cc(C)c(S(=O)(=O)N2CCc3cnccc32)cc1OC;COc1cc(C=NNC(=O)c2sccc2C)cc(OC)c1OC;COc1ccc(C)cc1S(=O)(=O)N1CCOc2ncc(C)cc21;COc1cc(OC)c(OC)cc1C=NNC(=O)Cc1cccs1;COC(=O)CC(C)NC(=O)c1csc(-c2ccccc2OC)n1;COc1ccc(C)cc1S(=O)(=O)N1CCOc2nc(C)ccc21;CCOc1ncccc1C(=O)Nc1sc(C)c(C)c1C(=O)OC;COC(=O)c1cc(CNC(=O)Cc2csc(C)n2)ccc1OC;COc1cc(C(=O)NN=Cc2ccsc2C)cc(OC)c1OC;COc1cc(C(=O)Nc2nc(C(C)C)cs2)cc2c1OCCO2;COC1=CC=C(/C(=C/C(=C\C2=CC=C(O)C=C2)N=C=O)N=C=O)C=C1;COc1ccc(OC(C)C)c(NC(=O)c2cc(C(N)=O)cs2)c1;CCC(=O)Nc1ccc(S(=O)(=O)Nc2ccc(C)c(O)c2)cc1
m_4b55af,COc1c(C)cnc(CN(C)C(=O)c2cccc(F)c2)c1C;CCCNC(=O)NCCc1ccc(OC)c(OC(F)F)c1;COc1c(C)cnc(CN(C)C(=O)c2ccccc2F)c1C;COc1ccccc1CNC(=O)NCCc1ccc(F)cc1;CNC(=O)COc1ccccc1CNc1cc(C)ccc1F;CN(C(=O)c1cc2cc(F)ccc2nc1O)C1(C)CCCC1;COc1cccc(CNCc2ccc(NC(C)=O)cc2)c1F;Cn1ccc(CN2CCOC(c3ccc(F)cc3)C2)cc1=O;COc1cc(C(=O)N(C)c2ccccc2N(C)C)ccc1F;CCOc1ccccc1NC(=O)CNc1ccc(C)cc1F;Cc1cc(C)c(C(=O)N2CC(O)CC2c2cccc(F)c2)[nH]1;Cc1ccn(C)c1C(=O)N1CC(O)CC1c1cccc(F)c1;COc1ccc(CN(C)C(=O)NCc2ccccc2F)cc1;CCc1ccc(C(C)NC(=O)Cn2cc(F)ccc2=O)cc1;Cc1cccn(CC(=O)N(c2ccc(F)cc2)C(C)C)c1=O;CC(NCc1ccc(OCc2ccccc2F)cc1)C(N)=O;COc1ccc(CN2CCC(Oc3ccncc3)C2)cc1F;CCN(Cc1ccc(O)cc1)C(=O)NCc1ccc(F)cc1;Cn1c(C(=O)NCC2(CO)CC2)ccc1-c1ccc(F)cc1;CCCCCOc1ccccc1C(=CSC)n1ccnc1;CC(NCc1ccc(OCc2cccc(F)c2)cc1)C(N)=O;COc1cccc(CN2CCC(Oc3cccnc3)C2)c1F;COCC(=O)NC[C@H]1O[C@@H](CC(=O)NC2CC2)[C@H](O)[C@@H]1O;COCC(=O)Nc1cccc(NCc2cc(F)ccc2C)c1;CCSc1nc2ccccc2c(=O)n1C1CCC(C)CC1
m_4b86b5,CN1C(C(=O)NCCC2=CC=C(O)C=C2)=NC2=CC=CC=C2C1=O;Cc1ccc(C(=O)OCCn2c(C)nc3ccccc3c2=O)cn1;O=C(CN1C=NC2=CC=CC=C2C1=O)NC[C@H](O)C1=CC=CC=C1;CC1=CC=C(NC(=O)CCCN2C(=O)C3=CC=CC=C3C2=O)N=C1;COC1=CC=C(C(=O)NCCN2C=NC3=CC=CC=C3C2=O)C=C1;COC1=CC=CC=C1CNC(=O)C1=NC2=CC=CC=C2C(=O)N1C;O=C1COc2ncc(C(=O)N3CCC(c4ccccc4)C3)cc2N1;Cc1ccc(CNC(=O)Cn2c(=O)[nH]c(=O)c3ccccc32)cc1;COC1=CNC(C(=O)N2CCC3=C(C2)NC2=CC=CC=C32)=CC1=O;COC1=CNC(C(=O)N2CCC3=C(C2)C2=CC=CC=C2N3)=CC1=O;CC(NC(=O)Cn1c(-c2ccccc2)noc1=O)c1ccccc1;COC1=CC=CC=C1CCNC(=O)C1=NC2=CC=CC=C2C(=O)N1;O=C(C1=CC=NC=C1)N1C[C@@H]2OCC(=O)N(C3=CC=CC=C3)[C@@H]2C1;CN1C(=O)[C@@H]2C[C@@H](CN2C(=O)C2=CC=CC=N2)OC2=CC=CC=C21;O=C(c1ccc(O)c(Cl)c1)N1CCC(C2CCOCC2)CC1;COC(=O)C1=C(C)N=C(C)C2=C1C=CN(CC1=CC=CC=N1)C2=O;O=C(C1=CC=CC=N1)N1C[C@@H]2OCC(=O)N(C3=CC=CC=C3)[C@@H]2C1;Cc1cc(=O)c(OCC(=O)Nc2cccc3cccnc23)cn1C;CC1COc2ccccc2CN1C(=O)c1ccc2[nH]c(=O)[nH]c2c1;COC1=CC=C(CCNC(=O)C2=NC3=CC=CC=C3C(=O)N2)C=C1;CN(Cc1ccc(C(=O)O)cc1)C(=O)Cn1ncc2ccccc21;O=C(c1cc(=O)c2ccccc2o1)N1CCCC1Cn1cccn1;Cn1cnc2cc(C(=O)OCC3CCOc4ccccc43)cnc21;CN1C(=O)[C@@H]2C[C@@H](CN2C(=O)C2=CC=CN=C2)OC2=CC=CC=C21;CC(C)[C@@H](C(=O)NC1=CC=NC=C1)N1C(=O)C2=CC=CC=C2C1=O
m_4bb17c,Cn1ncc2c(=O)[nH]c(N3CCN(CC4CCCO4)CC3)nc21;Cc1nn(C)c(C)c1OCC(=O)N1CCCCC1c1nc[nH]n1;CCCNC(=O)C1CCCN(c2nc3c(cnn3C)c(=O)[nH]2)C1;CCOc1cc(N2CCCC(O)(Cc3nncn3C)C2)ncn1;CCc1nnc(N2CCN3C(=O)N(CC)C(=O)C3C2)nc1CC;COc1nccnc1N(C)CC1CCN(Cc2ncon2)CC1;CCOc1cc(N2CCCC(n3cc(CO)nn3)C2)nc(C)n1;Cc1nc2ccc(NCCCN3CCC(C(=O)O)CC3)nn2n1;Cc1nn(C)c2ncc(NC(=O)NCCN3CCOCC3)cc12;CN1CC(NC(=O)COc2cnn(C)c2)C(c2cncn2C)C1;CC(=O)N1CCN(c2nc3c(cnn3C(C)(C)C)c(=O)[nH]2)CC1;CCn1cc(OC2CCCC2NC(=O)Cc2cnnn2C)cn1;CCn1cc(OC2CCCC2NC(=O)c2cnnn2CC)cn1;CCn1cnnc1C1CCN(CCOc2ccc(F)cc2)CC1;COc1nc(C)nc(N2CCN(C)C(c3nc(C)no3)C2)c1C;CN1CCOC(CNC(=O)Cn2cccn2)C1c1ccnn1C;Cn1c(CN2CCCCC2Cn2cncn2)cc(=O)n(C)c1=O;Cc1nccc(NCC2CC(c3nn(C)c(=O)n3C)CC2O)n1;Cc1cc(NCC2CC(c3nn(C)c(=O)n3C)CC2O)ncn1;CCn1cc(C2OCCCC2CNC(=O)c2cnnn2C)cn1;CC(C)(C)n1ncc2c(=O)[nH]c(N3CCCC(C(N)=O)C3)nc21;CCN(CC)CC(=O)N1CCN(c2ccc(F)cc2C#N)CC1;CN1CCCC1=NCCCN1C=NC2=C1C(=O)N(C)C(=O)N2C;COc1cc(C)nc(N(C)CC2OCCC2c2nc(C)n[nH]2)n1;COC1CC(c2nc(C)n[nH]2)N(C(=O)Cn2nc(C)cc2C)C1
m_4bc064,COC1=CC=CC=C1/C=C(/NC(=O)C1=CC=CC=C1)C(=O)O;COC1=CC=CC=C1C(=O)N/C(=C\C1=CC=CC=C1)C(=O)O;COC1=CC=C(/C=C(\NC(=O)C2=CC=CC=C2)C(=O)O)C=C1;COC1=CC=C2NC(=O)C(O)(CC(=O)C3=CC=CC=C3)C2=C1;COc1cc(C=CCNC(CCS)C(=O)O)ccc1O;COC1=CC2=CC=NC(CC3=CC=C(O)C(O)=C3)=C2C=C1O;COC1=CC=C(C(=O)C[C@]2(O)C(=O)NC3=CC=CC=C32)C=C1;COC1=CC(/C=C2/C(=O)NC3=CC=CC=C23)=CC(OC)=C1O;C=CCSCC(NCc1ccc(O)c(OC)c1)C(=O)O;C=CC1=CC=C(OC(=O)C2=CC=C(O)C(NC(C)=O)=C2)C=C1;COC1=CC=C2C(CC3=CC=C(O)C(O)=C3)=CN=CC2=C1O;COC1=CC2=C(C=C1O)C(C(=O)C1=CC=C(O)C=C1)=NCC2;CC1=CC=CC=C1NCC1=CC(=O)OC2=CC(O)=C(O)C=C12;COC1=CC2=CC=NC([C@H](O)C3=CC=C(O)C=C3)=C2C=C1O;COC1=CC2=C(C=C1O)C(C(=O)C1=CC=CC(O)=C1)=NCC2;COC1=CC=C(C2=CN=CC3=C(O)C(OC)=CC=C23)C=C1O;COC1=C(C)C(O)=C(C)C2=C1C(=O)N(C1=CC=CC=C1)C2=O;CSC(C)C(=O)Nc1cc(C(=O)O)ccc1OC(C)C;COC1=CC=C(C2=C(C3=CC=C(OC)C=C3O)ON=C2)C=C1;CC1=CC=C2NC(=O)[C@@](O)(CC(=O)C3=CC=CC=C3O)C2=C1;COC1=CC=C(C(=O)C2=C(N)C3=CC=CC=C3O2)C=C1OC;CC1=CC(=O)OC2=C1C(=O)N(CCC1=CC=C(O)C=C1)C=C2;COC1=CC=C(C2=COC3=CC=C(OCC(N)=O)C=C23)C=C1;O=C(O)CCC(=O)NC1=CC=CC=C1C(=O)C1=CC=CC=C1;CN1C(=O)[C@@](O)(CC(=O)C2=CC=CC=C2O)C2=CC=CC=C21
m_4fb975,Cc1ccc(OCCCC(=O)N2CCN(CC(=O)N3CCCC3)CC2)cc1;O=C(NCc1ccc(OC2CCCC2)cc1)N1CCC(N2CCOCC2)C1;O=C(NCC(=O)N1CCC(COc2ccccc2)CC1)NC1CCCCC1;COc1ccc(CCC2CCN(C(=O)CN3CCN(C)C(=O)C3)CC2)cc1;CC(=O)N1CCC(CNC(=O)N2CCC(OCc3ccccc3)CC2)CC1;CC1CCN(CCNC(=O)N2CCCC2c2cccc3c2OCCO3)CC1;CC(C)NC(=O)N1CCCC1C(=O)N1CCC(OCc2ccccc2)CC1;COc1ccc(CC(=O)N2CCC(C3CCCCCN3C(C)=O)CC2)nc1;O=C(CN1CCN(C(=O)C(O)Cc2ccccc2)CC1)N1CCCCCC1;Cc1ccc(CNC(=O)C2CCN(CCC(=O)N3CCOCC3)CC2)cc1;COCCN1CC(C(=O)NC2CCN(CCc3ccccc3)CC2)CC1=O;COc1ccc(CN2CCN(C(=O)C3CCCN3C(=O)C(C)C)CC2)cc1;CCc1ccccc1N1CC(C(=O)N2CCC(OCCCN)CC2)CC1=O;COCCN1CCC(NC(=O)C2CCCN(C(=O)c3ccccc3)C2)CC1;O=C(NC1CC1)[C@H]1O[C@H](CCN2CCN(C3=CC=CC=C3)CC2)CC[C@@H]1O;O=C(O)C[C@@H]1CCN(C(=O)NC2=CC=CC=C2)C[C@@H]1CCN1CCCCC1;O=C(NCc1cccc2c1OCO2)N1CCCC(CN2CCCCCC2)C1;Cc1cccc(C)c1OC1CCN(C(=O)NC(C)CN2CCCC2=O)CC1;Cc1ccc(N2CCC(C(=O)N3CCC(OCCCN)CC3)C2=O)cc1C;CC(=O)N1CCCN(C[C@@H]2OC[C@H](NC3CC4=CC=CC=C4C3)[C@H]2O)CC1;O=C(O)C[C@@H]1CCN(C(=O)CC2=CC=CC=C2)C[C@@H]1CCN1CCNCC1;CC(=O)N1CC[C@@H](CC(=O)O)[C@@H](CCN2CCN(C3=CC=CC=C3)CC2)C1;CCCC(Cc1ccccc1)NC(=O)N1CCN(C(=O)C2CCCO2)CC1;CN(C[C@@H]1CCCN2CCCC[C@H]12)C(=O)NCC1COC2=CC=CC=C2O1;CC1CCN(CC2CCCN(C(=O)NCc3cccc4c3OCO4)C2)CC1
m_517c87,CCCCCCCC(=O)CC(=O)CC(=O)CC1=CC(O)=CC(=O)O1;CCC[C@H]1C2=C(CCC3=C(C[C@H]1CC)C(=O)O[C@@H]3O)[C@H](O)OC2=O;CC(=O)OCCCCCCCC1OC(=O)CC2=CC(O)=CC(O)=C21;CC(CCCCCCCC(=O)O)OC(=O)c1ccccc1C(=O)O;CCOC(=O)CC1=CC(O)=CC(O)=C1C(=O)CCCCCC(C)=O;CC(=O)O[C@H](C)CCCCC[C@H]1OC(=O)CC2=CC(O)=CC(O)=C21;CCCC[C@@]1(C)C[C@@]2(C)C3=C(O1)C(=O)[C@H](C)OC3=C(O)C(=O)[C@H]2O;COC(=O)C1=C(O)C=C2O[C@@](C)(CCC=C(C)C)[C@@H](O)CC2=C1O;C[C@H]1CCC[C@H](O)[C@@H](O)CC/C=C\C2=CC(O)=CC(O)=C2C(=O)O1;C[C@H]1CC(O)CC(=O)CCCCCC2=CC(O)=CC(O)=C2C(=O)O1;CCOC(=O)CC1=CC(O)=CC(O)=C1C(=O)CCCCC(=O)CC;C[C@@H]1C[C@H](O)CCCCCC(=O)CC2=CC(O)=CC(O)=C2C(=O)O1;C[C@H]1OC(=O)C2=C1O[C@H]1[C@@H](O)[C@@]3(O)CCCC[C@@H]3[C@@](C)(C2=O)[C@H]1C;CCCC(CCCCC(=O)O)COC(=O)c1ccccc1C(=O)O;C=C1C(=O)O[C@@H]2[C@H]1CC[C@H](COC(=O)CC)[C@]1(O)CCC(=O)[C@@]21C;CC(C)COC(=O)CC1=CC(O)=CC2=C1C(=O)C[C@H](C[C@H](C)O)O2;CC1(C)[C@H]2[C@H](O)C(=O)[C@@H]3C[C@H](C(=O)O)CC[C@H]3[C@@]23CO[C@@H]1CC3=O;N=C(N)NCCC[C@@H](NC[C@@]1(O)OC[C@@H](O)[C@@H](O)[C@@H]1O)C(=O)O;CC(=O)N[C@H]1[C@@H](O)[C@H](N2C=NC3=C(N(C)C)N=CN=C32)O[C@@H]1CO;CCO[C@H](CC1=C(OC)C=C(OC)C2=C1OC(=O)C=C2)C(C)(C)O;CC1=NC2=NC=CC=C2C(=O)N1CCNC(=O)CCC1=CC=CC=C1;C=C1C(=O)O[C@H]2/C=C(/C)[C@@H](O)C[C@H]3O[C@@H]3C[C@@H](OC(=O)C(C)C)[C@@H]12;CC(=O)C1=C(O)C(C(=O)CC(C)C)=C(O)C2=C1O[C@H](C(C)(C)O)C2;CC(=O)C1=C(O)C2=C(O[C@H](C(C)(C)O)C2)C(C(=O)CC(C)C)=C1O;O=C(CCc1ccccc1Cl)N1CCN(C2CCCC2O)CC1
m_53dfe2,O=C(c1ccc(O)cc1)N1CCN(c2ccccc2)CC1;O=C(Nc1ccccc1)N1CCOCC1c1ccccc1;O=C(NC1(c2ccccc2)CCOCC1)c1cccnc1;O=C(c1cccnc1O)N1CCCC1Cc1ccccc1;O=C(c1cccnc1O)N1CCC(c2ccccc2)CC1;O=C(O)c1ccc(CN2CCCC2c2ccncc2)cc1;O=C(c1ccc(O)nc1)N1CCC(c2ccccc2)CC1;O=C(c1ncccc1O)N1CCCC1Cc1ccccc1;CN(CCNC(=O)c1ccccc1)C(=O)c1ccccc1;O=C(c1cc[nH]c(=O)c1)N1CCCC1Cc1ccccc1;O=C(Cn1ccccc1=O)NC(c1ccccc1)C1CC1;O=C(c1cccc(CO)c1)N1CCCC1c1ccncc1;Cc1ccc(C(=O)N2CCOC(c3ccccc3)C2)cn1;O=C(NCc1ccccc1)N1CCOc2ccccc2C1;O=C(c1cccc(O)c1)N1CCC(Nc2ccccc2)C1;O=C(O)c1ccc(N2CCC(Cc3ccccc3)C2)nc1;Cc1cncc(C(=O)N2CCc3ccccc3C2CO)c1;CC(=O)NC1=CC=C(C(=O)NCCC2=CC=CC=C2)C=C1;O=C(NCCC1=CC=CC=C1)C1=CC2=C(CCC2)NC1=O;NC1CCN(C(=O)c2ccccc2Oc2ccccc2)C1;NC(=O)C1(O)CCCN(CCOc2ccccc2F)C1;Cc1ccc(O)c(C(=O)N2CCC(c3ccccc3)C2)n1;O=C(c1nccc2ccccc12)N1CCOC2CCCC21;CN(Cc1ccsc1)C(=O)CN1CCC(CO)CC1;COc1ccc(C(=O)N2CCN(CCO)CC2)c(F)c1
m_55fde0,CN1C(=O)C2=CC=CC=C2N(CC(=O)N2CCC3=CC=CC=C3C2)C1=O;O=C(C1=CC=CC=C1)N1CCN2C(=O)N(CC3=CC=CC=C3)C(=O)[C@H]2C1;O=C1N[C@@H]2CCN(C(=O)C3=CC=CC=C3)[C@@H]2C(=O)N1CC1=CC=CC=C1;Cc1oc(-c2ccccc2)c(C(=O)N2CCC(O)(C(F)F)CC2)c1C;O=C(C[C@@H]1NC(=O)N(C2=CC=CC=C2)C1=O)N1CCC2=CC=CC=C2C1;CSc1ccccc1C(C)NC(=O)NCCCN1C(=O)CCC1=O;CC1c2ccccc2CCN1C(=O)Cn1c(=O)[nH]c2ccccc2c1=O;CCOC1CCN(C(=O)C2CC23CCOc2ccc(Cl)cc23)CC1;O=C(COc1ccccc1)N1CCC(NC(=O)N2CCSCC2)C1;Cc1ccc2oc(C(=O)Nc3cccc(CN4CCCC4=O)c3)cc2n1;CCOC(=O)C1=CC=CC=C1N[C@H]1CCN2C1=NC1=CC=CC=C1C2=O;COC1=CC2=C(C=C1OC)C1=C(N2)C(=O)N(CCC2=CC=CC=C2)C=N1;COC1=CC=C2C(=C1)C1=C(C(=O)N(CCC3=CC=C(O)C=C3)C=N1)N2C;O=C1NC(O)=C(C2NCCC3=CC=CC=C32)C(=O)N1CC1=CC=CC=C1;O=C(CCc1nc2ccccc2c(=O)[nH]1)N1CC(Oc2ccccc2)C1;COC1=CC=C(CCN2C=NC3=C(NC4=CC=C(OC)C=C43)C2=O)C=C1;CC1Cc2ccccc2CN1C(=O)Cn1c(=O)[nH]c2ccccc2c1=O;COC1=CC=C(CCN2C=NC3=C(NC4=CC(OC)=CC=C43)C2=O)C=C1;O=C(O)C1CCN(C(=O)NC2CC(=O)N(c3ccccc3F)C2)CC1;O=C1C2=CC=CC=C2C(=O)N1CC(=O)N1CCCCC1C1=CC=CN=C1;COC1=CC=C(CNC(=O)C2=CC=C3C(=O)N4CCCC4=NC3=C2)C=C1;O=C(c1cc(OCc2ccccc2)ccc1O)N1CCc2[nH]ncc2C1;COC1=CC=CC(NC(=O)C(=O)N2CCC3=C(C2)C2=CC=CC=C2N3)=C1;COC(=O)c1ccc2c(=O)n(-c3ccccc3)c(N3CCCC3)nc2c1;O=C(c1cccc2ccc(O)nc12)N1CCC(OCc2ccncc2)C1
m_5667e2,O=C(C1CCCCN1Cc1ccccc1)N1CCCC(OCCO)C1;CCOC(=O)C1(c2ccccc2)CCN(CCN2CCOCC2)CC1;CC[C@@H]1CN(C(=O)CC2=CC=CC=C2)[C@H](CO)[C@@H]1CN1CCOCC1;CC(C)(C)C(=O)N1CCC(C(=O)N(CCO)Cc2ccccc2)CC1;O=C(NCC1CC(O)CN1Cc1ccccc1)C(O)C1CCCCC1;COCc1ccccc1CNC(=O)N1CCC(OC2CCCC2)CC1;CC1CC(O)CN(C(=O)CC2(O)CCCN(Cc3ccccc3)C2)C1;Cc1ccccc1C1CN(CCCN2CCC(C(=O)O)CC2)CCO1;COC1CC(C(=O)N2CCC(CO)(Cc3ccccc3)CC2)N(C)C1;O=C(Cc1cccc(O)c1)N1CCC(CCCN2CCOCC2)CC1;O=C(NCC1(c2ccccc2)CCCCCC1)N1CCOC(CO)C1;CN(CC1OCCN(C)C1c1ccccc1)C(=O)C1CCC(O)CC1;CC(C)C(CNC(=O)N1CCC(C(=O)O)C(C)C1)Cc1ccccc1;COC(=O)C(C)N1CCC2(CC1)CN(Cc1ccccc1)CC(C)O2;COC(=O)c1cccc(CN2CCC(O)(CN3CCCCC3)CC2)c1;CCOCC(=O)N1CCC2(CC1)CN(Cc1ccccc1)CC(C)O2;CC(NC(=O)CC1(O)CCCN(Cc2ccccc2)C1)C1CCOC1;CCN(CC)CC[C@@H]1CN(C(=O)C2=CC=CC=C2)CC[C@H]1CC(=O)O;Cc1ccccc1CNC(=O)CN1CCC(OC2CCOCC2)CC1;O=C(Cc1ccccc1O)N1CCC(CCCN2CCOCC2)CC1;COC(=O)C1CC(c2ccccc2)CN(CCN2CCOC(C)C2)C1;CN(Cc1ccccc1)C(=O)CN1CCCC1C1COCCC1(C)O;CCC(O)(CC)CNC(=O)C1(c2ccccc2)CCN(C(C)=O)CC1;CC1CCN(CC[C@@H]2CC[C@H](O)[C@@H](C(=O)NC3=CC=CC=C3)O2)CC1;COc1cccc(CCCNC(=O)N2CCC(C3CCCO3)CC2)c1
m_568a04,CC1CCC(NC(=O)CN2C(=O)c3cc(Cl)c(Cl)cc3C2=O)CC1;CCc1cc(C(=O)N2CC(O)C(CC(=O)NC)C2)ccc1Br;CC(NC(=O)CN1CCCC(C(=O)O)C1)c1ccc(Br)cc1;CC(C)(CC(=O)NC1CCN(c2ccccc2Br)C1)C(=O)O;Cc1cc(Br)ccc1NC(=O)CN(C)C(=O)C1CCOCC1;CN(Cc1ccccc1Br)C(=O)CN1CCCC(C(=O)O)C1;CCN(CC(=O)Nc1c(Cl)cccc1Cl)C(=O)CCc1ccco1;Cn1cc(C(=O)N2CCN(C(=O)CO)CC2)c(-c2ccc(Cl)s2)n1;CC(C)(C)N1CC(NC(=O)COc2ccc(Br)cc2)CC1=O;COc1cc(C(=O)N2CCC(Cc3cc(Cl)ccc3Cl)CC2)on1;CC(=O)N1CCCN(Cc2cc3c(cc2Br)OCCO3)CC1;O=C(c1[nH]c2ccc(Cl)cc2c1Cl)N1CCOC2(CCOCC2)C1;CC(C(=O)O)N(C)C(=O)C(c1cccc(Br)c1)N1CCCC1;CC(CNC(=O)N1CC2CCC(C1)O2)Oc1ccccc1Br;CCc1noc(C)c1C(=O)N1CCC(Oc2ccc(Cl)c(Cl)c2)C1;CCOC1CC2(CCN(C(=O)Cn3cc(Br)ccc3=O)C2)C1;CC(C)n1cnnc1SCC(=O)NC(C(=O)O)c1ccc(Cl)cc1;O=C(Nc1cc(Cl)ccc1OCC1CCCO1)c1ncc(F)cc1F;Cc1cc(C)n(-c2ccc(Cl)c(C(=O)NC3CCS(=O)(=O)C3)n2)n1;NC(=O)C1CN(C(=O)c2csc(Nc3cc(F)cc(F)c3)n2)CCO1;CN1c2ccc(F)cc2N(CCNC(=O)c2ccncc2F)S1(=O)=O;O=C(NCCc1cccs1)N1CCOC(c2ccc(F)c(Cl)c2)C1;CS(=O)(=O)NC1CCN(C(=O)c2cnn(-c3ccc(Cl)cc3)c2)C1;CCCC1=C(C)N=C(NC(=O)NS(=O)(=O)C2=CC=CC=C2)N=C1Cl;O=C(O)C1=CN=CC(N2C3=C(C(=O)C4=CC=CC=C43)C3=CC=CC=C3C2=O)=C1
m_56bcbe,COCCN1C(=O)NC(=O)C2=CC=C(C3=CC=CC=C3O)N=C21;Cc1cc(C(=O)N2CCOc3ccccc3C2C(=O)O)ncn1;Cc1cc(F)c(C(=O)N(CC(=O)O)C2CCOCC2)cc1F;CN(C)CCN1C(=O)c2cccc3cc([N+](=O)[O-])cc(c23)C1=O;COc1ccc2c(c1)N(Cc1nc(-c3ccco3)no1)CCO2;CC(C)Oc1ccc(CN2CCOCC2C(=O)O)cc1Cl;Cc1nnc(C2COCCN2C(=O)c2cc3ccccc3o2)o1;COCC1(C)CN(Cc2c(Cl)cccc2C(=O)O)CCO1;O=C(c1ccc2c(c1)OCCO2)N1CCC(O)(C(F)F)CC1;Cc1nnc(C2CN(C(=O)c3cc4ccccc4o3)CCO2)o1;COCC1(C(=O)O)CCCN1C(=O)Cc1c(F)cccc1F;O=C(O)CC1CN(C(=O)CCc2cc(F)ccc2F)CCO1;COCC1(C)CN(Cc2ccc(C(=O)O)c(Cl)c2)CCO1;CCOCC1CN(Cc2ccc(C(=O)O)c(Cl)c2)CCO1;O=C(O)CC1COCCN1C(=O)CCc1cccc(F)c1F;COCC1(C)CN(Cc2cc(C(=O)O)ccc2Cl)CCO1;CCOCC1CN(Cc2cc(C(=O)O)ccc2Cl)CCO1;Cc1c(C(=O)N2CCOCC2c2ncon2)oc2ccccc12;O=C(O)C1CN(C(=O)CCCc2ccc(F)c(F)c2)CCO1;Cc1cccc2cc(C(=O)N3CCOCC3c3ncon3)oc12;O=C(O)C1CN(C(=O)c2cnc(-c3ccccc3)nc2)CCO1;O=C(c1cc2c(s1)-c1ccccc1CC2)N1CCC(O)CC1;COC1=CC2=C(N3CCOCC3)C(=O)NC3=C2C(=NC=C3)C1=O;CN(C)CCOc1ccc2c(c1)Sc1ccccc1CC2=O;Cc1ccc2c(c1)CN(C(=O)c1cc(F)cc(C(=O)O)c1)CC2
m_572a36,COC1=CC(NC(=O)CCC2=NC3=CC=CC=C3N2)=C(C(=O)O)C=C1OC;COC1=CC=C(CCNC(=O)C2=C(O)N=C3C=CC=CN3C2=O)C=C1OC;COc1ccc(C(CC(=O)O)NC(=O)Cn2c(=O)[nH]c3ccccc32)cc1;COc1ccc(OC)c(NC(=O)CCn2[nH]c(=O)c3ccccc3c2=O)c1;COC1=CC=CC=C1NC(=O)CN1C=NC2=CC(OC)=C(OC)C=C2C1=O;COC1=CC=C(C2=CC=C3C(=O)NC(=O)N(CC4CCCO4)C3=N2)C(O)=C1;COC1=CC=CC(NC(=O)CN2C=NC3=CC(OC)=C(OC)C=C3C2=O)=C1;COC1=CC=CC=C1NC(=O)CN1N=CC2=CC=C(OC)C(OC)=C2C1=O;COC1=CC(NC(=O)C[C@@H]2NC(=O)C3=CC=CC=C3NC2=O)=CC(OC)=C1;COC1=CC=C(NC(=O)CN2N=CC3=CC=C(OC)C(OC)=C3C2=O)C=C1;COC1=CC=C(O)C(C2=CC=C3C(=O)NC(=O)N(CC4CCCO4)C3=N2)=C1;COC1=CC=C(NC(=O)C[C@@H]2NC(=O)C3=CC=CC=C3NC2=O)C(OC)=C1;Cc1cc(OC(C)C(=O)N(CCC(=O)O)C2CCOCC2)ccc1Cl;COC1=CC=CC(NC(=O)CN2N=CC3=CC=C(OC)C(OC)=C3C2=O)=C1;CN1CCC2=CC3=C(OCO3)C(OCC(=O)NCC3=CC=CC=N3)=C2C1=O;Cc1cc(Cl)ccc1OC(C)C(=O)N(CCC(=O)O)C1CCOCC1;COC1=CC=C(NC(=O)C[C@@H]2NC(=O)C3=CC=CC=C3NC2=O)C=C1OC;CC(=O)Nc1ccc(O)c(C(=O)NCc2cccc(N3CCOC3=O)c2)c1;Cc1ccc(Cl)c(OC(C)C(=O)N(CCC(=O)O)C2CCOCC2)c1;COC1=CC=C(OC)C(NC(=O)C[C@@H]2NC(=O)C3=CC=CC=C3NC2=O)=C1;CN1CCC2=CC3=C(OCO3)C(OCC(=O)NCC3=CC=CN=C3)=C2C1=O;O=C1N[C@@H](CC2=CC=C(O)C=C2)C(=O)N2CCN(C(=O)C3=CC=CO3)C[C@H]12;CCN1C(O)=C(C(=O)/C=C/C2=CC=C3C=CC=CC3=C2)C(=O)C2=CC=CC=C21;COC1=CC=C(N2C(=O)[C@@H]3C[C@@H](NC(=O)C4=CC=CO4)CCN3C2=O)C=C1;COC(=O)c1n[nH]c2ccc(NC(=O)c3cc(OC)c(C)c(OC)c3)cc12
m_57bec0,COC1=CC(O)=C2C(=O)[C@@H](O)[C@]3(C)CC[C@@H](O)[C@](C)(CC2=C1O)O3;COC1=CC2=CC3=[N+](C=C2C=C1OC)CCC1=CC=C(OC)C(O)=C13;COc1ccc(Cl)c(N2CCN(CC3(CC(=O)O)CC3)CC2)c1;COC(=O)[C@@]1(CC(=O)C2=CC(O)=CC=C2O)CC[C@@H](C(C)CO)O1;COC1=CC2=C(C=C1OC)[C]1C=C3C=CC(O)=C(OC)C3=CN1CC2;C/C=C(\C)C(=O)OC[C@H]1O[C@@H](OC2=CC=CC=C2)[C@H](O)[C@@H](O)[C@@H]1O;COc1ccc(CCNC(=O)N2C3CCC2CC(O)C3)c(Cl)c1;COC(=O)OCCCCC[C@@H]1CC2=C(C)C(O)=CC(O)=C2C(=O)O1;COC1=C(OC)C(C[C@H](O)C(C)(C)O)=C2OC(=O)C=CC2=C1OC;COC1=CC2=C[N+]3=C(C=C2C=C1O)C1=CC(OC)=C(OC)C=C1CC3;COC1=CC2=C(C=C1O)CCN1C=C3C(OC)=C(OC)C=CC3=C[C]21;O=C1/C(=C/C2=CNC3=CC=CC=C23)CC/C1=C\C1=CNC2=CC=CC=C12;COC1=CC(O)=C2C(=O)[C@H]3CO[C@@](C)(OC)C[C@@H]3[C@H](OC)C2=C1O;COC1=CC2=C(C=C1O)[C]1C=C3C=CC(OC)=C(OC)C3=CN1CC2;COC1=CC(O)=C2C(=O)[C@@H]3C[C@@H](O)[C@@](C)(O)C[C@@H]3[C@@H](OC)C2=C1O;COC1=CC2=C(C=C1OC)C1=CC3=CC=C(O)C(OC)=C3C=[N+]1CC2;Cn1nccc1C1OCCC1NC(=O)c1cc(O)nc2ccccc12;COC1=CC2=C(C=C1O)CC[N+]1=CC3=C(OC)C(OC)=CC=C3C=C21;COC1=CC2=C(C=C1O)C1=CC3=CC=C(OC)C(OC)=C3C=[N+]1CC2;COc1cc(NC(=O)c2ccc3nc(C4CC4)cn3n2)cc(OC)c1;COc1ccc(CCC(=O)N2CCC(CC(N)=O)CC2)cc1Cl;COc1ccc(CCC(=O)OCc2nnnn2-c2ccccc2)cc1;COC1=CC2=CC=[N+]3CC4=C(OC)C(OC)=CC=C4CC3=C2C=C1O;COC1=CC2=C3CC4=C(C[N+]3=CC=C2C=C1O)C(OC)=C(OC)C=C4;COc1cc(OC)cc(C(=O)Nc2ccccc2-c2nncn2C)c1
m_57f31b,CN1CCC(O)(CNC(=O)c2ccc(Oc3ccccc3)o2)CC1;O=C(O)c1ccc(CNC(=O)C2CCCN(C(=O)C3CC3)C2)cc1;CC(=O)C1=C(O)C(=O)N(CCN2CCOCC2)C1c1ccccc1;Cc1ccc(CC(=O)N2CCN(C(=O)C3CC3C(=O)O)CC2)cc1;O=C(NCC1(C(=O)O)CC1)C1CCN(C(=O)c2ccccc2)CC1;CCC(NC(=O)c1ccc2c(c1)C(=O)N(C)C2=O)C1CCOCC1;O=C(NC1CCCC1C(=O)O)c1ccc(CN2CCCC2=O)cc1;CN1CCCC(O)(CC(=O)NCc2ccc(C(F)(F)F)cc2)C1;O=C(NCCOc1ccc2ccccc2c1)N1CCOC(CO)C1;CCc1cc(C(=O)N2CCN(C(=O)c3ccco3)CC2)oc1CC;O=C(Cc1ccoc1)NCC1CCCN(C(=O)Cc2ccoc2)C1;CC(C)Cn1cc(C(=O)N2CCOC(C(=O)O)C2)c2ccccc21;CC(Cc1ccccc1C(F)(F)F)NC(=O)N1CCCC(O)C1;CCCCCNC(=O)[C@@H]1CCC(=O)N1C1OC(=O)C2=CC=CC=C21;O=C(O)C1CCCN(C(=O)Cc2ccc(N3CCCC3=O)cc2)C1;CCn1cc(C(=O)NC2(CC(=O)O)CCOCC2)c2ccccc21;CNC(=O)CC1(O)CCCN(Cc2ccccc2C(F)(F)F)C1;NC(=O)CC1(O)CCCN(Cc2ccc(Oc3ccccc3)o2)C1;C[C@@H]1CC(=O)N(CCCCNC(=O)/C=C/C2=CC=C(O)C=C2)C1=O;O=C(O)C1CCN(C(=O)Cc2ccc(N3CCCC3=O)cc2)CC1;CC(C)(CNC(=O)c1coc2ccccc2c1=O)N1CCOCC1;COc1ccc(CC2CCN(C(=O)c3cc(OC)no3)CC2)cc1;CC(=O)N1CCC(Nc2ccc(C)cc2OCC(F)(F)F)CC1;O=C(O)C1CCCCN1C(=O)Cc1ccc(N2CCCC2=O)cc1;COC(=O)c1cc2cc(NC(=O)CCC3CCNCC3)ccc2o1
m_59b1bd,CC(=O)Oc1ccc(NC(=O)CCC2CCCCC2)c(C(=O)O)c1;COC1=CC(CCNCC(O)C2=CC=C(O)C(OC)=C2)=CC=C1O;COC1=CC=C(CCNC[C@H](O)C2=CC=C(OC)C(O)=C2)C=C1O;CC(C)C/C=C/C=C/C(=O)NC1=CC(CCC(=O)O)=C(O)C=C1O;CCCC[C@H](NCC1=C(O)C=CC2=C1OC(=O)C=C2CC)C(=O)O;CC[C@@H](C)[C@@H](CO)NC(=O)CC1=C(C)C2=CC=C(O)C=C2OC1=O;COC1=CC=C(C(O)CNCCC2=CC=C(O)C(OC)=C2)C=C1O;COC1=CC=C(CCNC[C@H](O)C2=CC=C(O)C(OC)=C2)C=C1O;CC(C)C/C=C/C=C/C(=O)NC1=CC(CCC(=O)O)=CC(O)=C1O;COc1cccc(CNC(=O)C2CC2C(=O)O)c1OC1CCCC1;CC1=C(CC(=O)NCCCOC(C)C)C(=O)OC2=CC(O)=CC=C12;COc1cc(CCNCc2cc(OC)c(O)c(OC)c2)ccc1O;CCC1=CC(=O)OC2=C(CN[C@@H](CC(C)C)C(=O)O)C(O)=CC=C12;CCCC1=CC(=O)OC2=C(CN[C@H](C(=O)O)C(C)C)C(O)=CC=C12;CC(C)(C)CC(=O)NCC(O)COc1ccc(C(F)(F)F)cc1;CCC1=CC(=O)OC2=C(CN[C@@H](C(=O)O)[C@H](C)CC)C(O)=CC=C12;CC1(C)CC(=O)C2=C(O)C=C(OCC(=O)NC3CCCC3)C=C2O1;COC1=CC=C(CNCC2=CC(OC)=C(OC)C(OC)=C2)C=C1O;CCCCN1C(=O)C(O)=C(C(C)=O)[C@H]1C1=CC=C(OC)C(OC)=C1;COc1ccc(C2(CNC(=O)C3CC3C(=O)O)CCOCC2)cc1;CC1=CC(=O)OC2=CC(OCC(=O)NCCCOC(C)C)=CC=C12;O=C(O)C1CCCC(C(=O)NCCc2ccc3c(c2)OCCO3)C1;COc1ccccc1OCCC(=O)N1CC2CCCC2(C(=O)O)C1;CCc1cccc2c1OCCC2NC(=O)C1=CC(O)C(O)C(O)C1;COc1cccc(CN(CC2CCCO2)C(=O)C2CC2C(=O)O)c1
m_59bced,COc1ccc(Br)cc1CNC(=O)C1CCNCC1;COc1ccc(Br)cc1CCC(=O)N1CCNCC1;CNC1CCN(C(=O)c2ccc(Br)cc2OC)CC1;CC1CN(C(=O)COc2cccc(Br)c2)CC(C)N1;CNC(=O)CN1CCC(Oc2cccc(Br)c2)CC1;COc1ccc(CCC(=O)N2CCNCC2)cc1Br;Cc1cc(Br)ccc1NC(=O)CN(C)C(=O)C(C)C;COc1ccc(CN2CC(C)C(C(N)=O)C2)cc1Br;COc1c(NCc2cccc(F)c2F)cc(Cl)cc1C(N)=O;COC1CNC(C(=O)NCc2ccc(Br)cc2C)C1;COC1CC(C(N)=O)N(Cc2ccc(C)cc2Br)C1;COc1ccc(Br)cc1CC(=O)N1CCC(CN)C1;CC1CC(N)CCN1C(=O)COc1cccc(Br)c1;COc1ccc(Br)cc1CCC(=O)N1CCC(N)C1;CC1CCN(C(=O)NCc2ccc(Br)cc2)CC1O;CCC(C)C(=O)NCC(=O)Nc1ccc(Br)cc1C;CN(Cc1ccc(OC(F)F)cc1)C(=O)c1ccc(Cl)cn1;CC(C)Oc1cc(Br)ccc1C(=O)N1CCC(N)C1;CNCC1CCN(C(=O)c2cc(OC)ccc2Br)C1;CNCC1CCCN1C(=O)COc1cccc(Br)c1;CNC1CCCN(C(=O)COc2cccc(Br)c2)C1;Cc1cc(Br)ccc1C(=O)NCC1CN(C)CCO1;O=C(COc1cc(C(F)F)nc2ccc(Cl)cc12)NC1CC1;O=C(CCN1CCC(O)CC1)Nc1cccc(Br)c1;Cc1ccc(CN2CC(C)OC(C(N)=O)C2)c(Br)c1
m_5ae66f,COc1ccccc1N1CCN(C(=O)CCc2cnn(C)c2)CC1;COc1cccc(NC2CCN(C(=O)c3n[nH]c(C)c3C)CC2)c1;COc1ccccc1N1CCN(C(=O)c2c(C)nn(C)c2C)CC1;CCn1cc(NC(=O)C(c2ccccc2)N2CCC(O)CC2)cn1;Cc1nnc(CNC(=O)c2ccccc2OC2CCCCC2)n1C;Cc1c(CNc2ccc(C(=O)N3CCC(O)CC3)cc2)cnn1C;COc1ccccc1CC1CCN(C(=O)C(C)n2cncn2)CC1;CN1CCC(Oc2ccc(CNC(=O)c3ccnn3C)cc2)CC1;COc1ccc(CC2CCCN2C(=O)Nc2cc(C)nn2C)cc1;COc1ccccc1CC(=O)N1CCC(NCc2ncc[nH]2)CC1;CCc1ccc(O)c(C(=O)NC2CCN(c3nccn3C)CC2)c1;CCC(=O)N[C@@H]1C[C@@H](C2=NC(C)=NN2C2=CC=CC=C2)CC[C@H]1O;COc1ccc(CCC(=O)N2CCN(c3cnn(C)c3)CC2)cc1;Cc1cc(N2CCC(NC(=O)C(C)Oc3ccccc3)CC2)n[nH]1;Cc1c(NC(=O)N2CCC(C)CC2)c(=O)n(-c2ccccc2)n1C;CN1CCN(CCOc2ccc(NC(=O)c3ccc[nH]3)cc2)CC1;CN(C(=O)C(c1ccccc1)N1CCC(O)CC1)c1cnn(C)c1;COc1ccccc1N1CCN(C(=O)c2cn(C(C)C)cn2)CC1;CCOc1ccccc1N1CCN(C(=O)c2c[nH]c(CC)n2)CC1;COc1ccccc1C(C)NC(=O)CN1CC(n2cc(C)cn2)C1;COc1ccc(CNC2CCN(c3nccn(C)c3=O)CC2)cc1;CCC1CN(c2ccccc2)CCN1C(=O)c1cnn(C)c1OC;Cc1ncc(CN2CCCC(O)(CC(N)=O)C2)n1-c1ccccc1;Cc1ccccc1-n1nccc1CN1CCCC(O)(CC(N)=O)C1;COc1ccc(CC2CCN(C(=O)C(C)n3cncn3)CC2)cc1
m_5bfac3,COc1cc2c(cc1OC)CCN(C(=O)COc1ccccc1)CC2;CC(C(=O)N1CCC(Cc2occc2C(=O)O)CC1)c1ccccc1;CCc1cc(C)c(C(=O)N2CCC(C(=O)O)(c3ccccc3)CC2)o1;COC1=CC2=C(C=C1OC)[C@H](C)N(C(=O)COC1=CC=CC=C1)CC2;CC1c2ccccc2CCN1CC(O)COc1ccc(C(=O)O)cc1;COc1cccc(C(=O)N2CCC(Oc3ccccc3)CC2)c1OC;COc1cc(OC)cc(C(=O)NCC2(O)CCc3ccccc3C2)c1;COC1=CC=C(CC(=O)N2CCC3=CC(OC)=C(OC)C=C3C2)C=C1;COC1CC(CO)N(C(=O)COc2ccccc2-c2ccccc2)C1;COc1ccc(CC(=O)N2CC(O)CC2c2cccc(OC)c2)cc1;COC1=CC2=C(C=C1OC)[C@@H](CC1=CC=C(O)C=C1)N(C(C)=O)CC2;CCc1cccc(CC)c1NC(=O)COc1ccc2c(c1)OCCO2;COC(=O)[C@]1(CC2=CC=CC=C2)NCCC2=CC(OC)=C(OC)C=C21;CC1=CC2=C(C(=O)N1CCC1=CC=C(O)C=C1)C(C(C)C)CC(=O)O2;COC1=CC=C(CC(=O)N[C@H]2[C@H](O)[C@H](O)C[C@@H]2C2=CC=CC=C2)C=C1;CCc1ccc(OCC(O)COc2ccc3c(c2)CCC(=O)N3)cc1;CCOC1=CC2=C(C=C1OCC)[C@H](C1=CC=C(C(=O)O)C=C1)NCC2;COC1=CC=C(CNC(=O)CCC(=O)C2=CC=C(C)C=C2)C=C1OC;COC1=CC=C(CCNC(=O)[C@@H]2OCCC3=CC=CC=C32)C=C1OC;CCc1cccc(OCC(O)COc2ccc3c(c2)NC(=O)CC3)c1;Cc1c(C(=O)N2CCC(C3CCOC3)CC2)oc(=O)c2ccccc12;CC(C)COC(=O)c1ccccc1N1C(=O)C2C3CCC(C3)C2C1=O;COC1=CC=C(CCNC(=O)[C@H]2COC3=CC=CC=C3C2)C=C1OC;CC1=CC=CC=C1[C@H]1C[C@@H](O)[C@@H](O)[C@@H]1NC(=O)COC1=CC=CC=C1;COC1=CC=C(CC(=O)N2CCOC[C@H](OC3=CC=CC=C3)C2)C=C1
m_5c710b,CC(C)[C@H](NC(=O)CN1C(=O)NC2=CC=CC=C2C1=O)C(=O)O;C[C@H](NC(=O)CCCN1C(=O)NC2=CC=CC=C2C1=O)C(=O)O;COc1cc(C(=O)Nc2cnn(CC(=O)O)c2)cc(OC)c1C;Cc1c(NC(=O)COCC(=O)O)c(=O)n(-c2ccccc2)n1C;COC(=O)CC(C)NC(=O)Cn1c(=O)[nH]c2ccccc2c1=O;COc1cccc(OC(C)CNC(=O)c2cc(C(=O)O)n[nH]2)c1;COC1=CC=C(NC(=O)CN2C=C(OC)C(=O)C=C2CO)C=N1;O=C(O)C(Cc1ccc(O)cc1)NC(Cc1cnc[nH]1)C(=O)O;COC1=CC=CC2=C1C=CN2CC(=O)NCC(=O)NCC(=O)O;COCCn1ccc(NC(=O)c2cccc(OCC(=O)O)c2)n1;COC1=CC=C2C(=C1)C=CN2CC(=O)NCC(=O)NCC(=O)O;CC(=O)c1c(O)c(C)c(-c2ccccc2)n(-c2ccccc2)c1=O;O=C(Nc1ccc(O)cc1)c1ccccc1OCc1ccccc1;NC(=O)CC(NC(Cc1c[nH]c2ccccc12)C(=O)O)C(=O)O;Cn1c(=O)[nH]c2ccc(C(=O)N3CCOCC3CC(=O)O)cc21;Cc1nc(C(C)(C)NC(=O)c2cccc(OCC(=O)O)c2)no1;CC(=O)c1c(O)cc(=O)n(-c2ccccc2)c1-c1ccc(C)cc1;CCN1C(O)=C(C(=O)/C=C/C2=CC=CC=C2)C(=O)C2=CC=CC=C21;NC(CC1=CNC2=CC=CC=C12)C(=O)NC(CC(=O)O)C(=O)O;NC(CC(=O)O)C(=O)NC(CC1=CNC2=CC=CC=C12)C(=O)O;CN1C(O)=C(C(=O)/C=C/CC2=CC=CC=C2)C(=O)C2=CC=CC=C21;COC(=O)CNC(=O)CC[C@@H]1NC(=O)C2=CC=CC=C2NC1=O;C[C@@H](O)[C@H](N)C1=N/C(=C\C2=CC=C(O)C=C2)C(=O)N1CC(=O)O;COC(=O)[C@@H](C)NC(=O)C[C@@H]1NC(=O)C2=CC=CC=C2NC1=O;CON1C(=O)C(CO)NC(=O)C1(O)CC1=CNC2=CC=CC=C12
m_5c8d41,Cc1cc(NC(=O)C2CCCCO2)n(-c2ccc(Cl)cc2)n1;Cc1cc(NC(=O)N2CCCC2Cc2ccccc2Cl)no1;O=C(CC1(n2cccc2)CCOCC1)Nc1ccc(Cl)cn1;Cc1[nH]c(=O)[nH]c1C(=O)NC1(c2ccc(Cl)cc2)CCCC1;O=C(Cc1c(F)cccc1F)NCCC(=O)Nc1ccncc1;Cc1c(C(=O)NCC2CCOC2)cnn1-c1cccc(Cl)c1;O=C(COc1ccccc1Cl)N1CCCC(c2ccn[nH]2)C1;O=C(NCC1(C2(O)CCC2)CC1)c1cnn2cccc(Cl)c12;Cc1nn(CC(=O)N2CCc3ccc(O)cc3C2)c(C)c1Cl;Cc1[nH]ncc1C(=O)N1CCC(Oc2ccccc2Cl)CC1;Cc1n[nH]c(NC(=O)c2c(Cl)cccc2OCC2CC2)c1C;CC1CC(C(=O)Nc2cnn(-c3ccccc3Cl)c2)CCO1;Cn1cc(NC(=O)C2(c3cccc(Cl)c3)CCOCC2)cn1;Cc1ccc(NC(=O)CCNC(=O)c2c(F)cccc2F)nc1;Cc1cn(-c2ccccc2Cl)nc1C(=O)NC1(C)CCOC1;CNC1CCN(C(=O)c2conc2-c2ccc(Cl)cc2)CC1;O=C(CCCn1cccn1)NC1CCOc2c(Cl)cccc21;CCC1(C(=O)Nc2ccc3cc(Cl)cnc3n2)CCOCC1;CCOC(=O)C1CCN(c2nc3ccccc3nc2Cl)CC1;COc1ccc2ncc(Cl)c(N(C)CC(=O)NC3CC3)c2c1;Cc1nccc(NC(=O)NC(CO)Cc2ccccc2)c1Cl;CCc1onc(C)c1NC(=O)N1CCc2cc(Cl)ccc2C1;O=C(NCc1ccnc(N2CCCCC2)c1)c1ccc(Cl)o1;CCn1ccnc(N2CCC(Oc3ccccc3Cl)C2)c1=O;O=C(Cc1cccc(F)c1F)NCCC(=O)Nc1ccncc1
m_5da1ef,COc1ccc(C(=O)N2CCN(Cc3cccn3C)CC2)cc1;Cn1nccc1C(=O)N(Cc1ccc(O)cc1)C1CCCCC1;Cc1cc(C(=O)N2CCC(COc3ccccc3)CC2)n(C)n1;CCc1ccc(C(=O)N2CCC(c3ccnn3C)CC2)c(O)c1;CCOc1ccc(CNC(=O)c2cnc(C(C)C)nc2C)cc1;CC(C)c1ccccc1OCCNC(=O)NCc1cccnc1;COc1ccc(CNC(=O)NC(c2ccccc2)C(C)C)cn1;COc1ccccc1C(C)(C)NC(=O)NCCc1cccnc1;CCc1ccc(C(=O)N2CCC(Cn3cccn3)CC2)c(O)c1;COCc1nc(C)cc(N2CCC(c3ccc(O)cc3)CC2)n1;CNCC1CCCN(C(=O)c2c(O)nc3ccccc3c2C)C1;COc1ccc(-c2cc(=O)n(CCN3CCCCC3)cn2)cc1;CCn1nc(C(C)C)cc1C(=O)N1CCc2ccc(O)cc2C1;Cc1cc(C)c2ccnc(N3CC(O)C(CC(N)=O)C3)c2c1C;CCOc1cccc(CC(=O)NC(C)CNc2ccccc2)n1;COc1ccc(C)cc1CC(=O)N1CCCCC1c1cn[nH]c1;CCCOc1nc2ccccc2cc1C(=O)N1CCCNCC1;COc1ccccc1CCC(=O)N1CCCCC1c1ncc[nH]1;COc1ccc(CC(=O)N2CCCC(c3cnn(C)c3)C2)cc1;COc1ccc(C2CCCN2C(=O)Cc2cnn(C)c2)cc1C;COc1ccc(CC(=O)N2CCCC(c3cc(C)[nH]n3)C2)cc1;CCOc1ccccc1C1CCN(C(=O)c2cc(C)n[nH]2)CC1;COc1ccc(CC2CCN(C(=O)Cn3cccn3)CC2)cc1;COc1cccc2c(N3CCCC(CC(N)=O)C3)c(C)cnc12;CCOc1ncccc1CN(C)C(=O)NCCc1ccccc1
m_5dda21,CCS(=O)(=O)c1ccc(N2CCN(c3ccc(O)cc3)CC2)cc1;CN(Cc1ccccc1)C(=O)c1cc2c(=O)oc3ccccc3c2n1C;Cc1ccc(CN2CCOCC2)cc1NS(=O)(=O)c1ccccc1;COc1ccc(C)cc1S(=O)(=O)N1CCN(c2ccccc2)CC1;COc1ccccc1N1CCN(S(=O)(=O)c2ccc(C)cc2)CC1;COC1=CC=C(CCN2C=CC3=C(C(=O)OC4=CC=CC=C43)C2=N)C=C1;O=S(=O)(Cc1ccccc1)Nc1cccc(CN2CCOCC2)c1;CC1=NN(C2=CC=CC=C2)C(C)=C1/C=C/C(=O)C1=CC=C2OCOC2=C1;O=S(=O)(NCC(c1ccccc1)c1ccccc1)N1CCOCC1;COc1ccccc1N1CCN(Cc2cc(C(=O)O)sc2C)CC1;Cc1ccc(C)c(S(=O)(=O)NCC(=O)NCCc2ccccc2)c1;CN(Cc1ccccc1)C(=O)CN(Cc1ccccc1)S(C)(=O)=O;CC(=O)Nc1cc(S(=O)(=O)NCCCc2ccccc2)ccc1C;CCOc1ccc(S(=O)(=O)N2CCCC2c2ccncc2)cc1C;COc1c(C)cc(S(=O)(=O)Nc2cccc3c2CN(C)C3)cc1C;CCOc1ccc(S(=O)(=O)N2CCN(C)Cc3ccccc32)cc1;COc1ccc(C)cc1S(=O)(=O)N1CCC(c2ccncc2)CC1;Cc1cccc(S(=O)(=O)Nc2cccc(CN3CCOCC3)c2)c1;CC(NC(=O)CCc1ccccc1)c1ccccc1NS(C)(=O)=O;CNS(=O)(=O)CC(=O)N1CCCC1Cc1ccc2ccccc2c1;Cc1ccc(CNC(=O)CN(Cc2ccccc2)S(C)(=O)=O)cc1;Cc1cccc(-c2ncccc2CNC(=O)c2ccc3c(c2)OCO3)c1;CNS(=O)(=O)CC(=O)NC(C)Cc1ccc(-c2ccccc2)cc1;COC1=CC=C2NC=C(/C=C3/CC(=O)N(CC4=CC=CC=C4)C3=O)C2=C1;CC(C(=O)NC(CCc1ccccc1)c1ccccc1)S(N)(=O)=O
m_5fef1c,O=C(CN1CCC(C(=O)Nc2ccccc2)CC1)NC1CCCCC1;O=C(NCCCC(=O)N1CCN(c2ccccc2)CC1)C1CCCC1;O=C(CN1CCCCC1Cc1ccccc1)NCC(=O)N1CCCC1;CC(=O)N1CCN(C(=O)CN2CCCCC2Cc2ccccc2)CC1;O=C(CC1CCC1)NCCCC(=O)N1CCN(c2ccccc2)CC1;O=C1NCCCCC1NC(=O)N1CCC(CCc2ccccc2)CC1;CNC(=O)[C@@H](CC1=CC=CC=C1)N1CCC[C@H]1C(=O)N1CCCCC1;O=C(NC[C@H]1C[C@@H]2CCN1C[C@@H]2CN1CCOCC1)C1=CC=CC=C1;CC1CCCN(CC(=O)N2CCC(C(=O)Nc3ccccc3)CC2)C1;CC(=O)N1CCN(C(=O)CN2CCC(Cc3ccccc3)C2C)CC1;CC1(CNC(=O)NC2CCN(C(=O)c3ccccc3)CC2)CCCC1;C[C@@]1(CO)CN(CC2=CC=CC=C2)C[C@@H]2CN(C(=O)C3CC3)CCN21;CNc1ccccc1C(=O)N1CCC(NC(=O)CC2CCCC2)CC1;CCC1CN2CCCCC2CN1C(=O)CNC(=O)Cc1ccccc1;CC(=O)N1CCN(C(=O)CN2CCC(c3ccccc3C)CC2)CC1;CC1CCN(CC(=O)Nc2ccccc2C(=O)NC2CCCC2)CC1;CC(=O)N1CCN(Cc2ccccc2NC(=O)C2CCCCC2)CC1;CC(=O)N1C[C@@H]2CN(C(=O)CCC3=CC=CC=C3)CCN2C(C)(C)C1;CN(CC1CCCCN1Cc1ccccc1)C(=O)C1CCCC(=O)N1;O=C1CC(c2ccccc2)N(CC(=O)NC2CCCCCC2)CCN1;CC(C(=O)NC1CCCC1)N1CCC(C(=O)Nc2ccccc2)CC1;CN(C[C@@H]1CCCN2CCCC[C@H]12)C(=O)CNC(=O)C1=CC=CC=C1;NC(=O)Cc1ccc(CNC(=O)N2CCCC(C3CCCC3)C2)cc1;CC1CC(N(C)C(=O)CNC(=O)C2CC2)CCN1Cc1ccccc1;NC(=O)c1ccc(CN2CCCC(C(=O)NC3CCCCC3)C2)cc1
m_6007c7,COc1ccnc(NC2CCN(CC(=O)N3c4ccccc4CC3C)CC2)n1;CC1=CC=CC(CN2C(NC3CCCCC3)=NC3=C2C(=O)N(C)C(=O)N3C)=C1;CN1CCN(c2ccc(CNC(=O)NC3c4ccccc4CC3O)cn2)CC1;CNc1cc(N2CC(O)CC2CNC(=O)c2ccc3c(c2)CCCC3)ncn1;COc1nccc(NC(=O)N2CCC3(CCN(Cc4ccccc4)CC3)C2)n1;COCC(=O)NC[C@H]1O[C@@H](CO)[C@@H](O)[C@H]1N1CCN(C2=CC=CC=[NH+]2)CC1;COc1ccc(-c2nn3c(NCCN4CCOCC4)cc(C)nc3c2C)cc1;CN1CCN(c2ncccc2CNC(=O)NC2c3ccccc3CC2O)CC1;COc1ccnc(NC2CCN(C(=O)NCC3(c4ccccc4)CC3)CC2)n1;CN(C)C(=O)CN1CCN(c2ccnc(C(=O)NCc3ccccc3)c2)CC1;CC(=O)N1CCN(Cc2ccc(NC(=O)c3cc(C4CC4)n(C)n3)cc2)CC1;COc1ccc2c(=O)n(CC3CCN(CCn4cc(C)cn4)CC3)cnc2c1;CC1=CC=CC=C1CN1C(N2CCC(C)CC2)=NC2=C1C(=O)N(C)C(=O)N2C;CCCOc1cn(-c2ccccc2)nc1C(=O)Nc1cc(C)nn1C(C)(C)C;COc1ccnc(NC2CCN(C(=O)NC(c3ccccc3)C3CC3)CC2)n1;CCOc1cc(C)nc(N2CCN(CCCc3nc4ccccc4o3)CC2)n1;COc1ccc(CCN(CC(C)(C)C)C(=O)c2cnc3c(c2)nnn3C)cc1;COC1=CC=C(C2=CN(C[C@H]3C[C@H]4CCN3C[C@@H]4C(=O)NC3CC3)N=N2)C=C1;COc1c(C)cc(CN(C)C(=O)c2cc(-c3c(C)nn(C)c3C)n[nH]2)cc1C;CCCNC(=O)CN1CCC(NC(C)c2cc(C)c(OC)c(Cl)c2)CC1;Cn1cc(C(=O)N2CCN(C3CCCN(Cc4ccccc4)C3=O)CC2)cn1;Nc1nc(O)cc(C2CCN(C(=O)C3CCN(Cc4ccccc4)CC3)C2)n1;CCN(C(=O)c1cc(-c2c(C)nn(C)c2C)n[nH]1)C(C)c1cccc(OC)c1;Cn1ccnc1N1CCN(C(=O)C2CCCN2C(=O)Cc2ccccc2)CC1;Cc1ccc(C)c(OCC(O)Cn2cnc3c(N4CCCC4)ncnc32)c1C
m_60e7b1,Cn1cc(C2(C)CN(Cc3ccc(O)c(Cl)c3)CCO2)cn1;O=C(C1=CC=NC=C1)N1CC[C@H](C2=NN=C(C3=CC=NC=C3)O2)C1;Cc1ccc(Cl)c(OCC(O)CN2CCn3cncc3C2)c1;COCc1nc(O)cc(N2CCCC2c2ccc(F)cc2F)n1;O=C(C1=CC=NC=C1)N1CC[C@H](C2=NN=C(C3=CC=CN=C3)O2)C1;Cn1nc(C(=O)N2CCc3ccccc3C2CO)cc1C(F)F;O=C(C1=CC=CN=C1)N1CC[C@H](C2=NN=C(C3=CC=CN=C3)O2)C1;CN1N=C(C(=O)O)C2=C1C1=NC(NC3=CC=CC=C3)=NC=C1CC2;COCc1nc(OC)cc(N2CCC(O)(C(F)(F)F)CC2)n1;Cc1nccnc1N1CCOC(c2cccc(OC(F)F)c2)C1;O=C(C1=CC=CN=C1)N1CC[C@H](C2=NN=C(C3=CC=NC=C3)O2)C1;Cn1cc(C(=O)NC2(c3ccc(F)cc3F)CCOCC2)cn1;Cc1nnc(-c2ccc(C(=O)N3CCCCC3C(F)F)cc2)o1;Cn1cc(NC(=O)C2(c3ccc(F)cc3F)CCOCC2)cn1;Cc1c(Cl)cnc(N2CCCC2C2COCCC2O)c1C#N;Cc1noc(C)c1CNC(=O)N1CCc2c(F)ccc(F)c2C1;Cn1c(NC(=O)CCC2CCOCC2)nc2c(Cl)cccc21;Cc1noc(C2CCN(C(=O)c3cccc(C(F)F)c3)CC2)n1;Cc1nnc(C2CN(c3c(C#N)cnc4ccccc34)CCO2)o1;CC1(C)CCCN1C(=O)Cn1c(=O)cnc2cc(F)c(F)cc21;CN1CCOC(CNCc2csc(-c3ccccc3F)n2)C1;COc1ccc(F)cc1CNC1CCN(c2nccs2)CC1;OCCN1CCN(Cc2ncc(-c3cccc(Cl)c3)o2)CC1;Cc1cccc(Cl)c1CN1CC(O)C(Oc2cnn(C)c2)C1;O=C(NC1CCOc2ccccc21)c1ccnc(-n2cncn2)c1
m_6105c1,CCn1nncc1C(=O)N1CCN(c2cccc(OC)c2)CC1;CC(NC(=O)N1CCN(c2ccccc2O)CC1)c1cn[nH]c1;COc1ccccc1N1CCN(C(=O)C(C)n2cncn2)CC1;CCOc1cc(C)nc(N2CCN(C(=O)c3ccc[nH]3)CC2)n1;Cc1noc(C)c1NC(=O)N1CCN(Cc2ccncc2)CC1;COc1cccc(N2CCCC(NC(=O)c3cnnn3C)C2)c1;COc1cccc(N2CCN(C(=O)C(C)n3cncn3)CC2)c1;COc1ccc(Cc2c(N)nc(N3CCOCC3)nc2N)cc1;CC(NC(=O)N1CCN(c2cccc(O)c2)CC1)c1cn[nH]c1;Cc1nc(CN2CCC(C(=O)Nc3ncccn3)CC2)oc1C;Cn1cnnc1C1CCN(C(=O)NCc2cccc(O)c2)CC1;CCOc1cccc(N2CCN(c3nccc(OC)n3)CC2)n1;Cc1ccc(OCC2CCN(C(=O)c3cc(C)nn3C)C2)nn1;Cc1ccc(C(=O)N2CCn3c(nnc3C(C)C)C2)c(=O)n1C;Cc1cnn(C2CC3CCC(C2)N3c2cc(=O)n(C)c(=O)[nH]2)c1;COCC(=O)N1CCN(c2cc(-n3cccc3)nc(C)n2)CC1;CCn1c(=O)cc(N2CCC(CNc3ccccn3)C2)[nH]c1=O;CCOc1ccc(C2CCCN2C(=O)Cn2nnnc2C)cc1;CN(C)c1ncccc1OC1CCN(C(=O)Cn2cccn2)C1;Cn1cc(C(=O)NC2CCN(Cc3ccccn3)CC2)[nH]c1=O;CC(C)n1cnnc1C1CCN(C(=O)c2cncc(O)c2)CC1;CCOC(=O)C1CCN(Cc2nnnn2-c2ccccc2)CC1;CNC(=O)COc1ccccc1CNC1CCc2ncnn2C1;COCc1nc(OC)cc(N2CCC(c3ncccn3)CC2)n1;CC1=NN(CN2CCCCC2)C(=O)/C1=N\NC1=CC=CC(O)=C1
m_610a9f,CN1CCC(Oc2ccc(CNC(=O)c3ccnn3C)cc2)CC1;CCOc1ccc(CN2CCN(C(=O)c3cn[nH]c3C)CC2)cc1;CCOc1ccccc1CCNC(=O)C1CCc2nc(C)nn2C1;CN1CCN(CCOc2ccc(NC(=O)c3ccc[nH]3)cc2)CC1;CCOc1ccc(CN2CCN(C(=O)c3cnn(C)c3)CC2)cc1;CCCn1nc(C(=O)N2CCN(C)CC2C)c2ccccc2c1=O;Cc1nnc(CNC(=O)c2ccccc2OC2CCCCC2)n1C;CCCOc1ccc(C(=O)N2CCCC(c3nncn3C)C2)cc1;CCC(C)c1ccccc1OCC(=O)N1CCn2c(C)nnc2C1;CCOc1ccc(CC(=O)N2CCC(c3nncn3C)CC2)cc1;CC(=O)N1CCN(Cc2nc3ccccc3c(=O)n2C)C(C)(C)C1;CCCOc1ccc2c(c1)CCN(C(=O)Cc1cn(CC)nn1)C2;CCC1CN(c2ccccc2)CCN1C(=O)c1cnn(C)c1OC;CC(C)(C)N1CCN(C(=O)Cn2c(=O)cnc3ccccc32)CC1;CCOc1ccccc1N1CCN(C(=O)c2c[nH]c(CC)n2)CC1;CCOc1ccccc1CNC(=O)NCc1cn2c(n1)CCCC2;COc1ccccc1CC1CCN(C(=O)C(C)n2cncn2)CC1;CCn1nc(C)c(NC(=O)N2CCc3c(cccc3OC)C2)c1C;COc1ccc2c(c1)C(N)CCN2C(=O)Cc1c(C)nn(C)c1C;Cc1nnc2n1CCN(C(=O)COc1ccccc1C(C)(C)C)C2;COc1ccc(-c2n[nH]cc2C(=O)N(C)C2CCN(C)CC2)cc1;CCNC(=O)c1cccc(C)c1OCc1nnc2n1CCCCC2;Cc1cn2c(n1)C(CNCc1ccc(OCC(N)=O)cc1)CCC2;CCOc1ccc(CN2CCN(C(=O)c3cccn3C)CC2)cn1;COc1ccc(CC2CCN(C(=O)C(C)n3cncn3)CC2)cc1
m_612431,CCN(CC)CC(=O)N1CCN(c2cccc3[nH]ncc23)CC1;CCn1c(CN2CCN(C(=O)N(C)C)CC2)nc2ccccc21;CCn1c(CNC(=O)CN2CCN(C)CC2)nc2ccccc21;CC(CNC(=O)c1nc2ccccc2[nH]1)CN1CCN(C)CC1;CC(C)N(C)CC(=O)N1CCN(c2cccc3[nH]ncc23)CC1;O=C(N1CCCC1)N1CCN(c2ncc3c(n2)CCCC3)CC1;CCn1nc(C)cc1C(=O)N(CCN(C)C)Cc1ccccn1;CCc1nnc(CN2CCN(Cc3cccc(O)c3)CC2)n1C;CNC(=O)c1ccc(C2CCCCN2CCn2cccn2)n1C;CCCn1c(C)nnc1CN1CCN(c2ccccc2O)CC1;Cc1[nH]nc2ncc(C(=O)N3CCN(CCC(C)C)CC3)cc12;Cc1nnc(CN2CCN(CCOc3ccccc3)CC2)n1C;CNC1CCCN(C(=O)c2cc3cnn(C(C)C)c3nc2C)C1;CC(C)C1C(=O)NCCN1Cc1cnc2c(cnn2C(C)C)c1;CCn1c(C)cc(C(=O)NCCc2nnc3n2CCCC3)c1C;CCCN(CC(=O)Nc1ccccc1C)Cc1nnc(C)n1C;CCOc1ccccc1N1CCN(Cc2nnc(C)n2C)CC1;N#Cc1ncn(CC(=O)N(C2CCCCC2)C2CCCCC2)n1;Cc1n[nH]c(C)c1CC(=O)Nc1cc(C2CCCCC2)nn1C;CC(C)c1nnc(CN2CCN(c3ccc(O)cc3)CC2)n1C;CNC(=O)c1ccc(C2CCCCN2Cc2n[nH]cc2C)n1C;Cc1cc(C)n(-c2ccc(CNC(=O)NC(C)C(C)C)cn2)n1;CCOc1cc(N2CCC(Cn3nc(C)cc3C)CC2)ncn1;Cc1ccc(C(C)NC(=O)Cn2nnnc2C(C)(C)C)cc1C;Cc1cc[nH]c1C(=O)NCC1CCCN(C)C1c1ccnn1C
m_62973b,C=CCSCC(NC(CC(C)C)C(=O)O)C(=O)O;O=C(O)C1CCN(S(=O)(=O)CC2CCCCC2)C1;O=C(NS(=O)(=O)CC1CCCCO1)C1CCCC1;CCOC(=O)C1CN(C(=O)OC(C)(C)C)CCS1;O=C(CS(=O)(=O)C1CCOCC1)N1CCCCC1;CC(C(=O)NC1CCCC1)S(=O)(=O)C1CCOC1;CC1(C(=O)N2CCC(CS(C)(=O)=O)CC2)COC1;COCC1(C(=O)N2CCCS(=O)(=O)CC2)CCC1;CC1COCCN1C(=O)C1(S(C)(=O)=O)CCCC1;COC1CCCC1NC(=O)C1(S(C)(=O)=O)CCC1;COC1CCN(C(=O)C(C)(C)S(=O)(=O)C2CC2)C1;CC1CC(C)C(C(=O)NC2(C)CCS(=O)(=O)C2)O1;O=C(NCc1nc(-c2ccc(F)cc2)n[nH]1)NC1CC1;O=C(c1cn[nH]n1)N1CCN(c2ccc(F)cc2)CC1;C=CCNC(=O)NCc1nc(-c2ccc(F)cc2)n[nH]1;COC1CC(N(C)S(=O)(=O)C2COC2)C12CCC2;O=C(C[N+]1=CC=CC=C1C1=CC=CC=N1)C1=CC=CC=C1;CNCCN(Cc1ccc(Cl)cc1)c1ccccn1;COc1ccc(Cc2nnnn2CCCC#N)cc1F;Cc1cc(N2CCN(c3nccs3)CC2)nc(C)n1;CCn1c(SC(C)C2CC2)nnc1-c1cnccn1;N#Cc1cccnc1NCc1cnn(-c2ccccc2)c1;Nc1ncnc2n[nH]c(Cc3cccc4ccccc34)c12;CN(C)C1=CC=C2N=C3C(=[O+]C2=C1)C=CC1=CC=CC=C13;CN1C(/C(C#N)=C\NC2=CC=CC=N2)=NC2=CC=CC=C21
m_62dd85,COc1cc(Cn2cnc(-c3ccccc3)cc2=O)cc(OC)c1;COc1ccc(F)c(C(=O)N2CCCC3C(=O)NCC32)c1OC;COC1=CC=CC=C1COC1=CC=C2N=C3CCCN3C(=O)C2=C1;COc1cccc2c(=O)cc(C)n(CC(=O)Nc3ccccc3)c12;CCN1C(/C=C/C2=CC=CC(OC)=C2O)=NC2=CC=CC=C2C1=O;COc1cccc(OC)c1C(=O)Nc1ccccc1-n1cccc1;COc1ccc(F)c(C(=O)NC2CC(=O)N(C3CC3)C2)c1OC;COC1=CC=CC=C1C(=O)N1CC[C@]2(C1)C(=O)NC1=CC=CC=C12;COC1=CC=C(COC2=CC=C3N=C4CCCN4C(=O)C3=C2)C=C1;COC1=CC2=C(C=C1OC)C(=O)N(C/C=C/C1=CC=CC=C1)C=N2;COCCCN1C(=O)C2=CC=CC=C2N2C(=O)C3=CC=CC=C3C12;COC1=CC=C2C=NN(C/C=C/C3=CC=CC=C3)C(=O)C2=C1OC;C=CC1=CC=C(CN2C=NC3=CC(OC)=C(OC)C=C3C2=O)C=C1;CCCC(=O)N1CSCC1C(=O)NCc1cccc(OC)c1;COC1=CC=C(CNC(=O)C2=CN(C)C(=O)C3=CC=CC=C23)C=C1;COC1=CC=CC(COC2=CC=C3N=C4CCCN4C(=O)C3=C2)=C1;COC1=CC=C2N=C(O)C(CN(C)C(=O)C3=CC=CC=C3)=CC2=C1;CC(=O)CCC1C(=O)N(C2=CC=CC=C2)N(C2=CC=CC=C2)C1=O;COC1CC(CO)N(C(=O)c2cc3c(cc2F)NC(=O)CC3)C1;CCOc1ccc(NC(=O)c2cccc3cccnc23)cc1OC;COc1cc2c(cc1OC)C(C#N)N(C(=O)c1ccccc1)CC2;COC1=CC=C2C(=C1)C=CN2CC(=O)N[C@H](CO)CCSC;COC1=C(CC2=CC=CC=C2)N(O)C(=O)C(CC2=CC=CC=C2)=N1;COC1=CC=C(C(=O)N2CC[C@]3(C2)C(=O)NC2=CC=CC=C23)C=C1;COc1cccc(C(=O)N(C)Cc2cc3ccccc3[nH]c2=O)c1
m_637284,CC(O)(CNC(=O)Cc1ccc(O)cc1Cl)C1CCCCC1;CCOc1c(Cl)cccc1CC(=O)NC1CCC(CO)CC1;COc1ccnc(CNC(=O)N2CCC(C)(C(=O)O)CC2)c1F;O=C(Nc1ncccc1O)C1CCCN1C(=O)Cc1ccccc1;CN1CC(NC(=O)c2cccc(CC#N)c2)CCC1C(F)(F)F;CC(=O)NC1CCC(C(F)(F)F)N(Cc2cccc(C#N)c2)C1;OC1CCC(NCc2c[nH]nc2-c2ccc(C(F)(F)F)cc2)C1;O=C(NC1CCCCC1C(=O)O)c1cnc(-c2ccccc2)nc1;CC(C)(C(=O)N1CC(CO)C(CCO)C1)c1cccc(Cl)c1;CC(CCc1ccccc1)NC(=O)Cn1ccc(C(F)(F)F)n1;Cc1ccc(OCC(=O)Nc2ccc(NC(=O)C3CC3)nc2)cc1;CC(=O)c1ccc(NC(=O)Cn2nc3c(cc2=O)CCCC3)cc1;COc1ccccc1N1CCC(NC(=O)Cc2ccncc2)C1=O;CCC1(O)CCN(C(=O)c2ccc(OC(C)C)cc2Cl)CC1;Cn1nccc1-c1ccc(CCNC(=O)CCC(F)(F)F)cc1;CC(=O)N1CC(NCc2ccc(C#N)cc2)CCC1C(F)(F)F;N#Cc1cccc(NC(=O)CCN2C(=O)C3CCCCC3C2=O)c1;CN1C(=O)CC(NC(=O)Cc2cccc(O)c2)C1c1cccnc1;CCNC(=O)C1CCCN(c2ccc(C#N)cc2C(F)(F)F)C1;CC1=CC(=O)C(OCC(=O)NCCC2=CNC3=CC=CC=C23)=CN1;CN1CC(NC(=O)c2cccc3cc[nH]c23)CCC1C(F)(F)F;Cc1nc(-c2ccccc2)ncc1C(=O)NC1CCCC1C(=O)O;O=C(O)c1ccc(C(=O)NC2CCN(c3ccncc3)CC2)cc1;Cn1c(=O)n(CC(=O)Nc2ccc(CCO)cc2)c2ccccc21;Cc1nccc(-c2cccc(NC(=O)C3CCC(C(=O)O)C3)c2)n1
m_64030c,CC(C)NC(=O)C1CCN(c2nc3ccccc3cc2CO)CC1;CC(C)C(=O)N1CCC(NCc2cc3ccccc3nc2O)CC1;Cn1cc(-c2ccccc2)cc1C(=O)NCCCN1CCOCC1;Cc1cc(NCCCN2CCC(C(=O)O)CC2)nc2ccccc12;CN(C)c1cc(CNC(=O)CC2CCOCC2)c2ccccc2n1;Cc1cccc(C)c1C(=O)NC1CCc2c(nc(C)n2CCO)C1;CCNC(=O)N1CCCC1c1nc(-c2ccccc2)c(C(C)C)o1;CN(C)c1cc(CNC(=O)CCC2CCCO2)c2ccccc2n1;Cc1nc(CCC(=O)N2CC(C)NC(C)C2)oc1-c1ccccc1;Cc1cc(C)n(Cc2ccc(C(=O)NC3CCC(O)CC3)cc2)n1;CCC1CN(C(C)=O)CCC1NCc1cc2ccccc2nc1O;CN(C(=O)NCCc1coc(-c2ccccc2)n1)C1CCCCC1;O=c1c2ccccc2nc(N2CCC3CCCCC3C2)n1CCO;Cc1c(NC(=O)CCC2CCCC2)c(=O)n(-c2ccccc2)n1C;Cc1ccc(CC(CO)NC(=O)c2cn3c(n2)CCCC3)cc1C;CC(NC(=O)c1ccn(CCc2ccccc2)n1)C1CCOCC1;CCN1CCN(Cc2ccc(CNC(=O)c3ccco3)cc2)CC1;O=C(COC1CCCCC1)NCCc1ccn(-c2ccccc2)n1;Cc1cc(C)n(-c2ccccc2CNC(=O)CCC2CCCO2)n1;CCc1nccn1C1CCCN(C(=O)C(O)Cc2ccccc2)C1;CC(C)(C)NC(=O)CCC(=O)N1CCC2=C(C1)C1=CC=CC=C1N2;O=C(NCCN1CCOCC1)c1cc2ccccc2n1CC1CC1;CCc1nnc(CNC(=O)C2(c3ccccc3C)CCCCC2)o1;CCC(OC1CCCC1)C(=O)NCc1ccccc1-n1ccnc1;CC(C)c1ccccc1NC(=O)CN1CCC(c2ncco2)CC1
m_64306c,CCOc1ccc(S(=O)(=O)NC2CCCN(c3cc(C)nn3C)C2=O)cn1;CCOc1ccc(S(=O)(=O)NC2CCCN(c3ccnn3CC)C2=O)cn1;CS(=O)(=O)NC1=CC(C2=NOC([C@@H]3CCCN3C3CCOCC3)=N2)=CC=N1;CC1=NN2C(=C1)N(C)C(=O)CC21CCN(S(=O)(=O)C2=C(C)ON=C2C)CC1;CCOC(=O)NC1CCCN(C(=O)C2CC(=O)N(c3ccc(Cl)cc3)C2)C1;CCOC(=O)C1CCCN(C(=O)CN2CCN(c3cccc(Cl)c3)C2=O)C1;COc1cc(-c2noc(CN3CCC4(CCCOC4)C3)n2)cc(Cl)c1OC;CC(C)(C(=O)N1CCN(c2nnc(C(F)(F)F)s2)CC1)N1CCOCC1;O=C(NCCN1CCOCC1)c1sc(-c2ccccc2)nc1-c1ccccc1;COC1=CC=C(C2=NC(C)=C(C(=O)N3CCCC[C@H]3C3=CC=CN=C3)S2)C=C1;O=C(CSc1nc2ccccc2c(=O)n1-c1ccccc1)NC1CCCCC1;O=C1c2ccccc2C(=O)N1CCN1CCC(c2noc3cc(F)ccc23)CC1;Cc1cc(CCC(=O)N2CCC(S(=O)(=O)c3nccn3C)CC2)ccc1F;COc1cccc(Nc2cc(C(=O)N3CCSCC3)nc3ccc(C)cc23)c1;CCOC(=O)N1CCC(NC(=O)C2CC(=O)N(C)C2c2cccc(Cl)c2)C1;O=C(NC1=CC=CC=C1)O[C@@H]1CO[C@H]2[C@H]1OC[C@H]2N1N=NN=C1C1=CC=CC=C1;Cc1cc(NCc2ccnc(N3CCOCC3)c2)n2nc(C(F)(F)F)nc2n1;CC(=O)C1=CC=CC(N2C(=O)[C@H]3C[C@@H](NC(=O)C4=CN=CC=N4)CCN3C2=O)=C1;CN1C[C@@H](NC(=O)C2=CC=NC=C2)C[C@H]1C1=NC(C2=CC=C3OCOC3=C2)=NO1;Cc1nc(N2CCOCC2)ccc1NC(C)c1ccc(S(C)(=O)=O)c(F)c1;Cc1c(C(=O)N2CCN(C(=O)c3ccc(F)cc3)CC2)c(O)nc2ccccc12;CC1NC(C(=O)NCCN2CCS(=O)(=O)CC2)=NN(c2ccccc2)C1=O;COC1=CC=C2C(=C1)NC1(CCN(C(=O)CC3=CC=CS3)CC1)C1=CC=CN21;CN1CC2C(CCCN2C(=O)NCCc2cc(Cl)c3c(c2)OCCO3)C1=O;CN1C[C@@H](NC(=O)C2=CC=C3OCOC3=C2)C[C@H]1C1=NC(C2=CC=CN=C2)=NO1
m_65a7ff,COc1ccccc1N1CCN(C(=O)c2n[nH]c(=O)c3ccccc23)CC1;COc1ccccc1N1CCC(NC(=O)c2n[nH]c(=O)c3ccccc23)C1;CC1=CC=CN=C1NC(=O)CN1C(=O)[C@@H]2CCCN2C(=O)C2=CC=CC=C21;COC1=CC2=C(C=C1OC)CN(C(=O)C1=CC(C3=CC=CN=C3)=NN1)CC2;COc1cccc(N2CCN(C(=O)c3cc(-c4ccccn4)no3)CC2)c1;CC1=CC=NC(NC(=O)CN2C(=O)[C@@H]3CCCN3C(=O)C3=CC=CC=C32)=C1;COC(=O)C1=C(N)N(C2=CC=C(C(=O)NCCC3=CC=CC=C3)C=C2)N=C1;COc1cccc(C(C(=O)O)N2CCn3c(nnc3-c3ccccc3)C2)c1;Cc1noc(-c2ccccc2C(=O)N2CCN(c3ccccc3O)CC2)n1;COc1ccc(C(=O)N2CCN(c3ccc(-c4ccco4)nn3)CC2)cc1;CC1=CC=CC(NC(=O)CN2C(=O)[C@@H]3CCCN3C(=O)C3=CC=CC=C32)=N1;O=C(NCc1cc(-c2ccccc2)on1)c1ccc(N2CCOCC2)nc1;CCOc1cn(-c2ccccc2)nc1C(=O)N1CCOc2ncc(C)cc21;O=C(CN1C(=O)[C@@H]2CCCN2C(=O)C2=CC=CC=C21)NCC1=CC=CN=C1;O=C(CN1C(=O)[C@@H]2CCCN2C(=O)C2=CC=CC=C21)NCC1=CC=NC=C1;COc1ccccc1Cn1cnc2cc(C(=O)N3CCNC(=O)C3)ccc21;O=C(O)C1=CC=C(CN2CCOC[C@H]2C2=NC(C3=CC=CN=C3)=CN2)C=C1;O=C(CN1C(=O)[C@@H]2CCCN2C(=O)C2=CC=CC=C21)NCC1=CC=CC=N1;COC(=O)c1ccc(C(=O)N2CCC(c3nnc4ccccn34)CC2)cc1;COC1=CC=C(C2=CN3C[C@H](CNC(=O)C4=CC=CN=C4)OCC3=N2)C=C1;O=C(Cc1ccc(C(F)(F)F)cc1)NC1CCN(c2ncccn2)CC1;COC1=CC2=C(C=C1OC)C1=CC(NCC3=CC=CN=C3)=NC(=O)N1CC2;COc1cc(-c2noc(C3CC(=O)N(CCc4ccccc4)C3)n2)ccn1;CC1CCC(OCC(=O)NC2CCN(c3ccccc3Cl)C2=O)CC1;Cc1nccn1-c1ccnc(C(=O)NCCc2ccc3c(c2)OCCO3)c1
m_6817b1,CC1CN(C(=O)Cn2c(=O)[nH]c(=O)c3ccccc32)CCC1O;Cn1cc(C(=O)NC2CCN(CC(F)(F)F)CC2)ccc1=O;CC(C)(O)C1CCCN1C(=O)c1ccc2[nH]c(=O)c(=O)[nH]c2c1;O=C(Cc1ccccc1F)N1CCN(c2ncccc2F)CC1;O=C(Nc1ccccc1)N1CCC(N2C(=O)COCC2=O)CC1;Cn1c(=O)c(CNC(=O)NCCCC(=O)O)cc2ccccc21;CCC1CN(C(=O)Cn2nc(-c3ccccc3)oc2=O)CCO1;CC(C)C[C@H](NC(=O)CN1C=NC2=CC=CC=C2C1=O)C(=O)O;CC(=O)Nc1ccc(O)c(C(=O)N2C3CCC2CC(=O)NC3)c1;Cc1cc(C)c(C(=O)N2CCC(n3cc(C(=O)O)cn3)CC2)o1;CC1CN(c2ccncc2)CCN1C(=O)c1ccc(F)c(F)c1;COCC(=O)N1CCN2C(=O)N(CC3=CC=CC=C3)C(=O)[C@H]2C1;O=C(c1cnccn1)N(Cc1c(F)cccc1F)C1CCCC1;Cc1oc(CNC(=O)c2ccn(C3CCCC3)n2)cc1C(=O)O;Cc1cc(C(=O)N2CCC(n3cc(C(=O)O)cn3)CC2)c(C)o1;COCC(=O)N1CC[C@H]2NC(=O)N(C3=CC=C(C)C=C3)C(=O)[C@H]21;CCOc1nn(CC)cc1C(=O)Nc1ccc2c(c1)OCCO2;CC(CN1CCOCC1)NC(=O)c1cccnc1C(F)(F)F;O=C(O)CN1C(=O)NC2(CCN(Cc3ccccc3)CC2)C1=O;O=C(O)C1CCC(C(=O)N2CCN(c3ccccc3)C(=O)C2)N1;O=C(NCCNCCO)C1=C(O)N2CCC3=C2C(=CC=C3)C1=O;CC1CCN(C(=O)COc2ccc3oc(C(N)=O)nc3c2)CC1;CN1CCC(NC(=O)c2ccccn2)C1c1ccc(F)c(F)c1;Cc1nccnc1C(=O)N1CCC(c2ccc(F)c(F)c2)C1C;CC1CN(C(=O)Cn2nc(-c3ccccc3)oc2=O)C(C)CO1
m_6b66aa,Cc1cc(S(=O)(=O)Nc2cc(Cl)ccc2O)ccc1F;COc1cc(C(=O)N(C)CCC(=O)O)ccc1Br;COc1cc(Br)ccc1C(=O)NCCCC(=O)O;COc1ccccc1S(=O)(=O)Nc1ccc(F)c(Cl)c1;COc1ccc(Cl)cc1S(=O)(=O)Nc1ccccc1F;COc1cccc(S(=O)(=O)Nc2ccc(F)c(Cl)c2)c1;COc1cc(Br)ccc1C(=O)NCC(C)C(=O)O;CC1CCC(C(=O)O)CN1C(=O)c1occc1Br;COC(=O)[C@@H]1CC2=CC(Br)=C(OC)C(O)=C2CN1;COC(=O)[C@@H]1CC2=CC(O)=C(OC)C(Br)=C2CN1;COCCC(=O)Nc1cc(Br)cc(C(=O)O)c1C;CC(C(=O)O)N(C)Cc1cc2c(cc1Br)OCO2;O=C(NC1CCC(C(=O)O)CC1)c1occc1Br;O=C(Nc1ccc(Br)c(CO)c1)C1COCCO1;C/N=C1\SS/C(=N\S(=O)(=O)C2=CC=C(C)C=C2)N1C;COCC(=O)NC(CC(=O)O)c1cccc(Br)c1;O=c1c2sccc2ncn1Cc1cc(-c2cccs2)on1;O=C(c1cc(Br)co1)N1CCOCC12CCOC2;COc1ccc(Cl)cc1C[S+]([O-])Cc1csc(C)n1;O=c1c2sccc2ncn1Cc1ncc(-c2cccs2)o1;O=C1C2=CC([N+](=O)[O-])=CC=C2C2=C1C=C([N+](=O)[O-])C=C2[N+](=O)[O-];C[As](C)(=O)CCCC(=O)NCCS(=O)(=O)O;NC1=C(S/C=C/Cl)C=CC2=C1C(=O)C1=CC=CC=C1C2=O;O=C(Nc1ccc(I)cc1)C1CCCC1;O=C(OCc1cccnc1)c1cc2c(nc3sccn32)s1
m_6d224e,COc1ccccc1C(CNC(=O)c1ccc(Cl)s1)N1CCCC1;O=C(NCc1nccs1)C1CCC(C(=O)NCc2nccs2)CC1;CC1CCC(C(=O)O)C(C)N1Cc1csc(-c2ccc(Cl)cc2)n1;CCN1CCN(C(=O)Cc2csc(NC(=O)c3cccs3)n2)CC1;CC(C)C(=O)N1CCC(C(=O)Nc2nc(-c3cccs3)ns2)CC1;Cc1oc(-c2cccs2)nc1C(=O)NCc1ccc(-n2ccnc2)cc1;COCc1nc(C(=O)NCC2(c3ccc(Cl)cc3)CCCC2)cs1;CCc1ccc(C(C)=NNC(=O)C(C)Oc2ccc(Cl)cc2C)s1;CC(C)C(=O)N1CCN(S(=O)(=O)c2ccccc2C(F)(F)F)CC1;Cc1nc(C(F)(F)F)ccc1C(=O)N1Cc2ccccc2CC1C(=O)O;CC(C)c1cnc(NC(=O)C2(c3ccc(Cl)cc3)CCOCC2)s1;COC(=O)C1=CC=CC=C1NC(=O)C1=C(O)N2CCC3=C2C(=CC=C3)C1=O;CCNC(=O)N1CCC(NC(=O)c2sc(-c3ccsc3)nc2C)C1;O=C1Nc2cc(Cl)ccc2SC1CC(=O)N(C1CCCC1)C1CC1;COC(=O)C1=CC=CC=C1NC(=O)C1=C(O)C2=CC=CC3=C2N(CC3)C1=O;CS(=O)(=O)c1ccccc1C(=O)NC1CCN(CC(F)(F)F)CC1;COc1ccccc1Nc1nnc(SCC(=O)NC2CCCC2)s1;O=C(Nc1ccccc1CC(F)(F)F)c1cccc(N2CCOC2=O)c1;O=C(CN1C=NC2=C(C=CS2)C1=O)N1CCC2=C(C1)NC1=CC=CC=C21;O=C(CN1C=NC2=C(SC=C2)C1=O)N1CCC2=C(C1)NC1=CC=CC=C21;CCC(=O)N1CCC(Nc2ccc(S(C)(=O)=O)cc2C(F)(F)F)C1;COc1ccc(C(=O)NCC(=O)N(C)Cc2c(F)cccc2Cl)cc1;O=C(NCC1=CC=C2OCOC2=C1)C1=C(O)N2CCC3=C2C(=CC=C3)C1=O;O=C1CCN(CC(O)COc2ccccc2Cl)c2ccc(F)cc2N1;O=C(Cc1cccc(F)c1)N1CCCN(C(=O)c2ccc(Cl)o2)CC1
m_6d3dc0,COc1ccccc1OCC(=O)NC(Cc1ccccc1)C(=O)O;COc1ccccc1OCC(=O)NCCc1ccc(C(=O)O)cc1;COC(=O)C(NC(=O)COc1ccccc1OC)c1ccccc1;COC1=CC=C(CNC(=O)CC2=CC=CC=C2C(=O)O)C=C1OC;COC1=CC=C(C(=O)CCNC2=CC=C(C(=O)O)C=C2)C=C1OC;COc1cc(C(=O)O)ccc1OCC(=O)NCCc1ccccc1;O=C(O)CCC(=O)Nc1ccc(OCCOc2ccccc2)cc1;COC1=CC=C(C(=O)N[C@H](CC(=O)O)C2=CC=C(OC)C=C2)C=C1;COC1=CC(NC(=O)CCC2=CC=CC=C2)=C(C(=O)O)C=C1OC;CN(C(=O)OCC1=CC=CC=C1)[C@@H](CC1=CC=C(O)C=C1)C(=O)O;CC(=O)NCC(=O)NCC(=O)Nc1cccc(OC(F)F)c1C;COC(=O)C(Cc1ccc(O)cc1)NC(=O)COc1ccccc1;CC(=O)OC(C(=O)NCCc1ccc(O)c(O)c1)c1ccccc1;CC1=CC=CC=C1OC[C@@H](O)CNC(=O)C1=CC=CC=C1C(=O)O;COC(=O)[C@H](CC1=CC=C(O)C=C1)NC(=O)C1=CC=CC=C1OC;COC1=CC=C([C@@H](CC(=O)O)NC(=O)C2=CC=CC=C2)C=C1OC;COc1ccc(CCNC(=O)COc2ccc3c(c2)OCO3)cc1;O=C(O)C(Cc1ccccc1)NC(Cc1ccc(O)cc1)C(=O)O;COC1=CC=C(C=CC(=O)NCCC2=CC(O)=C(O)C(O)=C2)C=C1;COc1ccc(C(=O)NC(C)c2ccccc2)cc1OCC(=O)O;COc1ccccc1C(CNC(=O)c1ccc2c(c1)OCO2)OC;COC1=CC=C(CCNC(=O)C2=CC=C3OCOC3=C2)C=C1OC;O=C(N[C@@H](CO)C(=O)OCC1=CC=CC=C1)OCC1=CC=CC=C1;O=C(N[C@H](CC1=CC=C(O)C=C1)C(=O)O)[C@@H](O)CC1=CC=CC=C1;CC1CN(C(=O)CCc2ccccc2C(F)(F)F)CC1C(=O)O
m_6d9287,CCC(NC(=O)Nc1cccnc1)c1ccccc1;Cc1ccccc1CNC(=O)Nc1ccncc1C;Cc1ccc(CNC(=O)NCc2cccnc2)cc1;Cc1ccccc1CNC(=O)NCc1cccnc1;CCN(C)c1ccc(C(=O)Nc2cccnc2)cc1;CNC(=O)c1cccc(CCNc2ccccn2)c1;CCN(C(=O)c1ccc(C)nc1)c1cccnc1C;Cc1ccccc1N(C(=O)c1cnccn1)C(C)C;Cc1cccnc1NC(=O)c1cccc(N(C)C)c1;Cc1cccc(C(C)C)c1NC(=O)c1cnccn1;CCNC(=O)c1ccc(NCc2ccncc2)cc1;Cc1cc(C)cc(CCC(=O)Nc2cnccn2)c1;CN(C)C(=O)c1ccc(NCc2ccncc2)cc1;Cc1ccccc1NC(=O)Cn1ccnc1C1CC1;CNC(=O)c1ccc(C)c(NCc2ccncc2)c1;Cc1cncc(C(=O)N(c2cccnc2)C(C)C)c1;O=C(NC1CCNCC1)c1cccc2cccnc12;OC1(CNc2ccnc(-c3ccccc3)n2)CCC1;Cn1nccc1NC(=O)CC1CC1c1ccccc1;CCc1cc(NC(=O)c2ccnnc2C)ccc1C;OCC1CN(c2ccnc(Cc3ccccc3)n2)C1;CC1=NN(C2=CC=CC=N2)C(C)=C1[C@H]1C=C[C@@H](O)C1;CN(C(=O)C1CCn2ccnc2C1)c1ccccc1;CNc1cc(C(=O)N2CCCC2)c2ccccc2n1;O=C(Nc1ccn(-c2ccccc2)n1)C1CCCC1
m_6e1c94,COC1=CC=CC=C1C(=O)[C@@H](CCC(=O)O)C1=CC=CC=C1OC;COC1=CC=C(C(=O)[C@@H](CCC(=O)O)C2=CC=C(OC)C=C2)C=C1;COC1=CC(CCCOC(=O)/C=C/C2=CC=CC=C2)=CC(O)=C1O;COC1=CC=CC(CCC2=CC=C(OC(C)=O)C(OC(C)=O)=C2)=C1;CCOC(=O)C1=CC2=CC(C)=C(C)C=C2C=C(C(=O)OCC)C1=O;COC1=CC(O)=C(C(=O)C2=CC=CC(O)=C2CC=C(C)C)C(O)=C1;COC(=CC(=O)C1=CC(OC)=C(OC)C=C1OC)C1=CC=CC=C1;O=C(/C=C/CCC1=CC=C(O)C(O)=C1)CCC1=CC=C(O)C(O)=C1;COC1=CC(C[C@H]2COC(=O)[C@@H]2CC2=CC=C(O)C=C2)=CC=C1O;COc1ccc(C(C)NC(=O)Cn2nnc3ccccc32)cc1F;COC1=CC(CCCOC(=O)/C=C/C2=CC=C(O)C=C2)=CC=C1O;COC1=CC(C[C@H]2C(=O)OC[C@@H]2CC2=CC=CC(O)=C2)=CC=C1O;COC1=CC(OC)=C(C(=O)/C=C/C2=CC=CC=C2)C(OC)=C1OC;COC1=CC=C(C[C@H]2COC(=O)[C@@H]2CC2=CC=CC(O)=C2)C=C1O;COc1cc(OC)c(OC)cc1C=CC(=O)c1ccccc1OC;COC1=CC(/C=C/C(=O)C2=CC=CC=C2)=C(OC)C(OC)=C1OC;COC1=CC([C@@H]2OC[C@@H]3[C@H]2CO[C@@H]3C2=CC=C(O)C=C2)=CC=C1O;COC1=CC(OC)=C(OC)C(OC)=C1/C=C/C(=O)C1=CC=CC=C1;COC1=CC(OC)=C(C(=O)/C=C/C2=CC=CC=C2OC)C(OC)=C1;COC1=CC=C(/C=C/C(=O)C2=C(OC)C=C(OC)C=C2OC)C=C1;CCCC1=CC(O)=CC2=C1OC1=CC(O)=CC(CCC)=C1C(=O)O2;C[C@H](CCC1=CC=C(O)C=C1)OC(=O)/C=C/C1=CC=C(O)C(O)=C1;COC1=CC=CC(/C=C/C(=O)C2=C(OC)C=CC=C2OC)=C1OC;CCC1=CC(C(=O)CC2=CC=C3OCCOC3=C2)=C(O)C=C1OC;COC1=CC=C(CC[C@H]2CC3=CC(OC)=CC(O)=C3C(=O)O2)C=C1
m_6ebcf9,CCc1ncc(NC(=O)C(c2ccccc2)N2CCC(O)CC2)cn1;CCN(CC)C(=O)CNc1ccnc(C(=O)NCc2ccccc2)c1;CN1CCN(CCOc2ccccc2NC(=O)c2ccncc2)CC1;CN1CCN(c2ncccc2CNC(=O)Cc2ccccc2O)CC1;CN1CCN(CCOc2ccc(NC(=O)c3ccncc3)cc2)CC1;CC(C)N(Cc1ccccc1)C(=O)NCCNC(=O)c1cccnc1;Cc1cnc(C(=O)NCc2ccccc2CN2CCCC2CO)cn1;CN1CCN(CC(NC(=O)c2cccnc2O)c2ccccc2)CC1;CCOc1cc(N2CCC(C(=O)NCc3ccccc3)CC2)ncn1;CCc1ccc(CC)c(NC(=O)c2ccnc(N3CCOCC3)n2)c1;CC(C)Oc1ccc(CNC(=O)c2ccnc(N3CCCC3)n2)cc1;Cc1ccc(OCCN2CCC(C(=O)Nc3ncccn3)CC2)cc1;CCOc1ccc(CN2CCN(C(=O)c3cnc(C)cn3)CC2)cc1;COc1cc(C)nc(N2CCC(C(=O)NCc3ccccc3)CC2)n1;COc1cncc(N2CCC(C(=O)NCc3ccc(C)cc3)CC2)n1;CCC(C(=O)N1CCC(NC(=O)c2cn[nH]c2)CC1)c1ccccc1;Cc1cc(OC2CCN(C(=O)NCc3ccccc3)CC2)nc(C)n1;Cc1cc(CNC(=O)COc2ccccc2)nc(N2CCCCC2)n1;CCOc1cc(N2CCC(NC(=O)c3ccccc3C)CC2)ncn1;CCc1cc(CNC(=O)C2CCN(C(=O)c3ccccc3)CC2)[nH]n1;Cc1c(CCC(=O)N2CCN(C(=O)c3ccccc3)CC2)cnn1C;CCOc1ccc(C(=O)NCc2ccnc(N3CCCCC3)n2)cc1;Cc1cc(C)n(-c2ccccc2CNC(=O)CN2CCCCC2=O)n1;CCc1cc(C(=O)Nc2cccc(CN3CCCCC3=O)c2)n(C)n1;CCCc1cc(C(=O)Nc2ccccc2C(=O)N2CCCCC2)[nH]n1
m_6f127a,COc1ccc(CC2CCN(C(=O)c3scnc3C)CC2)cc1;COc1ccccc1CC1CCN(C(=O)c2cnc(C)s2)CC1;COc1ccccc1CC1CCN(C(=O)c2scnc2C)CC1;COc1ccc(-c2cncc(C(=O)N3CC(F)CC3CO)c2)cc1;COc1ccccc1CC(=O)N1CCC(c2nc(C)cs2)CC1;COc1cc(=O)n2c(c1C(=O)NCc1ccc(F)cc1)CCCC2;COc1ccccc1N1CCC(NC(=O)c2ccc(C)s2)CC1;COc1ccccc1CC1CCCN(C(=O)c2scnc2C)C1;COc1ccc(C(=O)N2CCC(Oc3ccc(C)cn3)C2)cc1F;COc1ccc(-c2cc(C(=O)N3CCCC3CN)sc2C)cc1;COc1ccccc1N1CCC(CNC(=O)c2ccc(C)s2)C1;COc1ccccc1N1CCC(CNC(=O)c2sccc2C)C1;COc1ccccc1CC(=O)N1CCCC(c2nc(C)cs2)C1;O=C(COc1ccc(-c2ccccc2)nc1)N1CCc2ccccc21;Cc1ccc(C)c(OC2CCN(C(=O)c3csc(C)n3)CC2)c1;Cc1cccc(OC2CCN(C(=O)c3c(O)cccc3F)CC2)n1;COc1ccccc1CCC(=O)N1CCC(c2nccs2)CC1;Cc1cscc1C(=O)Nc1ccccc1CN1CCC(O)CC1;O=C(O)c1cccnc1CN1CCC(Oc2ccc(F)cc2)CC1;COc1cccc(N2CCC(CNC(=O)c3ccc(C)s3)C2)c1;CCOc1ccc(NC(=O)N2CCC(c3cccs3)CC2)cc1;CCn1c(=O)n(CC(O)COc2ccccc2F)c2ccccc21;CCOc1ccccc1C(=O)NCCN1CCc2sccc2C1;COc1ccc(CC(=O)N2CC(O)CC2c2cccc(F)c2)nc1;Cc1cnccc1OC1CCN(C(=O)c2cccc(F)c2O)CC1
m_6f3a5c,COc1ccccc1NC(=O)CN1CCN(c2ccccc2)CC1;Cc1cccc(N2CCN(C(=O)Cn3ccccc3=O)CC2)c1C;CCOc1ccc(CC(=O)N2CCN(c3ccncc3)CC2)cc1;CCOc1cccnc1C(=O)N1CCC(Nc2ccccc2)CC1;O=C(NCCN1CCOCC1)N(c1ccccc1)c1ccccc1;Cc1ncccc1NC(=O)C(c1ccccc1)N1CCC(O)CC1;CCc1cc(N2CCC(C(=O)OC)CC2)nnc1-c1ccccc1;CCOc1ncccc1C(=O)N1CCN(Cc2ccccc2)CC1;CC(C)Oc1cccnc1C(=O)N1CCN(c2ccccc2)CC1;Cc1ncccc1C(=O)NCC1OCCN(C)C1c1ccccc1;COc1ncccc1CNC(C(=O)N1CCCC1)c1ccccc1;CCCOc1ncccc1CNC(=O)CN1Cc2ccccc2C1;CN(C(=O)COc1ccccc1)C1CCN(c2ccccn2)CC1;COc1ccccc1CCC(=O)Nc1ccc(N2CCCC2)cn1;CC(NC(=O)N1CCCC1CO)c1ccc(-c2ccncc2)cc1;Cc1cc(C)nc(OC2CCCN(C(=O)c3ccccc3C)C2)n1;CCc1ccc(O)c(C(=O)N2CCN(Cc3ccccn3)CC2)c1;COc1ccc(NC(=O)N2CCC(Cc3ccccc3)C2)c(C)n1;COc1ccc(C)cc1NC(=O)C1CCCN1Cc1ccccn1;O=C(CNCc1cccc(O)c1)N1CCN(c2ccccc2)CC1;Cc1ncc(C(=O)N2CCC(c3ccccc3CO)CC2)c(C)n1;CC(C)C1CCCN1C(=O)Cn1nc(-c2ccccc2)ccc1=O;Cc1cncc(NC(=O)C(c2ccccc2)N2CCC(O)CC2)c1;CCc1ccc(C2CCN(C(=O)c3cc(OC)ncn3)CC2)cc1;Cc1cc(O)nc(C(=O)N2CCC(N(C)c3ccccc3)CC2)c1
m_6f414f,COc1ccc2c(c1)CCN2C(=O)c1cc(C#N)c(SC)[nH]c1=O;CN(C(=O)COc1ccc(C(N)=O)cc1)c1nc2ccccc2s1;CC(C)n1c(SCCCS(N)(=O)=O)nc2ccccc2c1=O;O=C(c1cnc2sc(Cc3ccccc3)cn2c1=O)N1CC(O)C1;CC1Oc2ccccc2N(CCc2nc(-c3ccsc3)no2)C1=O;O=C1NC(=O)C2=C1C1=C(NC3=CC=CC=C31)C1=C2C2=CC=CC(O)=C2N1;CN(C(=O)c1ccc(COc2ccccc2Cl)o1)c1ccccc1;Cc1ccn2c(=O)nc(SCC(=O)OCc3ccccc3)nc2c1;COc1cc(OC)c(NC(=O)c2cccc3ccccc23)cc1Cl;CCOC(=O)c1cnc2cc(Cl)ccc2c1OCc1ccccc1;CC(C)c1ccccc1OCCNc1ncc(S(N)(=O)=O)s1;COC(=O)c1ccc(CSc2nc(=O)n3cccc(C)c3n2)cc1;C=C(CCl)C1CC2=C(C=C(O)C3=C2N(C)C2=CC=CC=C2C3=O)O1;O=C1N=C(O)C2=C1C1=C(NC3=CC(O)=CC=C31)C1=C2C2=CC=CC=C2N1;Cn1nc(-c2ccccc2NS(=O)(=O)c2ccccc2)ccc1=O;CC1=C(C)C2=CC=C3OCN(C4=CC=CC=C4Cl)CC3=C2OC1=O;COC(=O)c1sc(-c2ccccc2)cc1NC(=O)c1ccn(C)n1;O=C(NCCOc1ccccc1)c1ccc(-c2ccc(Cl)cc2)o1;CC1=C(C)C2=CC=C3OCN(C4=CC=CC(Cl)=C4)CC3=C2OC1=O;COC(=O)NCC(=O)Nc1nc(-c2ccc3ccccc3c2)cs1;CC(=O)OC1=CC=C2N=C3C(=O)C4=CC=CN=C4C4=C3C(=CC=N4)C2=C1;O=C1N=C(O)C2=C1C1=C(NC3=CC=CC=C31)OC1=C2C2=CC=CC=C2N1;O=C(C1=CC=CS1)N1CCN2C(=O)N(C3=CC=CC=C3)C(=O)[C@H]2C1;Cc1sc2nc(SCCCC(=O)NCCO)[nH]c(=O)c2c1C;O=C1NC2=CC=CC=C2C(=O)N2CCN(C(=O)C3=CC=CS3)C[C@H]12
m_6f45e5,Cn1nccc1C1CN(C(=O)CCN2CCN(c3ccccc3)CC2)CC1N;CCCN1CCC(CNC(=O)N2CCn3c(nnc3-c3ccccc3)C2)CC1;Cc1ccc(Nc2cccc(C(=O)NCC(C)CN3CCN(C)CC3)c2)nn1;CN(C)CC1(CNC(=O)N2CCn3c(nnc3-c3ccccc3)C2)CCCC1;Cc1cc(-n2cncn2)ccc1C(=O)NC1CCN(C2CCN(C)CC2)CC1;CC(C)(C)C(=O)N1CC[C@@H](CC(=O)O)[C@@H](CCN2CCC(C(=O)O)CC2)C1;Cc1ccc(CN(C)C(=O)c2nc(C)c(C)c(N3CCC(N(C)C)C3)n2)nc1;CN1CCN(C(=O)NCCc2nnc3n2CCCCC3)C(c2ccccc2)C1;CC(C)N1CCCC(CNC(=O)N2CCn3c(nnc3-c3ccccc3)C2)C1;CC1CCCc2cc(C(=O)Nc3ccc(N4CCC(N(C)C)CC4)cn3)nn21;CCN(Cc1cccnc1)C(=O)c1nc(C)c(C)c(N2CCC(N(C)C)C2)n1;O=C(NC1CCN(CCc2ccccc2)CC1)N1CCCC(n2cncn2)C1;CC(C)N1N=NC(C2=CC=C(C(=O)NC[C@@H]3CCCN4CCCC[C@H]34)C=C2)=N1;CC(C)N1CCN(CC#CCOC2CCN(c3nccnc3C#N)CC2)CC1;Cc1cc(C)n(-c2ccc(CNC(=O)NC3CCN(CC4CC4)CC3)cn2)n1;O=C(Nc1ncn(C2CCCCC2)n1)NC(CN1CCCC1)c1ccccc1;CN(C)CC1=CN(C[C@H]2C[C@@H]3CCN2C[C@@H]3C(=O)NCC2=CC=CC=C2)N=N1;C[C@H]1CC[C@H](NC[C@H]2O[C@@H]3C[C@@H](CC(=O)N4CCOCC4)O[C@@H]3[C@@H]2O)CC1;O=C(NCC1CCCN1Cc1ccccc1)Nc1ncn(C2CCCCC2)n1;CC(C)(C)C1=CN(C[C@H]2C[C@H]3CC[N@]2C[C@@H]3C(=O)NCC2=CC=CN=C2)N=N1;CCCCC1=CN(C[C@H]2C[C@H]3CC[N@]2C[C@@H]3C(=O)NCC2=CC=CN=C2)N=N1;COCCNC(=O)C[C@@H]1C[C@@H](C(C)C)[C@H](CNC(=O)CCC(=O)O)C=C1C;CC1(C)Cc2c(cnn2-c2ccncc2)CN(C(=O)NC2CCCCNC2)C1;COC1=CC(C)=C(CCC(=O)C2=CC(C(C)C)=C(OC)C=C2C)C=C1C(C)C;O=C(O)C1=C(O)C=CC=C1CCCCCCCCCCCCC1=CC=CC=C1
m_70464b,COC(=O)C1=CC=CC=C1NC(=O)C1=CC=CC=C1O;COC(=O)C1=CC=C(NC(=O)C2=CC=C(O)C=C2)C=C1;COC1=CC=CC=C1C(=O)NC1=CC=CC=C1C(=O)O;COC1=CC=CC=C1NC(=O)C1=CC=CC=C1C(=O)O;COC1=CC=CC(C(=O)O)=C1NC(=O)C1=CC=CC=C1;COC1=CC=C2C(=C1)NC1=CC(OC)=C(C(=O)O)C=C12;COC1=CC=C(C(=O)O)C(NC(=O)C2=CC=CC=C2)=C1;CC(=O)OC1=CC=C(C(=O)NC2=CC=CC=C2O)C=C1;COC1=CC=CC(C(=O)NC2=CC=C(C(=O)O)C=C2)=C1;COC1=CC=CC=C1C(=O)NC1=CC=CC(C(=O)O)=C1;COC1=CC=CC=C1NC(=O)C1=CC=C2OCOC2=C1;COC1=CC(O)=C2C(=O)C3=C(O)C=CC=C3N(C)C2=C1;COC1=CC2=C(C(O)=C1O)C(=O)C1=CC=CC=C1N2C;COC(=O)C1=CC=CC=C1OC(=O)C1=CC=CC(N)=C1;COC(=O)C1=CC(O)=C2NC3=CC=C(OC)C=C3C2=C1;CC(=O)NC1=CC=C(OC(=O)C2=CC=CC=C2O)C=C1;COC(=O)C1=C(N2C=CC=C2)C2=CC(OC)=CC=C2O1;COC1=CC=CC(NC(=O)C2=CC=C3OCOC3=C2)=C1;COC(=O)C1=CC=C(OC(=O)C2=CC=CC(N)=C2)C=C1;COC1=C(OC)C(O)=C2C(=C1C=O)NC1=CC=CC=C12;COC1=CC(O)=C2C(=O)C3=CC=C(O)C=C3N(C)C2=C1;COC1=CC=CC2=C1N(C)C1=CC(O)=CC(O)=C1C2=O;COC1=CC(O)=CC2=C1C(=O)C1=C(O)C=CC=C1N2C;COC1=C(O)C=C2C(=C1O)C(=O)C1=CC=CC=C1N2C;O=C(NCOC(=O)C1=CC=C(O)C=C1)C1=CC=CC=C1
m_70fe91,Cc1c(C(=O)N2CCNCC2)cnn1-c1cccc(Br)c1;O=C(c1cn(-c2ccccc2Br)nn1)N1CCCCCC1;Cc1nc(C(=O)N2CCN(c3cccc(Br)c3)CC2)c[nH]1;Cn1c(C(F)(F)F)nn(CCNC(=O)c2ccccc2Cl)c1=O;O=C(c1cn[nH]c1)N1CCN(Cc2ccc(Br)cc2)CC1;O=C(Cn1ccnn1)N1CCC(c2ccccc2Br)CC1;O=C(Cn1cc(Br)cn1)N1CCNCC1c1ccccc1;Cc1ccc(NC(=O)Cn2nc(C(F)(F)F)n(C)c2=O)cc1Cl;CC1CN(C(=O)c2[nH]nc(-c3ccccc3)c2Br)CCN1;Cc1nc(C2CCN(C(=O)c3ccc(Br)cc3)CC2)n[nH]1;NC1CCCN(C(=O)c2[nH]nc(-c3ccccc3)c2Br)C1;Cn1ccnc(NC2CCN(c3ccc(Br)cc3)C2)c1=O;Cn1ccnc(NC2CCN(c3ccccc3Br)C2)c1=O;CC1CNCCN1C(=O)c1[nH]nc(-c2ccccc2)c1Br;O=C(Cn1ccnn1)N1CCC(c2cccc(Br)c2)CC1;NCC1CCN(C(=O)c2[nH]nc(-c3ccccc3)c2Br)C1;Cc1nc(C(=O)Nc2cc(F)cc(F)c2)nn1-c1cccc(Cl)c1;CCn1nncc1C(=O)N1CCCc2ccc(Br)c(C)c21;Cc1cc(NC(=O)C2CCNC2)n(-c2cccc(Br)c2)n1;O=C(O)c1ccc(C(=O)NC2CCN(c3ccccc3F)C2=O)s1;Cn1cnc(C(=O)NC2CCN(c3ccccc3Br)C2)c1;Cc1c(Br)c(C(=O)N(Cc2ccncc2)C2CC2)nn1C;CN(CC(=O)Nc1ccccc1Cl)C(=O)c1cnc(C(=O)O)cn1;Cc1nc(C(=O)NC2CCN(c3ccccc3Br)C2)c[nH]1;Cc1c(C(=O)Nc2ccc(F)cc2Cl)nnn1-c1ccc(F)cc1
m_70ff2a,CC(C)CC(Nc1ccnc(-c2ccccc2)n1)C(=O)NCCO;CCNC(=O)C1(NC(=O)CNc2ccc(C#N)cc2)CCCCC1;CC(C)(C)c1ccc(NC(=O)NC(CO)Cc2ccccc2)nn1;Cc1nc(C(C)(C)C)[nH]c(=O)c1C(=O)NCCNc1ccccc1;CCn1cc(NC(=O)C(c2ccccc2)N2CCC(O)CC2)cn1;CC(C)C(=O)N1CCN(CCC(=O)Nc2ccccc2C#N)CC1;CC(=O)NC(CC(=O)Nc1ccnn1CC(C)C)c1ccccc1;CC(C)(C)C(=O)NCC(=O)Nc1cc(CCc2ccccc2)n[nH]1;Cc1cccc(C)c1NC(=O)CNC(=O)Cn1ccnc1C(C)C;CCC(=O)N[C@@H]1C[C@@H](C2=NC(C)=NN2C2=CC=CC=C2)CC[C@H]1O;CCN1CCC(N(C)C(=O)CNC(=O)c2ccc(C#N)cc2)CC1;CCn1nc(C)c(NC(=O)C(=O)Nc2c(C)cc(C)cc2C)c1C;Cc1ccccc1C(CC(C)C)NC(=O)C(=O)Nc1cnn(C)c1;CC(NC(=O)CNC(=O)c1ccc(C(C)(C)C)cc1)c1ncc[nH]1;CN1CCN(CCOc2ccc(NC(=O)c3ccc[nH]3)cc2)CC1;CN(C)c1cc(CNC(=O)NCC(O)C2CC2)c2ccccc2n1;CC(C)C(=O)NC1CCCN(C(=O)CNc2ccc(C#N)cc2)C1;Cc1cc(C(=O)NCc2ccc(NC(N)=O)cc2)c(C)n1C(C)C;CC(C)(C)C(=O)NCCC(=O)NCc1ccccc1-n1cccn1;CCOC(=O)N1CCC(NC(c2ccccc2)c2ncc[nH]2)CC1;O=C(NCC(NC(=O)c1ccc[nH]1)C1CCCCC1)c1ccc[nH]1;CCC(C)NC(=O)c1ccc(CNC(=O)CCn2cccn2)cc1;CC(=O)NC(CC(=O)Nc1ccnn1C(C)C)c1ccc(C)cc1;Cc1ccc(C(=O)NC(C(=O)Nc2cc(C)nn2C)C(C)C)cc1;CC(C)(O)CN1CCC(NC(=O)c2cc3ccccc3nc2N)C1
m_7108be,COCC1CC(OC)CN1C(=O)C1CCC(O)CC1;COC1CC(CO)N(C(=O)COC2CCCCC2)C1;CCCCCCC(O)CC(=O)N1CCCC1C(=O)O;COC1CC(CO)N(C(=O)CC2(O)CCCCC2)C1;CCOC(=O)C1CCN(C(=O)COC(C)CC)CC1;COCC1COCCN1C(=O)C1OCCC1C(C)C;CCCCCCC[C@H](O)CC(=O)N[C@H]1CCOC1=O;CC[C@@](C)(O)[C@@H](O)C(=O)OC[C@@H]1CCN2CCC[C@@H]12;CCc1cc(N2CCC(c3ncc[nH]3)CC2)nc(C)n1;CC1CCC(OCC(=O)NC(C)C(C)C(=O)O)CC1;CC(C)c1nccc(N2CCC(c3ncc[nH]3)CC2)n1;Cc1cccc(C2CCCN2Cc2nnn(C)n2)c1C;CC1CCCC(OCC(=O)NC(C(=O)O)C(C)C)C1;CC1CCC(CCC(=O)NC(C(=O)O)C(C)(C)C)O1;CCOC(=O)C1CCCCC1NC(=O)OC(C)(C)C;CC(C)(C)OC(=O)NC(CC(=O)O)C1CCCCC1;CCCCCCCCCC(=O)N=C(CCO)C(=O)O;CCCCCCCC(=O)[C@@H](C)NC(=O)CCC(=O)O;CC(C)(C)OC(=O)NC(CC1CCCCC1)C(=O)O;CN1CCN(c2nc(N(C)C)c3ccccc3n2)CC1;Cc1cc(NCc2c(C3CCC3)cnn2C)nc(C)n1;CC(C)(C)OC(=O)NCC1(CC(=O)O)CCCCC1;Cc1cc(N2CCCC3CCCCC32)n2ncnc2n1;Cc1nccc(Nc2cnn(CC(C)C)c2C2CC2)n1;CCCCCC=CCCCNC(CC(=O)O)C(=O)O
m_7125ae,O=C(CC1CCOCC1)NCCN1C(=O)CCCC1=O;O=C(NCC1(NC(=O)C2CCCO2)CC1)C1CCCO1;CC(=O)N1CCCC1C(=O)NC1CCC(C(=O)O)CC1;CN(CCC(=O)O)C(=O)C1CC(=O)N(C2CCCC2)C1;NC(=O)C1CCCN(C(=O)C2CCCC(C(=O)O)C2)C1;COCc1cc(C(=O)NCC(O)C2CCCCC2)no1;COCc1ccc(CN2CCCC(O)(CC(N)=O)C2)o1;CC(C)(C)C(=O)N1CCN(C(=O)C2(C(=O)O)CC2)CC1;CCN(CC(=O)O)C(=O)C1CC(=O)N(C2CCCC2)C1;COC1=CN(CC(=O)NCCC(C)C)C(CO)=CC1=O;O=C(O)CC1CCCN1C(=O)CN1CCCCCC1=O;C=C[C@H]1CN2CC[C@H]1C[C@@H]2CNC(=O)COCC(=O)O;CC1CN(C(=O)CCN2C(=O)CCC2=O)CC(C)(C)O1;COC(=O)[C@@H]1[C@@H](NC(=O)C2CCCC2)CCN1C(C)=O;O=C(CN1CCCCC(O)C1=O)N1CC2(CCOC2)C1;CN(CC(F)(F)F)C(=O)CN1CCCC(CCO)C1;COCc1nocc1C(=O)NCC1(O)CCCC1(C)C;COc1cc(C(=O)NC(C)(CO)C2CCCCC2)on1;CC(C)C(C(=O)N1CCC(C(=O)O)C1)N1CCCC1=O;COc1cc(C(=O)NCC2CCOC2C(C)(C)C)on1;CO[C@@H]1C(=O)N(C)[C@@H]2CN(C(=O)C3CCOCC3)C[C@H]12;CC1CC(=O)NC(C(=O)N2CCOC3(CCOC3)C2)C1;CCOC1CC(CO)(NC(=O)c2cc(C)on2)C1(C)C;COc1ccc(CNCC(O)CCC(N)C(=O)O)cc1;CCCOC(=O)C[C@@H](C)C1=C(C)N(C)C(=O)N(C)C1=O
m_741f2c,COc1ccc(CNc2nc(Cl)cnc2C(=O)O)c(OC)c1;COc1ccc(Br)cc1CNCCCn1ccnc1;CCN(CC(F)F)S(=O)(=O)c1ccc(C(=O)O)cc1OC;CC(CO)N1CCN(c2ccc(Br)cc2C#N)CC1;CN(C)C(=O)C(C)(C)NCc1ccc(C#N)cc1Br;COC1=C(C=NCC(C)C)NC(C2=CC=C(Br)N2)=C1;O=C(COc1ccccc1Cl)N1CCOC(c2ncon2)C1;CC(C)c1ncc(Cl)c(C(=O)NCc2ccc(C(=O)O)o2)n1;COC1=C(C=NCC(C)C)NC(C2=C(Br)C=CN2)=C1;CC(O)CN1CCN(c2ccc(C#N)cc2Br)CC1;CC1CCN(Cc2nc3cc(Br)ccc3[nH]2)CC1O;CN1CC2CCCN(C(=O)c3ncccc3Br)C2C1;CCc1ccc(CNC(=O)C[S+]([O-])c2ccc(O)cc2)s1;O=C(O)CNC(=O)CNC(=O)CN1C=CC2=CC=C(Cl)C=C21;O=C1NC2=CC(Cl)=CC=C2C(=O)N2CCN(C(=O)CO)C[C@H]12;CN1N=C(C(=O)NC(C(=O)O)c2ccc(Cl)cc2)CCC1=O;Cc1cc(Br)ccc1NCc1nc(C(C)(C)C)no1;O=C1NCCN1c1cc(NC(=O)C2(C(=O)O)CC2)ccc1Cl;CCOC1=CC=CC2=C1OC(=O)C(C1=NC3=CC=CC=C3S1)=C2;CCC1=CC2=C(C=C1O)OC=C(C1=NC3=CC=CC=C3S1)C2=O;CCC(C)C(NCc1ccc(C#N)cc1Br)C(N)=O;Cc1nn(C)cc1C(=O)NNC(=S)Nc1ccc(Cl)cc1;Cc1ccc(Br)c(C(=O)N2CC(N)C3(CCC3)C2)n1;CC1=NOC([C@@H](C)NC(=O)NC2=CC=C(Cl)C=C2)=C1C(=O)O;COC1=CC(C2=C(Br)C=CN2)=N/C1=C/NCC(C)C
m_75100f,O=C(NCC1CC(O)CN1Cc1ccccc1)C1CCCCC1C(F)(F)F;CC(NC(=O)NC1CCN(c2ccccc2F)C1)C(=O)NCc1ccccc1;CCNC(=O)N1CCN(C(C(=O)Nc2ccc(F)cc2)c2ccccc2)CC1;O=C(NC1CCN(Cc2ccccc2F)CC1)c1cnc(OCC2CC2)cn1;CCOC1(C(=O)NC2CCN(c3cccc(C(F)(F)F)c3)CC2)CCCC1;COc1cccc(NC2CCN(C(=O)C3CCCCC3C(F)(F)F)CC2)c1;CN(C)C(CNC(=O)CCn1c(=O)n(C)c2ccccc21)c1cccc(F)c1;CC1CN(CC(=O)NC2CCC(C(F)(F)F)CC2)CC(c2ccccc2)O1;O=C(NC1CCN(CC2=CC=CC=C2)CC1)C1=CC2=C(C=N1)NC1=CC=CC=C12;O=C(NCCN1CCN(c2ccc(F)cc2)CC1)NC1COc2ccccc21;Cc1cc(CNC(=O)C2CCC(=O)N(C3CC3)C2c2ccnn2C)ccc1F;Cn1ncc2c1CC(C(=O)N1CCN(C(=O)Cc3ccccc3F)CC1)CC2;Oc1ccc(N2CCN(Cc3c(-c4ccccc4)nc4ccccn34)CC2)cc1;O=C(Nc1nccs1)C1CCCN(C2CCN(Cc3ccccc3)CC2)C1;CC(C)C[C@H](NC(=O)[C@H](CC1=CC=CC=C1)NC(=O)C1=CN=CC=N1)B(O)O;O=C(CC1CCCC1)NC1CCN(Cc2nnc(-c3ccccc3)s2)CC1;COc1ccnc(N2CCN(C3CCCN(c4ccccc4F)C3=O)CC2)c1;COc1ccc(-c2ccnc(C3CCN(C(=O)C4(F)CCNC4)CC3)n2)cc1;COC1=CC=CC(O)=C1C(=O)CCCCCCCCC1=CC=C2OCOC2=C1;Cc1cc(CN(C)C(=O)C2(N)CC3(CCC3)C2)cc(C)c1OCC(F)(F)F;O=C(C1CCN(c2cnccn2)CC1)N1CCC(Oc2ccc(F)cc2)CC1;CC1CCc2n[nH]c(C(=O)NC3CCN(C(=O)c4ccccc4F)CC3)c2C1;CC(c1ccc(-n2cnc3ccccc32)cc1)N(C)C(=O)NCc1ccccc1;O=C(Nc1ccccc1)NC1CCN(Cc2cnc(C3CCCC3)s2)CC1;CC1CN(c2ccccc2F)CCN1C(=O)c1cccnc1N1CCOCC1
m_75dece,COc1ccc2nc(N3CCCC(O)CC3)c(C)nc2c1;COc1ccc(NC(=O)CCn2nc(C)c(C)c2C)cc1;CCOc1ccc(N(CC)C(=O)c2cn(C)nc2C)cc1;COc1ccc(-c2nnc3n2CCCCCC3)c(OC)c1;CCOc1ccc(NC(=O)CCn2nc(C)cc2C)cc1;CC(C)N(C(=O)Cn1ncc2ccccc2c1=O)C(C)C;COC(=O)CN1CCCCC1c1nc2ccccc2n1C;COc1ccc(CCNC(=O)c2c(C)nn(C)c2C)cc1;CCOc1ccc(OC(C)c2nnc3n2CCCC3)cc1;CCOc1ccccc1OCc1nnc(C2CCC2)n1C;Cc1cc(C(=O)NCc2ccccc2OC(C)C)n(C)n1;COc1ccc(CNC(=O)c2cnn(C(C)C)c2C)cc1;CCCN(C(=O)c1nn(C)c2ccccc2c1=O)C(C)C;CCOC(=O)C1=C(C)N=C2C([C@@H]3CCCN3C)=CC=CN12;CCCOc1ccc(CNC(=O)c2ccnn2C)c(C)c1;COc1ccc(C(C)Nc2nc(C)cc(C)n2)cc1OC;Cn1nc(C(=O)NCC(C)(C)Cc2ccccc2)cc1O;CC1=NC2=CC=CC=C2C(=O)N1CCNC(=O)CC(C)C;COc1ccc(CN(C)C(=O)CCc2cnn(C)c2)cc1;Cn1c(=O)[nH]c2ccc(NC(=O)CCC3CCCC3)cc21;CCn1c(C2CCCN2CCC(=O)O)nc2ccccc21;CC(C)Oc1ccccc1C(=O)NCCc1nccn1C;CCn1cc(C(=O)NCCc2ccc(C)c(OC)c2)cn1;CN1CC[C@@H](CC(=O)O)[C@@H](CC2=NC3=CC=CC=C3N2)C1;Cn1c(=O)[nH]c2ccc(NC(=O)C3CCCCCC3)cc21
m_762dcf,CC1C(O)CCCN1C(=O)c1nnc(-c2ccccc2)o1;COC1=CC=C2C(=C1)C1=C(C(=O)N(CCCO)C=N1)N2C;COC1=CC(/C=C/C(=O)NCCC2=CNC=N2)=CC=C1O;O=C(NCC1CCCO1)c1nn(-c2ccccc2)cc1O;CC1=CC(O)=C(C2=CC=NC(N3CCCCC3)=N2)C(=O)O1;COc1ccccc1NC(=O)CCn1nc(C)ccc1=O;COC1=CC=CC=C1C(=O)NC[C@H]1CN2C=CN=C2CO1;COC1=CC=C(C2=NN(CCCC(=O)O)C(=N)C=C2)C=C1;COC(C(=O)N1CCc2[nH]ncc2C1)c1ccc(O)cc1;COCCCN1C=NC2=C(NC3=CC=C(OC)C=C32)C1=O;CN(C)C(=O)COC1=CC=C2N=C3CCCN3C(=O)C2=C1;CC(O)[C@H]1NC(=O)[C@@H](CC2=CNC3=CC=CC=C23)NC1=O;CCCn1cc(NC(=O)c2cc(C3CC3)on2)ccc1=O;CN1C(O)=C([C@H]2NCCC3=CC=CC=C32)C(=O)N(C)C1=O;COCCN1C=NC2=C(C1=O)N(C)C1=CC=C(OC)C=C21;COc1ncccc1NC(=O)N(Cc1ccco1)C1CC1;NC(=O)C1CC(O)CN1Cc1ncc(-c2ccccc2)o1;CC1CCN(C(=O)Cn2c(=O)[nH]c(=O)c3ccccc32)C1;CC(=O)N1CC[C@H]2NC(=O)N(CC3=CC=CC=C3)C(=O)[C@H]21;COC1=CC=C(C(=O)NC[C@H]2CN3C=CN=C3CO2)C=C1;O=C(COc1ccccc1-c1nnco1)N1CCCCC1;Cc1nc(C(=O)NC(CO)c2ccccc2)c(=O)[nH]c1C;CC1CCN(C(=O)c2ccc(C#N)c(O)c2)C(C(N)=O)C1;Cc1nc(COc2cccc(C(=O)N3CCCC3)c2)no1;CCCn1nccc1C(=O)Nc1ccc(CC(=O)O)cc1
m_76b47b,COC1=CC=C(CCNC(=O)NCCC2=CNC3=CC=CC=C23)C=C1OC;COC1=CC=CC=C1CNC(=O)[C@@H](C)NC(=O)[C@@H]1CC2=CC=CC=C2CN1;COC1=CC=C(CNC(=O)[C@@H](C)NC(=O)[C@@H]2CC3=CC=CC=C3CN2)C=C1;CCOC(=O)C1=C(C)C(C(=O)NCCC2=CNC3=CC=CC=C23)=C(C)N1C;CC(NC(=O)C1CCCC1)C(=O)Nc1cccc(OCc2ccccn2)c1;CN(C)C(=O)CC(NC(=O)N1CCc2ccc(O)cc2C1)c1ccccc1;CC(=O)Nc1ccc(O)c(C(=O)N(C)Cc2ccccc2N2CCCC2)c1;CCCn1c(C(C)NC(=O)c2ccc(OC)c(OC)c2)nc2ccccc21;CC(=O)N[C@@H](CC1=CC=CC=C1)C(=O)N(C)[C@H](CC1=CC=CC=C1)C(N)=O;COC1=CC=C([C@H]2NC3=CC=CC=C3C(=O)N2CC(=O)NCC(C)C)C=C1;O=C(CNC(=O)c1ccnc(OC2CCCCC2)c1)NCc1ccccc1;CC(C)=CCC1=C(C[C@@H]2NC(=O)[C@@H]3CCCN3C2=O)C2=CC=C(O)C=C2N1;CC(C)c1cc(C(=O)NC2CCCN(Cc3ccccc3)C2=O)cc(O)n1;CC(C)OC1CCC(NC(=O)c2c[nH]nc2-c2cc3ccccc3o2)CC1;COc1ccccc1N1CCN(C(=O)CNC(=O)Cc2ccccc2)CC1;CCOc1ccccc1NC(=O)C(C)Nc1cccc(N2CCCC2=O)c1;CC(=O)Nc1ccc(O)c(C(=O)N2CCN(Cc3cccc(C)c3)CC2)c1;CC(CNC(=O)NCCCN1C(=O)COc2ccccc21)c1ccccc1;C[C@]12CN3C[C@](C)(C[N@@](C1)[C@H]3C1=CN(CCC(=O)O)C3=CC=CC=C31)C2=O;COC1=CC=C(/C=N/NC(=O)CCCCCNC(=O)C2=CC=CC=C2)C=C1;C=CC(C)(C)c1[nH]c2cc(O)ccc2c1CC1NC(=O)C2CCCN2C1=O;CC(C)(C)n1cc(C(=O)NCC(O)COc2cccc3ccccc23)cn1;CNC1CCN(C(=O)c2cccc(COc3ccccc3C(N)=O)c2)CC1;COc1ccccc1CCC(=O)NC1CCN(C(=O)c2ccncc2)CC1;CN(C(=O)NCCc1cccc(O)c1)C1CCCN(c2ccccc2)C1=O
m_76ffc5,O=C(/C=C/C=C/C1=CC=CC=C1)C[C@]1(O)C(=O)NC2=CC=C(Br)C=C21;COc1ccccc1NC(=O)Cn1cnc2scc(-c3cccs3)c2c1=O;COC1=CC(/C=C(\C#N)C(N)=O)=CC(CSC2=NC3=CC=CC=C3S2)=C1O;O=C(Nc1ccc(C(O)(C(F)(F)F)C(F)(F)F)cc1)c1ccccc1Cl;COc1ccc2c(c1)CCN2C(=O)c1ccn(-c2cccc(Br)c2)n1;Cn1c(C(=O)Nc2ccccc2C(N)=O)ccc1-c1ccccc1Br;Cn1nc(-c2ccc(NC(=O)Cc3ccc(Br)cc3)cc2)ccc1=O;COc1ccc(CCNCc2ccc(I)cc2)cc1OC;CC1=CC(O)=C(C2=CC=C3C(=O)NC(=O)N(C4=CC=C(Cl)C=C4)C3=N2)C(=O)O1;COc1cc2oc(=O)c(CC(=O)NC3C=CS(=O)(=O)C3)c(C)c2cc1Cl;O=C(OC1=CC=C(F)C=C1C(=O)/C=C/C1=CC=CS1)C1=CC=C([N+](=O)[O-])C=C1;COc1ccc(-c2nsc(NC(=O)c3ccc(F)cc3C(F)(F)F)n2)cc1;COc1ccc(-n2ncc(C(=O)Nc3cccc(Cl)c3)c2C(F)(F)F)nn1;O=C(O)CCC1CCN(S(=O)(=O)c2ccc(OC(F)F)c(Cl)c2)CC1;Cc1c(C(=O)NCC(F)(F)c2ccc(Cl)cc2)sc2ncn(C)c(=O)c12;CCn1c(=O)c2ccccc2n2c(CNc3ccccc3Br)nnc12;COC1=CC=C2C3=C(NC2=C1)C1(NCC3)C(=O)NC2=CC=C(Br)C=C21;CC1=C(C(=O)O)N2C(=O)[C@@H](NC(=O)[C@@H](N)C3=CC=C(O)C(Cl)=C3)[C@H]2SC1;CC1(C)[C@]2(C(=O)NC3=CC=C(I)C=C3)CC[C@@]1(C)C(=O)C2;Cc1sc(CCNC(=O)c2cnc(C(F)(F)F)s2)nc1-c1ccccc1;CSCCC(NC(=O)c1ccc(Cl)cc1Cl)C(=O)Nc1cccnc1;CN1CCOC2CN(C(=O)c3csc(-c4ccc(Cl)c(Cl)c4)n3)CC21;Cn1cc(C(=O)Nc2cccc3c2C2CCC3C2=C(Cl)Cl)c(C(F)F)n1;O=C(O)C1CN(C(=O)C2(c3cccc(Br)c3)CCOCC2)CCO1;CSC1=NN=C2C3=CC=CC=C3N[C@]3(OC2=N1)C(=O)NC1=CC=C(Cl)C=C13
m_773a95,CCC(CC#N)NS(=O)(=O)c1ccc(C)c(F)c1;CCC(CC#N)NS(=O)(=O)c1c(C)cccc1F;CCN(CCC#N)S(=O)(=O)c1ccc(C)c(F)c1;CCCS(=O)(=O)N(C)Cc1ccc(F)cc1C#N;CNC(=O)C1=CC(OC)=C(OC)C(OC)=C1[N+](=O)[O-];COc1ccc(F)cc1C(=O)Nc1ccc(C#N)cc1;CC(C)C(Sc1ccccc1F)C(=O)NC(N)=O;COC(=O)C1OC(N2C=C(C)C(=O)NC2=O)CC1O;O=[N+]([O-])C1=CC=CC=C1N[C@@H]1O[C@H](CO)[C@@H](O)[C@@H]1O;O=[N+]([O-])C1=CC=CC=C1N[C@@H]1OC[C@H](O)[C@H](O)[C@H]1O;O=[N+]([O-])C1=CC=CC(N[C@@H]2O[C@H](CO)[C@@H](O)[C@H]2O)=C1;O=[N+]([O-])C1=CC=CC(N[C@@H]2OC[C@H](O)[C@H](O)[C@H]2O)=C1;O=[N+]([O-])C1=CC=C(N[C@@H]2O[C@H](CO)[C@@H](O)[C@@H]2O)C=C1;O=[N+]([O-])C1=CC=C(N[C@@H]2OC[C@H](O)[C@@H](O)[C@@H]2O)C=C1;CC(=O)N1C(=O)C=CN([C@H]2C[C@H](O)[C@@H](CO)O2)C1=O;NC(=O)C1=CN([C@H]2O[C@H](CO)[C@@H](O)[C@H]2O)C=CC1=O;CC1(C)CN(C(=O)c2cncc(F)c2)CC[S+]1[O-];N=C1C=CN([C@@H]2O[C@H](CO)[C@@H](O)[C@H]2O)C=C1C(=O)O;CN(C(=O)C1=CC=CC=C1)C1=CC=CC=C1C(N)=S;O=C1CN(C(=O)COc2ccc(F)cc2F)CCN1;O=C1CCC(C(=O)Nc2ccc(OC(F)F)cc2)N1;C[S@+]([O-])CCCCNC(=S)NC1=CC=CC=C1;Fc1ccc(COc2ccccc2-c2nnco2)cc1;CC1CN(C(=O)c2cncc(F)c2)CC[S+]([O-])C1;CCCCCC(=O)OC[C@H](O)COP(=O)(O)O
m_77b2b0,COC1=CC=C2NC=C(CCNC(=O)C3=CNC4=CC=CC=C34)C2=C1;CC(NC(=O)Cn1cnc(-c2ccccc2)cc1=O)c1ccccc1;O=C1N[C@@H](CC2=CNC3=CC=CC=C23)C(=O)N[C@H]1CC1=CC=CC=C1;COC1=CC=CC2=C1C=C(C(=O)NCCC1=CNC3=CC=CC=C13)N2;COC1=CC=C2NC=C(CCNC(=O)C3=CC4=CC=CC=C4N3)C2=C1;O=C(O)C(Cc1c[nH]c2ccccc12)NCc1c[nH]c2ccccc12;CC1=NC2=CC=CC=C2C(=O)N1CCNC(=O)/C=C/C1=CC=CC=C1;Cc1ncnc(C(=O)Nc2ccc(OCc3ccccc3)cc2)c1C;Cn1nc(C(=O)N(Cc2ccccc2)Cc2ccccc2)ccc1=O;COC1=CC=C(CNC(=O)C2=CN=C(C3=CC=CC=C3)N=C2C)C=C1;O=C(Cc1c[nH]c2ccccc12)NC1CCN(c2ccccc2)C1=O;COC1=CC=CC(CNC(=O)C2=CN=C(C3=CC=CC=C3)N=C2C)=C1;COC1=CC=C2NC=C(CCN3C(C)=NC4=CC=CC=C4C3=O)C2=C1;Cc1ccnc(NC(=O)CNC(=O)Cc2cccc3ccccc23)c1;O=C(/C=C/C1=CC=CC=C1)NCCNC(=O)C1=CNC2=CC=CC=C12;COC(CNC(=O)c1cnc(-c2ccccc2)nc1)c1ccccc1;CCCCn1c(=O)c(-c2nc3ccccc3[nH]2)c(O)c2ccccc21;O=C(NCCC1=CC=CC=C1)C1=CC=C2C(=O)N3CCCC3=NC2=C1;O=C(CC1NCCC2=C(NC3=CC=CC=C23)C1=O)NC1=CC=CC=C1;CCn1cc(C(=O)Nc2ccccc2C(=O)c2ccccc2)c(C)n1;O=C(CN1CC2=CC=CC=C2C1=O)NCCC1=CNC2=CC=CC=C12;C[C@@H](NC(=O)C1=CC=C2C(=O)N3CCCC3=NC2=C1)C1=CC=CC=C1;O=C(Cc1nc2ccc(-c3ccccc3)cc2c(=O)[nH]1)N1CCCC1;O=C(CC1NC(=O)C2=CC=CC=C21)NCCC1=CNC2=CC=CC=C12;O=C(NCC(=O)N1CCC2=C(C1)C1=CC=CC=C1N2)C1=CC=CC=C1
m_7874d0,CCOc1ccccc1Oc1ccccc1C(=O)N1CCOC(C(=O)O)C1;O=C(O)C1CN(C(=O)c2ccccc2OCCOc2ccccc2)CCO1;COc1cc(C(=O)N2CCOC(C(=O)O)C2)ccc1OCc1ccccc1;O=C(CC(=O)N1CCC(NC(=O)c2ccccc2)CC1)NCC(F)(F)F;COc1cc(C(=O)N2CCOCC2C(=O)O)ccc1OCc1ccccc1;CN1CC2C(CCCN2C(=O)NCc2ccc(OC(F)F)c(F)c2)C1=O;O=C(NC1CC1)C1CCCN(C(=O)c2ccc(OCC(F)(F)F)cn2)C1;NC(=O)CN1CCN(C(=O)C2CC2c2ccc(OC(F)(F)F)cc2)CC1;CCn1c(=O)n(CC(=O)N2CCc3c(F)ccc(F)c3C2)c2ccccc21;COc1ccccc1-c1nc(C2CCN(CC(O)C(F)(F)F)CC2)no1;O=C(CCN1CCCC1C(=O)Nc1ccccc1)Nc1cccc(Cl)c1;CCC(=O)Nc1ccc(NC2CCCN(c3ccccc3Cl)C2=O)cc1;O=C(NCC(=O)N1CCOCC1)NC1CC1c1ccccc1C(F)(F)F;O=C(NCc1ccc(Cl)s1)NC1CCN(C2CCCCC2O)CC1;O=C(NCC1(c2ccccc2Cl)CC1)c1cc(N2CCOCC2)ccn1;CC1=C(OCC(=O)N2CCC[C@@H]2C(=O)O)C=CC2=C1OC(=O)C1=C2CCC1;CN(Cc1nc(-c2ccc(C(F)(F)F)cc2)no1)C1(CO)CCOCC1;CCn1nc(C)cc1C(=O)Nc1ccc2nc(N3CCOCC3)sc2c1;O=C(CNC(=O)c1cccc(Cl)c1)NC1CCN(Cc2ccccc2)C1;CC(C)(O)C1CCCN1C(=O)c1ccc2c(c1)[nH]c(=O)n2CC(F)(F)F;O=C(CC1OCCc2ccccc21)N1CCN(c2ccc(Cl)cn2)CC1;CCC1(N2CCOCC2)CCN(C(=O)Nc2c(C)csc2Cl)CC1;O=C(O)[C@@H]1CCCN1C(=O)COC1=CC=C2C3=C(CCCC3)C(=O)OC2=C1;O=C(NC1CCN(c2ccccc2F)C1=O)N1CCc2cc(F)ccc2C1;COCC1(C)CCN(C(=O)c2ccc3c(c2)[nH]c(=O)n3CC(F)(F)F)C1
m_78c402,O=C(NCC1CCCC1O)c1nnc2ccccc2n1;Cc1cc(C)c(C(=O)NCC2CCNCC2(F)F)o1;Cc1cc(C(=O)N2CCC(c3nnc[nH]3)C2)ccc1O;CN(CC(=O)NCc1cccc(O)c1)c1cnccn1;CCn1nncc1C(=O)N1CCc2ccc(O)cc2C1;O=C(c1cccnc1O)N1CCCC(c2ccn[nH]2)C1;O=C(Cn1cccn1)NCCNC(=O)c1ccccc1;Cc1ccc(C(=O)NCCNc2ccncc2)c(=O)[nH]1;CC(C)(O)CNC(=O)NCCc1cc(F)ccc1F;CC1CN(C(=O)COc2cccnc2)Cc2c[nH]nc21;CC1(CO)CCCC1Nc1ccc(OC(F)F)cn1;COc1ccccc1CCNC(=O)c1nccnc1N;O=C(CCn1ccnn1)N1CCc2ccc(O)cc2C1;Cn1cc(C(=O)NC2CCC2O)c(-c2cccnc2)n1;Cc1ccccc1C(=O)NCCNC(=O)c1ccn[nH]1;Cc1n[nH]c(CNC(=O)C2OCCc3ccccc32)n1;COc1cccc(C(=O)NC2CCc3ncnn3C2)c1;CC(=O)N1CCN(C(=O)c2ccc(C#N)c(C)n2)CC1;COc1cccc(C(=O)NCCNc2cnccn2)c1;CC1CCN(C(=O)c2ncn(C)n2)c2c(O)cccc21;Cc1ccc(C(=O)Nc2ccn(CCC(N)=O)n2)cc1;CNC(=O)c1ccc(N(C)Cc2ccc(O)cc2)nn1;Cc1cn2ccc(C(=O)NC3(C)CCNC3=O)cc2n1;O=C(O)C1CCCN1Cc1cnn(-c2ccccc2)n1;O=C(NCCc1n[nH]c(=O)[nH]1)C1CC1c1ccccc1
m_78cd05,CCOC(=O)C1=CN=C2C=C(OC)C=CC2=C1N;COC1=CC(CO)=NC(C2=CC=CC=N2)=C1OC;CCOC(=O)c1nn(-c2ccc(C)cc2)cc1O;COc1cc(NC(C)C(=O)O)c2ncccc2c1;COc1ccc(C(=O)O)cc1-n1nc(C)cc1C;COC(=O)c1nn(-c2ccc(C)c(C)c2)cc1O;COc1ccccc1CNC(=O)c1coc(C)n1;COC1=CC=C2C(=C1)C(=O)C=C(C)N2CC(N)=O;COC1=CC=CC2=C1N(CC(N)=O)C(C)=CC2=O;CC(C)N1N=C(CC(=O)O)C2=CC=CC=C2C1=O;CC(=O)Nc1ccc(OCc2ncc(C)o2)cc1;CC(C)c1ccc(-n2cc(O)c(C(=O)O)n2)cc1;CC(C)Cn1nc(C(=O)O)c2ccccc2c1=O;C=CCN1C=NC2=CC(OC)=C(OC)C=C2C1=O;COC1=CC=C(/C=C2/NC(=O)[C@H](C)NC2=O)C=C1;COC1=CC=C2NC3=C(CCNC3C(=O)O)C2=C1;COCc1ccc(C(=O)NCc2ccncc2)o1;CC1=CC(=O)C2=C(C(=O)O)N3CCCCN3C2=C1;N#Cc1ccc(OCC(=O)N2CCOCC2)cc1;COC(=O)CNC(=O)C1=CC2=CC=CC=C2N1C;N#CCCOC1=CC=C([C@@H](O)[C@H](O)CC#N)C=C1;CNC(=O)C1=C([C@H](C)O)ON=C1C1=CC=CC=C1;CN1C(C(=O)NCCC(=O)O)=CC2=CC=CC=C21;C[C@H]1N[C@H](C(=O)O)CC2=C1NC1=CC(O)=CC=C21;C[C@H]1N[C@@H](C(=O)O)CC2=C1NC1=CC=C(O)C=C21
m_79cf07,COc1cnc(C(=O)N2CCCC(O)(C3CC3)C2)nc1;CN1CCC2OCCN(C(=O)c3ncccc3O)C2C1;CC(=O)N(C)CC(=O)N1CCC(Oc2ccncc2)C1;CN1CCC2OCCN(C(=O)c3cncc(O)c3)C2C1;CNC(=O)C1CCCN(C(=O)COc2cccnc2)C1;CNC(=O)C1CCCCN1C(=O)COc1cccnc1;Cc1ncccc1NC(=O)CN1CCCCC(O)C1=O;COc1ncccc1NC(=O)CN1CCCCCC1=O;Cc1ccc(NC(=O)CN2CCCCC(O)C2=O)cn1;CCOc1ccc(C(=O)N2CCCC(C(N)=O)C2)cn1;COc1ccc(CNC(=O)CN2CCNC(=O)C2)cc1;COc1ccc(CC(=O)NCCN2CCCC2=O)nc1;COc1cc(CC(=O)N2CCNC(=O)CC2C)ccn1;O=C(O)C1CCC(C2CCN(c3ncccn3)CC2)O1;COc1c(C)nc(C2CC2)nc1N1CCC(C(=O)O)C1;CCOc1ncccc1C(=O)N1CCNC(=O)CC1C;CCOc1ncnc2c1CN(C(C(=O)O)C1CC1)CC2;COC(=O)C1CCN(C(=O)NCc2ccncc2)CC1;COC1=CC=CC(CN2C[C@@H]3[C@H](O)C(=O)N(C)[C@@H]3C2)=N1;CC(NC(=O)c1cccnc1N1CCCCC1)C(=O)O;O=C(CN1CCCCCCC1=O)Nc1ncccc1O;CC(C)c1cc(C(=O)N2CCN3C(=O)CCC3C2)no1;CN1CCCCC(C(=O)Nc2ncccc2CO)C1=O;CN(C)c1ccc(C(=O)N2CCCC(C(=O)O)C2)cn1;CCc1occc1C(=O)N1CCC2C(C1)NC(=O)N2C
m_7b993b,CC(C)(C)CCN[C@@H]1C2CO[C@H](O2)[C@H](N2C=NC3=CC=CC=C32)[C@H]1O;COC1=CC=C(CN2CCN3C(=O)N(C4CCOCC4)C[C@H]3C2)C=C1;COC1=CC=CC(CN2CCN3C(=O)N(C4CCOCC4)C[C@H]3C2)=C1;O=C(Nc1c(N2CCCC2)cccc1N1CCCC1)C1COCCO1;COC1=CC=CC=C1CN1CCN2C(=O)N(C3CCOCC3)C[C@H]2C1;OC(CN1CCOCC1)CN1CCC(c2nc3ccccc3o2)CC1;O=C(NC1CCCCC1)N1CCN(Cc2ccc3c(c2)OCO3)CC1;COC1=CC=C(CN2C[C@H]3CN(C4CCOCC4)CCN3C2=O)C=C1;O=C(c1ccc(OCC2CC2)nc1)N1CCN(C2CCCC2O)CC1;CC(NC(=O)CN1CCN(Cc2ccc3c(c2)OCO3)CC1)C1CC1;O=C(CN1CCC(O)CC1)Nc1ccccc1C(=O)NC1CCCC1;CN1CCC2CN(CC(=O)Nc3ccc4c(c3)OCCCO4)CC2C1;O=C(NCCc1ccc2c(c1)OCCO2)NC1CCN2CCCCC12;O=C(NC1CCOc2ccccc21)N1CCN(CC2CCCO2)CC1;Cc1ccccc1CC(=O)NC1CC(=O)N(CCN2CCOCC2)C1;O=C(NCc1ccccc1N1CCOCC1)NC1CCOC1C1CC1;Cc1ccc(OCC(O)CN2CCN(Cc3cc(C)no3)CC2)cc1;CCc1cccc(C(=O)N2CCC(CC3OCCC3C(N)=O)CC2)n1;Cc1cnc(OCC23CCCC2CN(C(=O)C2CCCCO2)C3)nc1;Cc1ccc(OCC(O)CN2CCN(Cc3cc(C)on3)CC2)cc1;CC1(C)NC(=O)N(CCN2CC(c3ccccc3)OCC2(C)C)C1=O;CCc1ccc(C(=O)N2CCC(C3CCC(C(N)=O)O3)CC2)c(C)n1;CC1CN(C2CCOCC2)CCN1Cc1ccc2c(c1)NC(=O)CO2;CC1CN(C(=O)NCc2ccccc2CN2CCCC2=O)CC(C)O1;CC1CN2CCCC2CN1C(=O)NCc1ccc2c(c1)OCCCO2
m_7d4c58,CN1C=C(CN2CC3(CC(=O)N(CC4CC4)O3)C2)C=N1;CN1C=NC=C1CN1CC2(CC(=O)N(CC3CC3)O2)C1;CN1C=CC(CN2CC3(CC(=O)N(CC4CC4)O3)C2)=N1;CN1N=CC=C1CN1CC2(CC(=O)N(CC3CC3)O2)C1;O=C1CO[C@H]2CN(CC3=NC=CN3)C[C@H]2N1CC1CC1;CN1C=CN=C1CN1CC2(CC(=O)N(CC3CC3)O2)C1;Cc1cc(N2CCCC(O)(C(N)=O)C2)nc(C2CC2)n1;Cn1cc(CN2CCCC(O)(CC(N)=O)C2)cc1C#N;CC1(C)C(=O)NCCN1C(=O)c1[nH]nc2c1CCCC2;Cc1cc(C)c(C(=O)N2CCC3C(C2)NC(=O)N3C)[nH]1;CN1CCCNC(=O)C2=NC(=CC=C2)C(=O)NCCC1;CC1(O)CN(C(=O)Nc2cccnc2N2CCCC2)C1;CC1CN(C(=O)C2CCCc3[nH]ncc32)CC(=O)N1C;Cc1nc(O)c2c(n1)CN(CCCN1CCCC1=O)C2;CNc1cnc(C(=O)N2CCOC3(CCCC3)C2)cn1;CC1C(=O)NCCN1C(=O)Cc1cnn2c1CCCC2;Cc1n[nH]c(C)c1CC(=O)N1CCCC2C(=O)NCC21;Cc1cc(NC(=O)N2CCC3CCC(O)C32)nnc1C;O=C(Nc1cnn(CC2CC2)c1)N1CC(O)C2(CC2)C1;Cc1noc(CC2(O)CCCN(Cc3cc[nH]c3)C2)n1;CCn1cc(C(=O)N2CC(=O)NC3CCCCC32)cn1;Cc1nccc(N2CCN(C(=O)C3CCCO3)CC2)n1;COC(=O)c1cnc(N2CCC3CCN(C)CC32)nc1;O=C(NCc1ncccn1)N1CCC2(CCOCC2)C1;C#CCNC(=O)N1CCOCC1c1c(C)nn(C)c1C
m_7e912f,O=C1CC(NC(=O)C2(c3ccccc3)CCC2)CN1CCN1CCOCC1;O=C1CC(C(=O)N2CCCC2c2ccccc2)CN1CCN1CCOCC1;CN(C)C(CNC(=O)CCN1C(=O)C2CCCCC2C1=O)c1ccccc1;O=C(NCC(=O)N1CCN(Cc2ccccc2)CC1)C1CC12CCOCC2;O=C1COC2(CCN(C(=O)NCC3(Cc4ccccc4)CCCC3)CC2)N1;C[C@H]1C[C@@H]2[C@@H](CC(=O)N2CC2=CC=CC=C2)[C@@H]1CNC(=O)N1CCOCC1;O=C1CCC(C(=O)NC2CCOC3(CCN(Cc4ccccc4)CC3)C2)N1;O=C(CCc1ccccc1)N1CCC(NC(=O)N2CCC3(COC3)C2)CC1;C#CCNC(=O)[C@H]1O[C@H](CCN2CCN(C3=CC=CC=C3)CC2)CC[C@@H]1O;O=C(c1ccccc1)N1CCN(C2CCCN(C3CCOCC3)C2=O)CC1;CCCCCC(=O)N1CC[C@@H](CC(=O)O)[C@@H](CC2=NC3=CC=CC=C3N2)C1;CC(C)COc1cn(-c2ccccc2)nc1C(=O)N1CCCCC1CCO;COc1ccccc1N1CC(C(=O)NC2CCN(CC3CC3)CC2)CC1=O;CC(C)C(=O)N1C[C@H]2C[C@@H](O)CN2C2(CN(C(=O)CC3=CC=CC=C3)C2)C1;C=C(C)C1OCCC1CNC(=O)N(C)C1CCCN(c2ccccc2)C1=O;CN1C(C[C@H]2CN(C3CCOCC3)CC[C@H]2CC(=O)O)=NC2=CC=CC=C21;CCC(CC)C(=O)N1CC[C@@H](CC(=O)O)[C@@H](CC2=NC3=CC=CC=C3N2)C1;O=C(NCCc1c[nH]c2ccccc12)N1CCC(OCC2CCCO2)CC1;COc1cccc2cc(C(=O)N3CCN(CC4CCCCN4C)CC3)oc12;CC(C)NC(=O)N1CC[C@@H](CC(=O)O)[C@@H](CC2=NCCC3=CC=CC=C23)C1;CC(=O)N1CCN(C(=O)NC2Cc3ccccc3C2)CCC12CCOCC2;COc1cccc2[nH]cc(CC(=O)NC3CCN(CC4CCOC4)CC3)c12;CCc1oc2ccccc2c1CN(C)C(=O)C1CCCN1C(=O)NC(C)C;CC(C)CC(=O)N1CC[C@@H](CC(=O)O)[C@@H](CC2=NC3=CC=CC=C3N2C)C1;COCC1=CC(C[C@H]2CNCC[C@H]2CC(=O)N(C)CC2=CC=CC=C2)=NO1
m_7ee70f,CC(=O)CNCCC(=O)NC(Cc1cnc[nH]1)C(=O)O;CC(C)C(=O)NCC(=O)NC(Cc1c[nH]cn1)C(=O)O;O=C1NCC(=O)N2CCN(C(=O)N3CCOCC3)C[C@H]12;Cc1noc(COCC(=O)N2CCCNC(=O)C2C)n1;CC(NC(=O)CN(C)C(=O)C(C)n1cccn1)C(=O)O;CC(=O)NC(C)C(=O)N1CC(OCc2nc(C)no2)C1;O=C(NCc1ccccc1)N1CCOc2ccccc2C1;COc1nccc(NC(=O)NCC2(O)CCOCC2)n1;O=C(Nc1ccccc1)N1CCOCC1c1ccccc1;COc1cncnc1NC(=O)NCC1(O)CCOCC1;N#Cc1ccc(C(=O)NC2CCN(CC(F)F)CC2)[nH]1;O=C(Cn1ccccc1=O)NC(c1ccccc1)C1CC1;N=C(N)NOCCC(NCc1ccccc1O)C(=O)O;O=C(c1cccc(O)c1)N1CCC(Nc2ccccc2)C1;Cc1cncc(C(=O)N2CCc3ccccc3C2CO)c1;CN(CCNC(=O)c1ccccc1)C(=O)c1ccccc1;NC1CCN(C(=O)c2ccccc2Oc2ccccc2)C1;Cc1ccc(C(=O)N2CCOC(c3ccccc3)C2)cn1;Cc1ccc(O)c(C(=O)N2CCC(c3ccccc3)C2)n1;O=C(c1ncccc1O)N1CCCC1Cc1ccccc1;O=C(c1ccc(O)cc1)N1CCN(c2ccccc2)CC1;O=C(NCCC1=CC=CC=C1)C1=CC2=C(CCC2)NC1=O;O=C(c1cccnc1O)N1CCCC1Cc1ccccc1;O=C(c1cc[nH]c(=O)c1)N1CCCC1Cc1ccccc1;O=C(CCCc1c[nH]c2ccccc12)NCc1ccco1
m_80401f,CN1CCC(NC(=O)Cc2cccc(F)c2F)CC1=O;CC(=O)N1CCN(CC2=C(O)C(=O)C=C(CO)O2)CC1;NC(=O)C1CCN(CCSc2ccccc2F)CC1;CSCc1cc(C(=O)N2CCCC(N)C2)ccc1F;CCC1C(=O)NCCN1C(=O)CCOCC(F)(F)F;O=C(Cc1cccc(F)c1F)N1CCOC2CNCC21;CN(CC(F)(F)F)C(=O)CN1CCCCC(O)C1=O;CC1C(=O)NCCCN1C(=O)CCOCC(F)(F)F;COC(=O)CNC(=O)CCCN1C(C)=CC(O)=CC1=O;Cc1noc(C)c1CC(=O)N1CCOCC1CC(=O)O;CCC(C)c1cc(C(=O)N2CCOC(C(=O)O)C2)on1;CSCc1cc(C(=O)N2CCC(CN)C2)ccc1F;Cc1noc(C)c1C(C)C(=O)N1CCOCC1C(=O)O;CCc1ocnc1C(=O)N1CCCC1(COC)C(=O)O;Cc1ocnc1C(=O)N(CCC(=O)O)CC1CCCO1;CC1CN(C(=O)Cc2ccc(F)c(F)c2)CC1C(N)=O;N#Cc1cccnc1N1CCN(C(=O)c2cc[nH]n2)CC1;CNC(=O)C1(COC)CCCN1C(=O)CC(F)(F)F;N#Cc1ccnc(N2CCN(C(=O)c3cc[nH]n3)CC2)c1;CCc1ncoc1C(=O)N1CCC(COC)(C(=O)O)C1;O=C(Nc1ccc2nncn2c1)C1CCn2cncc2C1;CC1(C(=O)Nc2ccccc2C(F)F)CCNC(=O)C1;CSCc1cc(F)ccc1CNC(=O)C1CCNC1;COCC(C)(CC(=O)O)NC(=O)c1ccc(=O)n(C)c1;Cc1cc(C(=O)N2CCCC2c2ncn[nH]2)ncc1C#N
m_8071e1,O=C(CN1CCC(C(=O)O)CC1)NC1C2CC3CC(C2)CC1C3;O=C(C1CCN(Cc2ccc(CO)o2)CC1)N1CCCCCC1;Cc1ccc(CCCC(=O)NCC(O)CN2CCOCC2)cc1;CCOc1ccccc1OCC(=O)NCC1CCCN(CC)C1;CCC(=O)OC1CCN2CC3CC(CN4C(=O)CCCC34)C2C1;CCC1CCCCN1CC(=O)NCCOc1ccccc1OC;CC(CNC(=O)C(CCCO)c1ccccc1)N1CCOCC1;COc1cc(NC2CCN(CC3(O)CCC3)CC2)cc(OC)c1;CC(C)(C)c1ccccc1OCCNC(=O)N1CCC(O)CC1;CC1(C)CN(CC(=O)NC2CCCCC2)CCC1C(F)(F)F;COc1ccc(CCC2CCCCN2C(=O)CCN)cc1OC;Cc1cc(C)c(CNC(=O)N2CCCC(OCCO)C2)c(C)c1;NC(=O)C1CCOC1C1CCN(C(=O)C=C2CCCCC2)CC1;CCOc1ccccc1OCCCC(=O)N1CC(C)NC(C)C1;Cc1cc(C)cc(OCCNC(=O)N2CCCC(C(C)O)C2)c1;CC(C)(C)c1ccc(OCC(=O)NCCN2CCOCC2)cc1;CC(C)(C)C(=O)N1CCN(CC(O)COc2ccccc2)CC1;Cc1ccc(C(CNC(=O)C2(C)CCOCC2)N2CCCC2)o1;COCCN1CCC(CNC(=O)COc2cccc(C)c2)CC1;CC(O)C(C)(CNC(=O)C1CN(C)CCO1)Cc1ccccc1;COC1=CC=C(C(=O)N[C@@H]2CN(CC(C)C)CCC[C@H]2O)C=C1;CC1CCN(C[C@@H]2OC[C@H](NCC3=CC=CC=C3O)[C@H]2O)CC1;CCc1oc(C(=O)N2CCN(CC3CCOCC3)CC2)cc1C;CCc1ccc(C(NC(=O)N2CCOC(CO)C2)C(C)C)cc1;CC(C)Oc1ccc(C(=O)N2CC(C)N(CCO)C(C)C2)cc1
m_808712,CCOC(=O)C1CCN(c2nc3ccccc3nc2Cl)CC1;CC1=C(CCC(=O)N(C)CC(=O)O)C(=O)OC2=CC(O)=CC=C12;COc1cccc2c(C)c(C(=O)N3CCOCC3C(=O)O)oc12;CC1=C(C)C2=CC=C(OCC(=O)NCCC(=O)O)C=C2OC1=O;Cc1nn(CC(=O)N2CCc3ccc(O)cc3C2)c(C)c1Cl;CC1=C(CC(=O)N(C)CC(=O)O)C(=O)OC2=C(C)C(O)=CC=C12;COc1ccc2c(CC(=O)N3CCOC(C(=O)O)C3)coc2c1;CCC[C@@H](NC(=O)COC1=CC=C2C=CC(=O)OC2=C1)C(=O)O;CC1=C(CC(=O)NCCC(=O)O)C(=O)OC2=C(C)C(O)=CC=C12;CC1=C(CCC(=O)NCC(=O)O)C(=O)OC2=C(C)C(O)=CC=C12;Cc1cc(C)n(CC(=O)N2CCC(C(=O)O)(C(F)(F)F)C2)n1;CC1OCCN(Cc2cc(Cl)cc3cccnc23)C1C(N)=O;COC1=CC=C2C(C)=C(CC(=O)N(C)CC(=O)O)C(=O)OC2=C1;CC1=C(O)C=CC2=C1OC(=O)C=C2CC(=O)NCCCC(=O)O;O=C(NCCn1nc(C(F)(F)F)ccc1=O)C1CCOCC1;CC1=C(CC(=O)NCCCC(=O)O)C(=O)OC2=CC(O)=CC=C12;CC1CNCCN1C(=O)COc1ccc(Cl)c2cccnc12;CCC1=CC(=O)OC2=CC(OCC(=O)NCCC(=O)O)=CC=C12;CC1=C(CCC(=O)NCCC(=O)O)C(=O)OC2=CC(O)=CC=C12;CC1=CC(=O)OC2=CC(OCC(=O)NCCCC(=O)O)=CC=C12;CCC1=CC(=O)OC2=C(C)C(OCC(=O)NCC(=O)O)=CC=C12;Cn1nc2c(cc1=O)CN(C(=O)Cc1cccc(F)c1F)CC2;CC1=C(C)C2=CC=C(OCC(=O)NCC(=O)O)C(C)=C2OC1=O;CCn1ccnc(N2CCC(Oc3ccccc3Cl)C2)c1=O;CC1=CC(O)=C2C(C)=C(CC(=O)NCCC(=O)O)C(=O)OC2=C1
m_80b537,COc1ccnc(N2CCN(C(=O)C3CCc4ccc(OC)cc43)CC2)c1;COc1ccnc(N2CCN(C(=O)CC3OCCc4ccccc43)CC2)c1;Cc1ccc(OCCCC(=O)N2CCCc3ccc(C(N)=O)nc32)cc1C;C[C@]12CN3C[C@](C)(C[N@@](C1)[C@H]3C1=CN(CCC(=O)O)C3=CC=CC=C31)C2=O;CCN1CCN(C(=O)c2ccc(OC)c(-c3ccccn3)c2)C(C)(C)C1=O;CN(C)C(=O)N1CCN(C(=O)c2ccc(COc3ccccc3)cc2)CC1;CCOc1cccc(N2CCN(C(=O)C3CCOc4ccccc43)CC2)n1;COc1ccccc1N1CCN(C(=O)CNC(=O)Cc2ccccc2)CC1;CCCn1c(C(C)NC(=O)c2ccc(OC)c(OC)c2)nc2ccccc21;COc1ccc(C(=O)N2CCC(N(C)C(C)=O)CC2)cc1-c1ccccn1;COc1cccc(NC(=O)CN(C)C(=O)CN2CCc3ccccc3C2)c1;Cc1ccc(C(CNC(=O)c2c(C)[nH]c3ccccc23)N2CCOCC2)o1;COc1ccc2c(c1)CC(C(=O)NC1CCN(c3ccccn3)CC1)CO2;COC1=CC=CC(CN2C[C@@H]3[C@H](OC)C(=O)N(CC4=CC=CC=C4)[C@@H]3C2)=N1;COc1ccccc1CCC(=O)NC1CCN(C(=O)c2ccncc2)CC1;CC1(C)C2=C(C[C@H]3C(=O)N(CC4CCCO4)CC(=O)N31)C1=CC=CC=C1N2;O=C(CN1CCCCCCC1=O)Nc1cccc(OCc2ccccn2)c1;CC(=O)N1CCC(CCC(=O)Nc2cnccc2Oc2ccccc2)CC1;CC(=O)Nc1ccc(O)c(C(=O)N2CCN(Cc3cccc(C)c3)CC2)c1;CNC(=O)C1CCN(C(=O)c2cccc(COc3ccc(C)nc3)c2)CC1;COCCOC1c2ccn3c(C)c(C)nc3c2NC(c2ccccc2)C1O;COCCc1ccnc(NC(=O)C(c2ccccc2)N2CCCCC2=O)c1;CC(C)C(=O)Nc1cc(C(=O)N2CCC(O)(c3ccccc3)CC2)ccn1;CC(C)c1cc(C(=O)NC2CCCN(Cc3ccccc3)C2=O)cc(O)n1;COC1=CC=C2NC3=C(CCN4C(=O)CN(C5CCCC5)C(=O)[C@]34C)C2=C1
m_8114e3,COC1=CC=CC(NC(=O)NC2=CC=C3N=C4CCCN4C(=O)C3=C2)=C1;COC1=CC=CC=C1NC(=O)NC1=CC=C2N=C3CCCN3C(=O)C2=C1;CN1C(O)=C([C@@]2(C)NNC(=O)N2C2=CC=CC=C2)C(=O)C2=CC=CC=C21;CCOc1ccccc1NC(=O)C1CC(=O)n2c(nc3ccccc32)N1;COc1ccc(-c2cc(=O)n(CC(=O)Nc3cccc(C)n3)cn2)cc1;CCCn1c(NC(=O)c2ccc3c(c2)OCC(=O)N3)nc2ccccc21;NC(=O)C1=CC=CC=C1NC(=O)CCCN1C=NC2=CC=CC=C2C1=O;CNC(=O)C1=CC=C(NC(=O)CCC2=NC3=CC=CC=C3C(=O)N2)C=C1;CC1=CC=C(NC(=O)COC2=CC=C3N=C4CCCN4C(=O)C3=C2)N=C1;Cn1c(=O)[nH]c2ncc(-c3cccc(C(=O)NC4C5COCC54)c3)cc21;CC(=O)N(C)c1ccc(NC(=O)Cn2c(=O)cnc3ccccc32)cc1;CC(=O)NC1(C(O)C2=CNC3=NC=CC=C23)C(=O)N(C)C2=CC=CC=C21;Cc1cc(C(=O)N2CCC(O)(c3ccc(F)cc3)C2)c2ccccc2n1;CCOC(=O)c1ccccc1NC(=O)c1cnn(-c2ccccn2)c1C;COC(=O)c1cccc(C(=O)N2CCCC2c2nnc3ccccn23)c1;CCc1ccccc1NC(=O)CNC(=O)c1n[nH]c(=O)c2ccccc12;COC1=CC=C2NC=C(CCNC(=O)C3=CC(C4=CC=CO4)=NN3)C2=C1;COC(=O)C1Cc2ccccc2N1C(=O)c1cnc2c(c1)c(C)nn2C;Cn1cc(C(=O)N(Cc2cccc(F)c2)C2CC2)c2ccccc2c1=O;CCCN1N=NN=C1COC(=O)C1=CC=CC=C1C(=O)C1=CC=CC=C1;CC1Oc2ccccc2N(CC(=O)NCc2ccn3ccnc3c2)C1=O;O=C(c1cccnn1)N(CCc1c[nH]c2ccc(O)cc12)C(=O)C1CC1;O=C(CN1C(=O)[C@@H]2CCCN2C(=O)C2=CC=CC=C21)NC1=CC=CC=N1;COC(=O)c1ccc(C)c(NC(=O)c2cnn(-c3ccccn3)c2C)c1;COC(=O)c1cccc(NC(=O)c2cnn(-c3ccccn3)c2C)c1C
m_82f2e2,COC1=CC=C2NC=C(CCNC(=O)CCC3CCCCC3)C2=C1;CCCC12CN3CC(CCC)(CN(C1)C3C1=CC=C(O)C=C1)C2=O;CC[C@H]1CN2CCC3=C(NC4=CC=C(OC)C=C34)[C@@H]2C[C@@H]1CCO;CC(C)=CCCC(C)CNC(Cc1c[nH]c2ccccc12)C(=O)O;CC1(C)N[C@H](CC2=CNC3=CC=CC=C23)[C@H]2C[C@@H]1C[C@@H](O)[C@@]2(C)O;CC[C@H]1CN2CCC3=C(NC4=CC(OC)=CC=C34)[C@@H]2C[C@@H]1CCO;CC(Cc1ccc(O)cc1)NC(=O)N1CC2CC3CC(C2)CC1C3;COc1ccc2cc(CN(CCO)C3CCN(C)CC3)ccc2c1;CC(C)[C@]12CN3C[C@](C(C)C)(CN(C1)C3C1=CC=C(O)C=C1)C2=O;CCC1=C(C)NC(=O)C(N(C)CCOC)=C1CC1=CC=CC(C)=C1;CCC12CCC3=C(CCN(C[C@H](O)[C@H]1O)C2)C1=CC=CC=C1N3C;CN1CCC(Oc2ccc(CNC(=O)CC3C=CCC3)cc2)CC1;CC(C)[C@]12CN3C[C@](C(C)C)(C[N@@](C1)[C@H]3C1=CC=CC=C1O)C2=O;CN1CCC(O)(CNC(=O)C2CC23CCCc2ccccc23)CC1;CCn1cc(CC(=O)NCC(C)(O)C2CCCC2)c2ccccc21;COC1CCN(C2CCCC2NC(=O)C2Cc3ccccc3C2)C1;O=C(CC1CC2CCC(C1)N2)Nc1ccc(OC2CCCC2)cc1;CN1C2=C(O)C=CC=C2[C@]23CCN4CCC[C@](CCO)(CC[C@@H]12)[C@@H]43;CC[C@@]12CCCN3CC[C@]4(C5=CC=C(O)C(OC)=C5N[C@@H]4CC1)[C@H]32;COc1ccccc1C=CCNC1CCN(C(=O)C2CC2)CC1C;CCCCc1oc2ccccc2c1CN1CCC(NC(C)=O)CC1;CN1C=C(CCCC(=O)N[C@@H]2CCOC(C)(C)C2)C2=CC=CC=C21;C[C@@]1(O)CCN(CC2CC2)[C@@H](C2=CC=CC=C2)[C@@H]1NC(=O)C1CC1;C/C=C(/CO)[C@H](CCO)C[C@@H]1C2=C(CCN1C)C1=CC=CC=C1N2;CCc1oc2ccccc2c1CN(C)C(=O)C1(C)CCN(C)CC1
m_83ac87,COc1cn(C)c(C(=O)NCc2ccc(Cl)cc2)cc1=O;C[C@@]1(C(=O)O)C2=C(CCN1C(=O)CCl)C1=CC=CC=C1N2;O=C(c1ccon1)N1CCC(Oc2ccccc2Cl)CC1;COc1ccc(NC(=O)COc2ccc(Cl)cc2C)cn1;CC(C)OC(=O)c1ccn(Cc2ccc(Cl)cn2)c(=O)c1;COc1ncccc1CNC(=O)C(=O)Nc1nc(C)cs1;COc1ccc(NC(=O)Cc2cc(Cl)ccc2OC)cn1;Cc1cnc(C(=O)Nc2ccc(CS(N)(=O)=O)cc2)cn1;O=C(c1ccco1)N1CCC(Oc2ccncc2Cl)CC1;C[C@@H](NC1=C(O)NC(=S)N=N1)C(=O)OCC1=CC=CC=C1;CCOC(=O)Cc1csc(NC(=O)c2cnc(C)cn2)n1;O=C(O)C1CCCN1Cc1ncc(-c2ccccc2Cl)o1;O=C(O)C1CCCCN1C(=O)c1cc2cc(Cl)ccc2[nH]1;CC(C)c1ocnc1C(=O)N1CCOc2c(Cl)cccc21;O=C(O)C1CCCN(C(=O)c2cc3cc(Cl)ccc3[nH]2)C1;COc1cccc(Cl)c1CC(=O)Nc1c[nH]c(=O)c(C)c1;CC1CN(C(=O)c2cc(-c3cccc(Cl)c3)no2)CCO1;COc1cccc(NC(=O)CSc2nc(=O)cc(N)[nH]2)c1;CNS(=O)(=O)c1ccc(C(=O)NCc2ncccn2)cc1;Cc1onc(-c2cccc(Cl)c2)c1C(=O)N1CC(C)(O)C1;Cn1c(C(=O)NC2(C(=O)O)CCC2)c(Cl)c2ccccc21;O=C(O)C1CCCN1Cc1ncc(-c2cccc(Cl)c2)o1;O=C(O)C1CCCN1Cc1cc(-c2ccc(Cl)cc2)no1;O=C(O)C1CCCN1Cc1coc(-c2cccc(Cl)c2)n1;CCCn1c(O)nnc1S(=O)(=O)Cc1ccccc1C#N
m_83e861,COc1cc(C(=O)N2CCN(c3ccccc3F)CC2C)ncn1;Cc1ccc(OCC2CCN(C(=O)c3cc(C)c(F)cn3)C2)nn1;COc1ccccc1N1CCN(C(=O)Nc2ccncc2F)CC1;COc1cncc(C(=O)N2CCN(c3cccc(F)c3)CC2C)n1;Cc1ccc(=O)n(CC(=O)N2CCN(c3ccccc3F)CC2)n1;COc1ccc(C(=O)N2CCC(Nc3cccnn3)CC2)c(F)c1;COc1nccnc1N1CCC(C(=O)Nc2cccc(F)c2)CC1;CSCC1CCN(c2ccc(-c3nc(C)c(C)c(=O)[nH]3)cn2)C1;CCc1ncnc(OC2CCN(C(=O)c3cccnc3C)C2)c1F;COc1ccc2c(NC3CC(=O)N4CCCCC34)ncnc2c1F;CCCn1c(-c2ccc(Oc3cnccn3)cc2)nc2ccccc21;Cc1cc(NC(=O)C(c2ccccc2)N2CCSCC2)n(C)n1;CCn1c(SCN2CCCCC2=O)nnc1-c1ccccc1C;Cc1cnccc1OCC1CCN(c2nc(C3CC3)ns2)CC1;CCn1c(SCN2CCCCC2=O)nnc1-c1ccc(C)cc1;Cc1cc(NC(=O)CCCOc2ccccc2F)n(CCC#N)n1;Cc1cc(C(=O)NC2CCCN(c3ccccc3F)C2=O)n(C)n1;Cc1ccc(-c2nnc(SCCCN3CCCC3=O)n2C)cc1;Cc1ccccc1Cc1n[nH]c(SCCN2CCCC2)nc1=O;COc1ccc(CN2CCN(c3nnc(C4CC4)s3)CC2)cc1;CCCc1nc(C)c(C(=O)N2CCN(c3ccccn3)CC2)s1;Cc1c(C(=O)NC2CCN(Cc3ccc(F)cc3)C2=O)cnn1C;CCc1cnc(OC2CCN(C(=O)c3cncc(F)c3)CC2)nc1;CN(C(=O)c1cc(F)ccc1O)C1CCCN(c2cccnn2)C1;CN1C(=O)CCC(C(=O)NCC(F)(F)CO)C1c1nccn1C
m_83fdb3,COC(=O)CCNC(=O)[C@@H](CCSC)N1C=CC=C1;O=C(O)C(Cc1c[nH]c2ccccc12)NCc1ccco1;CC(C(=O)NCc1cccs1)N1CC(O)CC1CO;CC1=CC(O)=CC(=O)N1CCC1=CNC2=CC=C(O)C=C12;O=C(O)CC1CCCN1C(=O)c1cncc2ccccc12;CC(C)(C)c1csc(C2CN(CC(=O)O)CCO2)n1;CCc1ccsc1C(=O)N(CCOC)C(C)C(N)=O;O=C(C1=NC=CC2=C1NC1=CC=CC=C12)[C@H](O)CCCO;COC1=CC=C2NC=C(CCNC(=O)C3=CC=CO3)C2=C1;COC1=CC=C2C(CCNC(=O)C3=CC=CO3)=CNC2=C1;O=C(NCCCOC(=O)c1ccccc1)c1ccncc1;COCC1CC(O)CN1C(=O)CCc1scnc1C;Cc1ccccc1CCNS(=O)(=O)N1CCOCC1;O=C(CC[C@@H](O)CO)C1=NC=CC2=C1NC1=CC=CC=C12;COC(=O)[C@@H]1CC2=C(NC3=CC=CC=C23)C2CCC(=O)N21;COCc1ncsc1C(=O)NC1CCCCC1OC;O=C(O)C1CCN(C(=O)c2nccc3ccccc23)CC1;COCC(NC(=O)c1cc(C)sn1)C1CCOCC1;Cc1nc(C)c(C(=O)N(C)CC2(O)CCOCC2)s1;CC(C)N[C@@H]1CO[C@H](CNC(=O)C2=CC=CS2)[C@H]1O;Cc1cc(O)cc(=O)n1CC(=O)N1CC(F)CC1CO;CCCN(CC(=O)O)C(=O)c1scnc1C(C)(C)C;CCCCC(COC)NC(=O)c1cc(C(N)=O)cs1;CCOC(=O)/C=C1\SC(N2CCCCC2)C(=O)N1C;COCC(=O)N[C@H]1[C@H](C2=CC=CS2)NCC[C@@]1(C)O
m_847112,CC(=O)Nc1nc(C)c(S(=O)(=O)N2c3ccccc3CC2C(=O)O)s1;CC(=O)Nc1nc(C)c(S(=O)(=O)N2CCc3cccc(C(=O)O)c32)s1;Cc1ccc(S(=O)(=O)NCC(=O)OCC(=O)c2ccccc2Cl)cc1;O=S1(=O)N[C@@H]2CN(S(=O)(=O)C3=CC=CC=C3)C[C@@H]2OC2=NC=CC=C21;O=S(=O)(c1cccs1)N1CCCC1c1nc(CCC(F)(F)F)no1;CN1C(=O)C2=C(N=CN2CC(=O)NC2=CC=C(Cl)C(Cl)=C2)N(C)C1=O;CN1C(=O)C2=C(N=CN2CC(=O)NC2=CC=CC(Cl)=C2Cl)N(C)C1=O;CN1C(=O)C2=C(N=CN2CC(=O)NC2=CC=C(Cl)C=C2Cl)N(C)C1=O;CN1C(=O)C2=C(N=CN2CC(=O)NC2=CC(Cl)=CC=C2Cl)N(C)C1=O;O=C(Cn1ncc(=O)c2ccccc21)Nc1c(Cl)cccc1C(F)(F)F;CCCN(CCOc1c(Cl)cc(Cl)cc1Cl)C(=O)N(C=N)CO;CCn1c(SCC(O)=Nc2ccc(F)c(Cl)c2)nc2c(O)ncnc21;CN1C(=O)C2(NCCC3=C2NC2=CC=CC=C32)C2=CC(Br)=CC=C21;O=C(CSC1=CC=NC=C1)NC1C(=O)N2C(C(=O)O)=C(CO)CSC12;O=C1/C(=C/C2=CC=CS2)OC2=C1C=CC1=C2CN(CC2=CC=CS2)CO1;CN1C=CC2=C(NC(=O)CN3C=CC4=C(Br)C=CC=C43)C=CC=C21;COC(=O)C1=C(N)Oc2c(oc(CO)cc2=O)C1c1c(F)cccc1Cl;COC(=O)C1C(=N)Oc2c(oc(CO)cc2=O)C1c1c(F)cccc1Cl;CN1C=CC2=C(NC(=O)CN3C=CC4=CC(Br)=CC=C43)C=CC=C21;CN1C=CC2=C(NC(=O)CN3C=CC4=CC=C(Br)C=C43)C=CC=C21;O=C(CCN1C=CC2=C(Br)C=CC=C21)NC1=CC=C2C=CNC2=C1;O=C(CCN1C=CC2=CC=C(Br)C=C21)NC1=CC=C2C=CNC2=C1;O=C(CCN1C=CC2=CC(Br)=CC=C21)NC1=CC=C2C=CNC2=C1;O=C(CCN1C=CC2=C(Br)C=CC=C21)NC1=CC=C2NC=CC2=C1;COC1=CC=C(C2=N/C(=C\C3=COC4=CC=CC=C4C3=O)C(=O)O2)C(Cl)=C1
m_875d74,O=C(C(=O)C1=CNC2=CC=CC=C12)C1=CNC2=CC=CC=C12;O=C(C1=CC=C(O)C=C1)C1=NC=CC2=C1NC1=CC=CC=C12;O=C(O)C1=CC(C2=CNC3=CC=CC=C23)=NC2=CC=CC=C12;O=C(O)C1=CC2=C(NC3=CC=CC=C32)C(C2=CC=CC=C2)=N1;N#CC(=C\C1=CC=C(O)C=C1)/C(C#N)=C/C1=CC=C(O)C=C1;[C-]#[N+]C(=C\C1=CC=C(O)C=C1)/C(=C/C1=CC=C(O)C=C1)[N+]#[C-];Cc1cc(O)ccc1NC(=O)CCSc1ccccn1;CC(=O)Nc1ccc(C(=O)Nc2ccc(O)cc2F)cc1;Cc1cc(C)c(C(=O)P(=O)(O)c2ccccc2)c(C)c1;O=C(O)C1=CC=C2C1=C1C=CC=CC1=NN2C1=CC=CC=C1;NC(=O)c1cc(-c2csc(C3CCCC3)n2)ccc1O;Cc1nc(C=Cc2cccc(F)c2)[nH]c(=O)c1CC(=O)O;O=C(NC(Cc1ccccc1)C(=O)O)c1cncc(F)c1;CNc1ccccc1C(=O)Nc1ccc(F)c(C(=O)O)c1;C1=CC=C(C2=NOC(C3=NOC(C4=CC=CC=C4)=C3)=C2)C=C1;N#CC(=Cc1cn(-c2ccccc2)c2ccccc12)C(=O)O;O=C1N=C(/C=C/C2=CNC3=CC=CC=C23)OC2=CC=CC=C12;CC(NC(=O)c1ccnc(C(=O)O)c1)c1ccc(F)cc1;COC1=CC=C(C(=O)C[N+]2=CC=CC=C2N)C=C1[N+](=O)[O-];Cc1cnc(NC(=O)c2ccccc2OCC2CC2)s1;Cc1cc(C(=O)Nc2ccc(CC(N)=O)cc2)c(C)s1;COc1ccccc1C(=O)N(c1nc(C)cs1)C1CC1;Cc1cc(C(=O)Nc2ccc(CC(N)=O)cc2)sc1C;CNS(=O)(=O)c1ccc(NC2CCCC2O)c(F)c1;Cc1cccc2c1CCN(Cc1nccs1)C2C(=O)O
m_88505f,O=C(O)C1=C(C2=CC=C(O)C=C2)C(C2=CC=C(O)C=C2)=C(C(=O)O)N1;Cc1nc(C(C)C)nc(Nc2cnn(CCO)c2)c1Br;Cc1nc(C(=O)N2CCNCC2)nn1-c1c(Cl)cccc1Cl;CCCCn1nnc(NCc2cc(Br)ccc2OC)n1;CSc1nnc(C)c(=O)n1COC(=O)COc1ccccc1F;O=C(CN1CCN(c2ncc(Br)cn2)CC1)NC1CC1;CC(C)c1nnc(CNC(=O)c2cc(Br)cn2C)n1C;Cn1c(NC(=O)c2ccn(CC(F)F)n2)nc2cccc(Cl)c21;CCn1c(=O)c(-c2nc(-c3cccs3)no2)c(O)c2ccccc21;CCc1ncncc1C(=O)NCCNc1ncc(Cl)cc1Cl;CN1C(O)=C(C(=O)/C=C/C2=CC=CC=C2Cl)C(=O)C2=CC=CC=C21;CN1C(O)=C(C(=O)/C=C/C2=CC=C(Cl)C=C2)C(=O)C2=CC=CC=C21;O=C(NC1CCCN(c2ccc(Cl)cc2Cl)C1)c1nc[nH]n1;CCn1ncc(Br)c1C(=O)N(C)Cc1cnn(C)c1C;CCn1cc(Br)cc1C(=O)NCC(C)c1nncn1C;O=C(Cn1cnnn1)N1CCC(c2ccc(Cl)cc2Cl)CC1;COC(=O)c1cc(NC(=O)c2ccccc2OC(F)F)ccc1F;COC(=O)c1cccc(C(=O)Nc2nnc(-c3ccccc3)s2)c1;O=C(NCc1ccc(Cl)cc1Cl)NCc1nnc2n1CCC2;Cc1sc2nc(Cc3ccc(C(F)(F)F)cn3)[nH]c(=O)c2c1C;COC(=O)[C@@H](CC1=CNC2=CC(Br)=CC=C12)[N+](C)(C)C;Cc1noc(C2CN(Cc3cc(Br)c[nH]3)CCN2C)n1;Cc1ccc(Nc2nc(Cl)nc(N3CCOCC3)n2)cc1Cl;O=C(CN1CCC(n2ccnn2)C1)Nc1ccc(Cl)cc1Cl;O=C(Nc1cccc(Cl)c1Cl)N1CCCC(n2ccnn2)C1
m_88a263,Cn1cncc1CC(NC(Cc1ccccc1)C(=O)O)C(=O)O;CC(C)C[C@H](NC(=O)CN1C=NC2=CC=CC=C2C1=O)C(=O)O;CC(C)CC(NC(=O)Cn1ncc2ccccc2c1=O)C(=O)O;CCC(C)[C@H](NC(=O)CN1C=NC2=CC=CC=C2C1=O)C(=O)O;COc1ccc(NC(=O)CCn2nc(C)cc2C)c(C(=O)O)c1;Cc1nn(C)c(C)c1OCC(=O)NCc1cccc(C(=O)O)c1;CC(C)N(CC(=O)O)C(=O)CNC(=O)c1cc2ccccc2[nH]1;CC1(C)C(=O)NC(=O)N1CC(=O)NC1c2ccccc2CC1O;COC(=O)[C@@H](C)NC(=O)CN1C=CC2=C(NC(C)=O)C=CC=C21;Cc1cc(NC(=O)c2cccc(OCC(=O)O)c2)nn1C(C)C;CCn1nc(C)c(C(=O)Nc2cccc(OCC(=O)O)c2)c1C;CC1=CC=CC2=C1C=CN2CCC(=O)NCC(=O)NCC(=O)O;CC1(C)NC(=O)N(CC(=O)NC2c3ccccc3CC2O)C1=O;CC1=CC=C2C(=C1)C=C(C(=O)N[C@@H](C)C(=O)NCC(=O)O)N2C;COC(=O)[C@@H](NC(=O)CN1C=NC2=CC=CC=C2C1=O)C(C)C;Cc1cc(OCC(=O)O)ccc1NC(=O)c1ccn(C(C)C)n1;CC1=CC=C2C(=C1)C=CN2CCC(=O)NCC(=O)NCC(=O)O;COCCn1cc(NC(=O)CCc2ccccc2C(=O)O)cn1;CCOc1ccc(C(=O)Nc2cnn(C(C)(C)C(=O)O)c2)cc1;COC(=O)C1CCc2nnc(COc3ccc(OC)cc3)n2C1;CC(C)(O)C1CCCN1C(=O)c1ccc2[nH]c(=O)c(=O)[nH]c2c1;CCn1nc(C)c(C(=O)Nc2ccc(C(=O)O)c(OC)c2)c1C;COc1cc(NC(=O)Cc2ccn(C(C)C)n2)ccc1C(=O)O;O=C(O)CN1C(=O)NC2(CCN(Cc3ccccc3)CC2)C1=O;Cc1c(C(=O)NCCc2ccc(OCC(=O)O)cc2)cnn1C
m_895051,CCCCCCC1=CC=C(OCC(=O)OC)C=C1OCC(=O)OC;CC1=CC=C(C(O)(COC(=O)C(C)C)COC(=O)C(C)C)C(O)=C1;CC(C)C(=O)OCC1=CC=C([C@@](C)(O)COC(=O)C(C)C)C(O)=C1;CCCC(OCC1=CC(OC)=C(OC)C=C1OC)(C(C)=O)C(C)=O;CCOC(=O)CC1=CC(O)=CC(O)=C1C(=O)CCCCCCCO;CCOC(=O)CC1=CC(O)=CC(O)=C1C(=O)CCCCC[C@@H](C)O;CCOC(=O)CC1=CC(O)=CC(O)=C1C(=O)CCCC[C@H](O)CC;Cn1cc(C#N)cc1C(=O)N1CCN(CCOc2ccccc2)CC1;CCOc1ccc(CC(=O)NCCc2nc3cccnc3n2C)cc1;CNCC1CCCN(C(=O)CCCOc2ccc(Cl)c(C)c2)C1;CC(O)CCCC(=O)CCCCCC1=CC(O)=CC(O)=C1C(=O)O;COc1ccc2cc(CNC(=O)NCCc3ccnn3C)ccc2c1;CC(=O)OCC1=C[C@H](/C=C(\COC(C)=O)C(=O)O)[C@@H](C(C)C)CC1;COc1ccc(CNC(=O)NCCCn2cnc3ccccc32)cc1;COCCN1CCCC(NC(=O)C(C)(C)c2ccccc2Cl)C1;CC(=O)OC[C@]12CCC(C)=C[C@@]1(C)O[C@@H]1[C@H](O)[C@@H](O)[C@@]2(C)[C@]12CO2;CC(=O)O[C@@H]1[C@@H](O)[C@H]2O[C@]3(C)C=C(C)CC[C@]3(CO)[C@]1(C)[C@]21CO1;COc1ccc2cccc(CC(=O)NC(C)CCn3cncn3)c2c1;CCC/C=C/C=C/[C@@H]1C[C@@H](O)[C@@H](OC(C)=O)C(=O)[C@H]1COC(C)=O;Cc1ccc(C(C)C)cc1OCC(=O)NCc1nnc2ccccn12;COc1ccccc1CCNC(=O)c1cnc2c(cnn2C(C)C)c1;Cc1cc(NC(=O)COc2ccc3ncccc3c2)n(C(C)(C)C)n1;COc1ccc(CC(=O)NC(c2nnc3ccccn23)C(C)C)cc1;CCN(C(=O)c1cn2cccnc2n1)C(C)Cc1ccc(OC)cc1;CCCCCCCC1=CC2=CC(=O)O[C@H]2[C@](C)(O)[C@]1(O)C(=O)OC
m_89a6f2,O=C(NC[C@H]1O[C@@H](CO)[C@@H](O)[C@H]1N1CCCCC1)N1CCOCC1;COC[C@H]1CCCN1C[C@@H]1OC[C@H](NC(=O)N2CCOCC2)[C@H]1O;CCOC1CC(O)C12CCN(C(=O)C1(c3ccccc3)CCC1)CC2;CC1CCCCN1C(=O)CN1CCN(c2ncnc3nc[nH]c23)CC1;Cc1nc(N2CCN(C(=O)C3CCCC3N)CC2)c2cnn(C)c2n1;COC1=CC=C(/C=C/C(=O)N2CCCCC2)C(OC)=C1CC=C(C)C;Cc1cc(N2CCC(NC(=O)Nc3cc(C)nn3C)CC2)nc(C)n1;O=C(CCCCCC/C=C/C1=CC=C2OCOC2=C1)N1CCCCC1;O=C(NC1CCCCC1)NC1CCN(c2ncnc3nc[nH]c23)CC1;CCC(Nc1nnnn1-c1ccccc1)C(=O)N1CCCC(NC)C1;O=C(CCCCCCC/C=C/C1=CC=C2OCOC2=C1)N1CCCC1;Cc1nc(N2CCN(C(=O)C3CCC(N)C3)CC2)c2cnn(C)c2n1;CCn1nc(C)c(NC(=O)N2CCN(c3ccnc(C)n3)CC2)c1C;CN(C)CCn1ccc(NC(=O)C2CCN(c3cnccn3)CC2)n1;CNC(=O)c1nc(C)c(C)c(N2CCC(NCc3ccn(C)n3)C2)n1;Cn1cnnc1CC1(O)CCCN(c2cc(NCC3CC3)ncn2)C1;CCn1cc(NC(=O)NC2CCN(c3cc(C)nc(C)n3)CC2)cn1;Cc1cc(N2CCCC(NC(=O)c3cnc(N(C)C)cn3)C2)n(C)n1;CCN(CC)c1ccc(N2CCN(C(=O)Cn3cccn3)CC2)nn1;CCCCCCCCCC1=CC(=O)C2=CC=CC=C2N1COC(C)=O;Cc1ccccc1C1(C(=O)N2CCOC3(CCOCC3)C2)CCCC1;CC[C@]1(C)C[C@@](CCN2C(=O)C3=CC=CC=C3C2=O)(C(C)C)CCO1;CN(C)C(C(=O)N1CCCC(c2ccnc(N)n2)C1)c1cncn1C;Cc1c(NC(=O)C2Cn3c(C)nnc3CN2C)cnn1C1CCCC1;CC(C(=O)Nc1ccnn1C(C)C)N1CCN(c2cnccn2)CC1
m_89b9d2,COC1=CC=C(NC(=O)/C=C/C2=CC=C(C)C=C2)C=C1Cl;CC1CC1C(=O)Nc1ccccc1Oc1ccccc1Cl;O=C(Nc1ccccc1Oc1ccccc1Cl)C1CCC1;COC1(C(C)NC(=O)c2cc(F)c(O)c(Cl)c2)CCC1;O=C(Nc1cc(Cl)ccc1OCc1ccccc1)C1CC1;O=C(O)c1ccc(F)c(NC(=O)C2CCC(F)(F)CC2)c1;O=C(O)c1cc(NC(=O)C2CCC(F)(F)CC2)ccc1F;CC(C)CC(CNC(=O)c1cccc(F)c1Cl)C(=O)O;CC(C)C(C)(CC(=O)O)NC(=O)c1ccc(Cl)c(F)c1;COc1cccc2c(C)c(C(=O)N(C)CC(F)(F)F)oc12;CCC(CC)(CNC(=O)c1cc(Cl)ccc1F)C(=O)O;O=C(NC1CCC(C(=O)O)CC1)c1ccc(F)c(F)c1F;O=C1C2=C(C(C3=CC=C(O)C=C3)=CN2)C2=NC=CC3=CNC1=C23;COc1cccc(Cl)c1C(=O)N1CCCC(F)(CO)C1;CC(C)(O)C1CCCN1C(=O)c1cc(F)c(O)c(Cl)c1;CC(NC(=O)C1CC1c1ccccc1C(F)(F)F)C(=O)O;COC1CN(C(=O)c2cc(F)c(O)c(Cl)c2)CCC1C;COC(=O)C(CC(C)C)NC(=O)c1ccc(F)cc1Cl;COc1cc(Cl)c(F)c(C(=O)NCC2CCCC2O)c1;Cc1ccc(Cl)cc1CNC(=O)C1COc2ccccc21;CC(NC(=O)C1CC1C(=O)O)c1ccc(C(F)(F)F)cc1;CCC(C(=O)O)N1CCOC(c2ccc(F)cc2Cl)C1;O=C1C2=CC=CC=C2N=C2C3=NC4=CC=CC=C4C=C3[C@H](O)N21;COC(=O)C(NC1CCCOC1)c1ccc(Cl)c(F)c1;O=C1CCN=C2C1=C(O)C1=NC=CC3=C1C2=NC1=CC=CC=C13
m_8b6b8e,COc1nc(C)ccc1C(=O)N(C)c1ccn(C)n1;COc1cc(C(=O)Nc2nc(C)nn2C)ccc1C;Cc1nc(NC(=O)C(C)Oc2ccccc2)n(C)n1;Cc1ccc(NC(=O)Cn2ncn(C)c2=O)c(C)c1;CCCc1cc(NC(=O)c2ncccc2O)n(C)n1;Cc1nn(C)c(C)c1CC(=O)Nc1ncccc1O;CC(C)n1nccc1NC(=O)Cn1ccccc1=O;Cc1cc(C(=O)Nc2ccnn2C(C)C)cc(O)n1;COc1ncccc1C(=O)NCCCn1ccnc1;CC(C)c1cc(C(=O)Nc2ccnn2C)cc(O)n1;Cc1nn(C)c(C)c1CC(=O)Nc1cccnc1O;COc1ccc(Cc2cnc(N)nc2N)cc1OC;COc1ccc(-n2cc(CN(C)C(C)=O)nn2)cc1;COc1cc(C)ccc1OCc1nnnn1C1CC1;CCc1ccc(OCC(=O)Nc2n[nH]c(C)n2)cc1;CC(c1cccc(O)c1)N(C)C(=O)c1cnnn1C;CCOc1ccc(CNC(=O)c2c[nH]nn2)cc1C;Cc1cc(C)c(CNC(=O)Cn2cccn2)c(=O)[nH]1;CCOc1cc(NCc2cccc(OC)n2)ncn1;CCCNC(=O)COc1cccc(-n2cncn2)c1;O=c1onc(-c2ncccn2)n1CC1CCCCC1;CC(CNC(=O)c1cccnc1O)Cn1cccn1;CC(C)Oc1ncccc1CNC(=O)c1cc[nH]n1;COC1=CC=C(C2=NOC([C@@H]3CCCN3C)=N2)C=N1;Cc1cc(CN2CCc3nn(C)c(=O)cc3C2)on1
m_8bb047,CC1=CC=NC2=C1NC(=O)C1=CC=CN=C1N2C1CC1;c1ccc2cc(OCc3nnnn3C3CC3)ccc2c1;Cc1ncccc1NC(=O)Cc1c[nH]c2ncccc12;Cc1cc(NC(=O)c2ccc3ccccc3n2)n(C)n1;c1ccc2c(OCc3nnnn3C3CC3)cccc2c1;Cc1cc(C)n2ncc(C(=O)Nc3ccccc3)c2n1;CN(C(=O)c1cccnc1)c1nc2ccccc2n1C;Cc1ccc(NC(=O)c2ccc3nncn3c2)c(C)c1;CN1C=CC2=CC(NC(=O)NC3=CC=CN=C3)=CC=C21;c1ccc2c(c1)OCCN2Cc1cnc2cnccn12;CC(NC(=O)c1ccccn1)c1nc2ccccc2[nH]1;CC(NC(=O)c1cccnc1)c1nc2ccccc2[nH]1;CNC(=O)c1ccc(CNc2ccc(C#N)cn2)cc1;CN(Cc1ccc(C(N)=O)cc1)c1ccc(C#N)cn1;COC(=O)CC[C@@H]1OC(C2=CC=CC=C2)[C@@H](O)[C@@H]1O;O=C(CCc1cccnc1)Nc1nc2ccccc2[nH]1;COC(=O)C[C@H]1C[C@H](O)[C@H](O)[C@H](C2=CC=CC=C2)O1;O=C1CCC(c2ccc(Nc3ccncc3)cc2)=NN1;COC1=CC2=C[N+]3=C4C(=CC=CC4=C2C=C1OC)CC3;C[C@@H](O)CCC[C@H]1OC(=O)C2=C(O)C=CC=C2[C@@H]1O;CO[C@H]1O[C@@H]2COC(C3=CC=CC=C3)O[C@H]2C[C@@H]1O;CO[C@@H]1C2CO[C@@H](O2)[C@H](OCC2=CC=CC=C2)[C@@H]1O;CC1=C(O)C=C(O)C2=C1[C@H](C)[C@@H](C)O[C@H]2CC(=O)O;O=C1O[C@H](CCC[C@@H](O)CO)CC2=CC=CC(O)=C12;COC1=CC=C([C@H]2OC[C@H]3[C@@H]2CO[C@@H]3O)C=C1OC
m_8c72d4,C[C@H](NC(=O)[C@H]1CC(=O)N(C2=CC=C3OCCOC3=C2)C1)C(=O)NCCC(=O)O;O=C(NCCc1c[nH]c2ccccc12)C1CC(=O)N(c2n[nH]c3cccc(F)c23)C1;CC(C)c1c(C(=O)NCc2nc(-c3ccccc3)no2)cnn1-c1ccc(F)cc1;O=C(NC1CCN(C(=O)c2csc(Cc3ccccc3)n2)CC1)c1ccccc1;O=C(NCC1CCN(CC(F)(F)F)CC1)c1nc(N2CCCC2)ncc1Cl;Cc1scc(C(=O)NCCN2CCN(C(=O)c3csc(C)c3C)CC2)c1C;COC(=O)C1=CC2=C(N=C3C=CC=CN3C2=O)[N+](CCC2=CC=C(OC)C=C2)=C1N;Cc1nc(-c2ccc(CNC(=O)C3CCCN3C(=O)c3ccccc3)cc2)cs1;Cc1ccc(-c2nn(CCC#N)cc2C(=O)Nc2ccc(F)c(C(N)=O)c2)cc1C;C[C@@]1(O)CCN(CC2=NC=CS2)[C@@H](C2=CC=CS2)[C@@H]1NC(=O)C1CCCC1;Cc1cc(C(=O)N2CCCC(c3nc(-c4cccc(F)c4)no3)C2)c2[nH]ncc2c1;CC(C)N(CC(=O)N1c2ccc(S(N)(=O)=O)cc2CC1C)c1ccc(F)cc1;Nc1ncc(C(=O)NC2CN(C(=O)C3CC3)C2)c2ccc(-c3cccc(F)c3)nc12;CCCN1C(=O)C2CC3=C(NC4=CC=CC=C34)C(C3=CC=C(OC)C=C3)N2C1=S;CC1(C)SC2C3=CC=CC=C3C(=O)N2[C@@H]1C(=O)NCCC1=CNC2=CC=CC=C12;CC1=C(CC(=O)N[C@@H](CCCNC(N)=O)C(=O)O)C(=O)OC2=C(C)C(O)=CC=C12;CCC1=CC(=O)OC2=CC(OCC(=O)N[C@@H](CCCNC(N)=O)C(=O)O)=CC=C12;Cc1nn(-c2ccccc2F)c(C)c1C1COCCN1C(=O)c1ccc(C#N)cn1;O=C(C1=CC=CC=C1)N1C[C@H]2C[C@H](C1)C1=CC=C(NCC3=CC=CS3)C(=O)N1C2;COC1=CC=C2C(C)=C(CC(=O)N[C@@H](CCCNC(N)=O)C(=O)O)C(=O)OC2=C1;CC1=C(CC(=O)N[C@@H](CCCCNC(N)=O)C(=O)O)C(=O)OC2=CC(O)=CC=C12;COC(=O)C1CCN(C(=O)C2=CC=CC3=C2OC(C2=CC=CC=C2)=C(C)C3=O)CC1;O=c1ccc(-n2cccn2)nn1CC1CCN(c2nccc(C(F)(F)F)n2)CC1;COC1=CC=C(C2=CN3C(CC(=O)NCCC4=CC=C(C)C=C4)=CSC3=N2)C=C1;CC1=CC(O)=C2C(C)=C(CC(=O)N[C@@H](CCCNC(N)=O)C(=O)O)C(=O)OC2=C1
m_8d19fa,CC(NC(=O)CCC(=O)Nc1ccccc1O)c1ccccc1;COc1ccc(CC(=O)NNC(=O)CCc2ccccc2)cc1;Cc1ccccc1OC(C)CNC(=O)c1ccc(C(N)=O)cc1;CCOc1ccc(NC(=O)c2ccc(NC(=O)CC)cc2)cc1;CCOc1ccccc1NC(=O)C(=O)Nc1ccccc1CC;CC(=O)NCCC(=O)NCc1ccccc1Oc1ccccc1;CCC(=O)NCC(=O)NCc1ccccc1Oc1ccccc1;CN(C)c1cccc(C(=O)NC(Cc2ccccc2)C(=O)O)c1;N[C@@H](CC1=CC=CC=C1)C(=O)N[C@@H](CC1=CC=CC=C1)C(=O)O;O=C(NCCN(CCO)C(=O)c1ccccc1)c1ccccc1;NC(=O)CCCNC(=O)C(Oc1ccccc1)c1ccccc1;NC(Cc1ccc(-c2ccccc2)cc1)C(=O)NCCC(=O)O;CCCNC(=O)C1=CC=CC=C1NC(=O)C1=CC=C(OC)C=C1;COC1=CC=C(CCNC(=O)C(=O)NC2=CC=C(C)C=C2)C=C1;Cc1ccccc1CCNC(=O)COc1ccc(C(N)=O)cc1;O=C(NCCC1=CC=CC=C1)N[C@H](CC1=CC=CC=C1)C(=O)O;CNC(=O)C1(NC(=O)c2ccc3ccccc3c2O)CCCC1;CCC(c1ccncc1)N(CC)C(=O)c1cccc(C(=O)O)c1;CCC(=O)NC1=CC=C(C(=O)NCC2=CC=C(OC)C=C2)C=C1;CCC(=O)NC1=CC=C(C(=O)NCC2=CC=CC=C2OC)C=C1;CCOC(=O)C(Nc1ccc(NC(C)=O)cc1)c1ccccc1;Cc1ccc(C)c(C(=O)Nc2ccc(C(=O)NCCO)cc2)c1;CC1=CC(C)(C)N(C(=O)CN2C(=O)CCC2=O)c2ccccc21;CCOC1=CC=C(NC(=O)C(=O)NCCC2=CC=CC=C2)C=C1;Cc1ncc(C(=O)O)cc1C(=O)NCc1ccc(C(C)C)cc1
m_8d374f,O=C1C2=CC=CC=C2N=CN1CCCCN1C=NC2=CC=CC=C2C1=O;CN1C(O)=NC2=C(N=C(C3=CC=CC=C3)N2CCC2=CC=CC=C2)C1=O;O=C(c1nc(C2CC2)n(-c2ccccc2)n1)N1CCOc2ccccc21;Cn1c(=O)c2c(nc(-c3ccccc3)n2C)n(Cc2ccccc2)c1=O;Cc1[nH]n(-c2ccccc2)c(=O)c1-c1c(C)[nH]n(-c2ccccc2)c1=O;Cc1nnc(COc2ccc(Oc3ccc(C#N)cc3)cc2)n1C1CC1;Cn1c(CCNC(=O)c2cc3ccccc3o2)nnc1-c1ccccc1;CN1C(C(=O)NCCN2C=NC3=CC=CC=C3C2=O)=CC2=CC=CC=C21;CC(=O)N1CCN(C(=O)Cn2cnc3cc(F)c(C)cc3c2=O)CC1;Cc1cc(C(=O)N2CCC(n3cc(C(=O)O)nn3)CC2)cc(C)c1F;Cc1ccc(N2CCC(C(=O)N3CCOCC3C(=O)O)C2=O)cc1C;Cc1cc(N2CCC(NC(=O)COc3ccc(F)cc3)C2=O)n(C)n1;CC1=NC2=CC=CC=C2C(=O)N1CCNC(=O)C1=CNC2=CC=CC=C12;Cc1ccc2c(Cn3nnnc3CCc3ccccc3)cc(=O)oc2c1;CN1C=C(C(=O)NCCN2C=NC3=CC=CC=C3C2=O)C2=CC=CC=C21;Cc1cnc(CCNC(=O)N2CCN(c3ccccc3O)CC2)s1;O=C(c1ccc2ccccc2c1)N1CCN(C(=O)c2cnccn2)CC1;Cn1c(CCc2ccccc2)nnc1SCC(=O)N1CCOCC1;CCOc1nccnc1NC1CCN(C(=O)Cc2cccs2)CC1;CC(=O)N1c2nc(-c3ccccc3)cn2N(C(C)=O)C1c1ccccc1;Cc1nc(C)c(CC(=O)N2CCN(Cc3cccs3)CC2)c(=O)[nH]1;N#Cc1nc(-c2cccc3ccccc23)oc1N1CCC(C(N)=O)CC1;Cc1cccnc1OCC1CCN(C(=O)c2c(F)cccc2F)CC1;COc1ccc(N2CCN(C(=O)c3scnc3C(C)C)CC2)nc1;O=C(Nc1cccc2c1CN(C1CC1)C2)c1n[nH]c2ccccc2c1=O
m_8d75c7,CC1=CC=C(OCCOCN2C=C(Br)C(=O)NC2=O)C=C1;Cn1c(CSCc2cccc(Br)c2)cc(=O)n(C)c1=O;Cc1cc(Br)oc1C(=O)N1CC(N)CCC1C(F)(F)F;O=C1/C(=C/C2=CC=C(Cl)C=C2)SC(=S)N1CN1CCOCC1;CC1=CN([C@H]2C[C@H](O)[C@@H](COP(O)(=S)S)O2)C(=O)N=C1O;CC(C)CSc1nc(O)cc(=O)n1-c1ccc(Br)cc1;CC(C)CSc1nc(=O)cc(O)n1-c1ccc(Br)cc1;Cc1nc(C2CCCN2C(=O)c2nn(C)cc2Br)cs1;NS(=O)(=O)c1sc(Cl)cc1C(=O)NCC(O)C1CCCO1;O=C(NN1C2=CC=CC=C2CCC2=CC=CC=C21)C(Cl)(Cl)Cl;CN1C(=O)C2=NC3=C(N=C2N(C)C1=O)SC(C(=O)O)=C3[S+](C)[O-];CC1=C(C)CN(S(=O)(=O)c2ccc(C#N)c(Br)c2)CC1;NC(=O)C1Cc2ccccc2N1S(=O)(=O)c1ccc(Cl)cc1F;NC(=O)C1Cc2ccccc2N1S(=O)(=O)c1ccc(F)cc1Cl;Cn1cnc2ccc(-c3noc(-c4ccc(Br)cc4)n3)cc21;Cc1cc(S(=O)(=O)NCc2cccnc2)c(C)cc1Br;CCOC(=O)C1=C(C)OC2=CC(Br)=C(OC(=O)CC)C=C12;Cc1cc(Br)c(S(=O)(=O)Nc2ncccc2C)cc1C;Cc1cc(S(=O)(=O)Nc2ncccc2C)c(C)cc1Br;Cc1cc(C)c(S(=O)(=O)Nc2ncccc2C)cc1Br;Cc1cccc(NS(=O)(=O)c2cc(Br)c(C)cc2C)n1;Cc1ccnc(NS(=O)(=O)c2cc(C)c(Br)cc2C)c1;Cc1ccnc(NS(=O)(=O)c2cc(Br)c(C)cc2C)c1;Cc1ccc(S(=O)(=O)Nc2c(C)ccnc2C)c(Br)c1;N#Cc1c(C(F)(F)F)c([N+](=O)[O-])c(-c2cccc([N+](=O)[O-])c2)[nH]c1=O
m_8db7e3,C=CCCCCCCCCC(=O)NC(CCSC)C(=O)O;O=C(O)C1CCC(C(=O)N2CCC(Cc3ccccc3)C2)CC1;CC1CN(C(=O)CC2CCc3ccccc3C2)CCC1C(=O)O;O=C(O)[C@H](CC(=O)N1C[C@H]2CCCC[C@H]2C1)CC1=CC=CC=C1;O=C(O)CC(c1ccccc1)C1CCN(C(=O)C2CCC2)CC1;CCCCCC=CC=CC(=O)NC(Cc1ccccc1)C(=O)O;CC[C@@H]1CCCCN1CC1=C(C)C=C2OC(=O)C=C(C)C2=C1O;CC1=C(C)C2=CC(CN3CCCCCC3)=C(O)C(C)=C2OC1=O;CCC(C(=O)NCCC(O)c1cc(C)oc1C)c1ccccc1;CC[C@@H]1CCCCN1CC1=CC2=C(OC(=O)C=C2C)C(C)=C1O;CCCCC1CCC(C(=O)NCCC2CS(=O)(=O)C2)CC1;CC1=C(C)C2=CC(CN3CCC(C)CC3)=C(O)C(C)=C2OC1=O;CCCCCCCCCC1=NC(=CC2=CC=C(O)C=C2)C(=O)O1;O=C(CCCC/C=C/C1=CC=C2OCOC2=C1)N1CCCCC1;C=C(C)[C@H]1CC[C@H](C(=O)N[C@H](CC2=CC=CC=C2)C(=O)O)CC1;Cc1cccc(CC(=O)N2CCC(C(=O)O)C3CCCCC32)c1;CC1(C(=O)O)CCN(C(=O)C2CCC(c3ccccc3)CC2)C1;O=C(O)C1CCCN(C(=O)C2CCC(c3ccccc3)CC2)C1;CCC/C=C\C=C/CCC1=CC(O)=C([C@H]2CCC(=O)N2)C(O)=C1;CCC1=CC2=C(OC(=O)C=C2C)C(CN2CCC(C)CC2)=C1O;O=C(/C=C/CCCCC1=CC=C2OCOC2=C1)N1CCCCC1;O=C(O)CCC1CCCN(C(=O)Cc2ccc3c(c2)CCC3)C1;CCS(=O)(=O)C1CCN(C(=O)C2(C)CCCCCC2)CC1;CCC/C=C\C=C/CCC1=CC(O)=CC(O)=C1[C@@H]1CCC(=O)N1;CCCCN(CC)CC1=C(O)C=CC2=C1OC(=O)C1=C2CCC1
m_8e45f7,O=C(O)c1ccc(C(=O)N2CCN(c3ncccn3)CC2)s1;COc1ncccc1C(=O)N1CCN(c2nccs2)C(=O)C1;N#Cc1cnc(N2CCN(c3ncc(F)cn3)CC2)c(Cl)c1;O=C(O)C1CCCCN1C(=O)c1csc(-c2ncccn2)n1;CC(C)C(=O)N1CCN(c2ncc(S(N)(=O)=O)s2)CC1;Cn1cnnc1CNC(=O)c1ccc(-n2cnnn2)cc1Cl;O=C(O)C1CCCN(C(=O)c2csc(-c3ncccn3)n2)C1;Cc1ncsc1C(=O)N(C)Cc1nccn1CC(F)(F)F;FC(F)(F)CCc1noc(C2CCCN2c2nccs2)n1;O=C(CCn1cnnn1)Nc1cc(Cl)ccc1-n1cncn1;O=C(COCC(F)(F)F)Nc1nc(-c2ccccc2F)n[nH]1;Cc1nc(CS(=O)(=O)c2nccn2-c2ccccc2C)no1;COCc1nsc(N2CCN(S(=O)(=O)C3CC3)CC2)n1;COc1nscc1CN(C)c1nc(C)cc(C(F)(F)F)n1;NC(=O)C(F)(F)C(O)(Cn1cncn1)c1ccc(F)cc1F;Cc1ccc(C(=O)NC2CCN(c3ccccc3Cl)C2=O)o1;Cc1ccoc1C(=O)NC1CCN(c2ccccc2Cl)C1=O;Cc1ncc(CNC(=O)C2CCN(S(N)(=O)=O)CC2)s1;COc1nc(-c2ccnc(NC(=O)C3CC3)c2)sc1C(N)=O;CCOc1ccccc1S(=O)(=O)Nc1cnc2ccnn2c1;CS(=O)(=O)c1nccn1Cc1nc(Cc2ccccc2)no1;O=C1C[C@@H](N2N=NN(CC3=CC=CC=C3)C2=S)C2CO[C@H]1O2;C#CCNC(=O)c1ccccc1NS(=O)(=O)c1cn(C)cn1;O=C(CNC(=O)c1cccs1)NCC(=O)Nc1ccncc1;Fc1cc(F)c2nc(NC3CN(c4ccccn4)C3)sc2c1
m_8eaf01,NC(=O)CC1CCN(c2cc(N3CCCC3)ncn2)CC1;C=CCNC(=O)CN1CCN(c2ncc(C)c(C)n2)CC1;CN1CCCC1C(=O)N1CCC(Nc2cccnn2)CC1;Cc1cc(NC(=O)N2CCC(N3CC=CC3)CC2)nn1C;O=C(CNCC1CCCN1c1cccnn1)NCC1CC1;Cc1ncc(C(=O)N2CCC(NCC3CC3)CC2)c(N)n1;CC(C)c1nnc(CNC(=O)c2cccn2C(C)C)n1C;CCC(CC)NC(=O)c1c(C)nn(C)c1-n1ccnc1C;CCCCCC=CCCCNc1nc2[nH]cnc2c(=O)[nH]1;Cc1nn(C)c(C)c1CCC(=O)N(C)Cc1cnn(C)c1;CC1CCC(C(N)=O)CN1c1cc(NCC2CC2)ncn1;O=C1C(N2CCCC(Cn3ccnn3)C2)CCN1C1CC1;CCCCn1cc(C(=O)Nc2cnn(C)c2CC)c(C)n1;NC(=O)c1ncn(C2CCCN(CC3CC=CCC3)C2)n1;CNC(=O)c1ccc(N2CCC3(CCCN(C)C3)C2)nn1;CCn1nc(C)c(C(=O)NC(C)c2cnn(C)c2C)c1C;Cc1cnn(CCNC(=O)c2cc(C(C)(C)C)nn2C)c1;CCC(C)N(C(=O)c1cnc2c(c1)nnn2C)C(C)CC;Cn1cccc1CN1CCCC(O)(Cc2nncn2C)C1;O=C(NC1CC=CCC1)N1CCC(Cn2cncn2)CC1;O=C(CC1CC2CCC1C2)N1CCN(c2nc[nH]n2)CC1;Cc1cnc(CCNC(=O)N2CC(N)C3(CCC3)C2)cn1;OC(CN1CCC(Cn2cccn2)CC1)Cn1cccn1;CCn1cncc1CNC1CCOC1c1ccnn1CC;CCN(CC)C(=O)c1cc(C(C)(C)C)n2nc(C)nc2n1
m_9068e1,CC(C)=CCC1=CC(CC(=O)CC2=CC=C(O)C=C2)=CC=C1O;CC1(C)CCC2=CC(CC(=O)CC3=CC=C(O)C=C3)=CC=C2O1;CC(C)=CCOC1=CC=C(C(=O)CCC2=CC=CC=C2)C(O)=C1;CCOC(=O)C(CC1=CC=CC=C1)(CC1=CC=CC=C1)C(C)=O;CC(=O)O[C@H]1[C@H](O)[C@@H](C2=CC=CC=C2)CC[C@@H]1C1=CC=CC=C1;CC(C)=CCC1=C(O)C=CC(C(=O)CCC2=CC=CC=C2)=C1O;CC(C)=CCC/C(C)=C/CC1=C(O)C(=O)C2=CC=CC=C2C1=O;CC1(C)CCC2=C(C=CC(C(=O)CCC3=CC=CC=C3)=C2O)O1;COC1=CC=C(C(=O)CC(=O)C2=CC=C(C(C)(C)C)C=C2)C=C1;CC1(C)CCC2=C(O)C=CC(C(=O)CCC3=CC=CC=C3)=C2O1;CC(C)=CCC[C@@]1(C)OC2=CC=C(O)C=C2C2=CC(O)=CC=C21;CCCC1=CC=C(OC(=O)/C=C/C2=CC=C(OCC)C=C2)C=C1;COC1=CC(O)=CC(CC(=O)C2=CC=CC=C2)=C1CC=C(C)C;COC1=CC(/C=C/C(=O)CCCCC2=CC=CC=C2)=CC=C1O;CC(=O)OC1=CC=C2C3=C(C=CC2=C1)[C@@H]1CC[C@H](O)[C@]1(C)CC3;COC1=CC(CC/C=C/C(=O)CCC2=CC=CC=C2)=CC=C1O;CCOC(=O)CNC1=CC(NCC(=O)OCC)=C(N)C=C1N;COC1=CC(C/C=C/CC(=O)CCC2=CC=CC=C2)=CC=C1O;CC(C)=CCC1=C(O)C=CC2=C1O[C@@H](C1=CC=C(O)C=C1)CC2;CC(C)=CCC1=CC([C@@H]2CCC3=CC=C(O)C=C3O2)=CC=C1O;CC1(C)OC2=CC(O)=C(C/C=C/C3=CC=CC=C3)C=C2C[C@H]1O;COC1=CC(/C=C/C2=CC=C(O)C=C2)=CC(O)=C1CC=C(C)C;CC(C)(C)OC(=O)[C@@H](C(=O)CC1=CC=CC=C1)C1=CC=CC=C1;CC(C)(O)[C@@H]1CC2=CC(C/C=C/C3=CC=CC=C3)=C(O)C=C2O1;COC1=CC(O)=C2C(=C1)CCC1=C2C=CC(O)=C1CC=C(C)C
m_907412,CC(=O)N[C@@H](CSC(=S)NCC1=CC=CC=C1)C(=O)O;O=C(O)CCNC(=S)CCNC(=S)C1=CC=C(O)C=C1;O=C(CCC(=O)ON1C(=O)CCC1=O)ON1C(=O)CCC1=O;CC(NC(=O)CCn1cncn1)c1ccc(Cl)c(Cl)c1;Cc1nncn1CCNC(=O)Cc1cc(Cl)ccc1Cl;Cc1cc(CS(=O)(=O)CC(=O)Nc2ccccc2F)no1;Cn1cc(C(N)=O)c(NCCc2cc(Cl)cc(Cl)c2)n1;CS[C@@H]1NC(=O)[C@](CC2=CC=C(O)C=C2)(SC)NC1=O;CCN1CCN(C(=O)c2cncc(Br)c2N)CC1;CC(=O)NCc1cn(CCc2cc(Cl)ccc2Cl)nn1;Cc1nc(S(=O)(=O)NCC(C)O)c(-c2ccccc2)s1;CCOC(=O)C1=CC(C(=O)OCC)=C([N+](=O)[O-])C=C1[N+](=O)[O-];CN(C)c1ncc(Br)cc1C(=O)N1CCNCC1;Cn1nnnc1SCCNC(=O)Nc1ccc(Cl)cc1;O=C(Nc1ccc2ncsc2c1)C1COc2ccccc2O1;COC(=O)c1ccc(C(=O)Nc2ccc3scnc3c2)cc1;Cc1ccc2c(N)c(C(=O)c3ccc4c(c3)OCO4)sc2n1;CCc1ccc(O)c(NS(=O)(=O)c2sc(C)nc2C)c1;COc1ccc(S(=O)(=O)Nc2ccc(F)cn2)cc1OC;Cn1cc(C2OCCC2Nc2ncc(Cl)cc2Cl)cn1;N=C(N)NCCCCNC(=O)c1ccccc1Br;CCOC(=O)C(CC)Sc1nnc(-c2sccc2C)o1;NC(=O)CN1C2CCC1CC(n1cc(Br)cn1)C2;CS(=O)(=O)c1cccc2sc(N3CCCC(O)C3)nc12;Cc1cc(C)n(C(C)C(=O)Nc2cc(Cl)c(Cl)cn2)n1
m_90baa7,Cc1ccc(C)c2sc(OC3CCN(C(=O)Cn4c(=O)oc5ccccc54)CC3)nc12;O=C(O)C1CCN(C(=O)CSc2nc3ccccc3c(=O)n2Cc2ccccc2)CC1;CC1=C(CN2C(=O)CO[C@H](C3=CC=C(NC(=O)C4=CC=CC=C4)C=C3)[C@H]2CO)SC=N1;O=C1OC2=C(CN3CCN(CCO)CC3)C(O)=CC=C2C=C1C1=NC2=CC=CC=C2S1;COc1ccc(Cc2nnc(C3CCN(C(=O)c4ccc5c(c4)OCO5)CC3)s2)cc1;Cc1cccc2sc(N(CC3CCCO3)C(=O)C3CCN(S(C)(=O)=O)CC3)nc12;CCOc1ccccc1NC(=O)Cc1csc2nc(-c3ccc(OC)c(OC)c3)cn12;Cc1nc(C(=O)N2CCC(C3OCCCC3N)CC2)nn1-c1c(Cl)cccc1Cl;COC1=CC(C(=O)NC2=NC(=O)N([C@@H]3O[C@H](CO)[C@@H](O)[C@H]3O)C=C2)=CC(OC)=C1OC;CC1=C(C=C2C(=O)N(C)C(=S)N(C)C2=O)C(=O)OC2=C3CCCN4CCCC(=C34)C=C12;O=C(Cn1c(=O)n(-c2ccc(F)cc2)c(=O)c2oc3ccccc3c21)NCC1CCCO1;COc1ccc(OC)c(-c2cc(C(=O)N(Cc3ccsc3)Cc3ccco3)n(C)n2)c1;COC1=CC=C(/C=C2\OC3=CC(OCC(=O)N4CCC(C(=O)O)CC4)=CC=C3C2=O)C=C1;COC1=CC=C2C(=C1)NC1(CCN(C(=O)COC3=CC=C(Cl)C=C3)CC1)C1=CC=CN21;O=C(CC1=CC=CS1)NC1=CC=C([C@@H](O)[C@H]2COCC(=O)N2CC2=CC=CC=N2)C=C1;COCCN1CC(=O)N2CC(C3=CC=C(Cl)C=C3)C3=C(NC4=CC=CC=C34)[C@@]2(C)C1=O;COCCN1CC(=O)N2CC(C3=CC=CC=C3Cl)C3=C(NC4=CC=CC=C34)[C@@]2(C)C1=O;COC1=CC=C(OCC(=O)N2CCC3(CC2)NC2=CC=C(Cl)C=C2N2C=CC=C23)C=C1;COCCCN1CC(=O)N2C(C3=CC=C(Cl)C=C3)C3=C(C[C@H]2C1=O)C1=CC=CC=C1N3;COC1=CC=C(C2=CC(=O)OC3=CC(OCC(=O)N4CCC(C(=O)O)CC4)=CC=C23)C=C1;COC1=CC=C2NC3=C(CCN4C(=O)CN(CCC5=CC=C(Cl)C=C5)C(=O)[C@]34C)C2=C1;COC1=CC=C(S(=O)(=O)N2C[C@@H]3C[C@H](C2)C2=CC=C(C4=CC=CN=C4)C(=O)N2C3)C=C1;CCC(=O)NCc1cc(S(=O)(=O)N(C)C2CCCc3nc(C)sc32)ccc1OC;COC1=CC=C(N2C(=O)[C@@H]3[C@H](CCSC)N[C@]4(C(=O)NC5=CC=CC=C54)[C@@H]3C2=O)C=C1;COC(=O)C1CCN(C(=O)COC2=CC(O)=C3C(=O)C=C(C4=CC=CC=C4)OC3=C2)CC1
m_91512a,CC[C@@H]1NC(=O)[C@@H]2C[C@@H](NC(=O)CSC)CCN2C1=O;Cc1ncc(CN(C)C(=O)NCC2CCC(CO)O2)s1;CCc1cnc(CNC(=O)N2CCOC(COC)C2)s1;CCCc1cc(NC(=O)CS(=O)(=O)C2CCCC2)n[nH]1;CC(C)CS(=O)(=O)CC(=O)NC1CCc2nccn2C1;CC1CN(S(=O)(=O)NCC(N)c2ccccc2)CCO1;Cc1cc(C(=O)N(CCC(=O)O)Cc2ccccc2)ncn1;CCc1cc(NC(=O)CC2CCCS(=O)(=O)C2)n(C)n1;CC(C)n1nccc1C(=O)N1CCC(CS(C)(=O)=O)C1;O=C(O)Cc1ccc(NC(=O)c2cnc3n2CCCC3)cc1;O=C1[C@@H]2CC3=C(CN2C(=O)CN1CCO)NC1=CC=CC=C31;COc1ccnc(CNC(=O)N2CC(O)CC2CO)c1F;CC(C)c1cc(NC(=O)N2CC[S+]([O-])C(C)(C)C2)no1;Cc1cnn(CC(=O)Nc2ccc(C3CC3C(=O)O)cc2)c1;COc1cnc(NC(=O)NCC(O)C2CCCCC2)s1;CCNS(=O)(=O)C1CCN(Cc2cccnc2OC)C1;O=C(CCn1cccn1)NC1CC(C(=O)O)c2ccccc21;O=C(O)c1cccc(C(=O)Nc2ccnn2CC2CCC2)c1;CC1CCC(C(=O)O)CN1C(=O)c1ccc2nccnc2c1;Cc1cccc(NC(=O)CN2C(=O)C3CC=CCC3C2=O)n1;CCn1cc(C(=O)Nc2ccc(C3CC3C(=O)O)cc2)cn1;COC1=CC=C(C(=O)NCCNC(=O)C2=CC=NC=C2)C=C1;O=C(O)C1CCN(C(=O)Cc2cnn(-c3ccccc3)c2)C1;O=C(Cn1ccccc1=O)NC1CCOC1c1cccnc1;O=C(O)Cn1cc(NC(=O)Cc2ccc3c(c2)CCC3)cn1
m_916daf,CC1=NN(C)C(C)=C1NC(=O)C(=O)NCCC1=CNC2=CC=CC=C12;COC1CC(c2ncn[nH]2)N(C(=O)CCc2c[nH]c3ccccc23)C1;COc1cc(C(=O)Nc2nc3ccccc3n2CCC(C)C)ncn1;COc1c(C(=O)NC(C)CNc2ccccc2)cnc2c1cnn2C;O=c1c2ccccc2nc(N2CCC(c3ncc[nH]3)CC2)n1CCO;CCCNC(=O)C1=C(C(=O)NCCC2=CNC3=CC=CC=C23)N=CN1;Cc1cccc(CNC(=O)CCc2c(C)nc3cc(O)nn3c2C)n1;COc1cccc2[nH]cc(CC(=O)N3CCCC(c4nnc[nH]4)C3)c12;Cc1[nH]c2ccccc2c1C(=O)N1CCCC(O)(Cn2ccnn2)C1;Cn1ccnc1C1CCN(c2nc3ccccc3c(=O)n2CCO)C1;CCc1cc(C(=O)N2CCC(n3c(=O)[nH]c4ccccc43)CC2)[nH]n1;CN1C(=O)NC(=O)C2=C1N=C(N1CCCCC1)N2CC1=CC=CC=C1;Cc1c(CC(=O)N2CCCC3C(=O)NCC32)nnn1-c1ccccc1;CC(C)CNC(=O)CCc1nc2c(cnn2-c2ccccc2)c(=O)[nH]1;Cc1c(C2OCCC2NC(=O)Cc2n[nH]c3ccccc23)cnn1C;Cc1nn(C)cc1C1OCCC1NC(=O)Cc1n[nH]c2ccccc12;O=C(Cc1c[nH]c2cccnc12)NC1CC(Cn2cccn2)CC1O;COc1cccc(CC(N)C(=O)Nc2cnc3c(c2)c(C)nn3C)c1;CCn1c(C(=O)N2CCC(c3nc(=O)[nH][nH]3)CC2)cc2ccccc21;O=C(Cc1n[nH]c2ccccc12)NC1CC(Cn2cccn2)CC1O;Cn1cnnc1C1CC(O)C(CNC(=O)c2cccc3[nH]ccc23)C1;Cn1cc(C(=O)NCC2CC(c3nnc[nH]3)CC2O)c2ccccc21;Cn1nccc1C1OCCCC1C(=O)NCc1nc2ccccc2[nH]1;CCOC(=O)c1c(N(C)CCn2cnnc2)nc2ccccc2c1C;Cc1nc2ccccc2n1CC(=O)NC1CCOC1c1ccnn1C
m_921c43,CN1CCC(C(=O)NC2CCOc3c(F)cccc32)CC1;CCC(C)C(=O)N1CCN(C(=O)c2ccc(F)cc2)CC1;O=C(CC=Cc1ccc(F)cc1)N1CCN(CCO)CC1;O=C1CCCN1C1CCN(Cc2cc(O)cc(F)c2)CC1;O=C(CC=Cc1cccc(F)c1)N1CCN(CCO)CC1;CCOc1ccc2c(c1)CN(C(=O)C1CC(F)CN1)CC2;O=C(NC1CC1)C1CCCN1CCOc1ccccc1F;O=C(CN1CCOC(C2CC2)C1)NCc1ccccc1F;O=C(CN1CC(F)CC1CO)N1CCc2ccccc2C1;CC(=O)NCC1CCN(C(=O)c2ccc(F)cc2C)CC1;CC1=CC=CC=C1CN1CC[C@H](C2=NC3=CC=CC=C3O2)C1;O=C(NC1CCCC1)N1CCOC(c2ccc(F)cc2)C1;O=C(NC1CC1)C1CCCN1CCOc1cccc(F)c1;CC1CN(C(=O)CNC2CC2)CC(c2ccc(F)cc2)O1;CC(C(=O)NC1CC1)N1CCOC(c2cccc(F)c2)C1;CCCNC(=O)C1CCN(C(=O)c2cccc(F)c2)CC1;O=C(C1CNCCO1)N1CCCC1Cc1cccc(F)c1;O=C(C1CCCNC1)N1CCOC(c2ccccc2F)C1;O=C(NCCC1CC1)N1CCOC(c2cccc(F)c2)C1;O=C(c1ccncc1F)N1CCC2(CCC(O)CC2)CC1;CCCC1(CO)CCN(Cc2nc3ccc(F)cc3o2)C1;NC1CC(C(=O)N2CCC(Oc3cccc(F)c3)CC2)C1;OC(CN1CCC2=CC=CC=C2C1)C1=CNC2=CC=CC=C12;O=C(c1ccc(CO)c(F)c1)N1CCC(N2CCCC2)C1;CC(=O)N1C[C@H]2C3=CC=CC=C3CCN2[C@@H]1C1=CC=CC=C1
m_930a3b,Cc1cccc(N2CCC(C(=O)NCc3ccc(F)cc3)CC2)n1;Cc1ccc(CNC(=O)N2CCN(c3ccc(F)cc3)CC2)cc1;O=C(NCc1ccc(F)cc1)C1CCCCN1Cc1cccnc1;O=C(NCCc1ccccc1)N1CCN(c2ccc(F)cc2)CC1;CCOc1ccccc1CNC(=O)N1CCN(CC(F)F)CC1;O=C(NCCc1ccccn1)C1CCN(Cc2ccc(F)cc2)C1;CN(C)CCN1CCN(C(=O)COc2ccc(F)cc2F)CC1;O=C(NCCN1CCc2ccccc2C1)NCc1ccccc1F;CC(Oc1ccc(F)c(F)c1)C(=O)NCCN1CCN(C)CC1;CN(C)c1ccc(C(=O)N2CCC(Cc3ccc(F)cc3)C2)cn1;O=C(CCCN1CCN(c2ccccn2)CC1)c1ccc(F)cc1;O=C(c1ccncc1)N1CCCN(CCc2ccccc2F)CC1;Cc1ccc(F)cc1CN1CCCN(C(=O)c2ccncc2)CC1;Cc1cc(F)ccc1CN1CCCN(C(=O)c2ccncc2)CC1;CN(CC(=O)NCc1cccnc1)C(c1ccc(F)cc1)C1CC1;Cc1ccc(NC(=O)C2CCCCN2Cc2cccnc2)c(F)c1;CC1CN(Cc2ccccn2)CCC1NC(=O)c1cccc(F)c1;CN(C)CC1CCN(C(=O)NCCOc2ccc(F)cc2F)C1;Cc1cc(C2CCN(C(=O)C3CCc4cc(F)ccc43)CC2)[nH]n1;Cc1ccc(F)c(N2CCCC(NC(=O)Cc3cccnc3)C2)c1;Cc1cnccc1CN1CCCN(C(=O)c2cccc(F)c2)CC1;O=C(C1CCc2cncn2C1)N(Cc1ccccc1F)C1CCC1;Cn1cc(CC2CCN(C(=O)C3(c4ccccc4F)CC3)C2)cn1;Cc1ccc(-n2ccnc(NCCC3=CCCCC3)c2=O)cc1F;O=C(C1CC1c1ccc(F)cc1)N1CCCCC1Cn1cccn1
m_935b22,CC(COC1=CC=C(/C=C/C2=CC=CC=C2)C=C1)[N+](C)(C)C;Cc1ccc(CNC2CCN(c3ncccn3)CC2)c(C)c1;CCCCC[C@H](O)C[C@H](O)CCC1=CC=C(OC)C(O)=C1;CCCCC[C@H](O)C[C@@H](O)CCC1=CC=C(O)C(OC)=C1;Cc1ccc(CNC2CCN(c3ncccn3)CC2)cc1C;Cc1cccc(CNC2CCN(c3ncccn3)CC2)c1C;C[N+](C)(C)C1=CC=C2N=C3C=CC([N+](C)(C)C)=CC3=NC2=C1;Cc1ccc(CNC2CCCN(c3cccnn3)C2)c(C)c1;Cc1ccnc(NCC2CCN(Cc3cccnc3C)C2)c1;CCCCCCCCC[C@@H]1CC(O)=C(C(=O)CC)C(=O)O1;Cc1cccc(CNC2CCCN(c3cccnn3)C2)c1C;CCCCCCCC[C@@H]1CC(O)=C(C(=O)CCC)C(=O)O1;Cc1ccc(C2CC(C)N(c3ccnc(N(C)C)n3)C2)cc1;CC1(C)CCN(Cc2nccc(N)n2)CC1c1ccccc1;C=C1C(=O)O[C@@H](CCCCCCCCCC)C[C@H]1C(=O)O;CCN(CC)CCCN=C1NC=CC2=C1NC1=CC=CC=C12;Cc1ccc(CNCC2CCN(C)C2c2cccnc2)nc1;CN1N=C(C2=CC=CC=C2)C=C1[C@H]1CN2CC[C@H]1C[C@@H]2CN;CN(C)c1nccc(N2CCCC(c3ccccc3)CC2)n1;C[C@]12CN3C[C@](C)(CN(C1)C3C1=CNC3=CC=CC=C13)[C@@H]2N;CN(CCc1ccncc1)Cc1ccc(N2CCCC2)nc1;C=C1C(=O)O[C@H](CCCCCCCCCCC)[C@H]1C(=O)O;CCOC(=O)[C@@H](C)C(=O)C[C@H](O)C[C@@H]1CC=C(C)C1(C)C;c1ccc(CCCNC2CCCN(c3cccnn3)C2)cc1;CC1(C)C(NC2CCc3ncnn3C2)CC1c1ccccc1
m_93b6a1,CC1CCN(C(=O)NCC(=O)N(C)CC(F)(F)F)C1;CC(C)c1nnc(NC(=O)NCCN2CC=CC2)s1;CCN(CC)C(=O)CN(C)c1nn2cc(C)nc2s1;Cc1cc(CNC2CCN(C(N)=O)CC2)ccc1Cl;CCCCC(=O)N1CCN(c2ccc(Cl)cn2)CC1;CC1CC(=O)NCCN1CC(=O)N(C)CC(F)(F)F;CC(C)N1CCC(NC(=O)c2cc(Cl)ccn2)CC1;CC(N)C(=O)N1CCN(Cc2cccc(Cl)c2)CC1;O=C(NCCn1ccnc1)c1cc(-c2ccccc2)[nH]n1;N#Cc1cccnc1NCCC(=O)NCc1ccccn1;CCCCc1nc2c3ccccc3n(CC#N)c(=O)n2n1;Cc1nsc(N2CCCN(C(=O)NC3CC3)CC2)n1;CCc1cc(C(=O)Nc2cnn(-c3ccccc3)c2)[nH]n1;O=C(NCCc1nc(-c2ccccc2)n[nH]1)c1ccc[nH]1;N#CC1CN(C(=O)Cc2nc[nH]n2)CC1c1ccccc1;Cc1nc(C(=O)Nc2cc3n(n2)CCCC3)ccc1C#N;C=CCn1c(N)nnc1SCC(=O)NCC1CCC1;O=C(Nc1nnc2n1CCCC2)c1cc2ccccn2c1;N#Cc1ccc(C(=O)NCC2CCn3ccnc3C2)nc1;CCn1nncc1C(=O)NC1(c2cccc(C#N)c2)CC1;N#Cc1ccc(NCCC(=O)NCc2ccccn2)nc1;O=C(Nc1cc(CCc2ccccc2)n[nH]1)c1cc[nH]n1;N#Cc1cnn(-c2ccc(C(=O)N3CCCC3)cc2)c1N;COC(=O)C1=CC=C[N+](CCC2=CNC3=CC=CC=C23)=C1;CC(C)Cc1nc2c3ccccc3n(CC#N)c(=O)n2n1
m_94a765,CCC(OC1CCCCC1)C(=O)N1CCOC(C(=O)O)C1;CC(OC1CCCCCC1)C(=O)N1CCOC(C(=O)O)C1;COCC1(C(=O)O)CCCN1C(=O)CCC1CCOCC1;COC1CCCC(CC(=O)N2CC(C)OC(C(=O)O)C2)C1;CC(C)[C@](O)(C(=O)OCC1=CCN2CC[C@@H](O)[C@@H]12)[C@H](C)O;CC(C)C1OCCC1C(=O)NC1(CC(=O)O)CCOCC1;COCC1(C(=O)O)CCN(C(=O)CCC2CCC(C)O2)C1;CCc1nc(CN2CCN(C(=O)c3ccccc3)CC2)n[nH]1;CC(C)[C@](O)(C(=O)O[C@@H]1CCN2CC=C(CO)[C@H]12)[C@@H](C)O;O=C(Cn1cncn1)N1CCN(CCc2ccccc2)CC1;CC(=O)N1CCN(CCNc2cnc3ccccc3n2)CC1;CC(C)[C@](O)(C(=O)OCC1C=CN2CC[C@@H](O)[C@@H]12)[C@@H](C)O;CNC(=O)CCN1CCN(c2nncc3ccccc23)CC1;CNc1cc(N2CCN(c3ccccc3O)CC2)nc(C)n1;O=C(CN1CCCC(c2ccn[nH]2)C1)NCc1ccccn1;O=C(Cn1nnnc1CCCc1ccccc1)NCC1CC1;Cc1ccc(CNc2nccc(CO)n2)c(N2CCCC2)n1;Cn1cc(C(=O)NC2CCN(Cc3cccnc3)CC2)cn1;Cc1cccc(CNC(=O)CN2CCCC2c2nnc[nH]2)c1;NC(=O)CC1CCN(Cc2cnn(-c3ccccc3)n2)CC1;Cn1nccc1NC(=O)N1CCC(Cc2cccnc2)CC1;O=C(NCCc1ccccc1)N1CCCC1Cn1cncn1;CCNC(=O)NC1CCc2nnc(Cc3ccccc3)n2C1;CC(C)NC(=O)CN1CCc2c(nnn2-c2ccccc2)C1;CCOc1cccnc1N1CCN(c2cc(C)ncn2)CC1
m_95e8da,CCc1occc1C(=O)NC1CCN(C(=O)CCOC)CC1;COc1cc(C(=O)NCCN2CCCC2)cc(OC)c1OC;CC1(C(=O)NC2CCCN(Cc3c(F)cccc3F)C2)CC1;CCOc1ccc(OCC(O)CN2CCCC2C(N)=O)cc1;CCn1ccnc(N2CCC(NC3CCSC3)CC2)c1=O;COC(=O)N1CCC(NCc2ccc(OC)c(OC)c2)CC1;Cc1oc(C(C)C)cc1C(=O)N1CCCC(O)(CC(N)=O)C1;COC(=O)c1ncoc1CNC(=O)CCCC1CCCCC1;CCc1cnc(N2CCN(C(=O)C(N)C3CCC3)CC2)s1;COc1ccc(CNC(=O)C(C)N2CCOCC2)cc1OC;COc1ccc(OCC(=O)NCCCN2CCOCC2)cc1;CCOc1ccccc1OCCN1CCOC(C)C1C(N)=O;C=C(C)CN1CCC(NC(=O)Nc2sc(C)nc2C)CC1;CCc1nocc1C(=O)N1CC2(CCOCC2)CCC1CO;CCCNC(=O)N1CCOC[C@H](OC2=CC=C(OC)C=C2)C1;Cc1cnc(N2CCN(C(=O)CC3CCCNC3)CC2)s1;CCc1cnc(N2CCN(CC(=O)N3CCCC3)CC2)s1;COc1cccc(CN2CCOC(CNC(C)=O)C2)c1OC;OC1=CC=CC=C1CN[C@H]1CO[C@@H](CN2CCOCC2)[C@@H]1O;NC(=O)C1CCCC(NC2CCN(c3nccs3)CC2)C1;CC(C)C1CCCCN1C(=O)NCc1nnc(C2CC2)s1;CCc1nsc(N2CCNC(=O)C2CC2CCCCC2)n1;CC(N)C1CCCN(C(=O)C2CC2c2cc(F)ccc2F)C1;O=C(CC1CCCO1)NCC1CCN(CC(F)(F)F)CC1;COCc1cc(C2CN(C(=O)CC3CCCCC3O)C2)no1
m_966da0,CCNC(=O)N1CC[C@H]2CC(=O)N(C3CCCCC3)CC[C@H]2C1;CCC(CC(=O)N1CCC(c2ccnn2CCO)CC1)C(C)C;CCC(C)n1nc(C(=O)NCC2CCCOC2C(C)C)cc1C;CC/C=C\C/C=C\[C@@H]1CC(=O)NCCCCN(C=O)CCCN1;CCCCN1CCCCC1C(=O)NCC(c1ccco1)N(C)C;Cc1cc(C(=O)NC(CCO)C2CCCCC2)nn1C(C)(C)C;CCCCCCN[C@@H]1C[C@@H](O)[C@H](CO)[C@H]1CC1=CC=NC(C)=N1;CC(=O)NC1CCCN(C(=O)CN2CCCC3CCCCC32)C1;CC(C)CN(CC(C)C)C(=O)Cn1nc(C(C)(C)C)ccc1=O;CCN(CCC#N)C(=O)CN1CCCC1C1CCCCC1(C)O;CC(C(=O)NCCN1CCN(C(=O)C(C)C2CC2)CC1)C1CC1;CCn1cc(C2CCN(C(=O)CC(O)CC(C)(C)C)CC2)cn1;Cn1ccnc1C1OCCCC1CNCC1(O)CCCCCC1;CC(CN1CCCCCC1)NC(=O)N1CC2CC3CC2C1C3O;CC(C)(C)NC(=O)CN1CCC(CNC(=O)C2CC=CC2)CC1;COCC1(CNC(=O)C(C)c2c(C)nn(C)c2C)CCCCC1;CC1=NC=CC(C[C@@H]2[C@@H](CO)[C@H](O)C[C@H]2NCCC(C)(C)C)=N1;Cc1noc(C)c1C(C)CNC(=O)N(C)C1CCC(C)(C)CC1;CC(C)CN[C@@H]1C[C@@H](O)[C@H](CO)[C@H]1CC1=CC=NC(C(C)C)=N1;CC(C)NC(=O)C[C@@H]1CCNC[C@@H]1CC1=NOC(C(C)(C)C)=C1;CC(C)(C)C(O)CN1CCN(C(=O)C2(C#N)CCCCC2)CC1;O=C(CCN1CCN(C2CC3CCC2C3)CC1)N1CCOCC1;COCC1=CC(C[C@@H]2C[C@H](NC3CCN(C)CC3)C2(C)C)=NO1;CCCCCCCCC=CCNC(Cc1cncn1C)C(=O)O;COCCN1CCN(CC(=O)N(C2=CCCCC2)C2CC2)CC1
m_97693a,COC1=CC=C2OC(=O)C(C3=CC=C(OCC(=O)NC4=CC=CC=N4)C=C3)=CC2=C1;CC1=CC=CN=C1NC(=O)COC1=CC(O)=C2C(=O)C=C(C3=CC=CC=C3)OC2=C1;CC1=CC=CC=C1OCC(=O)NC1=CC=C(OC2=CC=C3C(O)=NC(=O)C3=C2)C=C1;CC(=O)OC1=CC=C(CC(=O)NC2=CC=C(O)C(C3=NC4=CC=CC=C4O3)=C2)C=C1;CC1=CC=CC(NC(=O)COC2=CC(O)=C3C(=O)C=C(C4=CC=CC=C4)OC3=C2)=N1;COC1=CC=C2C(=O)C(OC3=CC=C(C(=O)NCC4=CC=CC=N4)C=C3)=COC2=C1;COc1ccc(S(C)(=O)=O)cc1C(=O)NC1CCN(Cc2ccccc2)C1=O;CC1=CC=CC(O)=C1C(=O)O[C@@H](C)C1=CC=CC2=NC3=C(C(=O)O)C=CC=C3N=C12;COC1=CC=C2C(=C1OC)C(=O)N1C3=CC=C(OCC(C)=O)C=C3C3=C1C2=NC=C3;COC1=CC=C(C2=CC(=O)OC3=CC(OCC(=O)NC4=CC=CC=N4)=CC=C23)C=C1;CC1=CC=NC(NC(=O)COC2=CC(O)=C3C(=O)C=C(C4=CC=CC=C4)OC3=C2)=C1;O=C(COC1=CC(O)=C2C(=O)C=C(C3=CC=CC=C3)OC2=C1)NCC1=CC=NC=C1;COC1=CC=C(S(=O)(=O)N2C[C@@H]3[C@H](O)C(=O)N(CC4=CC=CC=C4)[C@@H]3C2)C=C1;COC1=CC=CC(S(=O)(=O)N2C[C@@H]3[C@H](O)C(=O)N(CC4=CC=CC=C4)[C@@H]3C2)=C1;O=C(COC1=CC(O)=C2C(=O)C=C(C3=CC=CC=C3)OC2=C1)NCC1=CC=CC=N1;COC1=CC=C(C2=COC3=CC(OCC(=O)NC4=CC=CN=C4)=CC=C3C2=O)C=C1;CN1CCN(CC2=C(O)C=CC3=C2O/C(=C\C2=C(F)C=CC=C2Cl)C3=O)CC1;COC1=CC=C2C(=O)C(OC3=CC=C(C(=O)NCC4=CC=NC=C4)C=C3)=COC2=C1;COC1=CC=CC=C1CCNC(=O)C1=CC=C(N2C(=O)[C@H](C)CS2(=O)=O)C=C1;COC1=CC=C(C2=CC(=O)OC3=CC(OCC(=O)NC4=CC=CN=C4)=CC=C23)C=C1;COC1=CC=C2C(=O)C(OC3=CC=C(C(=O)NCC4=CC=CN=C4)C=C3)=COC2=C1;O=C(COC1=CC(O)=C2C(=O)C=C(C3=CC=CC=C3)OC2=C1)NCC1=CC=CN=C1;COC1=C(C)C2=C(C(=O)OC2)C(O)=C1C/C=C(\C)CCC(=O)NC1=NC=CS1;COC1=CC2=C(C3=C1C(=O)C=C(C1=CC=CC=C1)O3)C(C1=CC=NN1C)CC(=O)O2;COC1=CC=C(CN2C(=O)[C@@H]3C[C@@H](CN3S(C)(=O)=O)OC3=CC=CC=C32)C=C1
m_97cca9,COC1=C(CO)C(=O)OC([C@@H](O)CCCCCC[C@@H](C)O)=C1;COC1=CC=C(C[C@@H]2C3=CC(O)=C(O)C=C3CC[N+]2(C)C)C=C1;COC1=CC2=C(C=C1O)CC[N+](C)(C)[C@@H]2CC1=CC=C(O)C=C1;COC1=CC2=C(C=C1O)[C@H](CC1=CC=C(O)C=C1)[N+](C)(C)CC2;COc1ccccc1CN1CCN(C(=O)c2cc(C)n[nH]2)CC1;COc1nn(C)cc1C(=O)N1CCN(Cc2ccccc2)CC1;COC1=CC=C2CC[N+](C)(C)[C@H](CC3=CC=C(O)C=C3)C2=C1O;CCOc1ccccc1N1CCN(C(=O)c2cn(C)cn2)CC1;CCCn1cc(C(=O)N2CCN(c3ccccc3O)CC2)cn1;CCNC(=O)N1CCN(c2ccnc3ccc(OC)cc23)CC1;Cc1ccc(OCC(=O)N2CCN(c3nccn3C)CC2)cc1;Cn1cc(C(=O)N2CCN(CCOc3ccccc3)CC2)cn1;Cn1cc(N2CCCC(NC(=O)Cc3ccccc3O)C2)cn1;CCn1cnc2c1CCN(C(=O)c1cc(CN)ccc1OC)C2;CCc1ccc(C(=O)N2CCC(Cn3cncn3)CC2)c(O)c1;CCn1cnnc1C1CCN(C(=O)COc2ccccc2)CC1;CCn1cc(C2CCN(C(=O)c3cccnc3OC)CC2)cn1;COc1cc(Nc2ccc(NC(=O)CC(C)C)cc2)nc(C)n1;COc1cccc2c1N(CC(=O)Nc1cc(C)nn1C)CCC2;COc1ccc(CC2CCCN(C(=O)c3cnnn3C)C2)cc1;CCc1ccccc1OCC(=O)N1CCCCC1c1nc[nH]n1;COc1ccccc1CC(=O)N1CCCCC1c1n[nH]c(C)n1;Cc1nccc(CNC(=O)NCc2ccccc2OC(C)C)n1;COc1ccccc1CCC(=O)N1CCCCC1c1nc[nH]n1;CCOc1nc(C)ccc1C(=O)NCc1ccnc(N(C)C)c1
m_982aac,O=C(O)CCC1CCCN(C2CCN(c3ccccc3Cl)C2=O)C1;O=C(CCOc1ccc(Cl)cc1)NC1CCN(C(=O)C2CC2)CC1;O=C(c1cccc(Cl)c1)N1CCN(C(=O)C2(O)CCCCC2)CC1;Cc1ccc(Cl)cc1C(=O)N1CCC(C2OCCC2C(N)=O)CC1;Cc1c(Cl)cccc1C(=O)N1CCC(C2OCCC2C(N)=O)CC1;O=C(c1cc(N2CCCC2=O)ccc1Cl)N1CCCCC(CO)C1;Cc1cc(C(=O)N2CCC(C3OCCC3C(N)=O)CC2)ccc1Cl;COC(=O)C1C2CCCC2CN1CC(=O)Nc1ccc(Cl)cc1C;CC(=O)N1CCCC(O)(C(=O)NCC2(c3ccccc3Cl)CC2)C1;Cc1cccc(C(=O)N2CCC(C3OCCC3C(N)=O)CC2)c1Cl;CC(=O)N1CCOCC1C(=O)N(Cc1ccccc1Cl)CC1CC1;COc1ccc(Cl)c(CN2C(C(=O)NC3CC3)CC3OCCC32)c1;O=C(c1ccc(Cl)cc1)N1CCCN(C(=O)C(O)C2CCC2)CC1;CN1C(=O)CCC1C(=O)NCC1(c2cccc(Cl)c2)CCOCC1;CC(=O)N1CCCC(O)(C(=O)NCC2(c3ccc(Cl)cc3)CC2)C1;CN(CC(=O)O)C1CCN(C(=O)C2(c3ccc(Cl)cc3)CC2)CC1;CC(=O)N1CCN(c2cc(-c3ccccc3)c(C(F)(F)F)nn2)CC1;Cc1cc(Cl)cc(C(=O)N2CCC(C3OCCC3C(N)=O)CC2)c1;O=C(NCc1cc(Cl)c2c(c1)OCCO2)N1CCC2(CCCC2)C1;CC(=O)N1CC(O)CC1C(=O)NC1(c2cccc(Cl)c2)CCCC1;Cn1cc(C(=O)N(Cc2cccc(F)c2)C2CC2)c2ccccc2c1=O;O=C(NCC1CCCN1c1cccnn1)c1cccc(C(F)F)c1F;O=C(NCC(c1ccco1)N1CCc2ccccc21)c1cccc(F)c1;CC(C)Oc1ccc(Cl)cc1C(=O)N1CC(NC(=O)C2CCC2)C1;Cc1cc(C(=O)N2CCC(O)(c3ccc(F)cc3)C2)c2ccccc2n1
m_987cff,Cc1cc(C)c(CNC(=O)NC(C)CN2CCCC2)c(=O)[nH]1;CCN(CC)CC1CCN(C(=O)Nc2ccn(C)c(=O)c2)C1;CCc1cc(NC(=O)N2CCC(OCC3CC3)CC2)n(C)n1;Cc1nc(C)c(CC(=O)N2CCN(CC(C)C)CC2)c(=O)[nH]1;Cc1nc(C)c(CC(=O)NC(C)CN2CCCCC2)c(=O)[nH]1;CCOc1ncccc1C(=O)NCC(C)N1CCN(C)CC1;Cn1nccc1C1CCCCN1C(=O)COC1CCNCC1;CN1CCC(OCC(=O)N2CCCC2c2cnn(C)c2)CC1;CCOC1CCN(C(=O)Nc2cnc(C(C)(C)C)nc2)CC1;Cc1nn(C(C)C)cc1C(=O)N1CCNC(=O)C1CC(C)C;CC(C)N(C(=O)Cn1nc2n(c1=O)CCCCC2)C1CCC1;Cn1cnnc1C1CC(O)C(CNC(=O)C2CCCCC2)C1;COC1CC(C(=O)N2CCC(Cn3cccn3)CC2)N(C)C1;Cc1n[nH]c(C(C)C)c1C(=O)N1CCN(CC(C)C)C(=O)C1;Cc1nc(C2CCCCN2C(=O)CC2(O)CCCCC2)n[nH]1;CC(C)c1nnc2n1CCN(C(=O)COC1CCCCC1)C2;COc1ccc(CN2CCN(C(=O)NC(C)(C)C)CC2)cn1;CCC1C(=O)N(CC)CCN1C(=O)C(C)c1c(C)n[nH]c1C;CCC1OCCCC1C(=O)N1CCN(c2cc(C)[nH]n2)CC1;CCOC1CCCN(C(=O)NC2CCCc3c2cnn3C)C1;O=C(c1cnn(CCN2CCCCC2)c1)N1CCCC(O)C1;Cc1nc(C(=O)N2CCC(C(=O)NC(C)C(C)C)CC2)c[nH]1;COC1CC(CN(C)C(=O)c2cncnc2C(C)C)N(C)C1;CC(CC1CCOCC1)NC1CCN(c2cnn(C)c2)C1=O;CCn1nccc1CN1CC(OC)CC1C(=O)N1CCCC1
m_9910fd,COC1=CC=C(C(=O)NCCOC2=CC=C(C3=CC=CC=C3)N=N2)C=C1;COC1=CC=C(C2=CC=C(OCCNC(=O)C3=CC=CC=C3)N=N2)C=C1;COC1=CC=C(CCN2C=NC3=C(NC4=CC=C(OC)C=C43)C2=O)C=C1;COC1=CC=C(CCN2C=NC3=C(NC4=CC(OC)=CC=C43)C2=O)C=C1;COC1=CC=C(CNC(=O)C2=CC=C3C(=O)N4CCCC4=NC3=C2)C=C1;COC1=CC=C(CN2C=NC3=C(C2=O)N(C)C2=CC=C(OC)C=C32)C=C1;COC1=CC=C2C(=C1)C1=C(C(=O)N(CCC3=CC=C(O)C=C3)C=N1)N2C;COc1ccc(CC(=O)Nc2ccc(-c3nc(C)cc(=O)[nH]3)cc2)cc1;COC1=CC=C(NC(=O)C(=O)N2CCC3=C(C2)C2=CC=CC=C2N3)C=C1;Cn1nc(C(=O)NCc2ccc(OCc3ccccc3)cc2)ccc1=O;COc1ccc(CN(C(=O)c2cc(-c3cccnc3)on2)C2CC2)cc1;COc1ccc(C(NC(=O)c2ccc(=O)n(C)n2)c2ccccc2)cc1;COC1=CC=CC(C(=O)NCCOC2=CC=C(C3=CC=CC=C3)N=N2)=C1;COc1ccc(Cn2nccc2NC(=O)C2COc3ccccc32)cc1;COC1=CC=C(CNC(=O)C2=CC=C(C3=NOC(C4CC4)=N3)C=C2)C=C1;COC1=CC=C2NC3=C(N=CN(CCC4=CC=CC=C4OC)C3=O)C2=C1;COC1=CC=C(C(=O)N2CC[C@H](C3=NN=C(C4=CC=CC=C4)O3)C2)C=C1;COC1=CC=C(C2=NN=C([C@H]3CCN(C(=O)C4=CC=CC=C4)C3)O2)C=C1;CCNC(=O)c1cccc(NC(=O)c2ccc3cc(OC)ccc3n2)c1;COc1ccc(Cn2ccc(NC(=O)C3COc4ccccc43)n2)cc1;COC1=CC=CC(NC(=O)C(=O)N2CCC3=C(C2)C2=CC=CC=C2N3)=C1;COc1ccc2cc(C(=O)N3CCc4ccccc4C3C(N)=O)[nH]c2c1;COC1=CC2=C(C=C1OC)C1=C(N2)C(=O)N(CCC2=CC=CC=C2)C=N1;COC1=CC=C(CCN2C=NC3=C(NC4=CC=CC=C43)C2=O)C=C1OC;COc1ccccc1CCC(=O)Nc1cnc(-c2cccc(O)c2)nc1
m_997dbc,CCOC(=O)C1CCN(S(=O)(=O)c2cc(Br)ccc2OC)CC1;CCOC(=O)C1CCCN(S(=O)(=O)c2ccc(Br)c(OC)c2)C1;COc1ccc(S(=O)(=O)c2csc3c2NC(=O)CC3c2ccsc2)cc1;O=C(Nc1cccnc1)c1cc(S(=O)(=O)Nc2ccc(F)cc2)ccc1Cl;CC(c1ccc(Cl)cc1)S(=O)(=O)CC(=O)Nc1ccc(C(F)(F)F)cc1;C=CC(O)C(C(=O)NOS(=O)(=O)O)[C@@]1(S)O[C@H](CO)[C@@H](O)[C@H](O)[C@H]1O;Cn1nc(C2CC2)nc1CNC(=O)c1cc(Br)cc2c1NC(=O)CO2;O=C(CCC(=O)OCC(=O)C1=CC=C(Br)C=C1)NC1=CC=C(O)C=C1;COC1=CC=C(C(=O)CC2(O)C(O)=NC3=CC=C(Br)C=C32)C(OC)=C1;Cc1nc(-c2nc3c(s2)CN(C(=O)COc2ccc(Cl)cc2)CC3)cs1;COC1=CC=C(C(=O)CC2(O)C(O)=NC3=CC=C(Br)C=C32)C=C1OC;CC1=CC=C(NC(=O)CN2C(Br)=NC3=C2C(=O)N(C)C(=O)N3C)C=C1;CC1=CC(NC(=O)CN2C=NC3=C2C(=O)N(C)C(=O)N3C)=CC=C1Br;CC1=CC(Br)=CC=C1NC(=O)CN1C=NC2=C1C(=O)N(C)C(=O)N2C;N#Cc1cc(F)cc(Oc2ccc3c(c2C(F)F)C(O)C(F)(F)S3(=O)=O)c1;C/C(=N\C1=C(Cl)C=C([N+](=O)[O-])C=C1Cl)C1=C(O)N(C)C2=CC=CC=C2C1=O;C=CCSc1nnc(NC(=O)c2nn(-c3cccc(Cl)c3)ccc2=O)s1;O=C(NC(CO)c1ccc(Cl)cc1C(F)(F)F)c1cc2c(s1)CCOC2;O=C(O)C1CCCN1c1nc(-c2ccc(Cl)c(Cl)c2)cc(C(F)(F)F)n1;CO/N=C(/C(=O)N[C@@H]1C(=O)N2C(C(=O)[O-])=CCS[C@H]12)C1=CN=C(N)S1.[Na+];CO/N=C(\C(=O)N[C@@H]1C(=O)N2C(C(=O)[O-])=CCS[C@H]12)C1=CSC(N)=N1.[Na+];CC(CC(=O)N1C(=O)C(C)(C)[C@@H](O)[C@H]1CC(C)C(Cl)Cl)C(Cl)Cl;COC(=O)[C@@H](CC1=CC=CC(I)=C1)NC(=O)OC(C)(C)C;O=C(O)c1cccc(Cc2cc(Cl)ccc2OCc2ccc(Cl)cc2F)n1;COC(=O)[C@@H](CC1=CC=C(I)C=C1)NC(=O)OC(C)(C)C
m_99e777,CC(SCc1ccccc1)C(=O)NCCC(=O)N(C)C;O=C(C1=CC=CC=C1)N1CCN(C(=O)C2=CC=CC=C2)CC1;N#Cc1ccc(OCC(=O)NCCCc2ccccc2)cc1;O=C(CN1CCc2ccccc2C1=O)NCc1ccccc1;N#Cc1cccc(OCC(=O)NCCCc2ccccc2)c1;CCOC(=O)N1CCN(C(=O)Cc2ccccc2F)CC1;CC(CNC(=O)CSc1ccccc1)N1CCOCC1;CC(C)NC(=O)CNC(=O)C(C)SCc1ccccc1;O=C(CC1=CC=CC=C1)N/C=C\NC(=O)CC1=CC=CC=C1;CSc1ccccc1C(=O)NCC(C)N1CCOCC1;O=C(Cc1ccccc1)NCC(=O)N1CCc2ccccc21;CC(C)(CNC(=O)c1ccccc1)N1CC[S+]([O-])CC1;O=C(COC1=CC=CC2=C1C=CN2)NCCC1=CC=CC=C1;CSc1ccc(OCCN2CCC(C(N)=O)CC2)cc1;COC1=CC=C2NC(=O)C(CNCC3=CC=CC=C3)=CC2=C1;COC1=CC=C([C@H](O)C2=NC=CN2CC2=CC=CC=C2)C=C1;CSCc1cccc(CNC(=O)N2CCCC(O)C2)c1;CN1C=C(C(=O)NCCC2=CC=C(O)C=C2)C2=CC=CC=C21;COc1cccc(SCC(=O)NC2CCCN(C)C2)c1;COC1=CC=C2NC=C(CCNC(=O)C3=CC=CC=C3)C2=C1;CC1=CC=C(CN2C(=O)CN(C)C(=O)C3=CC=CC=C32)C=C1;CCSc1ccc(C(C)NC(=O)N2CCOCC2)cc1;CSCc1cccc(CNC(=O)N2CCCC2CO)c1;COC1=CC=C2C(CCNC(=O)C3=CC=CC=C3)=CNC2=C1;COC1=CC=C(C(=O)NCCC2=CNC3=CC=CC=C23)C=C1
m_9b41d0,CCOC1=CC=C(C(=S)N2CCOCC2)C=C1OC;CSCCC(NC(=O)CCc1ccccc1)C(=O)O;CSCC[C@@H](NCCC(=O)C1=CC=CC=C1)C(=O)O;CN(Cc1cccs1)C(=O)C1CCC(C(=O)O)CC1;CC(Cc1cccs1)C(=O)N1CCCC(C(=O)O)C1;O=C(O)C1CCCCN1C(=O)CCCc1cccs1;Cc1ccc(CCCC(=O)N2CCCC2C(=O)O)s1;Cc1ccc(F)c(OCC(=O)N2CCCC2C(=O)O)c1;COCC1(C(=O)O)CCCN1C(=O)c1ccccc1F;CCc1ccsc1C(=O)NC1CCC(C(=O)O)CC1;CC(C)NC(=O)CSCc1cccc2c1OCCO2;Cc1ccccc1CC(=O)N(C)C1CCS(=O)(=O)C1;CCc1ccsc1C(=O)N(CC(C)C(=O)O)C1CC1;CC1(C(=O)O)CCN(C(=O)CCCc2cccs2)C1;CCc1ccsc1C(=O)NC1CCCCC1C(=O)O;CC(Cc1cccs1)C(=O)N1CCC(C)(C(=O)O)C1;Cc1cccc(C(=O)N2CCS(=O)(=O)C(C)(C)C2)c1;Cc1cscc1C(=O)N1CCCCC1CCC(=O)O;CC(C)(C(=O)N1CCCC(C(=O)O)C1)c1cccs1;Cc1cc(C(=O)N2CCOCC2CC(=O)O)ccc1F;CC(C)c1ccsc1C(=O)N1CCCC(C(=O)O)C1;Cc1ccc(F)c(C(=O)N2CCOC(C)(C(=O)O)C2)c1;Cc1ccc(CCCC(=O)N2CCC(C(=O)O)C2)s1;Cc1ccc(F)cc1C(=O)N1CCOC(CC(=O)O)C1;COC(=O)C(C)(C)NC(=O)CSc1ccc(C)cc1
m_9b8030,COc1ccccc1NC(=O)C(=O)NCC(C)CN1CCN(C)CC1;CCOc1ccc(NC(=O)C(=O)NCCCN2CCN(C)CC2)cc1;CNC(=O)NC(=O)CCN1CCN(C(C)c2ccccc2OC)CC1;COc1ccccc1CCNC(=O)CNC(=O)NC1CCC(N)CC1;COc1c(C)cnc(CNC(=O)NCCC(=O)NC2CCCC2)c1C;COc1ccnc(N2CCN(C(C)C(=O)NCC3CCCO3)CC2)c1;CCN1CCC(NC(=O)NCCOc2cccc(NC(C)=O)c2)CC1;COc1ccc(C)cc1NC(=O)CNC(=O)CN1CC(C)C(CN)C1;CCCOc1ccc(CNC(=O)NC2CCC(C(=O)NC)CC2)cn1;COc1cccc(CNC(=O)N2CCN(C3CCOCC3)CC2C)n1;CCOc1ccccc1CN1CCN(C(=O)CNC(=O)NC)C(C)C1;COC1CC(CO)N(CCC(=O)N2CCN(c3ccccn3)CC2)C1;COC1CC(CO)N(C(=O)CCN2CCN(c3ccccn3)CC2)C1;CCC(CCNC(=O)NCc1ccc(C)nc1OC)N1CCCC1=O;CCOc1cccc(N2CCN(C(=O)C3CC(OC)CN3C)CC2)n1;Cc1cc(C)c(CNC(=O)N2CCN(CC3CCCO3)CC2)c(=O)[nH]1;CN1CCC(N[C@@H]2CO[C@H](CNC(=O)NC3=CC=CC=C3)[C@H]2O)CC1;COc1c(C)cnc(CNC(=O)NCCN2CCCCCC2=O)c1C;COCC1CC(OC)CN1C(=O)CN1CCN(c2ccccn2)CC1;Cn1nc(C2CCCCC2)cc1NC(=O)CN1CCCCC(O)C1=O;CC(C)C1OCCCC1CNC(=O)Nc1ccnc(C(=O)N(C)C)c1;CCOc1cnc(C(=O)NCC2(N3CCCCC3)CCOCC2)cn1;COCCN1CCC(NC(=O)N2CCC(Oc3cccnc3)C2)CC1;CCNC(=O)CN1CCCN(C(=O)c2cc(O)nc(C(C)C)c2)CC1;Cc1cccc(C(=O)NC2CCN(CC3(O)CCCCC3)CC2)c1F
m_9b95d4,COC1=CC=CC(N2C(=O)C(C(=O)NCCC3=CC=CC=C3)=C(O)C3=CC=CN=C32)=C1;COC1=CC=CC=C1N1C=NC2=CC(C(=O)NCCC3=CC=C(O)C=C3)=CC=C2C1=O;CC1=C(CN2C(=O)CO[C@H](C3=CC=C(NC(=O)C4CCC4)C=C3)[C@H]2CO)SC=N1;CC1=CSC(C2=COC3=C(C)C(O)=C(CN4CCN(CCO)CC4)C=C3C2=O)=N1;COc1ccc(CNC(=O)c2nn(-c3ccccc3)c3ccccc3c2=O)c(OC)c1;COC1=CC=C(CN2C(=O)NC3=CC(C(=O)NCC4=CC=CC=C4)=CC=C3C2=O)C=C1;COCCNC(=O)[C@@H]1C[C@@H](O)[C@H](O)[C@@H]2NC(=S)N(C3=CC=CC4=CC=CC=C34)[C@@H]21;C[C@H](OC1=CC=C2C(=C1)C1=CC=NC3=C1N2C(=O)C1=CC=CC=C13)C(=O)NCCCO;COC1=CC=C2C3=C(C4=CC=CC=C4C3=O)N(CCCN3C=CC=N3)C(=O)C2=C1OC;COCCCNC(=O)COC1=CC=C2C(=C1)C1=CC=NC3=C1N2C(=O)C1=CC=CC=C13;COC1=CC=C(CNC(=O)COC2=CC=CC=C2C2=NN=C(C3=CC=CC=C3)O2)C=C1;COC1=CC=C2C3=C(C4=CC=CC=C4C3=O)N(CCN3C=CC(C)=N3)C(=O)C2=C1OC;O=C(NO)c1ccc(Cn2c(=O)n(CCc3ccccc3)c(=O)c3ccccc32)cc1;COC1=CC=C2C3=C(C4=CC=CC=C4C3=O)N(CCCN3C=CN=C3)C(=O)C2=C1OC;COCCC(=O)NC1=CC=C2[C@@H]3C[C@H](CN(C(=O)CC4=CC=CS4)C3)CN2C1=O;CCOC(=O)N1CCC(NC(=O)c2ccccc2N(C)C(=O)c2cccs2)CC1;CCOC(=O)C1=CC=C(OCC(=O)C2=CC=C(O)C(CN3CCOCC3)=C2O)C=C1;COCCNC(=O)[C@H](C)OC1=CC=C2C(=C1)C1=CC=NC3=C1N2C(=O)C1=CC=CC=C13;O=C(Cc1n[nH]c(=O)c2ccccc12)N1CCCC(c2cccc(C(F)(F)F)c2)C1;O=C(Cc1c[nH]c2ccc(F)cc12)NC1CCCN(Cc2ccc(F)cc2F)C1=O;COC1=CC=C(S(=O)(=O)N2CCN3C(=O)N(CC4=CC=C(C)C=C4)C[C@H]3C2)C=C1;COC1=CC=C(CN2C[C@H]3CN(S(=O)(=O)C4=CC=C(C)C=C4)CCN3C2=O)C=C1;CCCS(=O)(=O)NC1=CC=C2[C@@H]3C[C@@H](CN(C(=O)C4=CC=CC=C4)C3)CN2C1=O;CCCNC(=O)C1=CC2=C3C(=N1)C1=CC=C(OC)C(OC)=C1C(=O)N3C1=CC=CC=C21;Cc1ccc(-c2nc(CC(=O)N(C)CC(=O)N3CCC(C(=O)O)CC3)cs2)cc1
m_9c4788,COC1=CC2=C(C=C1OC)C(=O)C1=C3C(=C(O)C=CC3=CC=N1)O2;COC1=CC=C2C=C3NC(=O)C(=O)C4=C3C(=C(OC)C(O)=C4)C2=C1;COC1=CC=C2C(=O)C3=NC=CC4=CC=C(O)C(=C34)OC2=C1OC;COC1=CC=C2C(=O)C3=NC=CC4=CC=C(OC)C(=C34)OC2=C1O;CC(=O)c1ccc(OC(=O)c2cc(O)nc3ccccc23)cc1O;COC1=CC=CC=C1OC1=COC2=CC(OCC#N)=CC=C2C1=O;COC1=CC=C(OC2=COC3=CC(OCC#N)=CC=C3C2=O)C=C1;COC1=CC=CC(OC2=COC3=CC(OCC#N)=CC=C3C2=O)=C1;C/C(=N\C1=CC=C(C(=O)O)C(O)=C1)C1=CC2=CC=CC=C2OC1=O;O=C(O)C1=C(C2=CC=CC=C2)C(C2=CC=C(O)C=C2)=C(C(=O)O)N1;COC1=CC=C2C3=C(C4=CC=CC=C4C3=O)N(O)C(=O)C2=C1OC;COc1cc(S(=O)(=O)Nc2ccccc2O)c(OC)cc1C;COC1=CC(O)=C2C(=C1)C(=O)[C@@H]1NC=CC3=C1C2=C1OCOC1=C3;COC(=O)C1=CC=CC(NC(=O)C2=CC3=CC=CC=C3OC2=O)=C1;COC1=CC=C(OC)C2=C1C=C1N=C(O)C3=C1C2=C1OCOC1=C3;COc1ccc(S(=O)(=O)Nc2ccc(C)c(O)c2)cc1OC;COC1=CC=C2C(=C1OC)C=C1N=C(O)C3=C1C2=C1OCOC1=C3;COC1=CC(OC)=C2C=C3N=C(O)C4=C3C(=C3OCOC3=C4)C2=C1;COC1=CC=CC2=C1C(OC)=C1NC(=O)C3=C1C2=C1OCOC1=C3;NC1=C2C(=O)C3=C(O)C=CC=C3C(O)=C2C2=C(O)C=C(CO)C=C12;N=C1C2=CC(CO)=CC(O)=C2C2=C1C(O)=C1C(O)=CC=CC1=C2O;CC1=CC2=C(C(CC(=O)O)=C(C3=CC4=CC=CC=C4O3)O2)C(=O)N1;COC1=CC=C2C(=C1OC)C(=O)N1C2SC(C)(C)[C@H]1C(=O)O;O=C(CNC(=O)C1=CC=CC=C1)OC1=CC=C2C=CC(=O)OC2=C1;CC1=CC2=C(C(=O)N1)C(C1=COC3=CC=CC=C3C1=O)CC(=O)O2
m_9dc5c4,O=C(O)CCC(NC(=O)CCn1nnc2ccccc2c1=O)C(=O)O;COC1=CC2=C(C3=CN=CC4=CC(O)=C(OC)C=C34)C=NC=C2C=C1O;COC1=CC=C(C2=NC(C(=O)O)=CC3=C2NC2=CC=CC=C23)C=C1OC;NC(=O)c1ccc(COC(=O)c2cccnc2Oc2ccccc2)cc1;COC1=CC(C2=NC(=O)C(C3=CNC4=CC=CC=C34)=C2)=CC(OC)=C1O;O=C(NC(Cc1c[nH]c2ccccc12)C(=O)O)c1cc2ccccc2o1;Cc1cc(C(=O)NC(=O)CC(NC(=O)c2ccco2)C(=O)O)nn1C;Nc1cnn(C2OC(COC(=O)c3ccccc3)C(O)C2O)c(=O)n1;CC1=NC2=CC=CC=C2C(=O)N1CCOC(=O)C1=CC2=CC=CC=C2O1;O=C(Cc1c[nH]c2ccccc12)NCc1c(C(=O)O)oc2ccccc12;COc1cc(CNC(=O)c2ccc3[nH]nnc3c2)ccc1OC(F)F;O=C1C[C@@H](C2=CC=C(O)C=C2)C2=C(N1)C(C(=O)O)=CN2C1=CC=CC=C1;CN1C=C(/C=C2\OC3=CC(OCC(N)=O)=CC=C3C2=O)C2=CC=CC=C21;CC1=CC(=O)OC2=CC(OCC(=O)NC3=CC=CC4=C3C=CN4)=CC=C12;CCC[C@H](NCC1=C(COP(=O)(O)O)C=NC(C)=C1O)C(=O)O;O=C1C[C@@H](C2=CC=CC(O)=C2)C2=C(N1)C(C(=O)O)=CN2C1=CC=CC=C1;Cc1cc(C)c2oc(-c3cc(NC(=O)c4ccco4)ccc3O)nc2c1;CC1=CC(=O)OC2=CC(OCC(=O)NC3=CC=C4NC=CC4=C3)=CC=C12;COC1=CC2=CC(C3=CN=CC4=CC(O)=C(OC)C=C34)=NC=C2C=C1O;CC1=CC(=O)OC2=CC(OCC(=O)NC3=CC=C4C=CNC4=C3)=CC=C12;O=C(O)C1Cc2ccccc2CN1C(=O)c1cc(-c2ccccc2)no1;CC(=O)OC1=CC=C(N2C(=O)CC(C3=CNC4=CC=CC=C34)C2=O)C=C1;CCC(=O)OC1=CC=C2C=C(C3=NC4=CC=CC=C4N3C)C(=O)OC2=C1;CCC1(O)C(=O)OCc2c1cc1cc3[nH]c4ccccc4cc3n1c2=O;CCC(=O)N1CCN(C(=O)c2c(F)cc(OC(F)F)cc2F)CC1
m_9e99f7,CC1(C)NC(=O)N(CCCC(=O)NCCc2cnn(-c3ccccc3)c2)C1=O;CCn1nc(C)cc1C(=O)Nc1ccccc1C(=O)N1CCC(C(N)=O)CC1;COCCN1C(=O)CC2(CCN(C(=O)NC3=CC=CC=C3)CC2)N2N=CC=C12;CC(=O)NCC1CCCN(C(C(=O)Nc2ccc(F)cc2)c2ccccc2)C1;NC(=O)C1CCN(C(=O)CNC(=O)N2CCC3=C(C2)NC2=CC=CC=C32)CC1;CC(C)(C(=O)N1CCC(CNC(=O)c2ccccn2)CC1)c1ccc(F)cc1;CC(CNC(=O)N1CCCC1C(=O)NC1CC1)c1nc(-c2ccccc2)no1;COc1cccc(C(=O)NCC(=O)N2CCN(c3cc(C4CC4)n[nH]3)CC2)c1;CN1CCN(C(=O)Cn2cc(NC(=O)C3COc4ccccc4C3)cn2)CC1;O=C(NCC1=NOC([C@@H]2CCC(=O)N2CC2=CC=CC=C2)=N1)NC1CCCC1;CC(CO)(CNC(=O)NCCc1c[nH]c2ccc(F)cc12)Cc1ccccc1;O=C(Cn1nc2n(c1=O)CCCCC2)NCC(=O)N1CCc2ccccc2C1;COCCN1CCN(C(=O)NC2CCCc3cc(OC(F)F)ccc32)CC1;CN1CCN(Cc2ccccc2OCC(=O)NCC2CC2)c2cc(F)ccc21;COCC1(CNC(=O)CC(NC(C)=O)c2c(F)cccc2F)CCNCC1;Cc1cccc(C)c1NC(=O)CN1CCC(c2nc3c(s2)CCCC3)CC1;COc1ccc(C(=O)Nc2c[nH]nc2C2CCCN(C(=O)NC3CC3)C2)cc1;CNC(=O)c1ccc(CN(C)C(=O)Nc2cccnc2N2CCOCC2)cc1;C#CCNC(=O)CC[C@@H]1CNC(=O)[C@@H]2C[C@H](NC(=O)NC3=CC=CC=C3)CN12;O=C(NC1CCN(Cc2ccccc2F)CC1)NC1CCOc2ccccc21;COC1=CC=CC=C1NC(=O)N1CCC2(CC1)CC(=O)N(C)C1=CC(C)=NN12;COC1=CC=C2N=C(C[C@H]3CN(CC4=CN=CN4)CC[C@H]3CC(=O)O)NC2=C1;CC(C)C1=CC=C(N2C(=O)N[C@@H](CCC(=O)NCCC3=CNC=N3)C2=O)C=C1;COC1=CC=CC(NC(=O)N2CCC3(CC2)CC(=O)N(C)C2=CC(C)=NN23)=C1;COC1=CC=C(NC(=O)N2CCC3(CC2)CC(=O)N(C)C2=CC(C)=NN23)C=C1
m_9f1fb6,CCCCCCCCCCCCC(=O)NCC(=O)O;CCCCCCCCC(=O)NCCCCCC(=O)O;CCCCCCCCCC(=O)NCCCCC(=O)O;CCCCCCCCCCC(=O)NCCCC(=O)O;CCCCCCCCCCCC(=O)NCCC(=O)O;CCCCCCCCCCN1CC(O)CC1C(=O)O;CCCCCCCCCCCC(=O)NC(C)C(=O)O;CCCCCC(O)C=CCNCCCCCC(=O)O;CCCCCCCCC(C)N1CC(O)CC1C(=O)O;CCCCCCCCCCCC(=O)N(C)CC(=O)O;CCCCCCCCC(=O)NC(CC(C)C)C(=O)O;CCCCCCCCCC(=O)NC(C(=O)O)C(C)C;CCCCC[C@H]1CCC[C@H](CC(=O)OC)N1CCO;CCCCCC(O)C=CCNC(C(=O)O)C(C)CC;CC(C)CCN1CCC(CNC(=O)NCCO)CC1;CCNC(=O)N1CCC(CN(CCO)C(C)C)CC1;CCC(O)CN(C)CC1CCN(CC(=O)NC)CC1;COC(=O)CCCCCCCC1CCC(O)C(C)N1;CCCCCCCCC=CCNC(C(=O)O)C(C)O;CCN(CCNC(=O)N1CC(C)OC(C)C1)C(C)C;CCCC(O)CC1CC(O)CC(CC(=O)CC)N1C;CC(C)[C@H](C[C@H](O)[C@@H](N)CC1CCCCC1)C(=O)O;CC(C)N(C)CC(=O)N1CCN(CC(C)(C)O)CC1;CCCCCC(=O)NC(C(=O)OC(C)(C)C)C(C)C;CCCCCCCCC[C@H](OC(C)=O)[C@@H](C)NC=O
m_9fcc62,COc1cccc2ncnc(N3CCN(C)CC3)c12;Cn1cc(C2CCN(Cc3ncccc3O)C2)cn1;Cc1ccc2c(c1)CCCN2Cc1nn(C)c(=O)[nH]1;CCC(=O)N1CCN(c2cccc3[nH]ncc23)CC1;CCOc1ccc(CN2CCn3cnnc3C2)cc1;Cc1cccc(N2CCC(c3nc(C)no3)CC2)n1;Cc1ccc(-n2cc(CN3CCOCC3)nn2)cc1;Cc1ccc(NC(=O)CCn2nc(C)nc2C)cc1;Cc1ccc2c(c1C)N(Cc1nc(=O)[nH][nH]1)CCC2;Cc1nnc(CN2CCC(c3ccncc3)CC2)o1;CNC(=O)c1ccc(N2CC3CC=CCC3C2)nn1;CC(=O)N1CCCN(c2nc3ccccc3[nH]2)CC1;COc1cncc(CN2CCCC2c2ncc[nH]2)c1;CN(C(=O)N1CCC(CC#N)CC1)c1cccnc1;Cc1cccc(C)c1NCc1nnc2n1CCOC2;CC1CN(C)CCN1C(=O)c1cccc2cn[nH]c12;COc1ccc(CNc2nnc(C3CC3)n2C)cc1;CNc1nc(N2CCC(C)(O)C2)nc2ccccc12;CNC(=O)C1CCCCN1c1ccc(C#N)c(C)n1;O=c1[nH]nc(C2CCCN(Cc3ccccc3)C2)[nH]1;O=C(Nc1cncnc1N1CCCC1)C1CC=CC1;Cc1ccn2ncc(C(=O)N3C(C)CCC3C)c2n1;Cc1nc(CC2CCCN(c3ccccn3)C2)no1;Cn1cc(C2CCCN2C(=O)c2cccn2C)cn1;Cc1cc(N2CCCC2c2cc(C)on2)nc(C)n1
m_a06450,CC(C)C(=O)NC(Cc1c[nH]c2ccccc12)C(=O)NC1CCCC1CCO;CC(=O)CCCC(=O)NCCCCNC(=O)CCCc1c[nH]c2ccccc12;CCC(C)C(=O)C(=O)N(C)[C@H](C(=O)NCCC1=CNC2=CC=CC=C12)C(C)C;NCCCCC(NC(=O)C(CCCCN)NC(=O)C1CCC(=O)N1)C(=O)O;CCOc1cccc2[nH]cc(CC(=O)NC3CCN(CC4CCOC4)CC3)c12;CCCCCC(=O)N1CC[C@@H](CC(=O)O)[C@@H](CC2=NC3=CC=C(C)C=C3N2)C1;CCC(CC)C(=O)N1CC[C@@H](CC(=O)O)[C@@H](CC2=NC3=CC=C(C)C=C3N2)C1;CCCNC(=O)C1CCCN(C(=O)C2CCCN2C(=O)Cc2ccccc2)C1;CC(C)[C@@H]1NC(=O)C2=CC=CC=C2N(CC(=O)NC2CCCCCCC2)C1=O;CC[C@H]1CN(C(=O)C2=CC=CC=C2)CC[C@H]1CC(=O)N1CC[C@@H](NC(C)=O)C1;Cc1cccc2[nH]cc(CCNC(=O)N3CCC(OCC4CCCO4)CC3)c12;CCCCCC(=O)N1CC[C@@H](CC(=O)O)[C@@H](CC2=NC3=CC=CC=C3N2C)C1;CNC(=O)c1ccc(C2CCCCN2CC(O)COCc2ccccc2)n1C;CCC(CC)C(=O)N1CC[C@@H](CC(=O)O)[C@@H](CC2=NC3=CC=CC=C3N2C)C1;CN(C(=O)CCNC(=O)C1CCCN1C(=O)C1CCCCC1)c1ccccc1;CC1=CC=C2N=C(C[C@H]3CN(C(=O)CC(C)(C)C)CC[C@H]3CC(=O)O)NC2=C1;CC[C@H]1CN(C(=O)C2=CC=CC=C2)CC[C@H]1CC(=O)N1CCC(C(N)=O)CC1;Cc1oc2ccccc2c1CCNC(=O)N1CCC(C)(N2CCOCC2)CC1;COc1cccc(CC(=O)N2CCN(C(=O)CC3CC4CCC(C3)N4)CC2)c1;C[C@H]1C[C@@H]2[C@@H](CC(=O)N2CCN2CCOCC2)[C@@H]1CNC(=O)C1=CC=CC=C1;CC(C)CC(C(=O)Nc1cccc(CN2CCCC2=O)c1)N1CCCCC1=O;C=CCNC(=O)N1CC[C@@](C)(O)[C@@H](NC(=O)C2CCCC2)[C@@H]1C1=CC=CC=C1;CN1C(C[C@H]2CN(C(=O)CC(C)(C)C)CC[C@H]2CC(=O)O)=NC2=CC=CC=C21;COc1ccc2[nH]c(=O)c(CCC(=O)NCCCN3CCCC(C)C3)cc2c1;CC1=CC=C2CCN=C(C[C@H]3CN(C(=O)NC(C)C)CC[C@H]3CC(=O)O)C2=C1
m_a0edff,COc1ccc(CCNC(=O)CN2CCC(C(N)=O)CC2)cc1;COc1ccc(CNC(=O)N2CCN3CCC2CC3)c(OC)c1;COc1ccccc1N1CCC(NC(=O)CN(C)C(C)=O)CC1;COc1ccccc1N1CCN(C(=O)NCC2CCCO2)CC1;CCOc1ccccc1N1CCN(C(=O)CCNC(C)=O)CC1;CNC(=O)NC(=O)CN1CCCC(Cc2ccccc2OC)C1;COc1ccccc1C(CNC(=O)NC1CC1)N1CCOCC1;COc1ccccc1CN1CCN(C(=O)C2COCCN2)CC1;COc1cccc(CC2CCN(C(=O)CCNC(N)=O)CC2)c1;CNC(=O)COc1ccc(CNC(=O)N2CCCCCC2)cc1;COc1cccc(NC(=O)CCN2CCCN(C(C)=O)CC2)c1;COc1ccc(CCNC(=O)C(C)N2CCC(C(N)=O)C2)cc1;COc1ccnc(CN2CCC(C(O)C(=O)NC3CC3)CC2)c1;Cc1cccc(OCCC(=O)N2CCCN(C(N)=O)CC2)c1C;COc1cccc(CC(NC(C)=O)C(=O)N2CCCC(N)C2)c1;COC(CNC(=O)N1CCCN(C(C)=O)CC1)c1ccccc1;COc1ccccc1CC1CCCN(C(C)C(=O)NC(N)=O)C1;COCCN1C[C@H]2CN(CC3=CC=CC(OC)=C3)CCN2C1=O;CCNC(=O)[C@@H]1CCCN1[C@@H](C(=O)NC)C1=CC=CC=C1OC;COCc1ccccc1CNC(=O)N1CCCN(C(C)=O)CC1;CCNC(=O)[C@@H]1CCCN1[C@@H](C(=O)NC)C1=CC=C(OC)C=C1;COc1ccc(C2CCCCCN2CCC(=O)NC(N)=O)cc1;Cc1ccc(C)c(OC2CCN(CCC(=O)NC(N)=O)CC2)c1;CCc1nc(C)ccc1OCC(=O)NC1CCN(C(C)=O)CC1;NC(=O)CN1CCC(NC(=O)CCCOc2ccccc2)CC1
m_a12514,O=C(O)CCCN1CCCCC1c1cc2ccccc2[nH]1;CC1(NC(=O)CN2CCCCC2=O)Cc2ccccc2C1;CC(=O)N1CC[C@H]2CC(=O)N(C3=CC=CC=C3)CC[C@H]2C1;O=C(CN1CCCCC1CCO)C1=CNC2=CC=CC=C12;O=C1CCC(C(=O)N2CCCC2Cc2ccccc2)CN1;CN1CC(C(=O)N2CCC(Cc3ccccc3)C2)CC1=O;COC1CCCN(C(=O)Cc2cn(C)c3ccccc23)C1;O=C(NC1CC=CC1)N1CCOC(Cc2ccccc2)C1;CN1C(=O)CCCC1C(=O)N1CCCc2ccccc2C1;OCC1CCN(c2ccccc2NCc2ccco2)CC1;CN1C=C(CC(=O)NCC2CCOCC2)C2=CC=CC=C21;CC1CCCCN1CCNC(=O)c1coc2ccccc12;CC(C)(C#N)C(=O)N1CCOC(CCc2ccccc2)C1;CC(=O)OCCC#CCN1CCCC[C@@H]1C1=CC=CN=C1;O=C1CCCCC(C(=O)N2CCC2Cc2ccccc2)N1;N#Cc1ccccc1CN1CCCC1C1COCCC1O;O=C1[C@@H](O)[C@H]2CN(CC3CC3)C[C@H]2N1CC1=CC=CC=C1;Cc1ccc(C2CCCN2C(=O)C2CCCC(=O)N2)cc1;N#Cc1ccccc1CN1CCOCC1C1CCCC1O;N#Cc1cccc(OCCN2CCC3CCC(O)C2C3)c1;CN(C)C(=O)C1CCN(Cc2coc3ccccc23)CC1;O=C(NC1=CC=CC=C1)[C@H]1CC(=O)N(C2CCCCC2)C1;Cc1cccc(C2C(=O)NCCN2C(=O)CC2(C)CC2)c1;O=C(O)c1cccnc1CN1CCCC2(CC=CCC2)C1;CC(=O)Nc1cccc(CN2CC3C4CCC(O4)C3C2)c1
m_a3c949,CCc1c[nH]c2ncnc(N3CCOC(c4ccccc4F)C3)c12;CCNc1nc(N)nc2c1ncn2C1OC(CO)C(O)C1(C)F;O=C(c1ccc(N2CCCC2)nn1)N1CCCc2ccc(F)cc21;CCN(CC)c1ncc(Cl)c(C(=O)NC2CCC(O)CC2)n1;CN1CCC2CN(C(=O)Nc3cccnc3OCC(F)F)CC21;COc1cc(CNC2CCN(c3ncccc3F)C2)ccc1C#N;Cc1cc(C2CN(Cc3cnc4cnccn34)CCO2)ccc1F;CCCCCCCCN1C(Cl)=NC2=C1C(=O)N(C)C(=O)N2C;CN1C(=O)CCC(C(=O)N2CCC(F)(F)C2)C1c1ccnn1C;Cn1cc(Cl)c(CNC(=O)N2CCC(OC3CCC3)CC2)n1;CCN(CC)C(CNC(=O)c1ccnn1C(F)F)c1ccco1;N#Cc1cc(F)ccc1CN1CCCC(c2noc(C3CC3)n2)C1;CN1C(=O)CCC(C(=O)N2CCC(F)(F)C2)C1c1nccn1C;OCC1(Cc2ccc(F)cc2)CCN(c2ncnc3[nH]ccc23)C1;COC1CCN(C2CCCC2NC(=O)Cn2cc(Cl)cn2)C1;CC(C)[C@H](N)C(=O)O[C@@H]1C[C@@H](N2C=CC(N)=NC2=O)O[C@H]1CO;CC(C)n1ncc2cc(C(=O)NCCc3ccc(F)cc3)cnc21;Cn1ncc(Cl)c1C(=O)N1CCCN(CC2CCCO2)CC1;Cc1ccc(NC(=S)N2CCN(c3ccccn3)CC2)c(C)c1;CSC(C)CC(=O)N(C)CC1CC(F)CN1c1ccncn1;CCOc1nc(N2CC3COCC3(CN(C)C)C2)ncc1Cl;Nc1ccc(C2CCCN2C(=O)C2(c3ccccc3F)CC2)nn1;Cc1nnc(C2CC23CCN(Cc2cc(C#N)ccc2F)CC3)o1;Cn1cc(Cl)c(CNC(=O)N2CCCC3(CCOCC3)C2)n1;CCC(SC)C(=O)N(C)CC1CC(F)CN1c1ccncn1
m_a5509a,CCC1CN(C(=O)c2ccc3[nH]c(=O)[nH]c3n2)CC(CC)O1;COc1ccc(OC)c(CCC(=O)NCc2ncnn2C)c1;COc1cccc(CN(C)C(=O)Cn2nc(C)n(C)c2=O)c1;COc1ncccc1CN1CCOC(C)C1c1nc(C)no1;COCCN1CC(C(=O)Nc2nccnc2C2CC2)CC1=O;COc1ccc(CCC(=O)NCc2n[nH]c(C)n2)cc1OC;COC1=CC=NC(N2C[C@@H]3OCC(=O)N(CC4CC4)[C@@H]3C2)=N1;COc1ccc(OC)c(Nc2nc(=O)c(C(C)(C)C)n[nH]2)c1;COc1ccc(CN(C)C(=O)NCc2cc[nH]n2)c(OC)c1;COc1cccc(CN2CCOC(C)C2c2nc(C)no2)n1;COCC(=O)N1CCN2C(=O)N(CC3=CC=CC=N3)C[C@H]2C1;COCc1n[nH]c(C2CCCCN2C(=O)c2ccoc2C)n1;COCCOC1=NC=CC=C1C1=NOC([C@@H]2CCCN2C)=N1;COc1ccc(C(=O)N2CCCC(N3CCNC3=O)C2)cn1;CCc1oc(C(=O)N2CC(OC)CC2c2ncn[nH]2)cc1C;COc1ncccc1CNC(=O)N(C)Cc1c(C)noc1C;CCNC(=O)NC[C@H]1COCC2=NC3=CC=C(OC)C=C3N21;CCNC(=O)NC[C@H]1COCC2=NC3=CC(OC)=CC=C3N21;COC1=CC=CC(NC(=O)N2CCN3C(=O)N(C)C[C@H]3C2)=C1;CCNC(=O)N1C[C@@H]2OCC(=O)N(CC3=CC=CC=N3)[C@@H]2C1;CCC1C(CO)CCN1C(=O)c1cc(=O)[nH]c2ncn(C)c12;COc1ccncc1CN1CC(C)OC(c2nc(C)no2)C1;COCCOC1=CC=NC(C2=NOC([C@@H]3CCCN3C)=N2)=C1;Cc1ocnc1C(=O)NCC1CCCOC1c1cnn(C)c1;Cc1ccc(C(=O)NCC2CC(c3nncn3C)CC2O)o1
m_a5bb0e,Cc1ccc(C(=O)Nc2ccccc2CN2CCSCC2)cc1;CCN1C(N/N=C(\C)C2=CC=CC=C2)=NC2=C1C(=O)NC(=O)N2C;CCN(CC)c1ncc(Cl)c(C(=O)NC2CCC(O)CC2)n1;COC1=CC=CC=C1CNC(=O)CCNC1=NC=NC2=C1N=CN2;CCCN1C(N/N=C/C2=CC=CC=C2)=NC2=C1C(=O)NC(=O)N2C;COc1ncccc1CNC(=O)Nc1cnc2c(c1)c(C)nn2C;CCn1c(C(=O)NC(C)CCc2ccccc2)cc2sccc21;Cc1ncncc1C(=O)N1CCN(c2ncccc2C(N)=O)CC1;COC1=CC=C(CNC(=O)CCNC2=NC=NC3=C2N=CN3)C=C1;CCn1cnc2c(NCc3cccc(OCC(N)=O)c3)ncnc21;COC1CC(c2nncn2C)N(C(=O)c2n[nH]c3ccccc23)C1;Cc1ccc(Sc2ccccc2C(=O)N2CCN(C)CC2)cc1;Cc1ccc(-n2nc(C(=O)N(C)Cc3n[nH]c(=O)[nH]3)cc2C)cc1;CN(C)CCn1ccc2ccc(NC(=O)c3ccncc3F)cc21;CCN1CC(NC(=O)c2cc(Cl)c(N)cc2OC)CN1CC;Cn1nccc1C1OCCC1NC(=O)Cn1nnc2ccccc21;Cc1nc2cncc(N3CCN(C(=O)c4ccoc4C)CC3)n2n1;CCn1c(NCc2ccc(C(=O)NC)cc2)nc2cc(F)ccc21;COCCn1cc(NC(=O)Nc2ccn(-c3ccccc3)n2)cn1;CC(C)(C)c1cn2nc(C(=O)NCc3ccccc3F)ccc2n1;COC1CN(C(=O)Cn2ncc3ccccc32)CC1c1c[nH]nn1;CC(C)n1ncc2cc(C(=O)NCCc3ccc(F)cc3)cnc21;COC1CN(C(=O)Cn2cc3ccccc3n2)CC1c1c[nH]nn1;CN(C)c1ncccc1C(=O)NCCc1nnc(-c2ccco2)[nH]1;Cc1cc(-n2cncn2)ccc1C(=O)N1CCN2C(=O)NCC2C1
m_a5d8e5,Cn1ccnc1C1OCCCC1CN1CCC(Nc2cccnn2)CC1;Cn1cccc1CNC1CCCN(c2cc(N3CCOCC3)ncn2)C1;Cc1nn(C)c(C)c1C1CCCN1c1cc(N2CCCC2CO)ncn1;CN1C(=O)CCC(NCc2ccnn2C2CCCC2)C1c1nccn1C;CN(C)C(=O)c1ccc(NCC2CCCN(C)C2c2cncn2C)nc1;Cn1nccc1C1OCCCC1CNC1CCN(c2cccnn2)CC1;Cc1n[nH]cc1C1CCN(c2cc(N3CCCCC3CO)ncn2)CC1;CCNC(=O)c1ccc(NCC2CCCN(C)C2c2ccnn2C)nc1;CC(C)N(C)c1ccc(CNC2CCC(=O)NC2c2cnn(C)c2)cn1;CN(C)c1ccncc1CNCC1CCC(=O)N(C)C1c1nccn1C;CCc1nc(C)cc(NCC2CCC(=O)N(CC)C2c2cnn(C)c2)n1;CN(C)C(=O)c1ccc(NCC2CCCN(C)C2c2ccnn2C)nc1;Cc1nn(C)c(C)c1C1C(NCc2ccnc(N(C)C)c2)CC(=O)N1C;CC(CCn1cccn1)NC1CCC(=O)N(C2CC2)C1c1nccn1C;CN(C)c1ccnc(C(=O)NCC2CCCN(C)C2c2cncn2C)c1;COC[C@H]1CCCN1[C@@H]1[C@H](O)[C@H](CO)O[C@@H]1CNC(=O)C1CCCC1;CCn1nc(C)c(CC(=O)Nc2ccc(N3CCN(C)CC3)cn2)c1C;CN1CCCC(CNC(=O)c2cnn3c2CCCC3)C1c1cncn1C;CCN1C(=O)CC(CNCc2cnccc2N(C)C)C1c1nccn1C;Cc1ccnc(-n2nccc2NC(=O)N(C)CCC2CCCCN2C)c1;Cc1cc(N2CCCC(NC(=O)c3ccc(NC(C)C)nc3)C2)n(C)n1;CN1CCCC(CNC(=O)c2cnn(C)c2C2CC2)C1c1cncn1C;CN1CCC(N2CCC[C@H]2C2=NC(C3=CC=C(N(C)C)N=C3)=NO2)CC1;Cc1nc(C)c(C(=O)NCC2CCCN(C)C2c2ccnn2C)nc1C;CN(C)c1ccnc(C(=O)NCC2CCCN(C)C2c2ccnn2C)c1
m_a87b11,COc1ccc(CNC(Cc2cncn2C)C(=O)O)cc1;CN(CCc1c[nH]cn1)C(Cc1ccc(O)cc1)C(=O)O;COC(=O)c1c(NC(=O)CN(C)C)c2ccccc2n1C;Cc1ocnc1CNC(=O)NC(CO)Cc1ccccc1;CCN(CC(C)(C)O)C(=O)c1n[nH]c(=O)c2ccccc12;Cc1cc(CNC(=O)NC(CO)Cc2ccccc2)on1;Cc1nc2ccccc2n1CC(=O)NC(C(=O)O)C(C)C;CCOc1ccccc1OCC(=O)Nc1c(C)n[nH]c1C;COc1ccc(CNC(=O)c2cnn(C)c2C)cc1OC;COC(=O)[C@H](C)NC(=O)NCCC1=CNC2=CC=CC=C12;CC(C)C(NC(=O)CCn1cnc2ccccc21)C(=O)O;COc1ccc(OCCC(=O)NCc2c[nH]nc2C)cc1;COc1ccc(OC(C)CNC(=O)c2cc(C)n[nH]2)cc1;COc1cc(C(=O)NCCc2cc[nH]n2)cc(OC)c1C;COc1cc(CCNC(=O)CCn2cccn2)ccc1O;CC1=NC2=CC=C(O)C=C2C(=O)N1CC(=O)NCC(C)C;CCn1nc(C(=O)NC(C)(C)CO)c(=O)c2ccccc21;CC(C)CCc1noc(COc2ccccc2C(N)=O)n1;CN1C[C@H]2CN(CC3=CC=C(C(=O)O)C=C3)CCN2C1=O;CC(C)(C)CN(CC(=O)O)C(=O)c1cn2ccccc2n1;CCCC(=O)NC(c1noc(C)n1)c1ccccc1OC;CC(C)(NC(=O)C(N)Cc1c[nH]c2ccccc12)C(=O)O;COCc1cc(NCc2cn(C)nc2C)cc(C(=O)O)c1;Cc1nc(C)c(C(=O)NCc2cccnc2OC(C)C)o1;O=C1[C@@H]2C=C(C3=CC=CC=C3)[C@@H](CC2)N1CC1=CC=CC=C1
m_a94f72,COc1cnc(C(=O)NCC2CCCCC2O)nc1;CCCNC(=O)CCNC(=O)c1ccc(OC)nc1;O=C(CCn1ccnc1)NC1CCC(C(=O)O)CC1;CCN(CC)CCNC(=O)c1cccc(C(=O)O)n1;Cc1nc(C(=O)N2CCCCC2CCC(=O)O)c[nH]1;Cn1cncc1C(=O)N(CC(=O)O)C1CCCCC1;Cc1cnn(CC(=O)NC2(C(=O)O)CCCCC2)c1;Cn1nccc1CCC(=O)NC1CCC(C(=O)O)C1;Cn1cc(CCC(=O)NC2CCCC2C(=O)O)cn1;CCCN1C(=O)CCC(C(=O)O)C1c1cncn1C;CC(CNC(=O)c1ccnn1C1CCCC1)C(=O)O;Cc1cc(C)n(CC(=O)NC2(C(=O)O)CCCC2)n1;CC1CCCC(C(=O)Nc2ccn(CC(=O)O)n2)C1;Cn1cc(C(=O)NC2(CC(=O)O)CCCCC2)cn1;CC(CC(=O)O)NC(=O)c1ccnn1CC1CCC1;CCOC(=O)C1(NC(=O)c2cc[nH]n2)CCCCC1;CC(C)c1ncncc1C(=O)NCC(C)(C)C(=O)O;Cc1nccn1CCCC(=O)N1CCC(C(=O)O)C1;Cc1cc(NC(=O)CCC2CCC(C)O2)nc(=O)[nH]1;Cc1cc(C(=O)NC2(CC(=O)O)CCCCC2)n[nH]1;Cc1cc(C)n(CCCNC(=O)C2CC2C(=O)O)n1;Cc1cnc(NCC(C(=O)O)C2CCOCC2)nc1;Cc1cc(C)n(CC(=O)N2CCC(C(=O)O)CC2)n1;CCOC(=O)c1cn(C)nc1NC(=O)CC1CCC1;COC(=O)CCNC(=O)c1cn2c(n1)CCC(C)C2
m_a98076,Cc1nc(C)c(C(=O)NC2CCN(Cc3ccccc3)C2=O)nc1C;Cc1nc2cc(O)nn2c(C)c1CCC(=O)NC(C)c1ccccc1;COc1cc(CNC(=O)C(C)n2nc(C)cc2C)c2ccccc2n1;CCCC(=O)NCCn1c(=O)n(Cc2ccccc2)c2cccnc21;Cc1nc2cc(=O)[nH]n2c(C)c1CNC(=O)C(C)Cc1ccccc1;Cc1nc2c(c(C)c1CC(=O)NC(C)c1ccccc1)c(=O)[nH]n2C;CCn1nc(C(=O)NC2C3CN(Cc4ccccc4)CC32)ccc1=O;CN(C)CC#CCNC(=O)Nc1cccn(Cc2ccccc2)c1=O;COc1nn(C)cc1CNC(=O)NC(C)c1cccc2ccccc12;Cn1cc(C#N)cc1C(=O)N1CCN(CCOc2ccccc2)CC1;CC(c1ccccn1)N(CC(=O)N1CCNC1=O)Cc1ccccc1;Cc1nc2cc(=O)[nH]n2c(C)c1CNC(=O)C(C)(C)c1ccccc1;COc1ccc(CNC(=O)NCCCn2cnc3ccccc32)cc1;COc1ccccc1CCNC(=O)c1cnc2c(cnn2C(C)C)c1;COc1ccc(CC(=O)NC(c2nnc3ccccn23)C(C)C)cc1;COc1ncccc1CN(Cc1nc2ccccc2c(=O)[nH]1)C(C)C;O=C(CCCC1=NN=C2C=CC=CN12)N[C@H](CO)CC1=CC=CC=C1;Cc1cc(C)n(CC(C)CNC(=O)c2cc3ccccc3c(=O)[nH]2)n1;Cc1cccc2nc(CNC(=O)NC(CO)Cc3ccccc3)cn12;CN(C)C(=O)c1ccc(NC2CC(=O)N(Cc3ccccc3)C2)nc1;CN(CC1(O)CCN(Cc2ccccc2)C1)C(=O)c1c[nH]c(C#N)c1;Cc1cnccc1CNC(=O)C1CC1C(=O)NCc1ccncc1C;Cc1nc(C)c(C(=O)N(C)C2CCN(c3ccccc3)C2=O)nc1C;CCc1cccc2c(CCNC(=O)c3c(C)c(C)n[nH]c3=O)c[nH]c12;O=C1CCC(C(=O)NC2CCCc3c2cnn3Cc2ccccc2)N1
m_aa5754,CCCCOC(=O)NCCOC(=O)NC1=CC=CC=C1;CC(C)C(NC(=O)CNCc1ccccc1O)C(=O)O;NCCCC(NC(Cc1ccccc1)C(=O)O)C(=O)O;NCCCC[C@@H](NC(=O)OCC1=CC=CC=C1)C(=O)O;COC1=CC(/C=C/C(=O)NCC(O)CCN)=CC=C1O;O=C(NCCOc1ccccc1)N1CCOC(CO)C1;CCOC(=O)CCC(C)NC(=O)c1ccc(C)[nH]c1=O;O=C(NCc1ccccc1OCCO)C1COCCN1;Cc1ccc(NC(=O)CCOC2CCOCC2)c(O)n1;Cc1conc1CNC(=O)CC1CCC(C(=O)O)CC1;COc1ccc(CNC(=O)C2CC(O)CN2)cc1OC;CC(C)[C@H](N)C(=O)N[C@@H](CC1=CC=C(O)C=C1)C(=O)O;CC(C)[C@H](NC(=O)[C@@H](N)CC1=CC=C(O)C=C1)C(=O)O;CCc1oc(C(=O)N2CCN(C(=O)CO)CC2)cc1C;CC(=O)N[C@@H](CC[C@H]1C=C[C@H](NC(C)=O)C=C1)C(=O)O;CN(C(=O)OCC1=CC=CC=C1)[C@H](CCCN)C(=O)O;CNC(=O)CC1(O)CCCN(C(=O)c2ccc(C)o2)C1;CC(=O)NC[C@@]1(COC2=CC=CN=C2)C[C@@H](O)[C@@H](O)C1;COc1ccc(CNC(=O)N2CCOCC2)c(OC)c1;O=C(O)C(=O)N1CCN(C(=O)CC2=CCCCC2)CC1;CC1(C)CCCC1(O)CNC(=O)c1cc(C(N)=O)co1;COCC1CCC1NC(=O)CNC(=O)c1ccoc1C;COC(=O)N(C)CC(=O)NC(CO)Cc1ccccc1;COc1cccc(OCC(=O)NCC(C)(C)C(N)=O)c1;Cc1noc(C)c1NC(=O)CC1CCC(C(=O)O)CC1
m_ab3260,CN(CC(N)=O)C(=O)c1sc(-c2ccccc2)nc1-c1ccccc1;CC(C)NC(=O)CN(C)C(=O)CSCc1nc2ccccc2s1;Cc1sc2nc(CSC(C)C(=O)N3CCCC3)[nH]c(=O)c2c1C;CC(C)(C)c1csc(C2CN(C(=O)Cc3cncs3)CCO2)n1;O=C(CSCc1nc2ccccc2s1)NCCN1CCOCC1;Cc1c(C(=O)Nc2nc3c(s2)COCC3)cccc1-c1ccccn1;CCC1CN(C(=O)c2csc(-c3ccccn3)n2)c2ccccc2O1;Cc1ccc2c(c1)N(C(=O)c1csc(-c3ccccn3)n1)CC(C)O2;Cc1cc(NC(=O)C(C)SCc2csc(C3CCCC3)n2)no1;Cc1cccc(C(=O)Nc2sc(C)c(-c3ccccc3)c2C(N)=O)n1;COC1=CC=C2C3=C(C4=CC=CC=C4C3=O)N(CCO)C(=O)C2=C1OC;Cc1cccc(NC(=O)CSc2nccn(-c3ccccc3)c2=O)c1;O=C1C[C@H](C(=O)O)N(C(=O)OCC2C3=CC=CC=C3C3=CC=CC=C32)C1;Cc1nn(C)c(S(=O)(=O)N2CCCC(CC(=O)O)C2)c1C(F)F;O=C(NC1CCCN(c2cccnc2)C1=O)c1cc2ccccc2s1;Cc1ccc(-c2nnc(SCC3CCS(=O)(=O)CC3)n2C)cc1;CCCCc1ccc(CC(Sc2nnc(N)s2)C(=O)OC)cc1;O=C(c1ccc(=O)[nH]n1)N(Cc1cccs1)C1Cc2ccccc2C1;O=C1[C@@H]2CC3=C(CN2C(=O)CN1CC1=CC=CS1)NC1=CC=CC=C31;CSCc1cc(C(=O)N2CC(O)CC2c2nc(C)no2)ccc1F;O=C(OC1=CC=C2C=C(C3=CC=CC=C3)C(=O)OC2=C1)N1CCOCC1;Cc1c(Cl)c(C(=O)N2CCC(n3cc(C(=O)O)cn3)CC2)nn1C;NS(=O)(=O)c1cnc(N2CCCCC2CCc2ccccc2)s1;O=C(O)CCN1C(=O)C(O)=C(C(=O)C2=CC=CC=C2)[C@@H]1C1=CC=CC=C1;CCn1nc(C)c(S(=O)(=O)N2CCC(C(=O)O)C(F)(F)C2)c1C
m_ab91a8,CC(C(=O)O)N1CCC(Cc2ccccc2)CC1;Cc1cccc(C2CCCCN2CC(=O)O)c1C;CCC(c1ccccc1)C1CCCN1CC(=O)O;Cc1ccccc1C1CCCN1CCCC(=O)O;CCC(=O)OC1(C2=CC=CC=C2)CCN(C)CC1;COC1=CC=C(C(=O)CCN2CCCCC2)C=C1;Cc1cccc(C2CCCN2CCC(=O)O)c1C;Cc1ccccc1CN1C(C)CCCC1C(=O)O;C[N+]1([C@@H](CC2=CC=CC=C2)C(=O)[O-])CCCCC1;Cc1ccccc1C1CC(C)N(CCC(=O)O)C1;Cc1ccc(CN2CCC(C(=O)O)CC2)cc1C;CC(C)c1ccc(CN2CCCC2C(=O)O)cc1;CC1CC(c2ccccc2)CN1CCCC(=O)O;Cc1ccc(C2C(C)CCCN2CC(=O)O)cc1;Cc1ccc(C2CCCN2CCC(=O)O)cc1C;CCC(=O)C1(C2=CC=CC(O)=C2)CCN(C)CC1;CCc1cccc(CN2CCC(C(=O)O)CC2)c1;CCOC(=O)C1(C2=CC=CC=C2)CCN(C)CC1;Cc1cccc(C2CCCCCN2CC(=O)O)c1;CCCN1CCC(c2ccccc2C(=O)O)CC1;O=C(O)CCCN1CCCC1Cc1ccccc1;Cc1ccc(C2CCCC2N(C)CC(=O)O)cc1;CC1(c2ccccc2)CCCN(CCC(=O)O)C1;COc1ccccc1C(=O)NCC1CCCCC1;O=C(O)CCCN1CCC(Cc2ccccc2)C1
m_abbd02,CNC(=O)CC1(O)CCCN(C(=O)C(F)(F)C2(O)CCCC2)C1;CCn1cc(C2OCCCC2NC(=O)Cn2ncn(C)c2=O)cn1;CN1C(=O)C2=C(N=CN2CCCC(=N)N2CCOCC2)N(C)C1=O;CN(C)c1nccnc1OC1CCCN(C(=O)N2CCNC2=O)C1;CCN1CCOC(CNC(=O)c2nonc2C)C1c1nccn1C;CCCCn1c(=O)[nH]c(=O)c2c1nc(CN1CCNC(=O)C1)n2C;CC1(C(=O)NC2CCN(Cc3ccc(F)cc3)C2=O)CCCOC1;CCN1CCOC(CNC(=O)c2nonc2C)C1c1ccnn1C;CCN1CCOC(CNC(=O)c2nonc2C)C1c1cncn1C;O=C(NCCC1CCCCO1)C1CCN(c2ccc(F)cc2)C1=O;CCn1cc(OC2COCC2NC(=O)c2nn(CC)nc2C)cn1;CC(=O)N1CCC(NC(=O)CSCc2cc(C)cc(C)c2)CC1;CCOc1cc(N2CC(OC)CC2c2n[nH]c(=O)n2CC)ncn1;CCCC1SCCN1C(=O)c1ccc(N2CCC(O)CC2)cc1;CNC(=O)CC1(O)CCCN(C(=O)CC=Cc2ccc(F)cc2)C1;Cc1ccc(CN2CCSCC2)cc1NC(=O)CC1CCCO1;CCn1c(C2CC(OC)CN2C(=O)c2cn(C)nc2C)n[nH]c1=O;Cc1ccc(C(=O)N2CCSCC2)cc1NCCC1CCCO1;CC[C@H]1CN(C(=O)C2CC2)CC[C@H]1CC(=O)NCC1=CC=CS1;CN1CC(C(=O)NCC2(c3cccc(F)c3)CCOCC2)CC1=O;CSC1(CNC(=O)N2CCCC2c2ccccc2)CCOCC1;Cc1c(CN2CCSCC2)cccc1NC(=O)CC1CCCO1;CCCC(NC(=O)Cc1ccccc1)C(=O)N1CCCSCC1;Cc1c(NCCC2CCCO2)cccc1C(=O)N1CCSCC1;CCCCN(CCCC)C(=O)CCn1c(=O)sc2ccccc21
m_acdfec,Cc1nc2c(n1C1CCN(C(=O)Cc3ccc(F)cc3)C1)CCCC2;Cc1ccccc1N1CCN(CCC(=O)Nc2ccc(F)cc2)CC1;CN1CCN(c2ccccc2CNC(=O)Cc2ccccc2F)CC1;Cc1cccc(C)c1C1CCCN1C(=O)NC(C)c1ncccc1F;CN1CCN(c2ccccc2CNC(=O)Cc2cccc(F)c2)CC1;CN1CCN(c2ccccc2CNC(=O)Cc2ccc(F)cc2)CC1;CCN(CC)CCN1C(=O)c2ccccc2NC1c1cccc(F)c1;CN1CCC(Nc2ccccc2NC(=O)Cc2ccccc2F)CC1;CC1CCc2n[nH]c(C(=O)N3CC(c4ccc(F)cc4)CC3C)c2C1;CN1CCN(Cc2ccc(NC(=O)Cc3ccc(F)cc3)cc2)CC1;CN1CCC(Nc2ccccc2NC(=O)Cc2cccc(F)c2)CC1;COC1CC(C(=O)N2CCn3c(nnc3-c3ccccc3)C2)N(C)C1;Cc1cc(C)n(CC2CCCN2C(=O)C2CC2c2ccc(F)cc2)n1;CN1CCN(Cc2ccc(NC(=O)Cc3cccc(F)c3)cc2)CC1;CN1CCC(Nc2ccccc2NC(=O)Cc2ccc(F)cc2)CC1;O=C(C1C2CCCCC21)N1CCC(c2nc3c(F)cccc3[nH]2)CC1;CC(Cc1c(F)cccc1F)NC(=O)CN1CCN(CCO)CC1;Cc1cnn(CC2CCCCN2C(=O)C2CC2c2ccccc2F)c1;COc1ccc2c(c1)CCCN2C(=O)CN1CCn2c(C)nnc2C1;Cc1ccc(CC(=O)NC2CCN(Cc3ccc(F)cc3)CC2)cn1;CCOC(=O)N1CCN(c2nc(-c3ccncc3)nc(C)c2C)CC1;Cc1cc(F)ccc1C(=O)N1CCC(CN(C)Cc2cccnc2)C1;COC1=CC=C(CCNC2=NC3=NC(C)=C(C)N=C3N2C)C=C1OC;CN(C)c1nc(N2CCCC2)ncc1NC(=O)COc1ccccc1;COC(=O)C1CC2CCCCC2N1Cc1nnnn1-c1ccccc1
m_ace790,C[C@H](NC(=O)C1=CC2=C(C=N1)NC1=CC=CC=C12)C(=O)O;COC1=CNC(C(=O)NC2=CC=CC3=C2C=CN3)=CC1=O;Cc1cccc(C(=O)NC(CC(C)C)C(=O)O)c1Cl;CNC(=O)Cc1noc(-c2cc3ccccc3cc2O)n1;N[C@]1(NC2=CC=CC=C2C(=O)O)C(=O)NC2=CC=CC=C21;CC(Cc1cccc(Cl)c1)C(=O)NCCCC(=O)O;CN1C(=O)C(=CC2=CNC3=CC=CC=C23)C(=O)N(C)C1=O;O=C(Cc1c[nH]c2ncccc12)N1CC(C(F)(F)F)C1;Cc1ccn(CC(=O)Nc2ccccc2O)c(=O)c1C#N;COc1cccnc1NC(=O)Cc1noc2ccccc12;CCC(C)C(NC(=O)c1c(C)cccc1Cl)C(=O)O;COC1=CNC(C(=O)NC2=CC=C3C=CNC3=C2)=CC1=O;COC1=CNC(C(=O)NC2=CC=C3NC=CC3=C2)=CC1=O;Cc1cccc(C(=O)N(CCC(=O)O)C(C)C)c1Cl;O=C(O)C1c2ccccc2CCN1C(=O)c1cnccn1;CCC(NC(=O)C(C)C)(C(=O)O)c1ccc(Cl)cc1;Cc1n[nH]c(C)c1NC(=O)c1cccc(C(F)(F)F)c1;CC(CC(=O)O)NC(=O)C(C)(C)c1cccc(Cl)c1;Cc1cccc(CC(=O)N2CC(O)CC2CO)c1Cl;COC1=CC=CC(C2=CC(C(=O)O)=C3C(C)=NNC3=N2)=C1;COC(=O)C(CC(C)C)NC(=O)c1ccccc1Cl;Cn1nccc1C(=O)NCc1ccc(C(F)(F)F)cc1;O=C(NCCCC(F)(F)F)c1ccnc2ccncc12;Cc1cc(Cl)c(C(=O)NC(C)C(C)C(=O)O)cc1C;Cc1cc(OCC(=O)Nc2cccc3cccnc23)no1
m_acfc1e,CC(Cc1ccc(O)cc1)NC(=O)NCCN1CCOCC1;CC(=O)Nc1ccc(OCC(O)CN2CCN(C)CC2)cc1;CNCCN(CCN(CCO)C(C)=O)C(=O)c1ccccc1;CC(C)c1ccc(CNC(CCCNC(N)=O)C(=O)O)cc1;COc1ccc(C(=O)NCC2CN(C)CCN2C)c(OC)c1;CNC(=O)COc1ccccc1CNCC1CN(C)CCO1;CC(C)c1cc(C(=O)N2CCCCC2CCC(=O)O)nn1C;CN(CC(N)=O)CC1CN(Cc2ccc(CO)cc2)CCO1;COc1ccc(CN(C)C(=O)NC2CCN(C)CC2)cc1O;Cc1n[nH]c(C)c1CC(=O)NC(CC1CCCCC1)C(=O)O;Cc1occc1C(=O)NCC(=O)NCCN1CCCCC1C;CC(NC(=O)c1ccc(CN2CCOCC2)cn1)C(C)(C)O;Cc1occc1C(=O)NC1CCN(C(=O)NCC(C)C)CC1;CCC(C)NC(=O)CCNC(=O)NCc1ccccc1OC;N#CC1CCC(CNC(=O)CN2CCCCC(O)C2=O)CC1;CCCNC(=O)CN1CCC(NC(=O)c2coc(C)c2)CC1;O=C(NC1CCN(CC2(O)CCCCC2)CC1)c1ccon1;CCc1c(C(=O)N2CCCC(O)(CC(=O)NC)C2)ccn1C;C[C@H](N)C(=O)N[C@@H](C)C(=O)N[C@@H](CC1=CC=CC=C1)[C@@H](C)O;COc1ccc(CNC(=O)N2CCC(O)CC(C)(C)C2)nc1;COC1CC(C(=O)NCc2ccnc(OC(C)C)c2)N(C)C1;CC(C)CN1CCOC(CNC(=O)c2ccn(C)c(=O)c2)C1;COC(=O)C1(CNC(=O)Cn2nc(C)cc2C)CCCCC1;COc1nc(C)cc(C)c1CN1CCCC(O)(CC(N)=O)C1;COCC1(O)CCN(C(=O)c2ccn(C3CCCC3)n2)CC1
m_aec773,O=C(c1cc(Br)cnc1C1CC1)N1CCC(F)(CO)C1;CN1CC(C(=O)NCCc2ccc(F)c(Br)c2)CC1=O;CC1CN(C(=O)Cc2cc(F)ccc2Br)CC1C(N)=O;CC1CN(C(=O)Cc2ccc(F)cc2Br)CC1C(N)=O;CCn1c(=O)cc(-c2cccc(Br)c2)c2ccc(C)nc21;CC(C)=CCN1C2=CC=C(Br)C(=O)C2=NC2=CC=CC=C21;O=C(C1CCNCC1)N(Cc1csc(Br)c1)C1CC1;CCn1c(SCc2nccn2C(F)F)nc2ccsc2c1=O;CNC(=O)C1CCCN(C(=O)c2cc(F)cc(Br)c2)C1;CCC(NC(=O)C1CCC(=O)N1)c1cc(F)cc(Br)c1;Cc1cc2c(=O)[nH]c(-c3cnc(OCC(F)(F)F)cn3)nc2s1;Cc1csc2nc(-c3cnc(OCC(F)(F)F)cn3)[nH]c(=O)c12;NC(=O)C1CCCCC1NC(=O)c1cccc(Br)c1F;Cc1c(Br)cc(F)cc1C(=O)NC1(CC(N)=O)CCC1;CC(C)(OS(=O)(=O)O)[C@@H]1CC2=CC3=C(OC(=O)C=C3)C(O)=C2O1;NC(=O)CN(Cc1cccc(Br)c1)C1CCSCC1;O=C1C2=C(OC3=C(O)C4=C(OCO4)C(O)=C13)C1=C(O)C=CC=C1CO2;NC(=O)C1(CNC(=O)c2cc(F)cc(Br)c2)CCCC1;O=S(=O)(Nc1nnc(-c2ccco2)o1)c1cccc2ncccc12;COc1cc(C(=O)O)c2c(=O)c3c(O)c4c(cc3oc2c1)COC4=O;CC1(C)OC2=CC=C3C=CC(=O)OC3=C2[C@@H](O)[C@H]1OS(=O)(=O)O;Cc1cc(C)c(Nc2nnc(SCCC(N)=O)s2)c(Cl)c1;NCC1CCN(S(=O)(=O)c2ccc(Cl)cc2C(F)(F)F)C1;O=C(O)C1=CC(C2=CC=C(C(=O)O)OC2=O)=C2C=C(O)C(O)=CC2=C1;Cc1cc2cc(CNC(=O)c3ccc(Br)cc3)ccc2[nH]1
m_aef2b4,C[C@@H]1NC(=O)C2=CC=CC=C2N2C1=NC1=CC=CC=C1C2=O;CSC(C)C(=O)N(C)Cc1nc2ccccc2c(=O)[nH]1;COC(=O)c1cccn2cc(CN3CCSCC3)nc12;CC(=O)OC1=CC=C2NC3=C(C4=CC=CN4)N=CC=C3C2=C1;O=C(NN=Cc1c(O)ccc2ccccc12)c1ccncc1;O=C(Nc1ncccn1)c1ccc(Oc2ccccc2)cc1;CSc1ncc2ccc(=O)n(C3CCCC3(C)O)c2n1;Cc1nnc(CC(=O)N2CC(C)Oc3c(F)cccc32)o1;COc1nccc(C(=O)N(Cc2cccs2)C(C)C)n1;CN(C)C1CCN(C(=O)c2nc3ccc(O)cc3s2)C1;CCc1cc2c(N3CC(C)C(C(=O)O)C3)ncnc2s1;COc1ccc(SCC(=O)Nc2cc(C)nn2C)cc1;Cn1cncc1C(=O)NCC1(C)OCCc2sccc21;CCCOC(=O)C(C)Sc1ncn(-c2ccccc2)n1;O=C1C[N+]([O-])=CC2=C(C3=CC=CC=C3N2)N1C1=CC=CC=C1;COC(=O)c1ccc(F)c(CNC(=O)c2ccnn2C)c1;Cc1cc(F)ccc1-n1ccc(C(=O)N(C)CC(=O)O)n1;O=C(NCc1nc2ccccc2[nH]1)c1coc2ccccc12;CCC1(C)COCCN1C(=O)c1nc2cnccc2s1;CC1(C)CN(C(=O)c2n[nH]c3ccccc23)CC[S+]1[O-];CCOC(=O)C1CCCN(c2ncnc3sccc23)C1;COCc1noc(C2CC(=O)N(c3ccccc3F)C2)n1;COc1cc2c(cc1OC)CN(c1nc(C)ns1)CC2;COC(=O)c1ccc(NC(=O)c2cc(C)nn2C)cc1F;CCOc1ccc(NC(=O)CSc2nccn2C)cc1
m_b047da,COc1cc(C)nc(N2CC(O)CC2c2ccc(F)cc2)n1;CCOc1cc(N2CC(O)CC2c2ccc(F)cc2)ncn1;CCOc1cc(N2CC(O)CC2c2cccc(F)c2)ncn1;COCc1nc(O)cc(N2CCCC2c2ccc(F)cc2)n1;COc1ccc(CNc2ncnc(C3CC3)c2F)c(OC)c1;CCn1nc(C)cc1C(=O)N1CC(C)Oc2cc(F)ccc21;Cn1nccc1C(=O)N1CCCC1COc1ccc(F)cc1;Cc1nc(C(=O)N2CCN(c3ccc(F)cc3)CC2)c(C)o1;Cc1cc(NC(=O)C2CCOCC2)n(-c2ccccc2F)n1;CCn1cc(C(=O)Nc2ccc(F)cc2OCC2CC2)cn1;COc1ccc(F)cc1C(C)NC(=O)c1cc2n(n1)CCC2;Cc1ccccc1-n1cc(C(=O)N2CCOC(CF)C2)cn1;Cn1ccnc1C1OCCC1NC(=O)Cc1ccc(F)cc1;Cc1c(C(=O)N2CCOC(c3ccc(F)cc3)C2)cnn1C;COc1ccccc1SCc1nnc2n1CCCCCC2;Cc1nn(C)cc1C(=O)N1CC(O)CC1c1ccc(F)cc1;Cc1ccc(F)cc1NC(=O)CCn1cnc(C)c(C)c1=O;CC(C)CNC(=O)Cn1cnc(-c2ccc(F)cc2)cc1=O;Cc1c(C2CCCN2C(=O)c2cc(F)ccc2O)cnn1C;Cn1nccc1C(=O)NCC1CCOC1c1ccc(F)cc1;COc1ccccc1SCc1nnc2n1CC(C)(C)CC2;CN1C=CC2=C(NC(=O)C3=CC4=CC=CC=C4N3C)C=CC=C21;O=C(c1nn(-c2ccccc2F)cc1O)N1CCCCCC1;Cc1ccc(NC(=O)CCn2cnc(C)c(C)c2=O)cc1F;Cc1c(C2CCCN2C(=O)c2c(O)cccc2F)cnn1C
m_b084eb,COC1=CC=C2NC3=C(CN(C(=O)CN4C(C)=CC=C4C)CC3)C2=C1;CC(=O)NCCc1nc2ccccc2n1CCCOc1ccccc1;CN1C2CCC1CN(C(=O)c1ccccc1Oc1cccnc1)CC2;CCc1noc(C)c1C(=O)N1CCC(c2cc3ccccc3[nH]2)CC1;COC1=CC=C2NC3=C(CN(C(=O)CCCN4C=CC=C4)CC3)C2=C1;Cc1cccc(C(=O)N2CCN(Cc3ccc4c(c3)CCO4)CC2)n1;CCCn1c(CCNC(=O)c2ccccc2OC)nc2ccccc21;CCOc1ccc(-c2cc3c(=O)n(CC4CCCC4)ccn3n2)cc1;CCN1CCN(C(=O)c2ccc(OCC3CC3)nc2)c2ccccc21;CN1C(=O)C2=CC=CN=C2O[C@H]2CN(CCCC3=CC=CC=C3)C[C@H]21;O=c1[nH]c2ccccc2n1C1CCN(CCOc2ccccc2)CC1;COc1ccsc1C(=O)N1CCN(CC2CCCCN2C)CC1;Cc1cccc2c(CC(=O)N3CCOCC3c3cccn3C)c[nH]c12;O=C(CN1CCOCC1)NN1C2=CC=CC=C2CCC2=CC=CC=C21;COc1ccc2cc(CNC3CCOC3c3ccnn3C)ccc2c1;COc1ccc(-n2c(CN3CCOCC3C)nc3ccccc32)cc1;Cc1cc(C(=O)N2CCN(C(=O)Cc3ccccc3C)CC2)ccn1;COc1ccc(-n2c(CN3CCOC(C)C3)nc3ccccc32)cc1;CC1C2=C(C[C@H]3C(=O)N(C4CCCC4)CC(=O)N13)C1=CC=CC=C1N2;O=C(NC1COc2ccccc21)N1CCN(Cc2ccccc2)CC1;CC1Cc2ccccc2CN1C(=O)c1cc(N2CCOCC2)ccn1;CNC(=O)CN1CCC(NC(=O)Cc2ccc(OC)c(F)c2)CC1;COC1=CC=C(CN2CC[C@H](C3=NC4=CC=C(OC)C=C4N3)C2)C=C1;CC(=O)N1CCN(c2ccccc2NC(=O)Cc2ccccc2)CC1;COc1ccccc1CC1CCCN(C(=O)c2cc(C#N)cn2C)C1
m_b0ce2a,CN1CCC2OCCN(C(=O)c3ncccc3O)C2C1;CCOc1ncnc2c1CN(C(C(=O)O)C1CC1)CC2;CC(=O)N(C)CC(=O)N1CCC(Oc2ccncc2)C1;CNC(=O)C1CCCN(C(=O)COc2cccnc2)C1;CNC(=O)C1CCCCN1C(=O)COc1cccnc1;CN1CCCCC(C(=O)Nc2ncccc2CO)C1=O;COC1=CC=CC(CN2C[C@@H]3[C@H](O)C(=O)N(C)[C@@H]3C2)=N1;CCOc1ncccc1C(=O)N1CCNC(=O)CC1C;COC(=O)C1CCN(C(=O)NCc2ccncc2)CC1;CN1CCC2OCCN(C(=O)c3cncc(O)c3)C2C1;CC(C)(C)CC(=O)OCCn1nc2ccccn2c1=O;Cn1nccc1C(=O)N1C(C(=O)O)CC2CCCCC21;CN(CC(=O)N1CC(O)CC1C(N)=O)c1ccccc1;COc1c(C)nc(C2CC2)nc1N1CCC(C(=O)O)C1;Cc1ncccc1NC(=O)CN1CCCCC(O)C1=O;COc1ccc(CC(=O)NCCN2CCCC2=O)nc1;CNC(=O)C1CCCCN1C(=O)c1ccc(C)[nH]c1=O;CC(C)c1ncncc1C(=O)N1CCC(C(=O)O)CC1;CCOc1ccc(C(=O)N2CCCC(C(N)=O)C2)cn1;CC(O)C(=O)NC(C)(CO)Cn1cnc2ccccc21;CCc1cncc(C(=O)N2CC(OC)CC2C(N)=O)c1;Cc1ccc(NC(=O)CN2CCCCC(O)C2=O)cn1;CNC(=O)C1(COC)CCCN1C(=O)c1ccncc1;Cc1nc(C)c(C(=O)N2CC(C)C(C(=O)O)C2)nc1C;Cc1cnn(CCC(=O)N2C3CCC2C(C(=O)O)C3)c1
m_b11a90,COC(=O)c1cnccc1NC(=O)c1cnn(-c2ccccn2)c1C;CCOC(=O)c1ccccc1NC(=O)c1ccnc(-n2cncn2)c1;CC(=O)N1C(O[C@H]2[C@H](O)[C@@H](O)[C@H](O)[C@@H](O)[C@@H]2O)=CC2=CC=CC=C21;Cc1ccnc(-c2noc(CN3C(=O)C(C)Oc4ccccc43)n2)n1;COc1ccc(-n2ccc(C(=O)Nc3cnccc3C(N)=O)n2)cc1;Cc1cccc(C)c1NC(=O)c1nn(-c2ccc(F)cc2)ccc1=O;COC(=O)c1ccc(C)c(NC(=O)c2ccc(-n3cnnn3)cc2)c1;Cc1ncccc1C(=O)Nc1cccn(Cc2ccc(F)cc2)c1=O;COC(=O)c1ccc(CNC(=O)c2cccc(-n3cnnn3)c2)cc1;CN(C(=O)c1ccc(=O)n(Cc2ccc(F)cc2)n1)c1ccccc1;CN(C(=O)c1ccc(=O)n(Cc2ccccc2)n1)c1ccc(F)cc1;O=c1c2cnn(CCOc3ccccc3)c2ncn1Cc1ccon1;CCOc1c(Cl)cccc1CC(=O)Nc1c(C)nn(C)c1OC;COC(=O)c1ccc(CNC(=O)c2ccc(-n3cnnn3)cc2)cc1;N#Cc1cccnc1N1CCN(C(=O)c2ccc(C(=O)O)nc2)CC1;Cn1cc(-c2nccnc2CNC(=O)c2ccc3c(c2)OCO3)cn1;CCn1cnc2c(NCc3ccccc3OC(F)(F)F)ncnc21;O=C(CCn1nc(-c2ccc(F)cc2)ccc1=O)Nc1ccccc1;Cc1ccccc1-c1nnn(CC(=O)Nc2ccc3c(c2)OCO3)n1;CCOC1=CC=C(C(=O)NCCN2C=C(Cl)C=N2)C=C1OCC;COc1ccc(CNc2ccc3nc(C)nn3n2)c(C(F)(F)F)c1;CCc1ccc(NC(=O)c2nn(-c3ccc(F)cc3)ccc2=O)cc1;Cc1ccc(C(=O)Nc2ccnn2-c2ccc([N+](=O)[O-])cc2)c(C)n1;Cc1nc(NCc2c(F)cccc2OC(F)F)c2cnn(C)c2n1;COc1ccc(Cl)cc1CCNC(=O)c1c(C)nn(C)c1OC
m_b4039c,CCN1CCN(c2nc(N)c3cc(OC)c(OC)cc3n2)CC1;COc1cc(C)nc(N2CCN(Cc3c(C)noc3C)CC2)n1;COc1cnc(OC2CCN(CCn3cc(C)cn3)CC2)nc1;COc1cnc(OC2CCN(Cc3cn(C)nc3C)CC2)nc1;COc1cc(CN2CCN(C(C)c3nc(C)no3)CC2)ccn1;CN(CC(N)=O)CC1CN(c2nc3ccccc3n2C)CCO1;COC1(CO)CCN(c2nnnn2Cc2cccc(C)c2)CC1;COc1ccncc1CN1CCCC(O)(Cc2nncn2C)C1;CCC1CN(C)CCN1C(=O)c1cnc2c(cnn2C)c1OC;CCC1CN(c2nccc3c(=O)[nH]cnc23)CCN1CCOC;COc1nccnc1CNCC1CCCOC1c1ccnn1C;COCc1n[nH]c(C2CCCCN2C(=O)c2ccc(C)n2C)n1;CCc1nc(CN2CCN(C(=O)c3ccc(C)n3C)CC2)no1;CN1CCN(c2cc(N3CCC(O)(C4CC4)C3)ncn2)CC1=O;CCC(O)CN1CCN(C(=O)c2ccc3nnc(C)n3c2)CC1;Cc1ccn(C)c1C(=O)N1CCCC(O)(Cc2nncn2C)C1;COc1nccc(CNC2CCOC2c2ccnn2C(C)C)n1;CN1CCN(c2cc(N3CCOC4(CCC4)C3)ncn2)CC1=O;CC(C)C1CN(C(=O)c2cn(C)nc2-c2cnn(C)c2)CCO1;CC(C)Oc1nccnc1N1CC(CO)C(c2cnn(C)c2)C1;CC(C)c1noc(CN2CCC(COc3cnccn3)CC2)n1;COc1ccc(CNC(=O)Nc2ccn(CCN(C)C)n2)cc1;Cc1cc(C(=O)NCC2CCCN(C)C2c2ccnn2C)on1;CC(CO)N1CCCN(C(=O)c2cnc3c(c2)ncn3C)CC1;CC(C)=CCN1C(N2CCCCC2)=NC2=C1C(=O)NC(=O)N2C
m_b43690,Cn1ccnc1CC(NC(=O)C1CCC1)c1ccccc1;Cc1n[nH]c(C)c1CC(=O)N(C)C1Cc2ccccc2C1;Cc1cc(C(=O)N2CCCC2Cc2ccccc2)n(C)n1;Cc1c[nH]nc1C(=O)N1CCC(Cc2ccccc2)CC1;CC(C)c1cc(C(=O)NC2CC2c2ccccc2)n(C)n1;Cc1cc(C)c(CNC(=O)NCc2ccccn2)c(C)c1;CCC1(CC)CN(C(=O)c2cn(C)cn2)c2ccccc21;Cn1nccc1C(=O)N1CCCC1CCc1ccccc1;Cc1n[nH]c(C)c1C(C)CC(=O)N1Cc2ccccc2C1;CCn1ccnc1C(C)NC(=O)c1ccc2c(c1)CCC2;Cc1ccccc1CCN(C)C(=O)c1cn2c(n1)CCC2;Cc1nn(C)c(NC(=O)CC2CC2c2ccccc2)c1C;Cn1nccc1C(=O)NCC1(Cc2ccccc2)CCC1;Cc1cc(NCc2ccncc2)ccc1C(=O)NC(C)C;Cc1cc(C)n(Cc2cccc(NC(=O)C3CC3C)c2)n1;Cc1cc(C)n(Cc2cccc(C(=O)NCC3CC3)c2)n1;CCc1ccc(CNC(=O)NCc2ccncc2C)cc1;Cn1c(C(=O)N2CCC(CN)C2)ccc1-c1ccccc1;CCc1ccc(NC(=O)c2cnc(C)nc2C)cc1CC;Cc1cc(NCc2cccnc2)ccc1C(=O)NC(C)C;Cn1ccnc1CCNC(=O)C1(c2ccccc2)CCC1;Cc1cnn(C)c1C(=O)N(C)CC1(c2ccccc2)CC1;CCn1nccc1C(=O)N1CC(CC)(c2ccccc2)C1;C=CCN(Cc1ccc(C(=O)N(C)C)[nH]1)c1ccccc1;CCn1ccnc1CNC(=O)c1ccc2c(c1)CCCC2
m_b51204,CNCC1CCN(C(=O)c2c(OC)ncnc2OC)CC1;Cc1cc(NC(=O)CN2CCCC(C)C2C(=O)O)n(C)n1;CN(Cc1cnn(C)c1)C(=O)CN1CCCCC(O)C1=O;CN(CCn1cccn1)C(=O)CN1CCCCC(O)C1=O;CCN(CC)C(=O)N1CCC(n2ccc(C(=O)O)n2)CC1;Cc1nn(C)cc1CNC(=O)CN1CCCCC(O)C1=O;Cc1nccn1CCNC(=O)CN1CCCCC(O)C1=O;CNC(=O)CC1(O)CCCN(Cc2nccnc2OC)C1;CCC1OCCCC1C(=O)Nc1cnn(CC(=O)NC)c1;CC(C)n1ccc(NC(=O)CN2CCCCC(O)C2=O)n1;COC1CCCCN(CC(=O)NCc2ccnn2C)C1=O;CC(C)NC(=O)N1CCN2C(=O)[C@@H]3CCCN3C(=O)[C@@H]2C1;COc1cc(C(=O)NCC2CCCN2CCCO)ncn1;CCC(CC)NC(=O)c1nnc2n1CC(C(=O)OC)CC2;COC(=O)c1ncn(CC(=O)N(C)C2CCCCC2C)n1;Cc1cnn(CCNC(=O)CN2CCCCC(O)C2=O)c1;CCn1ccc(CNC(=O)CN2CCCCC(O)C2=O)n1;COC1CCCCN(CC(=O)NCc2nc[nH]c2C)C1=O;COc1cc(N2CCCC(O)(CC(=O)N(C)C)C2)ncn1;Cc1noc(C2CN(C(=O)C3(O)CCCC3)CCN2C)n1;COC1CCCCN(CC(=O)NCc2cncn2C)C1=O;CCCCn1ncc(NC(=O)NC2CC(C(=O)O)C2)c1C;CC1CCN(C(=O)COCc2ccnn2C)C(C(N)=O)C1;COC1CCCCN(CC(=O)N(C)Cc2ncc[nH]2)C1=O;Cc1[nH]ncc1CNC(=O)N1CCCCC1CCC(=O)O
m_b53b6e,O=C(COC1=CC=C(I)C=C1)C1=CC=C(O)C=C1O;O=C(NCC1CN(c2ccc(Cl)c(Cl)c2)C(=O)O1)c1cccs1;COC1=CC=C2OC(=O)C=C(C3=CC4=CC(Br)=CC=C4O3)C2=C1;COC1=CC=C2C(C3=CC4=CC(Br)=CC=C4O3)=CC(=O)OC2=C1;O=C(O)c1ccccc1C(=O)Nc1ccc(Br)c2cccnc12;Cc1nnc2n1CC(C(=O)O)N(C(=O)c1sccc1Br)C2;Cc1occc1C(=O)NNC(=O)c1ccccc1I;O=C1CCc2cc(S(=O)(=O)Nc3ccc(Cl)c(Cl)c3)ccc2N1;O=C(CSc1nc2cc(Cl)ccc2o1)Nc1ccc(F)cc1Cl;OC1=C2C(=NC(=S)N[C@@H]2C2=CC=C(Br)C=C2)C2=CC=CC=C12;O=S(=O)(Nc1nc2ccc(Br)cn2n1)c1cccc(F)c1;COc1ccc(OC)c(S(=O)(=O)Nc2ccc(Br)cc2)c1;CCN1CCCC1CNC(=O)c1c(OC)ccc(Br)c1OC;COc1cc(COC2OC(CO)C(O)C(O)C2O)cc(OC)c1O;COc1cc(OC2OC(CO)C(O)C(O)C2O)cc(OC)c1OC;CC1CCC2(C)C3(C)CCC2(OC3=O)C12CC(c1ccoc1)OC2=O;COc1c(O)cc2oc(-c3ccc(O)cc3)c(OC)c(=O)c2c1O;C=CCCCCCCCCCCCCCCC(O)CC(O)CO;COCC1=C2C(=CC3(C)CCC(O)(O3)C(C)(O)CC2OC(C)=O)OC1=O;COc1cc(NC(=O)COc2cccc(C)c2)ccc1N1CCCCC1=O;CC1CC(=O)C2=C(C1)CC(O)C1(O)C2C(=O)c2cccc(O)c2C1O;CC(CCC1(C)C(C)CCC2(C)C(C(=O)O)=CC(=O)CC21)CC(=O)O;O=C(CCc1ccc(O)cc1)CC(O)CCc1ccc(O)c(O)c1;C=CCCCCCCCCCCCC(O)CC(O)COC(C)=O;COc1ccc2c3c1OC1CC(O)C=CC31CCN(C)C2
m_b6b7fe,CN(C)CCN(Cc1ccncc1)C(=O)c1cccc(-n2cccn2)c1;CCN(C(=O)Cc1ccc(NCc2ncnn2C)cc1)c1ccccc1;Cc1cc(C(=O)N(C)Cc2ccc(N(C)C)nc2)nn1-c1ccccc1;Cc1cc(C)n(CC(=O)N2CCN(c3ccnc4ccccc34)CC2)n1;Cc1cc(C)n(CC(=O)N2CCN(c3ccc4ccccc4n3)CC2)n1;CN(C)CCc1ccc(CNC(=O)c2cnn(-c3ccccc3)n2)cc1;CCc1nccn1C1CCCN(C(=O)c2ccccc2-n2cccn2)C1;CCN(CC)Cc1ccccc1NC(=O)c1cccc(-n2ccnn2)c1;Cc1ccncc1N1CCN(Cc2nc3ccccc3c(=O)n2C)CC1;Cc1ccnc(N2CCN(Cc3nc4ccccc4c(=O)n3C)CC2)c1;Cc1ccnn1-c1ccc(C(=O)N2CCCCC2Cn2cccn2)cc1;Cc1cccc(N2CCN(C(=O)c3ccc4c(c3)nnn4C)CC2)c1C;Cn1nc(-c2ccccc2)cc1C(=O)N1CCC(c2ccnn2C)CC1;Cc1cc(C)c(N(C)CC(=O)Nc2ncc(-c3ccccn3)[nH]2)c(C)c1;O=C(Cc1ccc(-n2cccn2)cc1)N1CCCCC1Cn1cccn1;Cc1ccc(C)c(N2CCN(C(=O)c3cc(C)n4nccc4n3)CC2)c1;CCc1nc2ccccc2n1C1CCN(C(=O)c2cnc(C)cn2)CC1;CN(C)c1cccc(CNC(=O)Nc2nn(C)cc2-c2ccccc2)c1;Cn1ccnc1C1CCCN(C(=O)c2ccn(Cc3ccccc3)n2)C1;CN(C)C1=CC=C(C2=NN=C([C@H]3CCN(CC4=CC=CC=N4)C3)O2)C=C1;CN(C(=O)c1cccn1C)C1CCN(c2ncnc3ccccc23)CC1;O=C(CN1CCN(c2ccccn2)CC1)N1N=CCC1c1ccccc1;CCc1cc(CC(=O)N2CC(n3cccn3)Cc3ccccc32)n(C)n1;CN(C)c1ncccc1C(=O)N1CCCN(c2ccccc2C#N)CC1;Cc1cc(C(=O)N2CCC(Cc3ncc[nH]3)CC2)ccc1-n1cccn1
m_b70863,CCOc1cc(N2CCC(NC(=O)c3ccoc3C)CC2)ncn1;CCCOc1ccc(-n2nnc(C(=O)N3CCOCC3)c2C)cc1;Cc1cc(C)cc(OCC(=O)N2CCC(c3nnc(N)o3)CC2)c1;Cc1c(NC(=O)CN2CCOCC2)c(=O)n(-c2ccccc2)n1C;CCOc1ccc(NC(=O)N2CCCC(c3nnc(C)o3)C2)cc1;Cc1ccc(O)c(C(=O)Nc2cnn(CCN3CCOCC3)c2)c1;CCn1cc(C2OCCCC2NC(=O)c2ccn(C)c(=O)c2)cn1;COc1cccc(OC)c1CC(=O)N1CCCCC1c1nc[nH]n1;CNC(=O)C1CCCN(Cc2nnc(-c3ccccc3OC)o2)C1;CCOc1ncccc1CNC(=O)N1CCCC1c1cc(C)no1;COc1ccc(C)cc1CC(=O)N1CCCC(c2nc(=O)[nH][nH]2)C1;COc1ccc(C)cc1NC(=O)N1CCC(c2cc(N)on2)CC1;CCn1nccc1C1OCCC1NC(=O)c1ccc(C)nc1OC;CN(C)C(=O)C1CCN(c2nc3ccccc3c(=O)n2CCO)C1;CCn1cnnc1C1CN(C(=O)C(C)Oc2ccccc2)CCO1;COc1ccc(CC(=O)N2CCCCC2c2nc[nH]n2)cc1OC;CN(C)C(=O)N1CCC(c2nc(COc3ccccc3)no2)CC1;CCn1nccc1C1OCCC1CNC(=O)c1ccn(C)c(=O)c1;Cc1ccc(OCC(=O)N2CCOC(Cn3ccnn3)C2)cc1C;COc1ccc(CCC(=O)Nc2nnc3n2CCCC3)cc1OC;CCOc1nc(C)ccc1C(=O)NC1CCOC1c1ccnn1C;COc1ccc(CNC(=O)C2CCCOC2c2nccn2C)nc1;CCn1cc(C2OCCCC2CNC(=O)c2ncccc2O)cn1;CCOc1cc(CNC(=O)NCc2ccnc(OCC)c2)ccn1;CCn1nc(C)c(C(=O)N2CCOC(c3cccc(OC)c3)C2)n1
m_b7be8a,O=C(CN1CCOCC1)Nc1cc(Cl)ccc1Cl;NC(=O)C1CN(Cc2c(Cl)cccc2Cl)CCO1;NC1CCN(C(=O)COc2ccc(Cl)c(Cl)c2)C1;O=C(Cc1c(Cl)cccc1Cl)NC1CNCC1O;O=C(NCc1c(Cl)cccc1Cl)C1CC(O)CN1;O=C(NCc1ccc(Cl)cc1Cl)C1CC(O)CN1;CC(CN)C(=O)NC1COc2c1ccc(Cl)c2Cl;CCCCCCSC1=CC(C(N)=S)=CC(Cl)=N1;N[C@@H](C[S@@H+]([O-])C[S@@H+]([O-])C[C@H](N)C(=O)O)C(=O)O;N#Cc1ccc(NC(=O)Cc2c(F)cccc2Cl)cc1;N#Cc1cccc(NC(=O)Cc2c(F)cccc2Cl)c1;C[C@@H](O)[C@H]1C(=O)N2C(C(=O)O)=C(COC(N)=O)S[C@H]12;NS(=O)(=O)C1=CC=C(NC(=O)COCC(=O)O)C=C1;O=C1CN=C(c2ccccc2F)c2cc(Cl)ccc2N1;O=C(Nc1ccc2[nH]c(=O)[nH]c2c1)c1ccncc1Cl;CN(Cc1nnc[nH]1)S(=O)(=O)c1ccc(F)cc1F;COC1=CC=C(/C(=C\C(=O)O)CP(=O)(O)O)C(O)=C1;O=C(O)C(=S)C[C@@H]1CCC[C@@H](CC(=S)C(=O)O)C1;CCC(Br)[C@@H]1C/C=C\C[C@@H]2OC(=O)C[C@@H]2O1;O=C(NC1=CC=CC=N1)C1=CC([N+](=O)[O-])=CC([N+](=O)[O-])=C1;N#Cc1ccc(S(=O)(=O)N2CC(OC(F)F)C2)cc1;C#CCN(CC#N)S(=O)(=O)c1cnn(CC(F)F)c1;O=C(OC1=CC=C([N+](=O)[O-])C=C1)C1=CC=CC([N+](=O)[O-])=C1;CC(C)OC(=O)C(C(=O)OC(C)C)=C1SC=CS1;ClC1=CC=C2N=C3C(=CC=C4C5=CC=CC=C5N=C43)C2=C1
m_b7d932,Cn1nccc1CNCC1CCN(S(=O)(=O)c2ccccc2)CC1;Cc1ccc(S(=O)(=O)N2CCN(CCCn3ccnc3)CC2)cc1;Cn1cc(CN2CCC(NS(C)(=O)=O)CC2)c(-c2ccccc2)n1;O=S(=O)(CCCN1CCCCC1Cn1cncn1)c1ccccc1;CC(CN1CCN(C)CC1)NS(=O)(=O)c1cccc2cnccc12;CCc1cccc(S(=O)(=O)N2CCC(Cc3nncn3C)CC2)c1;Cc1ccc(CN2CCCN(S(=O)(=O)c3cnn(C)c3)CC2)cc1;O=C(Cc1c(Cl)cccc1C(=O)N1CCCCC1)N1CCCCC1;CC(CNS(=O)(=O)c1cccc2cnccc12)N1CCN(C)CC1;CN(C(=O)c1cccc2cn[nH]c12)C1CCN(Cc2ccccc2)C1=O;CN1CCN(C(=O)C(=O)Nc2ccc(CC#N)cc2)Cc2ccccc21;Cc1ccccc1CNC1CCN(S(=O)(=O)c2cnn(C)c2)CC1;Cc1nc(C(=O)N2CCN(C(=O)c3cccc4ccccc34)CC2)c[nH]1;Cc1n[nH]cc1CNCC1CCN(S(=O)(=O)c2ccccc2)CC1;CCCc1ccc(S(=O)(=O)N2CCC(c3nncn3C)CC2)cc1;N#Cc1nc(-c2cccc3ccccc23)oc1NCCN1CCOCC1;O=S1(=O)CCN(C2CCN(Cc3ccc4cn[nH]c4c3)CC2)CC1;CCN(C)S(=O)(=O)N1CCCC(c2nc(-c3ccccc3)c[nH]2)C1;CCn1cc(S(=O)(=O)N(C)C2CCCN(c3ccccc3)C2)cn1;c1cncc(OC2CCN(Cc3ccc(Oc4cnccn4)cc3)C2)c1;Cc1ccccc1C(C(=O)O)N1CCn2c(nnc2-c2ccccc2)C1;CN1C=C(CN2CC[C@H](C3=NN=C(C4=CC=CO4)O3)C2)C2=CC=CC=C21;O=C(C1CC12CCOCC2)N1CCN(Cc2ccc(Cl)cc2)CC1;CC(C)n1cc(S(=O)(=O)N2CCN(C)CC2c2ccccc2)cn1;O=C(c1cc2c(=O)[nH]cnc2cn1)N1CCC(Cc2ccccc2)CC1
m_b81b9d,O=C(Cn1cnnn1)N1CCc2c(F)ccc(F)c2C1;CC1CCN(C(=O)CCC(=O)O)c2ccccc2S1;CCN(CCC(=O)O)C(=O)C1CSc2ccccc21;CCCN(CC(=O)O)C(=O)C1CSc2ccccc21;Cc1nnc(NC(=O)NCc2nnc3n2CCC3)s1;CC(=O)OCc1cccc(SC2CCN(C)C2=O)c1;CN(CCC(=O)O)C(=O)C1SCCc2ccccc21;CCOC(=O)C(C)NC(=O)C1Cc2ccccc2S1;Cc1cscc1C(=O)N1CC2CCC1C(C(=O)O)C2;NCCC(N1C=CC(=O)NC1=O)N1C=CC(=O)NC1=O;Cc1cscc1C(=O)N1CCC2(CC1)CC2C(=O)O;C=C1O[C@](CO)(N2C=NC3=C(N)N=CN=C32)[C@@H](O)[C@H]1O;CC1(C(=O)O)CCN(C(=O)c2sccc2C2CC2)C1;COC1=CC2=C(C=C1OC)[C@]1(C)SCC(=O)N1CC2;CSCC(CCO)NC(=O)c1coc2ccccc12;Cc1cc(C(=O)NC(CCO)c2cccs2)c(C)o1;NC1=NC=NC2=C1N=CN2[C@@]12COC[C@@H](O1)[C@H](O)[C@H]2O;CN(Cc1ccc(C(=O)O)cc1)C(=O)C1CCSC1;O=C(O)C1CCN(C(=O)c2cc3c(s2)CCCC3)C1;CC(C(=O)O)N(C)C(=O)C1SCCc2ccccc21;Cc1ccc(CC(=O)NC2(C(=O)O)CCSC2)cc1;CN(Cc1csc2ccccc12)CC(C)(O)C(=O)O;O=C(Cc1ccsc1)N1CC2CCCC2(C(=O)O)C1;NC1=NC=NC2=C1N=CN2[C@@H]1[C@@H](O)[C@H]2O[C@@]2(CO)[C@H]1O;CCCCCCCC1=C(O)C(=O)C2=C(N=CS2)C1=O
m_b8415b,CC(C(=O)O)N1CCN(C(=O)COc2ccc(Cl)cc2Cl)CC1;COC(=O)C1CC(O)CN(CC(=O)Nc2cc(Cl)ccc2Cl)C1;CN(CC(=O)O)CC1CN(C(=O)c2cc(Cl)ccc2Cl)CCO1;CCCC(C(=O)O)N1C(=O)/C(=C/C2=CNC3=CC=CC=C23)SC1=S;CC(=O)N(CC(=O)O)CC1CN(C(=O)c2ccc(Cl)s2)CCO1;N[C@H]1C[C@H](O)[C@@H]2[C@H](O)C3=CC=C(OS(=O)(=O)O)C(O)=C3CN2C1=O;O=C(NCC1COCCO1)c1ccc(-c2nc3ccccc3s2)s1;O=C(CCN1C=CC2=CC(Br)=CC=C21)NCCC1=CNC=N1;O=C(CCN1C=CC2=CC=C(Br)C=C21)NCCC1=CNC=N1;CCOC(=O)C1=CSC(NC(=O)CCCCC2CCSS2)=N1;COC(=O)C1=C(C)N=C(NC(=O)CCCC[C@@H]2CCSS2)S1;COC(=O)C1=C(C)SC(NC(=O)CCCCC2CCSS2)=N1;CSc1ncccc1C(=O)NCC(O)(c1ccoc1)c1cccs1;CS(=O)(=O)N1CCC(C(=O)Nc2ccc(Cl)c(C(=O)O)c2)CC1;CC1CCN(c2cc(C(=O)Nc3ccc(Br)cn3)ccn2)C1;O=C(O)c1ccc(S(=O)(=O)NCC(=O)N2CCCCC2)cc1Cl;O=C(CCc1ccc(Cl)cc1)Nc1cc(Cl)ccc1-n1cncn1;CNS(=O)(=O)c1ccc(Cl)c(C(=O)N2CCCC(C(=O)O)C2)c1;O=C(O)c1cccc(Cl)c1CN1CCn2c(nnc2C(F)(F)F)C1;N#Cc1c(O)c2c(-c3ccc(-c4ccccc4O)cc3)csc2[nH]c1=O;O=C(O)c1ccc(Cl)c(CN2CCn3c(nnc3C(F)(F)F)C2)c1;Cc1c(C(=O)O)cc(Cl)cc1S(=O)(=O)N1CCC(C(N)=O)CC1;O=C(NCCNc1cnccn1)C1CC1c1ccc(Br)cc1;CC(=O)OCOC(=O)C1=C(COC(N)=O)SC2C(C(C)O)C(=O)N12;Cc1c(Cl)cc(C(=O)O)cc1S(=O)(=O)N1CCCC(C(N)=O)C1
m_b8a6f4,CC1CN(Cc2ccccc2NC(=O)c2cccnc2O)CC(C)O1;CCC(=O)Nc1ccc(O)c(C(=O)N2CCC(n3cccc3)CC2)c1;COc1ncnc(OC)c1C(=O)N1CCC(Cc2ccccc2)CC1;CCOc1ccccc1N1CCN(C(=O)c2ccc(=O)n(C)c2)CC1;Cc1nn(-c2ccccc2)c(C)c1CC(=O)N1CCC(C(=O)O)CC1;CC(=O)c1cccc(NC(=O)Cn2c(C)nc(C(C)(C)C)cc2=O)c1;Cc1c(OCC(=O)N2CCN(c3ccccc3)CC2)c(=O)ccn1C;Cc1cccc(C)c1CN(CC(C)C)C(=O)c1cnc(C(=O)O)cn1;CC1CN(C(=O)Nc2cccn(Cc3ccccc3)c2=O)CC(C)O1;COc1cn(CC(=O)N2CCN(c3ccccc3)CC2)c(C)cc1=O;CCOc1cc(CNC(=O)c2ccccc2N2CCOCC2)ccn1;CC(C)N1CCC(N2Cc3c(c(O)n(-c4ccccc4)c3O)C2)C1=O;CCOc1ncccc1NC(=O)N1CC(C)OC(c2ccccc2)C1;Cc1ccc(C(CN2CCOCC2)NC(=O)c2cccnc2O)cc1;Cc1cc(C)n(-c2cccc(NC(=O)C3CCC(C(=O)O)CC3)c2)n1;Cc1ccn(CC(=O)Nc2ccc(NC3CCOCC3)cc2)c(=O)c1;CC(O)C1CCN(C(=O)Nc2ccnc(OCc3ccccc3)c2)C1;COc1cc(OC)cc(N2CCC(NC(C)c3ccccn3)C2=O)c1;COC(=O)C1CCN(C(=O)c2c(C)nn(-c3ccccc3)c2C)CC1;Cn1cc(C(=O)N2CCC(C(CC(=O)O)c3ccccc3)CC2)cn1;CCOc1ccccc1NC(=O)N1CCC(Oc2ccc(C)cn2)C1;CCOC1CCN(C(=O)Nc2cccc(Oc3ccccc3)n2)CC1;COCC(=O)N1CCN(C(=O)c2c[nH]cc2Cc2ccccc2)CC1;CCc1ccnc(C(=O)N2CCN(C(=O)c3cc(C)oc3C)CC2)c1;CCC(Oc1ccccc1)C(=O)Nc1ccc(N2CCOCC2)cn1
m_b8f328,O=C(O)C1CN(C(=O)CCc2nc3cc(C(F)(F)F)ccc3s2)CCO1;COC(=O)C(O)CNC(=O)Cc1csc(-c2cccc(C(F)(F)F)c2)n1;CCS(=O)(=O)c1ccccc1C(=O)Nc1ccc(OCC(F)(F)F)nc1;COc1cc(NC(=O)C2CCCN2c2ncnc3sccc23)ccc1Cl;COc1ccc(NC(=O)C2CCCN2c2ncnc3sccc23)c(Cl)c1;CCOC(=O)C1=CSC(NC(=O)COC2=CC=C3C(C)=CC(=O)OC3=C2)=N1;CCOC(=O)CC1=CSC(NC(=O)COC2=CC=C3C=CC(=O)OC3=C2)=N1;COc1ccc(C(=O)OCc2ncc(-c3ccccc3)o2)cc1S(N)(=O)=O;CS(=O)(=O)c1ccc(CNC(=O)c2cccc(OCC(F)(F)F)n2)cc1;COc1ccc(S(N)(=O)=O)cc1C(=O)OCc1ncc(-c2ccccc2)o1;Cc1cc(NC(=O)c2cccc(F)c2)sc1C(=O)NCCc1cccs1;O=C(O)c1ccc(Cl)c(CN2CCN(c3ncnc4sccc34)CC2)c1;CCCOC(=O)CSC1=CC=C([N+](=O)[O-])C(SCC(=O)OCCC)=N1;CC(=O)Nc1ccc(NC(=O)CN(C)c2nc3c(Cl)cccc3s2)cc1;O=C(c1cccs1)N1CCN(Cc2nnc(-c3ccccc3Cl)o2)CC1;COCCOC(=O)C1=C(C)OC2=CC=C(OC(=O)C3=CC=CC=C3Cl)C=C12;COCCOC(=O)C1=C(C)OC2=CC=C(OC(=O)C3=CC=C(Cl)C=C3)C=C12;CCOC(=O)C1CC2=C(NC3=CC=CC=C23)C(C2=CC=C(Cl)C=C2Cl)N1;Cn1nccc1C1OCCC1C(=O)Nc1ncc(-c2ccc(Cl)cc2)s1;O=C(NCCc1nc(-c2ccc3c(c2)OCO3)n[nH]1)c1ccc(F)c(Cl)c1;Cn1nccc1C1OCCC1C(=O)Nc1nc(-c2ccc(Cl)cc2)cs1;O=S(=O)(NC1CCOc2ccccc21)c1ccc(OCC(F)(F)F)nc1;COc1ccc2c(c1)N(S(=O)(=O)c1ccc(C(F)(F)F)nc1)CC(C)O2;O=C1C=C(CN2CCN(C3=CC=CC(Cl)=C3)CC2)C2=CC(Cl)=CC=C2O1;COC(=O)C1=CC(COC2=CC3=C(C=C2Cl)C2=C(CCC2)C(=O)O3)=C(C)O1
m_b9f2b4,COc1ccc(CNC(=O)CCCCCCCCCCCCC(=O)O)cc1;CCCN1CCN(CCCNC(=O)C2=C(C)C(=O)OC23CCCCC3)CC1;CCCCCCCCCCCCC(=O)N[C@@H](CC1=CC=C(O)C=C1)C(=O)O;CCCCCCCCC/C=C/C(=O)N1C(=O)C(C(C)=O)=C(O)[C@H]1CC(C)C;CCCCCCCCCCC=CCNC(Cc1ccc(O)c(O)c1)C(=O)O;CCN1CCC2(CC1)OC(=O)C(C)=C2C(=O)NCCCN1CCCC[C@H]1C;CCN1CCC2(CC1)OC(=O)C(C)=C2C(=O)NCCCN1CCC[C@@H](C)C1;CCCCCCCCCCCC(=O)N[C@@H](CC1=CC=C(O)C(C)=C1)C(=O)O;CCCCCC(=O)NCCC[N@@+]12CCC[C@@H]1CC1=C(C(=O)CC(C)O1)[C@H]2C;C[C@H]1C[C@@H]2[C@@H](CC(=O)N2CCN2CCOCC2)[C@@H]1CNC(=O)C1CCCC1;CN(C)CCN(C)CC[C@@H]1CC[C@H](O)[C@@H](C(=O)N(C)CC2=CC=CC=C2)O1;O=C(CN1CCC(OCC2CC2)CC1)N1CCC(C(=O)N2CCCC2)CC1;CCCN1C[C@@H](CC(=O)N(C)C2CC2)[C@H]2[C@H](CC(=O)N(C)C3CC3)OC[C@H]21;CC[C@@H]([C@H]1CCCCN2[C@H]1CC[C@H]2[C@@H]1C[C@H](C)C(=O)O1)[C@H]1C[C@H](C)C(=O)O1;CCCCCC(=O)N[C@H]1C[C@@H](CC2=NOC(CN3CCOCC3)=C2)C1(C)C;CCC(CC)c1cc(C(=O)NC2CCN(CC3(O)CCCCC3)CC2)on1;CC(=O)NC[C@@H]1C=C(C)[C@H](CC(=O)N2CCN(C(C)=O)CC2)C[C@H]1C(C)C;COCCN(C[C@@H]1CCCN2CCCC[C@H]12)C(=O)CCC1=C(C)ON=C1C;COc1ccc(CCN(C)C(=O)NC2CC(C)(C)NC(C)(C)C2)cc1OC;CN1CCC(NC[C@H]2O[C@@H](CO)[C@@H](O)[C@H]2N(C)CCC2=CC=CC=C2)CC1;O=C(NC1CCN(C2CCCCC2)C1=O)N1CCC(C2CCOCC2)CC1;CC(C)N1C[C@@H](CC(=O)N(C)C2CC2)[C@H]2[C@H](CC(=O)N(C)C3CC3)OC[C@H]21;CCCCC=CCCCCCCCCC(=O)NC(Cc1ncc[nH]1)C(=O)O;CCN(CC)C(=O)[C@@H](C)[C@@H]1CCC2=C(C)C=C(OCCOC)C(C)=C2[C@@H]1O;CCCCCCCCCCC(O)CC(=O)NC(Cc1ccccc1)C(=O)O
m_baccbd,CCOc1ccc(C(=O)N2CCN(CCc3ccccc3)CC2)cc1;CC(=O)Nc1ccccc1CN1CCC(Oc2ccc(C)cc2)CC1;CCNc1cc(C)nc(N2CCN(c3ncnc4[nH]ccc34)CC2)n1;CCC(O)c1nc2ccccc2n1CCCCOc1ccc(C)cc1;CN(C(=O)CN1CCC(O)CC1)C(c1ccccc1)c1ccccc1;COC1=CC=CC(C(=O)N2CCN(CCCC3=CC=CC=C3)CC2)=C1;Cc1cc(N2CCN(c3nc(C)nc(C)c3C)CC2)n2ncnc2n1;COc1ccccc1NC1CCN(C(=O)C(C)c2ccccc2)CC1;Cc1cc(CN2CC3C(CO)C3C2)cc(C)c1OCc1ccccn1;COC1=CC=C([C@H](CNC(=O)C2=CC=CC=C2C)N2CCCC2)C=C1;COC1=CC=CC=C1C(=O)NC[C@H](C1=CC=C(C)C=C1)N1CCCC1;CCN(C(=O)Cc1ccc(C)c(OC)c1)C1CCCc2cccnc21;CNC(=O)C1CCN(Cc2ccccc2OCc2ccccc2)CC1;CC(C)(C)c1ccc(N2CCN(c3ncnc4[nH]ncc34)CC2)nn1;CNC(=O)c1ccc(CN2CCC(c3cccc(OC)c3)CC2)cc1;CC(Oc1ccccc1)C(=O)NC1CCN(Cc2ccccc2)CC1;CN(C(=O)CN1CCCC(O)C1)C(c1ccccc1)c1ccccc1;COc1ccccc1CNC(=O)C(C)N1CCc2cc(C)ccc2C1;COC1=CC=C([C@H](CNC(=O)C2=CC=CC(C)=C2)N2CCCC2)C=C1;CCN1CCCN(C(=O)c2ccc(COc3ccccc3)cc2)CC1;COC1=CC=CC(C(=O)NC[C@@H](C2=CC=C(C)C=C2)N2CCCC2)=C1;CC(C)COc1ccc(C(=O)N2CCC(c3ccccc3)C2C)cn1;COc1ccccc1CC(=O)NCCCN1CCc2ccccc2C1;CC1CN(C(=O)Cc2cccc3ccccc23)CC1N1CCOCC1;COC1=CC=C(C(=O)NC[C@@H](C2=CC=C(C)C=C2)N2CCCC2)C=C1
m_bb75e4,COC(=O)CSc1nncn1-c1ccc(C)c(Cl)c1;CN(CCC(=O)O)c1nnc(-c2ccccc2Cl)s1;CCOC(=O)Cc1csc(Nc2ccc(Cl)cn2)n1;COCc1nc(C)c(C(=O)Nc2ncccc2Cl)s1;Cc1sc(C=Cc2nn(C)c(C)c2Cl)nc1C(=O)O;Cc1nn(CC(=O)Nc2ccccc2Cl)c(C)c1Cl;COc1ncc(NCc2sccc2Cl)cc1C(N)=O;COc1cccc(Nc2nnc(SCC(=O)O)s2)c1;COc1ncc(NCc2ccc(Cl)s2)cc1C(N)=O;Cc1c(Cl)cccc1S(=O)(=O)N(C)c1cnccn1;OC1(Cc2cn(-c3ccc(Cl)c(Cl)c3)nn2)CCC1;O=S(=O)(c1cccc(Cl)c1)N1CCCn2nccc21;CC(=O)Nc1ccc(S(=O)(=O)Nc2nccs2)cc1;CC(NC(=O)c1cnn(C)c1)c1ccc(Cl)c(Cl)c1;O=C(CSc1nncs1)NCCc1ccccc1F;Cn1cc(S(=O)(=O)N2CCc3c(Cl)cccc32)cn1;CCOC(=O)NC(=O)CSc1ncnc2ccsc12;Cc1nnsc1C(=O)NC(CC(=O)O)c1cccs1;COC(=O)CCCC(=O)Nc1nnc(C(F)(F)F)s1;CC#CCN(C)S(=O)(=O)c1c[nH]c2ncc(Cl)cc12;COC(=O)c1n[nH]cc1NC(=O)c1ccc(F)c(Cl)c1;O=C(Cc1ccc(F)c(F)c1)Nc1cc(C(=O)O)cs1;O=C(O)CNS(=O)(=O)c1cnc2onc(C3CC3)c2c1;CN(CC(F)(F)F)S(=O)(=O)c1ccc(C(=O)O)cc1;O=C(O)C1CCCN1C(=O)c1cc(Cl)c2c(c1)OCO2
m_bbb21f,CC(O)CN1CCN(C(=O)Cc2ccc3ccccc3c2)CC1;CC1CCN(CC(=O)NC(c2ccccc2)c2ccco2)CC1;CCC(C(=O)O)N1CCN(Cc2cccc3ccccc23)CC1;CCN(C(=O)CN1CCC(O)CC1)c1cccc2ccccc12;COCCN1CCC(NC(=O)c2ccc3ccccc3c2)CC1;C#CCNC(=O)C[C@@H]1CCN(C(=O)C2=CC=CC=C2)C[C@@H]1CC;CC(C)CC1(CO)CCCN1C(=O)c1nccc2ccccc12;CC1(CO)CCN(C(=O)NCc2ccc3ccccc3c2)CC1;COC1CC(C(=O)NCCc2ccc3ccccc3c2)N(C)C1;CC(C)CC1(CO)CCCN1C(=O)c1cncc2ccccc12;CCC(=O)N1CCCCC1C(=O)N1CC2(CC2)c2ccccc21;CC(C)c1cc(C(=O)N2CCC(C)(c3ccccc3)CC2)no1;CCc1ccc(CN2CCCNC(=O)C2Cc2ccccc2)o1;CC1CN(C(=O)C2CC2)CCC1NCc1cc2ccccc2o1;CC(C)c1cc(C(=O)N2CCC(c3ccccc3)CC2C)no1;OC1CCN(c2ccccc2NCCOc2ccccc2)CC1;O=C(CCCn1cccc1)NCC1CCOC1c1ccccc1;COc1ccc(C2CCCCN(C(=O)Cn3cccc3)C2)cc1;CN(C)CC1CCCCN1C(=O)c1cccc(-c2ccoc2)c1;CC(C)C(=O)N1CCCC1C(=O)N1CC2(CC2)c2ccccc21;CN1C(C(=O)N2CC[C@@]3(O)CCCC[C@H]3C2)=CC2=CC=CC=C21;CC(=O)N1C2=CC=CC=C2[C@]23CCN4CCC[C@](O)(CC[C@@H]12)[C@@H]43;CC1CC(C)(C)CN1C(=O)CCc1ncc(-c2ccccc2)o1;O=C(CN1C=CC2=CC=CC=C21)N1CC[C@@]2(O)CCCC[C@H]2C1;O=C(NCc1ccc(C2CC2)cc1)C1CCCN1C(=O)C1CC1
m_bbc0aa,O=C(CCc1ccccc1)N1CCN(C2CCCC2O)CC1;NC(C(=O)N1CCC(OC2CCCC2)CC1)c1ccccc1;CCOC1CCN(C(=O)NC2CCc3ccccc3C2)CC1;O=C(CCN1CCCC1Cc1ccccc1)N1CCOCC1;C=CC1CCN(Cc2ccccc2OCC(=O)N(C)C)CC1;NC1CCC(C(=O)N2CCC(Oc3ccccc3)CC2)CC1;NC(C(=O)N1CCC(C2CCOCC2)CC1)c1ccccc1;CCC1OCCCC1C(=O)N1CCC(c2ccncc2)CC1;CC[C@H]1CN(C(C)=O)CC[C@H]1CC(=O)NCC1=CC=CC=C1;CCCC(=O)NCC(=O)N1CCCCC1Cc1ccccc1;CC1CCCC(c2ccccc2)N1CCCN1CCOC1=O;COCC1(C(=O)N2CCC(c3ccncc3)CC2)CCCC1;CC(=O)N[C@H]1[C@H](C2=CC=CC=C2)N(CC2CC2)CC[C@@]1(C)O;CC1CN(C(=O)NCC2CCCO2)CCC1c1ccccc1;CCOC1CCCC1NC(=O)N1Cc2ccccc2CC1C;O=C(NC1CCN(c2ccccc2)CC1)C1(O)CCCCC1;O=C(NC1CCC(O)CC1)N1CCC(Cc2ccccc2)C1;CC(=O)NC(CC(=O)N1CCCCCCC1)c1ccccc1;CCOCC(O)CN1CCCCC1c1cc2ccccc2[nH]1;CC1CCCN1CC(=O)NCC1CCOC1c1ccccc1;COc1ccccc1C1CCCN1C(=O)C1CCCC(N)C1;Cc1ccc(C(=O)N2CCN(C3CCOCC3)CC2)c(C)c1;Cc1ccc(C(=O)N2CCN(CC3CCOCC3)CC2)cc1;O=C1CCCN1CC(NCC1CCCCO1)c1ccccc1;COc1cc(CN2CCC(NC(=O)C3CC3)CC2)ccc1C
m_bcb981,Cc1nnc(CNC(=O)c2ccccc2OC2CCCCC2)n1C;CN1CCC(Oc2ccc(CNC(=O)c3ccnn3C)cc2)CC1;COc1ccccc1N1CCN(C(=O)CCc2cnn(C)c2)CC1;Cc1c(CNc2ccc(C(=O)N3CCC(O)CC3)cc2)cnn1C;CN1CCN(CCOc2ccc(NC(=O)c3ccc[nH]3)cc2)CC1;COC1CC(C(=O)NCc2ccccc2Cn2cccn2)N(C)C1;COc1ccccc1CC1CCN(C(=O)C(C)n2cncn2)CC1;COC1CC(C(=O)NCc2ccc(Cn3cccn3)cc2)N(C)C1;CCn1cc(NC(=O)C(c2ccccc2)N2CCC(O)CC2)cn1;Cc1nn(C)cc1C(=O)NCC1OCCN(C)C1c1ccccc1;COc1ccccc1N1CCN(C(=O)c2c(C)nn(C)c2C)CC1;CCOc1ccccc1N1CCN(C(=O)c2c[nH]c(CC)n2)CC1;CCOc1ccc(CN2CCN(C(=O)c3cn[nH]c3C)CC2)cc1;CCn1cnnc1CNC(=O)C(OC1CCCC1)c1ccccc1;COc1ccc(CCC(=O)N2CCN(c3cnn(C)c3)CC2)cc1;COc1ccccc1C(C)NC(=O)CN1CC(n2cc(C)cn2)C1;COc1ccccc1CC(=O)N1CCC(NCc2ncc[nH]2)CC1;CCC1CN(c2ccccc2)CCN1C(=O)c1cnn(C)c1OC;CCn1ccnc1N1CCN(C(=O)C(C)Oc2ccccc2)CC1;CCC(C)Oc1ccccc1C(=O)N1CCN(c2ncc[nH]2)CC1;CCn1nc(C)c(NC(=O)C(=O)Nc2c(C)cc(C)cc2C)c1C;CN(C(=O)C(c1ccccc1)N1CCC(O)CC1)c1cnn(C)c1;CCOc1ccc(CN2CCN(C(=O)c3cnn(C)c3)CC2)cc1;CCc1ccc(O)c(C(=O)NC2CCN(c3nccn3C)CC2)c1;COCC(=O)N1CCN(Cc2cnc(C)n2-c2ccccc2)CC1
m_bcd97d,O=C(O)CCNC(=O)Cc1ccc2c(c1)OCO2;O=C(O)CCC(=O)N[C@@H](C(=O)O)C1=CC=CC=C1;O=C(O)CC[C@@H](NC(=O)C1=CC=CC=C1)C(=O)O;O=C(O)CC(=O)NC(CC1=CC=CC=C1)C(=O)O;O=C(O)CC(NC(=O)CC1=CC=CC=C1)C(=O)O;O=C(O)CCC(=O)NC1=CC=C(CC(=O)O)C=C1;COC(=O)C1=CC=CC=C1NC(=O)CCC(=O)O;CC1=CC=C(C(=O)O)C=C1NC(=O)CCC(=O)O;C[C@@H](CC(=O)NC1=CC=CC=C1C(=O)O)C(=O)O;COC(=O)[C@@H]1CCC(=O)N1CC(=O)C1=CC=CO1;C[C@@H](CC(=O)O)C(=O)NC1=CC=CC=C1C(=O)O;CC(=O)NC(CC(=O)O)c1ccc2c(c1)OCO2;C/C(=C\C(=O)NCC(=O)O)C1=CC=C(C)C(=O)O1;CC(=O)N[C@H](CC1=CC=C2OCOC2=C1)C(=O)O;COC(=O)C1=CC=C(OCC2CN=C(O)O2)C=C1;COC1=CC(/C=C/C(=O)NCC(=O)O)=CC=C1O;COC1=CC(/C=C/C(=O)O)=CC=C1OCC(N)=O;CCC/C=C/C1=C(O)C(=O)C2=C(O1)[C@@H](O)NC2=O;CC(O)C(O)C1=CC=CC(=C2C(=O)CNC2=O)O1;CC(O)C1(C(N)=O)CC(=O)OC2=CC=C(O)C=C21;COC(=O)[C@@H](NC(C)=O)C(=O)C1=CC=C(O)C=C1;COC(=O)C(C)NC(=O)c1ccc2c(c1)OCO2;COC1=CC=C(OC)C(NC(=O)/C=C/C(=O)O)=C1;CCOC(=O)[C@H](C(C)=O)C1=CC=CC=C1[N+](=O)[O-];COC1=CC2=C(NC(C(=O)O)=C2)C(OC)=C1OC
m_bcdd81,CC1CC(CNC(=O)NCc2ccco2)CCO1;NCCCCNC(Cc1ccc(O)cc1)C(=O)O;COc1ccc(CNCCCC(N)C(=O)O)cc1;CC(O)(CNC(=O)c1ccon1)C1CCCCC1;CC[C@@H]1N[C@H](O)[C@@H](CC2=CC=C(O)C=C2)N[C@H]1O;NCC(O)CCC(NCc1ccccc1)C(=O)O;NCCCCC(NCc1ccccc1O)C(=O)O;COc1cc(CCNC(C)CC(N)=O)ccc1O;Cc1cnn(C(C)(CC2CCOCC2)C(=O)O)c1;Cc1ccoc1C(=O)NCC(C)N1CCOCC1;CC(=O)NCC(c1ccc(C)o1)N1CCOCC1;CC(C)C1OCCC1CNC(=O)Cc1ccon1;Cc1ccoc1C(=O)NCCN1CCOCC1C;CC1=CC=CC(OC[C@]2(CN)C[C@@H](O)[C@@H](O)C2)=N1;OC[C@H](NC[C@H]1NC[C@H](O)[C@@H]1O)C1=CC=CC=C1;OC[C@]1(CNCC2=CC=CN=C2)C[C@@H](O)[C@@H](O)C1;COCc1nocc1C(=O)NC1CCC(C)CC1;O=C(Cc1ccon1)NC1CCCCCC1CO;COC(=O)C1CCN(Cc2ncc(C)o2)CC1C;Cc1noc(C)c1CC(=O)NC1(CO)CCCC1;CCCCC1=NC2(CCCC2)C(=O)N1CC(=O)O;CNC(=O)C1(COC)CCCN1Cc1ccco1;Cc1noc(C)c1C(=O)NCC1(CO)CCCC1;CCc1cc(C)c(C(=O)NC2CNCC2OC)o1;CCOC1CC1C(=O)NCCc1c(C)noc1C
m_bd0de9,CCOc1ncc(C(=O)N2CCOCC2C(=O)O)cc1Cl;CNC(=O)C1CCC(C(=O)O)N(C(=O)c2ccc(Cl)o2)C1;O=C(c1csc(-c2cc3ccccc3o2)n1)N1CCOCC1;COC(=O)c1ccc(Cn2cnc3c(C)cccc3c2=O)s1;COC(=O)c1ccc(Cn2cnc3ccc(C)cc3c2=O)s1;O=C1NC2=CC=C(C3=CSC=C3)C=C2C(=O)N2C[C@H](O)C[C@@H]12;O=C(Cn1cc(F)ccc1=O)Nc1ccccc1C(F)(F)F;O=C(Nc1cccn(CC(F)(F)F)c1=O)c1ccc(F)cc1;c1ncc2c(n1)CN(Cc1csc(-c3ccsc3)n1)CC2;COC(=O)C1=CC=CC=C1NCN1C(=S)OC2=CC=CC=C21;C[S+]([O-])C[C@H]1O[C@@H](N2C=NC3=C2N=CNC3=O)[C@H](O)[C@@H]1O;CSC1=NC2=C(O)N=CN=C2N1C1O[C@@H](CO)[C@H](O)[C@@H]1O;Cn1cccc(C(=O)NCc2cc(-c3ccoc3)cs2)c1=O;CN(C(=O)CSc1ccc(C#N)c(C(F)(F)F)c1)C1CC1;O=C(O)C1=CC2=C3C(=N1)C1=CC=CC=C1C(=O)N3C1=CC=CC=C21;O=C(COc1ccc2ccccc2c1)NCc1csc(=O)[nH]1;O=C(NCCNc1cc(=O)oc2ccccc12)c1cccs1;CN(C)C(=O)Cc1csc(-c2cccc(C(F)(F)F)c2)n1;O=C(O)c1ccc2c3c1cccc3c(=O)n1c3ccccc3nc21;O=C1O[C@H]2[C@@H](O)[C@H](O)[C@@H](CO)O[C@@H]2C2=C1C=C(O)C(O)=C2O;C[n+]1ccn(CC2(C)C(C(=O)[O-])N3C(=O)CC3S2(=O)=O)n1;O=C(O)C1=CC=C2O[C@@]3(OC2=C1)O[C@H](CO)[C@@H](O)[C@H](O)[C@H]3O;O=C(O)CC(NC(=O)c1ccc2cc[nH]c2c1)c1cccs1;N#Cc1ccc(SCC(=O)NCC2CC2)cc1C(F)(F)F;COc1ccccc1-c1nnc(CSc2ccccc2O)o1
m_bd907b,CC(=Cc1ccccc1)CN1CCC2C(C1)NC(=O)N2C;Cc1cc2ncn(CC(=O)N3CCC(C)CC3)c2cc1C;Cc1ccc(C)c(OCc2nnc3n2CC(C)(C)CC3)c1;CN(c1ccccc1)C1CCN(C(=O)CC(C)(C)C#N)C1;CCC[C@@]12CN3C[C@@](C)(C[N@](C1)[C@H]3C1=CC=CN=C1)C2=O;CC1CCC(C)N(CC(=O)NCc2ccc(C#N)cc2)C1;CN(C)CC1CCCCN1C(=O)c1ccc2cc[nH]c2c1;COC1CCN(c2ncnc3c(C)cccc23)CC1(C)C;CC1CCN(C(=O)c2ccc3c(c2)ncn3C)CC1(C)C;CCC1CCCCN1C(=O)CCc1nc2ccccc2[nH]1;CC(C)(C)c1ccc(OCc2nnc3n2CCCC3)cc1;CC(C)N1CCN(C(=O)C(CC#N)c2ccccc2)CC1;CC[C@]12CN3C[C@](CC)(CN(C1)C3C1=CC=NC=C1)C2=O;CC(C1CCC1)N(C)Cc1nc2ccccc2c(=O)n1C;CCN1CCC(CNCc2cc3ccccc3nc2O)C1;CN(C)CC1=CC(CN(C)C)=C(O)C(C2=CC=CC=C2)=N1;COCCN1CCC(Nc2ccnc3ccccc23)CC1;CC[C@]12CN3C[C@](CC)(CN(C1)[C@H]3C1=CC=CN=C1)C2=O;CCN1CCCN(Cc2cc3ccccc3[nH]c2=O)CC1;CC(C)n1ncc2c1C(NCc1ccc(O)cc1)CCC2;Cc1ccc(C(C)C)c(OCc2nnc3n2CCCC3)c1;CC[C@]12CN3C[C@](CC)(CN(C1)C3C1=CC=CC=N1)C2=O;COc1ccc(CN(CCN(C)C)c2ccccn2)cc1;Cc1cc(CN2CCN(Cc3ccccc3C)CC2)no1;Cc1ccc(-c2n[nH]cc2CNC2CCC(O)CC2)cc1
m_bda18e,Cl.O=C(O)C1=CC=CC2=C1C(CN1CCCC1)=CN2;CN1C(=O)[C@@H](O)[C@H]2CN(CC3=CC=C(Cl)C=C3)C[C@H]21;CN1C(=O)CO[C@H]2CN(CC3=CC=C(Cl)C=C3)C[C@H]21;O=C(COc1ccccc1Cl)N1CCC2CNCC21;O=C1CC(C(=O)N2CC(CO)C2)CN1CC(F)(F)F;O=c1c2cc(F)c(F)cc2ncn1CC1(O)CCCC1;CC1(O)CCCN(c2ncnc3c2NC(=O)CS3)C1;O=C(C1CC(O)CN1)N1CCc2cc(Cl)ccc2C1;O=C(Nc1nnc(C2CC2)s1)N1CCC2CC2(O)C1;N#Cc1cccc(Cl)c1N1CCCC(OCCO)C1;N#Cc1ccc(Cl)cc1N1CCCC(OCCO)C1;O=C(Nc1nnc(C2CC2)s1)N1CC2CC(O)C1C2;CC(=O)Nc1cc(Cl)ccc1C(=O)N1CCCCC1;O=C(Nc1nc(C2CC2)ns1)N1CCC2(O)CC2C1;NC(=O)CC1CCCCN1C(=O)c1cccc(Cl)c1;O=C(CCN1CCCC1=O)Nc1nc(C2CC2)ns1;NC(=O)CC1CCN(C(=O)c2cccc(Cl)c2)CC1;CN1CC(NC(=O)CCc2cccc(Cl)c2)CC1=O;Cc1ccc(C(=O)N2CCC(CC(N)=O)C2)cc1Cl;CC(NC(=O)c1ccc(Cl)cc1)C(=O)N1CCCC1;Cc1cc(Cl)c(C(=O)N2CC(=O)NC(C)C2)cc1C;Cc1noc(C2CC(O)CN2CCc2ccns2)n1;CC12CCC(=O)N1C(C(=O)NCc1cc[nH]n1)CS2;Cc1cc(NC(=O)CCn2c(C)csc2=O)n(C)n1;Cc1cc(Cl)c(C(=O)N2CCCC2C(N)=O)cc1C
m_bf639c,COC1CC(C(=O)NC2CCN(Cc3ccc(F)cc3)CC2)N(C)C1;COc1ccc(F)cc1C(C)NC(=O)N1CCCC1C1CCCN1C;CC(C(=O)Nc1ncccc1CN1CCc2ccccc2CC1)C1CC1;COc1ccc(CN2CCN(C(=O)C3CCCC(N)C3)CC2)cc1F;COC(CNC(=O)N1CCCC2CN(C)CCC21)c1ccc(F)cc1;CC(C(=O)Nc1ccc(F)cc1OC1CCCC1)N1CCN(C)CC1;O=C(NC1CCC(O)CC1)NC1CCN(Cc2ccccc2F)CC1;CC(C)Oc1ccc(CNC(=O)N2CCC3CCC(C2)N3C)cc1F;COc1cccc(F)c1C(C)NC(=O)N1CCCC2CN(C)CCC21;CSCC[C@H](C(=O)NC[C@@H]1CCCN2CCCC[C@H]12)N1C=CC=C1;CCc1ccc2ccccc2c1CNCC1CCOC1c1ccnn1C;C=C(C)CN1CCC(NC(=O)NC(C)c2c(F)cccc2OC)CC1;O=C(C1CCCN(Cc2ccccc2)C1)N1CCCC1c1ccncc1;CCN1CCN(c2ccc(F)cc2C(C)NC(=O)C2CCCO2)CC1;O=C(CN1CCC(Cc2ccncc2)C1)NC(c1ccccc1)C1CC1;COc1cc(CCNC(=O)N2CCC(CN3CCCC3)C2)ccc1F;CC(C(=O)N1CCOCC1)N1CCN(CCc2ccccc2F)CC1;Cc1ccccc1CN1CCC(NC(=O)c2cccnc2C2CC2)CC1;O=C(C1CCN(Cc2ccccc2)CC1)N1CCCC1c1ccccn1;CN1CCC(NC(=O)N2CCCCC2CCO)C1c1ccc(F)cc1;CC(CN1CCOCC1)NC(=O)N1CCCC1Cc1ccc(F)cc1;CC(=O)N[C@@]12CCN(CC3=CC=CC=C3)C[C@@H]1[C@@H](C1=CC=CC=C1)NC2;Cc1cccc2c1CCC2NC(=O)N1CCCCCC1c1ccncc1;CCN1CCN(c2ccc(C(=O)N3CC(C)OC(C)C3)cc2F)CC1;CC1=CC=C(C2=NC3(CCN(C)CC3)N[C@@H](C3=CC=CC=C3O)C2)C=C1
m_bf6cfe,Cn1ccc(CN2CCN(S(C)(=O)=O)CC2)cc1=O;Cc1cc(NC(=O)C2Cc3ccccc3C(=O)O2)n(C)n1;CN(C)c1ncccc1OC1CCN(S(C)(=O)=O)C1;CN1C(N)=C(C(=O)/C=C/C2=CC=CC=C2)C(=O)N(C)C1=O;CNS(=O)(=O)C1CCN(Cc2cccnc2OC)C1;CN(C(=O)c1cc(C(=O)O)nn1-c1ccccc1)C1CC1;CCCN(C(=O)c1ccnn1C)C1CCS(=O)(=O)C1;CC1(O)CCCN(c2ncccc2S(N)(=O)=O)CC1;COC(=O)[C@@H]1CC2=C(CN1C(=O)C1=CC=CC=C1)N=CN2;CCc1noc(C)c1C(=O)N1CC(=O)Nc2ccccc21;Cc1cccc(C)c1NC(=O)CNS(=O)(=O)N(C)C;Cn1ccc(C(=O)Nc2ccc(CC(N)=O)cc2)cc1=O;CNC(=O)CNC(=O)c1ccnc(Oc2ccccc2)c1;O=C(NCCN1CCc2ccccc2C1=O)c1ccon1;O=C(O)CCN(Cc1ccccc1)C(=O)c1ccnnc1;O=C(O)C1CCN(C(=O)C2=CC=C3N=CC=NC3=C2)CC1;CC1(C(=O)O)CCN(C(=O)c2ccc3nccnc3c2)C1;O=C(O)C1CCCN1C(=O)c1cncn1-c1ccccc1;Cc1c[nH]nc1C(=O)N1CC(CC(=O)O)c2ccccc21;CC(C(=O)Nc1cnc(C(C)(C)C)nc1)S(C)(=O)=O;COCCN1C=CC2=NC=C3C(=O)N(C)C=CC3=C2C1=O;CNS(=O)(=O)C1CCN(Cc2cc(OC)ccn2)C1;COC(=O)c1ccc(C)c(NC(=O)Cc2cncnc2)c1;Cc1ccccc1S(=O)(=O)NCCNC(=O)N(C)C;O=C(c1cccc(=O)[nH]1)N1CCC(Oc2ccncc2)C1
m_c1b10a,COC1=CC=CC=C1CCNC(=O)CC1CCN(C(=O)C2=CC=C(C)C=C2)CC1;CC[C@H]1CN(C(=O)C2=CC=CC=C2)CC[C@H]1CC(=O)NCC1=CC=C(OC)C=C1;COc1cc(CNC2CCCc3ccccc32)ccc1OCC(=O)N1CCCC1;COC1=CC=C(CN2CC[C@@](C)(O)[C@@H](NC(=O)C3CC3)[C@@H]2C2=CC=CC=C2)C=C1;COC1=CC=C([C@H]2[C@@H]3CCCC[C@]3(O)CCN2CC(=O)NC2=CC=CC=C2)C=C1;COC1=CC=CC(CN2CC[C@@](C)(O)[C@@H](NC(=O)C3CC3)[C@@H]2C2=CC=CC=C2)=C1;CCCCC(=O)NC1CCN(C(=O)C(Oc2ccccc2)c2ccccc2)CC1;CC(C)CC(=O)N1CCC(NC(=O)C(Oc2ccccc2)c2ccccc2)CC1;COC1=CC=CC=C1CN1CC[C@H]2CC(=O)NC3=CC(C)=CC=C3OCC[C@H]2C1;CCOC1=CC=C(CCNC(=O)CC2CCN(C(=O)C3=CC=CC=C3)CC2)C=C1;CC(=O)N1CCC(NC(=O)C(Oc2cccc(C(C)C)c2)c2ccccc2)CC1;COc1ccc(C(Cc2ccccc2)NC(=O)N2CCC(O)(C3CC3)CC2)cc1;CC(C(=O)Nc1ccccc1Oc1ccccc1)N1CCC2(CCOCC2)CC1;CCCCCC(=O)NC1C2=CC(C)=CC=C2N(C(=O)C2=CC=CC=C2)[C@H](C)C1O;COC1=CC=C(CC(=O)NCCC2CCN(C(=O)C3=CC=C(C)C=C3)CC2)C=C1;CCOc1cc(CN2CC(CCN3CCCC3=O)c3ccccc32)ccc1OC;CCCCCNC(=O)C[C@H](C1=CC=C(OC)C(OC)=C1)C1=CNC2=CC=CC=C12;COC1=CC=C(CCNC(=O)CCC2=CN(C(C)C)C3=CC=CC=C23)C=C1OC;COC1=CC=C(CCC(=O)NCCC2=CN(C(C)C)C3=CC=CC=C23)C=C1OC;CCCCNC(=O)C1=CC=CC([C@@H]2CCCN(C(=O)C3=CC=C(OC)C=C3)C2)=C1;COC1=CC=CC(C2=CC=C3C(=O)N(C)[C@@H]4CN(CCC(C)C)C[C@@H]4OC3=C2)=C1;CCC(=O)N(C1=CC=CC=C1)C1(C(=O)OC)CCN(CCC2=CC=CC=C2)CC1;CN(CC[C@H]1CN(C(=O)CC2=CC=CC=C2)CC[C@H]1CC(=O)O)C1=CC=CC=C1;COC1=CC=C(CN2C(=O)[C@@H]3C[C@@H](CN3CCC(C)C)OC3=CC=CC=C32)C=C1;CCOC(C(=O)N1CCC(NC(=O)CCc2ccccc2)CC1)c1ccccc1
m_c1ec62,CCN(C(=O)CCCn1cncn1)C(C)c1ccc(F)cc1;COCCN(CC(F)F)C(=O)NC(C)c1cn(C)nc1C;CCC(c1ccc(F)cc1)N1CCOC(c2nncn2C)C1;CCCCOC(=O)C1=CC=CC=C1C(=O)OC1CCCCC1;CCC(CC)CN(CC)C(=O)c1cn(C(F)(F)CO)nn1;COCc1n[nH]c(C2CCCCN2Cc2ccccc2F)n1;CCCCC1(OC(=O)C2=CC=CC=C2C(=O)O)CCCCC1;Cc1cc(F)ccc1Cn1cc(CN2CCCC2CO)nn1;CCN1CCCC1CNc1nnc(Cc2ccccc2F)o1;CCn1nncc1CN1CCOC(c2ccc(F)c(C)c2)C1;COC1CC(c2nc(C)c(C)[nH]2)N(Cc2ccncc2F)C1;CC(CCc1ccccc1F)NC1COCC1n1ccnn1;CCc1cc2c(N3CCC(CN(C)C)CC3)ncnc2s1;O=C(NCC1CC(F)CN1c1cccnn1)C1CC=CCC1;CC(C)NC1CCN(c2nc(-c3ccc(F)cc3)no2)CC1;O=C(NCC1CC(F)CN1Cc1cncnc1)C1=CCCC1;CC(C)CNC(=O)NC(c1cccc(F)c1)c1nccn1C;CC[C@H]1C[C@@H](CCCOC(=O)C2=CC=C(C)C=C2)CC(=O)O1;Cc1cc(F)ccc1CCNC(=O)NC(C)c1cnn(C)c1;CC(C)C(Cc1ccc(F)cc1)NC(=O)Nc1ccnn1C;COc1cccc(F)c1C(C)NCc1nnc(C2CC2)n1C;Cc1ccccc1N1CCN(c2ncnc3ccccc23)CC1;CC(C)(C)CC(NC(=O)Cn1ccnn1)c1ccc(F)cc1;Cc1cccc(N2CCN(c3cnc4ccccc4n3)CC2)c1;CCOC(=O)[C@H]1CC[C@@](C)(C(=O)OC2=CC=CC=C2)C1(C)C
m_c2176f,COc1ccc2nc(O)c(C(=O)N3CCN(c4ncc[nH]4)CC3)cc2c1;Cn1nccc1C1OCCC1NC(=O)Cn1c(=O)cnc2ccccc21;CCn1nc(-c2nnc3n2CCC(C(=O)OC)C3)c2ccccc2c1=O;CCn1nc(-c2nnc3n2CC(C(=O)OC)CC3)c2ccccc2c1=O;CN1C=C(NC(=O)CN2C(=O)[C@@H]3CCCN3C(=O)C3=CC=CC=C32)C=N1;Cc1[nH]c2ccnn2c(=O)c1CC(=O)N1CCC(Oc2ccncc2)C1;COc1cc(OC)c(NC(=O)CN2CC3CCN(C)C3C2)cc1Cl;O=C1CN2CCN(C(=O)C3=CN=CN=C3)C[C@@H]2COC2=CC=CC=C2N1;COC1=CC=C(CCNC(=O)C2=CC=C(N3C=NN=N3)C=C2)C=C1OC;CN1CCN(C[C@@H]2OC[C@H](NC(=O)C3=CC=C(Cl)C=C3)[C@H]2O)CC1;COC1=CC=C(CC(=O)NCC2=NN=NN2C2=CC=C(OC)C=C2)C=C1;COc1cc(NC(=O)c2nnn(Cc3ccncc3)c2C)cc(OC)c1;COC1=CC=C(CCNC(=O)C2=CC=CC(N3C=NN=N3)=C2)C=C1OC;Cc1noc2ncnc(Nc3ccc(CC(=O)N4CCOCC4)cc3)c12;COC1CCN(C(=O)NCC2CN(c3ccc(Cl)cc3)CCO2)C1;COC1CN(C(=O)c2cc(O)nc3ccccc23)CC1c1cn(C)nn1;O=C1CN2CCN(C(=O)C3=CN=CC=N3)C[C@@H]2COC2=CC=CC=C2N1;CC1=NC=CC(O[C@@H]2C(=O)N(C)[C@@H]3CN(C(=O)C4=CC=NC=C4)C[C@H]23)=N1;COc1ccc(-c2cc(Nc3ccnc(N4CCOCC4)n3)on2)cc1;Cc1c(C(=O)NCC2(O)CCOC2)nnn1-c1cccc2cccnc12;COc1ccc(Cl)cc1CN1CCN(C(=O)C2COCCN2)CC1;CC1=NC=CC(O[C@@H]2C(=O)N(C)[C@@H]3CN(C(=O)C4=CC=CN=C4)C[C@H]23)=N1;CN1C=NC=C1C1=NN=C([C@H]2CCN(CC3=CC=C(C(=O)O)C=C3)C2)O1;Cc1c(C(=O)N2CCOCC2c2ncon2)cnn1Cc1ccccc1;COc1ccc(CN(C)C(=O)c2ccccc2-n2cnnn2)c(OC)c1
m_c2313f,CC(=O)NCC(=O)N1CCC(=Cc2cc(Cl)ccc2Cl)CC1;CC(C)CC(=O)OC(Cn1ccnc1)c1ccc(Cl)cc1Cl;CC(c1ccc(Br)cc1)N1CCN(CCC(=O)O)CC1;CC(CN1CCN(C)CC1)OC(=O)c1cccc(Br)c1;O=C(c1ccnc2cc(Cl)ccc12)N1CCC(O)(C(F)F)CC1;O=C(Cn1cnc(-c2ccc(Cl)cc2)cc1=O)Nc1ccncc1;O=S(=O)(c1cccc(Cl)c1)N1CCN(Cc2cnc[nH]2)CC1;CC(Cc1ccc(Br)cc1)NC(=O)CN1CCOCC1;Cc1cc(Br)ccc1NC(=O)CCCN1CCOCC1;Cc1cc(Br)cc(C(=O)N(C)CCN2CCOCC2)c1;CN(C)C(=O)CN1CCC(Oc2cccc(Br)c2)CC1;CC(Oc1ccccc1Br)C(=O)N1CCC(CN)CC1;COc1ccc(Cl)cc1CN(C)C(=O)CSc1nc(C)n[nH]1;COCC1CCN(C(C(N)=O)c2cccc(Br)c2)CC1;CCNC(=O)CN1CCC(Oc2cccc(Br)c2)CC1;NC1CCCN(C(=O)CCCOc2ccccc2Br)C1;CNC(=O)C1(COC)CCCN1Cc1ccccc1Br;O=S(=O)(CCNC1CCc2ncnn2C1)c1ccc(Cl)cc1;Cn1cc(N2CCN(S(=O)(=O)c3ccc(Cl)cc3)CC2)cn1;Cc1n[nH]c(C2CN(C(=O)CCc3ccc(Cl)s3)CCO2)n1;CCC(CC)C(=O)N1CCC(Oc2cncc(Br)c2)C1;NCC1CCN(C(=O)CCCOc2ccccc2Br)C1;COc1ccc(Br)cc1CCC(=O)N1CCCNCC1;COc1ccc(CCC(=O)N2CCCNCC2)cc1Br;CNC(=O)CCN1CCC(Oc2cccc(Br)c2)CC1
m_c30e40,COCc1cccc(CC(=O)N2CCCC(S(=O)(=O)NC3CCCC3)C2)c1;Cc1ccc(OC2CCN(C(=O)NCC3(CS(C)(=O)=O)CC3)CC2)cc1C;CCNS(=O)(=O)c1ccc(CC(=O)N2CCC(C3CCCOC3)CC2)cc1;CCN(CC)S(=O)(=O)c1ccc(C)c(C(=O)N2CCC3(CCCOC3)C2)c1;CCCCC(NS(=O)(=O)c1ccc(C(=O)N2CCOCC2)cc1)C1CCC1;O=C(O)C[C@@H]1CCN(S(=O)(=O)C2=CC=CC=C2)C[C@@H]1CCN1CCCCC1;CC1CN(C(=O)c2ccc(S(=O)(=O)N(C)C3CCCCC3)cc2)CCCO1;CCOC1CC2(CCN(C(=O)c3cc(C)c(C)c(S(=O)(=O)N(C)C)c3)C2)C1;CC[C@@H]1CN(C(=O)C2=CC=CC(C)=C2)[C@H](CO)[C@@H]1CN1CCS(=O)(=O)CC1;CCC1(CO)CCCN(C(=O)CCc2ccc(S(=O)(=O)NC3CC3)cc2)C1;CC[C@@H]1CN(C(=O)CC2=CC=CC=C2)[C@H](CO)[C@@H]1CN1CCS(=O)(=O)CC1;COC1(CC(=O)Nc2cccc(S(=O)(=O)N(C)C3CCCCC3)c2)CCC1;COC1=CC=C(CCNC(=O)CCCCCN2C(=O)C3=CC=CC=C3C2=O)C=C1;COc1cc(C=CC(=O)NCCn2c(C)cc3ccccc32)cc(OC)c1OC;CC1(C)CN(C(=O)NC(CS(C)(=O)=O)c2ccccc2)CC2(CCCC2)O1;COC1=CC=C(CCNC(=O)C2=CN(C(C)C)C(=O)C3=CC=CC=C23)C=C1OC;COc1cc2c(cc1OC)CCN(C(=O)c1cccc(C(=O)NC3CC3)c1)CC2;COC1=CC2=C(C=C1OC)CN(C(=O)CCCN1CC3=CC=CC=C3C1=O)CC2;COC1=CC2=C(C=C1OC)CN(C(=O)CCN1C=CC3=CC=CC(OC)=C31)CC2;COC1=CC2=C(C=C1OC)CN(C(=O)[C@H]1CC(=O)N(C)[C@@H]1C1=CC=CC=C1)CC2;COCCN1C(C(=O)N2CCC3=CC(OC)=C(OC)C=C3C2)=CC2=CC=CC=C21;O=C(COc1ccc2c(c1)CCCC2)N1CCN(C(=O)c2ccccc2O)CC1;COC1=CC2=C(C=C1OC)CN(C(=O)CCN1C=CC3=C(OC)C=CC=C31)CC2;COC1=CC=C2C(=C1)C=CN2CCC(=O)N1CCC2=CC(OC)=C(OC)C=C2C1;COCCN1C=C(C(=O)N2CCC3=CC(OC)=C(OC)C=C3C2)C2=CC=CC=C21
m_c3e52e,Cc1ccc(NC(=O)CN2CCCN(C(N)=O)CC2)cc1;CNC(=O)NC(=O)CNc1ccccc1N1CCCCC1;CCOc1cccc(N2CCN(C(=O)NC3CC3)CC2)n1;CC(=O)NCC(=O)Nc1cnc(N2CCCCC2)c(C)c1;C=C(C)CNC(=O)N1CCN(c2cc(OC)ccn2)CC1;CNC(=O)c1cccc(NC(=O)N2CCCCCCC2)n1;CNC(=O)NC1CN(C(=O)NCCc2cccc(C)c2)C1;CCOc1cc(C)nc(N2CCN(C(=O)C3CC3)CC2)n1;CNC(=O)CC(=O)N1CCCC1CNc1cccc(C)n1;CN(C)CC(=O)NC1=CC=C2[C@H]3CNC[C@H](C3)CN2C1=O;CN(C(=O)c1cc(N2CCNC(=O)C2)ccn1)C(C)(C)C;COC1CCN(C(=O)NC2CCN(c3ccccn3)C2)C1;CCC(CC)N1CC(C(=O)Nc2nccc(C)n2)CC1=O;Cc1ncccc1CNC(=O)NCC1CCN(C)C(=O)C1;CC(NC(=O)CC1CCCCC1)C(=O)Nc1cnccn1;CC(C(=O)NC1CC1)N1CCN(C(=O)c2ccc[nH]2)CC1;O=C(Nc1cccnc1N1CCCC1)N1CCCC1CO;CNC(=O)NC1CCN(C(=O)c2ncc(C)cc2C)CC1;COC1CCN(C(=O)Nc2cccnc2N2CCCC2)C1;Cc1cnc(C(=O)NCCCN2CCCCCC2=O)cn1;CC(=O)N1CCCN(C(=O)NC(C)c2cccnc2)CC1;NC1CCCC1CC(=O)N1CCCC1c1ccc(O)nn1;COc1ncc(C)cc1NC(=O)NC1CC2CCC(C1)N2;COC(C(=O)N1CCN(c2nccnc2C)CC1)C1CC1;COCC(O)CN1CCN(c2nc3ccccc3[nH]2)CC1
m_c50497,COC1=CC=C(C(=O)N2C(=O)OC3=CC(Br)=CC=C32)C=C1;O=C(O)C1CN(C(=O)CCc2cc(Br)cs2)CCO1;CC(C(=O)N1CCOCC1C(=O)O)c1ccc(Br)s1;CC(C(=O)N1CCOC(C(=O)O)C1)c1ccc(Br)s1;O=C(O)CN(C(=O)c1sccc1Br)C1CCOCC1;COCC1(C(=O)O)CCCN1C(=O)c1sccc1Br;COCC1(C(=O)O)CCCN1C(=O)c1cc(Br)cs1;COC(=O)CSC1CCN(C(=O)c2ccc(Br)o2)C1;O=C(NCC1(C(=O)O)CCOCC1)c1csc(Br)c1;O=C(O)C(Cc1sccc1Br)NC(=O)C1CCCO1;O=C(O)C1CCN(S(=O)(=O)c2ccccc2Br)CC1;Cc1ccc(Br)cc1S(=O)(=O)N1CCCC1C(=O)O;CC1CCN(S(=O)(=O)c2ccccc2Br)C1C(=O)O;COc1ccc(Cl)cc1S(=O)(=O)Nc1cc(Cl)ccc1O;CC1CCN(S(=O)(=O)c2cc(Br)ccc2C(=O)O)C1;O=C(O)C1CCCCN1S(=O)(=O)c1ccc(Br)cc1;O=C(O)CC(NS(=O)(=O)c1ccccc1Br)C1CC1;COc1c(S(=O)(=O)Nc2cccc(O)c2)ccc(Cl)c1Cl;Cc1ccc(S(=O)(=O)NC2(CC(=O)O)CC2)c(Br)c1;C=CCN(C(=O)c1coc(Br)c1)C1CCS(=O)(=O)C1;CCN(C1CC1)S(=O)(=O)c1ccc(C(=O)O)cc1Br;O=C1NC2=CC=CC=C2/C1=C/C1=CC=C(I)C=C1;Cc1ccc(S(=O)(=O)NC2CC(C(=O)O)C2)c(Br)c1;O=C(O)CN(CC1CC1)S(=O)(=O)c1ccccc1Br;O=C(O)c1cc(NS(=O)(=O)c2ccc(F)cc2F)ccc1Cl
m_c567df,CC1=C(C)C2=CC3=C(C=C2O1)OC(=O)C(CCC(=O)N(CC(=O)O)CC(=O)O)=C3C;COC(=O)C1(C(=O)OC)OC(=O)C2=CC3=C4C(=CC(OC)=C(OC)C4=C21)CCN3C;CN(C)CCC1=CC2=C(C=C1/C(O)=C(\O)C1=CC=C3OCOC3=C1C(=O)O)OCO2;CC(NC(=O)COc1ccccc1)C(=O)Nc1ccc(N2CCCC2=O)c(Cl)c1;CC(Oc1ccccc1Cl)C(=O)Nc1ccc2onc(CN3CCOCC3)c2c1;COCC1=CC(=O)C(O)=C(C(CC(=O)OC)C2=CC3=CC(OC)=CC=C3NC2=O)O1;COCC1=CC(=O)C(O)=C(C(CC(=O)OC)C2=CC3=CC=C(OC)C=C3NC2=O)O1;Cc1ccc2oc(C(=O)N(Cc3cccc(F)c3)C3CCS(=O)(=O)C3)c(C)c2c1;Cc1ccc2c(C)c(C(=O)N(Cc3ccc(F)cc3)C3CCS(=O)(=O)C3)oc2c1;C[C@](O)(CC(=O)NCCO)CC1=CC(O)=C2C(=O)C3=C(O)C=CC=C3C(=O)C2=C1O;CC1=C(C(=O)Nc2ccccc2)C(c2cccc(O)c2)n2nc(C(F)(F)F)nc2N1;CN1C(O)=C(C(=O)C[C@@H](SC2=CC=CC=C2)C2=CC=CC=C2)C(=O)C2=CC=CC=C21;O=C(NC[C@@H]1CCCN2CCCC[C@H]12)C1=CC(Br)=CC=C1N1C=CC=C1;O=C(CSc1nnnn1C1CCCCC1)NCc1ccccc1OC(F)(F)F;COC1=CC(/C=C/C(=O)NCC(=O)O)=CC2=C1OC(C1=CC=C(O)C(O)=C1)C2CO;COC1=CC=CC(CNC(=O)C2=CC=C(C3=CC=C(OC4=CC=CC=C4)C=C3)S2)=C1;CC(NC(=O)NC1CCN(Cc2ccccc2)CC1)c1ccccc1Br;COC1=CC=C(CNC(=O)C2=CC=C(C3=CC=C(OC4=CC=CC=C4)C=C3)S2)C=C1;COC(=O)C1=CC=C([C@@H]2C(C(=O)OC(C)C)=C(N)OC3=C2OC(CO)=CC3=O)C=C1;COC1=CC=C(Cl)C=C1NC(=O)[C@H]1C[C@H](C(C)O)N[C@]12C(O)=NC1=CC=CC=C12;Cc1ccc2c(CC(=O)N(Cc3ccc(F)cc3)C3CCS(=O)(=O)C3)coc2c1;CC(=O)C1=C(O)C(C)=C(O)C2=C1OC1=CC(=O)/C(=C(/C)NCCC(=O)O)C(=O)[C@@]12C;CN1C(=O)C2=C(N=C3N(C4=CC=C5OCOC5=C4)C(C4=CC=CC=C4)=CN23)N(C)C1=O;O=C1[C@@H]2C[C@@H](O)CN2C2(CN(CC3=COC=C3)C2)C(=O)N1CC1=CC=CC(Cl)=C1;O=C(CO)N1CCC(c2[nH]nc(-c3ccc(Cl)cc3F)c2-c2ccncn2)CC1
m_c57b9d,COC1CC(CNC(=O)c2cccn2C2CC2)N(c2cc(N)ncn2)C1;COc1ccccc1N1CCN(C(=O)C2Cn3c(C)nnc3CN2)CC1;Cn1ccnc1C1OCCCC1C(=O)N1CCN(c2ncccn2)CC1;Cc1cc(C(=O)NCC2CC(O)CN2c2cc(N(C)C)ncn2)ccn1;Cc1ccnn1CC(=O)N1CCC(c2cc(O)nc(N3CCCC3)n2)C1;COC1CC(CNC(=O)c2cnn(C)c2C2CC2)N(c2ccncn2)C1;COC1CC(CNC(=O)c2cn(C)nc2C2CC2)N(c2ccncn2)C1;CCn1ccnc(N2CCC(NC(=O)Nc3ccc(C)nc3)CC2)c1=O;COC1CC(CNC(=O)c2c3c(nn2C)CCC3)N(c2ccncn2)C1;CN(C)CCNC1=NC2=C(C(=O)NC(=O)N2C)N1CCC1=CC=CC=C1;COC1CC(CNC(=O)c2cc(N(C)C)ccn2)N(c2ccncn2)C1;CCn1ccnc(N2CCC(NC(=O)Nc3ccnc(C)c3)CC2)c1=O;COC1CC(CNC(=O)c2ccnc(N(C)C)c2)N(c2ccncn2)C1;CCc1cc(C(=O)N2CCOC(c3ccnc(N4CCCC4)n3)C2)[nH]n1;CCn1ccnc(N2CCC(NC(=O)c3cnc(C)nc3C)CC2)c1=O;CCN1C(=O)CCC(CNC(=O)c2cnc(C)cn2)C1c1nccn1C;Cc1nc(C)c(C(=O)NCC2CC(=O)N(C)C2c2nccn2C)nc1C;Cc1c[nH]nc1C(=O)N1CCN(C(=O)c2n[nH]cc2C)C2CCCCC21;Cc1cc(C(=O)N2CCOC(c3ccnc(N4CCCC4)n3)C2)n(C)n1;Cn1ccnc1C1C(NC(=O)CCn2cccn2)CCC(=O)N1C1CC1;CC1=CC=CC(CN2C(NCCN(C)C)=NC3=C2C(=O)NC(=O)N3C)=C1;Cc1nn(C)cc1C(=O)N1CCOC(c2ccnc(N3CCCC3)n2)C1;Cc1cc(N2CCN(C(=O)c3cccnc3N3CCOCC3)CC2)n[nH]1;CN1CCC(N2CCC(NC(=O)c3ccnc4c3ncn4C)CC2)C1=O;Cc1[nH]ncc1C(=O)NCC1CCC(=O)N(C2CC2)C1c1nccn1C
m_c63e89,Cc1cccnc1OCC1CCN(C(=O)c2c(F)cccc2F)CC1;COc1ccc(CC(=O)N2CCN(c3ccccc3F)CC2)cc1F;COc1ccccc1OCCNC(=O)Cn1cc(OC)c(=O)cc1C;CCOc1ccccc1C(=O)N1CCN(C(=O)C2(C(=O)O)CC2)CC1;CC1(C)CCN(C(=O)c2ncccc2OCC(F)F)c2ccccc21;Cc1ccccc1OCC(=O)N1CCN(CC(O)C(F)(F)F)CC1;CCOc1ccccc1C(=O)N1CCN(CC(O)C(F)(F)F)CC1;COc1ccccc1C(C)NC(=O)N1CCN(c2nccs2)CC1;COC1=CC=CC=C1CCNC(=O)CN1C=C(OC)C(=O)C=C1CO;Cc1cc(C(=O)N2CCC(Cc3ccc(F)c(F)c3)CC2)cc(O)n1;C1=CC=C2C(=C1)C1=CC=CC=C1N2CN1C2=CC=CC=C2C2=CC=CC=C21;CCOC1CCN(Cc2nnc(C(=O)Nc3ccccc3)s2)CC1;COC1=CC=C(CCNC(=O)C2=CC(=O)C(OC)=CN2C)C=C1OC;Cc1cnc(CCNC(=O)N2CCN(c3ccccc3O)CC2)s1;Cc1nc(C)c(CC(=O)N2CCN(Cc3cccs3)CC2)c(=O)[nH]1;CCOc1nccnc1NC1CCN(C(=O)Cc2cccs2)CC1;CN1CCN(C(=O)c2ccc(OC(F)F)cc2)C(c2ccccc2)C1;O=C(c1cc(OCC(F)F)ccn1)N1CCC(Cc2ccccc2)C1;CC1(C(=O)OCCCn2c(=O)[nH]c3ccccc3c2=O)CCOCC1;Cn1c(CCc2ccccc2)nnc1SCC(=O)N1CCOCC1;COC1=CC=C(CCNC(=O)CN2C(C)=CC(O)=CC2=O)C=C1OC;CCc1ccccc1N1CC(C(=O)N2CCOCC2C(=O)O)CC1=O;CN1C(=O)CC(C(=O)N(CC(=O)O)C2CCOCC2)c2ccccc21;CC(=O)N1CCN(CC(=O)NCCc2nc3ccccc3s2)CC1;O=C(Cc1ccc(F)c(F)c1)N1CCC(O)(Cc2ccccn2)CC1
m_c772b8,CCOc1cnc(C(=O)NC2CCCN(CC)C2)cn1;CN(C)C(=O)CN1CCN(C(=O)c2cccn2C)CC1;CCCN1CCCC1CNC(=O)c1ncc(OC)cn1;Cn1cncc1CCC(=O)NCC(=O)N1CCCCC1;CCOc1cc(NCC2CCN(C(C)=O)CC2)ncn1;CCC(=O)N1CCN(C(=O)Cn2nc(C)cc2C)CC1;CCCc1nccn1CC(=O)NCC(=O)N1CCCC1;COc1ncccc1NC(=O)NCC1CCCN(C)C1;CCNC(=O)CCN(C)CC(=O)Nc1ccc(C)cn1;CCCCn1cc(C(=O)NC2CCCNC2=O)c(C)n1;COc1ccc(NC(=O)NCC2CCN(C)CC2)cn1;CCC(=O)N1CCC(C(=O)Nc2cn(C)nc2CC)C1;CCCC1C(=O)NCCN1C(=O)c1ccnn1C(C)C;Cc1nccnc1N1CCCC(O)(CC(=O)N(C)C)C1;CCC(CO)N1CCN(C(=O)Nc2cccnc2)CC1;Cc1nonc1CC(=O)N1CCC(NC2CCC2)CC1;CCC(CC)n1ncc(C(=O)N2CCNC(=O)C2)c1C;CC(C)c1nccn1CC(=O)NC1CCCCNC1=O;CCC1CN(C)CCCN1C(=O)c1ncc(OC)cn1;COc1nc(C)nc(N2CCCC(CC(N)=O)C2)c1C;Cc1cnc(N2CCCC(O)(CC(=O)N(C)C)C2)nc1;CC(C)COc1cncc(NC2CCC(=O)N(C)C2)n1;CCC1C(=O)NCCN1C(=O)c1cc(C(C)C)n(C)n1;COc1nc(C)cc(NCC2CCN(C(C)=O)CC2)n1;Cc1cc(C(=O)NCCCCNC(=O)C2CC2)nn1C
m_c886af,CCOC(=O)c1ccc(NS(=O)(=O)CCC(C)(F)F)c(O)c1;Cc1ccc(F)c(NS(=O)(=O)c2ccc(CCC(=O)O)cc2)c1;COc1cc(C(=O)O)ccc1CCNC(=O)c1c(Cl)cnn1C;CC1=CC=C(S(=O)(=O)N2C3=CC=CC=C3OC3=CC=CC=C32)C=C1;Cc1c(F)cccc1S(=O)(=O)NCC(C(=O)O)c1ccccc1;CN1C(C(=O)NCCOC2=CC=CC=C2Cl)=CC(=O)N(C)C1=O;CC(=O)c1ccc(CCNS(=O)(=O)CCc2ccccc2)s1;O=C(O)C(CCc1ccccc1)NS(=O)(=O)c1cccc(F)c1;CCCOc1ccc(NC(=O)c2cc(C(=O)O)nn2C)cc1Cl;CC(=O)c1ccc(CCNS(=O)(=O)Cc2cccc(C)c2)s1;Cc1ccc(S(=O)(=O)NC(Cc2ccc(F)cc2)C(=O)O)cc1;COc1cccc(C(CC(=O)O)NC(=O)c2c(Cl)cnn2C)c1;CN(Cc1ccccc1F)S(=O)(=O)c1ccc2c(c1)OCCO2;Cc1cc(C)c(CNC(=O)c2sccc2S(C)(=O)=O)c(C)c1;Cc1c(Cl)c(C(=O)NCc2cccc(OCC(=O)O)c2)nn1C;CS(=O)(=O)c1cccc(OCCN2CCc3sccc3C2)c1;CCc1ccc(CNC(=O)C[S+]([O-])c2ccccc2OC)s1;Cc1nn(-c2ccc(Cl)cc2)cc1C(=O)NCCC(O)C(=O)O;COc1cc(C(=O)Nc2cnn(C(C)(C)C(=O)O)c2)ccc1Cl;COC(=O)C1CC(Oc2nc3cc(OC)ccc3nc2Cl)CN1;COc1cc(CNC(=O)c2cc(Cl)c[nH]2)ccc1OCC(N)=O;CC(c1ccccc1F)N(C)S(=O)(=O)c1cccc(C(=O)O)c1;O=C(O)C1CCCN(S(=O)(=O)c2ccc3ccccc3c2F)C1;CC1(C)CN(S(=O)(=O)c2ccc3ccccc3c2)CC[S+]1[O-];CCCC1=CC2=C(C=C1O)OC=C(C1=NC3=CC=CC=C3S1)C2=O
m_c8934f,O=C(O)CC[C@@H](CNC(=O)C1=CC=CC=C1)NC(=O)C1=CC=CC=C1;O=C(NCCC[C@H](NC(=O)C1=CC=CC=C1)C(=O)O)C1=CC=CC=C1;Cc1c(C(=O)NCC2(O)CCCCCC2)cccc1S(N)(=O)=O;CCOC(=O)CCC(=O)NC1=CC=CC=C1C(=O)NC1=CC=CC=C1;CC(NC(=O)c1ccccc1)C(=O)NC(CC(=O)O)c1ccccc1;CC(C)C(=O)NC1=CC=C(NC(=O)CC2=CC=CC=C2C(=O)O)C=C1;O=C(NCCCO)C1CCN(S(=O)(=O)Cc2ccccc2)CC1;O=C(Nc1ccccc1O)C(Cc1ccccc1)N1CCCOC1=O;CCCC(C(=O)O)N1CCN(S(=O)(=O)Cc2ccccc2)CC1;CC(C)CC(CO)NC(=O)c1ccc(N2CCCS2(=O)=O)cc1;CCC(=O)Nc1cccc(C(=O)NC(Cc2ccccc2)C(=O)O)c1;CO[C@@]1(CC2=CC=CC=C2)NC(=O)[C@](O)(CC2=CC=CC=C2)NC1=O;O=C(O)c1ccc(CNC(=O)c2ccccc2N2CCOCC2)cc1;Cc1cccc(C)c1CS(=O)(=O)NC1CCN(CC(=O)O)CC1;CC(O)CNS(=O)(=O)c1ccc(C(=O)N2CCCCCC2)cc1;CCCc1ccccc1S(=O)(=O)NC1CCN(CC(=O)O)CC1;O=C(NCC(=O)N1CCOCC1)c1ccc(Oc2ccccc2)cc1;O=C(O)COc1cccc(C(=O)N2CCC(Nc3ccccc3)C2)c1;CC(NC(=O)OCc1ccccc1)C(=O)NCC(=O)c1ccccc1;CC(C)NC(=O)C1=CC=C(NC(=O)CC2=CC=CC=C2C(=O)O)C=C1;COC(=O)CNC(=O)c1ccc(NC(=O)c2c(C)cccc2C)cc1;O=C(O)c1cccc(C(=O)Nc2ccccc2CN2CCOCC2)c1;CCCC(NS(=O)(=O)N1CCC(C(=O)O)CC1)c1ccccc1;CCc1ccccc1S(=O)(=O)N1CCCC(O)(CC(=O)NC)C1;COC(C)C(=O)NC1CCN(S(=O)(=O)Cc2ccccc2)CC1
m_c89ffd,COc1ccc(S(N)(=O)=O)cc1NC(=O)C1CCCC1;O=C(O)C1CCC(CNS(=O)(=O)c2cccnc2)CC1;C=C(C)CC(C)C(=O)Nc1ccc(O)c(S(N)(=O)=O)c1;COC(=O)CNc1cccc(S(=O)(=O)NC2CC2)c1C;COCC(NC(=O)c1ccc(S(N)(=O)=O)cc1)C1CC1;CC(O)CNS(=O)(=O)c1ccc(C(=O)NC2CC2)cc1;COC(=O)c1ccccc1S(=O)(=O)N1CCN(C)CC1;CONC(=O)c1cccc(S(=O)(=O)NC2CCCC2)c1;COc1ccc(S(=O)(=O)NC2(CC(N)=O)CCC2)cc1;CCS(=O)(=O)c1ccc(C(=O)NCCNC(C)=O)cc1;CCCS(=O)(=O)c1ccccc1C(=O)NC(C)C(N)=O;CS(=O)(=O)c1ccc(OCCNC(=O)NC2CC2)cc1;O=C(O)C1CCCN1CCNS(=O)(=O)c1ccccc1;CS(=O)(=O)Nc1ccc(C(=O)NCC2(O)CCC2)cc1;CN(C)S(=O)(=O)c1ccc(C(=O)N2CC(CO)C2)cc1;NS(=O)(=O)C1CCCN(C(=O)OCc2ccccc2)C1;Cc1oc(S(N)(=O)=O)cc1C(=O)NCC1CC=CCC1;Cn1cc(S(=O)(=O)NCC2CC=CCC2)cc1C(=O)O;COc1ccccc1S(=O)(=O)NC1CCN(C)C(=O)C1;CC1CCN(S(=O)(=O)NCc2ccc(C(=O)O)cc2)C1;CCOC(=O)N1CCN(S(=O)(=O)C2=CC=C(C)C=C2)C1;CC1CN(S(=O)(=O)c2cccc(C(N)=O)c2)CC1CO;CS(=O)(=O)Nc1ccccc1C(=O)NCC1CCCO1;Cn1cc(S(=O)(=O)N2CC3CCCC3C2)cc1C(=O)O;CC1CCCN(S(=O)(=O)Nc2cccc(C(=O)O)c2)C1
m_c933b7,COc1ccccc1C(=O)N1CCN(C(=O)Cn2cnnn2)CC1;Cc1cscc1C(=O)Nc1ccccc1CN1CCC(O)CC1;Cc1ccc(CNc2cccc(C(=O)N3CCCC(O)C3)c2)s1;O=C1NC(=O)N([C@H]2C[C@H](O)[C@@H](CO)O2)C=C1CCCC(O)CO;CCOc1ccc(NC(=O)N2CCC(c3cccs3)CC2)cc1;O=C(O)c1cccnc1CN1CCC(Oc2ccc(F)cc2)CC1;O=C(c1cc2ccccc2s1)N1CCN(C2CCCC2O)CC1;COc1ccccc1N1CCC(CNC(=O)c2sccc2C)C1;COc1ccccc1N1CCC(CNC(=O)c2ccc(C)s2)C1;Cc1cnc(C2CCN(C(=O)CCc3ccc(O)cc3)CC2)s1;COc1ccccc1N1CCC(NC(=O)c2ccc(C)s2)CC1;COc1ccc(-c2cncc(C(=O)N3CC(F)CC3CO)c2)cc1;O=C(NC(CCCO)c1ccccc1)N1CCc2sccc2C1;COc1ccccc1CC(=O)N1CCC(c2nc(C)cs2)CC1;Cc1ccc(C(NC(=O)CN2CCOCC2)c2cccs2)cc1;COc1ccccc1CCC(=O)N1CCC(c2nccs2)CC1;COc1ccccc1CC(=O)N1CCCC(c2nc(C)cs2)C1;Cc1nc(C)c(C(=O)N2CCOC(CCc3ccccc3)C2)s1;COc1cccc(N2CCC(CNC(=O)c3ccc(C)s3)C2)c1;COc1ccccc1CC1CCN(C(=O)c2cnc(C)s2)CC1;NC(=O)CC1(O)CCCN(C(=O)c2ccc(F)c3ccccc23)C1;COc1ccccc1CC1CCN(C(=O)c2scnc2C)CC1;COc1ccc(CC2CCN(C(=O)c3scnc3C)CC2)cc1;O=C(Nc1cccc(CN2CCOCC2)c1)c1c(O)cccc1F;Cc1cc(=O)[nH]cc1C(=O)N1CCC(Oc2ccccc2F)CC1
m_c9a4bc,O=C(O)c1cccc(N2CCN(c3ccc(Cl)cn3)CC2)n1;O=C(O)c1cccc(N2CCN(c3ncccc3Cl)CC2)n1;NC(=O)C1CN(c2ccc(-c3ccccc3Cl)nn2)CCO1;Cn1cc(N2CCC(NC(=O)c3ccccc3Cl)C2=O)cn1;Cc1cc(NC(=O)C2CCN(c3ccc(Cl)cc3)C2=O)[nH]n1;O=C1CCCC(C(=O)Nc2ccn(-c3ccccc3Cl)n2)N1;O=C(CCN1CCCC1=O)Nc1ccc2cc(Cl)cnc2n1;Cn1cc(N2CCC(NC(=O)c3cccc(Cl)c3)C2=O)cn1;O=C(Cc1c(F)cccc1Cl)N1CCCC1c1ccncc1;CN1CCC(NC(=O)c2ccn(-c3ccccc3Cl)n2)C1=O;Cn1cc(NC(=O)C(=O)N2CCc3ccc(Cl)cc3C2)cn1;NC(=O)c1ccc(N2CCC(Oc3cccc(Cl)c3)C2)nn1;O=C(Nc1ccc(Cl)cc1)N1CCC(Oc2ccncn2)C1;O=C(c1ccc(Cl)cc1O)N1CCN(c2cnccn2)CC1;Cn1cc(Cl)cc1C(=O)Nc1ccc(N2CCCC2=O)cn1;O=C1COc2ccccc2CN1CCNc1ncc(Cl)cn1;O=C1OCCN1C1CCN(c2ncnc3ccc(Cl)cc23)C1;Cc1cc(NC(=O)C(=O)N2CCc3cc(Cl)ccc32)nn1C;O=C(NCc1nnc2n1CCC2)C1Cc2cc(Cl)ccc2O1;O=C1CN(Cc2nc3ccc(Cl)cc3c(=O)[nH]2)CC2(CC2)N1;O=C1CCC(CNC(=O)c2c[nH]nc2-c2cccc(Cl)c2)N1;Cc1nccc(NC(=O)N2CC(C(=O)O)C(C(F)(F)F)C2)n1;O=C(CNC(=O)C1(c2cccc(Cl)c2)CC1)Nc1cn[nH]c1;CN(CC(=O)Nc1cccc(Cl)c1)c1ccnc(C(N)=O)c1;CN(C(=O)c1ncncc1Cl)C1CCOC1c1cccnc1
m_c9c302,CCN(CC)C(=O)N1CCN(C(=O)C2CC2c2cccc(OC)c2)CC1;CC[C@@H]1CN(C(=O)C2=CC=CN=C2)CC[C@H]1CC(=O)N1CCC(O)CC1;CCN1CCOC(C(=O)N2CCC(NC(=O)c3ccccc3C)CC2)C1;CC(C)CN(C(=O)CCn1c(=O)oc2ccccc21)C1CCN(C)CC1;COc1ccccc1C(=O)NCC1CCCN1C(=O)C1CCN(C)CC1;COc1ccccc1C1CCCN1C(=O)C1CC(=O)N(CCN(C)C)C1;Cc1cc(NC(=O)C2CCCC(=O)N2C)ccc1OCCN1CCCC1;CN1CCCC1CCNC(=O)N1CCC(c2ccccc2C(=O)O)CC1;CN(C)CC(=O)N1CCN(C(=O)C2CC(OCc3ccccc3)C2)CC1;O=C(CN1CCCCC(O)C1=O)NCc1ccccc1N1CCCCC1;CCOc1ccccc1OCCN1CC(OC)CC1c1nc(C)c(C)[nH]1;CC[C@H]1CN(C(=O)N2CCOCC2)CC[C@H]1CC(=O)NC1=CC=CC=C1;COC1=CC=C(CN2C(=O)CO[C@H]3CN(C4CCN(C)CC4)C[C@H]32)C=C1;CCC(CC)C(=O)N1CC[C@H]2CC(=O)NC3=CC=CN=C3OCC[C@H]2C1;Cc1ccccc1CN1CCCN(C(=O)CN2CCCC2C(=O)O)CC1;CCN1C(=O)[C@H]2CN(CC3=CC=C(OC)C=C3)CCN2C12CCOCC2;CN(CC(=O)O)C1CCN(C(=O)C2(N(C)C)CCc3ccccc32)CC1;CC1CN(c2ccc(C(=O)N(CC3CCOC3)C3CC3)cn2)CC(C)O1;COC1=CC=C2N=C(C[C@H]3CN(CC(C)C)CC[C@H]3CC(=O)O)NC2=C1;CCNC(=O)N1CC[C@H]2CC(=O)N(CC3=CC=C(OC)C=C3)CC[C@H]2C1;Cc1ncoc1C(=O)N1C2CCC1CN(C(=O)CC1C(C)(C)C1(C)C)C2;COC1=CC=C(CN2C[C@H]3CN(C(=O)CC(C)(C)C)CCN3C2=O)C=C1;CCOc1ccc(N2CC(NC(=O)NC3CCCCC3C)CC2=O)cc1;CCN1CCOC(C(=O)N2CCC(C(=O)NCc3ccccc3)CC2)C1;COC1=CC=CC2=C1NC(C[C@H]1CN(CC(C)C)CC[C@H]1CC(=O)O)=N2
m_c9c422,COC(=O)C1=CC=CC(NC(=O)C2=CC3=CC=CC=C3OC2=O)=C1;O=C(ON1C(=O)CCC1=O)C1=CC=C(C(=O)C2=CC=CC=C2)C=C1;CC(=O)c1ccc(OC(=O)c2cc(O)nc3ccccc23)cc1O;COC(=O)C1=CN(C(=O)C2=CC=C3OCOC3=C2)C2=CC=CC=C12;O=C(CNC(=O)C1=CC=CC=C1)OC1=CC=C2C=CC(=O)OC2=C1;COC1=CC=C2C=C3NC(=O)C(=O)C4=C3C(=C(OC)C(O)=C4)C2=C1;COC1=CC=C2C3=C(C4=CC=CC=C4C3=O)N(O)C(=O)C2=C1OC;COC1=CC=C2C(=C1OC)C(=O)N1C2SC(C)(C)[C@H]1C(=O)O;O=C(O)C1=C(C2=CC=CC=C2)C(C2=CC=C(O)C=C2)=C(C(=O)O)N1;CC(=O)OC1=CC2=C3C(=C1)C1=CC4=C(C=C1C(=O)N3CC2)OCO4;COC(=O)[C@@H]1SC[C@@H](NC(=O)C2=CC=CC=C2)[C@@H]1OC(C)=O;COC1=CC2=C(C=C1OC)C(=O)C1=C3C(=C(O)C=CC3=CC=N1)O2;COC1=CC=CC=C1OC1=COC2=CC(OCC#N)=CC=C2C1=O;COC1=CC=C(OC)C2=C1C=C1N=C(O)C3=C1C2=C1OCOC1=C3;COC1=CC=C2C(=O)C3=NC=CC4=CC=C(OC)C(=C34)OC2=C1O;CC1=CC2=C(C(CC(=O)O)=C(C3=CC4=CC=CC=C4O3)O2)C(=O)N1;COC1=CC=CC2=C1C(OC)=C1NC(=O)C3=C1C2=C1OCOC1=C3;COC1=CC=C(OC2=COC3=CC(OCC#N)=CC=C3C2=O)C=C1;COC1=CC=C2C(=C1OC)C=C1N=C(O)C3=C1C2=C1OCOC1=C3;COC1=CC=C2C(=O)C3=NC=CC4=CC=C(O)C(=C34)OC2=C1OC;COC1=CC=CC(OC2=COC3=CC(OCC#N)=CC=C3C2=O)=C1;C/C(=N\C1=CC=C(C(=O)O)C(O)=C1)C1=CC2=CC=CC=C2OC1=O;COC1=CC(OC)=C2C=C3N=C(O)C4=C3C(=C3OCOC3=C4)C2=C1;COC(=O)c1cccc(S(=O)(=O)N(C)Cc2ccoc2C)c1;COC1=CC(O)=C2C(=C1)C(=O)[C@@H]1NC=CC3=C1C2=C1OCOC1=C3
m_cad5a6,O=C(O)Cn1cc(C(=O)N2CCN(c3cccc(Cl)c3)CC2)nn1;O=C(Nc1ccccc1-c1ccccc1)c1cnc2n(c1=O)CCS2;O=C(O)C1CCCCN1C(=O)Cn1nnc(-c2ccc(Cl)cc2)n1;O=C(O)C1CCCN(C(=O)Cn2nnc(-c3ccc(Cl)cc3)n2)C1;CC(=O)N1CCN(C(=O)CSCc2nc3ccccc3s2)CC1;COc1ccccc1C1CCN(C(=O)c2cc(F)cc(Cl)c2O)C1;CC1=CC(=O)OC2=CC(OCCN3C(=O)C4=CC=CC=C4C3=O)=CC=C12;CN1C(=O)NC(=O)C2=C1N=C(NCCO)N2CC1=CC=C(Cl)C=C1;O=C(O)C1CCN(C(=O)Nc2ncc(Cc3ccccc3F)s2)C1;O=C(c1ccncc1)N1CCN(S(=O)(=O)c2ccccc2F)CC1;O=C(Cc1ccccc1Cl)N(Cc1cccs1)C1CCOCC1;Cc1nc(-c2cccs2)sc1C(=O)N1CCC(CC(N)=O)CC1;CC1Sc2c(C(=O)O)c(=O)c3cc(F)c(N4CCNCC4)cc3n21;Cc1ccccc1NC(=O)CN1c2cc(F)ccc2N(C)S1(=O)=O;O=C(O)C[C@H](NC(=O)CCN1C(=O)NC2=CC=CC=C2C1=O)C(=O)O;Cn1ccc(Cn2cnc3cc(-c4ccccc4)sc3c2=O)cc1=O;Cc1ccc(-c2csc(NC(=O)CN3CCCCCC3=O)n2)s1;Cc1csc(Sc2ccc(NC(=O)N3CCOCC3)c(C)c2)n1;O=C(O)c1ccc2c(c1)CN(C(=O)c1ccccc1C(F)(F)F)CC2;O=C(O)c1ccc(CN2CCOC(c3ccc(F)cc3Cl)C2)cc1;O=C(O)c1ccc(CN2CCOC(c3ccc(F)c(Cl)c3)C2)cc1;Cc1ccc(F)c(OCC(=O)N2CCC(C(=O)O)(C(F)(F)F)C2)c1;CNS(=O)(=O)c1ccc2c(c1)N(C(=O)Cc1ncccc1F)CC2;Cc1cc2c(cc1NC(=O)c1cccc(F)c1)N(C)S(=O)(=O)N2C;CC1(C)CN(C(=O)Nc2cc(-c3ccccc3)ns2)CC[S+]1[O-]
m_cc35ab,O=C(CCc1c[nH]c2ccccc12)NCCCN1CCOCC1;Cc1ccc2c(CCNC(=O)N3CCC(C)C3CO)c[nH]c2c1;COC1CC(C(=O)NCCc2c[nH]c3c(C)cccc23)N(C)C1;COC1CC(C(=O)NCCc2c[nH]c3cccc(C)c23)N(C)C1;COC1=CC=C2NC=C(CCNC(=O)NC3CCCCC3)C2=C1;COC1CC(C(=O)NCCc2c[nH]c3cc(C)ccc23)N(C)C1;Cc1cccc2c(CCNC(=O)NC3CCCCC3O)c[nH]c12;CCNC(=O)OCC1CCCCN1Cc1cccc2[nH]ccc12;CN(C)C(=O)CC1(O)CCCN(Cc2cccc3[nH]ccc23)C1;CCC(C)CC1C(=O)NC(C(O)C2=CNC3=CC=CC=C23)N1C;OC1=CC=CC=C1CNCCNCCNCC1=CC=CC=C1O;CC(C)N1CC[C@@H](CC(=O)O)[C@@H](CC2=NC3=CC=CC=C3N2)C1;CC(C)C(O)CC(=O)N1CCC(c2c[nH]c3ncccc23)CC1;CCn1cc(NC(=O)N2CCCCC2CCO)c2ccccc21;CC(CC1CCCCC1)NC(=O)c1cccc2[nH]c(CO)nc12;Cc1n[nH]c(C)c1C(C)CC(=O)NCC(O)Cc1ccccc1;CCC(C)C(NC(=O)CC1CCCO1)c1nc2ccccc2[nH]1;CCCCOc1cc(C(O)=NCCNCC)c2ccccc2n1;COC1CC(CN(C)C(=O)c2c(C)[nH]c3ccccc23)N(C)C1;CCCn1c(CNC2CCCC(C(=O)O)C2)nc2ccccc21;CC[C@H](C)[C@H]1C(=O)N[C@H](CO)CC2=CNC3=CC=CC(=C23)N1C;CNC(=O)[C@@H](C1CC1)N1CCC[C@H]1C(=O)NCC1=CC=CC=C1;Cc1n[nH]c(C)c1CC(C)C(=O)NCC(O)Cc1ccccc1;CC(C)CCC[C@H](C)NC(=O)CN1C=NC2=CC=CC=C2C1=O;COCCN1CCCC(NC(=O)Cn2ccc3ccccc32)C1
m_cc95e9,CCCOc1cc(CNC(=O)c2cc(F)c(F)c(O)c2F)ccn1;COc1ccc(C(=O)NCC(=O)NC(CCSC)C(=O)O)cc1;CC(Oc1ccccc1C(F)(F)F)C(=O)NCc1ccnc(O)c1;O=C(CCC(NCc1ccccc1)C(=O)O)NC(CS)C(=O)O;CC1Oc2c(cccc2C(=O)NCc2cccc(C(=O)O)c2)NC1=O;O=C(O)c1ccc(O)c(NC(Cc2c[nH]c3ccccc23)C(=O)O)c1;O=C1COc2ccc(C(=O)NCCc3cccc(C(=O)O)c3)cc2N1;CC1=CC(=O)C(O)=C(C(CC(N)=O)C2=CC3=CC=CC=C3NC2=O)O1;COC(Cc1ccccc1)C(=O)Nc1cc(C(F)(F)F)c[nH]c1=O;COCc1ccc(CNC(=O)c2ccc(C(F)(F)F)c(=O)[nH]2)cc1;CC(O)(CNC(=O)c1c[nH]c(=O)c(C(F)(F)F)c1)c1ccccc1;COC1=CC=C(C(=O)CN2N=C(C3=CC=CC=C3)OC2=O)C=C1OC;O=C1COc2cc(C(=O)NCC(C(=O)O)c3ccccc3)ccc2N1;CCOC(C(=O)Nc1cc(C(F)(F)F)c[nH]c1=O)c1ccccc1;O=C(O)COc1cccc(NC(=O)CN2Cc3ccccc3C2=O)c1;Cc1cc(=O)c(OCC(=O)Nc2ccc3c(C)cc(=O)[nH]c3c2)co1;COC1=CC=C(N2C(C)=NC3=CC=C(OCC(=O)O)C=C3C2=O)C=C1;COC1=CC=C2C=C(NC(=O)COC3=COC(C)=CC3=O)C=NC2=C1;Cc1cc(=O)c(C(=O)NCc2ccc(OC(F)F)c(F)c2)cn1C;N[C@@H](CCC(=O)N[C@@H](CSCC1=CC=CC=C1)C(=O)O)C(=O)O;COC(=O)C1=CC=CC=C1NC(=O)[C@@]1(OC)NC2=CC=CC=C2C1=O;CCOc1nc2cccc(C(=O)O)c2n1Cc1ccc(C(=O)O)cc1;COC1=CC=C(/C=C2\OC3=CC(OCC(=O)NN)=CC=C3C2=O)C=C1;COC1=CC=C(N[C@@H]2CC(=O)N(C3=CC=C(C(=O)O)C=C3)C2=O)C=C1;O=C(NCc1ccccc1CO)c1cccc(OCC(F)(F)F)n1
m_cd50d8,Cc1cc(NC(=O)CN2CCC(NC(=O)c3ccccc3C)CC2)no1;Cc1ccccc1-c1cc(NC(=O)CN2CCCCC(O)C2=O)n(C)n1;CCc1ccccc1C(=O)NC1CCCCN(Cc2nc(C)no2)C1=O;CNC(=O)CC1(O)CCCN(C(=O)c2cnn(-c3ccccc3)c2C)C1;COCCN1CCC(NC(=O)c2cnc(Oc3ccccc3)cn2)CC1;Cn1cc(NC(=O)C(c2ccccc2)N2CCC(O)CC2)cc1C(N)=O;CNC(=O)CC1(O)CCCN(C(=O)c2cn(-c3ccccc3)nc2C)C1;Cc1ccc(C)c(C(=O)NC2CCCCN(Cc3nc(C)no3)C2=O)c1;Cc1noc(CN2CCCCC(NC(=O)c3cccc(C)c3C)C2=O)n1;CC(=O)N1CCC(NC(=O)CCc2nc(-c3ccc(C)cc3)no2)CC1;CC(=O)N1CCCC(O)(C(=O)N(C)Cc2nc(-c3ccccc3)c[nH]2)C1;CCc1ccc(OCC(=O)NC2CCN(c3cc(C)nn3C)C2=O)cc1;CCOc1ccccc1C(=O)N1CCCC1C(=O)NCc1ccnn1C;CC1=CC=C(NC(=O)N[C@@H]2CCN3C(=O)[C@H]4CCCCN4C(=O)[C@H]23)C=C1;COC1CCCCN(CC(=O)Nc2cnn(C)c2-c2ccccc2)C1=O;COC1CCCCN(CC(=O)Nc2cn(C)nc2-c2ccccc2)C1=O;CNC(=O)CC1(O)CCCN(C(=O)c2ccc(Cn3cccn3)cc2)C1;CNC(=O)CC1(O)CCCN(C(=O)c2ccn(Cc3ccccc3)n2)C1;CCOC(=O)c1cnc2ccccc2c1NC1CCN(CC(N)=O)CC1;CCn1c(=O)n(CC(=O)N2CCCC3C(=O)N(C)CC32)c2ccccc21;CCCCNC(=O)C[C@@H]1NC(=O)N(CCC2=CNC3=CC=CC=C23)C1=O;CNC(=O)CC1(O)CCCN(C(=O)c2ccccc2Cn2cccn2)C1;CNC(=O)CC1(O)CCCN(C(=O)c2cnn(-c3ccccc3C)c2)C1;O=C(NC1CCN(Cc2ccccc2)C1=O)N1CCN(C2CC2)C(=O)C1;Cc1ccc(Cn2nccc2NC(=O)C2CC(=O)N(C3CCCC3)C2)o1
m_cd6458,COC1=CC=C(NC(=O)C2=CC(OC)=C(OC)C(OC)=C2Br)C=C1OC;CC(C)OC(=O)C1=C(N)OC2=C(OC(CO)=CC2=O)[C@H]1C1=C(Cl)C=CC=C1Cl;O=C(O)C1Cc2ccccc2CN1C(=O)c1cnn(-c2ccc(Br)cc2)c1;CC(C)OC(=O)C1C(=N)Oc2c(oc(CO)cc2=O)C1c1c(Cl)cccc1Cl;CC(C)OC(=O)C1=C(N)OC2=C(OC(CO)=CC2=O)[C@H]1C1=CC=C(Cl)C(Cl)=C1;CC(C)OC(=O)C1=C(N)OC2=C(OC(CO)=CC2=O)[C@@H]1C1=CC=CC(Cl)=C1Cl;CC(C)OC(=O)C1=C(N)OC2=C(OC(CO)=CC2=O)[C@H]1C1=CC=C(Cl)C=C1Cl;CC(C)OC(=O)C1C(=N)Oc2c(oc(CO)cc2=O)C1c1ccc(Cl)c(Cl)c1;CC(C)OC(=O)C1C(=N)Oc2c(oc(CO)cc2=O)C1c1cccc(Cl)c1Cl;CC(C)OC(=O)C1C(=N)Oc2c(oc(CO)cc2=O)C1c1ccc(Cl)cc1Cl;COCc1cnc2c(c1SCc1ccc(Cl)cc1Cl)c(=O)n(C)c(=O)n2C;C[C@@H]1N[C@@]2(C(=O)NC3=CC=CC=C32)[C@@H]2C(=O)N(C3=CC=C(Br)C=C3)C(=O)[C@H]12;O=C1OC2=CC=CC=C2[C@H]2C3=C(S[C@@H](C(=O)O)[C@H]12)N(CC1=CC=CC=C1)C(=O)S3;C[C@@H]1N[C@@]2(C(=O)NC3=CC=CC=C32)[C@@H]2C(=O)N(C3=CC=CC(Br)=C3)C(=O)[C@H]12;COc1ccc(C(=O)Nc2nc(-c3cccs3)c(NC(=O)c3ccco3)s2)cc1;COC1=CC=C(C2=C(S(=O)(=O)C3=CC=CC=C3)C(C(=O)C3=CC=CS3)=NO2)C=C1;CN1C2=C(C(=O)NC1=O)[C@H](C1=CC=C(Cl)C=C1Cl)C1=C(N2)C2=CC=CC=C2C1=O;CON(C(=O)c1cn(C)nc1C(F)F)C(C)Cc1c(Cl)cc(Cl)cc1Cl;Cn1c(Cn2ccc(C(F)(F)F)c(Oc3cc(Cl)cc(C#N)c3)c2=O)n[nH]c1=O;CN1C2=C(C(=O)NC1=O)[C@@H](C1=CC=CC(Cl)=C1Cl)C1=C(N2)C2=CC=CC=C2C1=O;CC1=CC=CC=C1C1=CC(=O)C2=CC(NS(=O)(=O)C3=CC=C(Cl)C=C3)=CC=C2O1;O=C(OC1=CC=C(Cl)C=C1C(=O)/C=C/C1=CC=CC=C1F)C1=CC=CC([N+](=O)[O-])=C1;Cc1ccc(Br)c2c1C(C)(C)CN2S(=O)(=O)c1cc(C(N)=O)n(C)c1;O=C(OC1=CC=C(Cl)C=C1C(=O)/C=C/C1=CC=C(F)C=C1)C1=CC=C([N+](=O)[O-])C=C1;O=C(OC1=CC=C(F)C=C1C(=O)/C=C/C1=CC=C(Cl)C=C1)C1=CC=C([N+](=O)[O-])C=C1
m_ce56d4,COc1cccc(C2CC(O)CN2c2ncc(Cl)cc2F)c1;COc1ccccc1-c1nnc2sc(Cc3ccccc3)nn12;COc1cc2c(cc1OC)CN(c1ncc(Cl)cc1F)CC2;Cc1nsc(N2CCN(C(=O)c3ccc(O)cc3F)CC2)n1;Cc1cnc2c(c1)N(C(=O)c1ccccc1C(F)(F)F)CCO2;Cn1c(-c2nc(-c3ccc(F)cn3)no2)cc2ccccc2c1=O;Cc1nc2ccccc2nc1Cn1cnc2c(C)csc2c1=O;COc1ccc(-c2nn3cnc4cc(F)ccc4c3nc2=O)cc1;Cn1ccc(C(=O)N2CCc3c2cccc3C(F)(F)F)cc1=O;Cn1c(CSc2nc(=O)c3ccccc3[nH]2)nc2ccccc21;Cn1cc(Cl)cc1C(=O)N1CC(O)CC1c1cccc(F)c1;Cn1cc(Cl)cc1C(=O)N1CC(O)CC1c1ccc(F)cc1;Cn1c(SCc2nc3ccccc3[nH]2)nc(=O)c2ccccc21;COC(=O)c1cc(F)ccc1CSc1nnc(N)n1C1CC1;CSC(C)C(=O)N1CCN(c2nc3cccnc3s2)CC1;Cc1ccn(Cc2ccc(OCC(F)(F)F)cc2)c(=O)c1C#N;CCc1cc(C#N)c(NC(=O)c2ccn(-c3ccccc3)n2)s1;COc1ccc(-c2nc(-c3ccc4nccnc4c3)no2)c(F)c1;O=C(Nc1cccs1)N1CCCC(Oc2ncc(F)cn2)C1;O=C1CCCN1c1cccc(-c2csc(-c3cnccn3)n2)c1;CNC(=O)CSc1nc2ccccc2c2nc3ccccc3n12;O=C(c1ocnc1-c1ccccc1)N1CC2CC2(C(F)(F)F)C1;Cc1cc(C(=O)N2CCCC2Cc2c(F)cccc2Cl)on1;COc1ncccc1CN(C)C(=O)Cc1c(F)cccc1Cl;O=C1CCCN1c1ccc(-c2csc(-c3cnccn3)n2)cc1
m_ced31c,CC(C)c1nc(=O)cc(CN2CCN(c3ccccc3Cl)CC2)[nH]1;COC1=CC=C(N2CCN(CC3=C(O)C(=O)C=C(CO)O3)CC2)C=C1;COc1ccccc1OCCNC(=O)Cn1cc(OC)c(=O)cc1C;Cc1n[nH]c(C)c1CC(=O)N1CCN(c2cccc(Cl)c2C)CC1;COC1=CC=C(CCNC(=O)CN2C(C)=CC(O)=CC2=O)C=C1OC;COC1=CC=C(CCNC(=O)C2=CC(=O)C(OC)=CN2C)C=C1OC;CCNc1ccc(Cl)cc1C(=O)N1CCC(c2ccnn2C)CC1;Cc1c(Cl)c(CN2CCC(NC(=O)c3ccccc3)CC2)nn1C;COC1=CC=CC=C1CCNC(=O)CN1C=C(OC)C(=O)C=C1CO;Cc1nn(C)c(C)c1NC(=O)N1CCC(c2cccc(Cl)c2)CC1;COC1=CC=C(CCNC(=O)CN2C=C(OC)C(=O)C=C2CO)C=C1;Cc1n[nH]c(C)c1CC(=O)NC1CCCN(c2ccccc2Cl)C1;Cc1ccc(N2CCCN(CCOc3ccccc3Cl)CC2)nn1;Cc1nn(C)cc1CN1CCN(C(=O)Cc2cccc(Cl)c2)CC1;Cc1nn(C)c(N)c1C(=O)N(Cc1ccccc1Cl)C1CCCC1;Cc1nn(C)c(C)c1C(=O)NCC1CCN(c2ccc(Cl)cc2)C1;CC1CN(c2cccc(Cl)c2)CCN1C(=O)CCc1cnn(C)c1;Cc1ccc(N2CCC(C(=O)N3CCOCC3C(=O)O)C2=O)cc1C;CC(C)(C)c1ccc(=O)n(C2CCN(c3ccncc3Cl)CC2)n1;CN(CCO)C1CCN(c2ccc(-c3ccccc3Cl)nn2)CC1;COC1=CC=C(C2=NOC([C@H](C)O)=C2C(=O)N2CCCC2)C=C1OC;CN(C)c1ccc(C2CCCN2C(=O)Cc2c(F)cccc2F)nn1;CCOc1ccccc1C(=O)N1CCN(C(=O)C2(C(=O)O)CC2)CC1;CCN(Cc1ccc(F)c(F)c1)C(=O)c1ccc(N2CCCC2)nn1;Cc1n[nH]c(C)c1CC(=O)N1CCCN(c2ccccc2Cl)CC1
m_cfb3df,CC1=C(OCC(=O)N2CCC(C(=O)O)CC2)C=CC2=C1OC(=O)C1=CC=CC=C12;CCCCOC(=O)C1=CC=C(OC(=O)CCN2C(=O)C3=CC=CC=C3C2=O)C=C1;COC1=CC=C2C3=C(C4=CC=CC=C4C3=O)N(CCOCCO)C(=O)C2=C1OC;O=C(COC1=CC(O)=C2C(=O)C=C(C3=CC=CC=C3)OC2=C1)N1CCC(O)CC1;CN1C(=O)c2ccc(C(=O)N3CCN(C(=O)c4ccccc4F)CC3)cc2C1=O;CCOC(=O)C1=C(C2=CC=CC=C2)OC2=CC=C(OC(=O)N3CCOCC3)C=C12;COC1=CC2=C(C=C1OC)CN(C(=O)COC1=CC=C3C=CC(=O)OC3=C1)CC2;COC1=CC=C(C2=CC(=O)OC3=CC(OCC(=O)N4CCOCC4)=CC=C23)C=C1;CC1=C(OC2=CC=CC=C2)C(=O)C2=CC=C(O)C(CN3CCC[C@@H]3C(=O)O)=C2O1;O=C(COC1=CC(O)=C2C(=O)C=C(C3=CC=CC=C3)OC2=C1)N1CCC[C@H]1CO;CSCC(=O)N[C@H]1CCN2C(=O)C3=CC(C4=CC=CC=C4)=CC=C3NC(=O)[C@H]12;COC1=CC=CC=C1C1=C(C)OC2=CC(OC(=O)N3CCOCC3)=CC=C2C1=O;CSC1=CC=CC(NC(=O)CN2C(=O)[C@@H]3CCCN3C(=O)C3=CC=CC=C32)=C1;COC1=CC=CC(/C=C2\OC3=CC(OCC(=O)N4CCOCC4)=CC=C3C2=O)=C1;COc1ccc2sc(C(=O)NC3CCCN(c4cccnc4)C3=O)c(C)c2c1;COc1cc(OC)cc(C2CCN(C(=O)c3cnc(-c4ccccn4)s3)C2)c1;CCOC1=CC=C2C(=O)/C(=C/C3=CC=CC=C3OC(=O)N3CCOCC3)OC2=C1;CCOC1=CC=CC=C1/C=C1\OC2=CC(OC(=O)N3CCOCC3)=CC=C2C1=O;COC1=CC=C(C2=C(C)C3=CC(OC(=O)N4CCOCC4)=CC=C3OC2=O)C=C1;CCOC1=CC=C(/C=C2\OC3=CC(OC(=O)N4CCOCC4)=CC=C3C2=O)C=C1;CCOC1=CC=C2C(=O)/C(=C/C3=CC=C(OC(=O)N4CCOCC4)C=C3)OC2=C1;COC1=CC=C(C2=C(C)C3=CC=C(OC(=O)N4CCOCC4)C=C3OC2=O)C=C1;COC1=CC=C(C2=C(C)OC3=CC(OC(=O)N4CCOCC4)=CC=C3C2=O)C=C1;COC1=CC2=C(C=C1OC)CN(C(=O)C1=C(C)N=C(C3=CC=NC=C3)S1)CC2;COc1cc2c(cc1OC)C(c1ccccc1)N(C(=O)Nc1nccs1)CC2
m_d01f54,COCCCN1C=NC2=C(NC3=CC=C(Br)C=C32)C1=O;Cc1nn(S(=O)(=O)N2CCC(C)CC2)c(C)c1Br;Cn1cnc(C(=O)N2CCOc3ccc(Br)cc3C2)c1;NC1CCN(C(=O)c2cc(O)nc3ccc(Br)cc23)C1;COc1ccc(Br)c(C(=O)NCCCC(C)(F)F)c1;O=C(NCc1cccc(Br)c1)c1cn2c(n1)COCC2;O=C1CCN(C(=O)c2[nH]c3ccccc3c2Br)CCN1;Cc1noc(C2CCN(C(=O)c3ccccc3Br)C2)n1;Cc1cc(C)nc(NC(=O)COc2ccc(Br)cc2)n1;Cc1cc(C2CCCN2C(=O)c2cncc(Br)c2)on1;OC1CCN(c2cc(Oc3ccccc3Br)ncn2)C1;COC(=O)C1CCc2nnc(-c3ccccc3Br)n2C1;Cc1nc(C(=O)N2CC(Cc3ccc(Br)cc3)C2)no1;COC(=O)C1CCc2nnc(-c3cccc(Br)c3)n2C1;Cc1nn(CC(O)COc2ccc(C#N)cc2)cc1Br;COC(=O)C1CCn2c(nnc2-c2ccccc2Br)C1;O=C(NCc1ccncc1Br)c1noc2c1CCCC2;O=C(COc1ccc(Br)cc1)Nc1cc(C2CC2)n[nH]1;O=C(c1ccc(Br)o1)N1CCN(c2ccccn2)CC1;Cc1cccc(CNC(=O)c2ccc(=O)n(C)n2)c1Br;CN1CCC(C)(c2nc(-c3cccc(Br)c3)no2)C1=O;O=C(c1c[nH]c2ncc(Br)cc12)N1CCOCC12CC2;OC1CN(c2ccnc(-c3ccc(Br)cc3)n2)CC1O;CN(C(=O)c1ccc(Br)o1)C1CN(c2ccccn2)C1;COCCc1nc(Cc2c[nH]c3ccc(Br)cc23)no1
m_d07b86,Cc1ncn(CCC(=O)Nc2cccc(Cl)c2)c(=O)c1C;Cn1cnc(C(=O)N2CCC(Oc3ccccc3Cl)C2)c1;O=C(Cn1cccc1)N1CCC(Oc2ccncc2Cl)C1;Cc1ccc(NC(=O)Cn2cnc(C)c(C)c2=O)cc1Cl;Cn1ccnc1NC(=O)c1c(Cl)cccc1OCC1CC1;CC(C)CC(C(=O)O)N1C(=O)c2ccc(C(=O)O)cc2C1=O;COC1=CC=C([C@H]2C(C(C)=O)=C(O)C(=O)N2CC(=O)O)C=C1;O=c1c(Cl)c(NCC2CCCO2)cnn1-c1ccccc1;Cc1c(Cl)c(C(=O)N2CCCc3cccc(O)c32)nn1C;Cc1cnn(CC(=O)NC2CCOc3c(Cl)cccc32)c1;CCC1(O)CN(C(=O)c2cn[nH]c2-c2ccccc2Cl)C1;CCN(Cc1ccccc1Cl)C(=O)c1ccc(=O)n(C)n1;Cc1cc(NC(=O)C2CCCO2)n(-c2ccc(Cl)cc2)n1;Cc1cc(C(=O)N2CCOC(c3ccc(Cl)cc3)C2)n[nH]1;O=C(Nc1cccc(Cl)c1)c1ccnn1C1CCOCC1;CC(C(=O)NC1CCOc2ccccc21)n1cc(Cl)cn1;CC(=O)NC[C@H]1CN2C(C3=CC=C(Cl)C=C3)=CN=C2CO1;O=C(CC1CCCO1)Nc1cnn(-c2ccccc2Cl)c1;O=C(CC1CCCO1)Nc1ccc(Cl)cc1-n1cccn1;COC1CC(C(N)=O)N(c2ccnc3cc(Cl)ccc23)C1;CCOc1ccc2c(c1)CN(c1cn[nH]c(=O)c1Cl)CC2;COC1CC(C(N)=O)N(c2ccnc3ccc(Cl)cc23)C1;CCC1CN(C(=O)c2cn(C)cn2)c2cccc(Cl)c2O1;COCC1(NC(=O)c2ccn(-c3ccc(Cl)cc3)n2)CC1;CC(C)COc1ncccc1C(=O)Nc1ncccc1Cl
m_d1e5ef,COC1=CC2=C(C=C1OC)CN(C(=O)C(C1=CC=CC=C1)C1=CC=CC=C1)CC2;COC1=CC2=C(C=C1OC)C(CC1=CC=C(OCC3=CC=CC=C3)C=C1)=NCC2;O=C(CC1OCCc2ccccc21)NCc1ccc(OCc2ccccc2)cc1;CC(C)(CC(=O)O)CC(=O)N1CCN2C(=O)N(CC3=CC=CC=C3)C(=O)[C@H]2C1;CC(C)(CC(=O)O)CC(=O)N1CC[C@H]2NC(=O)N(CC3=CC=CC=C3)C(=O)[C@H]21;O=C(CC(c1ccccc1)c1ccccc1)N1CCOC(c2cccc(O)c2)C1;COC1=CC=C(C(=O)CCC(=O)N[C@@H](CC2=CC=CC=C2)C2=CC=CC=C2)C=C1;COc1ccc(C(=O)c2cn(CCCCCO)c3ccccc23)c2ccccc12;CC(C)C[C@H](NC(=O)CCN1C(=O)[C@@H]2CC3=CC=CC=C3CN2C1=O)C(=O)O;COc1cccc(CCC(=O)N2CCC(n3cc(C(=O)O)cn3)CC2)c1OC;CC[C@@H](C)[C@H](NC(=O)CCN1C(=O)[C@@H]2CC3=CC=CC=C3CN2C1=O)C(=O)O;COC(=O)N1CCC(NC(=O)c2ccc(OCc3c(C)noc3C)cc2)CC1;O=C(O)CC1(CNC(=O)CCN2C(=O)NC3=CC=CC=C3C2=O)CCCCC1;COC1=CC2=C(C=C1OC)CN(C(=O)NCCC(=O)NCC1=CC=CO1)CC2;CC1=CC(C(=O)NC2=CC=C([C@H]3OCC(=O)N(CC(C)C)[C@@H]3CO)C=C2)=NO1;COC1=CC2=C(C=C1OC)CN(C(=O)CN1C(=O)NC3(CCCC3)C1=O)CC2;C[C@@H](NC(=O)CCCCCN1C(=O)[C@@H]2CC3=CC=CC=C3CN2C1=O)C(=O)O;Cc1nc(C(=O)N(C)C)nc(N2CCC(NCc3cccc(Cl)c3)C2)c1C;Cc1nc(COc2cccc(C(=O)N3CC(C)OC4(CCOCC4)C3)c2)no1;O=C(C[C@H](C1=CC=CC=C1)C1=CC=C(O)C=C1)NC[C@@H]1OCCC2=CC=CC=C21;COC1=CC=CC=C1CNC(=O)C[C@@H]1CCNC[C@@H]1CC1=NOC(C(=O)O)=C1;COC1=CC2=C(C=C1OC)C1=CC(OCCN3CCOCC3)=NC(=O)N1CC2;COC1=CC=C2NC3=C(CCN4C(=O)CN(CC(OC)OC)C(=O)[C@]34C)C2=C1;CC(C)C1=CC=C(N2C(=O)N[C@@H]3CCN(C(=O)CCCC(=O)O)[C@@H]3C2=O)C=C1;COc1ccc(C(=O)N2CCC(Oc3cc(C)nc(C)n3)C2)c(OC)c1OC
m_d1ecad,COc1ccc(CNC(=O)N2CCN(c3ccncc3)CC2)cc1O;CCc1nc[nH]c1C(=O)N1CCN(C(=O)c2cccc(OC)c2)CC1;COc1ccccc1N1CCC(NC(=O)Cc2ccc(F)cc2)CC1;COc1ccc(CNC(=O)C2CCN(c3cc(O)ncn3)CC2)cc1;Cn1ccc(N2CCCC(NC(=O)C(O)Cc3ccccc3)C2=O)n1;CC(Oc1ccccc1F)C(=O)N1CCN(Cc2ccccc2)CC1;COc1ccc(CC(=O)NC2CCCN(c3ncc[nH]c3=O)C2)cc1;COc1ccc(CCC(=O)NC2CCN(c3cnn(C)c3)C2=O)cc1;O=C(COc1ccccc1F)NC1CCN(Cc2ccccc2)CC1;COc1ccccc1N1CCC(NC(=O)Cc2ccccc2F)CC1;CCOc1ccc(CC(CNC(=O)c2cnc(C)cn2)C(N)=O)cc1;CC(C)C(=O)NCCNC(=O)Nc1ccnc(Oc2ccccc2)c1;O=C(CN1CCCCC(O)C1=O)Nc1cnn(Cc2ccccc2)c1;COC1=CC2=C(C=C1OC)CN(C(=O)CCNC1=NC=CC=N1)CC2;Cn1ncc(NC(=O)CN2CCCCC(O)C2=O)c1-c1ccccc1;Cn1cc(NC(=O)CN2CCCCC(O)C2=O)c(-c2ccccc2)n1;COc1ccc(CC(=O)OCCOCCOCCOCCO)cc1;CC(=O)N1CCCC(O)(C(=O)Nc2ccn(Cc3ccccc3)n2)C1;CNC(=O)CC1(O)CCCN(C(=O)c2ccnn2-c2ccccc2)C1;COc1ccccc1N1CCC(CNC(=O)Cc2ccc(F)cc2)C1;O=C(NC[C@H]1OC[C@@H](NCC2=CC=CC=N2)[C@@H]1O)NC1=CC=CC=C1;COc1ccc(CNC(=O)CNC(=O)C2CCc3[nH]ncc3C2)cc1;CN1C(=O)CC(CNc2cncc(OCCO)n2)C1c1ccccc1;CCOCC(=O)N1CCN(c2cc(=O)[nH]nc2-c2ccccc2)CC1;COc1ccccc1OCCNC(=O)CN1CCc2cncnc2C1
m_d258c4,CN(C)C[C@H]1O[C@H](CC2=NOC(CN3CCCCC3)=C2)CC[C@@H]1O;CCNC[C@H]1O[C@H](CC2=NOC(CN3CCCCC3)=C2)CC[C@@H]1O;CC1CCN(C(=O)C2CCN(C(=O)NCC3CCCO3)CC2)CC1;CC1CN(CC(=O)N2CCC(C(=O)N3CCCC3)CC2)C(C)CO1;CC1CCCCN1C(=O)CN1CCN(C(=O)C2CCOCC2)CC1;CC(C)C1(C)CC1C(=O)N1CCN(C(=O)CN2CCOCC2)CC1;CCC(NC(=O)c1cn(CC)nc1C1CCOCC1)C(O)C(C)C;CC1CCN(CC(=O)N2CCC(C3OCCC3C(N)=O)CC2)CC1;CC1CCC(N(CC2CCCO2)C(=O)NC2CCN(C)C2=O)CC1;CN1CCN(C2CCN(C(=O)C(O)C3CCCCC3)CC2)C(=O)C1;O=C(CN1CCC(O)C1)NC1CCN(C(=O)C2CCCCC2)CC1;CC(=O)NC1CCCN(C(=O)CN2CCC3(CCOCC3)CC2)C1;CNC(=O)C1(N2CCC[C@H]2C(=O)NC2CCCCC2)CCOCC1;O=C(CC1CCN(C(=O)NC2CCC(O)CC2)CC1)N1CCCC1;Cc1noc(C)c1CN(C)C(=O)NCC1CCCOC1C(C)(C)C;CC1CCCN1CC(=O)N(C)C1CCN(C(=O)C2CCOCC2)C1;CN(C(=O)CN1CCCC1)C1CCN(C(=O)COC2CCCC2)C1;CCC1CN(C(=O)c2oc(C)nc2C)C(CC)CN1CC(C)(C)O;CC(=O)NC1CCCN(C(=O)CN2CCCC3(CCOCC3)C2)C1;O=C(CCC1CCCCO1)NC1CCN(CC(=O)NC2CC2)CC1;C[C@H]1C[C@@H]2[C@@H](CC(=O)N2CCN2CCOCC2)[C@@H]1CNC1COC1;O=C1NCCCCC1N1CCN(C(=O)CC2(O)CCCCC2)CC1;COC(=O)CC[C@H]1CNC(=O)[C@@H]2[C@@H](CCN2C2CCCCC2)N1C;CCCCN1C(=O)[C@@H]2C[C@@H](O)CN2C2(CN(CC(C)(C)C)C2)C1=O;CC[C@H](O)[C@@H]1CC=C[C@@H]2C/C(O)=N/CCCCN(C=O)CCCN21
m_d274b6,CCOC(=O)N1CCC2(CC1)OC(=O)C(C)=C2C(=O)NCCN(C)C;CC(=O)NCCN1CC[C@H]2CN(C(=O)CCC(=O)O)CC[C@H]2CC1=O;CN1CCN([C@H]2[C@@H]3OCC(O3)[C@@H](NCC3=CC=C(CO)O3)[C@@H]2O)CC1;CCOC(=O)CN1CCC(OC)(c2nc(C3CCOCC3)no2)CC1;CCC(CC)c1cc(C(=O)N2CCOC(CN(C)CC(=O)O)C2)on1;CC(=O)NC[C@H]1O[C@H](CC2=NOC(CN3CCOCC3)=C2)CC[C@@H]1O;COCC(=O)NC[C@H]1O[C@@H](CO)[C@@H](O)[C@H]1N(C)CCC1=CC=CC=N1;CC(C)C(=O)N1C[C@@H]2COCCN2C2(CN(C(=O)CCC(=O)O)C2)C1;Cc1cc(CN2CCC(N3CCNC3=O)CC2)cc(C)c1OC(F)F;COC1CC(c2nc(-c3cccnc3)c[nH]2)N(Cc2nnc(C)n2C)C1;CCc1nsc(N2CCN(C(=O)COC3CCN(C)CC3)CC2)n1;O=C(NCCc1c(F)cccc1F)N1CCN(C2CCOCC2)CC1;CNC(=O)C1Cn2c(C)nnc2CN1CCc1nc2ccccc2n1C;CCn1ncnc1CN1CC(OC)CC1c1nc(-c2cccnc2)c[nH]1;COCC1CCN(C(=O)NC2CCN(C)C2c2ccc(F)c(F)c2)C1;Cc1nnc2n1CC(C(=O)NCCc1nn(C)c3ccccc13)N(C)C2;CCCN1CCN(C(=O)CCCNC(=O)c2ccc(F)cc2F)CC1;O=C1C(N2CCC(Nc3ccccc3)CC2)CCN1c1ccccc1F;CCc1nsc(N2CCN(C(=O)C(C)(C)N3CCOCC3)CC2)n1;Cc1ccc(F)cc1CNCC1CC(=O)N(C2CC2)C1c1cccnc1;Cc1cc(F)ccc1CNCC1CC(=O)N(C2CC2)C1c1cccnc1;O=C(c1cc(OCC(F)F)ccn1)N1CCCN(C2CCCC2)CC1;Cc1nn(C)c(-n2cccn2)c1C(=O)N1CCC(c2ccnn2C)CC1;CC(C)(C)NC(=O)CN1CCN(CCSc2ccc(F)cc2)CC1;COC1CC(CNc2cccnc2C#N)N(c2cc(N(C)C)ncn2)C1
m_d3998e,CCN(CC)C(=O)CCC(=O)Nc1cccc(Cl)c1O;Cn1cc(Cl)cc1C(=O)N1CCCC(CCC(=O)O)C1;CCCNC(=O)CCNC(=O)COc1ccc(Cl)cc1;Cn1cc(Cl)cc1C(=O)N1CCCCC1CCC(=O)O;COc1ccc(Cl)cc1CN1CCN(CC(=O)O)CC1;COc1cc(Cl)ccc1CNC(=O)N1CCCC(O)C1;O=C(O)CN1CCN(CCOc2ccc(Cl)cc2)CC1;NC(=O)C1CC(O)CN1CCCOc1ccc(Cl)cc1;CC1OCCN(CCOc2ccccc2Cl)C1C(N)=O;COc1ccc(Cl)cc1CN(C)C(=O)C1COCCN1;COc1ccc(CN2CCCC(O)(C(N)=O)C2)cc1Cl;COC(CNC(=O)C1COCCN1)c1ccccc1Cl;COc1ccc(CN2CCOC(C)C2C(N)=O)cc1Cl;COc1ccc(Cl)cc1CN(C)C(=O)C1CC(O)CN1;COc1ccc(Cl)cc1CN(C)C(=O)C1CNCCO1;CC(=NOCC(=O)OCCN(C)C)c1ccc(Cl)cc1;COC(=O)N1CCCC(NC(=O)NCc2cscn2)C1;COc1ccc(Cl)c(CN2CCOC(C)C2C(N)=O)c1;COc1ccc(CN2CC(OC)CC2C(N)=O)cc1Cl;COC1CNC(C(=O)NCCOc2ccc(Cl)cc2)C1;COCC1CN(C(=O)NCCOc2cccc(Cl)c2)C1;CN(C)C(COP(=O)(O)OCCN=C(N)N)C(=O)O;COCC1CCN1C(=O)c1cnc(OC(C)C)c(Cl)c1;NC(=O)C1(O)CCCN(CCOc2cccc(Cl)c2)C1;CS(=O)(=O)N1CCC(NC(=O)Nc2ccncc2)CC1
m_d4c45b,CC1=CC(=O)OC2=C1C(=O)N(CCC1=CC=C(O)C=C1)C=C2;COC1=C(C)C(O)=C(C)C2=C1C(=O)N(C1=CC=CC=C1)C2=O;CN1C(=O)[C@@](O)(CC(=O)C2=CC=CC=C2O)C2=CC=CC=C21;O=C1OC[C@H](O)N1C(=O)C(C1=CC=CC=C1)C1=CC=CC=C1;CC1=C2C(=O)C3=C(O)C=CC=C3C(=O)C2=C2C(C)OCCN12;COC1=CC(/C=C2/C(=O)NC3=CC=CC=C23)=CC(OC)=C1O;COC1=CC=C2NC(=O)C(O)(CC(=O)C3=CC=CC=C3)C2=C1;COC1=CC=CC=C1C(=O)N/C(=C\C1=CC=CC=C1)C(=O)O;COC1=CC=C(C(=O)C[C@]2(O)C(=O)NC3=CC=CC=C32)C=C1;COC1=CC(OC(C)=O)=C2C(=O)C3=CC=CC=C3N(C)C2=C1;COC(=O)C1=CC=C2C3=CC=CC=C3N(C)C2=C1C(=O)OC;CC(=O)Oc1cccc(N2C(=O)C3C4C=CC(C4)C3C2=O)c1;CC1=CC=C(C2=C(CC(=O)O)C3=C(C=C(C)NC3=O)O2)C=C1;CC(=O)COC1=CC=C2C(=O)/C(=C\C3=CC=CN3C)OC2=C1;CN1C(N)=C2N=CN([C@@H]3O[C@H](CO)[C@@H](O)[C@H]3O)C2=NC1=O;CC1=CC=C2NC(=O)[C@@](O)(CC(=O)C3=CC=CC=C3O)C2=C1;CN1C(N)=NC2=C(N=CN2[C@@H]2O[C@H](CO)[C@@H](O)[C@H]2O)C1=O;Cc1ccc2c(c1)OCCN2C(=O)c1cccc(C(=O)O)c1;COC1=C(O)C2=C3C(=C1OC)C1=CC=CC=C1CC3NC2=O;CN1C(=O)NC2=C(N=CN2[C@@H]2O[C@H](CO)[C@@H](O)[C@H]2O)C1=N;COC1=CC=CC=C1/C=C(/NC(=O)C1=CC=CC=C1)C(=O)O;CC(=O)OC1=CC=C(N2C(=O)[C@@H]3[C@H](C2=O)[C@@H]2C=C[C@@H]3C2)C=C1;CC1=CC=CC=C1NCC1=CC(=O)OC2=CC(O)=C(O)C=C12;COC1=CC=C(C(=O)C2=CC3=C(CO)C=NC(C)=C3O2)C=C1;O=C(O)C1COCCN1C(=O)CCOc1ccccc1F
m_d56a4e,Cc1cc(CNC(=O)c2ccncc2)nc(N(C)C)n1;Cc1cc(CNC(=O)c2cccnc2)nc(N(C)C)n1;CCCC1=CC(O)=NC(NC(=N)NC2=CC=CC=C2)=N1;Cc1cc(-n2cncn2)ccc1C(=O)N1CCNCC1;Cn1c(CNC(=O)c2ccncc2)nnc1C1CCC1;NC(=O)C1CCCN1Cc1ncn(-c2ccccc2)n1;Cn1ccnc(N2CCN(c3ccccn3)CC2)c1=O;O=C(NCc1ccn(C2CCCC2)n1)c1cncnc1;CCc1ccnc(C(=O)Nc2nnc3n2CCCC3)c1;Cc1cc(C(=O)N2CCC(N)C2)ccc1-n1cncn1;NC(=O)CN1CCCC1c1nc(-c2ccccc2)n[nH]1;Cc1c(NC(=O)c2ccnnc2)cnn1C1CCCC1;CN1CCN(C(=O)c2ccncc2)CC1c1ncc[nH]1;CC(=O)Nc1ccn(C2CCN(c3ccccn3)C2)n1;CC1(C)CCc2nnc(C(=O)Nc3ccccn3)n2C1;CCC1C(=O)N(C)CCN1c1ccc2nccnc2n1;Cn1nnc(C2(NC(=O)c3ccccc3)CCCC2)n1;O=C(Nc1ccccn1)c1nnc2n1CCCCCC2;CC1CN(C(=O)c2cc(-n3cccn3)ccn2)CCN1;COc1ccnc(N2CCN(c3ccccn3)CC2)n1;Cc1cnc(C(=O)NCC2CCn3ccnc3C2)cn1;CC1CNCCN1C(=O)c1cc(-n2cccn2)ccn1;O=C(Cn1cnnn1)NCC1CCCc2ccccc21;Cc1nnc2c3ccccc3c(NC(C)CCO)nn12;O=C(Nc1cccc(-n2cnnn2)c1)C1CCCCC1
m_d6c1c0,CCN(CC)c1ncc(Cl)c(C(=O)NC2CCC(O)CC2)n1;CN1CCC2CN(C(=O)Nc3cccnc3OCC(F)F)CC21;CCc1c[nH]c2ncnc(N3CCOC(c4ccccc4F)C3)c12;Cn1cc(Cl)c(CNC(=O)N2CCC(OC3CCC3)CC2)n1;O=C(c1ccc(N2CCCC2)nn1)N1CCCc2ccc(F)cc21;CC(C)[C@H](N)C(=O)O[C@@H]1C[C@@H](N2C=CC(N)=NC2=O)O[C@H]1CO;COC1CCN(C2CCCC2NC(=O)Cn2cc(Cl)cn2)C1;CCC(NCCC(=O)NC(Cc1cncn1C)C(=O)O)C(=O)O;Nc1ccc(C2CCCN2C(=O)C2(c3ccccc3F)CC2)nn1;Cn1cc(Cl)c(CNC(=O)N2CCCC3(CCOCC3)C2)n1;CN1C(=O)CCC(C(=O)N2CCC(F)(F)C2)C1c1ccnn1C;CN1C(=O)CCC(C(=O)N2CCC(F)(F)C2)C1c1nccn1C;CCN1CC(NC(=O)c2cc(Cl)c(N)cc2OC)CN1CC;O=C(CN1CCCC1)NC1CC(Cn2cc(Cl)cn2)CC1O;Cn1ncc(Cl)c1C(=O)N1CCCN(CC2CCCO2)CC1;COc1cc(CNC2CCN(c3ncccc3F)C2)ccc1C#N;CCN(CC)C(CNC(=O)c1ccnn1C(F)F)c1ccco1;OCC1(Cc2ccc(F)cc2)CCN(c2ncnc3[nH]ccc23)C1;Cc1ccc(NC(=S)N2CCN(c3ccccn3)CC2)c(C)c1;CCNc1nc(N)nc2c1ncn2C1OC(CO)C(O)C1(C)F;CN(c1ncc(Cl)cn1)C1CCN(C(=O)OC(C)(C)C)CC1;CCCCCCCCN1C(Cl)=NC2=C1C(=O)N(C)C(=O)N2C;CC1CN(Cc2ccc(F)cc2)CCN1C(=O)c1cc(C#N)c[nH]1;N#Cc1cc(F)ccc1CN1CCCC(c2noc(C3CC3)n2)C1;Cc1c(C2C(C(=O)N3CCC(F)(F)C3)CC(=O)N2C)cnn1C
m_d74296,COC1=CC=C(CCNC(=O)CN2C=CC=C2C(=O)C2=CC=CC=C2)C=C1OC;COC1=CC=C(OC)C(CCNC(=O)CN2C=CC=C2C(=O)C2=CC=CC=C2)=C1;COC1=CC2=C(C=C1OC)CN(C(=O)CN1C=C(C(C)=O)C3=CC=CC=C31)CC2;COC1=CC=C(CCNC(=O)CN2C=CC=C2C(=O)C2=CC=CC=C2)C(OC)=C1;COC1=CC2=C(C=C1OC)CC(=O)N(CC(=O)N1CCC3=CC=CC=C3C1)C=C2;COC1=CC=C(/C=C/C2=NNC(/C=C/C3=CC=C(OC)C(OC)=C3)=C2)C=C1OC;COc1ccc2cc(CN(C)C(=O)CNC(=O)COc3ccccc3)ccc2c1;COC1=CC=C(C(=O)CNC(=O)C2=CN(CC(C)C)C(=O)C3=CC=CC=C23)C=C1;COc1cc(CNCCC(=O)NC(Cc2cnc[nH]2)C(=O)O)cc(OC)c1O;COC(=O)[C@H](CC1=CC=CC=C1)NC(=O)C1=CN(C(C)C)C(=O)C2=CC=CC=C12;COC1=CC=CC=C1C(=O)N1C[C@@H]2C[C@H]1C(=O)N(CC1CC1)C1=CC=CC=C1O2;COC1=CC(C)=C(S(=O)(=O)NC[C@@H](O)[C@@H](N)CC2=CC=CC=C2)C(C)=C1C;COC1=CC=C2C(=C1OC)C(=O)N1[C@H]2SC(C)(C)[C@H]1C(=O)NCCC(C)C;COC(=O)[C@H](CC1=CC=CC=C1)NC(=O)CCN1C=C(C(C)=O)C2=CC=CC=C21;COC1=CC2=C(C=C1OC)CC(=O)N(CC1=CC=C(N3CCCC3=O)C=C1)C=C2;COc1ccc(C(C(=O)NCc2ccccc2)N(Cc2ccco2)C(C)=O)cc1;Cc1noc(C)c1COc1ccccc1C(=O)NC1CCCOc2ccccc21;CC1=C(C2=CC=CC=C2)C(=O)C2=CC=C(OCC(=O)N3CCN(C)CC3)C=C2O1;Cc1c(C(C)NC(=O)COc2cccc(NC(=O)C3CC3)c2)oc2ccccc12;COC(=O)c1cccc2c1CCCN2C(=O)Cc1ccc(N2CCCC2=O)cc1;CCOC(=O)c1nn(-c2ccccc2C)c(=O)cc1OCc1cc(C)ccc1C;COC1=CC=C(CN2C(=O)[C@@H]3C[C@@H](CN3C(=O)C3CC3)OC3=CC=CC=C32)C=C1;COC1=CC=C2C3=C(C4=CC=CC=C4C3=O)N(CCCN(C)C)C(=O)C2=C1OC;Cc1cccc2c1OCCC2NC(=O)c1ccccc1OCc1c(C)noc1C;COC1=CC=C(C2(CNC(=O)C3=CC(=O)NC4=CC=CC=C34)CCOCC2)C=C1
m_d7ad1b,NC(=O)C1CCN(c2nnc(-c3cccc(Br)c3)n2Cc2ccccc2)CC1;O=C(NCCCS(=O)(=O)N1CCN(c2ccc(F)cc2)CC1)c1ccc(Cl)cc1;O=C(CNC(=O)c1cc(S(=O)(=O)N2CCCCC2)ccc1Cl)NCc1ccco1;COCC1(c2noc(C3CCCN3C(=O)c3cc(Cl)cc(Cl)c3)n2)CCOCC1;O=C(Nc1ccn(Cc2ccncc2)n1)N1CCC(c2ccccc2Br)CC1;COCCn1c(SCc2ncc(-c3ccccc3)o2)nc2sc3c(c2c1=O)CCC3;COC1=CC=C2C3=C(C4=CC=CC=C4C3=O)N(CC3CCS(=O)(=O)C3)C(=O)C2=C1OC;COc1ccc(-c2cc3nc(CN4CCN(c5nccs5)CC4)[nH]c(=O)c3s2)cc1;CSCCC(NC(N)=O)C(=O)N1CCN(c2ncc(C(F)(F)F)cc2Cl)CC1;COc1ccc(S(=O)(=O)Nc2ccc(-n3c(C)nc4ccccc4c3=O)cc2)cc1F;CC1=CC=C2NC3(CCN(C(=O)C4=CC=C(Br)O4)CC3)C3=CC=CN3C2=C1C;CCc1ccccc1N(C(C)=O)c1nc(CSc2nncn2Cc2ccco2)cs1;Cc1ccc(OC2CCN(C(=O)c3cc(C)nc4ccc(Br)cc34)CC2)nc1;Cc1cccc(NC2CCN(C(=O)c3cc(=O)c4cc(Br)ccc4[nH]3)CC2)c1;O=C(O)C(=O)c1cn(Cc2ccccc2)c2ccc(-c3ccc(OC(F)(F)F)cc3)cc12;CN(C(=O)COC1=CC=C2OC=C(C3=CC4=CC=CC=C4O3)C2=C1)C1CCS(=O)(=O)C1;CCCN1C(=O)C2(NCCC3=C2NC2=CC=C(OC)C=C32)C2=CC(Br)=CC=C21;O=C(NC1=CC=C2[C@@H]3C[C@@H](CN(C(=O)CC4=CC=CS4)C3)CN2C1=O)C1=CC=CS1;Cc1ccnc2nc(C(=O)N3CCCN(c4ncc(C(F)(F)F)cc4Cl)CC3)nn12;CC(C)n1c(=O)[nH]c2cc(-c3noc(CN4C(=O)COc5ccc(Cl)cc54)n3)ccc21;Brc1cccc(Cc2noc(CN3CCOC4(CCc5ccccc54)C3)n2)c1;O=C(Nc1ccc2ncccc2c1)C(=O)c1cn(Cc2ccc(Cl)cc2)c2ccccc12;COC1=CC=C(C2=CC(=O)OC3=CC(OCC(=O)N=C4N=C5C=CC=CC5=N4)=CC=C23)C=C1;COc1ccc(C)cc1NS(=O)(=O)c1ccccc1-c1nc(-c2ccc(F)cc2)no1;CC1=NN2C(O)=C(C(C3=CSC=C3)N3C[C@H]4C[C@@H](C3)C3=CC=CC(=O)N3C4)SC2=N1
m_d7ecc5,COC(=O)C(CC(C)C)NC(=O)C1=CC(O)=NC2=CC=CC=C12;COC(=O)[C@@H](NC(=O)C1=CN(C)C(=O)C2=CC=CC=C12)C(C)C;CC[C@H](C)[C@H](NC(=O)C1=CC(=O)NC2=CC=CC=C12)C(=O)OC;COc1ccc2cc(C(=O)NC(C(=O)O)C(C)C)c(C)nc2c1;COC(=O)C(NC(=O)c1ccc2cc(OC)ccc2n1)C(C)C;COC(=O)CNC(=O)C1=CN(CC(C)C)C(=O)C2=CC=CC=C12;CCOC(=O)c1cc(NC(=O)C(CC)OC)c2ccccc2n1;CCOC(=O)c1cc(NC(=O)COC(C)C)c2ccccc2n1;CC(=O)C1=CN(CC(=O)N[C@H](C(=O)O)C(C)C)C2=CC=CC=C12;Cc1cc2ccccc2n1CC(=O)N1CCC(O)(C(=O)O)CC1;CC(C)(C)OC(=O)N1CC2=C(C[C@@H]1C(=O)O)C1=CC=CC=C1N2;O=C(CCn1[nH]c(=O)c2ccccc2c1=O)OC1CCCCC1;COC1CCCC1OC(=O)CCn1cnc2ccccc2c1=O;Cn1c(COC(=O)C(C)(C)c2ccccc2)cc(=O)n(C)c1=O;CC1CN(C(=O)CCN2C(=O)c3ccccc3C2=O)CC(C)O1;COC(CNC(=O)c1ccc(Oc2cccc(C)c2)cn1)OC;CCn1cc(C(=O)N2CCCC(O)(C(=O)O)C2)c2ccccc21;O=C(O)CC1CCN(C(=O)CN2Cc3ccccc3C2=O)CC1;CC(=O)C1=CN(CCC(=O)NCCCC(=O)O)C2=CC=CC=C12;COC1=CC=CC=C1CCNC(=O)C1=CC(=O)C(OC)=CN1C;O=C(O)CCCCCN1C(=O)[C@@H]2CC3=CC=CC=C3CN2C1=O;COC(=O)c1c(NC(=O)C2CCCCO2)c2ccccc2n1C;O=c1[nH]n(CC2COC3(CCCCC3)O2)c(=O)c2ccccc12;COc1ccccc1CNC(=O)Cn1cc(OC)c(=O)cc1C;O=C(O)C1COCCN1C(=O)CCCc1c[nH]c2ccccc12
m_d86693,O=C(CC(c1ccccc1)c1ccccc1)Nc1cccnc1Cl;O=C(c1cncc(-c2ccccc2)c1)N1CCC(O)(C(F)(F)F)C1;CC1CN(C(=O)Cc2ccc(C(F)(F)F)cc2)c2cccnc2O1;CC1CN(C(=O)Cc2ccccc2C(F)(F)F)c2cccnc2O1;CC(=O)NCCNC(=O)c1ccc(-c2cc(F)c(F)c(F)c2)cc1;O=C(Cn1cc(C(F)(F)F)ccc1=O)N1CCc2ccccc2C1;COc1ccc(Cl)cc1NCC(=O)NCCc1ccc(F)cc1;CC1CN(C(=O)Cc2cccc(C(F)(F)F)c2)c2cccnc2O1;Cc1ccc(CC(=O)N2CCOc3ccc(C(F)(F)F)cc32)cn1;O=C(O)c1cccnc1CN1CCc2ccc(C(F)(F)F)cc2C1;Cc1ccc2c(n1)OCCN2C(=O)CCOCC(F)(F)C(F)F;O=C(/C=C/C1=CC=CC=C1)N1CCC2=C(C1)C1=CC(Cl)=CC=C1N2;CNC(=O)C1CN(Cc2c(F)cccc2OC(F)(F)F)CCO1;N#Cc1c[nH]c(C(=O)Nc2cccn(Cc3ccc(F)cc3)c2=O)c1;O=C(CN1C=CC(=NCC2=CC=CC=C2)C=C1)C1=CC=C(Cl)C=C1;O=C1CN(C(=O)c2c[nH]nc2-c2cccc(OC(F)F)c2)CCN1;O=C(c1ccccn1)N1CC(O)CC1c1ccccc1C(F)(F)F;Cc1cnc2c(c1)N(C(=O)CCOCC(F)(F)C(F)F)CCO2;CCOC(=O)C(C)Sc1nnc2n1CCN2c1ccc(F)cc1;CC(NC(=O)COc1ccc(F)c(C(F)(F)F)c1)C(=O)N(C)C;O=C(Cc1ccc2c(c1)CCC2)Nc1cc(C(F)(F)F)c[nH]c1=O;COC(CC(=O)N1Cc2nnc(C)n2CC1C(=O)O)C(F)(F)F;CCCn1c(O)nnc1SC1CCN(c2ccccc2F)C1=O;O=C(c1ccncc1)N1CC(O)CC1c1cccc(C(F)(F)F)c1;NC(=O)C1Cc2ccccc2N1Cc1csc(-c2ccccn2)n1
m_d90c36,COc1cc(C(=O)Nc2cc(C)nn2C)cc(OC)c1OC;COC1=CC2=C(C=C1OC)C(=O)N(CC(=O)NC(C)C)C=N2;COc1ccccc1C(O)Cn1cnc(C(=O)OC(C)C)n1;COc1ccc(-c2noc(CNC(=O)C(C)C)n2)cc1OC;COCCN1C(C(=O)NC[C@@H](C)O)=NC2=CC=CC=C2C1=O;CCCNC(=O)C1=NN=C(CC2=CC=C(OC)C(OC)=C2)O1;COc1ccc(CCC(=O)NCc2nc(C)no2)cc1OC;COc1cccc(OCCNC(=O)Nc2c(C)noc2C)c1;CCCCC(=O)Nc1nonc1-c1ccc(OC)c(OC)c1;CCc1ccc(C(COC)NC(=O)c2ccc(=O)n(C)n2)o1;COCCN1CCN(c2ccc(OC(F)(F)F)cn2)CC1;COC1=CC=CC=C1NC(=O)N1C[C@@H]2[C@H](O)C(=O)N(C)[C@@H]2C1;COC(=O)[C@@H]1CN(C(=O)NC2=CC=CC=C2)CCN1C(C)=O;COCC1(C)CCN(c2ccc(OCC(F)(F)F)nn2)C1;COc1cc(CNC(Cc2cncn2C)C(=O)O)ccc1O;COC1=CC=C(NC(=O)N2C[C@@H]3[C@H](O)C(=O)N(C)[C@@H]3C2)C=C1;Cc1cc(C)nc(N2CCc3ccc(OC(F)F)cc3C2)n1;COC1=CC=CC(NC(=O)N2C[C@@H]3[C@H](O)C(=O)N(C)[C@@H]3C2)=C1;CCCN(C(=O)c1cccn(C)c1=O)C1CC(=O)N(C)C1=O;COc1c(C(=O)N2CC3C4CCC(C4)C3C2)[nH]c(=O)[nH]c1=O;COCCNC(=O)CCc1nc(-c2ccc(OC)cc2)no1;COCCNC(=O)C[C@@H]1NC(=O)N(CC2=CC=CC=C2)C1=O;COC(=O)CCCNC(=O)c1ccc2oc(N(C)C)nc2c1;CN1CCC(O)(CNC(=O)c2ncoc2-c2ccco2)CC1;COC1CC(c2nc(C)no2)N(C(=O)CCc2ccoc2)C1
m_daf5f1,CCNC(=O)NCc1nn(CCN2CCCC2)c(=O)c2ccccc12;CC(NC(=O)NCCCn1nc2n(c1=O)CCCC2)c1ccccc1;CNC(=O)CN1CCC(NC(=O)NCc2cc3ccccc3[nH]2)CC1;CC(C)C(NC(=O)NCCOc1ccccc1)c1nnc2n1CCC2;CC(=O)N1CCN(C(=O)NCCCn2c(C)nc3ccccc32)CC1;CN(Cc1ccccc1)C(=O)NCCCn1nc2n(c1=O)CCCC2;Cc1n[nH]c(C2CN(C(C)C(=O)NCCc3ccccc3)CCO2)n1;CCn1nc(C)c(NC(=O)N2CCN(c3ccccc3O)CC2)c1C;Cn1cnnc1CNC(=O)CC1(O)CCCN(Cc2ccccc2)C1;CCc1nc2n(n1)CC(NCc1ccccc1OCC(=O)NC)CC2;CCc1nnc2n1CC(NCc1ccccc1OCC(=O)NC)CC2;Cn1nncc1CNC(=O)CC1(O)CCCN(Cc2ccccc2)C1;O=C(NCCc1ccn(-c2ccccc2)n1)NCCN1CCOCC1;CN(C)C(=O)CN1CCN(Cc2nnc(Cc3ccccc3)o2)CC1;Cc1noc(C(C)N2CCN(CC(=O)NCc3ccccc3)CC2)n1;COc1ccccc1CNC(=O)NCCc1nnc2n1CCCCC2;CC(C)n1c(CNC(=O)CN2CCN(C)C(=O)C2)nc2ccccc21;Cc1n[nH]c(C2CN(CC(=O)NCCc3ccccc3C)CCO2)n1;O=C(CC1CCCC1)N1CCN(Cc2cc(=O)n3nccc3[nH]2)CC1;CN(Cc1nnn(CC(O)C2CCCCC2)n1)C(=O)c1ccccc1;O=C(NCC1(N2CCCCC2)CCOCC1)c1ccc2[nH]cnc2n1;O=C(NCC(O)CN1CCCCC1)Nc1ccn(-c2ccccc2)n1;CN(C)C(=O)C1CCCN1CCCNC(=O)c1n[nH]c2ccccc12;O=C(CN1CCOCC1)N1CCN(Cc2cccc3cn[nH]c23)CC1;CCc1nc2n(n1)CCCC2NC(=O)NCCOc1ccccc1C
m_db2018,Cc1ccccc1-c1cc(NC(=O)c2ccoc2C)n(C)n1;COC1=CC=C(NC(=O)CC2=CN(C)C3=CC=CC=C23)C=N1;CCC(=O)Nc1cccc(OCc2cn3ccccc3n2)c1;COc1c(C)ccc(NC(=O)c2cnn3ccccc23)c1C;COC1=CC=C(C(=O)NCCN2C=NC3=CC=CC=C32)C=C1;COC1=CC=C(C2=NOC(NCCC3=CC=CC=C3)=N2)C=C1;COc1ccccc1CNC(=O)Cn1ncc2ccccc21;COC1=CC=CC(C2=NOC(NCCC3=CC=CC=C3)=N2)=C1;COCCc1ccccc1NC(=O)c1ccc2nccn2c1;COC1=CC=C(CNC2=NC=NC3=CC=CC=C23)C=C1OC;Cc1cc(C)n(-c2ccccc2CNC(=O)c2ccco2)n1;COC(C)C(=O)Nc1ccc(-n2ncc3ccccc32)cc1;CC(C)C1=CC=C(OCC2=NC(C3=CC=CN=C3)=NO2)C=C1;Cc1ccc(C)c(-n2ncc(NC(=O)c3ccco3)c2C)c1;CC(C)CC1=C2C=NN(C)C2=NC2=C1OC1=CC(O)=CC=C12;Cc1occc1C(=O)Nc1ccc2c(c1)nc(C1CC1)n2C;Cc1ccc(C(=O)Nc2ccc(N3CCCC3=O)cc2)cn1;C#CCC1(OC(=O)c2ccc(-n3cncn3)c(C)c2)CCC1;COC1=CC=CC2=C1C=CN2CCNC(=O)C1=CC=CN=C1;COCCc1ccccc1NC(=O)c1cnn2ccccc12;COC1=CC=CC2=C1N(CC(=O)NCC1=CC=CN=C1)C=C2;CN1C(=O)C2=CC=C(C3=CC=CN=C3)C=C2O[C@H]2CNC[C@H]21;COCC(=O)Nc1cccc(Cn2cnc3ccccc32)c1;CCOCC(=O)Nc1ccc(-n2ncc3ccccc32)cc1;CCOC1CC(c2nc(-c3ccc4ncccc4c3)no2)C1
m_db2c0e,O=C(O)CSCc1nc2c(cnn2-c2ccccc2)c(=O)[nH]1;O=C(CCc1nc(-c2ccsc2)no1)Nc1ncccc1O;CC(=O)Nc1nc(Cn2c(-c3ccccc3)noc2=O)cs1;C=CCn1c(=O)c2ccccc2n2c(SCC(=O)O)nnc12;CC1=CC=C(NC(=O)CN2C(=O)OC3=CC=CC=C32)C=C1Cl;Cn1c(=O)c2cc(NC(=O)c3cccs3)cnc2n(C)c1=O;CC1=C(Cl)C=CC=C1NC(=O)CN1C(=O)OC2=CC=CC=C21;Cc1ccc(C(=O)NCc2nc(-c3ccsc3)no2)c(=O)[nH]1;O=C(CN1C(=O)OC2=CC=CC=C21)NCC1=CC=CC=C1Cl;COC(=O)CSc1nc2c(cnn2-c2ccccc2)c(=O)[nH]1;O=C(CN1C(=O)OC2=CC=CC=C21)NCC1=CC=C(Cl)C=C1;COc1cc(C)c2c(N)c(C(=O)c3ccc(Cl)cc3)oc2n1;COc1ccc(-c2nnc(-c3ccc(Cl)cc3)o2)cc1OC;COC(=O)COc1cccn2cc(-c3ccc(Cl)cc3)nc12;CN1C(=O)[C@H]2C=C(Cl)[C@@H]1[C@@H]1C(=O)N(C3=CC=CC=C3)C(=O)[C@@H]12;CC(C(=O)N1CCC(O)(C(N)=O)CC1)c1ccc(Cl)s1;O=C(CSc1ncccn1)NN=Cc1ccc2c(c1)OCO2;O=C(Nc1ccc2c(c1)C(=O)NCCO2)c1cccc(Cl)c1;CN1C(=O)[C@@H]2C=C[C@H]1[C@H]1C(=O)N(C3=CC=CC(Cl)=C3)C(=O)[C@@H]12;COc1ncc(C(=O)N2CC(C)[S+]([O-])C(C)C2)cc1Cl;Cc1ccc(S(=O)(=O)Nn2nnc3ccccc3c2=O)cc1;O=C(Cc1ccccc1Cl)NCc1cc(-c2ccco2)on1;Cc1occc1C(=O)Nc1nc(-c2c[nH]c(C(N)=O)c2)cs1;CC1=CC=C(S(=O)(=O)O[C@@H]2[C@H]3OC[C@@H](O)[C@H](O3)[C@H]2O)C=C1;CC1=CC=C(S(=O)(=O)O[C@@H]2CO[C@H]3O[C@@H]2[C@@H](O)[C@@H]3O)C=C1
m_dbd1b2,Cc1ccc(F)c(OCC(=O)N2CCC(c3nc(=O)[nH][nH]3)CC2)c1;Cc1noc(C2CN(C(=O)COc3ccccc3F)CCN2C)n1;Cc1nc(CN2CCN(C(=O)COc3ccccc3F)CC2)no1;CCn1cccc(-c2nnc(SCC3CCOCC3)n2C)c1=O;CCCC1CCc2c(sc(=O)n2Cc2nnc3n2CCOC3)C1;CCn1cnnc1C1CN(C(=O)COc2ccccc2F)CCO1;Cc1nn(CCNC(=O)N2CCOCC2)c(C)c1-c1ccsc1;COCCn1nc(C)c(NC(=O)N2CCc3sccc3C2)c1C;Cc1ccc(CCCC(=O)N2CCOC(c3nncn3C)C2)s1;O=C(NCCN1CCOCC1)c1nn(-c2ccccc2F)cc1O;CCn1cnnc1C1CN(C(=O)CCCc2cccs2)CCO1;Cc1ccc(C(=O)N2CCn3c(nnc3-c3ccccc3)C2)cc1O;COc1ccc(CNC2CCN(c3nnc(C)s3)CC2)cc1O;Cc1occc1-c1nnc(SCC(=O)N2CCC(C)CC2)n1C;COc1ccc(F)cc1C(=O)N1CCCC(O)(Cn2ccnn2)C1;CC(Oc1cccc(F)c1)C(=O)N1CCOC(c2nncn2C)C1;CCCn1c(O)nnc1SCC(=O)N(c1ccccc1)C(C)C;CCCCn1c(CNC(=O)c2ccc(OC)cc2)nnc1SC;CCN1CCOC(C(=O)NCc2noc(-c3ccccc3F)n2)C1;COc1cccc(C(=O)N2CCCC(O)(Cn3ccnn3)C2)c1F;CCCc1n[nH]c(C2CN(C(=O)CCc3ccsc3)CCO2)n1;COc1ccc(C(=O)N2CCCC(O)(Cn3ccnn3)C2)cc1F;CNC(=O)C1CCN(CCCc2nc(-c3cccs3)no2)CC1;COC1CN(C(=O)CCOc2ccccc2F)CC1c1c[nH]nn1;COc1ccc(C(=O)N2CCCC(O)(Cn3ccnn3)C2)c(F)c1
m_dbd5d0,CN1CCC2=C(NC3=CC=CC=C23)C1C1=C(O)N(C)C(=O)N(C)C1=O;CCN1C(=O)NC(O)=C(C2C3=C(CCN2C)C2=CC=CC=C2N3)C1=O;CCN1CCC2=C(NC3=CC=CC=C23)C1C1=C(O)NC(=O)N(C)C1=O;O=C(NCC(=O)N1CC2CNCC2C1)c1cnc2ccccc2c1O;CCCN1C(=O)NC(O)=C(C2NCCC3=C2NC2=CC=CC=C32)C1=O;CC(C)N1C(=O)NC(O)=C(C2NCCC3=C2NC2=CC=CC=C32)C1=O;COc1cn(CC(=O)NCCc2nc3ccccc3[nH]2)c(C)cc1=O;COc1nc(C(=O)N2CCC3C(C2)NC(=O)N3C)cc2ccccc12;CN(Cc1nc2ccccc2c(=O)[nH]1)C(=O)C1CC(=O)N(C2CC2)C1;CCc1oc2ccccc2c1C(=O)N1CCOC(c2nc(C)n[nH]2)C1;Cc1nnc(C2COCCN2C(=O)Cn2c(C)cc3ccccc32)o1;Cc1cc(CN(C)C(=O)CCn2cnc3c(C)cccc3c2=O)no1;COc1cn(CC(=O)NCc2nc3ccccc3n2C)c(C)cc1=O;Cc1nc(N2CCCC2)nc(C)c1NC(=O)c1ccc2c(c1)OCO2;Cc1nccc(CNC(=O)C2CCCN2C(=O)c2ccccc2O)n1;COc1ccccc1CC(=O)NCc1c(C)nc2cc(=O)[nH]n2c1C;COc1ccccc1NC(=O)Cc1c(C)nc2c(c1C)c(=O)[nH]n2C;CC(C(=O)N(C)Cc1cc(-c2ccccc2)[nH]n1)N1C(=O)CCC1=O;O=C(NC1CC1)C1CCCN1C(=O)Cn1c(=O)cnc2ccccc21;COC(=O)C(Cc1c[nH]c2ccccc12)NC(=O)c1cc(C)nn1C;CC1CC(=O)NCCN1C(=O)c1ccc(=O)n(Cc2ccccc2)n1;CC(C)/C=C1\N=C(O)[C@H](CCC(N)=O)N2C1=NC1=CC=CC=C1C2=O;Cc1nnc(C2COCCN2C(=O)Cc2c[nH]c3c(C)cccc23)o1;Cn1nc(C2CC2)nc1CC(=O)N1CCc2ccccc2C1C(=O)O;Cn1ccnc1C1OCCC1NC(=O)c1ccc2c(c1)CCC(=O)N2
m_dc5eb2,COCC(=O)N1CCN(c2ccccc2OC(C)C)CC1;CCOc1ccccc1OCCCC(=O)N1CCC(N)C1;CCOc1ccccc1OCCN1CC(C)C(C(N)=O)C1;CCC(CO)N1CCN(C(=O)Cc2ccccc2O)CC1;CNCC1CCCN1C(=O)CCOc1ccccc1OC;CC(CNC(=O)Cc1ccccc1O)CN1CCOCC1;CCOc1ccccc1OCC(=O)NC1CCCN(C)C1;COc1ccccc1C(C)N1CCN(CCC(=O)O)CC1;COC(=O)CN1CCN(C(C)c2ccccc2OC)CC1;CC1(C)CCCC1(CO)NC(=O)CCn1ccccc1=O;CCOc1ccccc1N1CCN(CCCC(=O)O)CC1;Cn1cc(C(=O)NCC2CCOC2C(C)(C)C)ccc1=O;C[C@@H]([C@@H](O)C1=CC=CC=C1)N(C)CC(=O)N1CCOCC1;CC(C)(C)Oc1ccccc1CNC(=O)N1CCOCC1;COc1cccc(C(=O)N2CC(C)N(CCO)C(C)C2)c1;COc1ccccc1OCCC(=O)N1CCCCC1CN;COc1ccccc1CCN(C)C(=O)C1CC(OC)CN1;CNC1CCCN(C(=O)CCOc2ccccc2OC)C1;CC1CN(C(=O)c2ccc(OCCO)cc2)C(C)CN1C;CC(C)COC1CCN(C(=O)c2ccc(=O)n(C)c2)CC1;CC(C)COC1CCN(C(=O)c2ccn(C)c(=O)c2)CC1;COC1CC(CN(C)C(=O)COc2ccccc2)N(C)C1;Cc1cccc(C(=O)NC(CO)CN2CCCCC2)c1O;CNCC1CCN(C(=O)c2cc(OC)c(C)c(OC)c2)C1;CCN1CCCC1CNC(=O)c1ccc(OC)c(OC)c1
m_dc7be7,Cc1cc(NCCN2C(=O)Cc3ccccc32)nc(-c2ccncc2)n1;Cn1c(N2CCCC(C(=O)N3CCSCC3)C2)nc2cccnc21;CSCCc1ccccc1NC(=O)C1Cn2c(C)nnc2CN1C;CC1CCCC(C)N1C(=O)CSc1nnc(-c2ccccc2)n1N;Cn1cc(CNC(=O)NC2CCCN(c3cccc(F)c3)C2=O)cn1;Cc1cc(F)ccc1N1CCCC(NC(=O)CCn2cncn2)C1=O;Cc1ccc(F)c(N2CCCC(NC(=O)CCn3cncn3)C2=O)c1;CC1CCC(NC(=O)CSCc2nnnn2-c2ccccc2)CC1;Oc1nc(C2CC2)nc2c1CN(c1ccnc(Cc3ccccc3)n1)C2;O=C(c1ccncc1)N1CCN(c2ccnc(-c3ccccc3)n2)CC1;CCC(=O)N1CCCC(C(=O)Nc2nc(-c3ccccc3F)n[nH]2)C1;O=C(c1ccc(-n2cncn2)nc1)N1CC2(CCCC2)c2ccccc21;Cc1cc(C(=O)N2CCCN(C(N)=O)CC2)nn1-c1cccc(F)c1;CC1CCCCC1NC(=O)CSCc1nnnn1-c1ccccc1;CC(C)c1nc(C(=O)NC2CCN(C)C2=O)nn1-c1ccccc1F;CC(Sc1nncn1C)C(=O)Nc1ccccc1N1CCCCC1;CC(=O)NCc1cn(C2CCCN(c3ccc(F)cc3C)C2=O)nn1;Cc1cccc(C(=O)N2CCC(n3cnc(C(N)=O)c3N)CC2)c1F;Cc1ncnc(N2CCN(C(=O)c3onc4c3CCCC4)CC2)c1F;CCn1c(CCNC(=O)c2ccc3ccccc3n2)nc2cccnc21;N#Cc1ccccc1N1CCCN(C(=O)c2cccc3cn[nH]c23)CC1;O=C(c1ccc2c(c1)CCC2)N1CCn2c(nnc2-c2cccnc2)C1;CC1CCCCC1NC(=O)CSc1nnc(-c2ccccc2)n1N;Cc1c(CNC(=O)NC2CCN(c3ccccc3F)C2=O)cnn1C;CCc1nc(C)c(C(=O)Nc2ccc(N3CCN(C)CC3)cn2)s1
m_dd5487,Cc1cc(C)nc(N2CCC(NC(=O)c3ccccc3C)CC2)n1;COc1cccc(N2CCN(c3cc(C4CCC4)ncn3)CC2)c1;COc1ccc2c(c1)CN(c1cc(N3CCCC(C)C3)ncn1)C2;COc1ccc2[nH]cc(C3CCN(Cc4ccnn4C)CC3)c2c1;Cc1cccc(N2CCN(C(=O)c3ncnc(C)c3C)CC2)c1C;Cc1cnc(NCc2ccc(C(=O)N3CCCCC3)cc2)nc1C;Cc1ccc(C)c(CN2CCC(C(=O)Nc3ncccn3)CC2)c1;Cc1cnc(C)c(N2CCN(C(=O)Cc3ccccc3C)CC2)n1;Cc1cnc(NCC2CCN(C(=O)c3ccccc3)CC2)nc1C;Cc1ccc(C)c(CC(=O)N2CCN(c3ccnc(C)n3)CC2)c1;Cc1cnc(C)c(N2CCCC(CNC(=O)c3ccccc3)C2)n1;Cc1cnc(N2CCCC(CNC(=O)c3ccccc3)C2)nc1C;CC(C(=O)N(C)C1CCN(c2ncccn2)CC1)c1ccccc1;Cc1cccnc1OCC1CCN(c2ncnc3c2CCC3)CC1;Cc1cnc(C(=O)NCc2ccccc2CN2CCCCC2)cn1;Cc1nc2c(c(N3CCCC(COc4ccncc4)C3)n1)CCC2;COc1ccc(-c2ccnc(NC3CCN4CCCC4C3)n2)cc1;c1ccc(OC2CCN(c3cc(NCC4CC4)ncn3)CC2)cc1;CCc1ccccc1CNC(=O)C1CCN(c2cnccn2)CC1;Cc1cc(N2CCC(N(C)C(=O)c3ccccc3)CC2)nc(C)n1;OC(CN1CCOCC1)CN1CCN(c2ccc(F)cn2)CC1;CN(C)Cc1ccnc(NC(=O)C2CCN(c3ccccc3)C2)c1;CCc1ccc(C(=O)Nc2ccc(N3CCN(C)CC3)cn2)cc1;Cc1nnccc1NC(=O)N1CCC(CCc2ccccc2)CC1;Cc1cccc(OCC2CCCN(c3cc(C4CC4)ncn3)C2)n1
m_de93b1,Cc1cc(C)nc(NS(=O)(=O)c2cnn(-c3ccccc3F)c2)n1;Cc1ccc(-n2nc(C)cc2NS(=O)(=O)c2ccc(F)cc2)nn1;Cc1cc(NS(=O)(=O)c2c(C)cccc2F)n(-c2ncccn2)n1;Cc1ccc(-n2cnnn2)cc1NS(=O)(=O)c1cccc(F)c1C;CS(=O)(=O)c1ccccc1C(=O)NCc1ccc2c(c1)OCCO2;CCN(c1cccc(F)c1)S(=O)(=O)c1cccc(-n2cnnn2)c1;Cc1cccc2c1CCN2S(=O)(=O)c1ccc(OCC(=O)O)cc1;COCc1ccc(S(=O)(=O)N2c3ccccc3CC2C(=O)O)cc1;O=S(=O)(Cc1nc(C2CC2)n[nH]1)c1nccn1-c1cccc(F)c1;O=C(O)c1ccccc1CCNS(=O)(=O)c1ccc2c(c1)CCO2;O=C(O)COc1ccc(S(=O)(=O)Nc2ccc3c(c2)CCC3)cc1;CCS(=O)(=O)c1ccc(O)c(NC(=O)c2ccc3c(c2)CCO3)c1;O=C(O)c1cccc(CCNS(=O)(=O)c2ccc3c(c2)CCO3)c1;COc1ccc(S(=O)(=O)NCC2(C(=O)O)CCOCC2)cc1F;COc1ccc(C(=O)O)cc1S(=O)(=O)NCC1Cc2ccccc21;Cc1c(NS(=O)(=O)c2ccc3c(c2)CC(C)O3)cccc1C(=O)O;COCCC1COCCN1S(=O)(=O)c1ccc(C(=O)O)c(F)c1;O=C(O)C1(NS(=O)(=O)c2ccccc2-c2ccccc2)CCOC1;CS(=O)(=O)c1cccc(C(=O)Nc2ccc3c(c2)OCCCO3)c1;COC(=O)C1CC(OC)CN1S(=O)(=O)c1cc(F)ccc1OC;O=C(O)c1cccc(CNS(=O)(=O)c2ccc3c(c2)CCCO3)c1;COc1cc(C)c(S(=O)(=O)NC2CCCS(=O)(=O)C2)c(C)c1;CC(C)(C)c1sc(C(=O)O)cc1S(=O)(=O)N1CCCC1CO;O=C(CS(=O)(=O)Cc1cccc2c1OCCO2)Nc1ccccc1;CS(=O)(=O)c1cccc(C(=O)NC(Cc2ccccc2)C(=O)O)c1
m_ded5eb,CC(=O)NC(Cc1c[nH]c2ccccc12)C(=O)N1CCC(O)C1;CCn1nc(C(=O)N2CCC(OC)CC2)c2ccccc2c1=O;COC(=O)CCCNC(=O)N1CCC2=C(C1)NC1=CC=CC=C21;CC(=O)N1CC(O)CC1C(=O)NCCc1cccc2[nH]ccc12;O=C(NCCC1=CNC2=CC=CC=C12)C(=O)NCC1CCCO1;COC(=O)C1CCCCN1CCn1cnc2ccccc2c1=O;COC1=CC=C2NC=C(CCNC(=O)C3CCCNC3=O)C2=C1;CC1(C)CCCN1C(=O)CCn1c(=O)[nH]c(=O)c2ccccc21;CCCn1cc(C(=O)N2CCOC(C(N)=O)C2)c2ccccc21;CC(C)[C@H](NC(=O)N1CCC2=C(C1)NC1=CC=CC=C21)C(=O)O;CC(=O)N1CC[C@@H](CC(=O)O)[C@@H](CC2=NC3=CC=CC=C3N2)C1;CC(=O)N1CC(O)CC1C(=O)NCCc1cc2ccccc2[nH]1;CNC(=O)C1CCCN(C(=O)CN2Cc3ccccc3C2=O)C1;Cn1nc(C(=O)N(CC(=O)O)C2CCCCC2)c2ccccc21;CC1CCCN(Cc2nc3ccccc3c(=O)n2C)C1C(=O)O;NC(=O)C1CCN(c2cc(O)n(Cc3ccccc3)c2O)CC1;COC1CC(C(N)=O)N(C(=O)CCn2ccc3ccccc32)C1;CCCCNC(=O)COC1=CC=C2N=C3CCCN3C(=O)C2=C1;CC(Cn1ncc2ccccc2c1=O)NC(=O)C1(O)CCCC1;NC(=O)CC1(O)CCCN(Cc2cc3ccccc3[nH]c2=O)C1;CNC(=O)C1CCCN1C(=O)Cn1ccc2cc(OC)ccc21;COc1cc(OC)cc(N2CCC(NCc3ccc[nH]3)C2=O)c1;CNC(=O)C1CCCCN1C(=O)CC1C(=O)Nc2ccccc21;COCC(=O)N1CCN(c2ccnc3ccc(OC)cc23)CC1;COc1ccc(CNC(=O)c2cn3c(n2)CCCC3)cc1OC
m_e138be,CCn1c(CN2CCC(O)CC2)nc2cc(F)ccc21;CC(O)CN1CCN(c2cccc(F)c2C#N)CC1C;CCn1c(CN(CCO)C2CC2)nc2cc(F)ccc21;Cn1c(N2CCCCC(CO)C2)nc2c(F)cccc21;CC(O)CN1CCN(Cc2ccc(F)cc2C#N)CC1;CCOC1CCCN(Cc2nc3c(F)cccc3[nH]2)C1;CC1CN(c2ccccc2F)CCN1C(=O)NC1CC1;CC(O)CN1CCN(Cc2cc(C#N)ccc2F)CC1;COCCN1CCN(c2cccc(F)c2C#N)CC1C;CC(C)N1CCC(Nc2nc3cc(F)ccc3o2)CC1;CN1CCN(C(=O)C2CCC(N)C2)c2ccc(F)cc21;CNc1ccc(C(=O)N2CCCC3CNCC32)cc1F;COCCN1CCN(Cc2ccc(F)cc2C#N)CC1;CCCCNC(=S)N1CCCC[C@H]1C1=CC=CN=C1;CCC(CC(C)CO)Nc1ncnc2ccc(F)cc12;N#Cc1ccc(N2CCC(Cc3ccccc3)CC2)nc1;O=C(Nc1ccc(F)nc1)N1CC(C2CCCCC2)C1;CCN(CC)CCNc1nc2c(C)ccc(C)c2s1;CCN(Cc1nc(C(C)(C)C)no1)c1cccc(F)c1;CC(C)C1c2ccccc2CCN1c1cccc(C#N)n1;NC1=CC=CN=C1SC[C@@H]1CCCN2CCCC[C@H]12;C(/C=C/C1=CC=NC(N2CCCC2)=N1)=C\C1=CC=CC=C1;CC(C)C(Nc1ncnc2ccc(F)cc12)C(C)(C)O;NC1=CC=C(SC[C@@H]2CCCN3CCCC[C@H]23)N=C1;CC(C)c1nnc(CNC(C)(C)c2ccc(F)cc2)o1
m_e17598,CNCC1=CN(C[C@H]2O[C@@H](CC(=O)NC(C)C)[C@H](O)[C@@H]2O)N=N1;COCc1ccc(CNc2cccnc2N2CCC(O)CC2)cc1;CCC(OC1CCCC1)C(=O)NCc1ccccc1-n1ccnc1;CC1OCCCC1C(=O)Nc1cc(-c2ccccc2)nn1C(C)C;CN(C)[C@@H]1C[C@@H](O)[C@H](CO)[C@H]1CC1=CC=NC(C2=CC=CC=C2)=N1;Cc1nn(-c2ccccc2)c(C)c1C1OCCC1C(=O)NC(C)C;COc1cccc2c(N3CCCC(CCC(N)=O)C3)c(C)cnc12;CN1C[C@@]2(C)CN(C(=O)C3=CC4=CC=CC=C4N3)C[C@@](C)(C1)C2O;CC(C)c1cc(C(=O)N(C)CC2CC(O)C2)nn1-c1ccccc1;COCC(=O)N[C@@H]1C[C@H](CN2C=C(CN(C)C)N=N2)[C@@H](O)[C@H]1O;O[C@@H]1C[C@@H](C2=NC(CC3=CC=CC=C3)=NO2)N(C2CCCCC2)C1;CCc1noc(CC)c1CC(=O)N1CC(N)C(c2ccccc2)C1;O=c1c2ccccc2ncn1CC1CCN(CC2CCCO2)CC1;CCC(CC)n1nc(C(=O)NC2CCOc3ccccc32)cc1C;CC(C)NC(=O)C1CCN(c2nc3ccccc3cc2CO)CC1;CCC(Oc1ccccc1C)C(=O)N1CCCC(c2ncc[nH]2)C1;O=C(CC1CCOCC1)Nc1nc2ccccc2n1C1CCCC1;O=c1c2ccccc2nc(N2CCC3CCCCC3C2)n1CCO;CC1=CC=CC(C2=NOC([C@@H]3C[C@@H](O)CN3C3CCCCC3)=N2)=C1;Cc1cccc(C)c1C(=O)NC1CCc2c(nc(C)n2CCO)C1;Cc1cc(C)cc(-n2nc(C(=O)N3CCC(C)(O)CC3)cc2C)c1;COC1=CC=CC=C1C1=CN2C[C@H](CNC3CCCC3)OCC2=N1;OC1CCCCC1C1CCCN1Cc1nnc(-c2ccccc2)o1;CCOc1ccc(CCC(=O)Nc2c(C)cnn2CC2CC2)cc1;Cc1cccc2ncnc(N3CCCC3C3COCCC3(C)O)c12
m_e1bfd4,Cn1cc(C2CC2C(=O)Nc2ncccc2CO)cn1;Cc1cc(NC(=O)C2CCCO2)n(-c2ccccn2)n1;O=C(NC[C@H]1CN2C=CN=C2CO1)NC1=CC=CC=C1;O=c1cc(C2CCC2)ncn1Cc1nc(C2CC2)no1;NC1=N[C@H]2[C@H](CO)N=C(N)N3CC(O)C(O)(O)[C@]23N1;O=C(NCC1CCCC1O)c1nnc2ccccc2n1;O=C(NCCc1n[nH]c(=O)[nH]1)C1CC1c1ccccc1;O=C(c1ccc(-n2ccnn2)cc1)N1CCCC1CO;Cc1noc(CNc2ccccc2N2CCCC2=O)n1;O=C(NCC1CCOC1)c1cn(-c2ccccc2)nn1;O=C(c1cccnc1O)N1CCCC(c2ccn[nH]2)C1;Cn1cc(C(=O)NC2CCC2O)c(-c2cccnc2)n1;O=C(Nc1cnn2ccccc12)N1CC2C(CO)C2C1;O=C(Nc1cc(C2CCCC2)[nH]n1)c1ccc(O)nc1;Cc1cc(C(=O)N2CCC(c3nnc[nH]3)C2)ccc1O;NCC1CCCN1C(=O)c1ccc(-c2ncon2)cc1;CCn1nncc1C(=O)NCC1Cc2ccccc2O1;Cc1ccc(C(=O)Nc2ccn(CCC(N)=O)n2)cc1;CCn1nncc1C(=O)N1CCc2ccc(O)cc2C1;O=C(NC(Cc1ccccc1)c1n[nH]c(=O)[nH]1)C1CC1;CC(NC(=O)Nc1nccn(C)c1=O)c1ccccc1;Cc1cc(NC(=O)N2CCCC2c2cccnc2)no1;O=C(NCc1cc[nH]n1)NC1c2ccccc2CC1O;Cc1ccoc1C(=O)N1CCCC1c1ccc(N)nn1;CCc1nc(Cn2c(=O)n(CC)c3ccccc32)no1
m_e1d7ad,CCN(CC)CCN1C=NC2=C1C(=O)N(C)C(=O)N2C;CCc1ncnc(N2CCC(C3CCCO3)CC2)c1F;CCn1nncc1C(=O)N1CCOC2CCN(C)CC21;CCC1C(=O)N(CC)CCN1C(=O)c1cnnn1CC;CC(C(=O)O)N1CCN(c2ccnc(N(C)C)n2)CC1;CC1CN(C(=O)Cc2nc[nH]n2)CC1N1CCOCC1;CCC1CN(C(=O)c2c[nH]nn2)CC1N1CCOCC1;CC1CC(N2CCOCC2)CN1C(=O)Cc1nc[nH]n1;CCc1noc(CN2CCC(N3CCNC3=O)CC2)n1;Cc1cc(N2CCOC(CN(C)CC(N)=O)C2)ncn1;CCCNC1=NC2=C(C(=O)N(C)C(=O)N2C)N1CCC;Cc1cc(N2CCOC(CCF)C2)nc(C2CCC2)n1;CCCCCN1C(N(C)C)=NC2=C1C(=O)NC(=O)N2C;O=C(Cc1nc[nH]n1)N1CCCC1CN1CCOCC1;CC(C)CN1CCN(C(=O)c2cnn(C)n2)C(C)C1=O;CCNC(=O)CC1CCCCN1C(=O)c1cnnn1C;CC(C)(C)OC(=O)N1CCN(c2ncc(N)cn2)CC1;COCCN1C[C@H]2CN(CC3=NC=CN3)CCN2C1=O;CN1CCC(NCC2=NOC([C@@H]3CCC(=O)N3)=N2)CC1;CNC(=O)CN1CCC(NC(=O)c2c[nH]c(C)n2)CC1;COCCN1C(=O)NC2CN(Cc3cc[nH]n3)CCC21;CCn1nc(C)c(NC(=O)CN2CCNCC2=O)c1C;CCn1nncc1C(=O)N1CCNC(=O)C1CC(C)C;CCCNC1=NC2=C(C(=O)N(C)C(=O)N2C)N1C(C)C;CCN1CC(C(=O)Nc2ncnn2C(C)(C)C)CC1=O
m_e1f9f4,NC(=O)CC(NCC(O)COP(=O)(O)O)C(=O)O;NCC(=O)N[C@H]1O[C@H](COP(=O)(O)O)[C@H](O)[C@H]1O;O=C(O)C1N=C(O)[C@H](CC2=CC=C([O-])C=C2)N=C1O.[Na+];CN1CCC(NC(=O)c2cc(F)cc(Cl)c2O)C1=O;O=C1CN(C(=O)COc2ccc(F)cc2Cl)CCN1;O=C1CCC(C(=O)NCCc2ccc(Cl)s2)CN1;NC(=O)CC1CCN(C(=O)c2ccc(Cl)s2)CC1;CNC(=O)NC(=O)C(C)SCc1ccccc1Cl;O=C(Cc1ccon1)Nc1ccc(O)c(C(F)(F)F)c1;COC(=O)CC1=C(SC)C(=O)C(OC)=C(OC)C1=O;O=c1[nH]c(Cc2cccc(O)c2)nc2ccc(Cl)cc12;O=C(O)CCS(=O)(=O)c1ccc2c(c1)OCCCO2;O=C1NC2=CC=C(Cl)C=C2C(C2=CC=CC=C2)=NC1O;O=C1CN(C(=O)c2ccc(Cl)cc2)c2ccccc2N1;O=C1C2=[N+]([O-])ON=C2N=CN1[C@@H]1O[C@@H](CO)[C@@H](O)[C@@H]1O;O=C1N=C(c2ccccc2)c2cc(Cl)ccc2NC1O;O=C(O)C1=CC=C(CSC2=NC=NC3=C2N=CN3)C=C1;O=C(O)CSc1ccc2nnc(-c3ccccc3)n2n1;COC(=O)CCS(=O)(=O)c1ccc2c(c1)OCCO2;O=C1CN(O)C(c2ccccc2)=c2cc(Cl)ccc2=N1;O=C1CC(=O)N(c2ccccc2)c2cc(Cl)ccc2N1;OC1=CC(O)=NC(NC2=NC(C3=CC=CC=C3)=CS2)=N1;O=C1C[N+]([O-])=C(c2ccccc2)c2cc(Cl)ccc2N1;Cn1nncc1C=Cc1nc2ccc(C(=O)O)cc2s1;NC(=O)Nc1ccc(-c2noc(-c3ccsc3)n2)cc1
m_e2993b,O=C(O)c1sccc1CN1CCCCCC1CO;COCC1CCCN1Cc1ccc(C(=O)OC)s1;CC1CN(CCCC(=O)O)CC(c2ccsc2)O1;Cc1cc(CCCC(=O)NCCC(=O)O)c(C)s1;COC(=O)c1ccc(CNC2CCCCC2O)s1;CCC(CC)(CNC(=O)c1sccc1C)C(=O)O;CC(=O)C1=C(C)N(CC2=CC=CO2)C2=CC=C(O)C=C12;Cc1occc1[S+]([O-])CC(=O)N1CCC(C)CC1;CCN(C(=O)c1cccc2c1OCO2)c1ccccc1;CC(C)(C)CC(=O)NC(CC(=O)O)c1cccs1;CCC(C)(CC(=O)O)NC(=O)CCc1ccsc1;CCC(C)C(NC(=O)Cc1ccc(C)s1)C(=O)O;O=C(O)C1=CC=CC=C1C(=O)NCCC1=CC=CC=C1;CSCCCNC(Cc1ccc(O)cc1)C(=O)O;Cc1ccsc1C(=O)NC(C)(C)C(C)(C)C(=O)O;COc1ccc(CNC(CCSC)C(=O)O)cc1;O=C(O)C1CN(C(=O)Cc2cccc3ccccc23)C1;CN(C)CC1=C(O)C=CC2=C1OC(=O)C1=CC=CC=C12;COc1ccccc1C(=O)N1CCOc2ccccc21;O=C(NCCC1=CC=CC=C1)C1=CC=C2OCOC2=C1;O=S(=O)(CCN1CCCC1CO)c1ccccc1;NCC(=O)NCC(=O)NC(CC1=CN=CN1)C(=O)O;CN(C)C(=O)[S+]([O-])CCCCOC1=CC=CC=C1;CC1=CC(C)=CC(C[N+]2=C(N)SC3=CC=CC=C32)=C1;O=C(NCCOC(=O)C1=CC=CC=C1)C1=CC=CC=C1
m_e3b936,COc1cc(Cl)c(C)cc1NC(=O)c1cn(Cc2ccccc2)nn1;COc1ccc(C(=O)NCCc2csc(-c3ccccc3)n2)cc1F;O=C(O)C[C@H](NC(=O)C1=CC=CC=C1NC(=O)C1=CC=CC=C1)C(=O)O;O=C(CCC(NCc1ccccc1O)C(=O)O)NC(CS)C(=O)O;CCOc1ccc(-n2nnc(C(=O)Nc3ccccc3Cl)c2C)cc1;COc1cc(Cl)cc(C(=O)NCCc2cnn(-c3ccccc3)n2)c1;O=C(O)CCC(=O)NC1=CC=C(C(=O)NC2=CC=CC=C2C(=O)O)C=C1;CCn1ncc(NC(=O)NCc2cccc(C(=O)O)c2)c1C(F)(F)F;CCn1cc(Cl)c(C(=O)NCc2cccnc2Oc2ccccc2)n1;CCc1ccc(O)c(NC(=O)c2nnn(-c3ccccc3Cl)c2C)c1;COc1ccc(Br)cc1CN(C)C(C)C(=O)NCC(C)C;CCc1ccc(NC(=O)Cn2c(-c3cccc(F)c3)csc2=O)cc1;COc1cc(C(=O)Nc2ccc3c(c2)oc(=O)n3C)cc2c1OCCO2;COc1cc(Cl)cc(C(=O)NCCc2nc(-c3ccccc3)n[nH]2)c1;COc1ccc(Br)cc1CN(C)C(C)C(=O)NC(C)(C)C;CC(=O)N(C)c1ccccc1NCc1nc(-c2cccc(Cl)c2)no1;CCc1nnc(CNc2ccccc2C(=O)Nc2ccc(Cl)cc2)o1;COc1cccc(C(C(=O)O)N2CCn3c(nnc3C(F)(F)F)C2)c1;CC(C)(C)C(=O)N1CCC(C(=O)Nc2ccc(Cl)c(Cl)c2)CC1;COCC(=O)N1CCN(S(=O)(=O)C2=CC=CC=C2)[C@@H](C(=O)OC)C1;O=C(CCc1ccc(Cl)cc1Cl)N1CC(O)C(N2CCCC2)C1;NC(=O)C1CCOC1C1CCN(Cc2c(Cl)cccc2Cl)CC1;O=C1N[C@@](O)(CC2=CC=CC=C2)C(=O)N[C@]12OC1=C(O)C=CC=C1[C@H]2O;O=C1Cc2cc(CNC(=O)c3c(C(F)F)nc4ccccn34)ccc2N1;COC(=O)[C@H]1CN(C(=O)C2=CC=C(OC)C=C2)CCN1S(C)(=O)=O
m_e44302,O=C(c1ccncc1)N1CCN(S(=O)(=O)c2cccc(Cl)c2)CC1;COCCn1cc(NS(=O)(=O)c2ccc(OC(F)(F)F)cc2)cn1;COc1ccccc1-c1cc(NS(=O)(=O)c2cc(F)cc(F)c2)[nH]n1;C[C@@H]1CC2=CC=CC=C2N1NC(=O)C1=CC=C(Cl)C(S(N)(=O)=O)=C1;O=C(c1cccc(Cl)c1)N1CC(S(=O)(=O)NCc2cccnc2)C1;CC1=CC=CC=C1N1C(=O)C2=CC(S(N)(=O)=O)=C(Cl)C=C2N[C@@H]1C;Cc1ccc(F)c(S(=O)(=O)NCc2noc(-c3cccc(F)c3)n2)c1;NS(=O)(=O)CC1CCN(C(=O)NCCc2ccc(Cl)s2)CC1;O=S1(=O)N[C@@H]2CN(CC3=CC=CC=C3Cl)C[C@@H]2OC2=NC=CC=C21;O=C(COc1cc(Cl)ccc1Cl)N1CCOC(c2ccccc2)C1;CNC(=O)C1CN(C(=O)CSc2nnc(N)s2)c2ccccc2O1;NC1=NC(=O)N([C@@H]2O[C@H](COP(=O)(O)CC(=O)O)C(O)C2O)C=C1;O=C(Nc1ccccc1OCC1CCCO1)c1cc(Cl)cc(Cl)c1;COC(=O)C1CCN(C(=O)C2CC2c2cccc(Br)c2)CC1;NC(=O)C1(O)CCCN(C(=O)c2csc(-c3cccc(Cl)c3)n2)C1;O=C(NC1CCCNC1=O)c1csc(COc2ccc(Cl)cc2)n1;CCOC(=O)C(C)N(C(=O)c1ccccc1)c1ccc(Cl)c(Cl)c1;O=C1NC(=O)N(C2=C(C3=CC=CC=C3)OC(C3=CC=CC=C3)=N2)C=C1Cl;O=C(C1=NO[C@H]2C(=O)N(C3=CC=CC([N+](=O)[O-])=C3)C(=O)[C@@H]12)C1=CC=CC=C1;CC1=CC(=O)OC2=C3C(=O)/C(=N\NC4=CC=CC=C4[N+](=O)[O-])OC3=CC=C12;O=C(Nc1ccc2nncn2c1)c1csc(-c2ccc3c(c2)OCO3)n1;CC(C)C(=O)Nc1cccc(C(=O)OCc2ccc(Cl)c(Cl)c2)c1;CC1=CC(=O)OC2=C3C(=O)/C(=N\NC4=CC=CC([N+](=O)[O-])=C4)OC3=CC=C12;CC1=CC(=O)OC2=C3C(=O)/C(=N\NC4=CC=C([N+](=O)[O-])C=C4)OC3=CC=C12;C/C(=N\N=C1/C(=O)NC2=CC(Cl)=CC=C12)C1=CC2=CC=CC=C2OC1=O
m_e4865d,CCCCCC=CCNC(CCC(N)=O)C(=O)O;CCCCCC=CC(=O)NC(CCCN)C(=O)O;O=C(O)CCCCCNC(=O)NC1CCCCC1;CC(C)C(NC(=O)CNC1CCCCC1)C(=O)O;CC(=O)NC(CCCCNC1CCCC1)C(=O)O;CC1(C)CCC(NC(=O)C(N)CCC(=O)O)CC1;CC1(C)CCC(CC(=O)NCCOC(N)=O)CC1;CCCN1CCCCC1C(=O)N(C)CCC(=O)O;CC(C)=CCCC(C)CNC(CC(N)=O)C(=O)O;CC(C)CCC(=O)N1CCN(CCC(=O)O)CC1;CC(C)[C@@H](N)C(=O)NC[C@H]1CC[C@H](C(=O)O)CC1;CC1(C)CCCCC1CC(=O)NCCOC(N)=O;CC[C@H]1CN(C(=O)NC(C)C)CC[C@H]1CC(=O)O;COC(=O)CCCNC(=O)N(C)C1CCCCC1;CC1CC(C(=O)NCCOC(N)=O)CC(C)(C)C1;CC(C)C[C@H](NC(=O)NC1CCCCC1)C(=O)O;CC(=O)NC[C@H]1OC[C@@H](NC2CCCCC2)[C@@H]1O;CCC1CCCCN1C(=O)CN(C)C(C)C(=O)O;CCN1CCOCC1C(=O)NCC1(CCO)CC1;COC1CC(CO)N(CC(=O)NC2CCCC2)C1;CC[C@@H](C)[C@H](NC(=O)N1CCCCC1)C(=O)OC;CCN(CC)C[C@@H]1OC[C@H](NC(=O)C2CC2)[C@H]1O;CC(C(=O)O)N(C)CC(=O)N1C(C)CCCC1C;CC(=O)N[C@@H](CC(C)C)C(=O)N[C@H](C=O)C(C)C;O=C(CN1CCOCC1)NCC1(O)CCCCC1
m_e5050e,CCOc1ccccc1C(=O)N1CCN(C(=O)C2(C(=O)O)CC2)CC1;CCOc1ccccc1C(=O)N1CCN(CC(O)C(F)(F)F)CC1;Cc1ccccc1OCC(=O)N1CCN(CC(O)C(F)(F)F)CC1;COc1ccccc1OCCNC(=O)Cn1cc(OC)c(=O)cc1C;CC(=O)NC1CCN(CCOc2ccc(OC(F)(F)F)cc2)CC1;COC1=CC=CC=C1CCNC(=O)CN1C=C(OC)C(=O)C=C1CO;Cc1cccnc1OCC1CCN(C(=O)c2c(F)cccc2F)CC1;CC(O)CN1CCN(C(=O)Cc2ccc(OC(F)(F)F)cc2)CC1;CC(OC1=CC=C2C=CC(=O)OC2=C1)C(=O)NCCN1CCOCC1;CC1=C(CC(=O)N2CCN(CCO)CC2)C(=O)OC2=CC(O)=CC=C12;COC1=CC=C(CCNC(=O)CN2C=C(OC)C(=O)C=C2CO)C=C1;COCCn1cc(C(=O)N2CCOC(CC(=O)O)C2)c2ccccc21;COC(=O)N1CCC(CNC(=O)c2cc3cccc(OC)c3o2)CC1;COc1ccc(CC(=O)N2CCN(c3ccccc3F)CC2)cc1F;CC1=CC(=O)OC2=CC(OCC(=O)NCCN3CCOCC3)=CC=C12;CC(=O)N1CCCN(CCOc2ccc(OC(F)(F)F)cc2)CC1;COCC1(C(=O)O)CCCN1C(=O)CN1C(=O)CCc2ccccc21;CCOC(=O)N1CCN(CC2=CC(=O)OC3=C(C)C(O)=CC=C23)CC1;COc1cc(NC(=O)CN2CCCC(C(F)(F)F)C2)cc(OC)c1;CCc1ccccc1N1CC(C(=O)N2CCOCC2C(=O)O)CC1=O;COC1=CC=C(CCNC(=O)CN2C(C)=CC(O)=CC2=O)C=C1OC;Cc1c(Cl)c(CN2CCC(NC(=O)c3ccccc3)CC2)nn1C;O=C(COC1=CC=C2C=CC(=O)OC2=C1)NCCCN1CCOCC1;CCOC(=O)N1CCN(CC2=CC(=O)OC3=CC(C)=C(O)C=C23)CC1;CC1(C(=O)OCCCn2c(=O)[nH]c3ccccc3c2=O)CCOCC1
m_e58af8,Cn1ccc(C(=O)Nc2cc(Cc3ccccc3)ccc2O)cc1=O;COc1ccc(C(=O)Nc2ccc(O)c(C)c2)cc1-c1ccccn1;CCC1=CC2=C(C=C1O)OC(C)=C(C1=NC3=CC=CC=C3N1C)C2=O;COc1cc(CNC(=O)c2ncc(F)cc2C)cc(OC)c1OC;COC1=CC(C2NC3=CC=CC4=CC=CC(=C34)N2)=CC=C1OC(C)=O;CN(CCC#N)CC1=CC(=O)OC2=CC(C3=CC=CC=C3)=C(O)C=C12;Cc1ccc(Oc2ccc(NC(=O)c3ccn(C)c(=O)c3)cc2)cc1;COc1ccc(Cc2nc(O)c3n(c2=O)Cc2ccccc2C3)cc1;CC(C)C1=C(C2=NC3=CC=CC=C3N2C)C(=O)C2=CC=C(O)C=C2O1;CC(NC(=O)C1=C(O)C2=CC=CC3=C2N(CC3)C1=O)C1=CC=CC=C1;COc1ccccc1C(=O)Nc1cccn(Cc2ccccc2)c1=O;C[C@H](NC(=O)C1=C(O)N2CCC3=C2C(=CC=C3)C1=O)C1=CC=CC=C1;Cc1ccc(Oc2ccccc2NC(=O)c2ccn(C)c(=O)c2)cc1;COC1=CC=C2N=CC(C(=O)N3CCC4=CC=CC=C4C3)=C(O)C2=C1;COc1ccc(C(=O)Nc2cccn(Cc3ccccc3)c2=O)cc1;COC1=CC=C2C(O)=C(C(=O)N3CCC4=CC=CC=C4C3)C=NC2=C1;CN(C(=O)c1ccc(=O)n(C)c1)c1ccccc1Oc1ccccc1;CCOc1ccc(-c2cc(=O)n(CC(=O)c3ccccc3)cn2)cc1;O=C(NCCC1=CC=CC=C1)C1=C(O)C2=CC=CC3=C2N(CC3)C1=O;COC1=CC=CC2=C(O)C(C(=O)N3CCC4=CC=CC=C4C3)=CN=C12;O=C(NCCC1=CC=CC=C1)C1=C(O)N2CCC3=C2C(=CC=C3)C1=O;CCN1C=C([C@H]2CC(=O)N(C3=CC=C(O)C=C3)C2=O)C2=CC=CC=C21;CC(=O)Oc1ccccc1-n1c(C)nc(=O)c(-c2ccccc2)c1C;CCN(CC)C1=CC=C2C=C(C3=NC4=CC=CC=C4O3)C(=O)OC2=C1;Cc1ccc(F)c(N2CCCC(NC(=O)C3(C(=O)O)CC3)C2=O)c1
m_e5b5fa,Cc1cccc(CN2C(C(=O)O)CC3CCCCC32)c1;CC(C)(O)C1CCCN1C(=O)C1CC1c1ccccc1;C[C@H](C1=CC=C(C=O)C=C1)[C@H]1C[C@H](CCCO)[C@@H]2CN12;Cc1cn2c(n1)CCC(NC(=O)Cc1cnn(C)c1)C2;Cc1cnn(CC(=O)Nc2ccnn2C2CCCC2)c1;CCCCCCCC(=O)NC(CCC(=O)O)C(=O)O;CC(=O)O[C@@H]1C[C@@H]2CC[C@H]([C@H]1CC1=CC=CC=C1)N2C;CCCCCCCCC(=O)NC(CC(=O)O)C(=O)O;CCCCCCC(=O)NC(CCCC(=O)O)C(=O)O;CC(C)=CCC/C(C)=C/CC1=CC(C(=O)O)=CC=C1N;CC(C(=O)OC1CC2CCC(C1)N2C)C1=CC=CC=C1;CCN1CCN(C(=O)c2cc[nH]c2)CC1c1ncc[nH]1;CNC(=O)CN1CCC(Nc2ccc(C#N)cn2)CC1;CC1=CC(C)=CC(C(=O)OC2C[C@H]3CC[C@@H](C2)N3C)=C1;CCn1cc(C2OCCC2CNc2cnccn2)cn1;CC(=O)C[C@@H]1C=CC[C@@H](C[C@H](O)C2=CC=CC=C2)N1C;Cc1ccc(-n2nnnc2NC2CCC(O)CC2)cc1;Cc1cncc(CN2CCC(O)(Cn3ccnn3)C2)c1;CCCCCC(=O)NC(CCCNC(N)=O)C(=O)O;Cc1ccccc1C1(C(=O)N2CC(C)C(CO)C2)CC1;C=C(C(=O)OCC)[C@@H]1CC[C@@H](C)C2=CC=C(C)N=C2C1;CCC1CCCCCN1C(=O)c1ccc2nnnn2c1;Cn1cncc1CN1CCC(c2nc(C3CC3)no2)C1;CCc1nnc(CC2CCC(Nc3cnccn3)C2)o1;CC(c1cccnc1)N1CCOC(Cn2ccnn2)C1
m_e6b2c8,COc1ccc(CC(=O)N2CCC(N3CCCCC3=O)CC2)cc1;COc1ccccc1CC1CCCN1C(=O)C1CCN(C)C(=O)C1;Cc1ccc(CC(=O)N2CCN(C(=O)C3CCCCO3)CC2)cc1;CN1CC(C(=O)N2CCC(OCCCc3ccccc3)C2)CC1=O;COCCN1C(=O)[C@@H]2C[C@@H](CN2C2CCCC2)OC2=CC=CC=C21;COCCN1CC[C@@H]2CN(C(=O)C3=CC=CC=C3)CC[C@H]2CC1=O;CN1CCCC1C1CCCN1C(=O)CCc1ccc2c(c1)OCO2;Cc1ccccc1C(=O)NCC(=O)N1CCC(C2CCOCC2)C1;COCCn1c(C(=O)NC2CC(C)OC(C)C2)cc2ccccc21;CCOc1ccc(N2C(=O)CC(N3CCCCC3CC)C2=O)cc1;CNC(=O)C1CCN(C(=O)COc2ccc3c(c2)CCCC3)CC1;CCc1ccccc1CC(=O)N1CCC2OCCN(C(C)=O)C2C1;COc1ccc(C2(C(=O)N3CCN(C(C)=O)CC3)CCCC2)cc1;CC(=O)N1CC(C)CN(C(=O)CC2CCOCC2)c2ccccc21;CN(C)C(=O)C1CCCN1C(=O)COc1ccc2c(c1)CCCC2;CC(C)C1=CC=C2OC(=O)C=C(CN3CCN(CCO)CC3)C2=C1;CC(=O)N1CCCC1C1CCCN1Cc1cccc2c1OCCO2;CC(=O)N1CCOC2CCN(C(=O)Cc3c(C)cccc3C)CC21;COCCN1CC(C(=O)N2CCC(Cc3ccccc3)C2)CC1=O;COC(=O)c1ccc(CNC2CCN(C3CCCCC3)C2=O)cc1;CC(C)OCC(=O)N1Cc2ccccc2CC1C(=O)N1CCCC1;CC1CC(C)CN(C(=O)CCC(=O)N2CCOc3ccccc32)C1;CCc1ccccc1C(=O)N1CCC(C2OCCC2C(N)=O)CC1;C=CCOc1ccccc1C(=O)N1CCC(N2CCOCC2)CC1;Cc1cc(C)c(N2CCC(NC(=O)CC3CCCO3)C2=O)c(C)c1
m_e6bed4,Cc1ccc(CC(=O)N2CCN(C(C)C(=O)O)CC2)cc1;CC(C)(C(=O)N1CCN(CC(=O)O)CC1)c1ccccc1;CC1CCCN1CC(=O)NC(Cc1ccccc1)C(=O)O;O=C(O)CN1CCN(C(=O)CCCc2ccccc2)CC1;Cc1ccc(NC(=O)CN2CCC(C(=O)O)CC2)c(C)c1;CC(C(=O)N1CCCN(CC(=O)O)CC1)c1ccccc1;CC(=O)N[C@@H](CC1=CC=CC=C1)C(=O)N1CCC[C@H]1CO;CC[C@H]1CN(C(=O)NC2=CC=CC=C2)CC[C@H]1CC(=O)O;Cc1cc(C)cc(C(=O)N2CCN(CCC(=O)O)CC2)c1;Cc1ccccc1CC(=O)N1CCN(CCC(=O)O)CC1;CC(C)C(NC(=O)CNCC=Cc1ccccc1)C(=O)O;CC(c1ccccc1)N(C)C(=O)CN1CCC(C(=O)O)C1;CCN(C(=O)CN1CCCCC1C(=O)O)c1ccccc1;O=C(CN1CCCC1C(=O)O)NCCCc1ccccc1;CCN(C)C(C(=O)N1CCC(C(=O)O)C1)c1ccccc1;CC(C)NC(=O)c1ccc(C(=O)N2CCCC2CO)cc1;COC(=O)C(Cc1ccccc1)NC(=O)C1CCCN1C;CCC(C)[C@H](NC(=O)N1CCC2=CC=CC=C2C1)C(=O)O;Cc1ccccc1CNC(=O)CN1CCCC1(C)C(=O)O;Cc1cc(C)cc(NC(=O)CCC(=O)N2CCOCC2)c1;COC(=O)c1ccc(NCC(=O)N2CCCCCC2)cc1;CCC=CCCCNc1ccc(C(=O)NCC(=O)O)cc1;CC[C@H](C)[C@H](NC(=O)[C@@H]1CC2=CC=CC=C2CN1)C(=O)O;CC(C)c1ccc(C(=O)N2CCC(CC(=O)O)CC2)cn1;CN(C)CC1(NC(=O)Cc2cccc(C(=O)O)c2)CCC1
m_e73d71,COc1cccc(N2CCN(c3nc4ccccc4n3C)CC2)c1;Cc1ccccc1CC(=O)N1CC2CN(c3ncccn3)CC2C1;CCn1c(C(=O)N2CCC(c3ccn[nH]3)CC2)cc2ccccc21;CNc1ccc(C(=O)N2CCN(CC3CC3)c3ccccc32)cn1;Cc1ccc(N2CCC(N3CCc4nccc(N)c4C3)C2=O)cc1;COc1cccc2c(N3CCC(c4ccnn4C)CC3)ccnc12;O=C(Cc1ccc2c(c1)CCC2)N1CCN(c2ncccn2)CC1;Cc1cc(NCC2CCOC2c2nccn2C)c2ccccc2n1;Cc1ncc2c(n1)CN(CCC(=O)N1CCc3ccccc31)CC2;COc1ccc2nc(CN3CCC(c4cccc(C)c4)C3)[nH]c2n1;Cc1cccc(-c2nn3c(N4CCOCC4)cc(C)nc3c2C)c1;Cn1ccnc1CC1CCN(C(=O)c2cc3ccccc3[nH]2)CC1;CC(C)(C)NC(=O)C1CCN(c2cc(C#N)c3ccccc3n2)C1;O=C(N1CCC(c2nc(-c3ccccc3)n[nH]2)CC1)C12CC(C1)C2;O=C(c1ccnc(N2CCCC2)n1)N1CCC(c2ccccc2)C1;O=C1N(CC2=CC=CC=N2)C[C@H]2CN(CC3=CC=CC=C3)CCN12;CCCNC(=O)C1CCCN(c2cc(C#N)c3ccccc3n2)C1;O=C1CN(c2ncnc3c2CCCC3)CCN1Cc1ccccc1;Cc1c(CNCCc2cccnc2)c(=O)n(-c2ccccc2)n1C;CNc1ccc(C(=O)N2CCN(C3CC3)c3c(C)cccc32)cn1;O=C1N(CC2=CC=CN=C2)C[C@H]2CN(CC3=CC=CC=C3)CCN12;COc1ccc2ccccc2c1CN1CCCC(c2nnc[nH]2)C1;Cc1cc(C)n(C2CCCN(C(=O)c3ccc4cc[nH]c4c3)C2)n1;O=C(NC1CCCN(c2ncccn2)C1)c1cccc2c1CCC2;O=C(NC1CCN(c2ccccn2)C1)N1CCc2ccccc2C1
m_e77f56,O=C(O)c1cnc(C(=O)N2CCCC2CCc2ccccc2)cn1;COc1ccccc1N1CCC(NC(=O)Cc2ccncc2)C1=O;O=C(O)c1ccc(C(=O)NC2CCN(c3ccncc3)CC2)cc1;Cc1nc(-c2ccccc2)ncc1C(=O)N1CCCCC1C(=O)O;CC(=O)c1ccc(NC(=O)Cn2nc3c(cc2=O)CCCC3)cc1;O=C(O)CN(C(=O)c1nn(-c2ccccc2)c2c1CCC2)C1CC1;O=C(Nc1ncccc1O)C1CCCN1C(=O)Cc1ccccc1;COc1ccc(N2CC(C(=O)NCc3ccccn3)CC2=O)cc1;CN(c1ccccc1)c1ccc(C(=O)N2CCCC2C(=O)O)cn1;O=C(O)C1CCCN1C(=O)c1nn(-c2ccccc2)c2c1CCC2;O=C(Nc1ccccc1O)C1CCN(C(=O)c2cccnc2)CC1;O=C(O)c1cccc(N2CCCC(C(=O)Nc3ccccc3)C2)n1;CC(=O)N1CCCN(C(=O)c2ccc(=O)n(C)c2)c2ccccc21;CNC(=O)c1cc(C(=O)NC2CC2)cn(Cc2ccccc2)c1=O;CC(CCc1ccccc1)NC(=O)Cn1ccc(C(F)(F)F)n1;Cn1cc(C(=O)NCC(=O)N2CCCc3ccccc32)ccc1=O;O=C(NCCN1CCc2ccccc2C1)c1ccc(C(=O)O)nc1;Cn1ccc(C(=O)N2CCNC(=O)CC2c2ccccc2)cc1=O;Cn1nccc1-c1ccc(CCNC(=O)CCC(F)(F)F)cc1;Cc1ccc(N2CCC(NC(=O)c3ccn(C)c(=O)c3)C2=O)cc1;Cn1nc(C(=O)N2CCCCCC2C(F)(F)F)c2ccccc21;COC(=O)CCn1ccn2nc(-c3ccc(C)c(C)c3)cc2c1=O;CN1CCN(C(=O)CN(Cc2ccccc2)S(C)(=O)=O)CC1;O=C(Nc1ccncc1)C(Cc1ccccc1)N1CCCOC1=O;NC(=O)CC1CCN(C(=O)c2ncccc2Oc2ccccc2)C1
m_e7af25,COc1ccccc1C(=O)N1CCN(C(=O)c2cnccn2)CC1;Cc1cc(NC(=O)c2ccc(N3CCCC3)nn2)ccc1C(=O)O;CCn1cnnc1C1CN(C(=O)c2cc3ccccc3o2)CCO1;Cc1ccc(C(=O)N2CCN(C(=O)c3cnccn3)CC2)c(O)c1;COc1ccccc1N1CCN(CC(=O)Nc2cccnc2)C1=O;O=C(O)Cc1ccccc1NC(=O)c1ccc(N2CCCC2)nn1;CC(=O)c1ccc(NC(=O)c2cc(N3CCOCC3)ncn2)cc1;Cc1ccc2oc(C(=O)N3CCCC(c4noc(C)n4)C3)cc2n1;Cc1ccc2oc(C(=O)N3CCC(c4nc(C)no4)CC3)cc2n1;Cc1noc(COC2CCCN(C(=O)c3ccc(C#N)cc3)C2)n1;Cc1cc(C(=O)O)nc(N2CCCC(C(=O)c3ccccn3)C2)n1;CCc1n[nH]c(C2CN(C(=O)c3coc4ccccc34)CCO2)n1;COc1ccc(-c2nc(C#N)c(N3CCC(C(N)=O)CC3)o2)cc1;COC1=CC=C2NC3=C(N=CN(CCN4CCCC4=O)C3=O)C2=C1;O=C(c1cccc2c1OCCO2)N1CCN(c2ncccn2)CC1;O=C(Cc1ccccc1F)N1CCN(C(=O)c2ccccc2)CC1;Cc1nnc(C2COCCN2C(=O)Cn2ccc3ccccc32)o1;CCN(C(=O)c1cccc(F)c1)C1CCN(c2ccccc2)C1=O;CCS(=O)(=O)NCC(=O)N1CCN(Cc2cccnc2)CC1;CC(C)c1nnc(N2CCOC(C(=O)N3CCOCC3)C2)s1;O=C(O)c1cccc(C(=O)N2CCC(Nc3cccnn3)CC2)c1;CCc1nc(CNC(=O)NC2CCCN(C(=O)OC)C2)cs1;COc1cc(C(=O)NCC(=O)N2CCCc3ccccc32)ncn1;Cc1ccc(C(=O)Nc2ccccc2CN2CCSCC2)cc1;CCC(CO)N1CCN(C(=O)c2cc(Cl)ccc2OC)CC1
m_e80818,CCn1nncc1C(=O)N1CCN(c2ccccc2O)CC1;CC(C(=O)N1CCN(c2ccccc2O)CC1)n1cncn1;COc1ccnc(N2CCN(C(=O)c3c[nH]cc3C)CC2)n1;CCn1cnnc1C1CCN(C(=O)c2cccnc2O)CC1;COc1cc(C)nc(N2CCN(C(=O)c3ccc[nH]3)CC2)n1;COCc1cc(=O)nc(N2CCN(c3ccccn3)CC2)[nH]1;Cn1cnc(N2CCCC(COc3ncccn3)C2)cc1=O;Cn1cnc(N2CCC(COc3cnccn3)CC2)cc1=O;CCOc1ccc(-n2ncc(C(=O)N3CCCC3)c2C)nn1;CCn1cnnc1C1CCN(C(=O)c2ccc(O)nc2)CC1;COc1cccc(NC(=O)N2CCCC2Cn2cncn2)c1;Cc1ccc(OC2CCCN(C(=O)Cn3cccn3)C2)nn1;CN(CCn1cnnc1)C(=O)c1ccnc(OC2CCC2)c1;COc1ccnc(NC2CCN(C(=O)c3ccc[nH]3)CC2)n1;CC1CN(C(=O)Cn2nnc(-c3ccccc3)n2)CC(C)O1;COC(=O)C1CCN(Cc2nnnn2-c2ccccc2)CC1;COc1cccc2c1CCN(C(=O)NCc1ncnn1C)C2;COC1CC(C(N)=O)N(Cc2cnn(-c3ccccc3)n2)C1;COc1ncccc1CNC(=O)Nc1ccc(N(C)C)nc1;COC1CCN(C(=O)c2cn(CCc3ccccn3)nn2)C1;Cc1cccnc1C(=O)N1CCCC(O)(Cn2ccnn2)C1;Cn1nncc1NC(=O)N1CC(O)C(Cc2ccccc2)C1;Cn1cc(C(=O)NCc2cccc(N3CCOCC3)n2)cn1;Cn1nccc1C(=O)NCc1cc(OC2CCNC2)ccn1;CC1(C)COCCN1C(=O)Cn1nnc(-c2ccccc2)n1
m_e8359d,Cc1nc2cc(=O)[nH]n2c(C)c1CC(=O)N(CC(=O)O)C1CCC1;CNC(=O)C1CN(Cc2nnc(-c3ccccc3OC)o2)CCO1;CC(=O)N1CCOCC1C(=O)NCCn1c(=O)[nH]c2ccccc21;N#Cc1ccccc1-c1ccccc1C(=O)N1C2CCC1CC(O)C2;COC(=O)N1CCC(NCc2nc(-c3cccc(O)c3)no2)CC1;CN1C(=O)C2=CC=CN=C2O[C@H]2CN(C(=O)N3CCOCC3)C[C@H]21;Cn1cc(C(=O)NCC2CC2c2ccccc2)c2ccccc2c1=O;CCCC(=O)OC(C1=CNC2=CC=CC=C12)C1=CNC2=CC=CC=C12;CNCC1CCN(C(=O)c2sc3ccc(OC)cc3c2C)CC1;Cc1noc(C2C(C)OCCN2C(=O)Cn2cccc(C)c2=O)n1;CCC(C)C(NC(=O)C(C)n1nnc2ccccc2c1=O)C(=O)O;CC(=NCc1ccccc1)c1c(O)c2cccc3c2n(c1=O)CCC3;CC(NC(=O)c1ccco1)c1cc(F)ccc1N1CCC(O)CC1;CCc1ccccc1COc1ccccc1C(=O)Nc1cccnc1;CCOc1nccc(C)c1C(=O)N1CCCC2(C1)NC(=O)NC2=O;COc1cccc(C2CN(C(=O)NCc3nonc3C)CCO2)c1;CCOc1ncccc1C(=O)N1CCOC(C)C1c1nc(C)no1;O=C(O)CCC1CCCCN1C(=O)Cn1nc2ccccn2c1=O;COc1ccc(CN2CCN(C(=O)c3occc3C)CC2)cc1F;COCC(=O)N(C)CCCNC(=O)C1=NC2=CC=CC=C2C(=O)N1;COC1=CC=CC(NC(=O)N2CCN3C(=O)[C@H](C)NC(=O)[C@@H]3C2)=C1;COc1ccc(CNC(=O)c2cn(C3COCC3O)nn2)c(C)c1;O=C(O)CCC1CCCN(C(=O)Cn2nc3ccccn3c2=O)C1;Cn1cc(C(=O)NCC(c2ccccc2)c2ccccc2)ccc1=O;Cc1ccnc(O)c1C(=O)N1CCOC(c2nnc(C(C)C)o2)C1
m_e8d835,COc1ccc2c(CC(=O)N3CCCCC3C(=O)O)coc2c1;CC(C(=O)N1CCOC(CC(=O)O)C1)c1cc2ccccc2o1;COC(=O)CC(C1=CC=CC(O)=C1)C1=C(O)C=C(C)N(C)C1=O;COC(=O)CC(C1=CC=C(O)C=C1)C1=C(O)C=C(C)N(C)C1=O;CC(NC(=O)c1ccccc1)c1nc2c3ccccc3ncn2n1;COc1cc(CNC(Cc2ccc(O)cc2)C(=O)O)ccc1O;Cc1cc2occ(CC(=O)N3CCOCC3C(=O)O)c2cc1C;Cc1ccc2c(CC(=O)N3CCOCC3C(=O)O)coc2c1C;Cc1c(C(=O)Nc2cccc3[nH]ccc23)cnn1-c1ccccn1;COc1ccc(CNC(Cc2ccc(O)c(O)c2)C(=O)O)cc1;COCC1CC(OC)CN1C(=O)c1cc2ccccc2c(=O)o1;Cc1cc2occ(CC(=O)N3CCOC(C(=O)O)C3)c2cc1C;O=C(O)C(Cc1ccc(O)cc1)NCCc1ccc(O)c(O)c1;Cc1ccc2c(CC(=O)N3CCOC(C(=O)O)C3)coc2c1C;O=C(O)[C@H](CC1=CNC=N1)NCC1(O)O[C@H](CO)[C@@H](O)[C@@H]1O;O=C(O)CCN(C(=O)c1coc2ccccc12)C1CCOCC1;Cn1ccc(C(=O)Nc2ccc(-c3nc4ccccc4[nH]3)cc2)n1;O=C(Nc1ncn[nH]1)c1cn(Cc2ccccc2)c2ccccc12;COc1ccccc1CC(C)N(C)C(=O)c1cc(C(=O)O)co1;CCOC(=O)CC(C1=CC=CC(O)=C1)C1=C(O)C=C(C)NC1=O;CCOC(=O)CC(C1=CC=C(O)C=C1)C1=C(O)C=C(C)NC1=O;C[C@H](NCC1=C(O)C=CC2=C1OC(=O)C1=C2CCCC1)C(=O)O;COC1=C(CC(=O)C(C)C)C(=O)N(C)C2=C3OCOC3=CC=C12;CC1=CC(=O)OC2=CC(OCC(=O)NC[C@H]3CCCO3)=CC=C12;Cc1nc(-c2cccc(NC(=O)Cc3ccc(C#N)cc3)c2)n[nH]1
m_e993ec,CC(C(=O)O)C(=O)N1CCN(c2ccccc2O)CC1;COC1=CC=C(CCN2C(=O)CNCC2=O)C=C1OC;Cc1cccn(CC(=O)N2CCC(C(=O)O)CC2)c1=O;CN(Cc1ccc2c(c1)OCO2)C(=O)C1CC(O)CN1;NCC1CN(C(=O)c2ccc3c(c2)OCCO3)CCO1;CCOC(=O)C1CCCN(C(=O)c2cccnc2O)C1;CC1OCCN(Cc2cccc3c2OCO3)C1C(N)=O;CC(Oc1ccc(C(N)=O)cc1)C(=O)N1CCOCC1;CCOc1ncccc1C(=O)N1CCCC(C(=O)O)C1;COc1ccc(O)c(C(=O)NC2CCCN(C)C2=O)c1;CCOc1ccc(C(=O)N2CCCC(C(=O)O)C2)cn1;CN1CCOC(C(=O)NCc2cccc3c2OCO3)C1;COc1cccc2c1N(CC(=O)NCC(=O)O)CCC2;COC1=CC=C(C[C@@]2(O)C(=O)N(C)CC(=O)N2C)C=C1;Cc1cccn(CC(=O)N2CCCC(C(=O)O)C2)c1=O;Cc1ccn(CC(=O)N2CC(C)C(C(=O)O)C2)c(=O)c1;CCC(=O)C1=CC2=C(C)C(OC)=CC=C2C2=CC=CC=C12;COC(=O)[C@@H]1CNCCN1C(=O)C1=CC=C(OC)C=C1;COC1=CC2=C(C=C1OC)N(C)C(C(=O)NCCO)=C2;CNC(=O)C1CCCN1C(=O)c1cc(OC)ccc1O;CN(CC1CCOCC1)C(=O)c1ccc(C(=O)O)nc1;O=C(CN(Cc1cc(=O)c(O)co1)C1CC1)NC1CC1;COCc1ccccc1C(=O)N1CCOC(C(N)=O)C1;CCOC(=O)[C@H]1C[C@H]2C3=CC=CC=C3[C@@H]1C1=CC=CC=C12;CC1(C(=O)O)CCN(C(=O)CCn2ccccc2=O)C1
m_ea2f71,CN(Cc1ccccn1)C1CCN(c2ccccc2F)C1=O;CN(Cc1cccnc1)C1CCN(c2ccccc2F)C1=O;Cn1cc(C(=O)N2CCN(c3ncccn3)CC2)ccc1=O;Cn1cccc(C(=O)N2CCN(c3ncccn3)CC2)c1=O;COc1ccnc(N2CCN(C(=O)c3ccncc3)CC2)n1;Cc1cccc(N2CCN(C(=O)c3ccc(F)cc3)CC2)n1;COC1CCN(c2cnn(C(C)(C)C)c(=O)c2Cl)CC1;CN1C(=O)C2=C(N=C(NCC3=CC=CC=C3)N2C)N(C)C1=O;Cc1ncccc1OC1CCN(c2ccc(C(N)=O)nn2)C1;Cn1cnc(-c2ccc(F)cc2)c1NC(=O)C1CC=CCC1;Cc1noc(CN2CCN(c3nc4ccccc4o3)CC2)n1;Cc1noc(-c2ccc(N3CCN(C4CC4)C(=O)C3)nc2)n1;Cc1nn(C)cc1C(=O)Nc1cccc(N2CCNC2=O)c1;O=C1C(NCc2cccnc2)CCN1Cc1ccc(F)cc1;Cc1ccnc(N2CCN(C(=O)c3ccc(=O)[nH]c3)CC2)n1;O=C1C(NCc2ccccn2)CCN1Cc1ccc(F)cc1;CC(C)C(O)Cn1cnc2c(nnn2-c2ccccc2)c1=O;O=C(Cc1cccc(F)c1)N1CCN(c2ccccn2)CC1;Cc1cccc(C(=O)NC2CCN(c3cnn(C)c3)C2=O)n1;CN1CCCN(C(=O)c2nn[nH]c2-c2ccccc2)CC1=O;Cc1cc(N2CCN(C(=O)c3ccc(=O)[nH]c3)CC2)ncn1;Cc1ccc2oc(N3CCC(c4nc(=O)[nH][nH]4)CC3)nc2c1;O=C(NCc1ccccc1F)N1CCCC1c1ccncc1;NC(=O)c1cncc(N2CCN(c3ccccc3O)CC2)n1;Cc1cnc(C(=O)N(c2ccccc2F)C2CCCC2)cn1
m_ea7270,COCc1nc(O)cc(N2CCOC(c3ccc(F)c(F)c3)C2)n1;Cc1noc(C2CCN(C(=O)c3ccccc3OC(F)F)CC2)n1;Cn1ccnc1C1OCCC1NC(=O)COc1ccc(F)cc1F;Cc1cc(CN2CCN(C(=O)c3c(F)ccc(O)c3F)CC2)on1;O=C(c1c[nH]nc1-c1cccc(OC(F)F)c1)N1CCC(O)CC1;Cc1nc(O)cc(N2CCOC(c3ccc(OC(F)F)cc3)C2)n1;Cn1nc(CC(=O)N2CC(F)(F)CC2CO)c2ccccc2c1=O;O=C(Cn1c(=O)cnc2ccccc21)N1CCC(O)(C(F)F)CC1;CN(Cc1cccc(OC(F)F)c1)C(=O)c1cn2c(n1)COCC2;Cc1cc(C(=O)NC2CCN(c3ccccc3OC(F)F)C2)no1;Cc1noc(COCC(=O)N2CCC(c3c(F)cccc3F)C2)n1;Cc1noc(COC2CN(C(=O)C(C)c3c(F)cccc3F)C2)n1;CC(NC(=O)c1cn2c(n1)COCC2)c1cccc(OC(F)F)c1;O=C(Nc1cccc(OCC(F)F)n1)N1CCCC1c1ccco1;COC1CC(c2nc(C)no2)N(C(=O)Cc2cc(F)ccc2F)C1;Cc1nnc(C2CN(C(=O)CCc3cccc(F)c3F)CCO2)o1;COC1CC(c2nc(C)no2)N(C(=O)Cc2ccc(F)cc2F)C1;COc1cc(C(=O)N2CC(O)CC2c2ccc(F)c(F)c2)nn1C;COCCn1nc(C(=O)NC(C)c2cc(F)ccc2F)ccc1=O;CN1CCCCC(c2nc(-c3ccccc3OC(F)F)no2)C1=O;O=C(COc1cc(F)cc(F)c1)N1CCCCCC1c1ncon1;CN1C(=O)N(C)C2(CCN(C(=O)c3c(F)cccc3F)CC2)C1=O;COc1cc(C(=O)N2CC(O)CC2c2cc(F)ccc2F)nn1C;CC1=CC=C2N=C(NC(=O)CN3CCC4=CC=CC=C4C3)SC2=C1;CN(C(=O)c1ccc(=O)n(Cc2ccccc2)n1)c1ccc(F)cc1
m_eaecd7,O=C(O)C1COCCN1C(=O)CCc1ccc(Cl)cc1;O=C(O)C1CCCN1C(=O)COCc1ccccc1Cl;O=C(O)CC1COCCN1C(=O)Cc1ccc(Cl)cc1;O=C(O)C1CN(C(=O)CCc2ccccc2Cl)CCO1;O=C(O)C1CCN(C(=O)CCOc2ccccc2Cl)C1;Cc1cc(Cl)ccc1OCC(=O)N1CCC(C(=O)O)C1;Cc1c(Cl)cccc1C(=O)N1CCOC(CC(=O)O)C1;Cc1cccc(C(=O)N2CCOCC2CC(=O)O)c1Cl;COc1ccc(Cl)cc1CC(=O)N1CCC(C(=O)O)C1;COCC1(C(=O)O)CCCN1C(=O)c1ccccc1Cl;CC1(C(=O)O)CCCN1C(=O)COc1ccc(Cl)cc1;O=C(O)C1CCCN1Cc1cc(Cl)c2c(c1)OCCO2;COc1ccc(CC(=O)N2CCC(C(=O)O)C2)c(Cl)c1;CC1(C(=O)O)CCN(C(=O)COc2ccccc2Cl)C1;O=C(O)CN(C(=O)c1ccccc1Cl)C1CCOCC1;Cc1cc(Cl)c(C(=O)N2CCOC(C(=O)O)C2)cc1C;COc1ccc(C(=O)N2CCC(C(=O)O)CC2)c(Cl)c1;COc1ccc(CC(=O)N2CCCC2C(=O)O)c(Cl)c1;COc1cc(C(=O)N2CCC(C(=O)O)CC2)ccc1Cl;COc1cccc(Cl)c1CC(=O)N1CCCC1C(=O)O;Cc1ccc(C(=O)N2CCC(O)(C(=O)O)CC2)cc1Cl;Cc1cccc(C(=O)N2CCC(O)(C(=O)O)CC2)c1Cl;COc1ccc(Cl)cc1C(=O)N1CCCC(C(=O)O)C1;COC1CCN(C(=O)c2ccc(C(=O)O)cc2Cl)CC1;COc1cc(Cl)ccc1C(=O)N1CCCC(C(=O)O)C1
m_ebcb8a,O=C(Cn1cc(-c2ccccc2)ncc1=O)NCCn1cccc1;O=C(CN1CCC(Oc2ccccc2Cl)CC1)NCC1CC1;CC1=NC2=NC=CC=C2C(=O)N1CCNC(=O)CC1=CC=CC=C1;CN1C=C(C(=O)NCCNC(=O)C2=CC=NC=C2)C2=CC=CC=C21;O=C(CNC1CC1)N1CCCC(COc2ccccc2Cl)C1;CN1C(C(=O)NCCNC(=O)C2=CC=CN=C2)=CC2=CC=CC=C21;CN1C=C(C(=O)NCCNC(=O)C2=CC=CC=N2)C2=CC=CC=C21;O=C(CCN1C=NC2=CC=CC=C2C1=O)NCCC1=CC=CC=N1;O=C(Cc1ccc(Cl)cc1)N1CCC(N2CCC(O)C2)CC1;O=C(C1CCNCC1)N1CCC(Oc2ccccc2Cl)CC1;O=C(C1CCCN1)N1CCCC(COc2ccccc2Cl)C1;COC1=CC=C(N2C=C(C(=O)NCCC3=CC=CC=C3)N=N2)C=C1;NC(=O)N1CCCN(C(=O)CNC(=O)c2cccc(F)c2)CC1;COC1=CC=C(C(=O)NCCC2=NNC(C3=CC=CC=C3)=N2)C=C1;Cn1cnnc1CCNC(=O)c1cccc(Oc2ccccc2)c1;O=C(NCC1CCN(C2CCOC2)CC1)c1ccccc1Cl;CN1C=C(C(=O)NCCNC(=O)C2=CC=CN=C2)C2=CC=CC=C21;CCCn1c(NC(=O)c2cccc(C(N)=O)c2)nc2ccccc21;O=C(CCN1CCCCC1C1(O)CC1)Nc1ccccc1Cl;CC(O)CN1CCN(C(=O)C2(c3ccc(Cl)cc3)CC2)CC1;NC(=O)C(NC(=O)CCn1cnc2ccccc21)c1ccccc1;Cc1cc(Cl)ccc1C(=O)NC1CCCC1N1CCC(O)C1;COc1ccc(C(=O)NCCn2ccnc2-c2cccnc2)cc1;N#Cc1c[nH]c(C(=O)NC2CCN(C(=O)c3ccccc3)CC2)c1;Cc1cccnc1CNC(=O)CCc1nc2ccccc2c(=O)[nH]1
m_ec2936,CN1CCC(NC(=O)NC2CCN(CCc3ccncc3)CC2)CC1;Cc1cnc(C)c(N2CCN(CC(=O)N3CC(C)CC(C)C3)CC2)n1;CCCN1CCC(N2CCN(c3cccc(C(=O)NC)n3)CC2)CC1;CN(C)CCN(C(=O)C1CCN(c2ncccn2)CC1)C1CCCC1;CC1CCCN(c2cc(NCCC(=O)N3CCCCCC3)ncn2)C1;CC(C)c1nccc(N2CCC(NC(=O)NC3CCCCC3)CC2)n1;c1cc(NC2CCN(CC3CCCC3)CC2)nc(N2CCOCC2)n1;Cc1cnc(N2CCN(C(C)C(=O)N3CCCCCC3)CC2)nc1C;CC(CNC(=O)N1CCN(Cc2ccccn2)CC1)CN1CCCC1;Cn1ncc(CN2CCN(C(=O)NC3CCCCC3)CC2)c1C1CC1;CN1CCN(CC2CCN(C(=O)NCCc3cccnc3)CC2)CC1;CN(C)CC1CCN(C(=O)NC2CCN(Cc3ccncc3)CC2)C1;CCN1CCN(c2cc(CNC(=O)NCCC3CCC3)ccn2)CC1;Cc1cc(N2CCCC(NC(=O)N3CCC4CCCCC43)C2)n(C)n1;CCN1CCCCC1CNC(=O)N1CCN(Cc2cccnc2)CC1;CC(=O)N1CCC(CN(C)Cc2cc(C)nc(N3CCCCC3)n2)C1;CCN1CCN(c2cc(CNC(=O)NC3CCCC3C)ccn2)CC1;CN(C)c1cc(N(C2CC2)C2CCN(C(=O)C(C)(C)C)CC2)ncn1;Cc1nc(C(=O)N2CCC(C)CC2)nc(N2CCC(N(C)C)C2)c1C;O=C(Cn1cc(C2CC2)nn1)N1CCCN(CC2CCCCC2)CC1;C=CCN(C)C(=O)[C@H]1CN2CC[C@@H]1C[C@@H]2CN1C=C(CCCC)N=N1;CN(CC1CCCN(C)C1c1cnn(C)c1)C(=O)NC1C=CCCC1;C=CCN(C)C(=O)[C@H]1C[N@]2CC[C@H]1C[C@@H]2CN1C=C(C(C)(C)C)N=N1;CC(C)(C)n1ncnc1CNC1CCN(C(=O)C2CC23CCC3)CC1;Cn1cnnc1C1CCCN1C(=O)NC1CCC2(CCCCC2)CC1
m_ec5045,Cc1ncsc1C(=O)NCC(c1ccccc1)N1CCOCC1;CC1CCOCCN1C(=O)NCc1csc(-c2ccccc2)n1;O=C(NC(Cc1ccccc1)CN1CCOCC1)c1cscn1;Cc1c(CC(=S)N2CCOCC2)c(=O)n(-c2ccccc2)n1C;Cc1cccc(C(CNC(=O)c2cscn2)N2CCOCC2)c1;Cc1cc(C)cc(-n2ccnc2SCC(=O)N2CCOCC2)c1;CC(=O)NCCc1ccc(-c2csc(N3CCOCC3)n2)cc1;O=C(O)CN(C(=O)c1ccc(-n2cnnn2)cc1)C1CCOCC1;Cc1csc(-c2ccc(C(=O)N3CCN(CCO)CC3)cc2)n1;Cc1nc(-c2ccccc2)sc1CNC(=O)N1CCOC(C)C1;COCc1nc2n(n1)CCCC2NC(=O)c1ccc(C(=O)O)cn1;Cc1ncsc1-c1ccc(CN2CCN(C(=O)CO)CC2)cc1;CC(=O)N1CCN(C(=O)Cc2cc(-c3ccc(F)cc3)on2)CC1;Cc1cc(CNC(=O)C(c2ccccc2)N2CCSCC2)no1;CC(=O)NCCNC(=O)c1cn(-c2ccc3c(c2)OCCO3)nn1;CNS(=O)(=O)NCC(=O)N1CCOCC1c1c(C)n[nH]c1C;COC(=O)CCNC(=O)c1nn(-c2ccc(F)cc2)c2c1CCC2;COc1ncccc1NC(=O)N1CCOC(c2ccc(F)cc2)C1;COc1ccc(NC(=O)N2CCOC(c3ccc(F)cc3)C2)cn1;O=C(CCN1CC(c2nc3ccccc3s2)C1)N1CCOCC1;CNC(=O)CN1CCC(NC(=O)c2csc3ccccc23)CC1;Cc1ccc(OC2CCN(C(=O)COc3ccccc3F)C2)nn1;Cc1ncc(CN2CCN(C(=O)c3cccc(C)c3O)CC2)s1;Cc1nc(COc2cccc(C(=O)N3CCCC(N)C3)c2)cs1;N#Cc1ccc(OCC(=O)N2CCN(C(=O)C3CC3)CC2)cc1F
m_ec755b,O=C(O)CCN1CCN(S(=O)(=O)c2ccc3ccccc3c2)CC1;Cc1cc(C)c(S(N)(=O)=O)cc1C(=O)N(Cc1ccco1)C1CC1;CCC1C(C(=O)O)CCN1S(=O)(=O)c1c(C)ccc2cccnc12;Cc1ccoc1C(=O)N1CCCC(NS(=O)(=O)c2ccccc2)C1;CCC1C(C(=O)O)CCN1S(=O)(=O)c1cccc2ccc(C)nc12;CCC1C(C(=O)O)CCN1S(=O)(=O)c1c(C)ccc2ncccc12;CC1CCN(S(=O)(=O)c2ccc(NC(=O)c3ccco3)cc2)CC1;Cc1cc(S(N)(=O)=O)cc(C(=O)N2CCCC2c2ccco2)c1C;CCOC(=O)C1CCN(S(=O)(=O)C2=CC=CC3=CC=CN=C23)CC1;CC1CN(C(=O)c2occc2CS(=O)(=O)c2ccccc2)CCN1;Cc1cc(C)c(S(=O)(=O)NC(Cc2ccncc2)C(=O)O)c(C)c1;COC1CC(COc2cccnc2)N(S(=O)(=O)c2ccccc2)C1;COc1ccc(S(=O)(=O)N2CCC(C(N)=O)CC2)c2ccccc12;CC(C)CS(=O)(=O)Nc1ccc2c(c1)N(C(=O)c1ccco1)CC2;Cc1ccc2cccnc2c1S(=O)(=O)N1CCC(C(=O)O)C(C)C1;Cc1ccc(C(=O)N2CCCC(NS(=O)(=O)c3ccccc3)C2)o1;COc1ccc2cc(S(=O)(=O)N3CCC(C(N)=O)CC3)ccc2c1;CS(=O)(=O)c1ccc(C(=O)N2CCC(Cc3cccnc3)CC2)o1;Cc1ccc(C)c(S(=O)(=O)NCC(Cc2ccccn2)C(=O)O)c1;Cc1occc1C(=O)N1CCCc2ccc(S(=O)(=O)N(C)C)cc21;CNS(=O)(=O)c1cc(C(=O)N2CCC(c3ccccc3C)C2)co1;COc1c(C)cc(S(=O)(=O)Nc2cnc3c(c2)COCC3)cc1C;CCc1cccnc1CNS(=O)(=O)c1cc(C(=O)O)cc(C)c1C;Cn1ccc(CS(=O)(=O)CC(=O)NCCc2ccccc2)cc1=O;Cc1ccoc1C(=O)N1CCCc2ccc(S(=O)(=O)N(C)C)cc21
m_ecbfb5,Cc1sc(C(=O)O)cc1CN(C)C1CCN(c2ccccc2Cl)C1=O;CN1C(=O)c2ccc(NC(=O)COc3ccc(C(F)(F)F)cc3)cc2C1=O;CN1C(=O)c2ccc(NC(=O)COc3cccc(C(F)(F)F)c3)cc2C1=O;CS(=O)(=O)c1ccc(Cl)c(NC(=O)CN2CCCc3ccccc32)c1;O=C(O)CCC1CCCN(C(=O)c2csc(-c3ccccc3Cl)n2)C1;CCN(CC(=O)O)C1CCN(S(=O)(=O)c2cccc(Cl)c2F)CC1;CN(CC(=O)O)C1CCN(S(=O)(=O)Cc2ccc(F)c(Cl)c2)CC1;CS(=O)(=O)NC1CCN(C(=O)c2cc(-c3ccccc3)ccc2Cl)C1;COc1ccc(NC(=O)C2CSCN2C(=O)c2cc(F)ccc2F)cc1;CN(Cc1c(F)cccc1Cl)C(=O)CNC(=O)c1ccc2c(c1)OCO2;CC1Cc2ccccc2N1CC(=O)Nc1cc(S(C)(=O)=O)ccc1Cl;CCN1C(=O)CCc2cc(NS(=O)(=O)Cc3cccc(Cl)c3)ccc21;Cc1cc(C)nc(NC2=NCCN2C(=O)Nc2ccc(Cl)c(Cl)c2)n1;O=C(c1csc(-c2cc3ccccc3o2)n1)N1CCC(F)(F)C(CO)C1;CC1=C2C(=O)C3=C(O)C(O)=C(O)C=C3C(=O)C2=CN1C1=CC=CC=C1C(N)=O;CC(NC(=O)c1cccc(N2CCCS2(=O)=O)c1)c1ccc(Cl)cc1;CC(C)C(C(=O)O)N1CCC(NC(=O)c2cscc2C(F)(F)F)C1=O;CC1=CC=C(C(=O)C2=NO[C@H]3C(=O)N(C4=CC=C(C(=O)O)C=C4)C(=O)[C@@H]23)C=C1;CC1=NC=C(COP(=O)(O)O)C(CN[C@@H](CCC(=O)O)C(=O)O)=C1O;CCOC(=O)C1=C(NC(=O)NC2=CC=CC(Cl)=C2)SC2=C1CCCC2;CC(=O)N1CCCc2cc(S(=O)(=O)Nc3cccc(Cl)c3C)ccc21;CC1CN(C)CC(C)N1C(=O)c1ccc(-n2cc(Br)cn2)nn1;CCn1cnnc1C1CCCN(c2cc(Br)cnc2C(N)=O)C1;CC(=O)N1CCCc2cc(S(=O)(=O)Nc3cc(Cl)ccc3C)ccc21;CC1(C)C(=O)Nc2ccc(S(=O)(=O)N3Cc4cc(F)c(F)cc4C3)cc21
m_ed201b,O=C(N1CCOCC1)N1CCN(C(=O)N2CCOCC2)CC1;CCC1CN(C(=O)Cn2nc(C)oc2=O)CCN1CCOC;COC(=O)c1cc(NC(=O)NC(CO)CC(C)(C)C)n(C)n1;COCC1=CN(C[C@H]2C[C@@H](NC(=O)C(C)C)[C@H](O)[C@@H]2O)N=N1;COCC(=O)N[C@@H]1[C@@H](O)CO[C@@H]1CN1C=C(C(C)(C)C)N=N1;COCC1=CN(C[C@H]2OC[C@H](O)[C@H]2NC2CCOCC2)N=N1;COC1CC(CN(C)C(=O)COCc2nc(C)no2)N(C)C1;CC1(C)CCCN(CCNC(=O)c2cc(C(F)F)ncn2)C1;Cc1ccc(N2CCCC(NC(=O)C(C)(C)C(F)F)C2)nn1;Cc1cc(NC(=O)N2CCC(F)(F)C2)nn1C1CCCCC1;CC(C)(C)C1=CCN(C(=O)Nc2cnn(CC(F)F)c2)CC1;CN(C)C(=O)C1c2cnn(C)c2CCN1CC1CC(F)(F)C1;CCC(C)n1ncc(NC(=O)N2CCC(F)(F)C2)c1C1CC1;CC(C)n1cnnc1C1CCCN(C(=O)C2C(C)C2(F)F)C1;CC(C1CC1)n1cc(NC(=O)N2CCC(F)(F)C(C)C2)cn1;CCCCC1N2CC3([N+](=O)[O-])CN1CC([N+](=O)[O-])(C2)C3(C)C;CC[C@@H](C1=CC=CC=C1)C1=C(O)C2=C(CCCCCC2)OC1=O;CNC(=NCCCC(N)C(=O)O)N(C)Cc1ccc(CO)o1;Cn1cc(NC(=O)N2CCC(F)(F)C2)c(C2CCCCC2)n1;CCCCCCCOC1=CC=C(C2=CC=C(C(=O)O)C=C2)C=C1;Cn1ncc2c1CCCN(C(=O)NCC1CCCC1(F)F)C2;CCCCCCC1=C(C)C2=CC3=C(C=C2OC1=O)OC(C)=C3C;O=C(NC1CCC(F)(F)CC1)N1CCC(n2ccnc2)CC1;CCCc1cc(NC2CCc3nc(C)nn3C2)n2ncnc2n1;Cc1cn2nc(NC3CCN(Cc4cnnn4C)C3)ccc2n1
m_edaa12,O=C(CN1CCOCC1)NN1C2=CC=CC=C2CCC2=CC=CC=C21;CC(=O)N1CCN(c2ccccc2NC(=O)Cc2ccccc2)CC1;Cc1ccc(F)c(NC(=O)C(=O)NCCCN2CCC(O)CC2)c1;CNC(=O)CN1CCC(NC(=O)CCOc2ccc(F)cc2)CC1;Cc1ccc(CC(=O)N2CCN(C(=O)Cc3ccccn3)CC2)cc1;Cc1ccc(C(=O)NC(Cc2ccccc2)C(=O)N2CCCC2)cn1;Cc1cccc(C)c1OCCNC(=O)CN1CC(F)CC1C(N)=O;CC(C(=O)NC(c1ccccc1)c1ccccc1)N1CCNC(=O)C1;CN1CCC(Cc2ccccc2)(C(=O)NCCc2ccccn2)C1=O;Cc1cccc(CCNC(=O)C2CC(=O)N(Cc3ccccc3)C2)n1;Cc1ccc(CC(=O)N2CCC(NC(=O)c3ccccc3)CC2)cn1;O=C(CN1CCN(C(=O)c2ccccc2)CC1)NCc1ccccc1;CC(=O)NCCc1nc2ccccc2n1CCCOc1ccccc1;CNC(=O)CN1CCC(NC(=O)Cc2ccc(OC)c(F)c2)CC1;CCN1CCN(c2ccc(C(=O)N(C)CCC(=O)O)cc2F)CC1;Cc1ccccc1C(=O)NCC(=O)N1CCN(C)c2ccccc2C1;O=C(NC1COc2ccccc21)N1CCN(Cc2ccccc2)CC1;CCC(CO)N1CCN(C(=O)c2cc(NC(C)=O)ccc2F)CC1;COCCN1CCC(NC(=O)C(=O)Nc2ccc(C)cc2F)CC1;Cc1ccc(CN2CCC(NC(=O)CCc3ccncc3)C2=O)cc1;Cc1cccc(CC(=O)NC2CCN(C(=O)c3ccncc3)CC2)c1;CC1(NC(=O)c2cc(N3CCOCC3)ccn2)Cc2ccccc2C1;COc1ccc(CN(C)CC(=O)N2CCC(C(N)=O)CC2)cc1F;Cc1noc(C2CCN(C(=O)NCCC(=O)N3CCOCC3)C2)n1;Cc1cc(C(=O)N2CCN(C(=O)Cc3ccccc3C)CC2)ccn1
m_edccdd,C=C(C)CNC(=O)N1CCN(c2cc(OC)ccn2)CC1;CCOc1cccc(N2CCN(C(=O)NC3CC3)CC2)n1;Cc1cnc(C(=O)NCCCN2CCCCCC2=O)cn1;COCC(O)CN1CCN(c2nc3ccccc3[nH]2)CC1;COC1CC(CN2CCCC2)N(C(=O)c2ccnnc2)C1;COC1CCN(C(=O)Nc2cccnc2N2CCCC2)C1;Cc1ncccc1CNC(=O)NCC1CCN(C)C(=O)C1;CNC(=O)CC(=O)N1CCCC1CNc1cccc(C)n1;O=C(Nc1cccnc1N1CCCC1)N1CCCC1CO;CNC(=O)NC(=O)CNc1ccccc1N1CCCCC1;COC1CCN(C(=O)NC2CCN(c3ccccn3)C2)C1;NC1CCCC1CC(=O)N1CCCC1c1ccc(O)nn1;Cc1ncc(C(=O)N2CCCC(OCC3CC3)C2)c(N)n1;O=C(C1CCN(c2cnccn2)CC1)N1CCCC1CO;CCOc1cc(C)nc(N2CCN(C(=O)C3CC3)CC2)n1;CC(=O)NCC(=O)Nc1cnc(N2CCCCC2)c(C)c1;NC(=O)c1cncc(N2CCCC2C2CCCCC2O)n1;CN1CCC(CNC(=O)c2ccnn2C2CCC2)CC1=O;CNC(=O)c1cccc(NC(=O)N2CCCCCCC2)n1;Cc1ccc(NC(=O)CN2CCCN(C(N)=O)CC2)cc1;Cc1ccn(C)c1C(=O)N1CCC(N2CCNC2=O)CC1;COCc1nc(C)cc(N2CC(=O)NC3CCCCC32)n1;COCCN1C[C@H]2CN(CC3=CC=CN=C3)CCN2C1=O;COCC1(C(N)=O)CCCN1Cc1cnc(C2CC2)nc1;O=C(NCC1CCCO1)Nc1cccnc1N1CCCC1
m_edd5cd,O=C(O)C1CN(C(=O)c2ccc3ccccc3n2)CC1C(F)(F)F;O=C(c1ccc(OC(F)(F)F)cc1)N1CCOc2ncccc2C1;CCn1nncc1C(=O)N1CCOC(c2ccc(F)cc2Cl)C1;O=C(c1csc(CO)n1)N1CCC(c2ccc(F)c(F)c2)CC1;Cc1nc(CN2CCN(C(=O)c3c(F)cccc3Cl)CC2)no1;Cc1nc(CN2CCN(C(=O)c3ccc(Cl)c(F)c3)CC2)no1;O=C(COc1cc(F)cc(F)c1)N1CCC(c2nccs2)CC1;CN(Cc1ccc(F)c(Cl)c1)C(=O)C1CCc2n[nH]c(=O)n2C1;O=C(O)c1cn(C2CCCN(Cc3ccc(Cl)c(F)c3)C2)nn1;O=C(c1ccc(Cl)cn1)N1CCc2c(cnn2-c2ccccc2)C1;O=C(Cc1c(F)cccc1Cl)N1CCOC(Cn2ccnn2)C1;O=C(O)C(c1c(F)cccc1Cl)N1CCCC(n2ccnn2)C1;Cc1nn(CC(=O)N2CCCc3c(F)ccc(Cl)c32)c(=O)n1C;O=C(COc1ccc(F)cc1F)N1CCCCC1c1nccs1;O=C(c1cccc(OC(F)F)c1)N1CCC(c2nccs2)CC1;NC1CCCCN(Cc2nc(-c3cccc(Cl)c3F)no2)C1=O;O=C(Nc1cnc2c(c1)COCC2)c1c(F)cccc1OC(F)F;O=C(NCc1ccsc1)N1CCOC(c2ccc(F)c(F)c2)C1;Cc1c(F)cc(Cl)c2c1CCCN2C(=O)Cn1ncn(C)c1=O;CC1CN(C(=O)c2csc(-c3c(F)cccc3F)n2)CC(C)O1;COC(=O)c1cn(C2CCN(Cc3cc(F)ccc3Cl)C2)nn1;O=C(Nc1cnc2c(c1)COCC2)c1cccc(OC(F)(F)F)c1;CC1CN(C(=O)c2ccccc2OC(F)(F)F)c2cccnc2O1;Cc1ccc(C(=O)N2CCC(O)(Cn3ccnn3)C2)c(F)c1Cl;CCCc1nnc(NC(=O)N2CCOC(c3ccsc3)C2)s1
m_eff2fa,CCN(CC)CCNC(=O)C1=C(O)C2=CC=CC=C2N(CC2=CC=CC=C2)C1=O;CC(C)NC(=O)c1ccc(NC(=O)C2CCCN2C(=O)Cc2ccccc2)cc1;CC1(C(=O)NCC(=O)NCCc2ccccc2)CCCN1C(=O)c1ccccc1;CCNC(=O)c1ccc(CNC(=O)C2CCCCN2C(=O)c2ccccc2)cc1;CC(CCC1=CC=CC=C1)NC(=O)CC[C@@H]1NC(=O)N(CC2=CC=CC=C2)C1=O;COC1=CC=C(CNC(=O)[C@@H]2CCCN2C(=O)[C@@H]2CC3=CC=CC=C3CN2)C=C1;CCC(C)NC(=O)c1cccc(CNC(=O)C2CC(=O)N(c3ccccc3)C2)c1;O=C(NC1CCN(C(=O)CCc2ccccc2)CC1)c1cc(C2CC2)[nH]c(=O)c1;CC1=C(C(=O)NCCC2=CNC3=CC=CC=C23)C(=O)N(CC2CCCO2)C(C)=C1;CC(=O)NC(CC(=O)NC1CCN(C(=O)c2ccccc2)CC1)c1ccccc1;CCCN1N=C(C2=CC=C(OC)C=C2OC)C=C1C(=O)NCCC1=CC=CC=C1;CC(C(=O)Nc1cccc2c1OCC(=O)N2)N1CCC(Cc2ccccc2)CC1;CCC1CN(CC(=O)NCc2cccc(C(=O)NC3CC3)c2)c2ccccc2O1;O=C(CN1CCC(NC(=O)Cc2ccc3c(c2)CCO3)CC1)Nc1ccccc1;COC1=CC=C2N=C(C[C@H]3CN(CC4=CC=CC=C4)CC[C@H]3CC(=O)O)NC2=C1;Cc1cccc(N2CCN(Cc3ccc(NC(=O)C4CC4C(=O)O)cc3)CC2)c1;COc1ccccc1N1CCN(CCCCN2C(=O)c3ccccc3C2=O)CC1;COC1=CC=C(CCNC(=O)[C@@H](NC(=O)C2=CC3=CC=CC=C3N2)C(C)C)C=C1;O=C(CC(NC(=O)c1ccccc1)c1ccccc1)NCCC(=O)N1CCCC1;CC(C)(C)OC(=O)N[C@H](CC1=CNC2=CC=CC=C12)C(=O)NCC1=CC=CC=C1;O=C1CCc2cc(C(=O)NCC3CN(Cc4ccccc4)CCCO3)ccc2N1;Cc1cccc(N2CCN(Cc3ccc(NC(=O)C4(C(=O)O)CC4)cc3)CC2)c1;CC1=CC=C2N=C(C[C@H]3CN(CC4=CC=CC=C4O)CC[C@H]3CC(=O)O)NC2=C1;COC1=CC=CC2=C1NC(C[C@H]1CN(CC3=CC=CC=C3)CC[C@H]1CC(=O)O)=N2;COC1=CC=CC=C1CNC(=O)[C@@H]1CCCN1C(=O)[C@@H]1CC2=CC=CC=C2CN1
m_f0bee0,Cc1occc1C(=O)NC1CCN(C(=O)NCc2ccccc2)CC1;Cc1nn(-c2ccccc2)c(C)c1CC(=O)N1CCC(C(=O)O)CC1;O=C(NCCNC(=O)N1CCCC1Cc1ccccc1)c1ccco1;CC(=O)N1CCN(CC(=O)N(Cc2ccco2)c2ccccc2)CC1;Cc1ccc(C(=O)N2CCCCC2CNC(=O)Nc2ccccc2)o1;O=C1N[C@@H]2CCN(C(=O)C3CCCC3)[C@@H]2C(=O)N1CC1=CC=CC=C1;CCC(=O)NC1CCCN(C(=O)c2ccc(-c3ccco3)nc2C)C1;Cc1ccoc1C(=O)NCC(=O)N1CCN(Cc2ccccc2)CC1;CCC(=O)NC1CCCN(C(=O)Cc2cc(-c3ccccc3)on2)C1;CCC(=O)Nc1ccc(O)c(C(=O)N2CCC(n3cccc3)CC2)c1;CN(Cc1ccco1)C(=O)CN1CCNC(=O)CC1c1ccccc1;O=C(O)CCC1CCCN(C(=O)Cc2ccc(-n3cccn3)cc2)C1;O=C(N[C@@H]1CN(CC2=CC=CC=N2)CCC[C@H]1O)C1=CC=C(O)C=C1;O=C1N[C@@H]2CCN(C(=O)C3CCCCC3)[C@@H]2C(=O)N1C1=CC=CC=C1;COc1ncnc(OC)c1C(=O)N1CCC(Cc2ccccc2)CC1;Cc1cc(C(=O)N2CCCC(NC(=O)c3c(C)cccc3C)C2)on1;COc1cc(CN2CCC(NC(=O)c3cccnc3)C2)cc(OC)c1;Cc1ccc(Cn2cccc(NC(=O)N3CCCC3CO)c2=O)cc1;COCC(=O)N1CCN(C(=O)c2c[nH]cc2Cc2ccccc2)CC1;Cc1cc(C)n(Cc2ccc(C(=O)N3CCCCC3C(=O)O)cc2)n1;Cc1cc(C)n(Cc2cccc(C(=O)N3CCCCC3C(=O)O)c2)n1;O=C(NC1CN(Cc2ccccc2)CCC1CO)c1cccc(=O)[nH]1;O=C(NCCNC(=O)N1CCC(Cc2ccccc2)C1)c1ccco1;Cc1cc(C)n(Cc2cccc(C(=O)N3CCC(C(=O)O)CC3)c2)n1;Cc1ccoc1C(=O)Nc1ccccc1CN1CCCC(C(N)=O)C1
m_f10ba9,COc1ccc(OC)c(CCC(=O)NCc2ncnn2C)c1;COc1cccc(CN(C)C(=O)Cn2nc(C)n(C)c2=O)c1;COc1ccc(CCC(=O)NCc2n[nH]c(C)n2)cc1OC;COc1ccc(CN(C)C(=O)NCc2cc[nH]n2)c(OC)c1;CCC1CN(C(=O)c2ccc3[nH]c(=O)[nH]c3n2)CC(CC)O1;COc1ncccc1CNC(=O)N(C)Cc1c(C)noc1C;CCNC(=O)NC[C@H]1COCC2=NC3=CC(OC)=CC=C3N21;CCNC(=O)NC[C@H]1COCC2=NC3=CC=C(OC)C=C3N21;CCCC(C(=O)O)n1ccc(NC(=O)c2ccc(C)n2C)n1;COC1=CC=CC(NC(=O)N2CCN3C(=O)N(C)C[C@H]3C2)=C1;CCC1C(CO)CCN1C(=O)c1cc(=O)[nH]c2ncn(C)c12;COc1ccc(OC)c(Nc2nc(=O)c(C(C)(C)C)n[nH]2)c1;CCOc1nc(C)ccc1-c1nc(C(C)(C)NC(C)=O)no1;COCCN1CC(C(=O)Nc2nccnc2C2CC2)CC1=O;CCc1oc(C(=O)N2CC(OC)CC2c2ncn[nH]2)cc1C;COc1ccc(C(=O)N2CCCC(N3CCNC3=O)C2)cn1;COc1cc(C(=O)N2CCC3C(C2)NC(=O)N3C)cc(C)n1;Cc1ccc(C(=O)NCC2CC(c3nncn3C)CC2O)o1;Cc1cc(C(=O)NCC2CC(c3nncn3C)CC2O)co1;COCCOC1=CC=NC(C2=NOC([C@@H]3CCCN3C)=N2)=C1;COCc1n[nH]c(C2CCCCN2C(=O)c2ccoc2C)n1;C[C@@H]1NC(=O)N(C)[C@@H]2NC(=O)N(C)[C@H](C3=CC=CC(O)=C3)[C@H]12;COC1CC(c2nncn2C)N(C(=O)c2oc(C)cc2C)C1;COCCOC1=NC=CC=C1C1=NOC([C@@H]2CCCN2C)=N1;CCc1[nH]ccc1C(=O)NC1COCC1Oc1cnn(C)c1
m_f1a045,COc1ccccc1CNC(=O)Cn1c(N)nc(C)cc1=O;COc1ccc(NC(C)=O)cc1NC(=O)c1cnn(C)c1C;COc1ccc(C(C)NC(=O)Nc2cccnn2)c(OC)c1;CCc1ccc(OCC(=O)NNC(=O)c2cc(C)[nH]n2)cc1;COc1ccccc1N1CCC(n2cc(CCO)nn2)C1=O;CCOC(=O)c1cnc(Nc2ccc(OCC)cc2)nc1N;COCC(=O)NCCCn1nc(-c2cccnc2)ccc1=O;COC1=CC=C(/C(=N\NC2=CC=CC=C2)C2=CC=CC=C2)C=C1;Cn1ccnc(NC(=O)NC(CO)Cc2ccccc2)c1=O;COc1cc(C)ccc1C(=O)NC1CCOC1c1ncn[nH]1;CCn1cc(C(=O)N2CCc3cc(O)c(OC)cc3C2)nn1;CCN(N=Cc1ccc(OC)cc1)c1cc(=O)n(C)c(=O)[nH]1;COc1ccc(NC(=O)N2CCc3nc[nH]c3C2)cc1OC;Cn1cc(C2OCCC2CNC(=O)c2cccnc2O)cn1;COc1ccnc(N2CCN(C(=O)c3ncoc3C)CC2)c1;COc1ccccc1OCC(=O)N1CC(Cn2ccnn2)C1;COc1ncccc1C(=O)NC1CC(O)C1n1cc(C)cn1;COc1nc(C)ccc1C(=O)NC1CC(O)C1n1cccn1;COc1cc(-c2noc(CNC3(C(N)=O)CC3)n2)ccc1C;COC(=O)C1CC(O)CN1Cc1ncnn1-c1ccccc1;COc1ccc(Cc2n[nH]c(N3CCOCC3)nc2=O)cc1;COCCn1cc(C(=O)NC2CCc3c(O)cccc32)nn1;CC(C)C1=CC(SC2=CC=C(O)C(C(C)C)=C2)=CC=C1O;COc1ccccc1C(NC(=O)NC1CC1)c1noc(C)n1;CC(C)NC(=O)CNC(=O)C1=NC2=CC=CC=C2C(=O)N1C
m_f22b14,CCc1cc(N2CC3CN(c4ncnc(C)c4C)CC3C2)ncn1;CC(C)c1nc2n(n1)CC(NCc1nc3ccccc3n1C)CC2;Cc1cc(NC2CCN(c3ncnc4c3CCCC4)CC2)ncn1;CC(C)(C)c1cc2c(N3CCCC(c4ccn[nH]4)C3)nccn2n1;Cc1cc(NC2CCN(c3cccnn3)CC2)nc(C2CCC2)n1;Cc1cnc(C)c(N2CC(c3nc(C4CC4)n[nH]3)C(C3CC3)C2)n1;Cc1nc(C)n(CC2CCCN2Cc2nc3ccccc3n2C)n1;Cc1cnc(N2CC(c3nc(C4CC4)n[nH]3)C(C3CC3)C2)nc1C;CN(CC1CCCN(C)C1c1cncn1C)c1ccnc(C#N)c1;CN(CC1CCCN(C)C1c1cncn1C)c1ccc(C#N)nc1;CN(CC1CCCN(C)C1c1ccnn1C)c1ccnc(C#N)c1;Cc1nc(-c2ccc(C)c(NCc3cn(C(C)C)nc3C)c2)n[nH]1;CC1CN(C(=O)CN2C(C(=O)O)CC3CCCCC32)CC(C)O1;O=C(O)CCC1CCCCN1C(=O)CN1CCCCCCC1=O;O=C(NC1CCCCC1)OCC1CN(C2CCCCC2)C(=O)O1;CCC(=O)NC[C@H]1O[C@H](CC2=NOC(C(C)(C)C)=C2)CC[C@@H]1O;O=C(C1CCCCN1C(=O)CC1(O)CCCC1)N1CCOCC1;COCCN1CC(C(=O)N2CCC3(CCOCC3)C2C)CC1=O;COc1ccc(CNCCCN2CCOCC2)c(OC)c1OC;CC(C)(C)OC(=O)N1CCCC(C(=O)N2CC3COCC3C2)C1;CC(C)(C)OCc1cc(C(=O)NCC2(O)CCCC2(C)C)no1;O=C(O)C[C@@H]1CCN(C(=O)C2CC2)C[C@@H]1CCN1CCOCC1;COC(C(=O)N1CCN(C(=O)C(OC)C2CC2)C(C)C1)C1CC1;CCOC(=O)CC(C)(C)CC(=O)NC1CCC(=O)NC1C1CC1;O=C(C[C@@H]1C[C@H]2O[C@H](CNC3CCCC3)[C@@H](O)[C@H]2O1)NC1CC1
m_f22bed,COc1cn(CC(=O)N2CCN(c3ccccc3)CC2)c(C)cc1=O;COc1cc(C(=O)N2CCN(C(=O)c3ccn(C)c3)CC2)ccc1C;COc1ncnc(OC)c1C(=O)N1CCC(Cc2ccccc2)CC1;COc1cccc(N2CCN(C(=O)c3ncc(C)cc3OC)CC2)c1;COC1=CC2=C(C=C1OC)CN(CN1N=C3CCCC3=CC1=O)CC2;COc1ccccc1-c1cc(C(=O)N2CCN(CC3CC3)CC2)no1;Cc1c(OCC(=O)N2CCN(c3ccccc3)CC2)c(=O)ccn1C;COc1ccccc1C(C)N1CCN(C(=O)c2cccc(=O)[nH]2)CC1;COc1ccccc1C(=O)N1CCCC(COc2ncc(C)cn2)C1;CCOc1ccccc1N1CCN(C(=O)c2ccc(=O)n(C)c2)CC1;COc1cc2c(cc1OC)CN(C(=O)NCc1ccc(C)nc1)CC2;COc1cc(C(=O)N2CCC(Cc3ccccc3CO)CC2)ncn1;COc1ncc(C)cc1NC(=O)C1CN(Cc2ccccc2)CCO1;COc1ccc(C(=O)NCC2CCN(c3ccccc3OC)C2)cn1;CCOc1ccccc1CN1CCN(c2ccnc(OC)c2)C(=O)C1;COc1cccc2c1OCC(C(=O)N1CCCC1c1cnn(C)c1)C2;COC(=O)C1(c2ccccc2)CCN(C(=O)c2cc(C)nn2C)CC1;COc1ccc(C(=O)N2CCCC(c3nc(C)no3)C2)cc1C1CC1;CCOC1CCCN(C(=O)Cn2cnc(-c3ccccc3)cc2=O)C1;COCC(=O)N1CCN(C(=O)c2c[nH]cc2Cc2ccccc2)CC1;COC(=O)C1CCN(C(=O)c2c(C)nn(-c3ccccc3)c2C)CC1;COc1cc(CNC(=O)c2ccc(C)c(N3CCOCC3)c2)ccn1;COc1ccc(C2CCCCCN2C(=O)c2ccc(=O)n(C)n2)cc1;Cc1cnc(OC2CCN(C(=O)C(C)Oc3ccccc3)CC2)nc1;CCOC1CCCN(C(=O)c2ccc(=O)n(Cc3ccccc3)n2)C1
m_f24d72,COC1=CC=C(C(=O)NCC2=CC=C(S(N)(=O)=O)C=C2)C(OC)=C1;COC1=CC=C(CC(=O)NC2=CC=C(S(N)(=O)=O)C=C2)C=C1OC;COC1=CC=C(C(=O)NCC2=CC=C(S(N)(=O)=O)C=C2)C=C1OC;COc1ccc(C(=O)O)cc1S(=O)(=O)N(C)CCc1cccnc1;COc1ccc(C(=O)O)cc1S(=O)(=O)N(C)CCc1ccccn1;COC1=CC(OC)=C(OC)C=C1/C=N/C1=CC=C(S(N)(=O)=O)C=C1;CNC(=O)COc1cccc(NS(=O)(=O)c2cc(C)ccc2O)c1;COc1ccc(C)cc1S(=O)(=O)NCCc1cccc(C(=O)O)n1;Cc1ccc(S(=O)(=O)Nc2cccc(C(=O)O)c2OC(C)C)cn1;COc1ccc(S(=O)(=O)Nc2ccc(C(C)(C)C(=O)O)cc2)cn1;Cc1cc(S(=O)(=O)Nc2c(C)ccn(C)c2=O)cc(C(=O)O)c1C;CCn1cccc(NS(=O)(=O)c2cc(C)c(C)c(C(=O)O)c2)c1=O;CNS(=O)(=O)c1cc(C(=O)Nc2ccccc2OCC2CC2)co1;COc1cccc(S(=O)(=O)N2CCN(C(=O)c3ccco3)CC2)c1;COc1ccc(S(=O)(=O)N2CCC(C(=O)O)CC2)c2ncccc12;COc1ccc(S(=O)(=O)N2CCCCC2C(=O)O)c2ncccc12;CC(=O)Nc1ccc(S(=O)(=O)N(C)CCC(=O)O)c2ccccc12;O=C(CN(CCO)S(=O)(=O)C1=CC=C(C2=CC=CC=C2)C=C1)NO;Cc1ccc(S(=O)(=O)N(C)CC(=O)NC2CC2)cc1C(F)(F)F;CC(=O)N1CC(NS(=O)(=O)c2ccccc2)CCC1C(F)(F)F;CN1C(=O)c2ccc(C(=O)N3CCCC(S(C)(=O)=O)C3)cc2C1=O;Cc1cc(C)c(S(=O)(=O)Nc2c(C)noc2C2CC2)cc1C(=O)O;Cc1noc(C2CC2)c1NS(=O)(=O)c1ccc2c(c1)OCCCO2;CN(C)C(=O)C1CCCN1S(=O)(=O)c1cccc(C(F)(F)F)c1;CCN(c1ccc2[nH]ccc2c1)S(=O)(=O)Cc1c(F)cccc1F
m_f2d901,COCCN1C(=O)CO[C@H]2CN(C(=O)C3=CC=NO3)C[C@H]21;COC(=O)[C@@H]1CC2=C(CN1C(=O)CCC(=O)O)N(C)C=N2;Cn1c(=O)ccn(CC(=O)N2CCCCC2C(=O)O)c1=O;COC(=O)C1CCCCN1C(=O)C(=O)Nc1cc(C)on1;O=C(Cc1n[nH]c2ccccc12)N1CCC(OC(F)F)C1;O=c1c2ccccc2nc(NC2CC(F)(F)C2)n1CCO;O=C(Cn1ccc(=O)[nH]c1=O)NC1(C(=O)O)CCCCC1;O=C(N[C@@H](CN1C=CC(=O)NC1=O)C(=O)O)C1CCCC1;Cc1noc(C2COCCN2Cc2cccc(F)c2F)n1;CS(=O)(=O)NC1CCN(c2ncnc3[nH]ccc23)CC1;Cc1noc(C2COCCN2Cc2cc(F)ccc2F)n1;CCCc1cc(N2CC(S(C)(=O)=O)C2)n2ncnc2n1;Cc1cccnc1Cn1nnc(C(C)(C)S(C)(=O)=O)n1;CCCc1cc(=O)n2nc(NCC(=O)NCC)sc2n1;CCn1ccnc(Nc2ccc(OCC(F)F)cc2)c1=O;CCn1cc(S(=O)(=O)Nc2cccnc2N(C)C)cn1;CC(C)(C)c1nnc(SCCOc2ccccc2F)[nH]1;OCC1CN(c2ncnc3c(F)c(F)ccc23)CCC1O;Cc1ccnc(Cn2nnc(C(C)(C)S(C)(=O)=O)n2)c1;O=C(CN1CCCc2cc(F)c(F)cc21)N1CCNC1=O;Fc1ccc(F)c(NCc2noc(C3CCOCC3)n2)c1;OCC1COC(Cn2cncn2)(c2ccc(F)cc2F)C1;C1=CC=C(CN2CC[C@H](C3=NC4=CC=CC=C4S3)C2)N=C1;CCCCCNC(=O)C1=CC([N+](=O)[O-])=C(C)C([N+](=O)[O-])=C1;Cc1cc(C)nc(NS(=O)(=O)c2cn(C(C)C)cn2)n1
m_f55e93,Cc1[nH]c2cc(=O)[nH]n2c(=O)c1CCC(=O)NC(CO)Cc1ccccc1;CN1C(=O)CCC(C(=O)NCc2ccc(C(=O)O)cc2)C1c1cnn(C)c1;Cc1cc(C(=O)Nc2ccc(C(=O)N3CCC(C(=O)O)CC3)cc2)nn1C;COC(=O)[C@H](CCSC)NC(=O)NCCC1=CC=C(OC)C(OC)=C1;CN(CC1=CC=CC=C1)C(=O)[C@@H]1CC2=C(CN1C(=O)CCC(=O)O)NC=N2;COCc1cc(NC(=O)N2CCC(c3ccccc3C(=O)O)CC2)ncn1;CCOC(=O)N1CCc2nn(CC(=O)NCc3ccccc3)c(=O)cc2C1;CC1CCn2ncc(C(=O)Nc3ccc(CC(=O)NCC(=O)O)cc3)c2C1;CCC(C)C(NC(=O)CCc1nc(-c2ccc3cc[nH]c3c2)no1)C(=O)O;CCC(C)C(NC(=O)CCc1nc(-c2cccc3[nH]ccc23)no1)C(=O)O;CCC(CNS(=O)(=O)N1CCC(C(=O)O)CC1)Oc1cccc(C)c1;CC(C)Oc1ccc(CCNS(=O)(=O)N2CCC(C(=O)O)CC2)cc1;CCN(CC)S(=O)(=O)c1ccc(C(=O)NC(C(=O)O)C(C)(C)C)cc1;O=C(O)[C@H]1CCCC[C@H]1C(=O)OCCOC(=O)[C@H]1CCCC[C@H]1C(=O)O;CC(C)NC(=O)CN1CCN(C(=O)NCc2ccc(Cl)cc2F)CC1;O=C(CCn1ccnc1)Nc1cccc(C(=O)N2CCCCC2C(=O)O)c1;O=C(O)C1=CC=C(CN2CC3=C(C[C@H]2C(=O)N2CCOCC2)N=CN3)C=C1;COC1=CC2=C(C=C1OC)CN(C(=O)CCNC(=O)C1=CN=CC=N1)CC2;CC(C)(C)OC(=O)NN1CC(=O)N2CC3=C(C[C@H]2C1=O)C1=CC=CC=C1N3;Cc1nc(N2CCOCC2)ccc1NC(=O)c1ccc(OCC(N)=O)cc1;CC(=O)N1CCN(C(=O)COC2=CC=C3N=C4CCCN4C(=O)C3=C2)CC1;CC(C)CNS(=O)(=O)c1ccc(C(=O)N2CCC(CO)C(O)C2)cc1;Cc1nccc(OC2CCN(C(=O)CNC(=O)OCc3ccccc3)C2)n1;CCC(Cc1ccc(NS(=O)(=O)N2CCC(OC)CC2)cc1)C(=O)O;O=C(O)CCN(C(=O)c1cccc(Nc2cnccn2)c1)C1CCOCC1
m_f5c42c,CC[C@H]1CN(C(C)=O)CC[C@H]1CC(=O)NC1=CC=CC=C1;CC1CCC(C(N)=O)CN1C(=O)CCCc1ccccc1;CN(CC1(C(=O)O)CC1)C1CCCN(c2ccccc2)C1;O=C(C1CCOCC1)N1CCCC(Nc2ccccc2)C1;Cc1cccc(C)c1C(=O)N1CCCC(CC(N)=O)CC1;CN1CCCC1C(=O)NCC1CCOC1c1ccccc1;CCN(CC)CCC1(c2ccccc2)CCC(=O)NC1=O;CCc1ccccc1C(=O)N1CCCC(CC(N)=O)CC1;Cn1c(C(=O)N2CCC(CC3CCCC3)C2)cccc1=O;CC1(CN2CCC(C(=O)Nc3ccccc3)CC2)COC1;CC1CCC(O)CN1C(=O)NCC1CC1c1ccccc1;NC(=O)CN(CCC1CCCCC1)C(=O)c1ccccc1;CN1CC[C@@](C)(O)[C@@H](NC(=O)C2CC2)[C@@H]1C1=CC=CC=C1;O=C(NCCN1CCC(O)CC1)C1CC1c1ccccc1;CC1CN(C(=O)C2(C)CCNC2)CC(c2ccccc2)O1;CC(=Cc1ccccc1)CN1CCCC(O)(CC(N)=O)C1;O=C(NC1=CC=CC=C1)OC[C@@H]1CCCN2CCCC[C@H]12;CC1COCCN1C(=O)NC(Cc1ccccc1)C1CC1;O=C(NC1CCCOC1)c1ccc(N2CCCCC2)cc1;O=C(NCCC1Cc2ccccc2C1)N1CCCC(O)C1;CC1CCCN1C(=O)c1ccnc(OC2CCCCC2)c1;CC1CN(c2ccccc2NC(=O)C2CCC2)CC(C)O1;CNC(=O)C1CN(CC2(c3ccccc3)CCC2)CCO1;COc1ccccc1C1CCN(C(=O)C2(N)CCCC2)C1;C=CCOC1CCN(C(=O)CN(C)c2ccccc2)CC1
m_f7002e,COCCN(CC(=O)O)C(=O)c1ccc(-c2ccccc2Cl)o1;CN(CCOC(=O)c1ccc(Cl)cc1Cl)Cc1ccccc1;Cc1cc(OCC(=O)NCc2ccc(C(=O)O)o2)cc(C)c1Cl;COC(=O)c1cc(CN(C)C(=O)c2ccc(O)c(Cl)c2)oc1C;COc1cc(C(=O)N(C)Cc2cc(C(=O)O)c(C)o2)ccc1Cl;COC1CC(CO)N(C(=O)c2ccc(C(F)(F)F)cc2Cl)C1;Cc1cc(C(=O)O)oc1C(=O)NCC(C)Oc1cccc(Cl)c1;COC1CC(CO)N(C(=O)c2ccc(Cl)c(C(F)(F)F)c2)C1;COc1cc(Cl)ccc1C(=O)N1CCCC(O)(C(F)(F)F)C1;O=C(CCOc1ccc(Cl)c(F)c1)N1CC(F)(F)CC1CO;O=C(NCC(O)CCc1ccccc1)c1c(Cl)cccc1Cl;O=C(CCOc1ccc(F)c(Cl)c1)N1CC(F)(F)CC1CO;O=C(CCOc1ccc(F)cc1Cl)N1CC(F)(F)CC1CO;COC(=O)Cc1occc1C(=O)N(C)c1ccc(OC)c(Cl)c1;COC1CC(CO)N(C(=O)c2cc(Cl)cc(C(F)(F)F)c2)C1;CC1(C)C(O)CC1CC(=O)N1Cc2ccc(Br)cc2C1;COc1ccc(Cl)cc1CN1CC(C(=O)O)C(C(F)(F)F)C1;COCCC1(C(=O)NC2CC2c2ccccc2Br)CC1;CC(Oc1cccc(Cl)c1)C(=O)N1CCC(O)(C(F)(F)F)C1;O=C(O)C1COCCN1C(=O)CCn1cnc2sccc2c1=O;Cc1csc(NC(=O)C2CCCN2C(=O)OCC(F)(F)F)n1;O=C(Cc1ccc(Br)cc1)NC1CCC12CCOCC2;CN(C(=O)C1CCCN1C(=O)OCC(F)(F)F)c1nccs1;O=C(Nc1ncc(Cc2ccccc2Cl)s1)N1CCOCC1;O=C(NC1CCC(O)CC1)C1CC1c1cccc(Br)c1
m_f7302f,CCCCCC1=C(CO)[C@@H](O)[C@H](OC(=O)O)[C@@H](O)[C@H]1O;CCCCNC(=O)N1C(NC(=O)OC)=NC2=CC=CC=C21;CCNC(=O)NC(=O)CNc1cccc2c1CN(C)C2=O;NC(=O)c1cccc(CNC(=O)N2CCNC(=O)CC2)c1;COC(=O)C[C@@H](C)OC(=O)C[C@@H](C)OC(=O)C[C@@H](C)O;O=C(CN1CCCC1CO)Nc1ccc2[nH]c(=O)[nH]c2c1;CN1C(=O)CCC1CNC(=O)c1cc(=O)[nH]c(C2CC2)n1;CCCn1cc(C(=O)N(C2CC2)C2CC(=O)NC2=O)cn1;CCOC(=O)CN/C=C(\C=N\NC(N)=O)C1=CC=CC=C1;CCN1CCC(NC(=O)c2nc[nH]c2C(F)(F)F)CC1;COCCN(C(=O)Cn1ncn(C)c1=O)c1ccccc1;Cn1ccc(NC(=O)CN2C(=O)C3CCCCC3C2=O)n1;CN1CCCC1CNC(=O)c1cn(C)nc1C(F)(F)F;CC(C)n1ccc(CC(=O)N2CC3C(=O)NC(=O)C3C2)n1;COC(=O)C(C)(C)CCNC(=O)c1ccnc2nc[nH]c12;COC1=CC=C(CCNC(=O)CC2=NNC=N2)C=C1OC;Cn1nc(C(C)(C)C)c2cc(C(=O)NCC(=O)O)cnc21;CN(C)c1cccc(CNC(=O)NCCC(F)(F)F)n1;O=C(NCCOC(=O)C1CC1)Nc1ccc(C2CC2)nn1;CC(C(=O)Nc1ccc2[nH]c(=O)[nH]c2c1)N1CCOCC1;CCn1cc(NC(=O)N2CCC(C(F)(F)F)CC2)cn1;N#Cc1cn(CCC(=O)NC2CCCCC2)c(=O)[nH]c1=O;CC1(NC(=O)CCn2nc3ccccn3c2=O)CCOC1;COCC(O)CN(C)C(=O)c1ccc(-c2ncn[nH]2)cc1;COc1cnc(C(=O)NC2CC(=O)N(C3CC3C)C2)nc1
m_f82743,Cn1cnc(-c2ccc(F)cc2)c1NC(=O)CCC1CCCC1;Cn1nc(C(=O)NCC2(O)CCC(C)(C)CC2)cc1C(F)F;Cn1cc(CCC(=O)N2CCCC2Cc2ccc(F)cc2)cn1;Cn1cccc1CN1CCC(C(=O)Nc2ccc(F)cc2)CC1;CC1CN(C(=O)CCc2cncn2C)CCc2ccc(F)cc21;CCCCC(=O)N1CCCn2nc(-c3ccc(F)cc3)cc2C1;Cn1cc(CCC(=O)N2CCCC2Cc2cccc(F)c2)cn1;Cc1n[nH]c(C)c1CC(=O)N1CCC(c2ccccc2F)CC1;Cn1nccc1C(=O)N(CCc1cccc(F)c1)C1CCCC1;CC(C)C[C@H](N)C(=O)N[C@@H](CO)C(=O)N1CCC[C@H]1C(=O)O;Cn1ccc(CN2CCN(Cc3cccc(F)c3)CC2)cc1=O;Cc1nn(C)c(C)c1CCC(=O)N1CCCc2ccc(F)cc21;CCn1ccnc1C1OCCC1NCC=Cc1ccc(F)cc1;Cn1cc(CC(=O)N2CCCC2(C)Cc2cccc(F)c2)cn1;Cc1n[nH]c(C)c1CCC(=O)NCc1ccc(C2CC2)cc1F;COCC(=O)N[C@H]1CO[C@@H](CN2CCN(C(C)=O)CC2)[C@@H]1O;O=C(CCc1ccccc1F)N1CCCCC1Cn1cccn1;CCc1cc(C(=O)N2CCCC2(C)Cc2cccc(F)c2)[nH]n1;Cc1ccc(F)c2c1N(C(=O)Cc1c(C)nn(C)c1C)CCC2;O=C(N[C@H]1CO[C@@H](CN2CCOCC2)[C@@H]1O)N1CCOCC1;Cc1cc(C(=O)NC(C(C)C)C2(CO)CCC2)nn1C(F)F;CC(CC(=O)NCc1cc2n(n1)CCC2)Cc1cccc(F)c1;Cc1cnn(CC2CCCCN2C(=O)Cc2cccc(F)c2)c1;CN(C(=O)CNc1ccnc2cc(F)ccc12)C1CCCCC1;CCC1CCCCC1OCC(=O)Nc1c(C(F)F)n[nH]c1C
m_f858ee,O=C(c1c[nH]c(=O)c2ccccc12)N1CCC(C(F)(F)F)C1CO;COC(=O)C1=CC=C(COC2=CC=C3N=C4CCCN4C(=O)C3=C2)O1;COC1=CC=C(N2C(C)=NC3=CC=C(OCC(=O)O)C=C3C2=O)C=C1;Cc1cccc2c(O)c(C(=O)N3CCOC(C(F)(F)F)C3)cnc12;O=C(c1ncoc1C(F)(F)F)N1CCC(c2ccc(O)cc2)CC1;O=C(c1n[nH]c2ccccc12)N1CCN(c2ccc(Cl)cc2)CC1;CCOc1nc(C(=O)N2CCCc3c2cccc3C(F)(F)F)co1;CNc1ccc(C(=O)N2CCn3c(cc4c(Cl)cccc43)C2)cn1;Cc1cc(C(=O)N2CCOC(c3ccccc3C(F)(F)F)C2)no1;Cc1ocnc1C(=O)N1CCOC(c2ccc(C(F)(F)F)cc2)C1;O=C(O)C1CCCN1Cc1coc(-c2ccccc2C(F)(F)F)n1;O=C(c1ccc2cc[nH]c2c1)N1CCN(c2ccncc2Cl)CC1;O=C(c1cccc2cc[nH]c12)N1CCN(c2ccncc2Cl)CC1;CCOc1nc2cccc(C(=O)O)c2n1Cc1ccc(C(=O)O)cc1;O=C(c1cc(Cl)c2ccccc2n1)N1CCCCC1c1ncc[nH]1;O=C(Nc1ccc(Cl)cc1)N1CCCC1c1nc2ccccc2[nH]1;Cn1c(C(=O)N2CCC(C(=O)O)C2)cc2cc(C(F)(F)F)ccc21;O=C(Nc1cccc(Cl)c1)N1CCCC1c1nc2ccccc2[nH]1;COC1=CC=C(C(=O)CN2N=C(C3=CC=CC=C3)OC2=O)C=C1OC;Cc1ccc2[nH]c(C3CCCN3C(=O)c3ccc(Cl)cn3)nc2c1;O=C(c1ccc2nncn2c1)N1CCCC1Cc1ccccc1Cl;O=C(c1ccco1)N1CCC(Oc2ccc(C(F)(F)F)cn2)CC1;O=C(O)COc1cccc(NC(=O)CN2Cc3ccccc3C2=O)c1;Cc1[nH]nc2ncc(C(=O)N3CCCC3c3ccc(Cl)cc3)cc12;O=C(Cc1ccon1)N1CCOC(c2ccc(C(F)(F)F)cc2)C1
m_f866a0,Cc1cc(C)cc(NC(=O)c2cn(C)nc2S(=O)(=O)N2CCSCC2)c1;Cn1cc(C(=O)NCCc2ccccc2)c(S(=O)(=O)N2CCSCC2)n1;Cn1nc2c(c1NC(=O)C1CCN(S(=O)(=O)c3cccs3)CC1)CCC2;Cc1cnc(NC(=O)c2cc(S(=O)(=O)N(C)C)ccc2N2CCCC2)s1;CCN(CC(=O)O)C1CCN(S(=O)(=O)c2ccccc2C(F)(F)F)CC1;COc1cc(S(=O)(=O)N2CCN(C(=O)c3ccco3)CC2)c(OC)cc1C;COc1ccccc1S(=O)(=O)NC1CCN(Cc2ccc(Cl)cc2)CC1;NS(=O)(=O)c1cc(C(=O)N2CCCCC2Cc2ccc(F)cc2)ccc1F;Cc1cc(N2CCCS2(=O)=O)ccc1C(=O)Nc1nnc(C(C)(C)C)s1;CCN(C)CC1CCN(S(=O)(=O)c2ccc(C(=O)O)c(C(F)(F)F)c2)C1;O=C(Nc1cc(NS(=O)(=O)c2cccc(F)c2)ccc1F)C1CCCCC1;O=S(=O)(Cc1ccccc1)NCC(c1ccccc1Cl)N1CCOCC1;O=C(O)C1CCN(S(=O)(=O)N(CCC(F)(F)F)Cc2ccccc2)CC1;CCCCN1Cc2cccc(NS(=O)(=O)c3cc(OC)ccc3Cl)c2C1;CC(C)C(CNC(=O)c1ccc(Cl)c(NS(C)(=O)=O)c1)c1ccccc1;O=C(Nc1ccc(-c2ccccn2)cn1)c1ccc(S(=O)(=O)NC2CC2)cc1;COC1=CC(C(=O)NCCC2=CC=C(S(N)(=O)=O)C=C2)=CC(OC)=C1OC;Cc1ccc(S(=O)(=O)c2c(Nc3ccccc3)[nH]n3c(=O)cc(C)nc23)cc1;CS(=O)(=O)N1CCc2c(ncn(Cc3csc(C4CCCC4)n3)c2=O)C1;CC(C)C(C(=O)Nc1ccc(S(=O)(=O)N(C)C)cc1)c1ccc(Cl)cc1;COC1CNCCC1C(=O)NCc1cc(C(F)(F)F)cc(S(C)(=O)=O)c1;O=S(=O)(Cc1cccc(Cl)c1)NCC(c1ccccc1)N1CCOCC1;COC1=CC2=C(C=C1OC)CC(=O)N(CC(=O)NC1CCS(=O)(=O)C1)C=C2;CC(C)C(NS(=O)(=O)c1ccc2c(c1)C(=O)NCC2)c1ccc(F)cc1F;Cc1c(C(=O)Nc2ccc(C(=O)NC3CC3)cc2)cnn1-c1ccccc1Cl
m_f8bf38,CCOC(=O)CCC(=O)NC1=CC=CC=C1C(N)=O;O=C(O)C1CCCN1C(=O)CCn1ccccc1=O;Cn1ccc(C(=O)N2CCC(C(=O)O)CC2)cc1=O;O=C(O)C1CCN(C(=O)CCn2ccccc2=O)C1;O=C(O)C1CN(C(=O)OCc2ccccc2)CCN1;Cc1ccc(C(=O)N2CCCCC2C(=O)O)c(=O)[nH]1;Cn1ccc(C(=O)N2CCCCC2C(=O)O)cc1=O;CCNC(=O)COC(=O)c1cccc(NC(C)=O)c1;COc1ccc(C(=O)N2CCCC2CC(=O)O)cn1;O=C(O)c1cccc(CNC(=O)N2CCOCC2)c1;Cn1ccc(C(=O)N2CCCC(C(=O)O)C2)cc1=O;NC(=O)C1CN(C(=O)Cc2ccccc2O)CCO1;O=C(O)C1CCCN(C(=O)OCc2ccccc2)N1;NC(=O)CC[C@H](NC(=O)CC1=CC=CC=C1)C(=O)O;CC(=O)NC1=CC=C([C@H]2OCC(=O)N[C@@H]2CO)C=C1;Cc1cc(O)cc(=O)n1CC(=O)NC1C2COCC21;CO[C@@]1(CC2=CC=CC=C2)NC(=O)[C@H](CO)NC1=O;COC(=O)C1=CC=CC=C1NC(=O)[C@@H](C)CC(N)=O;COc1ncccc1C(=O)NC1CCC(C(=O)O)C1;COc1ncccc1C(=O)NC1(C(=O)O)CCCC1;CC(Oc1cccnc1)C(=O)N1CCCC1C(=O)O;COC(=O)c1cccc(C(=O)NC2CCOCC2)n1;O=C(NCC1(C(=O)O)CCOCC1)c1ccncc1;COC1(C(=O)O)CCN(C(=O)c2cccc(C)n2)C1;CC(C)(CC(N)=O)NC(=O)c1ccc(C(=O)O)cc1
m_f8d39e,COc1cc(CNC(=N)NCCCCC(N)C(=O)O)ccc1O;CCCCCC/C=C\CCCCCC1=CC(O)=C(Cl)C(O)=C1;CC(=O)NC1=CC=CC=C1CCCCC1=CC=CC=C1NC(C)=O;COc1ccc(-c2ncccc2CNC(=O)CC2CCCC2)cc1;COC1=CC=C([C@H](CNC(=O)C2=CC=CC=C2)N2CCCC2)C=C1;CC1CCN(c2ccccc2NC(=O)COc2ccccc2)CC1;CCN1CCCC1CNC(=O)c1ccccc1Oc1ccccc1;CC(C)Oc1ccccc1CNc1ccc(C(=O)NC2CC2)cc1;CNC(=O)COc1ccccc1CNCC1(c2ccccc2)CC1;CCCCCC1=C(C)C(O)=C(NC(C)=O)C2=C1NC1=CC=CC=C12;CCCCCC(=NNC(=O)COc1ccccc1)c1ccccc1;COc1ccc(CNC(=O)C(C)N2CCc3ccccc3C2)cc1;COc1cc(CCNC(=O)NC2CCCCC2CO)ccc1F;CC1CCN(C(=O)COc2ccc(Nc3ccccc3)cc2)CC1;COc1ccc(C2CCN(Cc3ccc(C(N)=O)cc3)CC2)cc1;Cc1cc(C)cc(CCNC(=O)NC2c3ccccc3CC2O)c1;COc1ccccc1CC(=O)N1CCCCCC1c1ccncc1;Cc1ccccc1C1(C(=O)NCc2ccc(O)nc2)CCCCC1;COc1ccc(C2(C(=O)NCc3ccccn3)CCCCC2)cc1;CCC(=O)Nc1ccc(-c2ccc(NC(=O)CC)c(C)c2)cc1C;COc1ccc(C2CC(C)N(C(=O)c3ccc(CN)cc3)C2)cc1;COc1cc(C(=O)N2CCC(Cc3cccnc3)CC2)ccc1C;O=C(COC1CCNCC1)NC(c1ccccc1)c1ccccc1;CC1CN(C)c2ccccc2CN1C(=O)CCc1ccc(O)cc1;COc1ccc(C)cc1CN1CCCN(C(C)=O)c2ccccc21
m_f8ef30,CCc1ncc(C(=O)NCCN2CCOCC2)s1;CC(C(=O)Nc1nccs1)N1CCC(CO)CC1;O=C(NCCN1CCOCC1)NCc1cccs1;Cc1ncc(C(=O)NCCN2CCOCC2C)s1;CCc1cnc(N2CCN(CCC(=O)O)CC2)s1;O=C(CCc1c(F)cccc1F)N(CCO)C1CC1;O=C(CCc1nccs1)N1CCN(CCO)CC1;O=C(NCCc1nccs1)N1CCCC(CO)C1;CC(C)(O)C(=O)N1CCC(c2c(F)cccc2F)C1;Cc1nc(CCNC(=O)N2CCOCC2C)cs1;CCNc1ncc(C(=O)NC2CCCCC2O)s1;CCC1COCCN1C(=O)c1csc(CCN)n1;COC(=O)CN1CCN(c2nc(C)c(C)s2)CC1;CCOC1CCCN(C(=O)c2csc(CN)n2)C1;CCOCC1CCN(C(=O)NCc2nccs2)C1;CCN(C(=O)c1c(O)cc(F)cc1F)C1CCCC1;CC(CO)(NC(=O)Cc1cccc(F)c1F)C1CC1;CC(C)(O)C(=O)N1CCCC(O)(C(F)(F)F)CC1;CCC1=CC=CC(CC)=C1N(COC)C(=O)CCl;O=C(O)C(CNc1ncc(F)cn1)C1CCOCC1;NC(=O)CN1CC(F)CC1CNC(=O)c1ccco1;CCOCN(C(=O)CCl)C1=C(C)C=CC=C1CC;Cc1nc(CNC(=O)NCC2CCCS2)oc1C;CCc1nc(NC(=O)NCC2CCCO2)sc1C;CCC(NC(=O)C1CCOC1)c1cc(F)ccc1F
m_fb2bcc,CCOc1cc2nccc(N3CCC(C(=O)O)CC3)c2cc1OCC;CCOC(=O)C1CCN(C(=O)C2CC(=O)N(CC)C2)c2ccccc21;Cc1cccc(N2CC(C(=O)N3CCC(C(=O)O)CC3)CC2=O)c1C;CCOC(=O)N1CCN(CC2=CC(=O)OC3=CC(C)=C(C)C=C23)CC1;CCN1C(=O)CC2=CC=CC=C2[C@H]1C(=O)N1CCC2(CC1)OCCO2;CCOC(=O)N1CCN(CC2=CC(=O)OC3=C(C)C(C)=CC=C23)CC1;CCOC(=O)C1(O)CCN(C(=O)Cn2cc(C)c3ccccc32)CC1;CC(c1ccccc1)N1CC(C(=O)N2CCCC(C(=O)O)C2)CC1=O;CC(C)Cn1cc(C(=O)N2CCOC(CC(=O)O)C2)c2ccccc21;CCOC(=O)C1CCCN(C(=O)C2CC(=O)N(C)c3ccccc32)C1;Cc1ccccc1OCC(=O)N1CCN(CC(O)c2ccco2)CC1;CCOC(=O)N1CCN(CC2=CC(=O)OC3=CC(C)=CC(C)=C23)CC1;CCOC(=O)N1CCN(CC2=CC(=O)OC3=C(C)C=C(C)C=C23)CC1;CCOC(=O)N1CCC(NC(=O)CCc2cc3ccccc3o2)CC1;O=C(O)CCC(=O)N1CC[C@H]2CC(=O)N(C3=CC=CC=C3)CC[C@H]2C1;COC(=O)C1CCN(C(=O)NCc2oc3ccccc3c2C)CC1C;CCn1cc(CC(=O)N(CC(=O)O)C2CCOCC2)c2ccccc21;CCOC(=O)N1CCN(CC2=CC(=O)OC3=CC=C(CC)C=C23)CC1;CN1C(=O)CCC(C(=O)N2CCCC(C(=O)O)C2)C1c1ccccc1;COc1cccc(OC)c1CC(=O)N1CCN(Cc2ccco2)CC1;CC(=O)N1CC[C@@H]2CC(=O)N(CC3=CC=C4OCOC4=C3)CC[C@H]2C1;CC1CCCCC1OCCNC(=O)c1ccc2c(c1)C(=O)N(C)C2=O;CCOC(=O)C1CCCN(C(=O)c2cccc(N3CCCC3=O)c2)C1;O=C(O)CCC1CCN(C(=O)CN2C(=O)CCc3ccccc32)CC1;CCCc1ccc(C(=O)N2CCC(N3C(=O)COCC3=O)CC2)cc1
m_fb6996,COC1=CC2=NC(O)=C(C(=O)NCCCN3CCCCC3)C(O)=C2C=C1OC;CCOC(=O)N1CCC(NC(=O)C2CC(=O)N(c3ccccc3OC)C2)CC1;COc1ccc(CNCCC(=O)N2CCN(c3ccc(F)cc3)CC2)cc1F;COC1=CC2=C(C=C1OC)C(=O)N(CC(=O)N[C@H]1CCOC(C)(C)C1)C(C)=N2;COC1=CC=C(CCN2C(=O)N[C@@H](CCC(=O)N3CCCC3)C2=O)C=C1OC;COC(=O)[C@H]1CN(C(=O)C2=CC=C(OC)C=C2)CCN1C(=O)C1CCNCC1;COC(=O)[C@@H]1CN(C(=O)C2CCNCC2)CCN1C(=O)C1=CC=C(OC)C=C1;COc1ccc(CN(C)C(=O)CC(c2ccccc2)c2ccccc2)cc1OC;COc1ccc(C(NC(=O)C2CCCN(C(=O)N3CCCC3)C2)C(=O)O)cc1;COc1cccc(NC(=O)N2C3CCC2CC2(C3)CN(C)C(=O)CO2)c1OC;COC1=CC=C(CCN2C(=O)N[C@@H](CC(=O)NCC3CCOCC3)C2=O)C=C1;CCOC(=O)c1ccc2c(c1)N(CC(=O)NC1CCN(C(C)=O)CC1)CCO2;COCC(=O)N1C[C@@H]2COCCN2C2(C1)CN(C(=O)COC1=CC=CC=C1)C2;CN(C)C(=O)CN1C(=O)CO[C@H](C2=CC=C(NC(=O)C3CCC3)C=C2)[C@H]1CO;COC1=CC2=C(C=C1OC)N([C@H]1[C@@H]3OCC(O3)[C@@H](NC3CCCC3)[C@@H]1O)C=N2;COC(=O)CC[C@H]1CNC(=O)[C@@H]2[C@H](CCN2CC2=CC=C(C(=O)O)C=C2)N1C;COC1=CC=C2C(=C1)C=C(C(=O)N[C@@H](CC(C)C)C(=O)N[C@@H](C)C(=O)O)N2C;CC(C)C[C@@H](NC(=O)[C@H](CC(C)C)N1C(=O)NC2=CC=CC=C2C1=O)C(=O)O;COCCN1CCC(N2CCCN(C(=O)c3ccc4c(c3)OCO4)CC2)C1=O;COC1=CC2=C(C=C1OC)[C@@H](CC1=CC=C(OCC3=CC=CC=C3)C=C1)NCC2;CC(C(=O)Nc1ncccn1)N1CCN(c2ccnc(-c3ccccc3)n2)CC1;COC1=CC=C2CC3C4C[C@](NC(N)=O)(OC)C(=O)CC4(CCN3C)C2=C1O;CN(CC(=O)O)CC1CN(C(=O)C2CC(=O)N(Cc3ccccc3)C2)CCO1;CN(C)C1=CC=C([N+](=O)[O-])C=C1C(=O)OCC(=O)N1CCC[C@H]2CCCC[C@@H]21;O=C(CCc1nc(-c2ccco2)no1)N1CCC(OCC2CCCCO2)CC1
m_fbf20a,CCC(C(=O)O)N1CCN(CC(=O)N2CCCC2)CC1;CCN1CC2(C1)CN(C(=O)CCO)C[C@@H]1C[C@@H](O)CN12;COCC(=O)N1CCC(NC(=O)NC2CCCC2)CC1;CC(C(=O)O)N1CCN(CC(=O)N2CCCCC2)CC1;CC(C)N1C(=O)NC2CN(C(=O)CC(C)(C)O)CCC21;COCCN1C[C@H]2CN(C3CCOCC3)CCN2C1=O;CC(=O)N1CC2(CN(CCCO)C[C@H]3C[C@@H](O)CN32)C1;CNC(=O)CCN1CC(OC)CC1C(=O)N1CCCC1;CC1CN(C(=O)NCC(=O)N2CCCCC2)CC(C)O1;CN1CCN(C(=O)CNCC2CCCO2)C(C)(C)C1=O;CC(C)(O)CN1CCCN(C(=O)C2CNC(=O)C2)CC1;CN1CC(C(=O)NCCN2CCOCC2(C)C)CC1=O;COC1CCC(NC(=O)NC2CCCN(C)C2=O)CC1;CC(C)OC(=O)N1CCC(NC(=O)N2CCCC2)CC1;CC(=O)N1CCN(C(=O)CN2CCOCC(C)C2)CC1;COCC(=O)N1CCN2[C@H](CN(C(C)=O)CC2(C)C)C1;CNC(=O)C1CCCN(C(=O)CNCC2CCCO2)C1;CCN1CCN(C(=O)NC(C)C2(OC)CCC2)CC1=O;COCCN1CN(C(=O)NC2CCCC(C)C2)CC1=O;CCNC(=O)[C@@H]1CCCN1C1(C(=O)NC)CCOCC1;CNC(=O)[C@@H](C1CC1)N1CCC[C@H]1C(=O)NCCOC;CC(=O)NCC1CN(C(=O)C2(N)CCCCC2)CCO1;COCCN1CN(C(=O)NCC2CCC(C)C2)CC1=O;CC1CCC(C(N)=O)CN1C(=O)CNCC1CCCO1;CC1(C(N)=O)CCCCN1CC(=O)NC1CCOCC1
m_fd4556,CCOc1cccc(N2CCN(C(=O)C3CC(=O)N(C)C3)CC2)n1;COc1ccc(N2CCN(C(=O)CC3CCC(=O)N3C)CC2)nc1;CCc1cccnc1C(=O)N1CCC2C(C1)NC(=O)N2CCOC;CCOc1cccc(N2CCN(C(=O)CC3CCC(=O)N3)CC2)n1;CCOc1cccc(CC(=O)N2CCC(N3CCNC3=O)CC2)n1;CCc1cnccc1C(=O)N1CCC2C(C1)NC(=O)N2CCOC;COc1ccc(C(=O)N2CCN(C(=O)N3CCCCC3)CC2)cn1;CC(=O)N1CCOC(C(=O)N2CCN(c3cnccc3C)CC2)C1;CC(C)(C)OC(=O)N1CCC(COc2ccc3nccn3n2)CC1;COc1ccccc1OCCN1CCN(C)C(c2nc(C)no2)C1;O=C(NCCC(=O)N1CCN(c2ccccn2)CC1)C1CCCO1;CC1OCCCC1C(=O)N1CCN(c2ncccc2C(N)=O)CC1;COc1ccc(C(=O)NC2CCN(C3CCN(C)C3=O)CC2)cn1;COC(=O)N1CCCC(C(=O)Nc2ccc(N3CCCC3)cn2)C1;Cc1ccc(NC(=O)N2CCN(C(=O)C3CCCO3)CC2)c(C)n1;CN(C)c1ccncc1C(=O)NC1CCN(C2CCOCC2)C1=O;COCCN1C[C@H]2CN(C(=O)NCC3=CC=CC=C3)CCN2C1=O;COCC1CCCN(C(=O)c2c(C)nc3ccc(OC)nn23)CC1;CC1CC(=O)c2ncnc(N3CCN(C(=O)OC(C)(C)C)CC3)c21;CCn1c(C2CC(OC)CN2CCOc2ccccc2)n[nH]c1=O;COCCOC1=NC=CC=C1C1=NOC([C@@H]2CCCN2C(C)C)=N1;CCNC(=O)N1CCN2C(=O)N(CC3=CC=C(OC)C=C3)C[C@H]2C1;CCOC(=O)c1ccc(N2CCCN(C(=O)NC3CC3)CC2)nc1;CCN(CC)C(=O)CN(C)c1nc2ccccc2c(=O)n1CCO;CC(C)Oc1ccc(C(=O)N2CCCC(N3CCNC3=O)C2)cn1
m_fd693e,NCC(=O)N1C[C@H](NC(=O)C2=CC=CC=C2)C[C@H]1C(=O)O;COC(=O)C[C@H]1C(=O)NCCN1C(=O)NC1=CC=CC=C1;CNC(=O)C1CCCCN1C(=O)c1ccc(C(=O)O)nc1;CCN(C)C(=O)NCCOc1ccc(C(F)(F)F)cn1;Cc1nc(CN2CC(C(N)=O)C(C(F)(F)F)C2)oc1C;COC(=O)[C@@H]1CN(C(=O)C2=CC=CN=C2)CCN1C(C)=O;CC(C)c1ccoc1C(=O)NCCn1cnc(C(=O)O)c1;COC(=O)[C@H]1CN(C(C)=O)CCN1C(=O)C1=CC=CN=C1;Cc1[nH]nc(C(F)(F)F)c1C(=O)N1CCCC(C)(O)C1;Cn1cc(C(=O)N2CCCC(CC(F)(F)F)C2)[nH]c1=O;COCCNC(=O)C[C@@H]1NC(=O)C2=CC=CC=C2NC1=O;NCC1CN(c2ccc(N3CCOCC3=O)cc2)C(=O)O1;CC(O)(CNC(=O)CCc1nc2ccccc2[nH]1)C(=O)O;COCc1nn(CC(=O)NCc2ccccc2C)c(=O)o1;O=C(NCC1CCCCC1O)c1nc[nH]c1C(F)(F)F;Cc1nc(CNC(=O)C2CNCC2C(F)(F)F)oc1C;COC(=O)C1(NCCn2c(=O)oc3cccnc32)CCC1;O=C(NCCNCCO)C1=C(O)N=C2C=CC=CC2=C1O;O=C(CCOCC(F)(F)F)NC1CCc2nccn2C1;O=C(NCC1CCN(CC(F)(F)F)CC1)c1ccon1;O=C(O)CNC(=O)N1C[C@H]2C[C@@H](C1)C1=CC=CC(=O)N1C2;Cc1[nH]nc(C(F)(F)F)c1C(=O)N1CCCOC(C)C1;CCn1cc(C(=O)N(C)Cc2cc(C(=O)O)c(C)o2)cn1;Cc1cc(C(=O)N2CCOCC2c2nnc(C)o2)c(C)o1;CC(C)(C)OC(=O)N1CCc2c(C(F)(F)F)n[nH]c2C1
m_fe6eaa,COC(=O)CCC(=O)OC1=CC=C(OC(=O)CCC(=O)OC)C=C1;COC(=O)C[C@@H](OC(=O)/C=C/C1=CC=C(O)C(OC)=C1)C(=O)OC;COC(=O)C1=CC(OC)=C(O)C2=C1C(=O)[C@H]([C@@H](O)CC(C)=O)CO2;COC(=O)C1=CC(OC)=C2C(=O)[C@@H]([C@H](O)CC(C)=O)COC2=C1O;CCOc1cc(CNCc2ccco2)cc(Cl)c1OCC(N)=O;CNC(=O)C1CCC(C(=O)O)N(C(=O)Cc2cccc(Cl)c2)C1;CNC(=O)C1CCC(C(=O)O)N(C(=O)Cc2ccccc2Cl)C1;COc1ccc(CN(CCO)C(=O)Nc2nncs2)c(OC)c1;COC(=O)C[C@](O)(COC(=O)/C=C/C1=CC=C(O)C=C1)C(=O)OC;COC(C)(CNC(=O)CN1C(=O)CCC1=O)c1cccc(Cl)c1;COC1=CC2=C(C(=O)O[C@@H]3C[C@H](CCC(=O)O)O[C@H]23)C(O)=C1OC;O=C(Nc1ccc(=O)n(Cc2ccccc2)c1)c1cc(F)ccc1O;CC(=O)NC(CC(=O)N1CCCC1C(=O)O)c1ccc(Cl)cc1;CC(C)(CC(=O)N1CCNC(=O)C1c1ccccc1Cl)C(=O)O;CC(NC(=O)C1CCCC1)C(=O)Nc1ccc(Cl)c(C(=O)O)c1;O=C(COc1ccccc1)Nc1ccc(Oc2ccc(F)cc2)nc1;CCCOc1ccc(Cl)cc1C(=O)N1CC2(CN(C)C(=O)O2)C1;CN(CC(=O)O)C(=O)C1CCC(=O)N(C)C1c1cccc(Cl)c1;CO[C@@H]1[C@H]([C@@H](O)COC(=O)/C=C/C2=CC=C(O)C=C2)OC(=O)[C@@H]1O;CC(=O)NC(CC(=O)N1CCC(C(=O)O)C1)c1ccc(Cl)cc1;Cc1cc(=O)c(C(=O)OCc2cccc(F)c2)nn1-c1ccccc1;CC(=O)N1CC(O)CC1C(=O)NCc1cc(Cl)cc2c1OCC2;CNC(=O)C1CCC(C(=O)O)N(C(=O)c2cccc(Cl)c2C)C1;Cc1cc(=O)c(C(=O)OCc2ccccc2F)nn1-c1ccccc1;CN(C)CCN(CC(=O)O)C(=O)C1=Cc2cc(Cl)ccc2OC1
m_fe9649,COC1=CC=C2C(CC(=O)N(CC(C)C)CC(C)C)=CC(=O)OC2=C1;COc1ccc(C(O)C(C)NC(C)C(O)c2ccc(OC)cc2)cc1;COC1=CC(/C=C/C(=O)OC[C@H]2CCCN3CCCCC23)=CC=C1O;COC1=CC=C(CCN[C@H](C)[C@@H](O)COC2=CC=CC=C2)C=C1OC;COC1=CC=C(CCNCC(O)COC2=CC=CC(C)=C2)C=C1OC;COCC1=CC=C(O)C=C1CCN(C)[C@@H](C)[C@H](O)C1=CC=CC(O)=C1;COC1=CC=CC=C1[C@@]1(CCN2C(=O)CCC2=O)CCOC(C)(C)C1;CCCC(=O)[C@@H]1C(=O)CC(C)(C)C/C1=N\C1=CC=C(OC)C=C1OC;COc1ccc(C2(C(=O)N3CC(O)C(CO)C3)CC3(CCC3)C2)cc1;COc1ccc(C2(C(=O)N(C)C3COCC3O)CC3(CCC3)C2)cc1;COC1=CC=C(/C=C/C(=O)N2CC[C@@]3(O)CCCC[C@H]3C2)C=C1OC;CCCC(=O)C1=C(NC2=CC=C(OC)C=C2OC)CC(C)(C)CC1=O;CCCCOc1ccc(C(=O)NCCC(O)c2cc(C)oc2C)cc1;COc1ccc(C(=O)N2CCCC3(CC=CCC3)C2)cc1OCCO;COc1ccc2c(c1)N(C(=O)CC1(C(=O)O)CCCCC1)CCCC2;COC1=C2OCOC2=CC2=C1[C@H](CC(=O)CCC=C(C)C)N(C)CC2;COc1ccccc1C1(CNC(=O)C2CCC(C(=O)O)C2)CCCC1;COC1=CC2=C3C4=C1O[C@@H]1[C@@H](OC)[C@H](O)CC[C@@]41CC[C@@H]3N(C)CC2;COC1=CC2=C3C4=C1O[C@@]1(OC)C[C@]4(CC[C@H]3N(C)CC2)CC[C@@H]1O;COC1=CC2=C(C=C1OC)[C@]13CCN(C)[C@@H](C2)[C@@H]1CC(=O)C(OC)C3;O=C(COc1ccc2c(c1)CCC2)N1CCC2(CC1)CC(O)CCO2;COC1=CC2=C(C=C1OC)[C@@]13CCN(C)[C@@H](C2)[C@H]1C[C@@H](OC)C(=O)C3;CCO[C@H]1O[C@@H]2CC=C3CCN(C)[C@H]3[C@@H]2C2=CC(OC)=C(OC)C=C21;COC1=CC2=C3C4=C1OC1(OC)CC(O)CCC41CCC3N(C)CC2;COC1=CC2=C(CCCN3CCC4=CC[C@H](OC)C[C@]423)C(O)=C1OC
m_fea652,CCN(Cc1ncccc1C(=O)O)C1CCN(c2ccccc2)C1=O;CCc1cc(C(=O)N2CCN(C(=O)c3ccccc3)CC2)cc(=O)[nH]1;Cc1nc(O)ccc1C(=O)NC1CCCN(Cc2ccccc2)C1=O;CC(C)c1cc(C(=O)N2CCN(c3ccccc3)C(=O)C2)cc(O)n1;Cc1nc(O)ccc1C(=O)N1CCC(C(=O)Nc2ccccc2)CC1;CCOc1ncccc1C(=O)N(C)C1CCN(c2ccccc2)C1=O;Cc1ccnc(O)c1C(=O)NC1CCCN(Cc2ccccc2)C1=O;CCc1ccnc(C(=O)N2CCN(C(=O)c3ccc(O)cc3)CC2)c1;O=C(COc1ccccc1)N1CCN(C(=O)Cc2ccccn2)CC1;COC(=O)c1ccc(N2CCCC2)c(NC(=O)c2cccc(C)n2)c1;O=C(O)c1ccc(C(=O)NCC2CCN(c3ccncc3)CC2)cc1;Cc1ccc(N2CCCC(NC(=O)Cn3ccccc3=O)C2=O)cc1;O=C(O)CCC1CCCCN1C(=O)c1cnc(-c2ccccc2)nc1;O=C(NC(Cc1ccncc1)C(=O)O)c1cccc(N2CCCC2)c1;O=C(O)c1cnc(C(=O)N(CCc2ccccc2)C2CCCC2)cn1;COCC(=O)Nc1ccc(NC2CCN(c3ccccc3)C2=O)cc1;CC(NC(=O)COc1cccc(N2CCCC2=O)c1)c1ccncc1;Cc1ccn(CC(=O)NC2CC(C)N(c3ccccc3)C2=O)c(=O)c1;COCc1ccccc1C(=O)NC1CCCN(c2cccnc2)C1=O;Cc1ccc(C(=O)NC(CN2CCCC2=O)c2ccccc2)c(=O)[nH]1;CCc1ccccc1N1CC(C(=O)Nc2cnccc2OC)CC1=O;Cc1ccccc1CC(=O)N1CCN(C(=O)c2ccc(=O)[nH]c2)CC1;COC(=O)c1cccc(C(=O)N2CCCCCC2c2ccncc2)n1;CN(CC(=O)N1CCCC1)C(=O)c1ccccc1Oc1cccnc1;O=C(O)CC1CCCN(C(=O)Nc2ccnc(-c3ccccc3)c2)C1
m_feb5c1,COc1ccc(C(=O)Nc2cccc(F)c2Cl)cc1N1CCNC1=O;Cc1ccc(O)c(NC(=O)c2ccc(-c3noc(C(F)(F)F)n3)cc2)c1;Cc1c(Cl)cccc1NC(=O)CSc1nc(=O)[nH]c2c1CCCC2;Cc1c(C(=O)NCCc2c(F)cccc2F)sc2ncn(C)c(=O)c12;Cc1nscc1C(=O)N1CCN(C(=O)Cc2cccc(Cl)c2)CC1;O=C(C1=CC=C(O)C=C1)C1=C(C2=CC=C(O)C=C2)C2=C(O)N=C(O)N=C2N1;Cc1onc(-c2ccccc2Cl)c1C(=O)Nc1cccc2cccnc12;O=C(Nc1ccc(-c2ccc(Cl)s2)nc1)N1CCC2CCC(O)C21;O=C(Cc1noc2ccccc12)NCC(=O)Nc1ccc(F)c(F)c1F;O=C(Cc1csc(N2CCCC2=O)n1)NCCc1ccc(Cl)cc1;NC(=O)c1ccc2nc(-c3ccc(Oc4ccc(Cl)cc4)cc3)[nH]c2c1;Cc1cc(C)n(-c2ccccc2NS(=O)(=O)c2c(F)cccc2F)n1;CC(C)C(=O)Nc1nc(CC(=O)N2CCc3c(Cl)cccc32)cs1;O=C(NCc1ccc(Cl)s1)N1CC2CC(C1)c1cccc(=O)n1C2;CCCn1c(CO)nnc1S(=O)(=O)Cc1ccccc1C(F)(F)F;CC(NS(C)(=O)=O)C(=O)NC1CCN(c2ccc(F)c(Cl)c2)C1;O=C(CN1C(=O)NC2=CC=CC=C2C1=O)NC1=CC=C2OC(=O)C=CC2=C1;CC(C)C(=O)Nc1nc(CC(=O)N2CCc3ccc(Cl)cc32)cs1;O=S(=O)(Cc1ccc(F)cc1F)NCc1ccccc1-n1ccnc1;NC(=O)C1(NC(=O)c2cn(C3CC3)c3cc(Cl)c(F)cc3c2=O)CC1;Cc1cc(C)n(-c2ccccc2NS(=O)(=O)c2cc(F)ccc2F)n1;N#Cc1ccccc1S(=O)(=O)N1CCN(CC(O)C(F)(F)F)CC1;O=C(NC(C(=O)O)c1ccc(Cl)c(F)c1)C1CCc2ncncc2C1;O=C(c1cc2c(Cl)cccc2s1)N1CCCC(N2CCNC2=O)C1;O=C(O)C(c1ccc(Cl)c(Cl)c1)N1CCC(c2ccccc2)CC1
m_ff32bb,COc1ccccc1C(=O)NC(CCSC)C(=O)O;COc1ccc(C(=O)NC(CCSC)C(=O)O)cc1;COc1cc(C=CCNC(CS)C(=O)O)ccc1O;CC(=O)N[C@H](CSC[C@H](O)C1=CC=CC=C1)C(=O)O;O=C(O)C(CCS)NC(Cc1ccccc1)C(=O)O;COc1cc(C(=O)NC2CCOC2C(=O)O)ccc1F;O=C1NC(=O)[C@@H](C2=CC=C(O)C=C2)[C@@H]1C1=CC=C(O)C=C1;COc1cc(CNC2CCSC2=O)cc(OC)c1O;O=C(O)CNC(=O)Cc1cc2c(ccc3ccccc32)o1;NN1C=NC2=C(N=CN2C2OC(CO)C(O)C2O)C1=O;CC1=CC2=C(C(CC(=O)O)=C(C3=CC=CC=C3)O2)C(=O)N1;O=C(O)/C=C\C(=O)NC1=CC=C(OC2=CC=CC=C2)C=C1;O=C1NC(=O)[C@H](C2=CC=CC=C2O)[C@H]1C1=CC=C(O)C=C1;NC1=NC2=C(C(=O)N1)N(C1OC(CO)C(O)C1O)C=N2;O=C(O)c1cccc(C(=O)NC2COc3ccccc32)c1;NC1=NC(=O)NC2=C1N=CN2[C@@H]1O[C@H](CO)[C@@H](O)[C@H]1O;O=C(/C=C\C1=CC=C(O)C=C1)NC1=CC=CC=C1C(=O)O;NC1=NC2=C(N=CN2C[C@H]2O[C@@H](O)[C@H](O)[C@@H]2O)C(=O)N1;O=C(/C=C/C1=CC=CO1)C[C@]1(O)C(=O)NC2=CC=CC=C21;COC1=CC=CC=C1C1=C(N)OC2=CC(O)=CC=C2C1=O;COC1=CN(C(=O)C2=CC=C(O)C=C2)C2=CC=CC(O)=C12;O=C(COC1CCCCC1)Nc1cc(C(=O)O)cs1;Oc1ccc(Cc2nccc3cc(O)c(O)cc23)cc1O;Cc1ccc(CC(=O)N2CCC(O)(C(=O)O)CC2)s1;O=C(/C=C/NC1=CC=C(C(=O)O)C(O)=C1)C1=CC=CC=C1
m_ff4ed5,O=C1N=CNC2=C1N=CN2[C@@H]1O[C@H](CO)[C@@H](O)[C@H]1OP(=O)(O)O;O=C1NC=NC2=C1N=CN2[C@@H]1O[C@H](COP(=O)(O)O)[C@@H](O)[C@H]1O;O=P(O)(O)OC[C@H]1O[C@H](N2C=NC3=NC(O)=NC=C32)[C@H](O)[C@@H]1O;Cn1cc(Br)c(=O)c(NC(=O)CCCc2ccccc2)c1;COc1ccc(Br)c(CC(=O)N(C)c2cccc(C)n2)c1;Cn1cc(NC(=O)CCCc2ccccc2)cc(Br)c1=O;Cc1ccc(OCCNC(=O)c2cncc(Br)c2)cc1C;Cc1cc(=O)c(C(=O)NC(C)(C)c2ccccc2Br)c[nH]1;COc1cc(CNC(=O)NCCCF)cc(Br)c1OC;COc1c(C)cnc(CNC(=O)c2ccccc2Br)c1C;Cc1cc(C)c(OCC(=O)NCc2cccnc2)c(Br)c1;Cn1cc(NC(=O)C(C)(C)c2ccccc2)cc(Br)c1=O;O=C(O)c1ccc(C(=O)NC2CCN(c3ccccc3Cl)C2=O)o1;CCc1ccc(C(CO)NC(=O)c2ncccc2Br)cc1;Cc1[nH]ccc1C(=O)N1CCOC(c2ccccc2Br)C1;O=C(O)C(COP(=O)(O)O)OC1OC(CO)C(O)C(O)C1O;COC1=CC(O)=C2C(=O)C(O)=C(C3=CC(O)=C(O)C(O)=C3)OC2=C1O;CN(Cc1cccc(O)c1)C(C(N)=O)c1cccc(Br)c1;O=C1NC(=S)NC(O)=C1C1NCCC2=C1NC1=CC=C(Cl)C=C21;Cc1cccc(CN(CCO)C(=O)c2ncccc2Br)c1;Cc1ccc(Br)c(C(=O)N(CCO)Cc2cccnc2)c1;Cc1[nH]ccc1C(=O)N1CCOC(c2cccc(Br)c2)C1;CCc1ncoc1C(=O)NC1(c2ccccc2Br)CCC1;Cc1ccc(C(=O)N(CCO)Cc2cccnc2)c(Br)c1;CC(=O)OC1=C(O)C(=O)C2=C(OC(C)=O)C=CC(OC(C)=O)=C2C1=O
m_ff5db9,CC1=CC=C2C(=C1)N=CN2[C@H]1O[C@H](COP(=O)(O)O)[C@@H](O)[C@H]1O;Cc1cc(C(=O)NC2(CCO)CCN(C)CC2)oc1Br;CCN1CC(C(=O)NCCNc2ncc(Cl)cc2Cl)CC1=O;NC(=O)NCCC(=O)N1CCN(c2c(Cl)cccc2Cl)CC1;COCCN1CCC(CNC(=O)c2coc(Br)c2)CC1;COCC1CN(C(=O)c2cc(Br)cn2C)CC(C)(C)O1;CNC(=O)NCC(=O)NC1CCN(c2ccc(Cl)cc2Cl)C1;O=C(O)COC1=CC=C2C(=C1)C1=CC=NC3=C1N2C(=O)C1=CC=CC=C13;O=C(c1cccc2sc(C(F)(F)F)nc12)N1CCC(CCO)C1;CC1CC(O)CCN1C(=O)c1cccc2sc(C(F)(F)F)nc12;CN1CCC(O)(CNS(=O)(=O)c2c[nH]c3ncc(Cl)cc23)C1;Cc1c(C(=O)NCC2(O)CCC2)sc2nc(C(F)(F)F)ccc12;COC1CCCN(C(=O)c2cccc3sc(C(F)(F)F)nc23)C1;Cn1c(C(=O)NC2CC[S+]([O-])C2)cc2cc(C(F)(F)F)ccc21;O=S(=O)(NCC1CCC(c2ncn[nH]2)O1)c1ccc(F)cc1F;O=S(=O)(NCC1CCC(c2ncn[nH]2)O1)c1cccc(F)c1F;COC1CC(c2ncn[nH]2)N(S(=O)(=O)c2cccc(F)c2F)C1;O=C(Cc1csc(-c2ccsc2)n1)NC1CCc2nccn2C1;COC1CN(S(=O)(=O)c2cccc(F)c2F)CC1c1c[nH]nn1;Cc1cc(NC(=O)C2CCCN2c2ncnc3sccc23)cs1;CC1CCc2c(sc3ncn(Cc4ccc(Cl)cc4)c(=O)c23)C1;Cc1n[nH]c(C2OCCC2NS(=O)(=O)c2ccc(F)cc2F)n1;O=C(O)C1=CC(OC2OC(CO)C(O)C(O)C2O)=CC(C(=O)O)=C1;CN(C)c1ncccc1CNC(=O)c1cnc(-c2ccsc2)s1;COc1ccc(C(=O)Nc2ccc(-c3n[nH]c(C)n3)c(Cl)c2)nn1
m_ff7740,O=C(Cn1c(=O)cnc2ccccc21)Nc1cc(Cl)c(Cl)cn1;Cc1ccc(CC(=O)NCCNS(C)(=O)=O)cc1Br;O=C(O)COC1=CC=C2C(=O)/C(=C/C3=C(F)C=CC=C3Cl)OC2=C1;O=C(NCc1nc(-c2ccccn2)no1)c1ccc(Cl)c(Cl)c1;CNS(=O)(=O)CC(=O)NC(C)Cc1ccccc1Br;COc1nsc(C(=O)NC2CCC(OC)CC2)c1Br;CNS(=O)(=O)CC(=O)NC(C)Cc1ccc(Br)cc1;CC(C)(CNc1c(Br)cccc1S(C)(=O)=O)C(N)=O;COc1ccc(Br)cc1S(=O)(=O)NCC1CCCN1;COc1ccc(Br)cc1S(=O)(=O)N1CCC(CN)C1;CCS(=O)(=O)Nc1cc(N2CCOCC2)ccc1Br;COc1ccc(Br)cc1S(=O)(=O)NC1CCCNC1;O=C1C(COCC2=CC(O)=CC(Cl)=C2O)=C[C@@H](O)[C@@H](O)[C@@H]1Cl;COc1ccc(Br)c(S(=O)(=O)NC2CCCNC2)c1;COc1ccc(S(=O)(=O)NC2CCCNC2)cc1Br;COc1ccc(S(=O)(=O)N2CCCC(N)C2)c(Br)c1;COc1ccc(S(=O)(=O)N2CCCC(N)C2)cc1Br;COc1ccc(Br)cc1S(=O)(=O)N1CCN(C)CC1;O=C(NCCc1csc(-c2ccc(Cl)cc2)n1)c1cccs1;COc1ccc(S(=O)(=O)N2CCCNCC2)cc1Br;COc1cc(S(=O)(=O)N2CCCNCC2)ccc1Br;Cc1ccc(S(=O)(=O)NC(C)(C)CC(N)=O)c(Br)c1;COc1ccc(Br)c(S(=O)(=O)N2CCNCC2C)c1;CNS(=O)(=O)N1CCOC(c2ccc(Br)cc2)C1C;COc1ccccc1Oc1c(Cl)nc(-c2ncccn2)nc1Cl
m_ff926d,CCN(C(=O)c1ncn(C(C)(C)C)n1)c1ccccc1C;Cc1ccc(C)c(CC(=O)NCc2nncn2C(C)C)c1;CC(C)NCC(=O)NC1=CC(N(C)C)=NC2=CC=CC=C12;Cc1cccc(-c2nc(C)nn2CC(=O)NCC(C)C)c1;CCN(C)c1ccccc1NC(=O)c1cc(C)nn1CC;CC(C)CNC(=O)NC(c1ccccc1)c1nccn1C;Cc1cc(C)cc(CCNC(=O)NCc2nccn2C)c1;CC(C)n1ccc(C(=O)Nc2ccccc2CN(C)C)n1;CC(C)Cn1nccc1NC(=O)c1cccc(N(C)C)c1;Cc1ccc(NC(=O)CC(C)n2nc(C)nc2C)c(C)c1;CCN(CC)CCNC(=O)c1ccc2cc(N)ccc2n1;CC(C)N(C)CC(=O)NCc1ccccc1-n1ccnc1;CCC(Nc1cccc(Cn2nc(C)cc2C)c1)C(N)=O;CCn1cnnc1NC(=O)c1ccc(C(C)(C)CC)cc1;CC(C)CNC(=O)NCc1ccc(Cn2cccn2)cc1;CC(C)C(CN(C)C)NC(=O)c1nncc2ccccc12;CCC(C)(C)c1ccc(C(=O)Nc2nc(C)n(C)n2)cc1;CCN(C(=O)c1cn(C)nc1C(C)(C)C)c1ccncc1;CN(Cc1nc2ccccc2n1C)C(=O)CN(C)C1CC1;COC1=CC=C(CN(CCN(C)C)C2=NC=CC=N2)C=C1;Cc1ccc(NC(=O)CC(C)Nc2cnn(C)c2)c(C)c1;CCC(CC)n1nc(C(=O)Nc2ccnc(C)c2)cc1C;Cc1cccc(NC(=O)CC(C)Nc2cnn(C)c2)c1C;CCc1ccccc1NC(=O)CC(C)Nc1cnn(C)c1;CN(Cc1nc2ccccc2n1C)C(=O)C1CCCCN1
