molecule_id,smiles
m_005e53,CN(Cc1ncccc1C(=O)O)CC1(c2ccc(Br)cc2)CC1;CC=C(O)C(=O)OCCCOCCCCOCCCOC(=O)C(O)=CC;CCCCCCCOC(=O)c1ccc(OCCOc2ccc(F)cc2)cc1;CCOC(=O)C(C)OC(=O)CCCCCCC(=O)OC(C)C(=O)OCC;O=C(OCCCCCCOc1ccc(-c2ccccc2)cc1)c1ccccc1;O=C(CCc1ccc(OCCc2ccccc2)cc1)OCCc1ccccc1;CCCOC(=O)C(C)OC(=O)CCCCC(=O)OC(C)C(=O)OCCC;O=C(O)C(=C(O)/C(O)=C(\C(=O)O)C1=CC=C(O)C(O)=C1)C1=CC=C(O)C=C1;C=C(CC/C=C(/C)CO)CCO[C@@H]1O[C@H](COC(C)=O)[C@@H](O)[C@H](O)[C@H]1O;O=C(Cc1cccc([S-])c1)OCCCOC(=O)Cc1cccc([S-])c1;CCCCCCCCCCCCOC(=O)[C@H]1OC(=O)[C@H](O)[C@H]1C(=O)OO;CC(C)=CCCC(C)CNC(CCC(=O)NC(CS)C(=O)O)C(=O)O;O=C1C2=CC(O)=CC(O)=C2C(=O)C2=C1C=C(O)C([C@H](CCO)C(=O)O)=C2O;C=CC(C)(O)CCC=C(C)COC1OC(COC(C)=O)C(O)C(O)C1O;C#CCCCCC(=O)NC(CCCNC(=O)Cc1ccc(O)cc1)C(=O)O;COC(=O)CC(C1=CC=C(O)C=C1)C1=C(O)N=C2C=CC(Cl)=CN2C1=O;O=C(COC(=O)CCn1c(=O)oc2ccccc21)Nc1ccc(Cl)cc1;CCCCCCOc1cccc(OC(=O)c2ccc(-c3ccccc3)cc2)c1;O=C(CCSc1ccc(F)cc1)OCc1cc(=O)oc2cc(O)ccc12;CC(=O)c1ccc(-c2ccc(OCCCCCOc3ccccc3)cc2)cc1;CCCCCC(=O)OC(CC(=O)OCC)(CC(=O)OCC)C(=O)OCC;O=Cc1ccc(OCCCCCCCCCCBr)c(Cl)c1;CC(C)NC(=O)COc1cc2ccccc2cc1C(=O)NCCOCCO;CCCCCCCCOc1ccc(C#Cc2ccc(C(F)(F)F)cc2)cc1;C[C@@]1(O)CC[C@H]2[C@H]1C=C[C@@H](O)C[C@]2(C)O[C@@H]1O[C@@H](CO)[C@@H](O)[C@H](O)[C@@H]1O
m_006153,COc1ccc(N2CC(C(=O)Nc3nncn3C3CC3)CC2=O)cc1;CC(=O)NCCC1=CC=C(O[C@@H]2O[C@H](CO)[C@@H](O)[C@H](O)[C@H]2O)C=C1;CCNC(=O)c1c(C)cccc1OC1OC(CO)C(O)C(O)C1O;COC1=CC=C(/C=C/C(=O)NCCC2=CC=C(OC)C(OC)=C2)C=C1;O=C(NCCCO)c1ccc(NCCN2CCOCC2)c(Cl)c1;COc1ccc(C)cc1C(=O)CCC(=O)NCCc1ccc(O)cc1;COc1cc(C=CCNC(C=O)C(O)C(O)C(O)CO)ccc1O;COc1ccc(C(=O)CCCCNC(=O)c2ccccc2)cc1OC;O=C(O)c1ccc(CCC(=O)N2CCCC2c2ccc(F)cc2)cc1;O=C(NC1CCN(C(=O)Cc2ccc(F)cc2)CC1)c1ccncc1;COC1=CC=C(CNC(=O)CCC(=O)C2=CC=C(C)C=C2)C=C1OC;COc1ccc(N2CC(C(=O)N3CCCn4ncnc43)CC2=O)cc1;O=C(NCCOc1ccc(F)cc1)NCCc1c[nH]c2ccccc12;COc1cc2c(cc1OC)CCN(C(=O)COc1ccccc1)CC2;O=C(c1ccc(O)cc1)N1CC[NH+](Cc2ccc3c(c2)OCO3)CC1;O=C(CCCc1c[nH]c2ccccc12)OCCOc1ccc(F)cc1;COc1cc(Cl)ccc1CNC(=O)N(C)CCN1CCOCC1;CCOC(=O)NCC1=CC=C(O[C@@H]2O[C@@H](C)[C@H](O)[C@@H](O)[C@H]2O)C=C1;COC1=CC=C(NC(=O)C2=CC3=CC=C(O)C=C3OC2=O)C=C1OC;COc1cc(CNC(CCCNC(N)=O)C(=O)O)cc(OC)c1O;O=C(O)CCc1ccc(OCc2coc(-c3cccc(F)c3)n2)cc1;NC(CC1=CNC2=CC=CC=C12)C(=O)NC(CC1=CN=CN1)C(=O)O;CCOC(=O)c1ccc(CNC(=O)CCc2ccc(OC)cc2)cc1;CCNC(=O)CN(CC)C(=O)CCNc1cc(Cl)ccc1OC;COc1ccc(CC(=O)N2CC(O)CC2c2cccc(OC)c2)cc1
m_00b5aa,COc1ccnc(CN2CCOCC3(CCCC3)C2)c1OC;CCCCCCC(O)C(Cl)CCCCCCCC(=O)O;CCCCCCC(Cl)C(O)CCCCCCCC(=O)O;CCCCCCCCNc1ccc(C(=O)NCC(=O)O)cc1;CCCCCC(CC)Nc1ccc(C(=O)NCC(=O)O)cc1;CCCCCCCC(=O)NNC(=O)Cc1ccc(OC)cc1;CCCCCCC(=O)Nc1ccc(C(=O)NCCOC)cc1;CCCCCCCC(=O)NNC(=O)COc1cccc(C)c1;CCCCCC(=O)N(CC)CC(=O)Nc1ccccc1OC;CCCCCCCNC(=O)C(=O)NCc1ccc(OC)cc1;CCCCCNC(=O)CC(=O)Nc1ccccc1OC(C)C;CCOC(=O)NCCCCCC(=O)NCCc1ccccc1;CCCCCCCNC(=O)C(=O)NCc1cccc(OC)c1;CCCCOc1ccc(C(=O)NCC(=O)NCC(C)C)cc1;CCCCCCCCNC(=O)C(=O)Nc1ccccc1OC;COc1cccc(C(C)N2CCN(CCCC(=O)O)CC2)c1;CCCCNC(=O)NC(=O)COc1ccc(C(C)CC)cc1;CCCCC(=O)Nc1ccc(NC(=O)CC(C)C)cc1OC;CCCCCNC(=O)C(=O)Nc1ccc(OCCCC)cc1;CCCOc1ccccc1NC(=O)CCCCCNC(C)=O;CCCCOC(=O)NCCNC(=O)CCc1ccc(C)cc1;CCCCCCCC(=O)NN=Cc1ccc(O)c(OCC)c1;CCN(CC)C(=O)CCCC(=O)NCCc1cccc(O)c1;CCCCCOCC(=O)Nc1cccc(NC(=O)CCC)c1;CCCCCCOc1ccc(C=CC=Cc2ccccc2)cc1
m_01e922,Cc1ccc(C(=O)OCC2CCCCC2)c(=O)[nH]1;C[S+]([O-])CCCCCCCCC(N)C(=O)O;CC(C)=CCC1=CC(C[C@H](N)C(=O)O)=CC=C1O;CCCCC(=O)NC(Cc1ccccc1)C(=O)O;O=C(O)C(Cc1ccc(O)cc1)NC1CCCC1;CC(C)C(NC(=O)CCc1ccccc1)C(=O)O;CC(=O)CC(C)NC(Cc1ccccc1)C(=O)O;NC(=O)NCCCC(NCC(O)CO)C(=O)O;CCCCOc1ccc(C(=O)NCCC=O)cc1;O=C(O)CCCC(=O)NCCCC1=CC=CC=C1;CCCCOc1ccc(NC(=O)CC(C)=O)cc1;CCCCCC(=O)NC1=CC=C(C(=O)OC)C=C1;COC1=CC=C(C(=O)CCN2CCOCC2)C=C1;CCCCOC(=O)C(C)NC(=O)c1ccccc1;CC(Cc1ccccc1)C(=O)NCCCC(=O)O;CCCCCCOC(=O)C(N=O)c1ccccc1;CCCCCOc1ccc(C=CC(=O)NO)cc1;CCC(C)C(NC(=O)Cc1ccccc1)C(=O)O;O=C(c1ccc(OCCCO)cc1)N1CCCC1;CCCCCC(=O)NCC(=O)C1=CC=C(O)C=C1;CCCCOC(=O)NC1CCOc2ccccc21;COc1ccc(C(=O)CCCCCC(N)=O)cc1;CCCCOC(=O)C(Cc1ccccc1)NC=O;Cc1ccc(OCCC(=O)N2CCOCC2)cc1;CC(NC(=O)c1ccc(C(C)(C)C)cc1)C(=O)O
m_0259d4,O=C(NCCCn1ccnc1)NCCc1coc(-c2ccccc2)n1;CCCCNc1nc2c(ncn2C2OC(CO)C(O)C2O)c(=O)[nH]1;CCC(=O)NC(COC1OC(CO)C(O)C(O)C1O)C(F)CC;CC(=O)NC1C(Oc2ccc(C(C)=O)cc2)OC(CO)C(O)C1O;OCCC1=CNC2=CC=C(O[C@H]3O[C@H](CO)[C@@H](O)[C@H](O)[C@H]3O)C=C12;CC(C)(C)c1ccc(C=NOC2OC(CO)C(O)C(O)C2O)cc1;CCN(CCO)C1=NC=NC2=C1N=CN2C1OC(CO)C(O)C1O;CCCCOc1nc(N)c2ncn(C3OC(CO)C(O)C3O)c2n1;NC(=O)NCCCC(NC(Cc1ccc(O)cc1)C(=O)O)C(=O)O;OCC[C@H]1N[C@H](CO)[C@@H](O)[C@@H]1O[C@@H]1O[C@H](CO)[C@@H](O)[C@H](O)[C@@H]1O;CC(Cc1ccc(Cl)cc1)N(C)C(=O)NCCN1CCOCC1;CC(C)CSCC1OC(N2C=NC3=C(N)N=CN=C32)C(O)C1O;CCCCOc1nc2c(N)ncnc2n1C1OC(CO)C(O)C1O;OCC1OC(N2C3=CC=CC=C3C3(O)CCOC23)C(O)C(O)C1O;NC(=O)NCCCC(NCC(O)C(O)C(O)C(O)CO)C(=O)O;Cc1oc(CN(C)C(=O)C(C)OCC2CCCCO2)cc1C(=O)O;COC(=O)C(CC(C)C)NC(=O)c1cc(OC)c(OC)c(OC)c1;CC(=O)NC1C(OCCCCCCCl)OC(CO)C(O)C1O;O=C(Nc1cnc(C2CC2)nc1)N1CCN(c2ccc(O)cc2)CC1;COc1ccc(CNC(CCOC(=O)CCC(=O)O)C(=O)O)cc1;OCCOC1CCCN(c2ncnc3c2ncn3-c2ccccc2)C1;CC(=O)NC1C(CC(=O)c2ccc(O)cc2)OC(CO)C(O)C1O;CCN1CCN(CC(C)CNC(=O)c2ccc(Cl)cc2O)CC1;O=c1oc2ccccc2c([O-])c1OC1OC(CO)C(O)C(O)C1O;COc1c(C2CCCN2C(=O)c2cccc3[nH]ncc23)c(C)nn1C
m_02d188,CC(=O)Nc1ccc(NCC(=O)NC(C)c2ccccc2)c(Cl)c1;CCCCCCCCCCCOP(=O)(O)C(=O)[P+](O)(O)O;CCCCCCCCCCCCC[P+](O)(O)OP(=O)(O)O;CCCC(=O)OCC(O)C(O)CNS(=O)(=O)c1ccc(C)cc1;CC(C)([NH2+]CCNCC[NH2+]C(C)(C)P(=O)([O-])[O-])P(=O)([O-])[O-];CCCCCCCCCCCC(O)CC(=O)NC(CCO)C(=O)O;COC1=CC=C(OC[C@@H](O)CNC(=O)C2=CC=CC=C2C(=O)O)C=C1;CCCCCCCCCCCC(O)CC(=O)NC(C(=O)O)C(C)O;CCOCC(O)COc1ccc(NC(=O)CCS(C)(=O)=O)cc1;CCOP(=O)(Cc1ccc(-c2nc3ccccc3[nH]2)nc1)OCC;CC(C)(C)c1ccccc1OC(=O)CCP(=O)([O-])c1ccccc1;CCCCCCCCCCCCCC(CCC#N)OP(=O)([O-])[O-];CCCCCCCCCCCCOC(=O)CNC(=O)OCCOC;C=CC(=O)N(CCCCCCCCCCCC)CCP(=O)([O-])[O-];CCOC(=O)CCN(CCOC)S(=O)(=O)c1ccc(OC)cc1;C[O+](C1=CCCCC1)P(=O)(Oc1ccccc1)Oc1ccccc1;CCCCCNC(=O)c1cccc(C(=O)Nc2ccc(Cl)cc2)n1;CCCCCCC(=O)NCCOC(=O)c1ccc(C(F)(F)F)cc1;CCCCCCCCOC(=O)C(CC(C)C)NC(=O)OCCOC;O=C([O-])CCCCCCCC(=O)OCC(O)C1OC(=O)C(O)C1=O;COCCOCCCNS(=O)(=O)c1ccc(C(=O)OC)cc1C;CCOP(=S)(NC(C)C)OC1=CC=CC=C1C(=O)OC(C)C;COCP(=O)(NC(C)C(=O)OC(C)C)Sc1ccc(C)cc1;CCC(=O)N(CCOC)Cc1ccc(OC)c(OS(C)(=O)=O)c1;CO[Si](C)(C[NH2+]CCOP(=O)([O-])OCC[N+](C)(C)C)OC
m_0318b5,O=C(Nc1ccc(F)cc1)C(c1ccccc1)N1CCC(n2cccn2)CC1;COC(=O)C(Cc1ccccc1)NC(=O)C(CC(=O)O)NC(C)CC(C)=O;CCCCC(=O)NC(CNC(Cc1ccccc1)C(=O)OC)C(=O)C(=O)O;CC(NC(=O)CNC(=O)C1CCCCC1)c1nc2ccccc2n1C(F)F;O=C(NCCNC(=O)N1CCC(CN2CCCC2)C1)c1ccc(Cl)cc1;CC(C)(C)C1=CC=NC(N[C@H]2CO[C@H]3[C@@H]2OC[C@@H]3NC(=O)CCC(=O)O)=N1;COc1ccc(C(CC(=O)O)NC(=O)CN2CCCCCC2=O)cc1OC;CC(CC(=O)NC1CCN(c2ncccc2Cl)C1)NC(=O)C1CCCC1;COCC(NC(=O)C1CCN(C(=O)COc2ccccc2)CC1)C(=O)OC;Cc1cccc(CC2(O)CCN(C(=O)Nc3cnn(C)c3C(F)F)CC2)c1;COC1=CC=C(CNC(=O)C[C@@H]2O[C@H](CNC(=O)C3CC3)[C@@H](O)[C@H]2O)C=C1;CC(C)C([NH3+])C(=O)NCC(=O)NCC(=O)NC(Cc1ccccc1)C(=O)[O-];CC(S)CCC(=O)OCCCCCCCCOC(=O)CCC(C)S;CCCC(NC(=O)NCc1ccc(F)cc1)C(=O)NC1CCC(C(=O)[O-])C1;CC1CCC(NC(=O)N2CCC(C(=O)Nc3ccc(Cl)cn3)CC2)CC1;CCN1CCN(CCNC(=O)C2CCN(c3cccc(Cl)c3)C2=O)CC1;NC(=O)CC1CCN(C(=O)NC2CCCN(c3ccccc3Cl)C2)CC1;CC1(C)S[C@@H]2[C@H](NC(=O)[C@@H](C(=O)O)C3=CC=CC=C3)C(=O)N2[C@H]1C(=O)O;COC1=CC=C(CCNC(=O)[C@@H](CC2=CC=CC=C2)N2C=CC=C2)C=C1OC;CCOC(=O)C(Cc1cn(C)c2ccccc12)NC(=O)C([NH3+])CCSC;CCNC(=O)N1CCCC(O)C(NC(=O)c2ccc(OCC(N)=O)cc2)C1;CCNC(=O)N1CCC(NC2CCCN(c3ccccc3Cl)C2=O)CC1;CCCCCC1=CC=C(C(=O)COC2=CC=C3C(C)=C(C)C(=O)OC3=C2)C=C1;CC(C(=O)NC1CC1)[NH+]1CCN(S(=O)(=O)c2ccc3c(c2)CCC3)CC1;Cn1cc(CC2CCN(CC(=O)NCc3ccc(OC(F)F)cc3)C2)cn1
m_043e86,OC(CNc1ncc(Cl)cc1F)CN1CCOCC1;CCCCCCCCC(O)CC(=O)NC(CO)C(=O)O;CCCCCCCC(O)CC(=O)NC(CCO)C(=O)O;CCCCCC=CCNC(C=O)C(O)C(O)C(O)CO;COc1cc(CNc2cc(C(=O)O)ccc2O)ccc1O;COC(=O)CS(=O)(=O)C1CCN(C(=O)C2CC2)CC1;O=C(NCCC1=CC=C(O)C(O)=C1)C1=CC=C(O)C(O)=C1;CCCCCCCC(O)CC(=O)NC(C(=O)O)C(C)O;CCCCCCCCCCOC(=O)CC(O)C(=O)[S-];COC(=O)CC(=O)CCCN1C(=O)c2ccccc2C1=O;COC(=O)CNC(=O)c1cc(-c2ccc(OC)cc2)n[nH]1;COC(=O)CCC(NC(=O)N1CC(O)C(O)C1)C(=O)[O-];Cc1n[nH]c(C)c1NC(=O)COc1cccc(C(=O)O)c1;CCCCCCCCOCc1nc(Cl)ccc1Cl;COC(=O)COc1cccc(NC(=O)Cn2cccn2)c1;CN(Cc1ccc(OCC(=O)O)cc1)C(=O)c1ccco1;CCCOc1ccc(S(=O)(=O)NCC(O)CO)cc1;O=C(NCCC1=CC=C(O)C=C1)C1=CC(O)=C(O)C(O)=C1;COC(=O)Cn1cc(NC(=O)Cc2ccccc2O)cn1;COC(=O)Cn1cc(NC(=O)Cc2ccc(O)cc2)cn1;CCCCCCCC(=O)NCC(Br)C1CC1;COC(=O)CCc1c(=O)[nH]c(C)c2cc3c(cc12)OCO3;COC(=O)CNC(=O)Cn1c(C)nc2ccccc2c1=O;COC(=O)CNC(=O)CCc1nc(-c2ccccc2)no1;COC(=O)CCc1onc(-c2ccccc2)c1C(=O)OC
m_050bf1,CCc1noc(COCC(=O)N2CC(C)(C)OC3COCC32)n1;CCCCCCCCCCNC(COP(=O)(O)O)C(=O)O;CCCCCCCCC(C)NC(COP(=O)(O)O)C(=O)O;COC1=CC=C(/C=C/C(=O)OCCN(C)CC2=CC=CC=C2)C=C1;CCCCCCCCCNC(C(=O)O)C(C)OP(=O)(O)O;CCCCCCCC(C)NC(C(=O)O)C(C)OP(=O)(O)O;C=CC(=O)OCCOC(=O)CC(C=CCCCCCC)C(=O)[O-];COc1ccc(CCNC(=O)C2CC2c2ccccc2)cc1OC;CCOC(=O)C=Cc1ccc(NCCOc2ccc(C)cc2)cc1;CC(CO)NC(=O)CCCC(=O)C=Cc1ccc2ccccc2c1;COc1ccc(C=CC(=O)NC(C)Cc2ccccc2)cc1OC;CCc1ccc(CC(=O)NC(C)(Cc2ccccc2)C(=O)O)cc1;CCCCOc1ccccc1NC(=O)C=Cc1ccccc1OC;CCOc1ccc(C=CC(=O)NCCc2ccc(OC)cc2)cc1;CCCOc1ccc(CNC(=O)C=Cc2ccccc2)cc1OC;COC1=CC=C(CCN(C)C(=O)/C=C/C2=CC=CC=C2)C=C1OC;COC(=O)[C@H](C)N(C(=O)CC1=CC=CC=C1)C1=C(C)C=CC=C1C;CCC=CC=CC=CC=CC(=O)NC(Cc1ccccc1)C(=O)O;COc1cccc(CC(C)NC(=O)C2(O)Cc3ccccc3C2)c1;COc1ccc(C)cc1C=CC(=O)NCCc1ccc(CO)cc1;CCCCCC(=O)Oc1ccccc1C(=O)NCc1ccccc1;O=C(O)CCC(=O)OCCC(NCc1ccccc1O)C(=O)O;O=C(CCCCCO)OCCn1c2ccccc2c2ccccc21;CCO[C@H](CNC(=O)/C=C/C1=CC=CC=C1)C1=CC=C(OC)C=C1;O=C(COc1ccccc1Cc1ccccc1)N1CCC(O)CC1
m_05b52e,COc1ccc(Cl)cc1-c1cc(NC(=O)c2ccnc(C)n2)[nH]n1;O=C1NC2=CC=C(O)C=C2O[C@@H]1O[C@@H]1O[C@H](CO)[C@@H](O)[C@H](O)[C@H]1O;O=C1NC2=CC(O)=CC=C2O[C@H]1O[C@@H]1O[C@H](CO)[C@@H](O)[C@H](O)[C@H]1O;O=C(/C=C/C1=CC=C(O)C(O)=C1)N[C@@H](CC1=CC=C(O)C=C1)C(=O)O;N[C@@H](CC1=CC=C(O)C=C1C(=O)/C=C/C1=CC=C(O)C(O)=C1)C(=O)O;O=C(/C=C/C1=CC=C(O)C=C1)N[C@@H](CC1=CC=C(O)C(O)=C1)C(=O)O;Cc1c(CC(=O)Nc2ccc(F)cc2)c(=O)oc2cc(O)cc(O)c12;O=C1NC2=C(O)C=CC=C2O[C@@H]1O[C@@H]1O[C@H](CO)[C@@H](O)[C@H](O)[C@H]1O;O=c1[nH]c(=O)n(Cc2cn(C3OC(CO)C(O)C3O)nn2)cc1F;N[C@@H](CC1=CC=C(OC(=O)/C=C/C2=CC=C(O)C(O)=C2)C=C1)C(=O)O;CC(C)(C)N=NNc1cn(C2OC(CO)C(O)C2O)c(=O)[nH]c1=O;O=C(C=Cc1ccc(O)cc1)OC(Cc1ccc(O)c(O)c1)C(=O)[O-];O=C([O-])CCC(=O)OC1C(O)C(CO)OC1n1ccc(=O)[nH]c1=O;O=C1[C@@H](O[C@H]2O[C@@H](CO)[C@H](O)[C@@H](O)[C@@H]2O)OC2=CC=CC=C2N1O;O=C(NC(Cc1ccc(O)cc1)C(=O)O)c1ccc2c(c1)OCCO2;CSCSCC1OC(n2cnc3c(N)ncnc32)C(O)C1O;O=C(NCc1ccc(O)c(O)c1)C(F)c1ccc(C(F)(F)F)cc1;CC1OC(n2cc(F)c(NC(=O)CC(C)(C)C)nc2=O)C(O)C1O;COC1=CC=C(C=CC(=O)NC2=C(O)C=CC=C2C(=O)O)C=C1OC;O=C(NC[C@H]1O[C@@H](CO)[C@@H](O)[C@H]1N1CCCCC1)N1CCOCC1;O=C(COC(=O)C=Cc1ccc2c(c1)OCO2)Nc1ccc(F)cc1;Cc1nccn1-c1ncc(NC(=O)COc2ccc(Cl)cc2)cn1;Cc1c(CC(=O)Nc2ccc(F)cc2)c(=O)oc2c(O)c(O)ccc12;CC(C)C(N)C(=O)OCC1OC(n2cnc(C(N)=O)n2)C(O)C1O;O=C(O)CNC(=O)c1ccc(N=Nc2ccc(O)c(C(=O)O)c2)cc1
m_068354,CC(NC(=O)C1CCn2ccnc2C1)C(O)Cc1ccccc1;NC(=O)[C@H](O[C@@H]1O[C@H](CO)[C@@H](O)[C@H](O)[C@H]1O)C1=CC=CC=C1;OC[C@H]1O[C@@H](OC2=CC3=C(C=C2O)NCC3)[C@H](O)[C@@H](O)[C@@H]1O;O=C(O)CCCCN1CCN(c2ccc3ccccc3n2)CC1;COc1ccc(CC(=O)N2CCCC(c3cc(C)[nH]n3)C2)cc1;COc1cc(CNC(CCC(=O)O)C(=O)O)cc(OC)c1O;CCCCCNc1ccc(NC(=O)COc2ccccc2)cn1;CNC(=O)C1CCCN(C(=O)CCc2c[nH]c3ccccc23)C1;CCn1nc(C(C)C)cc1C(=O)N1CCc2ccc(O)cc2C1;CCc1cc(N2CCCC(O)(CC(N)=O)C2)c2ccccc2n1;CCCC1CCC(NC(=O)c2nc3ccccc3c(=O)[nH]2)CC1;Cc1ccc2cc(CN3CCCC(O)(CC(N)=O)C3)ccc2n1;CCc1ccc2nc(CC(=O)NC3CCCCC3)[nH]c(=O)c2c1;Cn1nc(C(=O)NC2CCCC(c3ccccc3)CC2)cc1O;CCc1cc(C(=O)N2CCC(COc3ccccc3)CC2)[nH]n1;CCn1cc(C(=O)N2CCC(COc3ccccc3)CC2)cn1;Cc1ccc(-c2cc(CN3CCN(C)C(=O)C3(C)C)on2)cc1;O=C(O)CC(c1ccccc1)C1CCN(Cc2cc[nH]n2)CC1;CCc1ccc(C(=O)N2CCC(Cn3cccn3)CC2)c(O)c1;CC(C)C1OCCC1C(=O)NCc1nccn1-c1ccccc1;CCc1ccc(C(=O)N2CCC(c3ccnn3C)CC2)c(O)c1;CC(C)C1CCN(C(=O)c2cccc(-n3cc[nH]c3=O)c2)CC1;CN(C)C(=O)CC1(O)CCCN(c2ccc3ccccc3n2)C1;COc1ccc(C(O)CN2CCN(c3ccccn3)CC2)cc1;Cc1ccc(-c2cc(CN3CCNC(=O)C3C(C)C)on2)cc1
m_06e13d,CCc1onc(C)c1NS(=O)(=O)c1cc(Cl)cc(C(=O)O)c1C;O=C(O)CNC(=O)c1ccc(NC(Cc2ccc(O)cc2)C(=O)O)cc1;NC(=O)C1CCS(=O)(=O)C12CN(C(=O)c1ccc(Cl)c(O)c1)C2;NC(=O)CC1CCN(C(=O)c2ccc(Oc3cccc(Cl)c3)cc2)C1;COC1=CC=C(C(=O)NCCC2=CNC3=CC=C(Cl)C=C23)C=C1OC;CC1(C(=O)O)CCCN1CC(=O)Nc1ccc(Br)cc1F;O=C([O-])CCn1c(=O)c2cc3c(=O)n(CCC(=O)[O-])c(=O)c3cc2c1=O;O=C(CCNC(=O)c1ccccc1)NC1CCSc2c(F)cccc21;Cc1ccc(Br)cc1C(=O)NCCNc1ccc(C#N)cn1;O=C([O-])CCCCCCCNC(=O)c1cc(Br)ccc1F;NC(=O)CN1C(=O)[C@@H]2CN(S(=O)(=O)C3=CC=CS3)CCN2C1=O;NC1=C(C(=O)NC(=O)CCC(=O)O)N=CN1[C@H]1O[C@H](CO)[C@@H](O)[C@@H]1O;NC(=O)CC1(O)CCCN(C(=O)c2cccc(F)c2Br)C1;COC1=CC=C2NC=C(CCNC(=O)C3=CC(Cl)=CC=C3OC)C2=C1;O=C1NC(=S)N(C2OC(CO)C(O)C2O)C1c1ccc(Cl)cc1;COc1cccc(C(=O)N2CCN(C(=O)c3ccccc3Cl)CC2)c1;O=C(c1csc(-c2cccc(Cl)c2)n1)N1CCOC(C(F)F)C1;O=C(NCC1CCOC1c1ncn[nH]1)c1cc(F)c(Cl)cc1Cl;NC(=O)C1(O)CCN(C(=O)c2cc(-c3ccccc3)ccc2Cl)CC1;O=C(CNc1c(F)cccc1F)NCCc1ccc(Cl)cc1Cl;COC(=O)C(Cc1ccc(C#N)cc1)NC(=O)Cc1c(F)cccc1F;Cn1cc(Br)cc(NC(=O)NC(C)(C)CCC(=O)[O-])c1=O;COC1=CC=C2C(CCNC(=O)COC3=CC=C(Cl)C=C3)=CNC2=C1;O=C(O)c1ccc(S(=O)(=O)N2CC(=O)N(CC3CC3)C2)c(Cl)c1;CC(C(=O)[O-])n1c(=O)c2cc3c(=O)n(C(C)C(=O)[O-])c(=O)c3cc2c1=O
m_06f339,Cc1csc(NC(=O)CN2CCCC(Cn3nc(C)nc3C)C2)n1;C[C@H](N[C@@H](CCC1=CC=CC=C1)C(=O)O)C(=O)N1CCC[C@H]1C(=O)O;CC(C)CC(NC(=O)c1ccc(C(=O)O)cc1)C(=O)N1CCOCC1;CCCCCCCNC(CCC(=O)NC(CS)C(=O)O)C(=O)O;CC(CNC(=O)N1CCCC1c1cnn(C)c1)c1ccc(F)cc1F;CCOc1ccccc1C(CC(=O)N1CCCC1C(=O)O)NC(C)=O;CN(C)C(=O)N1CCC(C(=O)NC(Cc2ccncc2)C(=O)O)CC1;CCCCCC(C)NC(CCC(=O)NC(CS)C(=O)O)C(=O)O;CC(C)CC(=O)OC[C@H]1O[C@@H](OC(=O)CC(C)C)[C@H](O)[C@@H](O)[C@@H]1O;CC(C)(C)C1OCCCC1CNS(=O)(=O)N1CCCC1C(=O)O;COC1=CC=C(OC)C2=C1C=C(C(=O)N[C@@H](CC(C)C)C(=O)O)N2C;CC(C(=O)NC1CCCN(Cc2c(F)cccc2F)C1)n1ccnc1;COc1ccc(CSC(C)(C)C([NH3+])C(=O)N2CCCC2C#N)cc1;CC(C)CC(NC(=O)c1ccc2c(c1)OCO2)C(=O)N1CCOCC1;Cc1cc(C(=O)NC2CCN(CC(F)F)CC2)nn1-c1ccccc1;Cc1cc(C(=O)NC2CCCN(Cc3c(F)cccc3F)C2)n(C)n1;CN(C)C1CCN(C(=O)c2cn(C)nc2-c2ccc(F)cc2F)CC1;O=C(NC[C@H]1O[C@@H](CC(=O)N2CCCC2)[C@H](O)[C@@H]1O)C1=CC=CC=C1;CN(CC1CCCCC1O)C(=O)NCc1cn(C)nc1C(F)(F)F;O=C(CN1CCN(C2CCN(CC(F)(F)F)C2=O)CC1)NC1CC1;CN(C(=O)c1ccnn1CC(F)F)C1CCCN(c2ccccc2)C1;CN(C)C(C(=O)N1CCC(CO)(C(F)(F)F)CC1)c1cncn1C;CC(CNC(=O)N1CCC(c2c[nH]cn2)CC1)c1ccc(F)cc1F;Cc1c(C(=O)N2CCN(C(C)c3ccc(F)cc3F)CC2)cnn1C;CC[C@H](C)[C@H](NC(=O)C1=CC2=C(OC)C=CC(OC)=C2N1C)C(=O)O
m_070985,CCC(C)C(CO)NS(=O)(=O)c1cncc(Cl)c1;CC1=CC(O)=C(O)C(OC2=CC(C(=O)O)=CC(O)=C2O)=C1;O=C(NCCc1ccc(O)c(O)c1)c1ccc(Cl)cn1;O=C(NC(Cc1ccccc1)C(=O)O)c1cc(Cl)c[nH]1;CCc1ccc(C(=O)NCCc2c[nH]c3ccccc23)cc1;O=C(CCc1cccc(Cl)c1)OCc1ccccc1F;O=C(NCc1ccc(O)c(O)c1)Nc1cccc(Cl)c1;O=C(O)CCNC(=O)c1ncccc1OCC(F)(F)F;Oc1ccc2[nH]cc(CCNCC=Cc3ccccc3)c2c1;CCOc1ccccc1N1CCN(CCCC(=O)O)CC1;CCCCCCC(=O)NC(Cc1ccc(O)cc1)C(=O)[O-];CC(C)c1ccc(NC(=O)Cc2c[nH]c3ccccc23)cc1;COc1ccc(CCC(=O)c2cc(Cl)ccc2F)cc1;CN(C(=O)Nc1cc(Cl)ccc1O)c1ccc(O)cc1;COc1ccc(NC(=O)Nc2cc(Cl)ccc2O)cc1;O=C(NCc1cccc(Cl)c1)Nc1cc(O)cc(O)c1;O=C(C=Cc1cccc(Cl)c1)c1cccc2ccccc12;O=C(C=Cc1ccc(Cl)cc1)c1cccc2ccccc12;O=C(COC(=O)c1cc2cc(Cl)ccc2[nH]1)NC1CC1;O=C(O)C[C@@H](O)CC1=C(O)C(=O)C2=C(O)C=CC=C2C1=O;COc1cc(Cl)ccc1NC(=O)Nc1ccccc1O;CC1=CC=C(C(=O)NCCC2=CNC3=CC=C(C)C=C23)C=C1;NC(CNC(=O)c1cc2ccc(O)cc2oc1=O)C(=O)O;CC1=C(CC(=O)O)C(=O)OC2=CC(OCC(=O)O)=CC=C12;CC(Cc1cccc(F)c1)C(=O)Oc1cccc(Cl)c1
m_074e83,CCOc1ccccc1C(=O)N1CCCC1C(=O)N1CCC(CN(C)CC)C1;COC1=CC=C(C(=O)NCCC2CCN(C(=O)NC3CCCCC3)CC2)C=C1;CC(C)Oc1ccc(C(=O)NC2CCCN(C(=O)NC3CCCCC3)C2)cc1;CCCC(=O)N1CCCC1C(=O)N1CCCN(Cc2ccc(OC)cc2)CC1;CC(C)Oc1ccc(C(=O)NC2CCN(C(=O)N3CCCCCC3)CC2)cc1;CC1CCCN(C(=O)N2CCC(NC(=O)c3ccc(OC(C)C)cc3)CC2)C1;CCCCNC(=O)c1ccccc1NC(=O)C1CCN(C(=O)C(C)(C)C)CC1;CC(C)NC(=O)N1CC[C@@](C)(O)[C@@H](NC(=O)C2CCCC2)[C@@H]1C1=CC=CC=C1;CC(C)C(=O)Nc1ccc(C(=O)NCCNC(=O)CCC2CCCCC2)cc1;CC1CCCN(C(=O)N2CCCC(NC(=O)c3ccc(OC(C)C)cc3)C2)C1;CCCCCCC(=O)N1CCCC1C(=O)NCCCNC(=O)c1ccccc1;CC(C)(C)C1CCC(O)(CNC(=O)C2CCCN2C(=O)c2ccccn2)CC1;CCCNC(=O)N1CC[C@@](C)(O)[C@@H](NC(=O)C2CCCC2)[C@@H]1C1=CC=CC=C1;COc1cccc2c1CCN(C(=O)C1CCCN(C(=O)NCC(C)C)C1)CC2;CC1CCN(C(=O)N2CCC(NC(=O)c3ccc(OC(C)C)cc3)CC2)CC1;CC(C)Oc1ccc(C(=O)N2CCCC(NC(=O)NC3CCCCC3)C2)cc1;COc1ccc(C2CCCCCN2C(=O)CNC(=O)NC2CCCCC2)cc1;COc1cccc(CCNC(=O)N2CCC(NC(=O)C3CCCCC3)CC2)c1;COc1ccc(C2(CNC(=O)N3CCN4CCCCC4C3)CCOCC2)cc1;COC1=CC=C([C@H]2C[C@H](NC(=O)C(C)C)C[C@@H]2C(=O)N2CCN(C)CC2)C=C1;COCCC(=O)N1CCC(NC(=O)C2CCN(Cc3ccccc3)CC2)CC1;COc1ccc(CNC(=O)NC(=O)N(C2CCCCC2)C2CCCCC2)cc1;O=C(NC1CCN(CC(F)(F)F)CC1)C1CCCN1Cc1ccc(F)cc1;CC(C)CCNC(=O)c1cn(C2CCCC2)cc(C(=O)N2CCCCC2)c1=O;CCCCC(CC)C(=O)N1CCCC1C(=O)NCCNC(=O)c1ccccc1
m_089267,O=C(Nc1cnn(CC(F)(F)F)c1)N1CCCC(CN2CCOCC2)C1;Cc1cc(N2CCCCC2)nc(NCCNC(=O)c2ccc(F)cc2F)n1;CN(C)CC1=CN(C[C@H]2O[C@@H](CC(=O)NC3=CC=CC=C3)[C@H](O)[C@@H]2O)N=N1;COc1cc2nc(N3CCN(C(=O)CC(C)O)CC3)nc(N)c2cc1OC;COc1cc2nc(NCCCNC(=O)C3CCCO3)nc(N)c2cc1OC;N=C(NCCCCC(N)C(=O)O)NC(Cc1c[nH]c2ccccc12)C(=O)O;COc1ccccc1-c1noc(C(C)NC(=O)CNC(=O)C(N)C(C)C)n1;C=C1C(COC(=O)C(CC)CC)C(O)CC1n1cnc2c(=O)[nH]c(N)nc21;NCC1CC(NC(=O)NC2CCc3nc(-c4ccc(F)cc4F)cn3C2)C1;C=C1C(CO)C(OC(=O)C(CC)CC)CC1n1cnc2c(=O)[nH]c(N)nc21;O=C(CN1CCN(c2cc(C3CC3)n[nH]2)CC1)NCc1cc(F)cc(F)c1;COc1cc(C(=O)NCc2nnnn2C2CCCCC2)cc(OC)c1OC;COCCn1c(CO)nnc1C1CC(NC(=O)c2noc3c2CCCC3)C1;Cc1nc2ccccc2c(=O)n1-c1ccc(C(=O)N2CCCC(C)CC2)cc1;Cc1noc(C2(C(F)(F)F)CCN(C(=O)C(C)(C)N3CCNCC3)C2)n1;COc1ccccc1C(NC(=O)NCCN1CCOCC1)c1noc(C)n1;Cc1c(CCC(=O)NCCC[NH+]2CCOCC2)c(=O)oc2cc(O)ccc12;O=C(NC1CCc2c(F)cccc21)N1CCC(C(=O)N2CCOCC2)CC1;COCC1=CN(C[C@H]2OC[C@H](O)[C@H]2NCC2=CC=C(NC(C)=O)C=C2)N=N1;O=C(Cn1ccc(=O)c2ccccc21)NC1CCN(Cc2ccccc2)CC1;O=C(NCC1CN(Cc2ccccc2)CCCO1)c1ccnc2ccccc12;COc1ccc(NC(=O)C2CCNC(=O)C2)c(N2CCN(C(C)=O)CC2)n1;O=C(NCc1nnc2n1CCCCC2)NC1CCCc2c(F)cc(F)cc21;CC(C)(C)n1cnc(C(=O)NCC(c2cccc(Cl)c2)N2CCCC2)n1;Cc1noc(C2CCN(C(=O)CN3C(=O)NC4(CCC(C)CC4)C3=O)C2)n1
m_08d7f1,O=C(Nc1nnc[nH]1)c1cc(Cl)cc(C(F)(F)F)c1;O=c1c(O)c(-c2ccc(F)cc2)oc2cc(Cl)ccc12;OC1=NN=C(C(F)(F)F)/C1=N/NC1=CC=C(Cl)C=C1;COC(=O)C(C)NC(=O)Nc1cccc(Cl)c1Cl;CC(=O)Nc1ccc(CC(=O)NC2CCC(O)CC2)cc1;O=C([O-])c1ccc(NC(=O)c2ccc(O)cc2)c(Cl)c1;COC1=CC=C(CCNC(=O)CC2=NNC=N2)C=C1OC;CCCC(C)NC(Cc1c[nH]c2ccc(O)cc12)C(=O)O;O=C(Nc1ccc(C(=O)[O-])c(Cl)c1)c1ccc(O)cc1;COC(=O)NCCNC(=O)c1cc(Cl)ccc1Cl;Nc1nc(Oc2cncc(Cl)c2)cc(C(F)(F)F)n1;COc1c(O)c(F)cc(Br)c1C1CC[NH2+]C1;OC1C[NH+](Cc2ccc(F)cc2Br)CC1O;CC(Cl)CCNC(=O)c1ccc(Cl)cc1[N+](=O)[O-];O=C(CCCCCl)Nc1cc(Cl)ccc1[N+](=O)[O-];CC(C)CCCCOC1=CC=C([C@H]2NC(=O)NC2=O)C=C1;CC([NH2+]CC(=O)Nc1cccc(Cl)c1Cl)C(=O)[O-];CCOC(=O)CCNC(=O)c1cnc(Cl)c(Cl)c1;CCCCCC(=O)NNC(=O)C=Cc1ccccc1OC;C=C[C@@H](CCCCC)O[C@@H]1O[C@H](CO)[C@@H](O)[C@H](O)[C@H]1O;O=C([O-])c1ccc(NC(=O)c2cc(O)ccc2Cl)cc1;Oc1ccc(OCc2cc3cc(Cl)ccc3s2)cc1;COC(=O)CN(C)C(=O)Nc1cc(Cl)ccc1Cl;O=C([O-])c1ccc(NC(=O)c2cccc(O)c2)c(Cl)c1;O=C(Cc1cc(Cl)ccc1F)C1CCS(=O)(=O)C1
m_0a8bf5,CNCC1CCCN(S(=O)(=O)c2cccc3cc(C)cnc23)C1;Cc1ccc(S(=O)(=O)N(CCN(C)C)Cc2ccccn2)cc1;CCCCCNC(=O)c1csc(Nc2ccc(OCC)cc2)n1;COc1ccc(CCCNC(=O)NCc2nc(C)c(C)s2)cc1;Cc1nccnc1CCNS(=O)(=O)c1ccc(CC(C)C)cc1;Cc1cccc(CS(=O)(=O)NCc2nn(C)c3c2CCCC3)c1;O=S(=O)(CC1CCCCC1)NCc1ccc(-n2cccn2)cc1;CN1CCN(C)C(CNS(=O)(=O)c2cccc3ccccc23)C1;CCCCS(=O)(=O)Nc1ccc(NCCc2ccccc2)cn1;COc1ccc(CCNC(=O)Nc2nc(C(C)(C)C)cs2)cc1;CCc1ccc(S(=O)(=O)Nc2ccc(NCC(C)C)cn2)cc1;COc1ccc(CCC(C)NC(=O)NCc2nc(C)cs2)cc1;Cc1ccnc(NCc2ccc(CS(=O)(=O)NC(C)C)cc2)c1;CCCCCNc1ccc(NS(=O)(=O)c2ccccc2C)cn1;CCc1ccc(S(=O)(=O)Nc2ccc(NC(C)(C)C)cn2)cc1;CC1CC(CS(=O)(=O)NCc2ccc(Cn3cccn3)cc2)C1;COc1ccc(NC(=O)NCCc2nc(C(C)(C)C)cs2)cc1;Cc1ccc(C)c(S(=O)(=O)Nc2ccc(NCC(C)C)cn2)c1;CN(C)S(=O)(=O)Nc1ccc(NCCCc2ccccc2)cc1;CNCC1CCN(S(=O)(=O)c2c(C)cc(C)c3cccnc23)C1;Cc1ccc(S(=O)(=O)Nc2ccc(NCCC(C)C)nc2)cc1;CCCCN(C)c1cc(C)cc(S(N)(=O)=O)c1-c1ccncc1;COc1ccc(-c2nc(CNCC3CN(C)CCO3)cs2)cc1;CCS(=O)(=O)c1ccc(N2CCC(c3ccnn3C)CC2)cc1;O=S(=O)(NCc1ccccc1Cn1cccn1)C1CCCCC1
m_0af51a,Cc1oc(-c2ccccc2)nc1CS(=O)(=O)c1ccccc1Cl;NC1=CC=C(C2=C3C=CC(=O)C=C3OC3=CC(O)=CC=C23)C(C(=O)O)=C1;NC1=CC=C(C2=C3C=CC(=O)C=C3OC3=CC(O)=CC=C23)C=C1C(=O)O;O=C(COc1ccc2ccc(=O)oc2c1)Nc1ccc(F)c(Cl)c1;COC1=CC(C2=C3C=NNC3=NC3=C2OC2=CC(O)=CC=C23)=CC=C1O;CN1N=CC2=C(C3=CC=C(O)C(O)=C3)C3=C(N=C21)C1=CC=C(O)C=C1O3;COC1=CC=C(C2=C3C=NNC3=NC3=C2OC2=CC(O)=CC=C23)C=C1O;CCSc1nsc(NC(=O)c2cc(=O)c3cc(C)ccc3o2)n1;COC(=O)C1=CC=C(C2=NC(N)=C3C(=O)OC4=CC=CC=C4C3=N2)C=C1;O=c1cc(CSc2nnc(NC3CC3)s2)c2ccc(O)cc2o1;COC1=CC=C(C2=N/C(=C\C3=COC4=CC=CC=C4C3=O)C(=O)O2)C=C1;COC1=CC=CC(C2=N/C(=C\C3=COC4=CC=CC=C4C3=O)C(=O)O2)=C1;O=C(O)COc1cccc(C=C(Cl)c2nc3cc(F)ccc3o2)c1;O=C(COC(=O)c1cc2ccccc2o1)Nc1ccc(Cl)cc1F;CN1N=CC2=C(C3=CC=C(O)C=C3)C3=C(N=C21)C1=C(O)C=C(O)C=C1O3;CC(=O)Oc1ccc2c(=O)c(-c3nncn3-c3ccccc3)coc2c1;Cc1oc(-c2ccccc2)nc1CS(=O)(=O)c1cccc(Cl)c1;Oc1ccccc1-c1nc(Nc2ccccc2Cl)c2ccccc2n1;O=C(Nc1oc(-c2cc(F)ccc2Cl)c(O)c1O)c1ccccc1;N#Cc1cccnc1OC1CN(C(=O)c2cc(=O)c3ccccc3o2)C1;COc1ccc(-c2oc3c(ccc4ccccc43)c(=O)c2[O-])cc1OC;O=C(OCC(=O)c1c[nH]c2ccccc12)c1cc2ccccc2oc1=O;O=c1c([O-])c(-c2ccc(F)cc2)oc2ccc(CBr)cc12;COC1=CC=CC2=C1OC(C1=CC(=O)OC3=CC=C(OCC#N)C=C13)=C2;CCOC(=O)c1cnc(SC)nc1Sc1nc2ccccc2o1
m_0c4e10,CC(C)c1cc(C(=O)N2CCC(C)(N3CCOCC3)CC2)cc(O)n1;CCCCCCCC(=O)NNC(=O)CCC(=O)NCc1ccccc1;CCCCCCCC(=O)NNC(=O)c1ccc(NC(=O)CCC)cc1;CCCCCCC(=O)NNC(=O)CCC(=O)Nc1ccc(C)cc1C;COc1ccc(CCC(C)NC(=O)N2CCC(CC(N)=O)CC2)cc1;COc1ccccc1N1CCN(C(=O)CCCCCNC(C)=O)CC1;CNC(=O)CC1CCN(C(=O)NCCc2cc(C)ccc2OC)CC1;CCCCCCCOc1ccc(CNc2cccc3ccccc23)cc1;COc1ccc(CCNC(=O)NCCNC(=O)CC2CCCC2)cc1;COc1ccc(CC(=O)NC2CCN(CC(=O)NC(C)C)CC2)cc1;CCCCCCCCCCCC(O)CC(=O)NC(CS)C(=O)O;COc1ccccc1CCNC(=O)CNC(=O)NC1CCC(C)CC1;CC(CCc1ccc(OC(C)C)cc1)NC(=O)N1CCC(C(N)=O)C1;Cc1cc(CCNC(=O)N2CCC(N3CCOCC3)C2)cc(C)c1O;CCCCc1ccc(NC(=O)N2CCC(NC(=O)COC)CC2)cc1;CC(=O)N1CCN(CCNC(=O)C(C)(C)Cc2ccc(O)cc2)CC1;CCCCCCCCCCCC(C(=O)[O-])C(=O)OCc1ccccc1;COc1ccc(CCCCCC(=O)N2CCCN(C(N)=O)CC2)cc1;CCCCCCCCCCCc1cccc(C(=O)OCC)c1C(=O)[O-];CNC(=O)CN1CCC(NC(=O)CCCOc2cccc(C)c2)CC1;COc1ccc(CN2CCN(C(=O)CN3CCC(O)CC3)CC2)cc1;CCCCCCCCCCCCCC(=O)NC(Cl)C(=O)OCC;CCOCCCNC(=O)Nc1ccc(CCC(=O)N2CCCC2)cc1;COC(=O)C1=CC=CC=C1OCC(=O)NCCC1=CC=CC(Cl)=C1;CCCCCCCCCC(O)CC(=O)NC(CCSC)C(=O)O
m_0cc9ea,O=C(c1ccc2nc[nH]c2n1)N1CCOc2ccc(Br)cc2C1;CC(=O)N(CC(=O)Nc1c(F)cccc1F)c1c(Cl)cccc1Cl;O=C(Cc1c(Cl)cccc1Cl)NCC(=O)Nc1ccc(F)c(F)c1;CC(=O)N(CC(=O)Nc1c(F)cccc1F)c1cccc(Cl)c1Cl;Cc1cc(C(=O)NCc2ccccc2F)c2cc(Br)ccc2n1;O=C(NCCC(=O)N1CCCCC1)c1cccc(Br)c1Cl;CC(=O)N(CC(=O)Nc1cccc(Cl)c1Cl)c1c(F)cccc1F;O=C(Nc1nc2ccc(Cl)cc2s1)c1ccn(-c2ccc(F)cc2)n1;CC(=O)N(CC(=O)Nc1cc(Cl)ccc1Cl)c1c(F)cccc1F;COc1c(Cl)cc(NCC(=O)NCc2ccc(Cl)cc2)cc1Cl;O=C(Nc1sccc1-c1nc2ccccc2s1)c1c(F)cccc1F;CC(=O)N(CC(=O)Nc1ccc(Cl)c(Cl)c1)c1c(F)cccc1F;N#Cc1ccc(C(=O)Nc2nnc(Cc3c(F)cccc3Cl)s2)cc1;CC(=O)N(CC(=O)Nc1c(F)cccc1F)c1ccc(Cl)c(Cl)c1;CCCc1nnc(NC(=O)CNC(=O)c2ccc(Cl)cc2Cl)s1;O=C(CBr)Nc1ccc(Cl)c(C(=O)NC2CCCCC2)c1;CCCCNC(=O)NC1(C(F)(F)F)Oc2cc(Cl)c(Cl)cc2O1;O=C(CCCCl)Nc1cccn(Cc2ccc(Cl)c(Cl)c2)c1=O;O=C(CCC(=O)Nc1ccc(Cl)cc1F)Nc1ccc(Cl)cc1F;O=C(CCn1nnc2ccccc2c1=O)Nc1ccc(Br)cc1;Cc1cc(NC(=O)c2ccnc(Nc3ccc(Br)cc3)c2)no1;Cc1cc(Nc2cc(C(=O)Nc3ccc(Br)cc3)ccn2)no1;N#Cc1cc(F)c(NCC(O)COc2cccc(Cl)c2Cl)c(F)c1;O=C(Nc1cc(-c2ccc(F)cc2)no1)c1sc2ccccc2c1Cl;O=C(NCCCOc1ccccc1Cl)Nc1cc(Cl)ccc1Cl
m_0d08be,NC(=O)N1CCC(NCc2ccc(F)c(C(F)(F)F)c2)CC1;CC1=CC=C2NC3=C(N=CN(CCC4=CC=C(O)C=C4)C3=O)C2=C1;O=C(COc1ncnc2ccccc12)Nc1ccc2c(c1)CCC2;CN1C(=O)N(CCC2=CNC3=CC=CC=C23)C(=O)C2=CC=CC=C21;O=C(Nc1ccccc1-c1nc2ccccc2[nH]1)C1CCCCC1;CNC1=CC=CC=C1C(=O)N1CCC2=C(NC3=CC=CC=C23)C1=O;COC1=CC=C2C(=C1)C=CN2CC(=O)NC1=CC=CC2=C1C=CN2;Cc1cc(=O)[nH]c(-c2ccc(NC(=O)Cc3ccccc3)cc2)n1;C=CCNC(=O)c1ccc(-n2c(C)nc3ccccc3c2=O)cc1;COC1=CC=CC2=C1C=CN2CC(=O)NC1=CC=CC2=C1C=CN2;COC1=CC=CC=C1CCN1C=NC2=C(NC3=CC=CC=C32)C1=O;c1ccc2oc(C3CCCN(c4nc5ccccc5o4)C3)nc2c1;C[C@@H](C(=O)NC1=CC=CC2=C1C=CN2)N1CC2=CC=CC=C2C1=O;CCN(C)c1ccc2cc(-c3nc4ccccc4[nH]3)c(=O)oc2c1;CCOC(=O)Cn1c2ccc(C)cc2c2nc3ccccc3nc21;O=C(Cc1c[nH]c2ccccc12)Nc1ccccc1N1CCCC1;COc1ccccc1-c1ccc(C(=O)Nc2ccc(O)cc2)cc1;Cc1cc(C)n(CC(=O)NC(Cc2ccc(F)cc2)C(=O)O)n1;CCCCCCCCCC(=O)NCCCCCBr;CCCCCCCNC(=O)CCCCCCCBr;Cc1ccc(-n2ccc(=O)c(C(=O)Nc3cccc(C)c3)n2)cc1;Cc1ccc2c(c1)N(C(=O)c1n[nH]c3ccccc3c1=O)CCC2;CN1C(=O)C2=CC=CC=C2NC(=O)[C@@H]1CC1=CNC2=CC=CC=C12;O=C(c1nccc2ccccc12)N1CCC(Oc2ccncc2)C1;O=C(Cc1ccccc1)Nc1cccnc1Nc1ccc(O)cc1
m_0d2197,Nc1nccnc1C(=O)NC1CC(N(CC(=O)O)CC2CC2)C1;CCC1C(COP(=O)([O-])OCC2CCCC2)OC(C)C1C;CC(C)NP(=O)(OCc1ccccc1)OCc1ccccc1;CC(=O)CCC(=O)NC1C(OC(C)C)OC(CO)C(O)C1O;Cc1cc(NC(=O)NC2CCOC2c2c(C)nn(C)c2C)no1;NC1=CC2=NCCC3=CN([C@@H]4O[C@H](CO)[C@@H](O)[C@H]4O)C(=C23)C1=O;CC(C)=CCNC1=NC=NC2=C1N=CN2[C@@H]1O[C@H](C)[C@@H](O)[C@H]1O;CC1=NC=CN1[C@H]1[C@@H]2OCC(O2)[C@@H](NCC2=CN(C)N=C2)[C@@H]1O;CC1=NC=CN1[C@H]1[C@@H]2OCC(O2)[C@@H](NCC2=NC=CN2C)[C@@H]1O;O=C(O)C(Cc1cnc[nH]1)NCC(O)C(O)C(O)C(O)CO;CCOP(=O)(Nc1c(C)cccc1-c1ccccc1)OCC;CCOC(=O)c1c(O)[nH]c(P(=O)(OCC)OCC)c1CC;CC1=CN([C@H]2[C@@H]3OCC(O3)[C@@H](NCC3=CN(C)N=C3)[C@@H]2O)N=C1;Nc1nc(=O)n(C2OC(CO)C(O)C2O)cc1-c1ccccc1;CC(N)=[NH+]C1C(SC2CCCCC2)OC(CO)C(O)C1O;O=C(O)C(Cc1cnc[nH]1)NC(CO)C(O)C(O)C(O)CO;CCN(CC)C(=O)c1ccc(C(=O)NCCCCC(=O)[O-])cc1;CC(=O)Nc1ccc(C(=O)NCCCCCCCC(=O)[O-])cc1;CC1=CN([C@H]2[C@@H]3OCC(O3)[C@@H](NCC3=NC=CN3C)[C@@H]2O)N=C1;CCn1cc(C2OCCCC2CNC(=O)c2nonc2C)cn1;O=C([O-])CCC(Cc1ccccc1)NC(=O)NC1CCCC1O;O=C([O-])CCCNC(=O)N1CCC(COCc2ccccc2)C1;C=C(C)CCC1(n2cnc3c(N)ncnc32)CC(O)C(CO)O1;COCC1=CN(C[C@H]2OC[C@H](O)[C@H]2NCC2=CC=CN=C2)N=N1;CCN(CC)C(=O)C(O)C(O)C1OC2COC(C)OC2C1O
m_0d3550,COc1ccc(OC)c(CN(C)C(=O)C(N)C(C)(C)C)c1;CCOCCCNC(=O)NCCCOc1ccc(C)cc1;COCC(O)CN1CCC(Nc2cccc(OC)c2)CC1;COc1ccc(CCNC(=O)NCCC(C)C)cc1OC;COC1=CC=C(C(=O)NCCC2=CNC3=CC=CC=C23)C=C1;CC(C)C(O)CCNC(=O)NCCCc1ccc(O)cc1;O=C(CC1=CNC2=CC=CC=C12)NCCC1=CC=C(O)C=C1;CCOc1cc(CNCC2CN(C)CCO2)ccc1OC;CCc1oc(C(=O)N2CC(C)N(CCO)C(C)C2)cc1C;COc1cccc(CCNC(=O)NCCCOC(C)C)c1;CCCCOc1ccc(NCC(=O)NCCCOC)cc1;CC(C)c1ccc(CNCC(O)CCC(N)C(=O)O)cc1;CCCCCCCCCNC(=O)c1nccc(OC)c1O;CCCCCCCCc1ccc(C(=O)c2ccccc2)cc1;COC1=CC=C2C(CCNC(=O)C3=CC=CC=C3)=CNC2=C1;CN1C=C(C(=O)NCCC2=CC=C(O)C=C2)C2=CC=CC=C21;Nc1ccc(C(=O)OCCCCCCCCCO)cc1N;CCOc1ccc(CNCC2CN(C)CCO2)cc1OC;CC(C)CCC(C)(O)CNC(=O)NCc1ccc(O)cc1;COC1=CC=C2NC=C(CCNC(=O)C3=CC=CC=C3)C2=C1;CCCCCCOc1ccc(C(=O)NCCOC)cc1N;CCOc1ccc(NCCCC(=O)N(C)C)cc1OCC;CCC(C)(CCO)NC(=O)NCCCc1ccc(O)cc1;Cc1ccc(OCCCCNC(=O)NCC(C)CO)cc1;CCCCCCCCC(=O)c1ccc(-c2ccccc2)cc1
m_0d463f,O=C(Nc1nnc(-c2ccsc2)s1)N1CCCc2occc2C1;O=C(NCCCc1nc2ccccc2s1)c1cc(Cl)ccc1O;O=C(O)COCC(=O)N1CCN(c2ccc(Cl)cc2Cl)CC1;CCc1ccc2nc(NC(=O)c3cc(Cl)ccc3OC)sc2c1;CC1=CC=C2NC=C(CCNC(=O)C3=CC=C(Cl)C=C3Cl)C2=C1;O=C(CCN1C(=O)c2ccccc2C1=O)Nc1cc(Cl)ccc1F;O=C(NC1CC1)C1CCCN1S(=O)(=O)c1cc(Cl)ccc1F;O=C(Cc1ccccc1O)NCCc1nc2cc(Cl)ccc2s1;COc1ccc(F)c(NC(=O)c2cc(-c3cccc(Cl)c3)on2)c1;COc1ccc(C(=O)Nc2scnc2-c2ccc(F)cc2)c(F)c1;COc1cccc(-c2ccc(Br)cc2)c1OC1CCCC1;O=C(NCCN1C(=O)c2ccc(Cl)cc2C1=O)c1ccc(F)cc1;CC1=C(CCNC(=O)C2=CC=C(Cl)C=C2Cl)C2=CC=CC=C2N1;CCCOc1ccc(C(=O)c2ccc(C)cc2C)cc1Br;Cc1cc2c(=O)n(CC(=O)Nc3cc(Cl)ccc3C)ccc2s1;O=C(Nc1ccccc1Cl)C1CSCN1C(=O)c1ccccc1;O=C(NCCc1noc(-c2ccccn2)n1)c1ccc(Cl)cc1F;CCOc1ccc(C(=O)c2c(C)cc(C)cc2C)c(Br)c1;Cn1c(SCCOc2ccc(Cl)cc2)nc2ccccc2c1=O;CN1C(=O)c2cc(Cl)ccc2C(C(=O)Nc2ccc(F)cc2)C1=O;O=C1CSc2ccc(C(=O)NCCc3cccc(Cl)c3)cc2N1;CCCn1c(=O)sc2cc(NC(=O)c3ccccc3Cl)ccc21;COC1=CC=C(NC(=O)C2=CC=CC(NC(=O)C3=CC=CC=C3)=C2)C=C1;COc1ccc(Cl)cc1NC(=O)c1cc2cc(F)ccc2[nH]c1=O;COc1ccc(Cl)cc1NC(=O)c1cc(-c2cccc(F)c2)no1
m_0ea8a3,CC(NC1CCN(c2ccc(C#N)cn2)CC1)C(C)c1ccccc1;CC1=CC2=CC=CC(C)=C2C=C1O[C@H]1O[C@H](CO)[C@H](O)[C@@H](O)[C@H]1O;Nc1ncnc2c1c1cnc(=O)[nH]c1n2C1OC(CO)C(O)C1O;Cc1ccc2c(=O)c(C(=O)[O-])cn(C3OC(CO)C(O)C3O)c2c1;N[C@@H](CC1=CN([C@@H]2O[C@H](CO)[C@@H](O)[C@H](O)[C@H]2O)OC1=O)C(=O)O;Cc1ccc(-c2nc(C(N)=O)nn2C2OC(CO)C(O)C2O)cc1;C1=CC=C2C(=C1)NC1=C(N3CCC(N4CCCCC4)CC3)N=CC=C12;[NH3+]CCC(=O)OCC1OC(n2cc(F)c(=O)[nH]c2=O)C(O)C1O;CCCCSCC1OC(n2cc(F)c(=O)[nH]c2=O)C(O)C1O;O=C(OCCN1C=NC2=CC=CC=C2C1=O)C1=CC2=CC=CC=C2O1;O=C(O)[C@H]1O[C@@H](OCC2=CC=CC3=CC=CC=C23)[C@H](O)[C@@H](O)[C@@H]1O;O=C(COc1ccc(OCc2ccccc2)cc1)Nc1cccnc1;OCC1O[C@H](O[C@@H]2OC=CC3C2[C@@H](O)C[C@H]3O)[C@@H](O)C(O)[C@@H]1O;O=C1C=C[C@@](O)(CCO[C@@H]2O[C@H](CO)[C@@H](O)[C@H](O)[C@H]2O)[C@@H](O)C1;O=C(O)CCC(NC(=O)Cn1nnc2ccccc2c1=O)C(=O)O;O=C(O)C(Cc1c[nH]c2ccccc12)N1C(=O)c2ccccc2C1=O;CCN1CCC(NCc2ccc(-n3cnc4ccccc43)cc2)CC1;Cc1ccc(C(=O)N2CCC(c3cc4ccccc4[nH]3)CC2)c(O)c1;OCCCCCOCC1C2CCC(O2)C1COCc1ccccc1;COC(=O)C=Cc1cn(C2OC(CO)CC2O)c2ncnc(N)c12;COC1=CC(O)=C[C@@H](OC)[C@@H]1O[C@@H]1O[C@H](CO)[C@@H](O)[C@H](O)[C@H]1O;COC1=CC=C2NC=C(CCNC(=O)C3=CC4=CC=CC=C4O3)C2=C1;CCn1c(=O)[nH]c2cc(-c3nc(-c4ccccc4)no3)ccc2c1=O;CCn1c(CN2CCN(Cc3ccccc3)CC2)nc2ccccc21;COc1ccc(-n2cc(-c3ccc(F)cc3)c3c(N)ncnc32)cc1
m_0ee46b,Cc1oc(C(=O)NC2(c3ccccc3)CC2(C)C)cc1CO;O=C(CNCC(F)(F)F)NCCc1c[nH]c2ccccc12;COc1cc(C)ccc1OCC(=O)NCCc1ccccc1;CCc1ccc(C(=O)NCCc2ccc(O)c(OC)c2)cc1;CCOc1ccc(CC(=O)NCCc2ccc(O)cc2)cc1;COC(=O)CCCCCNC(=O)c1ccc2ccccc2c1;CCCCCNC(=O)COc1ccc2ccccc2c1C=O;COc1cccc(CNC(=O)CCCOc2ccccc2)c1;Cc1ccccc1CCNC(=O)COc1ccccc1CO;O=C(CCOc1ccccc1)NCCCc1ccc(O)cc1;COCC(O)CCNC(=O)CCCOc1ccc(F)cc1;COc1ccc(C(=O)NCCc2ccccc2C)cc1OC;C=CCCCCCCCCC(=O)NC(CC(=O)O)C(=O)O;O=C(O)C(Cc1ccc(O)cc1)NCCCc1ccccc1;COc1ccccc1OCC(=O)NCCc1cccc(C)c1;CCc1cccc(OCC(=O)NCCc2ccc(O)cc2)c1;COc1ccccc1CCNC(=O)c1cc(C)ccc1OC;COc1ccc(OC)c(CCC(=O)NCc2ccccc2)c1;O=C(CCCc1c[nH]c2ccccc12)NCC1(C(=O)[O-])CC1;Cc1ccc(OCC(=O)NCCc2ccc(CO)cc2)cc1;O=C(CCCOc1ccc(F)cc1)NCCCOCCO;COc1ccccc1CCCNC(=O)COc1ccccc1;COc1cc(CCC(=O)NCc2ccc(C)cc2)ccc1O;COc1ccc(CCCC(=O)Nc2ccccc2OC)cc1;O=C(COc1ccccc1CO)NCCCc1ccccc1
m_0f05e7,COc1cccc(CNC(=O)c2cc(F)ccc2F)c1;O=C(NCCCCC(F)(F)F)c1ccc(O)cc1O;O=C(NCCc1ccc(F)cc1F)c1cccc(O)c1;O=C(NC1CCC(O)CC1)c1nc2cccnc2s1;CCOC(=O)C1=C(C)OC2=CC=C(OCC(N)=O)C=C12;COC(=O)C1=C(CCO)OC(CC2=CC=C(O)C=C2)=N1;NC1=C(C2=NC3=CC=CC=C3N2)C(=O)C2=CC=CC=C2O1;O=C(COC1=CC=C2C=CC(=O)OC2=C1)NCCCO;O=C(O)C(Cc1ccc(O)c(O)c1)NCc1ccco1;OC1CCC(Nc2ncnc3cc(Cl)ccc23)CC1;O=C(NCCc1cccc(O)c1)c1ccc(F)cc1F;CCOC(=O)CCCn1c(=O)oc2ccccc2c1=O;Cc1ccc(OCC(=O)Nc2c(F)cccc2F)cc1;CCOC(=O)C1=CN=C2C(OC)=CC(OC)=CC2=C1O;CC(=O)Nc1ccccc1OCc1cccc(F)c1F;COC(CNc1c(C=O)c(=O)oc2ccccc12)OC;Cc1ccc(O)c(C(=O)NCc2cc(F)ccc2F)c1;OCC1OC(Oc2cccc3ncccc23)C(O)C1O;Cc1cc(O)ccc1NC(=O)Cc1ccc(F)cc1F;Cc1ccc(NC(=O)Cc2c(F)cccc2F)c(O)c1;CCOc1cccc(C(=O)Nc2cc(F)ccc2F)c1;COc1cc(C(=O)O)ccc1OCc1nc(C)c(C)o1;O=C(CCc1ccccc1)CCc1c[nH]c2ccccc12;O=C(Cc1ccc(O)cc1)NCc1ccc(F)cc1F;COc1ccc(F)c(NC(=O)c2cccc(C)c2F)c1
m_0fe9d9,CC(C)(C)c1nsc(NC(=O)c2cccc(F)c2)n1;CCCCCC(=O)NC(Cc1ccc(O)cc1)C(=O)O;O=C(O)C(Cc1ccc(O)c(O)c1)NC1CCCCC1;CCCCC(=O)NC(Cc1ccc(OC)cc1)C(=O)O;O=C(O)CCCCCCCNC(=O)c1ccccc1O;CC(C)c1ccc(CNC(CCC(=O)O)C(=O)O)cc1;CCCCCOC1=CC=C(C(=O)NCCC(=O)O)C=C1;CC(C)(Cc1ccccc1)NC(CCC(=O)O)C(=O)O;COc1ccc(OCC(=O)N2CCC(C)(O)CC2)cc1;COC(=O)C1=CN(CCCC(=O)O)C=C2C1=NNC2=O;COC(=O)[C@H](CC1=CC=C(O)C=C1)NC(=O)CC(C)C;CC(Cc1ccccc1)NC(CCCC(=O)O)C(=O)O;COC(=O)C(CC(C)C)NC(=O)Cc1ccc(O)cc1;CCOC1=CC=C(C(=O)N[C@H](CC(C)C)C(=O)O)C=C1;N#CC=Cc1cn(C2CC(O)C(CO)O2)c(=O)[nH]c1=O;O=C1NC2=CC=CC=C2[C@@H]1/C=C/C1=CC=C2OCOC2=C1;COc1cc(C=CCNC(C(=O)O)C(C)C)ccc1O;O=C(CCCCCO)NC(Cc1ccccc1)C(=O)O;C=C(C#N)c1cn(C2CC(O)C(CO)O2)c(=O)[nH]c1=O;C=COCC1OC(n2cc(C#N)c(=O)[nH]c2=O)CC1O;COc1ccc(C(=O)N2CC(C)(C)OCC2C)c(O)c1;COC(=O)CCCCCCC(=O)NC1=CC=C(O)C=C1;CCOC(=O)CC(C)NC(=O)Cc1ccc(OC)cc1;CC1(C)OC(=O)C(Cc2ccc(OCC(=O)[O-])cc2)O1;CC1=CC(C(=O)N[C@H](C)C2=C(C(=O)O)C(C)=NO2)=NO1
m_108fdb,COc1cccc2c1OCC(C(=O)N1CCCC1c1cnn(C)c1)C2;CC(=O)NCCC1=CC=C(O[C@@H]2O[C@H](CO)[C@@H](O)[C@H](O)[C@H]2O)C=C1;NC[C@H](O)[C@H](O[C@H]1O[C@@H](CO)[C@@H](N)[C@H](O)[C@@H]1O)[C@H](N)[C@H](O)CO;NC[C@H](O)[C@H](O[C@H]1O[C@H](CO)[C@@H](O)[C@H](O)[C@H]1N)[C@H](N)[C@H](O)CO;CCNC(=O)c1c(C)cccc1OC1OC(CO)C(O)C(O)C1O;Cc1cccc(OCC(=O)NCCCNC(=O)c2ccc(C)nc2)c1;CNC(=O)C[C@@H](O[C@@H]1O[C@H](CO)[C@@H](O)[C@H](O)[C@H]1O)C1=CC=CC=C1;CN(C)Cc1ccc(CNC(=O)NCc2ccc3c(c2)OCO3)cc1;COCc1ccc(OC2OC(CO)C(O)C(O)C2NC(C)=O)cc1;CCCCCNC(=O)c1cccc(C(=O)Nc2ccc(OC)cc2)n1;Cc1cc(C)cc(OCCNC(=O)Cn2nc(C3CC3)ccc2=O)c1;COc1ccc(NC(=O)N2CCN(c3ccccc3)CC2)cc1OC;CCCCCCC(=O)Nc1nc(=O)n(C2CCC(CO)O2)cc1F;CCCCCNC(=O)c1cccc(C(=O)Nc2cccc(OC)c2)n1;O=C(COc1ccccc1)N1CCCN(C(=O)Cc2cc[nH]c2)CC1;COCCn1cc(NC(=O)NC2(C)Cc3ccccc3C2)ccc1=O;O=C(CCCOc1ccccc1)NCCCNC(=O)c1cccnc1;O=C(NCc1coc(-c2ccccc2)n1)NC1C2CCC(C2)C1CO;COc1ncnc(OC)c1C(=O)N1CCC(Cc2ccccc2)CC1;CC1CN(c2ccccc2NC(=O)Nc2ccc(O)cc2)CC(C)O1;Cc1occc1C(=O)NC1CCN(C(=O)NCc2ccccc2)CC1;COc1ccc2cc(CNC(=O)C3CCCN(C(N)=O)C3)ccc2c1;CC1CN(C(=O)Nc2ccnc(OCc3ccccc3)c2)CCCO1;Cc1ncc(C(=O)Nc2ccc(CC(C)C(=O)O)cc2)c(C(C)C)n1;Cc1ccc(NC(=O)N2CCC(NC(=O)c3ccc(C)o3)CC2)cc1
m_12945e,O=C(NC1CCCC1)c1cccnc1OCc1ccccc1F;COC1=CC=C([C@@H]2CC(=O)C3=C(OC)C=C(OC)C=C3O2)C=C1;COC1=CC=C([C@H]2CC(=O)C3=C(C=C(OC)C(C)=C3O)O2)C=C1;COC1=CC=C([C@H]2CC(=O)C3=C(O)C=C(OC)C(C)=C3O2)C=C1;COC1=CC=C2O[C@H](C3=CC=C(OC)C(OC)=C3)CC(=O)C2=C1;COC1=CC=C2C(=O)C[C@@H](C3=CC=C(OC)C(OC)=C3)OC2=C1;COC1=CC2=C(C(=O)C[C@@H](C3=CC=CC=C3)O2)C(OC)=C1OC;COC1=CC(OC)=C(C(=O)/C=C/C2=CC=C(O)C=C2)C(OC)=C1;COC1=CC=C(C(=O)/C=C/C2=CC=C(OC)C(OC)=C2)C(O)=C1;COC1=CC=C(/C=C/C(=O)C2=C(O)C=C(OC)C=C2OC)C=C1;COC1=CC=C([C@H]2CC(=O)C3=C(O)C(C)=C(O)C(C)=C3O2)C=C1;COC1=CC=CC([C@@H]2CC(=O)C3=C(C=CC(OC)=C3OC)O2)=C1;COC1=C(C)C(O)=C2C(=O)C[C@H](C3=CC=C(O)C=C3)OC2=C1C;COC1=CC=C([C@@H]2CC(=O)C3=CC(OC)=CC=C3O2)C(OC)=C1;COC1=CC=C(O)C(C(=O)/C=C/C2=CC=C(OC)C(OC)=C2)=C1;COC1=CC(OC)=C2C(=O)C[C@@H](C3=CC=CC=C3)OC2=C1OC;O=C(Cc1ccc(O)cc1)N1CCN(c2ccccc2F)CC1;COC1=CC=C([C@@H]2CC3=CC=CC(OC)=C3C(=O)O2)C=C1OC;COC1=CC(/C=C/C(=O)C2=CC=C(O)C=C2)=CC(OC)=C1OC;COC1=CC=C(/C=C/C(=O)C2=C(OC)C=C(O)C=C2OC)C=C1;COC1=CC=CC([C@@H]2CC(=O)C3=C(O)C(C)=C(O)C(C)=C3O2)=C1;COC1=CC(OC)=C(C(=O)/C=C/C2=CC=C(O)C=C2)C(O)=C1C;COC1=CC(/C=C/C(=O)OCCC2=CC=C(O)C=C2)=CC=C1O;COC1=CC(O)=C(C(=O)/C=C/C2=CC=CC=C2OC)C(OC)=C1;COC1=CC=C(C(=O)/C=C/C2=CC=C(O)C(OC)=C2)C(OC)=C1
m_13152b,CCn1nccc1C1OCCC1CNC(=O)c1cccc(C(=O)O)c1;CCCCCCCCCCCCC(=O)NC(CCC(=O)O)C(=O)O;CCCCCCCCCCCC(=O)NC(CCCC(=O)O)C(=O)O;CCOc1ccc(CC(=O)N2CC(O)CC2c2ccc(F)cc2)cc1;CC(C)Oc1ccc(C(=O)O)cc1NC(=O)c1n[nH]c2c1CCCC2;COC(=O)NCCC(=O)Nc1cccnc1Oc1cccc(C)c1C;O=C(NCc1cn(CCO)c(=O)[nH]c1=O)c1ccc2c(c1)CCCC2;O=C(NC1CCC(O)CC1)c1cccc(COc2cccc(F)c2)c1;O=C(CCCc1nc2ccccc2c(=O)[nH]1)NC1CCC(C(=O)O)C1;CC(C)C(=O)N1CCN(C(=O)Nc2ccccc2C(F)(F)F)CC1;CC1Oc2c(cccc2C(=O)N2CCC(N3CCCC3=O)C2)NC1=O;CC1Oc2c(cccc2C(=O)N(CC(=O)NC2CC2)C2CC2)NC1=O;Cc1ccc(C(=O)N(CCCC(=O)O)C(=O)c2cc(C)n(C)n2)cc1;COc1ccc(CCC(=O)N2CC(O)CC2c2ccc(F)cc2)cc1;CC1=CC=C(C2=CN3C[C@H](CNC(=O)CCC(=O)O)OCC3=N2)C=C1;COc1ccnc(OC)c1NC(=O)NC1c2ccccc2CCC1O;Cn1cc(C(=O)NCc2ccc(C(=O)O)cc2)c(C2CCOCC2)n1;CCOc1ccc(C2CCCN2C(=O)Cn2ccc(=O)[nH]c2=O)cc1;Cc1nc(C(C)(C)C)[nH]c(=O)c1C(=O)NCc1ccc(C(=O)O)cc1;COCCOc1ccc(NC(=O)CCCCCC(C)O)cc1Cl;COc1cc(C(=O)Nc2ccc(C(=O)NC3CCCC3)cc2C)on1;CC1CC(C(=O)O)CN(C(=O)Cc2nn(C)c(=O)c3ccccc23)C1;COCCCNC(=O)c1cccc(C(=O)Nc2ccc(OC)cc2)n1;Cn1cc(C(=O)N2CCOCC2)c(-c2ccc3c(c2)OCCCO3)n1;O=C(O)COc1ccc(CCNC(=O)c2ccc3c(c2)OCO3)cc1
m_134d4a,O=C(c1cccc2c1OCCO2)N1CCCC1Cn1cccn1;CCCC(=O)Nc1ccc(NC(=O)c2cccc(OC)c2)nc1;O=C(COc1ccccc1)NCCCNC(=O)c1ccccn1;CCCCCCCC(=O)Nc1cc(Cl)c(OC)cc1OC;COc1cccc(C(=O)NCCCNC(=O)c2ccncc2)c1;CCCCOCCCNC(=O)CCOc1ccc(Cl)cc1;COc1cc(CNC(CCC(=O)O)C(=O)O)cc(OC)c1O;CCCCCCOc1cccc(CNC(=O)OCCCl)c1;CCCCOc1ccc(C(=O)NNC(=O)c2ccncc2)cc1;CCCCOc1c(CNC(=O)CCCCl)cccc1OC;O=C(CNC(=O)COc1ccccc1)NCCc1ccccn1;COc1cc(NC(=O)c2ccc(NC3CC3)nc2)cc(OC)c1;NC(=O)Nc1ccc(NC(=O)CCCOc2ccccc2)cc1;CCCCOc1ccc(C(=O)NCCCOCCCl)cc1;COc1ccc(CNc2ccc(NC(=O)CC(C)=O)cn2)cc1;NC(=O)NCc1ccc(C(=O)NCCOc2ccccc2)cc1;COc1ccc(CCC(=O)NCCCC(C)CO)cc1Cl;Cc1cc(OCC(=O)NC(C)CCC(=O)O)cc(C)c1Cl;CCCCOCCCNC(=O)CCOc1ccccc1Cl;CC(=O)N1CCc2c(ncn(CCOc3ccccc3)c2=O)C1;CCCCP(=O)(NC(C)C(=O)OCC)Oc1ccccc1;NC(=O)Cc1ccc(OCCCC(=O)Nc2ccccn2)cc1;CCCC(C)(OCC)C(=O)Nc1ccc(OCC)c(Cl)c1;CC(NC(=O)COc1ccccc1)C(=O)NCc1cccnc1;CC(=O)NCC(=O)N(C)Cc1cccnc1Oc1ccccc1
m_145679,CC(C)c1nnc(C2COCCN2C(=O)CCc2ccco2)o1;COc1ccccc1-c1ccc(C(=O)Nc2ccc(O)cc2)cc1;Cc1ccc(NC(=O)NCc2ccnc(N(C)C)n2)cc1Cl;NC(=O)c1ccccc1NC(=O)CN1CCOC2COCCC21;COc1ccccc1-c1ccc(C(=O)Nc2ccccc2O)cc1;Nc1cc(C(=O)N2CCOCC2)cc(C(=O)N2CCOCC2)c1;NC(=O)NC(=O)CCN1CCCC1c1cccc2c1OCCO2;CC(C)N1CC(NC(=O)NCc2ccc3c(c2)OCO3)CC1=O;O=C(NCc1ccc(Cl)cn1)NC(CO)Cc1ccccc1;COc1ccc(CCNC(=O)Nc2ccc(N)c(Cl)c2)cc1;C[n+]1ccc(Nc2ccc(NC(=O)c3ccc(N)cc3)cc2)cc1;COc1ccccc1N1CC(C(=O)NC(C)(C)C(N)=O)CC1=O;Cc1cc(Cl)ccc1OCCNC(=O)NCc1ccccn1;CCOC(=O)CN1C(=O)Nc2ccccc2C(=O)N1C(C)(C)C;CCCNC(=O)C1=CC=C(COC2=CC=C3C=CC=CC3=C2)C=C1;COCCCNC(=O)CC[C@@H]1NC(=O)C2=CC=CC=C2NC1=O;NC(=O)C1CCN(C(=O)N[C@H](CC2=CC=CC=C2)C(=O)O)CC1;NC(=O)CN1CCCN(C(=O)Cc2ccc3c(c2)OCO3)CC1;CCOC(=O)C1(C)CCN(C(=O)c2ccc(C(N)=O)nc2)CC1;CC[C@@H](C)[C@@H](CO)NC(=O)CN1C(=O)NC2=CC=CC=C2C1=O;Nc1ccc(NC(=O)CCCCn2cc(Cl)ccc2=O)cc1;CCCNC(=O)NC(=O)CNc1ccccc1OC(F)(F)F;COC(=O)c1ccc(NC(=O)NCC(=O)N2CCCCC2)cc1;O=C(NCC(=O)N1CCCCC1)Nc1ccc2c(c1)OCCO2;O=C(N1CC2C[NH2+]CC2C1)C1(c2ccc(Cl)cc2)CCCC1
m_153108,O=S(=O)(Nc1ccc2c(c1)OCCO2)c1ccc(Cl)cc1F;CN(CCC(=O)O)S(=O)(=O)c1cc(Cl)ccc1OC(F)F;COCCn1c(CBr)nnc1-c1cccc(Cl)c1C;Clc1ccccc1-c1c(Cl)nc(N2CCOCC2)nc1Cl;Cn1cc(Cl)c(C(=O)NNC(=S)Nc2cccc(Cl)c2)n1;O=S(=O)(NCc1ccc2c(c1)OCO2)c1ccc(Cl)cc1F;O=C(N1CCOCC1)N1CCN(c2cc(Cl)ccc2Cl)CC1;O=C1c2cccc3cccc(c23)N1S(=O)(=O)c1ccc(Cl)cc1;O=S(=O)(NCc1nnc2ccc(Cl)cn12)N1CCCCCC1;O=C(O)Cc1cccc(NS(=O)(=O)c2cc(Cl)ccc2F)c1;COCC(C)Nc1nccn1-c1cc(Cl)ccc1Br;COCCn1c(CBr)nnc1-c1ccc(C)c(Cl)c1;CN(Cc1cccs1)C(=O)CS(=O)(=O)c1ccc(Cl)cc1;CS(=O)(=O)c1cccc(Cl)c1C(=O)NCCc1cccs1;CCN(Cc1ccccc1Cl)C(=O)c1cc(Cl)nnc1Cl;CN1CCN(C2=Nc3ccccc3Sc3ccc(Cl)cc32)CC1;CCN(Cc1cccc(Cl)c1)C(=O)C(C)(C)S(=O)(=O)C1CC1;CSc1nnc(C=NO)c(NCc2ccc(Cl)cc2Cl)n1;CN(C1CCC[NH2+]CC1)S(=O)(=O)c1cc(Cl)sc1Cl;CCN(C(=O)c1cc(S(C)(=O)=O)cs1)c1ccccc1Cl;CC(CC(=O)N1Cc2ccccc2C1)(C(=O)O)c1ccc(Cl)cc1;O=C(COc1ccc(Cl)cc1)NCc1nnnn1-c1ccccc1;Cc1nc([N+](=O)[O-])c(C(=O)OCc2ccc(Cl)c(Cl)c2)n1C;O=C(O)c1ccc(C(=O)N2CCC(c3ccc(Cl)cc3)CC2)cc1;CCc1nn(C)c(COc2cc(Cl)ccc2N)c1Br
m_156305,Cc1c(C2C(C(=O)N(C)Cc3cc[nH]n3)CC(=O)N2C)cnn1C;COC1=CC(C[C@H](C)[C@H](C)CC2=CC=C(O)C=C2)=CC(O)=C1OC;COc1ccc(C(CCO)C(CCO)c2ccc(OC)cc2)cc1;COC1=CC(C[C@H](C)[C@@H](C)CC2=CC=C(O)C(OC)=C2)=CC=C1O;CC(C)Oc1cc(NCC(O)C(O)C(O)C(O)CO)ccc1N;CCn1cc(NC(=O)NCc2ccc(N3CCOCC3)nc2)cn1;COc1ccc(CC[NH2+]CC(=O)NCc2cccnc2)cc1OC;CCCCCCCC(=O)NC(Cc1c[nH]c2ccccc12)C(=O)O;COC1=CC=C(C(=O)O)C=C1O[C@@H]1O[C@H](CO)[C@@H](O)[C@H](O)[C@H]1O;CN1C(=O)CCC(NC(=O)CCn2cccn2)C1c1nccn1C;CCn1cc(NC(=O)NCc2cccnc2N2CCOCC2)cn1;CCc1ccc(OCCOCCOc2ccc(C)cc2OC)cc1;O=C(NCC[NH2+]CC(O)COc1ccccc1)Nc1ccccc1;OCCCC1=CC=C(O)C(O[C@@H]2O[C@H](CO)[C@@H](O)[C@H](O)[C@H]2O)=C1;O=C(COc1ccc(C(=O)NC2CCCC2)cc1)NC1CCCC1;Oc1ccccc1OCCCCCCCCOc1ccccc1O;COC1=CC(C(=O)O)=CC=C1O[C@H]1O[C@@H](CO)[C@H](O)[C@@H](O)[C@@H]1O;COc1cccc(C(=O)NCc2nc(N(C)C)nc(N(C)C)n2)c1;CC(C)c1ccc(OCCNC(=O)NCc2ccc(F)cc2)cc1;COc1ccc(C(CNC(=O)Cn2ccccc2=O)[NH+](C)C)cc1;COC1=CC(CC[C@H](O)C[C@H](O)CCC2=CC=CC=C2)=CC=C1O;CCN1C(=O)CC(C(=O)NCCn2cccn2)C1c1nccn1C;CC(C)c1ccc(C(=O)Nc2ccc(Nc3ccccc3)cc2)cc1;CC1CN(c2ccc(CNC(=O)NCc3cc[nH]n3)cn2)CCO1;OCCCC1=CC=C(O[C@@H]2O[C@H](CO)[C@@H](O)[C@H](O)[C@H]2O)C(O)=C1
m_15dab4,CNCC1CCN(C(=O)c2cc(C)n(-c3ccc(Br)cc3)n2)C1;CC1=C(O[C@@H]2O[C@H](COC(=O)CC(=O)O)[C@@H](O)[C@H](O)[C@H]2O)C(=O)[C@@H](C)O1;OC[C@H]1O[C@@H](OCC2=CC=C(C#CC3=CC=CC=C3)S2)[C@H](O)[C@@H](O)[C@@H]1O;COP(N)(=O)OC[C@H]1O[C@@H](N2C(O)=NC3=C(N)N=CN=C32)[C@H](O)[C@@H]1O;OCC1OC(n2cnc3c(Nc4cccc(Cl)c4)ccnc32)C(O)C1O;COc1ccc(N2CC3(NS2(=O)=O)OC(CO)C(O)C(O)C3O)cc1;OC(COc1ccc(-c2ccccc2Br)cc1)C[NH+]1CCCC1;Nc1ccn(C2CC(O)C(COC(=O)c3nccnc3C(=O)[O-])O2)c(=O)n1;Nc1ccc2nc(-c3cn(C4CC(O)C(CO)O4)c(=O)[nH]c3=O)sc2c1;CCC(CC)(C[NH2+]CC(O)COc1ccc(Br)cc1)SC;Nc1ncnc2c1ccn2C1OC(C(O)c2cccc(Cl)c2)C(O)C1O;CCOC(=O)c1cc(O)c(O)c(CC(O)C=O)c1C(=O)c1ccccc1F;O=C(COC(=O)CCSc1ccc(F)cc1)NNC(=O)c1ccccc1;OC(COc1ccc(-c2ccc(Br)cc2)cc1)C[NH+]1CCCC1;O=C(COc1ccccc1)NCC(=O)Nc1cc2c(cc1Cl)OCCO2;COc1ccc(CNc2nc3cc(C(F)(F)F)ccc3nc2C(=O)[O-])cc1;Nc1ncnc2c1ncn2C1OC(CO)C(O)C1NC(=O)c1cccs1;O=C(NC(CO)C(=O)NCc1ccc(Cl)cc1)c1ccc2c(c1)OCO2;CSCCCCCC[NH2+]CC(O)COc1cccc(Br)c1;CC#Cc1cn(C2OC(C(=O)C(O)c3ccco3)C(O)C2O)c(=O)[nH]c1=O;COc1ccc(CNC2CCN(c3ncccn3)CC2)cc1Br;COc1ccc(Cl)cc1Nc1cc(C(F)(F)F)nc(NCCCO)n1;Cc1ccc(-c2nc(C(=O)OCC(=O)c3c[nH]c4ccccc34)cs2)cc1;Nc1nc(Sc2cccc[n+]2[O-])c2ncn(C3CC(O)C(CO)O3)c2n1;COC1=CC=C(C(=O)COC2=CC=C3C(=O)/C(=C/C4=CC=CO4)OC3=C2)C=C1
m_163bfd,Cc1nc(CNC(=O)NCc2ccccc2CC(F)(F)F)no1;COC(=O)C1=CC=C(CN2C=NC3=C2C(=O)N(C)C(=O)N3C)C=C1;COc1cccc(C(=O)Cn2cnc3c2c(=O)n(C)c(=O)n3C)c1;CC(=O)OC1C(OC2=CC=CC=C2CO)OC(CO)C(O)C1O;O=C(O)CCC1=CC=CC=C1O[C@@H]1O[C@H](CO)[C@@H](O)[C@H](O)[C@H]1O;Cn1c(C(F)(F)F)nn(CC(=O)NCCc2ccccc2)c1=O;C[C@@H](C(=O)O)C1=CC=C(O[C@H]2O[C@@H](CO)[C@H](O)[C@@H](O)[C@@H]2O)C=C1;O=C(O)CCC1=CC=C(O[C@@H]2O[C@H](CO)[C@@H](O)[C@H](O)[C@H]2O)C=C1;O=C(O)CCC1=CC=CC(O[C@@H]2O[C@H](CO)[C@@H](O)[C@H](O)[C@H]2O)=C1;CC(=O)OC[C@H]1O[C@H](OC2=CC=CC=C2CO)[C@H](O)[C@@H](O)[C@@H]1O;C[C@@H](C(=O)O[C@H]1O[C@@H](CO)[C@H](O)[C@@H](O)[C@@H]1O)C1=CC=C(O)C=C1;COC1=CC=C(C(C)=O)C(O[C@@H]2O[C@H](CO)[C@H](O)[C@H](O)[C@H]2O)=C1;CCOC(=O)C1=CC=C(O[C@@H]2O[C@H](CO)[C@@H](O)[C@@H](O)[C@@H]2O)C=C1;COC(=O)c1ccc(Cn2c(=O)c3c(ncn3C)n(C)c2=O)cc1;CCOC1=CC(C=O)=CC=C1OC1OC(CO)C(O)C(O)C1O;O=C(CCC1=CC=CC=C1O)O[C@@H]1O[C@H](CO)[C@@H](O)[C@H](O)[C@H]1O;CC(=O)OC[C@H]1O[C@@H](OC2=CC=C(O)C=C2C)[C@H](O)[C@@H](O)[C@@H]1O;CN1C(=O)C2=C(N=CN2CC(=O)NCC2=CC=NC=C2)N(C)C1=O;O=C(O[C@H]1O[C@@H](CO)[C@H](O)[C@@H](O)[C@@H]1O)[C@@H](CO)C1=CC=CC=C1;COc1ccc(CC(=O)NC(Cc2ccc(O)cc2)C(=O)[O-])cc1;COC1=CC(C(C)=O)=CC=C1OC1O[C@H](CO)[C@@H](O)[C@H](O)[C@H]1O;CCOC(=O)CCN(CC(C)O)C(=O)Nc1ccc(Cl)cc1;COc1ccc(Cl)cc1COC(=O)CCCCCNC(N)=O;CCCCOC(=O)NCCNC(=O)COc1ccc(Cl)cc1;CNC(=O)NCC(=O)N1CCN(c2ccc(F)cc2Cl)CC1
m_163da0,CN(c1cccnn1)C1CCN(C(=O)c2sccc2C2CC2)CC1;COC1=CC(C(C)C)=CC(OC2OC(CO)C(O)C(O)C2O)=C1C;CCCCCC1=CC(O)=CC(O[C@@H]2O[C@H](CO)[C@@H](O)[C@H](O)[C@H]2O)=C1;CCCCCC1=C(O)C=CC(O[C@H]2O[C@H](CO)[C@@H](O)[C@H]2O)=C1CO;COC1=CC=C(CC[C@@H](C)O[C@@H]2O[C@H](CO)[C@@H](O)[C@H](O)[C@H]2O)C=C1;CCCCC(O)c1ccc(OC2OC(CO)C(O)C(O)C2O)cc1;C[C@@H](CCCC1=CC=C(O)C=C1)O[C@@H]1O[C@H](CO)[C@@H](O)[C@H](O)[C@H]1O;COc1cc(C(C)C)c(OC2OC(CO)C(O)C(O)C2O)cc1C;CC(COC1OC(CO)C(O)C(O)C1O)OC(CO)C(O)CO;COC1OC(COC(=O)CC([NH3+])c2ccccc2)C(O)C(O)C1O;CC(O)CCCc1ccc(OC2OC(CO)C(O)C(O)C2O)cc1;CC(C)(CCC1=CC=C(O)C=C1)O[C@@H]1O[C@H](CO)[C@@H](O)[C@H](O)[C@H]1O;COC1=CC(CCCO)=CC=C1OC1OC(CO)C(O)C(C)C1O;CC1=C(C/C=C\CCO[C@@H]2O[C@H](CO)[C@@H](O)[C@H](O)[C@H]2O)C(=O)CC1;NC[C@H](O)[C@H](O[C@H]1O[C@@H](CO)[C@@H](O)[C@H](O)[C@@H]1O)[C@H](N)[C@H](O)CO;CC/C=C/CC1=C(C)C(OC2OC(CO)C(O)C(O)C2O)CC1=O;COC1C(CO)OC(OC(C(O)CO)C(O)C(C)O)C(O)C1O;CC(OC1OC(CO)C(O)C(O)C1O)[Si](C)(C)c1ccccc1;CO[C@H]1[C@H](O)[C@@H](O)[C@H](OC2=CC(C(C)C)=C(C)C=C2O)O[C@@H]1CO;CCCCOC1C(O)C(CO)OC(Oc2ccc(OC)cc2)C1O;CC(C)=CC(=O)C[C@](C)(O)[C@H]1COC2=C1C(=O)C1=C(C)C=CC=C1O2;CC1=CC=CC2=C1C1=C(C3=C(CC[C@@](C)(O)[C@H]3O)C(C)(C)O1)C(=O)O2;O=C([O-])C(Cl)(CCOC1OC(CO)C(O)C(O)C1O)C(=O)[O-];Cc1oc2ccccc2c1C(=O)NC1CCN(C2CCOCC2)C1=O;COC1=CC(CCC(=O)/C=C/CCC2=CC=C(O)C(O)=C2)=CC=C1O
m_1700bc,COc1ccc(CN2CCN(c3nnc(C4CC4)s3)CC2)cc1;COC1=CC(/C=C/C2=CC(OC)=C(OC)C(OC)=C2)=CC(OC)=C1;COc1cc(C=CC(=O)c2c(C)nn(C)c2C)cc(OC)c1OC;COc1cc(C=CC(=O)c2cnn(C(C)C)c2)cc(OC)c1OC;COc1ccc2oc(C)c(C(=O)N3CCCN(C(C)=O)CC3)c2c1;COc1cc(C=CC(=O)c2ccc(F)cc2)c(OC)c2c1OCO2;CCn1ncc(C(=O)C=Cc2ccc(OC)c(OC)c2OC)c1C;COc1ccc(C(=O)CCc2cc(OC)c(OC)c(OC)c2)cc1;COc1cc(C)c(C(=O)c2c(C)ccc(OC)c2OC)c(OC)c1;COc1ccc(CCC(=O)c2cc(OC)c(OC)c(OC)c2)cc1;COC1=CC=C([C@@H]2CCC3=C(OC)C=C(OC)C=C3O2)C(OC)=C1;COc1cc(C=CC(=O)c2ccccc2F)c(OC)c2c1OCO2;COC(=O)C1=C(CCC2=CC=C(OC)C=C2)C=CC(OC)=C1OC;CCOc1ccc(OCCOc2ccc(C(C)=O)cc2OC)cc1;COc1cc(C)c(C(=O)c2c(OC)cc(OC)cc2OC)c(C)c1;COc1ccc(C=C(C)c2cc(OC)c(OC)c(OC)c2)cc1O;COC1=CC2=C(C=C1OC)C1=C(C=C(OC)C(OC)=C1OC)CC2;COc1ccccc1N1CCN(C(=O)Nc2ccncc2F)CC1;COC1=C(O)C(/C=C/CC2=CC=CC=C2)=C(OC)C(OC)=C1OC;COC1=CC=C2C(=C1)OC[C@@H](CC1=CC=C(OC)C(OC)=C1)[C@@H]2O;COc1cc(OC)c2c(c1)OC(Cc1ccc(OC)c(OC)c1)C2;COc1cc(C)c(C(=O)c2c(C)cc(OC)cc2OC)c(OC)c1;COc1cc(NC(=O)c2ccc(=O)n(CC(C)C)c2)cc(OC)c1;COc1cc(NCC(=O)Nc2ccc(C)cc2)cc(OC)c1OC;COc1cc(C(=O)Nc2ccc(N(C)C)cc2)cc(OC)c1OC
m_1712db,CCNC(=O)c1ccc(NCC2CCOC2C(C)C)nn1;CCOc1ccccc1N1CCN(CCCC(=O)O)CC1;N=C(N)NCCCCC(NCCc1ccccc1)C(=O)O;CCCCCCCNc1ccc(C(=O)NCC(=O)O)cc1;N=C(N)NCCCC(NCCCc1ccccc1)C(=O)O;COc1nc(C)nc(N2CCCC(CC(N)=O)CC2)c1C;O=C(O)CCNC(=O)c1ncccc1OCC(F)(F)F;CCCCCCCCO[C@@H]1O[C@@H](CO)[C@H](O)[C@H](O)[C@H]1O;COc1ccccc1C(C)N1CCN(CCC(=O)O)CC1;CCCCC[C@@H](CC)O[C@@H]1O[C@H](CO)[C@@H](O)[C@H](O)[C@H]1O;CCCCC(COCCOCCOCCO)CC(=O)O;COc1cc(C=CCNC(=N)NCCCCN)ccc1O;CCCCOC(=C(OCCCC)C(O)CO)C(O)CO;CNC(=NCCCC(N)C(=O)O)N(C)Cc1ccccc1;CCCN1CCC(NC(=O)CCc2ccccc2F)CC1;O=C(O)CC/C(C(=O)O)=C(\C(=O)C(=O)O)C1=CC=CC=C1;O=C(O)C[C@@H](O)CC1=C(O)C(=O)C2=C(O)C=CC=C2C1=O;CC1=CC(O)=C(O)C(OC2=CC(C(=O)O)=CC(O)=C2O)=C1;CC(C)n1cc(N)cc1C(=O)N1CCC(CC(N)=O)CC1;CCCCCNC(=O)CCNC(=O)c1cccc(OC)c1;CC(O)CN1CCN(CC(=O)Nc2cccnc2)CC1C;CNC(=O)CN1CCC(NCc2nc(C)ccc2O)CC1;Cc1nc(C(=O)NC2CCN(C(=O)CC(C)C)CC2)c[nH]1;N=C(N)NCCCCC(NCC(O)C(O)CO)C(=O)O;CC(=O)NC(CCCCNCC(O)C(O)CO)C(=O)O
m_1777b7,CS(=O)(=O)CCN1CCC(NC(=O)c2cc3ccccc3[nH]2)CC1;O=C(CCCc1ccc(-c2ccccc2F)cc1)Nc1ccc(O)cc1;CCCCCCCCCCC(=O)NC(Cc1ccc(O)cc1)C(=O)O;CCCCCCCCC=CCNC(Cc1ccc(O)c(O)c1)C(=O)O;CCCCCCCC(=O)NC1=NN=C(C2=CC=C(O)C(OC)=C2)S1;O=C(NCCc1ccc(F)cc1)c1ccc(OCc2ccccc2)cc1;COc1ccc(CCNC(=O)CCc2cccc(F)c2F)cc1OC;COc1ccc(CC(=O)Nc2cccnc2Nc2ccc(O)cc2)cc1;COc1ccc(CC(=O)Nc2ccc(-c3nc(C)cc(=O)[nH]3)cc2)cc1;COc1ccc(CCCNC(=O)NCc2nc(C)cs2)cc1OC;O=C(CCc1ccccc1)NCc1cccc(Oc2ccc(F)cc2)c1;Cc1ccc(F)c(NC(=O)COc2ccccc2Cc2ccccc2)c1;COc1ccc(CCC(=O)NCc2ccc3cc(OC)ccc3c2)cc1;COc1ccc(CCCCC(=O)Nc2ccccc2OC(F)F)cc1;COc1ccc(C(=O)Nc2ccc(Nc3ccccc3)cn2)cc1OC;COc1ccc2cc(CNC(=O)c3ccc(NC(N)=O)cc3)ccc2c1;CCOc1ccc(CCNC(=O)c2ccc(F)c(F)c2)cc1OCC;COc1ccc(CC(C)C(=O)NCc2c(F)cccc2F)cc1OC;COc1ccc(CCNC(=O)NCCc2csc(C)n2)cc1OC;COc1ccccc1CCC(=O)Nc1cnc(-c2cccc(O)c2)nc1;COc1ccc(CC(=O)Nc2ccccc2Cc2ccccc2)cc1F;COc1ccc(CCNC(=O)c2ccc(C)c(C)c2)cc1OC(F)F;O=C(Cc1cc(-c2ccccc2)nc(-c2ccccc2)c1)c1ccccc1;COc1ccc(CNC(=O)NCCCCc2nccs2)cc1OC;COc1cc(CN(C)CC(O)c2ccc(O)c(O)c2)cc(OC)c1O
m_1813a1,Cc1cc(C)nc(CN2CCOC(C)C2c2nc(C3CC3)no2)c1;Oc1ccc(CCNc2ccnc(NC3CCC(O)CC3)n2)cc1;COc1ccc(CCNC(=O)c2cnc(NCC(C)C)nc2)cc1;CC(C)Cn1cc(C(=O)N2CCN(c3ccc(O)cc3)CC2)cn1;COc1ccc(CCC(=O)N2CCN(c3cnn(C)c3)CC2)cc1;COc1ccc(CCNC(=O)c2cnc(NCC(C)C)cn2)cc1;CCCCNc1nccc(C(=O)NCCc2ccc(OC)cc2)n1;CN(C)c1ccc(CCNC(=O)CCCc2ccc(F)cc2)cc1;CCCCNc1ccc(C(=O)NCCc2ccc(OC)cc2)nn1;COc1cccc2c1OCC([NH2+]C(C)CCc1ccc(O)cc1)C2;CCCCNc1cc(C(=O)NCCc2ccc(OC)cc2)ncn1;OC1=CC=C(C2CC(C3=CC=CC=C3)CC(C3=CC=CC=C3)C2)C=C1;Cc1c(C2CCN(C(=O)NCCc3ccccc3)CC2)noc1N;CCc1cccc(CC)c1NCC(=O)NCCc1ccc(F)cc1;CC(=O)Nc1ccc(CCNC(=O)C(C)n2nc(C)cc2C)cc1;COc1ccc(CC(=O)NC(Cc2ccc(O)cc2)C(=O)[O-])cc1;O=C(NCCc1ccc(-n2cccn2)cc1)NCC1CCCC1O;C[C@@H](C(=O)O[C@H]1O[C@@H](CO)[C@H](O)[C@@H](O)[C@@H]1O)C1=CC=C(O)C=C1;CC(C)(C)c1ccc(CCNC(=O)NCc2ccc(F)cc2)cc1;CCN(CC)c1nccc(C(=O)NCCc2ccc(OC)cc2)n1;CNCC1CCN(C(=O)c2cnn(Cc3ccc(OC)cc3)c2)C1;O=C(NCCCc1ccccc1)Nc1cnn(C2CCOCC2)c1;O=C(NCCc1ccc(O)cc1)NCC12CC3CC(CC(C3)C1)C2;O=C(O)CCC1=CC=C(O[C@@H]2O[C@H](CO)[C@@H](O)[C@H](O)[C@H]2O)C=C1;COc1ccc(CCNc2ncc(C(=O)NCC(C)C)cn2)cc1
m_18f297,OC1CCN(c2ccccc2NCCOc2cccc(F)c2)CC1;Cc1ccc(NC(=O)c2ccccc2Nc2ccc(C)cc2C)cc1;Cc1ccc(NCC(O)Cn2c3ccccc3c3ccccc32)cc1;Cc1ccccc1C(=O)Nc1ccc(NCCc2ccccc2)cc1;Cc1ccc(C=CC(=O)NCCNc2cccc3ccccc23)cc1;Cc1cccc(CNc2ccc(NC(=O)c3ccccc3C)cc2)c1;Cc1ccc(NC(=O)c2ccccc2Nc2ccccc2C)c(C)c1;Cc1ccc(CNc2ccc(NC(=O)Cc3ccccc3)cc2)cc1;Cc1c(-c2ccccc2)nc2ccccc2c1C(=O)N1CCCCC1;Cc1ccc2nc(-c3ccccc3)cc(C(=O)N3CCCCC3)c2c1;COc1ccc(C)cc1NC(=O)N1CCC(c2cc(N)on2)CC1;Cc1ccc(NC(=O)c2ccccc2NCc2ccccc2)c(C)c1;Cc1c(CNC(=O)C2CC2C2CCNCC2)oc2ccc(F)cc12;Cc1ccc(O)c(C(=O)Nc2cnn(CCN3CCOCC3)c2)c1;Cc1ccc2nc(C)cc(C(=O)N3CCCc4cccc(C)c43)c2c1;O=C(Nc1cccc2ccccc12)c1ccc(N2CCCCC2)cc1;Cc1ccccc1-c1cc(C(=O)NC2CCCC2)c2ccccc2n1;COc1ccc(F)cc1CN(C)CC(=O)Nc1cccc(C)c1C;CCC(=NNC(=O)Cc1cccc2ccccc12)c1ccc(C)cc1;Cc1ccc(CNc2ccc(NC(=O)c3cccc(C)c3)cc2)cc1;Cc1ccc(C)c(NCC(=O)Nc2ccccc2-c2ccccc2)c1;O=C(Nc1ccccc1C(=O)NC1CC1)c1ccc2ccccc2c1;Cc1ccccc1CCC(=O)Nc1ccc(Nc2ccccc2)cc1;O=C(Nc1ccc(N2CCCCC2)cc1)c1ccc2ccccc2c1;CC(C)c1ccc(C(=O)Nc2ccc(Nc3ccccc3)cc2)cc1
m_1a0749,Cc1nc(-c2cccc(NC(=O)Cc3ccc(F)cc3Br)c2)n[nH]1;CCOP(=O)(OCC)C(Sc1ccc2ccccc2c1)P(=O)([O-])[O-];O=C(Cc1cc(=O)oc2cc(OP(=O)([O-])[O-])ccc12)OCc1ccccc1;Cc1nc(C)c(CCNS(=O)(=O)c2cc(C)c(Cl)c(C(=O)O)c2)s1;NS(=O)(=O)c1ccc(CCNS(=O)(=O)Cc2ccccc2Cl)cc1;CCOC(=O)C1=C(C)OC2=CC(Br)=C(OCC3=CC=CC=C3)C=C12;NS(=O)(=O)c1ccc(CCCNS(=O)(=O)c2ccc(Cl)cc2)cc1;O=C(COc1ccc2ccccc2c1)NNC(=O)c1ccc(Cl)cc1Cl;CCOC(=O)C1=C(C)OC2=CC=C(OCC3=CC=C(Br)C=C3)C=C12;O=S(=O)(Nc1c(F)cccc1F)c1ccc(S(=O)(=O)NC2CC2)cc1;CCOP(=S)(OCC)SCc1nc(-c2ccc3c(c2)OCO3)no1;CCOC(=O)C1=C(C)OC2=CC=C(OCC3=CC=CC(Br)=C3)C=C12;O=C(COc1ccccc1)Nc1ccccc1Oc1ncc(Cl)cc1Cl;CCOP(=O)(OCC)OC1CCC(C)(C)C=C1I;CC1=CC=C(S(=O)(=O)O/N=C(/C2=CC=CC([N+](=O)[O-])=C2)C(F)(F)F)C=C1;CCOP(=S)(OCC)Oc1ccc(Oc2c(C)cccc2Cl)nn1;COC(=O)C1=C(C)OC2=CC(Br)=C(OCC3=CC=CC=C3C)C=C12;COc1ccc(CNC(=O)CN(C)S(=O)(=O)c2ccc(Cl)s2)cc1;CCOc1ccc(NC(=O)CN(C)S(=O)(=O)c2ccc(Cl)s2)cc1;Cc1ccc(S(=O)(=O)Oc2c([N+](=O)[O-])cc([N+](=O)[O-])c3ccccc23)cc1;NS(=O)(=O)C1=CC=C(CNC(=O)COC2=CC=C3C=CC(=O)OC3=C2)C=C1;CN(CC(=O)Nc1ccc(CCO)cc1)S(=O)(=O)c1ccc(Cl)s1;CN(C)S(=O)(=O)c1ccccc1CNS(=O)(=O)c1ccc(Cl)cc1;O=S(=O)(Nc1c(F)cccc1F)c1cccc(S(=O)(=O)NC2CC2)c1;CS(=O)(=O)ON1C(=O)c2ccc(NC(=O)CCc3ccccc3)cc2C1=O
m_1a8b29,CCCn1cc(C(=O)Nc2nc(C)n(C)n2)cn1;C/C(=C/CCC(C)C)C1=CC=C(O)C=C1C(=O)O;CCC/C=C/C(=O)CCC1=CC=C(O)C(OC)=C1;CCCCCCOC(=O)/C=C/C1=CC=C(O)C=C1;COC(=O)c1ccc(CC2CCCCC2)c(O)c1;C=C(CCCC(C)C)C1=CC=C(C(=O)O)C=C1O;C/C(=C/CCC(C)C)C1=CC=C(C(=O)O)C=C1O;CCCOC(=O)C(=Cc1ccc(O)cc1)CCC;CC(C)[C@H]1CC[C@@](C)(O)C2=CC=C(C(=O)O)C=C21;CC(C)CC(=O)C[C@H](C)C1=CC=C(C(=O)O)C=C1;O=C(O)CC1=CC=C(OCC2CCCCC2)C=C1;CC1=CC=C(O)C(C)=C1C1OC(=O)CC1C(C)C;COC1=CC(O)=C2C(=C1)CC[C@]21CC[C@@H](O)CC1;CCCCC/C=C/C1=C(OC)C=CC(O)=C1C=O;CC1(C)CC/C(=C/CC2=CC=C(O)C=C2O)CO1;CC(C)=CCC/C(O)=C/CC1=CC(O)=CC=C1O;CCCCCC(=O)C=Cc1ccc(O)c(CO)c1;CCCCCCCC1OC(=O)c2cccc(O)c21;CC1=CC(O)=CC(C)=C1C[C@@H]1CC(=O)OC1(C)C;CC(=O)C(C(=O)OCc1ccccc1)C(C)(C)C;CC(C)[C@H](NC(=O)NCCCC(=O)O)C(O)O;COC(=O)CCC1=CC=C(O)C(CC=C(C)C)=C1;COc1ccc(C(=O)C(C)(C)C(=O)C(C)C)cc1;CCCCCCCC(=O)OC(=O)c1ccccc1;COc1ccc2oc(C(O)CC(C)C)c(C)c2c1
m_1b1573,CC1(C)CCCN1C(=O)NCc1ccc(-n2cccn2)cc1;CCCCCC(=O)CCC1C(O)CC(=O)C1CCC(=O)O;CCCCCCCC[C@H](O)C1=CC(OC)=C(CO)C(=O)O1;CCCCCC(=O)CCC1C(=O)CC(O)C1CCC(=O)O;CCC=CCC1C(O)CC(O)C1C=CC(O)CCC(=O)O;C=C(C(=O)OC)C1C(CCCCCCCC)OC(=O)C1O;CCCCCCCC(=O)OC1OC(=O)C(C)(C(C)=O)C1C;CCCCCC[C@H](O)[C@@H]1C[C@@H](O)C2=C(O1)[C@@H](O)CCC2=O;CCCCCC(O)C=CC1OC(OC)CC2OC(=O)CC12;CCCCCC[C@H](O)[C@@H]1C[C@@H](O)C2=C(CC[C@@H](O)C2=O)O1;CCC(C)CC(=O)CCCC[C@@H](O)C1=C(C)C(O)OC1=O;CCCCCCCCCCCCC(C(=O)[O-])C(=O)C(=O)[O-];CCCC(O)CC1CC2OC2/C=C/C(O)C(C)(C)C(=O)O1;COC(=O)CCCCCCC1C(=O)CC(O)C1C=CCO;CCCCCCCCCCCC(=O)C(CC(=O)[O-])C(=O)[O-];CCCCCCCCC(COc1ccc(Cl)cc1)NN;CCCCCCC[C@H]1OC2=C(C(=O)O[C@H]2C)[C@@H](O)[C@]1(C)O;C=C1C(=O)OC(C(=O)OC)C1CCCCCCCC(C)O;CCCCCCCCCCCC(=O)Nc1nnc(N)s1;CCOC(=O)C=CC(=O)CCCCCCC(C)OC(C)=O;OCCCC(O)C=CC=CC=CC[C@@H]1C[C@@H](O)C[C@H](O)O1;CCCCCCCC(OC(C)=O)=C1COCC1OC(C)=O;CCCCCCCC1OC2=C(C(=O)[C@@H](C)O2)[C@@H](O)[C@]1(C)O;CCCCCCCCCC(=O)c1ccccc1OC(F)F;CC[C@@H](O)CCC[C@H](O)[C@@H]1CCC2=C(O1)[C@H](O)CCC2=O
m_1b27e6,COc1ccc(-c2csc(NC(=O)c3ccccc3F)n2)cc1CC#N;CCOC(=O)C1CCCN(C(=O)CCc2cccc(Br)c2)C1;COc1ccc(S(=O)(=O)N2CCN(c3ccncc3Cl)CC2)cc1;CCOc1ccc(CC(=O)N2CCN(C(=O)Nc3ccccc3)CC2)cc1;COc1ccc(S(=O)(=O)N2CCN(c3ccncc3)CC2)cc1Cl;COC(=O)c1ccc(CN2CCN(CC(=O)Nc3ccccc3)CC2)cc1;CN(Cc1ccccc1N1CCOCC1)C(=O)CNC(=O)c1ccccc1;O=C(c1ccccn1)N1CCN(S(=O)(=O)c2c(F)cccc2F)CC1;CCCCOc1ccc(C(=O)N2CCN(C(=O)c3ccncc3)CC2)cc1;CC(=O)Nc1cccc(C(=O)NCc2ccc(CN3CCOCC3)cc2)c1;CN(C)C(=O)N1CCN(C(=O)c2ccc(COc3ccccc3)cc2)CC1;Cc1cc(C(=O)NC2CCN(Cc3cc(Cl)cc(Cl)c3)CC2)no1;CC(=O)Nc1ccc(O)c(C(=O)N2CCN(Cc3cccc(C)c3)CC2)c1;COc1ccccc1N1CCN(C(=O)CNC(=O)Cc2ccccc2)CC1;NC(=O)COc1cccc(NC(=O)C2CCN(Cc3ccccc3)CC2)c1;COC1=CC2=C(C=C1Cl)C(C)=C(CC(=O)NCCCC(=O)O)C(=O)O2;CCOc1ccc(C(=O)Nc2ccccc2N2CCN(C(C)=O)CC2)cc1;CCOC(=O)C1=C(N)N([C@@H]2O[C@H](COP(=O)(O)O)[C@H](O)[C@H]2O)C=N1;CC(C)C(=O)NCCS(=O)(=O)N1CCN(CCc2ccccc2)CC1;Cc1ccc(NS(=O)(=O)c2c[nH]c(C(=O)N3CCCC3)c2)cc1Cl;CCC(Cc1ccccc1Br)C(=O)N1CCC(C(=O)O)CC1;CONC(=O)c1ccc(N2CCN(S(=O)(=O)C(F)(F)F)CC2)cc1;COC(=O)C(Cc1ccc(Cl)cc1)NC(=O)Cc1ccc(F)cc1F;CCc1ccc(C(=O)N2CCN(C(=O)Nc3ccccc3OC)CC2)cc1;CCOC(=O)c1ccc(N2CCN(C(=O)Nc3ccccc3C)CC2)cc1
m_1beae5,CC(C)Cc1ccc(C(C)NC(=O)Cn2cnnc2C#N)cc1;C[C@@H]1O[C@@H](OC2=CC=C(CCN(C)C)C=C2)[C@H](O)[C@H](O)[C@H]1O;CC(CNC(=O)CC(O)c1cccc(F)c1)[NH+]1CCOCC1;COc1ccc(F)c(C(=O)N(C)CC2(O)CC[NH+](C)CC2)c1;CC(Oc1ccccc1NC(=O)C1CC[NH2+]C1)c1ccccc1;C/C=C(\C)C(=O)OC1CC2C(O)C(OC(=O)CC)C(C1)N2C;CCCCCCCCNC(=O)c1cc(NCC)ncc1Cl;CCCN(CC(O)C=CC1C(O)CC2OC(=O)CC21)C(C)=O;CC(C)c1nc(Cl)cc(NCC2(O)CCC(C)(C)CC2)n1;C[NH+]1CCN(C(=O)Cc2ccc(Oc3ccccc3)cc2)CC1;CCN(CC)C(=O)c1c(CC(O)CO)cc(OC)cc1OC;CC(CCc1ccc(C(N)=O)cc1)[NH2+]CC(=O)c1ccccc1;Cc1cccc(C[NH+]2CCN(C(=O)c3ccccc3O)CC2)c1;Cc1cccc(OCCC(=O)NCc2ccc3c(c2)C[NH2+]C3)c1;O=C(CCOC1CCOCC1)N1CC2CCCC2(C(=O)O)C1;CCOc1ccc(CCC(=O)N(CCO)CCO)cc1OC;CC(C)c1ccc(CNC(C=O)C(O)C(O)C(O)CO)cc1;O=C(Cc1ccccc1)NC(c1ccccc1)[NH+]1CCOCC1;CC(C)CCCCCCNC(=O)c1cc(Cl)ccc1NN;CCOC1CC(CO)(NC(=O)c2ccc(COC)o2)C1(C)C;CCCCCC(=O)OC(=O)CCCCCN1C(=O)CCC1=O;Cc1c(Cl)nc(C(C)(C)C)nc1N(C)CC1(O)CCCC1;Cc1ccccc1COc1cccc(NC(=O)C2CC[NH2+]C2)c1;Cc1ccc(NC(=O)C(c2ccccc2)[NH+]2CCC(O)C2)cc1;O=C(Cc1ccccc1)N1CC[NH+](Cc2ccccc2O)CC1
m_1d7bdd,CCOC(=O)C(C)(C)NCC(=O)Nc1ccccc1-c1ccccc1;COC1=CC=C(C(=O)N2CCN(CC3=CC=CC=C3OC)CC2)C=C1;COC1=CC=C(CN2CCN(C(=O)C3=CC=C(OC)C=C3)CC2)C=C1;COC1=CC=C(CN2CCN(C(=O)C3=CC=CC=C3)CC2)C(OC)=C1;COc1ccc(C(=O)Nc2ccc(NC3CCCC3)cc2)cc1OC;CCOc1cc(C(=O)N2CCN(c3ccccc3)CC2)ccc1OC;COC1=CC=CC(CN2CCN(C(=O)C3=CC=CC(OC)=C3)CC2)=C1;COC1=CC(OC)=CC(C(=O)N2CCN(CC3=CC=CC=C3)CC2)=C1;COc1cccc(OC)c1C(=O)N1CCCC(Nc2ccccc2)C1;COCCN1CCC(NC(=O)c2c(F)ccc(OC)c2OC)CC1;COC1=CC=CC(CN2CCN(CC3=CC=C4OCOC4=C3)CC2)=C1;COc1ccccc1CC1CCN(C(=O)c2ccn(C)c(=O)c2)CC1;CCOc1cccc(C(=O)N2CCN(c3ccccc3OC)CC2)c1;COc1cc(C(=O)N2CCC(Oc3ccncc3C)CC2)ccc1C;COc1ccccc1OCC(=O)N1CCN(c2ccc(C)cc2)CC1;COc1ccccc1N1CCC(NC(=O)Cc2ccc(O)cc2)CC1;COc1ccc(NC2CCN(C(=O)c3ccccc3)CC2)c(OC)c1;CCc1ccnc(C(=O)N2CCc3cc(OC)c(OC)cc3CC2)c1;CCCCCNC(=O)c1ccc(C(=O)Nc2ccc(OC)cc2)cc1;COc1cccc(NC(=O)CC2CN(Cc3ccccc3)CCO2)c1;COc1cccc(NC(=O)c2ccc(C(=O)NCCC(C)C)cc2)c1;CCOc1ccc(C(=O)N2CCN(c3cccc(OC)c3)CC2)cc1;CC(C)Oc1ccc(C(=O)Nc2ccccc2N2CCOCC2)cc1;COc1ccc(C(=O)Nc2cccc(N3CCCCC3)c2)cc1OC;O=C(COc1ccc(-c2ccccc2)cc1)NCCN1CCOCC1
m_1de28b,Cc1cc(NC(=O)N2CCOCC2C2CC2)c(N(C)C)nn1;CCCCCCCCC(=O)NC(Cc1ccccc1)C(=O)O;CCCCCCCCCC(=O)Oc1ccc(NC(C)=O)cc1;CCCCCCCCCC(=O)NC1=CC=C(C(=O)OC)C=C1;CC(C)CCCCCC(=O)NC(CC1=CC=CC=C1)C(=O)O;CCCCCC(O)C=CCNC(Cc1ccccc1)C(=O)O;CCCCCCCCCC(=O)Nc1ccccc1C(=O)OC;CCCCCCCCC=CCNc1cc(C(=O)O)ccc1O;COC(=O)CCCCCCC(=O)NCCCc1ccccc1;CCCCCCCCC=CCNc1c(O)cccc1C(=O)O;CCCCCCC(=Cc1ccccc1)CNC(CO)C(=O)O;O=C(O)CCCNC(=O)CC1=CC(=O)OC2=CC(O)=CC=C12;CCCCCCCCCC(=O)NCc1ccc2c(c1)OCO2;O=C(O)CCCNC(=O)COC1=CC=C2C=CC(=O)OC2=C1;CCCCc1ccc(NC(=O)NCCCCCC(=O)[O-])cc1;COC1=CC(CNC(=O)CCCC/C=C\C(C)C)=CC=C1O;CC(C)OC(=O)CCCNC(=O)CCCCc1ccccc1;CCCCCOC(=O)CCCC(=O)NC(C)c1ccccc1;CN1[C@H](CCCCCC(=O)O)C[C@H](O)[C@@H]1CC1=CC=CC=C1;COC(=O)CCCCCCCCCNC(=O)C([NH3+])CS;CCCCCCCC(=O)NCCc1ccc2c(c1)OCCO2;CCCCO[C@@H]1O[C@H](CO)[C@@H](OC)[C@H](OC)[C@H]1NC(C)=O;CCCNC(=O)CCCCOC1OC(C)C(O)C(O)C1O;CCCCCCCCC(=O)NC(CBr)C(C)C;CCCCCCCC(=O)NCCCC(C)CBr
m_1f86e6,CC1CC(NC(=O)C2(c3ccccc3Cl)CCOCC2)c2ccsc2S1(=O)=O;COC1=CC=C(CC(=NOS(=O)(=O)O)S[C@@H]2O[C@H](CO)[C@@H](O)[C@H](O)[C@H]2O)C=C1;COC1=CC=CC=C1C/C(=N\OS(=O)(=O)O)S[C@H]1O[C@H](CO)[C@@H](O)[C@H](O)[C@H]1O;COC1=CC=CC(C/C(=N\OS(=O)(=O)O)S[C@@H]2O[C@H](CO)[C@@H](O)[C@H](O)[C@H]2O)=C1;O=S(=O)(O)O/N=C(/CC(O)C1=CC=CC=C1)S[C@H]1OC(CO)[C@H](O)C(O)[C@H]1O;CCCCOc1ccc(C(=O)Nc2ccc(Oc3ccccc3)cc2)cc1Br;CC(=O)N(OC1OC(CO)C(O)C(O)C1O)c1ccc(Oc2ccc(Cl)cc2)cc1;O=C(Nc1cc(Br)ccc1O)c1ccc(OCCCCc2ccccc2)cc1;NC1=NC2=C(N=C(SCC3=CC=C(Cl)C=C3)N2[C@@H]2O[C@H](CO)[C@@H](O)[C@H]2O)C(=O)N1;O=C(NCCc1ccccc1)c1ccc(OCCOc2ccccc2)c(Br)c1;COc1ccc(Br)cc1C(=O)Nc1ccccc1OCCCc1ccccc1;O=S(=O)(O)[N+]([O-])=C(C[C@@H](O)C1=CC=CC=C1)S[C@H]1O[C@H](CO)[C@@H](O)[C@@H](O)[C@H]1O;O=C(CCC(F)(F)F)NCc1cccc(S(=O)(=O)c2cccc(C(F)(F)F)c2)c1;CC(C)c1cc(Br)ccc1OCC(=O)Nc1ccc(Oc2ccccc2)cc1;CCOc1cc(C(=O)Nc2ccc(Br)cc2)ccc1OCc1ccc(C)cc1;CCOc1ccc(C(=O)Nc2cccc(OCCc3ccccc3)c2)cc1Br;COc1ccc(OCCNC(=O)c2cc(OC)c(OC)c(OC)c2Br)cc1;CCOc1ccc(Br)cc1S(=O)(=O)N1CC[NH+](Cc2ccccc2)CC1;O=C(COC(=O)c1ccc(Cl)c(S(=O)(=O)N2CCCCC2)c1)c1ccc(F)cc1;Cc1ccc(OCCNC(=O)COc2ccc(-c3ccccc3)cc2Br)cc1;Cc1cc(Br)ccc1OCC(=O)Nc1cccc(OCCc2ccccc2)c1;CCOc1ccc(C2=[NH+]C(c3ccc(F)cc3)=[NH+]c3ccc(Br)cc3N2)cc1;CCOc1ccc(CCNC(=O)COc2ccc(F)cc2Br)cc1OCC;CCOc1cc(C(=O)Nc2ccc(Br)c(C)c2)ccc1OCc1ccccc1;CCOc1ccc(C[NH+]2CCN(S(=O)(=O)c3ccc(Br)cc3)CC2)cc1
m_20b8f2,CC(C)Nc1ncccc1C(=O)Nc1ncccc1O;COc1cccc(C(=O)NCCNc2cnccn2)c1;O=C(Cn1cccn1)NCCNC(=O)c1ccccc1;COc1c(N2CCc3cccc(N)c3C2)[nH]cnc1=O;COc1ccccc1CCNC(=O)c1nccnc1N;Cc1ccc(C(=O)NCCNc2ccncc2)c(=O)[nH]1;CN(CC(=O)NC1CC1)c1nc(-c2ccccc2)no1;O=C(Nc1cc(C2CCCC2)[nH]n1)c1ccc(O)nc1;CN1CC(CNC(=O)c2ccc3nc[nH]c3c2)CC1=O;CCOc1ccc(NC(=O)c2cnc(C)nc2N)cc1;Cc1cc(C(=O)Nc2ccc(N3CCCC3)nc2)no1;CC(=O)NC1CCN(C(=O)c2ccc3[nH]cnc3c2)C1;Cc1cc(C(=O)N2CCC(c3nnc[nH]3)C2)ccc1O;CCOC(=O)c1ccc(Nc2nc(C)cc(N)n2)cc1;O=C(NCC1CCCC1O)c1nnc2ccccc2n1;O=C(c1ccc(O)nc1)N1CCCC(n2ccnc2)C1;NC(=O)C1CCCN(C(=O)c2n[nH]c3ccccc23)C1;COc1ccc(NC(=O)NCc2ccc(C)nc2)cn1;COc1ccc(C(=O)Nc2cnc(N(C)C)nc2)cc1;Nc1nc2ccccc2c2c1[nH]c(=O)n2CCCCO;O=C(O)C1CCCN1Cc1cnn(-c2ccccc2)n1;CCNc1cncc(C(=O)Nc2ccc(OC)cc2)n1;CCc1cccnc1-c1noc(C2CN(C(C)=O)C2)n1;CC1CCN(C(=O)c2ncn(C)n2)c2c(O)cccc21;COc1cccc(NC(=O)NCc2ccc(N)nc2)c1
m_20c386,O=C(NCC(n1cncn1)C(F)(F)F)C1(O)CCCNC1;CC(NC(=O)CCc1ccccc1)c1ccc2c(c1)CCCC2;CC(C)c1ccc(CNC(CCCNC(N)=O)C(=O)O)cc1;CC(C)(C[NH2+]Cc1cccc(C(F)F)c1)NS(C)(=O)=O;COc1ccc(C(NC(=O)c2ccco2)c2ccccc2)cc1;CSCC(C)(O)CNC(CC(F)(F)F)c1ccccc1;O=C(NC(CCc1ccccc1)c1ccccc1)C1CCCC1;CC(C)c1ccc(CCCNC(=O)C=Cc2ccccc2)cc1;O=C(NCC(O)c1ccccc1)c1cncn1-c1ccccc1;CCCCOC(=O)N(C)C(=O)NC(C(=O)[O-])c1ccccc1;CCC1CCN(C(=O)C(c2ccccc2)c2ccccc2)CC1;COC(=O)c1cn(C(=O)CCc2ccccc2)c2ccccc12;CCOCCCNC(=O)NCC(=O)NCCc1ccccc1;O=C(Nc1ccc(OCCc2ccccc2)cc1)c1ccco1;CCN(CC)CCn1c(Cc2ccccc2)nc2ccccc21;CCC(NC1CCN(CC(=O)NC)CC1)c1cccc(F)c1;CC(CS(=O)(=O)N(C)C(C)c1ccco1)c1ccccc1;CC(C)c1ccc(CCC(=O)N2c3ccccc3CC2C)cc1;COCC([NH3+])C(=O)NCCc1ccc(OC(F)(F)F)cc1;O=C(CCc1ccccc1)N1CCCCC(c2ccccc2)C1;COc1ccc(CCNC(=O)c2ccc3nccnc3c2)cc1;O=C(NCCCc1ccccc1)c1nc(=O)[nH]c2ccccc12;COc1cc(C(=O)NCC(c2cccc(F)c2)N(C)C)on1;CC(c1ccccc1)N(C)C(=O)c1cc(=O)c2ccccc2o1;C[C@H](N)C(=O)N[C@@H](C)C(=O)N[C@@H](CC1=CC=CC=C1)[C@@H](C)O
m_214040,O=C(NCc1noc(-c2cccc(Br)c2)n1)c1c(O)cc(F)cc1F;OCC1OC(OC2CNc3ccc(Br)c(Cl)c32)C(O)C(O)C1O;Cc1c(Cl)cnc(NC(=O)CSc2nc(-c3ccccc3)cs2)c1Cl;[N-]=[N+]=NC(=O)C1(Cl)CC2C=CC1(Br)C1OC(c3ccccc3)OC21;O=C(Nc1cc(Br)c[nH]c1=O)C1CC(=O)N(c2cccc(Cl)c2)C1;CCCCCCCCNc1cc(Br)ccc1I;CCCS(=O)(=O)CCN1C(=O)COc2cc(I)ccc21;Cn1[nH]c(=O)c2c1NC1=C(C(=O)COC1)C2c1ccc(Br)c(Cl)c1;CC(NC(=O)c1ccc(I)c(Cl)c1)C(=O)OC(C)(C)C;COC(=O)C1=C(C)NC(c2nccs2)=NC1c1ccc(F)cc1Br;COc1cc(Br)c(CCNC(=O)C2(C)CC2(Cl)Cl)cc1OC;O=C(COc1ccc(I)cc1)NC1CCS(=O)(=O)CC1;Cc1cc(Cl)ccc1NC(=O)CN1C(=O)COc2ccc(Br)nc21;O=[N+]([O-])c1cc([N+](=O)O)cc(N=Nc2ccc3nc(Cl)c(Cl)nc3c2)c1O;Clc1ccc(-c2cc(-c3ccc(Br)cc3)cc(-c3ccco3)n2)cc1;COc1cc(I)c(Cl)cc1C(=O)N1CC(C)OCC1C;O=C(COc1cccc(F)c1)Nc1ccnn1Cc1cc(Br)cs1;Nc1ccc(I)cc1-c1nc2ccc(Cl)cc2n1C1CC1;COc1cc(I)c(Cl)cc1C(=O)N1CCCC(CO)C1;Cc1cc(-c2c(S(=O)(=O)c3ccc(Cl)cc3)cc(O)c([O-])c2[N+](=O)[O-])on1;Brc1cc2c(cc1CSc1nnc(Cn3cncn3)o1)OCCO2;O=C([O-])Oc1ccc2c(c1)C1c3c(Cl)cc(Cl)cc3NC(OC(=O)[O-])C1O2;COc1cc(I)c(Cl)cc1C(=O)N1CCC(C)(O)CC1;O=C(CC1Sc2ccc(Cl)cc2NC1=O)OCC(=O)c1ccc(Cl)cc1;COc1cc(I)c(Cl)cc1C(=O)N1CC(C)OC(C)C1
m_217b19,CC1CCCN(S(=O)(=O)c2ccc3c(c2)C(=O)NCC3)C1CN;CC(=O)Nc1ccc(C(=O)Nc2cccc(OCCCC#N)c2)cc1;CC(C)C1=CC=C([C@@H](C#N)O[C@@H]2O[C@H](CO)[C@@H](O)[C@H](O)[C@H]2O)C=C1;O=C(CCc1ccc(F)cc1)NCCOc1ccc2ccccc2c1;Fc1ccc(CNc2ccccc2OCCOc2ccccc2)cc1;COc1ccc2cc(CNC(=O)CCc3ccccc3F)ccc2c1;O=C(O)CCC(=O)OCCC(NCCCc1ccccc1)C(=O)O;COc1ccc(C(=O)NCCCC(=O)Nc2ccc(C#N)cc2)cc1;COC1=CC=C(C(=O)NCCNC(=O)C2=CNC3=CC=CC=C23)C=C1;CC(C)C(C)(Cc1ccc(Cl)cc1)NC(=O)CC1COC(=O)C1;COC1=CC=CC(C(=O)NCCNC(=O)C2=CNC3=CC=CC=C23)=C1;COC1=CC=CC=C1C(=O)NCCNC(=O)C1=CNC2=CC=CC=C12;Cc1ccc(C(=O)NCCCNc2cc(=O)oc3ccccc23)cn1;COc1ccc(Cl)cc1C(=O)NCCCc1cccc(Cl)c1;COCCCNC(=O)c1cccc(C(=O)Nc2ccc(C#N)cc2)c1;CCOC(=O)C1CCCN(C(=O)CCCc2ccc(Cl)cc2)C1;CCCCCCCCC1=CC=C(NC(=O)C2=CC=C(CC)C=C2)C=C1;CCCC1(O)CCN(C(=O)C2CCOc3ccc(Cl)cc32)CC1;CCOC(=O)c1ccccc1NC(=O)CCNc1ccc(C#N)cc1;O=C(CC1=CNC2=CC=CC=C12)OCC1OC(O)C(O)C(O)C1O;CCOC(=O)c1ccc(NCCC(=O)Nc2cccc(C#N)c2)cc1;O=C(NCCc1ccc(O)cc1)NCc1cc(-c2ccccc2)on1;N#Cc1ccc(OCC(=O)NCc2ccnc(OCC3CC3)c2)cc1;CC(C)C(NC(=O)C1CCC(C(=O)O)CC1)c1ccc(Cl)cc1;CC(=O)Nc1cccc(C(=O)Nc2ccccc2C(=O)NC2CC2)c1
m_21cd44,O=C(c1ccnnc1)N1CCCC(c2ncc(C(F)(F)F)[nH]2)C1;O=C(O)CCCC(NC(Cc1ccc(O)cc1)C(=O)O)C(=O)O;O=C(O)CCC(=O)OCCC(NCc1ccccc1O)C(=O)O;CCOc1cc(Cl)ccc1CNC(=O)NC1CC(=O)N(C)C1;O=C(c1ccc(C(F)F)cc1)N1CC2COCCC2(C(=O)O)C1;COC1=CC(CC#N)=CC=C1O[C@@H]1O[C@H](CO)[C@@H](O)[C@H](O)[C@H]1O;CC(=O)N[C@H]1[C@H](OC2=CC=C(C=O)C=C2)O[C@H](CO)[C@@H](O)[C@@H]1O;CC(=O)Nc1ccc(C(=O)OC2OC(C)C(O)C(O)C2O)cc1;O=C(O)CCCCC(=O)N1CCC(Oc2cccc(Cl)c2)C1;COC1=CC=C(CC#N)C=C1O[C@@H]1O[C@H](CO)[C@@H](O)[C@H](O)[C@H]1O;CC(=O)N[C@H]1[C@@H](O)[C@@H](OCC2=CC=CC=C2)[C@H](C(=O)O)O[C@H]1O;CC1=CC=C(COC2OC(CO)C(O)C(O)C2O)C(C#N)=C1O;COc1cc2c(cc1OC)CCN(C(=O)c1ccc(C)cc1)CC2;Cc1ccc(C(=O)N(CCC(=O)O)CC2CCCO2)c(Cl)c1;Cc1ccc(C(=O)N(CCC(=O)O)C2CCOCC2)cc1Cl;CC(=O)OC(C)C(NC(Cc1ccc(O)cc1)C(=O)O)C(=O)O;COC(=O)CCCCCNC(=O)c1ccc(-c2ccccc2)cc1;O=C(O)CCC1CCCN(C(=O)COc2ccc(Cl)cc2)C1;COc1cc(Cl)ccc1C(=O)N1CCCC(CCC(=O)O)C1;CC1CN(C(=O)COC(=O)c2cc(O)c(O)c(O)c2)CC(C)O1;O=C(O)CCN(C(=O)Cc1ccc(Cl)cc1)C1CCOCC1;O=C(CCCCCNC(=O)c1ccccc1)OCc1ccccc1;CCCCCC(=O)Oc1ccccc1C(=O)NCc1ccccc1;COC(=O)c1cc(OCc2ccccc2F)c2cc(C)ccc2n1;O=C(NC1CCC(O)CC1)c1ccc(COc2ccccc2)cc1
m_2363c0,O=C(NC1(c2cccc(C(F)(F)F)c2)CCC1)c1cnc(-c2ncccn2)s1;O=C(O)C(Cc1c[nH]c2ccc(O)cc12)NCC(O)C(O)COP(=O)(O)O;COC1=CC(O)=C2C(=O)C(OC3OC(CO)C(O)C(O)C3O)C(O)OC2=C1O;O=C(OC1C(S)OC(CO)C(O)C1OC(=O)c1ccccc1)c1ccccc1;COC1(c2nc(=O)c(I)c(C(C)C)[nH]2)CCC(C)(C)CC1;CC(C)C(CO)Nc1cc(NCc2cccnc2)n2ncc(Br)c2n1;COC(=O)C(Cc1c[nH]c2ccccc12)NC(=O)COc1ccc(F)c(Cl)c1;O=C(CNC(=O)c1cccc(OC(F)F)c1)OCn1nnc2ccccc2c1=O;COC(=O)CC1=C(C(=O)[O-])N2C(=O)C(NC(=O)CNc3ccccc3)C2SC1;CCCCCOc1cccc(OCC(=O)Nc2nc3ccc(Cl)cc3s2)c1;COc1ccc(C(=O)OCC2OC(n3cnc4c(Cl)ncnc43)CC2O)cc1;C[NH+](CCCOc1cccc(Cl)c1)Cc1ccc(S(=O)(=O)C(F)F)cc1;COC(=O)c1cc(NC(=O)CCCCl)c(OC)c(NC(=O)CCCCl)c1;COC(=O)CC(C1=C(O)C(=O)C2=CC=CC=C2C1=O)C1=COC2=CC=CC=C2C1=O;COc1ccccc1Oc1cc(NC(=O)c2ccn(C(F)F)n2)cc([N+](=O)[O-])c1;O=C(COc1ccc(Cl)cc1)NCCCNc1cc[nH+]c2cc(Cl)ccc12;CC(=O)N1CCN(C(=O)COC(=O)c2ccc(S(=O)(=O)C(F)F)cc2)CC1;COC(=O)C1=CC=CC=C1SCC1=C(OC)C(OC)=C(OC)C2=C1C(=O)OC2;CC1(C2CC2)NC(=O)N(CC(=O)OCc2nc(-c3ccc(Cl)cc3)no2)C1=O;CC(=O)Oc1cccc(C(=O)N2CCN(C(=O)c3c(F)cccc3Cl)CC2)c1;O=C(COc1ccccc1)Nc1c(C(=O)c2ccccc2)[nH]c2cc(Cl)ccc12;COC1(c2nc(=O)c(I)c(CC(C)C)[nH]2)CCCCCC1;Cc1ccc(NC(=O)COC(=O)C2CC(=O)N(c3ccccc3F)C2)c(Cl)c1;O=C(NCCOCCOCCNC(=O)C(F)C(F)(F)F)C(F)C(F)(F)F;COc1ccc(CCNC(=O)c2cnc(-c3ccccc3)s2)cc1OC(F)F
m_23ff71,Cc1cnc(C(NC(=O)N(C)C2CCC2)C2CC2)s1;CCc1ccc(NC(=O)Nc2c[nH]c3ccccc23)cc1;O=C(CCCc1ccc(Cl)cc1)NC1CCCCC1;O=C(NCCC1=CNC2=CC=CC=C12)NC1=CC=CC=C1;CC1CCCCN1C(=O)C(C)(C)c1ccc(Cl)cc1;CCSc1ccc(NC(=O)N2CCCCCC2)cn1;O=C(NCCCn1cncn1)Nc1ccc(Cl)cc1;CCCCC(=O)NC(Cc1ccc(OC)cc1)C(=O)O;COc1ccc(NC(=O)NCCCCCC(=O)[O-])cc1;CC(C)C(NC(=O)C=Cc1ccc(Cl)cc1)C(C)C;CCCCCC(=O)NC(c1ccc(Cl)cc1)C1CC1;Cc1ccc(NC(=O)Nc2ccc3[nH]c(C)cc3c2)cc1;CCC(C(=O)NC1CCCCC1)c1ccc(Cl)cc1;Fc1ccccc1NCCCOc1ccc(Cl)cc1;COc1ccc(F)cc1NCCc1ccc(Cl)cc1;CC(CNc1ccc(F)cc1)Oc1ccc(Cl)cc1;O=C(NCCCc1[nH]cc[nH+]1)Nc1ccc(Cl)cc1;CCCCC(NC(=O)Nc1cccc(OC)c1)C(=O)[O-];COc1cccc(NC(=O)NC(CC(C)C)C(=O)[O-])c1;CC(C)N1CC(NC(=O)Nc2ccc(F)cc2)CC1=O;N#Cc1ccc(NC(=O)NCCCc2ccccc2)cc1;O=C(Cc1cccc(Cl)c1)NC1CCCCCCC1;CCCCCCCCCOc1cc(Cl)ccc1C#N;CCn1cc(NC(=O)Nc2ccccc2)c2ccccc21;CCC(NC(=O)C1CCCCC1)c1ccc(Cl)cc1
m_254f59,Cn1cc(C(=O)NCCCN2CCc3ccccc32)cn1;CC1CCC(N(C)C(=O)NC(CC(N)=O)C(=O)[O-])CC1;CC1CCCC(NC(=O)NC(CC(N)=O)C(=O)[O-])CC1;CC1CCCC(CNC(=O)NC(CC(N)=O)C(=O)[O-])C1;CCn1cc(NC(=O)N(C)C2Cc3ccccc3C2)cn1;CC1CCCC(NC(=O)NC(CC(N)=O)C(=O)[O-])C1C;CC(=O)N1CCCC(C(=O)NC(CC(N)=O)C(=O)[O-])C1;Cn1ccc(CN2CCN(c3ccccn3)CC2)cc1=O;CC(C)c1ccc(CCNC(=O)c2nccnc2N)cc1;CC(c1ccccc1)N(CC1CC1)C(=O)Nc1cn[nH]c1;Nc1nc(O)cc(C2CCN(CCc3ccccc3)C2)n1;O=C(c1ccc2[nH]ncc2c1)N1CCN(CC2CC2)CC1;NC(=O)c1cccc(CN2CCCCC2c2ncc[nH]2)c1;CCN(C(=O)NC(CCC(N)=O)C(=O)[O-])C1CCCC1;CCN(CC)C(=O)c1cc(Nc2ccc(N)cc2)ccn1;Cn1cc(-c2cccc(CN3CCC(C(N)=O)C3)c2)cn1;CC(C)C(NC(=O)N1CCC(C)(C(=O)[O-])CC1)C(N)=O;OCCN1CCN(c2ccnc(-c3ccccc3)n2)CC1;COc1cccc(F)c1C(=O)NC(CCCN)C(=O)O;CC1CCCCCN1C(=O)NC(CCC(N)=O)C(=O)[O-];CC(C)NC(=O)N1CCc2[nH]cnc2C1c1ccccc1;CC(Nc1cnn(CC(N)=O)c1)c1ccc2c(c1)CCC2;Cc1cc(C)c(CCNC(=O)c2nccnc2N)c(C)c1;NC(=O)c1ccc(CN2C(=O)C3CC=CCC3C2=O)cc1;NCC1CCC(NC(=O)c2ccnn2-c2ccccc2)C1
m_25a38e,COc1cccc(-c2nc(-c3cn(C)nc3C)cs2)c1OC;O=C(O)C(Cc1ccc(O)c(O)c1)NCCCc1ccccc1;COC1=CC(C[C@@H](NC(=O)C2=CC=CC=C2)C(=O)O)=CC=C1O;CCOC(=O)c1ccccc1NC(=O)Cc1ccc(O)c(O)c1;COC1=CC=C(C(=O)NCC2=CC=C(C(=O)O)C=C2)C=C1OC;COC(=O)c1ccc(CNC(=O)c2cccc(OC)c2O)cc1;COc1cc(C=CCNCCc2ccc(O)c(O)c2)ccc1O;COC1=CC=C(C(=O)NC2=CC(C(=O)O)=CC=C2C)C=C1OC;COC(=O)c1ccc(NC(=O)CCc2ccc(O)c(O)c2)cc1;COc1ccc(CCC(=O)NCCc2ccc(O)c(O)c2)cc1;COc1cccc(C(=O)NCc2ccc(C(=O)O)cc2)c1OC;COc1ccc(CCCNC(=O)Cc2ccc(O)c(O)c2)cc1;COC(=O)C1=CC=CC=C1NC(=O)COC1=CC=C(OC)C=C1;COc1cc(C=CCNc2cc(C(=O)O)ccc2O)ccc1O;COC1=CC2=C(C=C1O)[C@H](CC1=CC=C(O)C(O)=C1)N(C)CC2;O=C(C=CC1=CC=C(O)C=C1)NCCC1=CC(O)=C(O)C(O)=C1;COC1=CC(CCC(=O)NCCC2=CC=C(O)C=C2)=CC=C1O;COC1=CC=C(CC(=O)NC2=CC=CC(C(=O)O)=C2)C=C1OC;COC(=O)C1=CC=C(OC)C=C1NC(=O)C1=CC=C(OC)C=C1;COc1ccc(C(=O)Nc2cccc(CC(=O)O)c2)c(OC)c1;COc1ccc(C(=O)NCC2COc3ccccc3O2)c(O)c1;COC(=O)C1=CC=CC(NC(=O)C2=CC=C(OC)C(OC)=C2)=C1;CC1=CC(=O)OC(C)=C1C(=O)N[C@@H](CC1=CC=CC=C1)C(=O)O;COc1cccc(OCC(=O)NCc2cccc(C(=O)O)c2)c1;O=C(C=Cc1ccc(O)c(O)c1)NCC(O)c1ccc(O)cc1
m_25cfa1,COc1ncc(C)cc1NC(=O)N1CCC(OCC2CCCC2)CC1;CCOc1ccccc1NC(=O)N1CCC(N2CCC(OC)C2)CC1;CCOc1ccc(C(=O)NC2CCN(CCN3CCOCC3)C2)cc1;Cc1ccc(C)c(OC2CCN(C(=O)NC(C)C(=O)N(C)C)CC2)c1;COc1ccc(CC(=O)NC2CCN(CC(=O)NC(C)C)CC2)cc1;CCN(CC)C(=O)CN1CCCN(C(=O)c2ccccc2OC)CC1;Cc1ccc(OCC(O)CN2CCC(N3CCNC3=O)CC2)c(C)c1;COc1ccc(CN2CCN(C(=O)CN3CCC(O)CC3)CC2)cc1;CC(C)C1CN(CC(=O)Nc2ccc3c(c2)OCCCO3)CCN1C;CCCCCCCOc1ccc(CNc2cccc3ccccc23)cc1;COc1ccc(CCC(C)NC(=O)N2CCC(CC(N)=O)CC2)cc1;CCNC(=O)C1CCCN(C(=O)NCc2ccccc2OC(C)C)C1;CCNC(=O)C1CCCN(C(=O)NC(C)COc2cccc(C)c2)C1;CCc1ccc(OCC(O)CN2CCC(N3CCNC3=O)CC2)cc1;CC(C)(O)CN1CCN(C(=O)c2ccccc2N2CCOCC2)CC1;CCC(C)C(OC)C(=O)Nc1ccc(C(=O)N2CCN(C)CC2)cc1;CC(CNC(=O)C1CCC(C)(C)CC1)NC(=O)COc1cccnc1;Cc1ccc(C)c(OCC(=O)NC2CCN(C(=O)NC(C)C)CC2)c1;COc1ccc(Cl)cc1C(=O)NCCc1ccc2c(c1)OCCO2;CCN(CC)C(=O)c1ccccc1NCC(=O)N1CC(C)OC(C)C1;COc1ccccc1OCC(=O)N1CCN(C2CCCN(C)C2)CC1;CC(NC(=O)NCC1(CO)COC1)C1CCN(Cc2ccccc2)C1;COc1ccccc1NCC(=O)N1CCC(N2CCOC(C)C2)CC1;O=C(NCC1(CO)COCCN1)c1ccc(N2CCCCCC2)cc1;CC(C)(C)C(NC(N)=O)C(=O)N1CCC(COc2ccccc2)CC1
m_26bf54,CC(=O)NC(C(=O)NCc1ccccn1)C(C)C;CCCCC(=O)NC(Cc1ccccc1)C(=O)O;CCCCCCC(=O)NCCCOCCCl;CCCCCC(=O)NC1=CC=C(C(=O)OC)C=C1;CCCCCC(=O)NCC(=O)C1=CC=C(O)C=C1;CCCCCCOc1ccc(C(C)C(=O)[O-])cc1;CCCCCC(=O)Nc1ccc(C(=O)NN)cc1;CCCCCCC(=O)N(C)CC(Cl)COC;CC(=O)NCCCCCC(=O)NC1=CC=NC=C1;CCCCNC(=O)CNC(=O)Nc1ccccc1;CCCCCC(=O)NN(C(N)=O)c1ccccc1;CCCCCCOC(Cc1ccccc1)C(=O)[O-];CCCCCNC(=O)C(=O)NCc1ccccn1;CCCCCCOc1ccccc1CCC(=O)[O-];CCCCC(=O)NCC(=O)NCc1ccccn1;CCCCCCOC(CC(=O)[O-])c1ccccc1;CCCCCCCOc1ccc(C(=O)[O-])cc1C;CCCCNC(=O)NCC(=O)Nc1ccccc1;CCCCCCCCc1c(O)cccc1C(=O)[O-];CCCCCCCN(CCCO)C(=O)CCl;CCCCCNC(=O)c1cccc(NC(N)=O)c1;CCCCCCC(C(=O)[O-])c1cccc(OC)c1;CCCCCCOc1ccccc1C(C)C(=O)[O-];CCCCCCCCc1ccc(O)c(C(=O)[O-])c1;CCCCCCC(C)Oc1ccccc1C(=O)[O-]
m_273696,O=C(c1ccncc1)N1CCN(C(=O)c2ccc(Cl)cn2)CC1;COC1=CC=C(O[C@@H]2O[C@H](CO)[C@@H](O)[C@H](O)[C@H]2O)C(C(=O)O)=C1;COC1=CC=C(C(=O)O)C=C1O[C@@H]1O[C@H](CO)[C@@H](O)[C@H](O)[C@H]1O;COC1=CC(C)=CC(OC)=C1O[C@@H]1O[C@H](CO)[C@@H](O)[C@H](O)[C@H]1O;COC1=CC(C(=O)O)=CC=C1O[C@H]1O[C@@H](CO)[C@H](O)[C@@H](O)[C@@H]1O;CC1=C(O)C=C(O)C(C=O)=C1O[C@@H]1O[C@H](CO)[C@@H](O)[C@H](O)[C@H]1O;COC(=O)C1=CC=C(O)C(O[C@@H]2O[C@H](CO)[C@@H](O)[C@H](O)[C@H]2O)=C1;CC1=CC(O)=CC(OC2OC(CO)C(O)C(O)C2O)=C1C(=O)O;COC(=O)C1=C(O)C=CC=C1OC1OC(CO)C(O)C(O)C1O;CC(=O)C1=C(O)C=C(O[C@@H]2O[C@H](CO)[C@@H](O)[C@H](O)[C@H]2O)C=C1O;COC(=O)C1=CC=C(O[C@@H]2O[C@H](CO)[C@@H](O)[C@H](O)[C@H]2O)C(O)=C1;COC(=O)c1cccc(O)c1OC1OC(CO)C(O)C(O)C1O;CC(=O)C1=CC(O)=C(O)C(O[C@H]2O[C@H](CO)[C@@H](O)[C@H](O)[C@H]2O)=C1;COC(=O)C1=CC=CC(O[C@@H]2O[C@H](CO)[C@@H](O)[C@H](O)[C@H]2O)=C1O;O=C(O)CC1=CC(O)=CC=C1O[C@H]1O[C@@H](CO)[C@@H](O)[C@@H](O)[C@H]1O;COC1=CC(O[C@@H]2O[C@H](CO)[C@@H](O)[C@H](O)[C@H]2O)=CC=C1C(=O)O;CC(=O)C1=C(O)C=C(O)C=C1O[C@H]1O[C@H](CO)[C@@H](O)[C@H](O)[C@H]1O;COC1=CC(C(=O)O[C@@H]2O[C@H](CO)[C@@H](O)[C@H](O)[C@H]2O)=CC=C1O;COc1cccc(OC)c1OC1OC(C(=O)O)C(O)C(O)C1O;COC1=CC(C)=CC(O[C@@H]2O[C@H](CO)[C@@H](O)[C@H](O)[C@H]2O)=C1OC;OCCCC1=CC=C(O)C(O[C@@H]2O[C@H](CO)[C@@H](O)[C@H](O)[C@H]2O)=C1;COC1=CC=C(C(=O)OC2OC(CO)C(O)C(O)C2O)C=C1O;OCCCC1=CC=C(O[C@@H]2O[C@H](CO)[C@@H](O)[C@H](O)[C@H]2O)C(O)=C1;COC1=CC(CCO)=CC=C1O[C@H]1O[C@@H](CO)[C@@H](O)[C@H](O)[C@H]1O;OCC(O)CC1=CC=C(OC2OC(CO)C(O)C(O)C2O)C=C1
m_27df2d,CC(C)n1c(SCC(=O)N2CCCC2)nc2ccccc2c1=O;CCCCCCOc1ccc(NC(=O)c2ccc(Cl)cc2)cc1;CCCCCCOc1cccc(NC(=O)c2ccc(Cl)cc2)c1;CCOC(=O)CCCCCNC(=O)c1ccccc1C(F)(F)F;CCCCCCOc1ccccc1C(=O)Nc1cccc(Cl)c1;CCCCCCCOC(=O)CNC(=O)c1ccc(F)c(F)c1F;CCCCCOC(=O)CCNC(=O)c1ccc(C(F)(F)F)cc1;CCCCOc1ccc(Cl)cc1C(=O)NCCc1ccccc1;CCCCCNC(=O)c1ccc(OCc2ccccc2Cl)cc1;CCCCCNC(=O)c1csc(NC(=O)Cc2ccccc2)n1;CC(CO)C1CCN(C(=O)c2cc(O)ccc2C(F)(F)F)CC1;COC(=O)CCCCCCC(=O)Nc1cccc(C(F)(F)F)c1;O=C(O)C(Cc1ccc(O)c(O)c1)NCC(O)C(O)C(O)CO;CCCCCOC(=O)C(C)NC(=O)c1cccc(C(F)(F)F)c1;CCCCCC(O)C(CC=O)SCC([N+])C(=O)NCC(=O)[O-];Cc1cc(N2CCCC(CCC(=O)O)C2)nc(-c2cccs2)n1;CCCCCCC(C)NS(=O)(=O)c1ccc(CCCl)cc1;CC(=O)C1=C(O)C(=O)N(CCCCCC(=O)O)[C@@H]1C1=CC=CC=C1;CCCC(=O)Nc1cccc(CNC(=O)NCc2cccs2)c1;CCCCCOC(=O)CN(C)C(=O)c1ccc(C(F)(F)F)cc1;CCOCCCC(=O)NC(c1ccccc1)c1cccc(Cl)c1;CCOc1ccc(CCCNC(=O)Cc2ccc(Cl)cc2)cc1;CCCCC(NC(=O)Cc1cccc(C(F)(F)F)c1)C(=O)OC;CCOC(=O)c1ccc(N(C)CCCc2ccc(Cl)cc2)cc1;COCC(=O)Nc1cccc(NCC(=O)Nc2cccc(F)c2)c1
m_293ec0,O=C(NCc1cc2ccccc2o1)N1CCN(c2ccc(Cl)cn2)CC1;Oc1ccc2c(c1)C(Cc1cccs1)[NH2+]CC2;Cc1sc(C)[n+](CC(=O)c2ccccc2)c1C;Cc1ccsc1C1(O)CC([NH3+])c2ccccc21;O=C1CCC[NH+](Cc2csc3ccccc23)C1;c1csc(CC[NH2+]C2COc3ccccc32)c1;c1ccc2c(c1)SCC2C[NH2+]Cc1ccoc1;[NH3+]Cc1cccc(SCc2cccc(O)c2)c1;[NH3+]Cc1ccccc1COSc1ccccc1;O=C(CC1CC[NH2+]C1)c1cccc2ccsc12;CC=CC1=CSC[NH+]1CC(=O)c1ccccc1;c1ccc(C2C[NH2+]CC(c3ccsc3)O2)cc1;CC(C(=O)c1ccsc1)C([NH3+])c1ccccc1;C[NH2+]Cc1ccccc1Sc1cccc(O)c1;CSC(=C1CCc2ccccc2C1=O)[NH+]1CC1;C[NH2+]C1CC(c2cccs2)Oc2ccccc21;Oc1c(-c2ccccc2)sc2[n+]1CCCCC2;COc1cccc(C2[NH2+]CCc3ccsc32)c1;CC([NH2+]CC(=O)c1cccs1)c1ccccc1;Cc1ccc(C[NH2+]CC(=O)c2ccccc2)s1;[NH3+]C(c1ccc(OC2CC2)cc1)c1cccs1;[NH3+]C1(C(=O)c2cccc3ccsc23)CCCC1;CC(=C[NH+](C)C)C=C1Sc2ccccc2C1=O;c1cc(-c2cccs2)cc(C2C[NH2+]CCO2)c1;[NH3+]C1CCc2c(OCc3cccs3)cccc21
m_2a0e17,CC(C)n1nnnc1SCCOc1cccc2ccccc12;CC(C)CNc1nc(C(=O)Nc2cccc3[nH]ccc23)cs1;O=CC1=CC=CC=C1OCCOCCOC1=CC=CC=C1C=O;NC(=O)C1CN(C(=O)COc2ccc3ccccc3c2)CCO1;COC1=CC(C2=CC=C3O[C@@](C)(CO)C=CC3=C2)=CC(O)=C1O;COC1=CC(OC)=C2CC[C@@H](C3=CC=C4OCOC4=C3)OC2=C1;C[C@H](CO)CCC1=CC=C2C(=O)C3=C(O)C=CC=C3OC2=C1O;O=C(O)c1c(O)cccc1CCCCc1ccc2c(c1)OCO2;Cn1c(C(=O)N2CCCC(C(=O)O)C2)cc(=O)c2ccccc21;CCOC(=O)c1cc(NC(=O)C2CCCO2)c2ccccc2n1;COC1=CC2=C(OCO2)C(OC)=C1C(=O)CCC1=CC=CC=C1;C[C@H](N)C1=NC(C(=O)NCCC2=CNC3=CC=CC=C23)=CS1;C=C(CO)CC1=C(O)C(OC)=CC2=C1C1=CC=C(OC)C=C1O2;c1ccc2c(c1)ccc1nnc(SCCN3CCOCC3)n12;O=C(O)C1CCCN(C(=O)Cn2ccc(=O)c3ccccc32)C1;CCOC(=O)c1c(OC)c2c(=O)n(C)c3ccccc3c2n1C;COC1=CC=C2O[C@H](C3=CC=C(OC)C(OC)=C3)CC(=O)C2=C1;CC(Oc1ccc(F)cc1Cl)C(=O)N(C)C1CCNCC1;CN1CCC(Nc2cncc(SCc3ccccc3)n2)C1=O;CCOc1ncccc1CN(C)C(=O)c1ccc2c(c1)OCO2;CC1COC2=C1C(=O)C(=O)C1=C2C=CC2=C1CCCC2(O)CO;CC1=CC2=C(O[C@H](C3=CC4=C(C=C3O)OCO4)CC2)C(C)=C1O;Cc1nc(C(=O)N2CCC3CN(c4ccccn4)CC32)cs1;O=C(CCn1ccn2nccc2c1=O)NCc1ccc(F)cc1;O=c1cccc2n(CCc3ccccc3)c3ccccc3c([O-])c1-2
m_2aa8ea,CC(Cc1ccc(NC(=O)C2CCCN(C(=O)N3CCCC3)C2)cc1)C(=O)O;CCNC(=O)N1CC[C@@H](CC(=O)O)[C@@H](CC2=NCCC3=CC(OC)=CC=C23)C1;CCNC(=O)N1CC[C@@H](CC(=O)O)[C@@H](CC2=NCCC3=CC=C(OC)C=C23)C1;CCCCCCCCCCCCCC(O)CC(=O)NC(CC(=O)O)C(=O)O;C=CCc1cc(CNC(=O)N2CCCC3C(=O)N(C)CC32)cc(OC)c1OC;CCCCCCCCCCCCNC(CCOC(=O)CCC(=O)O)C(=O)O;COc1ccc(CNC(=O)C(C)N2C(=O)NC3(CCCCCCC3)C2=O)cc1;CC1(C)C(=O)NCCN1C(=O)C1CCCN(C(=O)CCOc2ccccc2)C1;CCOC(=O)C1=C(C(C)C)NC(=O)NC1c1ccc(N2CCC(O)CC2)cc1;CCCCCCCCCCCC(O)CC(=O)NC(CCCC(=O)O)C(=O)O;COC1=CC=C2N=C(C[C@H]3CN(C(=O)CC(C)C)CC[C@H]3CC(=O)O)NC2=C1;CCOC(=O)c1ccccc1NC(=O)N1CCN(C(=O)C2CCCCC2)CC1;CCN1CCCC1CN1CC(C(=O)NC(Cc2ccccc2)C(=O)O)CC1=O;COCC(=O)N1CC[C@H]2CC(=O)N([C@@H](CC3=CC=CC=C3)C(N)=O)CC[C@H]2C1;CCC(=C(c1ccc(OCCN(C)C)cc1)c1cccc(O)c1)c1ccccc1;CC/C(=C(\C1=CC=C(O)C=C1)C1=CC=C(OCCN(C)C)C=C1)C1=CC=CC=C1;COC1=CC=C2N=C(C[C@H]3CN(C(=O)C(C)(C)C)CC[C@H]3CC(=O)O)NC2=C1;CN(C)CC1=CC(C[C@@H]2CC[C@H](O)[C@@H](CNC(=O)CC3=CC=CC=C3)O2)=NO1;COC1=CC=C(C(=O)N2CC[C@H]3CC(=O)N(CCNC(C)=O)CC[C@H]3C2)C=C1;CCCCCC=CCC=CCCCCCCCC(=O)NCCS(=O)(=O)O;CCOC(=N)c1ccc2[nH]cc(C(=O)NCCCCCCCC(=O)OC)c2c1;CCOc1ccc(CN2CCC(OC)(c3nc(C4CC4)no3)CC2)cc1OC;COC1=CC=C(CN2C(=O)CO[C@H]3CN(C4CCN(C(C)=O)CC4)C[C@H]32)C=C1;COc1cc(-c2noc(CN3CCC(OCC4CCCO4)CC3)n2)ccc1C;COCC(=O)N[C@H]1[C@H](C2=CC=CC=C2)N(CC2=C(C)ON=C2C)CC[C@@]1(C)O
m_2ac2ed,CC(=O)N1CSCC1c1nc(-c2ccc(C(=O)NC3CC3)cc2)no1;O=C([O-])CCC(Cc1ccccc1)NC(=O)CSc1ccc(O)cc1;COCC(=O)N1CCC(NC(=O)Cc2ccc(F)cc2Cl)C(O)C1;O=C(O)[C@H](O)[C@@H](O)[C@H](O[C@@H]1O[C@H](CO)[C@H](O)[C@H](O)[C@H]1O)[C@H](O)CO;OCC1OC(OC2(COO)OC(CO)C(O)C2O)C(O)C(O)C1O;O=C(O)[C@H](O)[C@@H](O)[C@@H](O)[C@@H](O)CO[C@H]1O[C@@H](CO)[C@H](O)[C@@H](O)[C@@H]1O;Cc1c(C(C)OC(=O)CCC(=O)O)oc2ccc(C3=CC(=O)OC3)cc12;COc1cccc(C(=O)N2CCN(C(=O)c3ccccc3Cl)CC2)c1;CN(Cc1ccccc1C(=O)O)C1CCN(c2ccccc2Cl)C1=O;N#Cc1cccc(C(=O)N2CCOC(c3cccc(OC(F)F)c3)C2)c1;OCC1OC(OC2C(CO)OC(O)(O)C(O)C2O)C(O)C(O)C1O;CC1=C(C)C2=C(CCC(C)(CCC(=O)O)O2)C(C)=C1OS(=O)(=O)O;CCOC(=O)C(C(=O)COc1ccccc1)P(=O)(OCC)OCC;CCCCC(CC)CC(O)c1cc(OC)c(OC)cc1Br;O=C1N[C@@H]2C3=NC4=CC=CC=C4C(=O)N3[C@H]1CC21C(=O)NC2=CC=CC=C21;CNC(=O)C1(COC)CCCN1C(=O)COc1ccc(F)cc1Cl;NC(=O)CC1CCN(C(=O)c2ccc(Oc3cccc(Cl)c3)cc2)C1;CNC(=O)C1(COC)CCCN1C(=O)c1cc(OC)cc(Cl)c1F;CC(C)C(NC(=O)CNCC(O)C(O)COP(=O)(O)O)C(=O)O;O=C(OCC(=O)N1CCN(c2ccccc2Cl)CC1)c1ccccc1;COC1=C(CC=C(C)C)C(O)=C2C(=O)C3=C(O)C=C(O)C=C3OC2=C1O;NC(=O)C1(O)CCN(C(=O)c2cc(-c3ccccc3)ccc2Cl)CC1;CNC(=O)C1(COC)CCCN1C(=O)COc1ccc(Cl)c(F)c1;COC(=O)CCCCC(CC(=O)OC)c1ccc(S(=O)(=O)O)cc1;C[C@]1(C[C@@H]2C=C(CO)C(=O)O2)O[C@@H]1COC1=CC=C2C=CC(=O)OC2=C1
m_2b524a,CCn1nccc1CNCC1CCOC2(CCC2)C1;CCCCC=CCC=CCC=CCCCCC(=O)[O-];CCC=CCC=CCC=CCCCCCCC(=O)[O-];CCCCCc1ncc(C(N)=O)nc1CCCCC;CCCCCC(=O)N(C)c1ccc(NC(C)C)nc1;CCCCC(CCC)NC(=O)c1cc(N)cc(N)c1;CCCC(N)C(=O)N(C)Cc1cccc(N(C)C)c1;CCn1cc(CN(C)C(=O)CCC2CCCC2)cn1;CCCCC(CCC)Nc1c(N)cccc1C(N)=O;CCCCCC(C)(C)CNC(=O)c1ccc(N)nc1;CCC(C)(C)c1cc(NC2CCC(O)CC2)ncn1;CN(Cc1ncc[nH]1)C(=O)CCCC1CCCCC1;CCCCCCCCC(=O)C(F)(F)C(N)C(C)C;CCCCC(CC)Cn1ncc(NC2CC2)cc1=O;CCCCC(CCC)NC(=O)c1ccc(NC)nc1;CCCc1nccn1CC(=O)NC1CCCCCC1;CC(C)C1CCCN(C(=O)CCn2cccn2)CC1;CCCC1CCCN(C(=O)CCn2cccn2)CC1;CCCCCCNC(=O)c1ccc(NCCC)nc1;CCCCCC(=O)N1CCCC(c2ccn(C)n2)C1;CC1(C)CC(NC(=O)Cn2cccn2)CC(C)(C)C1;CCN(CCCCCC(=O)NN)c1cccc(C)c1;CCCCC(CCC)Nc1ccc(N)cc1C(N)=O;CCCCN(CCCC)C(=O)c1cc(N)cc(N)c1;CCCCN(CCCCC(=O)NN)c1ccccc1
m_2b7513,Cc1ccccc1CCC(=O)N(CCC(=O)O)CC1CCCO1;O=C(NCC(CO)CC1CCCCC1)c1ccc2c(c1)OCO2;CCC=CC=CC(O)CC(=O)NCCc1ccc(O)c(OC)c1;O=C(NC(CCO)C1CCCCC1)c1ccc2c(c1)OCCO2;C[C@H]1C(=O)N(C)[C@@H](CC2=CC=C3OC(C(C)(C)O)CC3=C2)[C@@H]1O;CCOc1ccc(CC(=O)N2CCCCC2CCC(=O)O)cc1;COc1ccccc1-c1ccc(C(=O)Nc2ccc(O)cc2)cc1;CCOC1=C(CCC(C)(C)O)C(=O)N(C)C2=C(OC)C=CC=C12;COC1=C2OCOC2=CC2=C1[C@H](CC(=O)C(C)(C)C)N(C)CC2;COC1=CC=CC(C(CO)C(=O)OC2CC3CCC(C2)N3C)=C1;COc1cc(CNc2cc(C(=O)O)ccc2O)cc(OC)c1O;Nc1ccc(O)c(C[NH+](Cc2ccccc2)Cc2ccccc2)c1;COc1cccc(C(C)C(=O)N2CCCCC2CCC(=O)O)c1;CC1CCC(CNC(=O)C=Cc2ccccc2)C(O)C(O)C1O;COc1ccccc1-c1ccc(C(=O)Nc2ccccc2O)cc1;O=C(O)CCCCC(=O)N1CCCC(COc2ccccc2)C1;COc1cc(C=CC(=O)NC2CCC(C)CC2)cc(OC)c1O;COc1cc(CNc2c(O)cccc2C(=O)O)cc(OC)c1O;CC(C)=CCNC1=NC=NC2=C1N=CN2[C@@H]1O[C@H](C)[C@@H](O)[C@H]1O;CCOc1ccc(C=CC(=O)N2CCC(O)CC2)cc1OCC;O=C(N[C@H](CO)CC1=CC=C(O)C(O)=C1)C1=CC=C(O)C(O)=C1;COC1=CC=C(C(=O)N2CC[C@@]3(O)CCCC[C@H]3C2)C=C1OC;O=C(O)c1cccc(OCCN2CCCC2C2CCCOC2)c1;Cc1ccccc1C(CC(=O)O)NC(=O)CCC1CCOCC1;NC(=O)CC(NC(Cc1c[nH]c2ccccc12)C(=O)O)C(=O)O
m_2c1f87,Cn1nc(C2CC2)nc1Cn1cnc2c1c(=O)n(C)c(=O)n2C;CCOC(=O)c1cn(C2OC(CO)C(O)C2O)c(=O)nc1N;CCCCCCC1OC(n2cc(F)c(N)nc2=O)C(O)C1O;O=C(O)C(Cc1ccc(O)c(O)c1)NCCCc1ccccc1;CCCCOc1ccc(OCC(=O)Nc2ccccc2O)cc1;COC1=CC=C(CCNCC2=CC=C(C(=O)O)C=C2)C=C1OC;CCOc1ccc2ccccc2c1C(=O)N1CC(O)CC(O)C1;CC(=[NH+]c1nc(=O)n(C2OC(C)C(O)C2O)cc1F)N(C)C;O=C(c1cccnc1O)N1CCC(Nc2ccccc2F)CC1;COC1=CC=C(CCNC(=O)COC2=CC=CC=C2)C=C1OC;CCOC1=CC=C(C(=O)NC2=CC=CC=C2OC)C=C1OCC;CCOC1=CC=CC=C1NC(=O)CC1=CC=C(OC)C(OC)=C1;CCCn1c(C)c(C(=O)OCC)c(O)c(-c2ccccc2)c1=O;O=C(O)c1ccc(CN2CCN(c3ncccc3F)CC2)cc1;C[C@@]12C(=O)N(CCC3=CC=C(O)C=C3)C(=O)[C@]1(C)[C@H]1CC[C@@H]2O1;CCCOc1ccc(OCC(=O)Nc2ccccc2OC)cc1;CCOC(=O)CCn1cc(N(CCO)CCO)c(=O)[nH]c1=O;COCC1(O)CCN(C(=O)c2cc3ccccc3cc2O)CC1;O=C(O)c1ccc(CN2CCC(c3ccc(Cl)cc3)C2)cc1;CCOCCOc1ccccc1C(=O)Nc1ccccc1OC;O=C(Cc1ccc(-c2ccccc2)cc1)N1CCC(F)(F)CC1;COC1=CC(C(=O)NCCC2=CC=CC=C2)=CC(OC)=C1OC;CCCCCCCCCCC(=O)NC(CCC(=O)O)C(=O)O;O=C(NCC1(O)CCCCCC1)c1cc2ccccc2oc1=O;CCOc1ccccc1NC(=O)CCOc1ccc(OC)cc1
m_2c2340,Cc1cc(NC(=O)CN2CCCC(N(C)C)C2)n(C(C)(C)C)n1;Nc1ccc2ccccc2c1C(=O)C(O)C(O)C(O)C(O)CO;CC(C)c1nn(C)cc1NC(=O)NC1CCN(C(C)(C)C)CC1;CC1=C(CCC(=O)NC[C@@H](O)CO)C(=O)OC2=CC(O)=CC=C12;COC1=CC=C2C(C)=C(CC(=O)NC[C@H](O)CO)C(=O)OC2=C1;CC([NH2+]CCC(O)C(C)C)c1ccc(N2CCC(O)CC2)cc1;Cc1cc(C)n(CCCNC(=O)NC2CCN(C(C)C)CC2)n1;CN(C)C(CNC(=O)NC1CCC(C)(C)CC1)c1cnn(C)c1;C[NH+]=C(NCc1cccnc1OC)NC1CC[NH+](C(C)C)CC1;CCCCCCC[NH2+]CC(=O)Nc1cccc(OCCCC)c1;O=C(NC1CC[NH+](C2CCCCC2O)CC1)C(C1CC1)C1CC1;CCCCCCCOc1ccc(NC(=O)C[NH2+]CCCC)cc1;CCCCCCCOc1cccc(NC(=O)C[NH2+]C(C)CC)c1;Cc1cc(C)cc(OCC(O)C[NH+]2CCN(CC(C)C)CC2)c1;C[NH+]=C(NCCOc1cccnc1)NC1CC[NH+](C(C)C)CC1;CC(C)[NH+]1CCC(NC(=O)c2ccn(C3CCC[NH2+]C3)n2)CC1;CC(CC(O)C([NH3+])Cc1ccccc1)C(=O)NCCC(C)(C)C;Cc1c(CNC(=O)NC(C)CN2CC(C)CC(C)C2)cnn1C;Cc1ccc2c(OC3OC(CO)C(O)C(O)C3O)ccnc2c1;COC1=CC2=C(C=C1OC)C(=O)N(CC(=O)N[C@@H](C)CO)C=N2;CC(C[NH3+])NC(=O)Cc1cc(C(C)(C)C)c(O)c(C(C)(C)C)c1;CC1(c2ccccc2)CC(=O)N(C2OC(CO)C(O)C2O)C1=O;COc1cc(CNC(Cc2cnc[nH]2)C(=O)O)cc(OC)c1O;CC(C)CCCCCCc1ccc(NC(=O)C([NH3+])C(C)O)cc1;CCCCCCC(O)C[NH+]1CCN(c2ccc(OC)cc2)CC1
m_2d1eba,CC1CCC(C)N1C(=O)c1csc(-c2cnccn2)n1;CCCCCCC(=O)NCCc1c[nH]c2ccc(O)cc12;CCCCCCNC(Cc1c[nH]c2ccccc12)C(=O)O;CCCCCCCCC(O)c1cccc(Cl)c1Cl;CCCCCCCCCCCC(=O)C=CBr;CCCCCCCCC(O)c1ccc(Cl)cc1Cl;CCOC(=O)CCCCCOc1ccc(F)cc1Cl;COC1=CC(C(=O)OC2=CC=CC=C2)=CC(OC)=C1OC;COC1=CC(O)=C(CCC(=O)C2=CC=C(O)C=C2)C(O)=C1;Cc1cccc(CCNC(=O)CCCNC(=O)C2CC2)c1;CC(=O)C1=CN(CC(=O)NCCC(=O)O)C2=CC=CC=C12;CCCCCCCCOc1cccc(Cl)c1CCl;CCOC(=O)CCCCCOc1ccc(Cl)c(F)c1;CCCCNC(=O)c1cccc(C(=O)NC2CCCC2)c1;CCOC(=O)CCCCCOc1ccc(F)c(Cl)c1;O=C(CCCc1ccccc1Cl)NCc1cccnc1;COC1=C(O)C(O)=CC(C(=O)CCC2=CC=CC=C2)=C1O;CCc1ocnc1C(=O)Nc1cccc(CCC(=O)O)c1;COC1=CC(C(=O)O)=CC(OCC2=CC=CC=C2)=C1OC;O=C(CCCC(Cl)c1ccccc1)Nc1cccnc1;CCCCCCC=CCCCCCCCC(=O)OCl;CC(=O)NCCCCCC(=O)Nc1ccc2c(c1)CCC2;COC1=CC(C(=O)NC2=CC=CN=C2)=CC(OC)=C1OC;CC(N)C(=O)NC(C)C(=O)NCCCCC(N)C(=O)O;CCCCCC(=O)Nc1cccc(C(=O)N2CCCC2)c1
m_2e265c,CCc1c(C(=O)NC2CCC(=O)NC2c2ccnn2C)ccn1C;O=C(O)C(Cc1ccccc1)NC(Cc1ccc(O)cc1)C(=O)O;COC(=O)C(Cc1ccc(O)cc1)NC(=O)COc1ccccc1;COC(=O)[C@H](CC1=CC=C(O)C=C1)NC(=O)C1=CC=CC=C1OC;O=C(N[C@H](CC1=CC=C(O)C=C1)C(=O)O)[C@@H](O)CC1=CC=CC=C1;COC1=CC=C(CCNC(=O)C2=CC=C3OCOC3=C2)C=C1OC;CCc1nnc(CN2CCN(C(=O)c3ccc(O)cc3)CC2)n1C;COC1=CC=C(C=CC(=O)NCCC2=CC(O)=C(O)C(O)=C2)C=C1;COc1ccc(CCNC(=O)COc2ccc3c(c2)OCO3)cc1;COc1ccccc1OCC(=O)NC(Cc1ccccc1)C(=O)O;CC(Cc1ccc(O)cc1)N(C)C(=O)NC1CCCn2ncnc21;CCOc1ccccc1NC(=O)NCc1cc(C)nc(N(C)C)n1;COc1ccc(CC[NH2+]CC(=O)NCc2ccccc2)cc1OC;COc1ccc(CCCNC(=O)C([NH3+])c2ccccc2)cc1OC;COC(=O)C(CO)NC(=O)COc1ccccc1-c1ccccc1;NC(=O)C(Cc1ccc(O)cc1)CC(O)C([NH3+])Cc1ccccc1;COc1ccc(OCC[NH2+]CC(=O)NCCc2ccccc2)cc1;COC1=CC(/C=C\C(=O)NCC(O)C2=CC=C(O)C=C2)=CC=C1O;C[NH+](C)CC(O)CNC(=O)c1ccc(OCc2ccccc2)cc1;CCOc1ccccc1CNC(=O)N1CCC(c2nnc[nH]2)CC1;COc1ccc(C(CNC(=O)Cc2ccc(O)cc2)[NH+](C)C)cc1;COC1=C2OCOC2=CC2=C1[C@@H](C1=CC=C(O)C=C1O)N(C)CC2;CC(C)[NH2+]CC(O)c1ccc(OCc2ccccc2)c(C(N)=O)c1;COc1cc(CNc2ccccc2C[NH+]2CCOCC2)ccc1O;C[NH2+]CCCNC(=O)COc1ccc(OCc2ccccc2)cc1
m_2efd6f,COc1ccc(SCc2ccc(C(N)=O)cc2)cc1;O=C(CNC(=O)c1ccccc1)Oc1ccc(F)cc1;CC(=O)Nc1cccc(OC(=O)c2ccc(F)cc2)c1;COC(=O)c1ccccc1NC(=O)c1ccc(F)cc1;CNC(=O)Oc1ccccc1SCc1ccccc1;Cc1cccc(C)c1NC(=S)Oc1ccccc1O;COC(=O)c1ccccc1NC(=O)c1cccc(F)c1;S=C(Oc1ccc2ccccc2c1)N1CCOCC1;COc1ccc(F)cc1S(=O)(=O)N1CCCCC1;CC(=O)c1cccc(NC(=O)Oc2ccc(F)cc2)c1;CCOC(=O)COc1cccc(NC(=O)C(F)F)c1;COC(=O)C(COc1cccc(F)c1F)NC(C)=O;Cc1ccc(Oc2cccc(CO)c2)c(C(N)=S)c1;NC(=S)c1ccccc1OCCOc1ccccc1;COC(=O)c1ccc(F)c(NC(=O)c2ccccc2)c1;O=C(O)c1cccc(CNC(=O)c2cccc(F)c2)c1;COC(=O)c1cccc(NC(=O)c2ccc(F)cc2)c1;CSCC(=O)Nc1ccccc1Oc1ccccc1;COc1ccccc1NC(=O)CSc1ccccc1;COc1cc(C(=S)NCc2ccccc2)ccc1O;Cc1ccc2c3c(cnc2c1)C(=O)c1ccccc1C3=O;COC(=O)C(COc1cc(F)ccc1F)NC(C)=O;COc1cc(S(=O)(=O)N2CCCCC2)ccc1F;COC(=O)c1ccccc1C(=O)Nc1cccc(F)c1;CNC(=O)c1cccc(CSc2ccccc2O)c1
m_2f1128,CCc1nsc(N2CCOC(c3ccc(OC(F)F)cc3)C2)n1;COC(=O)CCCCC(=O)NCC(=O)c1cc(Cl)ccc1OC;COC1(C(=O)Nc2ccc(OCC(=O)O)c(Cl)c2)CCCCC1;COc1cc(NC(=O)C2CCCCC2C(=O)O)c(OC)cc1Cl;O=C(O)CCc1ccc(OCc2coc(-c3cccc(F)c3)n2)cc1;COc1cc(C(=O)NCC(C(=O)O)C2CCOCC2)ccc1Cl;O=C(O)CN(C(=O)CCOc1ccc(Cl)cc1)C1CCOCC1;COc1ccc(C(=O)CCCCNC(=O)c2ccccc2)cc1OC;O=C(NC1=CC=CC=C1)OCCCCCCCCCBr;CCCCCCOc1ccc(NC(=O)c2ccc3c(c2)OCO3)cc1;CCCCOC(=O)C1=CC=C(NC(=O)CCOC2=CC=CC=C2)C=C1;CC(C)COc1ccc(NC(=O)C2(C(=O)O)CCCO2)cc1Cl;CCOc1c(Cl)cc(C(=O)N2CCCCC2C(=O)O)cc1OC;COC(C)(C(=O)O)C(=O)Nc1ccc(OC2CCCC2)c(Cl)c1;CCCCCNC(=O)c1cccc(C(=O)Nc2ccc(OC)cc2)n1;O=C(O)CC1CN(C(=O)CCCOc2ccccc2Cl)CCO1;COC1=CC=C(CNC(=O)CCC(=O)C2=CC=C(C)C=C2)C=C1OC;CCCCCNC(=O)c1cccc(C(=O)Nc2cccc(OC)c2)n1;CCOc1cc(Cl)ccc1C(=O)N1CCC(COC)(C(=O)O)C1;O=C(NCCCOc1ccccc1F)c1ccc(C(F)(F)F)cc1;COC1=CC=C(/C=C/C(=O)NCCC2=CC=C(OC)C(OC)=C2)C=C1;O=C(NC1CCN(C(=O)Cc2ccc(F)cc2)CC1)c1ccncc1;COCC1(C(=O)O)CCCN1C(=O)Cc1c(Cl)cccc1OC;COC(=O)CCN(CCO)C(=O)CCC(=O)c1ccc(Cl)cc1;COc1ccc(CCC(=O)Nc2cc(C(F)(F)F)ccc2F)cc1
m_2f9ab1,Cn1cc(Cl)cc1C(=O)NC(C)(C(=O)O)C1CC1;O=C(O)[C@H]1O[C@@H](OC2=CC=CC=C2)[C@H](O)[C@@H](O)[C@@H]1O;COC(=O)c1ccc(CC(=O)c2ccc(O)cc2)cc1;COC(=O)Cc1ccc(C(=O)c2ccc(O)cc2)cc1;O=C(Cc1ccc(O)cc1)Nc1ccc(C(=O)[O-])cc1;O=C(OC[C@@]1(O)CO[C@@H](O)[C@@H]1O)C1=CC=C(O)C=C1;COC1=CC=C(C(=O)C(=O)C2=CC=C(OC)C=C2)C=C1;O=C(CCC(=O)OC1=CC=CC=C1)OC1=CC=CC=C1;COC1=CC=CC(OC(=O)/C=C/C2=CC=C(O)C=C2)=C1;COC1=CC=C(C(=O)/C=C/C2=CC=C(O)C=C2)C(O)=C1;COC(=O)C1=C(CCCC(=O)O)OC(=O)C=C1OC;COC1=CC=C(/C=C/C(=O)C2=CC=C(O)C=C2)C(O)=C1;COC1=CC=C(C(=O)CC(=O)C2=CC=CC=C2)C(O)=C1;CC1=CC(O)=CC(O)=C1C(=O)O[C@H](C(=O)O)[C@@H](C)O;COC(=O)CCNC(=O)NCc1ccc(Cl)cc1;COc1ccc(CC(=O)Oc2cccc(C=O)c2)cc1;COC1=CC=CC(/C=C/C2=CC=C(O)C=C2)=C1C(=O)O;COc1ccc(C(=O)Cc2ccccc2C(=O)O)cc1;COc1ccc(CNC(=O)C(=O)NCCCl)cc1;CC(=O)OC1=CC=C(C2=CC=C(OC(C)=O)C=C2)C=C1;CC1=CC(O)=CC(O)=C1C(=O)O[C@H](C)[C@H](O)C(=O)O;COC(=O)C1=CC=C(C2=CC=C(C(=O)OC)C=C2)C=C1;COC1=CC=C(/C=C/C(=O)C2=CC(O)=CC=C2O)C=C1;CCOC(=O)c1ccc(C(=O)Oc2ccccc2)cc1;COC1=CC=C(/C=C/C(=O)C2=CC=C(O)C=C2O)C=C1
m_30024e,COCc1cccc(CN2CCOCC2C2CCCC2O)c1;CCCCCCCCC(=O)NC(Cc1ccccc1)C(=O)O;CCCCCCCCCC(=O)NC1=CC=C(C(=O)OC)C=C1;CCCCCCCCCC(=O)Nc1ccccc1C(=O)OC;CC(C)CCCCCC(=O)NC(CC1=CC=CC=C1)C(=O)O;CCCCCCCCC=CCNc1c(O)cccc1C(=O)O;CCCOc1ccc(C(=O)NC2CCCCCC2)cc1OC;CCCCCCCCC=CCNc1cc(C(=O)O)ccc1O;COC1=CC(CNC(=O)CCCC/C=C\C(C)C)=CC=C1O;CCCCCC(O)C=CCNC(Cc1ccccc1)C(=O)O;COC(=O)CCCCCCC(=O)NCCCc1ccccc1;COc1ccc(CCC(=O)N2CCCCCCC2)cc1OC;CCCCCCCCOC(=O)C(C)NC(=O)c1ccccc1;COC(=O)c1ccccc1NCCCCCCCCCC=O;CCCCCN(CCC(=O)OCC)C(=O)c1cccc(C)c1;CCOc1cc(C(=O)NCCC2CCCCC2)ccc1OC;COc1ccc(CCC(=O)NC2CCCCCC2)cc1OC;CCCOc1ccc(C(=O)NC2CCCCC2)cc1OCC;CCOc1ccc(C(=O)NCC2CCCCC2)cc1OCC;CCCCCCCCCC(=O)Oc1ccc(NC(C)=O)cc1;CCCCCCOC(=O)c1ccc(NC(=O)CC(C)C)cc1;CC(C)COC(=O)C(C)NC(=O)CCCCc1ccccc1;CCOc1ccc(C(=O)NC2CCCCCC2)cc1COC;CCCCCCCCCC(=O)NCc1ccc2c(c1)OCO2;CCCCOc1ccc(C(=O)N2CCCC(C)C2)cc1OC
m_31ebaa,C#CCOc1cccc(-c2noc(C3CCCN(C(=O)C4CC4)C3)n2)c1;COC1=CC=C2NC=C(CCNC(=O)CNC(=O)C3=CC=CC=C3)C2=C1;O=C(Cc1ccccc1)NCC(=O)Nc1ccc(C(=O)NC2CC2)cc1;COC1=CC=C2NC=C(CCNC(=O)C3=CC=CC=C3NC(C)=O)C2=C1;COC(=O)[C@H](CC1=CNC2=CC=CC=C12)NC(=O)NCC1=CC=CC=C1;COC1=CC=C2NC=C(CCNC(=O)C3=CC=CC(NC(C)=O)=C3)C2=C1;O=C(NCC1=CC=CC=C1)C1=CC=C(COC2=CC=C(Cl)C=C2)C=C1;N[C@@H](CC1=CC=CC=C1)C(=O)N[C@@H](CC1=CNC2=CC=CC=C12)C(=O)O;COc1ccc(CNC(=O)CCCc2nc3ccccc3c(=O)[nH]2)cc1;O=C(Nc1ccccc1C(=O)NCCNC(=O)C1CC1)c1ccccc1;NC(CC1=CNC2=CC=CC=C12)C(=O)NC(CC1=CC=CC=C1)C(=O)O;COC1=CC=C(C(=O)NC(=O)NC(C)CC2=CNC3=CC=CC=C23)C=C1;COC(=O)c1ccc(CNC(=O)NCCc2c[nH]c3ccccc23)cc1;COC1=CC=CC=C1C(=O)NCCNC(=O)C1=CN(C)C2=CC=CC=C12;O=C(NCCNC(=O)c1cccc(NC(=O)C2CC2)c1)c1ccccc1;COC1=CC=CC=C1CC(=O)NCCNC(=O)C1=CNC2=CC=CC=C12;COC1=CC=CC(CCNC(=O)C2=CC=C3C(=C2)N=C(C)C(=O)N3C)=C1;COc1ccc(CNC(=O)c2cnn(Cc3ccccc3)c2)cc1OC;O=C(CCCCn1c(=O)[nH]c2ccccc2c1=O)NCc1ccccc1;O=C(NCCC1=CNC2=CC=CC=C12)N[C@@H](CC1=CC=CC=C1)C(=O)O;CNC(=O)c1ccc(CNC(=O)C2CC(=O)N(c3ccccc3)C2)cc1;COC1=CC=C(CNC(=O)CN2C=CC3=C(NC(C)=O)C=CC=C32)C=C1;COC(=O)N1CCCC1C(=O)NCCNC(=O)c1ccc(C)c(F)c1;Cc1cc(F)c(NC(=O)C2CCN(C(=O)N(C)C)CC2)cc1C(=O)O;CC(=O)Nc1ccc(C=CC(=O)NCCNC(=O)c2ccccc2)cc1
m_328338,CCc1nccn1S(=O)(=O)c1ccc(C)c(C)c1;NC(=O)CSCCCCCCSCC(N)=O;O=C(O)C(Cc1c[nH]c2ccccc12)NCCS;O=C(O)C(CCS)NCc1c[nH]c2ccccc12;NC(=O)CC[C@H](NC(=O)CC1=CC=CC=C1)C(=O)O;CCOC(=S)NCCCCNC(=S)OCC;O=C(CS)NCCCCCCNC(=O)CS;CC(=O)N[C@]1(C(N)=O)O[C@H](CO)[C@@H](O)[C@H](O)[C@H]1O;O=C(CCc1nc2ccccc2s1)NCCCO;NC(=S)c1ccc(CNC(=O)C2CCCO2)cc1;O=C(NCCCO)c1cc(=O)[nH]c2cc(F)ccc12;O=C(CCCc1nc2ccccc2s1)NCCO;CCNC(=O)CCSSCCC(=O)NCC;NC(=S)C1CCCN1C(=O)COc1ccccc1;CCOC(=O)CCNC(=O)c1ccc(C(N)=O)cc1;O=C(CSc1ccccc1)NC1CCCNC1=O;CCOC(=O)CCCSc1nc2ccccc2[nH]1;Cc1nc2ccc(NC(=O)CCCCO)cc2s1;N#Cc1ccc(CSCC(=O)NCCCO)cc1;CCOC(=O)CCC(=O)Nc1ccccc1C(N)=O;N#Cc1ccc(C(=O)NCCSCCCO)cc1;CCCCCNC(=O)c1cc(-c2cccs2)on1;CC(SCCCO)C(=O)Nc1cccc(C#N)c1;CSCCCNC(=O)COc1ccccc1C#N;c1ccc2c(OOc3c[nH]c4ccccc34)c[nH]c2c1
m_347e26,CCOCC1CCN(Cc2ccc(CO)c3c2OC(F)(F)O3)C1;COC1=CC=C(CNC(=O)CCSCC2=CC=C(C)C=C2)C=C1;O=C(NC(CO)C(O)C1CCCCC1)c1ccc(O)c(F)c1F;COc1ccccc1OCC(=O)NC(Cc1ccccc1)C(=O)O;O=C(O)C(Cc1ccccc1)NC(Cc1ccc(O)cc1)C(=O)O;CCCCC(C(O)CO)N1c2ccccc2Sc2ccccc21;O=C([O-])c1ccc(OCCCCCCOc2ccc(O)cc2)cc1;CCCCCOC(=O)c1ccc(NC(=O)c2cccc(F)c2)cc1;COC(=O)C(Cc1ccc(O)cc1)NC(=O)COc1ccccc1;COc1ccc(CC(=O)N2CC(O)CC2c2ccc(F)cc2)cc1;CCOc1ccc(OCCCCOc2ccc(C(=O)[O-])cc2)cc1;COc1ccc(CCC(=O)N2CCC(c3cccs3)CC2)cc1;COc1ccc(CCCNC(=O)CSCc2ccccc2)cc1;O=C(O)CCC(=O)Nc1ccc(OCCOc2ccccc2)cc1;CCCCCCCOc1ccc(C(=O)Nc2ccc(F)cc2)cc1;CCCCCCCOC(=O)COc1ccc(F)c(C(N)=O)c1F;COC(=O)C(CO)NC(=O)COc1ccccc1-c1ccccc1;COC1=CC=C(CNC(=O)CC2=CC=CC=C2C(=O)O)C=C1OC;CCCOc1ccc(C(=S)NCCc2ccc(OC)cc2)cc1;Cc1cc(C(=O)NCC2CCC(CO)O2)cc(C)c1OC(F)F;COc1ccc(-c2ccc(C(=O)NCC3(CO)CC3)c(F)c2)cc1;COc1ccc(CNC(=O)CCSCc2ccccc2C)cc1;COc1ccc(NC(=O)C(C)SCCCc2ccccc2)cc1;CCCCOC(=O)c1ccccc1NC(=O)Cc1ccc(F)cc1;O=C(N[C@@H](CO)C(=O)OCC1=CC=CC=C1)OCC1=CC=CC=C1
m_34c00a,CC1C(=O)NCCN1S(=O)(=O)N1CCCC1c1ccco1;COc1cc(CNC(CCC(=O)O)C(=O)O)cc(OC)c1O;O=C(C(O)C(O)C(O)C(O)C(O)CO)N(CCO)CCO;Cc1cc(OCC(=O)NC(C)CCC(=O)O)cc(C)c1Cl;O=C(NCCOCCO)C(O)C(O)C(O)C(O)C(O)CO;O=C(O)CCCCN1CCN(c2ccc3ccccc3n2)CC1;O=C(O)COc1ccc(C(=O)N2CCC(C(F)F)CC2)cc1;CCCCCCNC(=O)COC(=O)c1cc(Cl)ccc1O;O=C(O)CCN(Cc1ccc(F)c(F)c1)C(=O)C1CCCO1;CCCCCCCCCC(O)c1ccc(Br)cn1;COc1cc(C(=O)NC(C)(CC(=O)O)C(C)C)ccc1Cl;COc1cc(CNC(COC(C)=O)C(=O)O)cc(OC)c1O;CCOC(=O)CN(C)C(=O)CCc1ccc(OC)c(Cl)c1;CC(C)Oc1ccc(CN2CCOCC2C(=O)O)cc1Cl;O=C(O)CCN(Cc1cccc(F)c1F)C(=O)C1CCCO1;COC(=O)CCN(C)C(=O)CCc1ccc(OC)c(Cl)c1;COc1ccc(CCC(=O)NCCCC(C)CO)cc1Cl;NC(=O)[C@H](O[C@@H]1O[C@H](CO)[C@@H](O)[C@H](O)[C@H]1O)C1=CC=CC=C1;CC(C)(CO)C(O)C(=O)NCCC(=O)c1ccc(Cl)cc1;CN(C(=O)OC(C)(C)C)[C@@H](CC1=CC=C(Cl)C=C1)C(=O)O;CC(C)CCCCCC(=O)Oc1ccc(S(=O)(=O)[O-])cc1;O=C(COCCO)Nc1ccc(OC2CCCC2)c(Cl)c1;NC(=O)C(Cc1ccccc1)NC(=O)c1cccc(C(=O)O)n1;O=C([O-])CCCCCC(c1ccc(O)cc1)c1ccc(O)cc1;COc1ccc(CCC(=O)N2CCOC(CO)C2)cc1Cl
m_34c315,Cc1cc(C)c(N2CCC(NC(=O)CCn3cncn3)C2=O)c(C)c1;CC(C)(C)c1ncc(NC(=O)NCCNC(=O)c2ccccc2)cn1;O=C(Nc1ccc(OCCO)cc1)c1cccc(C[NH+]2CCCC2)c1;CCCCCNC(=O)c1cccc(C(=O)Nc2ccc(OC)cc2)n1;CCCCNC1=NC2=C(C(=O)N(C)C(=O)N2C)N1CC1=CC=CC=C1;COc1ccc(NC(=O)c2ccc(C[NH+]3CCC(O)CC3)cc2)cc1;CCCCCNC(=O)c1cccc(C(=O)Nc2cccc(OC)c2)n1;CCCCNC1=NC2=C(C(=O)N(CC3=CC=CC=C3)C(=O)N2C)N1C;Cc1ccccc1N1CCN(CCC(=O)Nc2ccc(F)cc2)CC1;CCNC(=O)N1CCCC(c2n[nH]cc2NC(=O)c2ccccc2)C1;O=C(NCCn1cccn1)C1CCCN(C(=O)Nc2ccccc2)C1;COC1=CC=C(NC(=O)C2=CC3=CC=C(O)C=C3OC2=O)C=C1OC;CC(C)(C)C(=O)Nc1ccccc1C(=O)NCCNc1ncccn1;CC(C(=O)Nc1ccc(Oc2ccccc2)cc1)[NH+]1CCC(O)CC1;CCCCCN1C(NCC2=CC=CC=C2)=NC2=C1C(=O)NC(=O)N2C;CC(CC1=CC=CC=C1)NCCN1C=NC2=C1C(=O)N(C)C(=O)N2C;CC[C@H](C)NC1=NC2=C(C(=O)N(C)C(=O)N2C)N1CC1=CC=CC=C1;CCn1nc(C)c(CNC(=O)NCCOc2ccc(C#N)cc2)c1C;COc1ccc(C(=O)N2CC[NH+](Cc3cccc(C)c3)CC2)c(O)c1;CN1CCC(Nc2ccccc2NC(=O)Cc2ccc(F)cc2)CC1;COc1nc(C)c(C)nc1NC(=O)N1CCN(c2ccccc2)CC1;CCCCNC1=NC2=C(C(=O)NC(=O)N2C)N1CC1=CC=CC(C)=C1;CCCCOC(=O)C1=CC=C(NC(=O)CCOC2=CC=CC=C2)C=C1;CCCCCCOc1ccc(NC(=O)c2ccc3c(c2)OCO3)cc1;CC(C)CNC1=NC2=C(C(=O)N(C)C(=O)N2C)N1CC1=CC=CC=C1
m_36d3ce,CS(=O)(=O)C1CCN(C(=O)c2ccc3ccccc3c2)C1;C[C@@H](NC(=O)CCCC[C@H](NC(=O)CN)C(=O)O)C(=O)O;N[C@@H](CCN[C@@H](CCN1CC[C@H]1C(=O)O)C(=O)O)C(=O)O;O=C(O)CN1CCN(CC(=O)O)CCN(CC(=O)O)CC1;COC(=O)CCSCC(=O)Nc1ccc2ccccc2c1;CN1C(=O)C2=CC3=C(N=C2N(C)C1=O)N(C)C(=O)N(C)C3=O;CN1C(O)=C([S+](C)CC[C@H](N)C(=O)[O-])C(=O)N(C)C1=O;O=C(O)CCc1ccc(NC(=O)CCc2cccs2)cc1;N[C@H](CN1CC(=O)CC[C@H]1C(=O)O)C(S)=NCC(=O)O;O=C(O)CCc1ccc(NC(=O)CCc2ccsc2)cc1;CCCCCCCCNC(=O)c1cc(Cl)nnc1Cl;O=C(O)c1ccccc1OCCN1CCc2sccc2C1;Cc1ccc(CNC(=O)CCc2ccc(C(=O)O)cc2)s1;CN(CCCC(=O)[O-])C(=O)Nc1ccc(C(F)(F)F)cc1;Cc1cc(C)c(C(=O)Nc2cccc(CCC(=O)O)c2)s1;N[C@@H](C[C@H](NCCCN1CC[C@@H]1C(=O)O)C(=O)O)C(=O)O;COCCn1c(=O)n(CCOC)c(=O)n(CCOC)c1=O;CC(CN(C(=O)c1cc2ccccc2s1)C1CC1)C(=O)O;O=C(O)CC1CCCCN1C(=O)c1cccc2ccsc12;COc1ccc(F)cc1C(=O)NCc1ccc(C(=O)O)cc1;N#Cc1nccnc1NCCNC(=O)c1c(F)cccc1F;CC(CC(=O)NCc1ccc(C(=O)O)s1)c1ccccc1;COC1=CC(=O)N(C)C=C1O[C@@H]1O[C@H](O)[C@@H](O)[C@H](O)[C@H]1O;CCCCNC(=S)NNC(=O)c1c(Cl)c(C)nn1C;COc1ccc(-c2ccc(CS(=O)CC(N)=O)cc2)cc1
m_370436,Cc1ccccc1CN(C)C(=O)Cc1c[nH]c2ccccc12;CCc1ccc(C(=O)NCCc2c[nH]c3ccccc23)cc1;CCCCCCC(=O)OC1OC(CO)C(O)C(O)C1O;CCCCCCC(=O)NC(Cc1ccc(O)cc1)C(=O)[O-];CCCCCCCNc1ccc(C(=O)NCC(=O)O)cc1;CCCCCOc1ccc(C(=O)NCCCC(=O)[O-])cc1;CC1=CC=C(C(=O)NCCC2=CNC3=CC=C(C)C=C23)C=C1;COc1cccc(C(=O)NCCCCCCCC(=O)[O-])c1;CCCCCNC(=O)CCNC(=O)c1cccc(OC)c1;CC1=CC=C(C(=O)NCCC2=C(C)NC3=CC=CC=C23)C=C1;O=C(c1ccncc1F)N1CCC2(CCC(O)CC2)CC1;CC(=O)NCC1CCN(C(=O)c2ccc(F)cc2C)CC1;CC12CCC(C)(C(c3ccccc3)C1c1ccccc1)C2O;CC(C)CCC(=O)NCC(=O)N1CCc2ccc(F)cc21;CCCCCCCCO[C@@H]1O[C@@H](CO)[C@H](O)[C@H](O)[C@H]1O;Cc1ccc(OCCCC(=O)NCC(=O)NC(C)C)cc1;CC(CCC1=CC=CC=C1)NC(=O)C1=CNC2=CC=CC=C12;CC(C)CCC(=O)NCC(=O)Nc1ccc(CCO)cc1;CCC(O)CCCNC(=O)CCc1ccc(C(=O)[O-])cc1;CC(C)CCC(=O)NCCc1ccc(OCC(=O)[O-])cc1;CC(C)N(Cc1ccc(F)cc1)C(=O)C1CCCC(=O)N1;COc1c(C)cc(C(=O)NCCCCCC(=O)[O-])cc1C;CCCCOCCCNC(=O)c1cc2c(F)cccc2[nH]1;CCCCOc1cccc(CCNC(=O)CCC(=O)[O-])c1;CC(CCc1ccc(O)cc1)NC(=O)CCCCC(=O)[O-]
m_3883ef,Cc1nc(NC(=O)C(C)N2CCCC(Cn3cncn3)C2)sc1C;CC(C)[C@]1(O)C=C[C@](C)(O)[C@H](O[C@@H]2O[C@H](CO)[C@@H](O)[C@H](O)[C@H]2O)C1;O=C(O)/C=C/CCCCCCCO[C@@H]1O[C@H](CO)[C@@H](O)[C@H](O)[C@H]1O;C/C(=C\CC[C@H](C)CCO[C@@H]1O[C@H](CO)[C@@H](O)[C@H](O)[C@H]1O)C(=O)O;CC(C)[C@H]1C[C@H]2O[C@@]2(C)[C@@H](O)[C@H]1O[C@@H]1O[C@H](CO)[C@@H](O)[C@H](O)[C@H]1O;C/C(=C\CC[C@H](C)CCO)C(=O)O[C@@H]1O[C@H](CO)[C@@H](O)[C@H](O)[C@H]1O;CC12CC(O)C(CC1O[C@@H]1O[C@H](CO)[C@@H](O)[C@H](O)[C@H]1O)C2(C)CO;CC1(C)O[C@]2(CO)CC[C@H]1C[C@@H]2O[C@@H]1O[C@H](CO)[C@@H](O)[C@H](O)[C@H]1O;CC(C)CC(=O)OC[C@H]1O[C@@H](OC(=O)CC(C)C)[C@H](O)[C@@H](O)[C@@H]1O;CC(C)(O[C@@H]1O[C@H](CO)[C@@H](O)[C@H](O)[C@H]1O)[C@@H]1CCC(CO)=C[C@H]1O;CC1(C)O[C@@]2(C)CC[C@]1(O)C[C@H]2O[C@@H]1O[C@H](CO)[C@@H](O)[C@H](O)[C@H]1O;CC[C@@H](C)C(=O)O[C@@H]1O[C@H](CO)[C@@H](O)[C@H](O)[C@H]1OC(=O)CC(C)C;CC(C)=C1CCC(C)(O)C(O)C1OC1OC(CO)C(O)C(O)C1O;CC1=C[C@@H](O[C@@H]2O[C@H](CO)[C@@H](O)[C@H](O)[C@H]2O)[C@H](C(C)C)[C@@H](O)[C@H]1O;CC1=C[C@H](O[C@@H]2O[C@H](CO)[C@@H](O)[C@H](O)[C@H]2O)[C@](O)(C(C)C)C[C@H]1O;CC1=C(CO)C(C)(C)C[C@H](O)[C@@H]1O[C@@H]1O[C@H](CO)[C@@H](O)[C@H](O)[C@H]1O;C[C@@H]1CC[C@@H]2[C@@H](CO[C@@H]3O[C@H](CO)[C@@H](O)[C@H](O)[C@H]3O)CO[C@@H](O)[C@@H]21;CC(C)(O)[C@@H]1CCC(CO[C@@H]2O[C@H](CO)[C@@H](O)[C@H](O)[C@H]2O)=C[C@H]1O;C=C(CO)[C@@H]1CC[C@](C)(O)[C@@H](O[C@@H]2O[C@H](CO)[C@@H](O)[C@H](O)[C@H]2O)C1;CC1(C)[C@@H]2C[C@@H](O)[C@@](C)([C@@H]2O)[C@H]1O[C@@H]1O[C@H](CO)[C@@H](O)[C@H](O)[C@H]1O;C[C@H](CO[C@H]1O[C@@H](CO)[C@H](O)[C@H](O)[C@@H]1O)[C@@H]1CC[C@@H](C)[C@H]1C(=O)O;CC1(C)C2C(O)CC(C)(C2O)C1OC1OC(CO)C(O)C(O)C1O;CC1(C)O[C@@]2(C)C[C@@H](O)[C@@H]1C[C@H]2O[C@@H]1O[C@H](CO)[C@@H](O)[C@H](O)[C@H]1O;CC1(C)O[C@]2(C)CC[C@@]1(O[C@@H]1O[C@H](CO)[C@@H](O)[C@H](O)[C@H]1O)C[C@H]2O;C[C@H]1CC[C@@H]([C@@](C)(O)CO[C@@H]2O[C@H](CO)[C@@H](O)[C@H](O)[C@H]2O)C(=O)C1
m_38941f,Cc1ccccc1C1CC1NC(=O)c1c(C)nc(C(C)(C)C)[nH]c1=O;CC=C(C)C(=O)NCCCCCNC(=O)c1ccc2ccccc2n1;CCCCCCN1CC(=O)N2CC3=C(C[C@H]2C1=O)C1=CC=CC=C1N3;Cc1noc(C2CCN(C(=O)C3(C)CCCc4ccccc43)CC2)n1;CC[C@]12CN3C[C@](CC)(CN(C1)C31C(=O)N(C)C3=CC=CC=C31)C2=O;Cc1ccc(C(=O)NCCCCCC(=O)Nc2ccccc2N)cc1;CCN1CCCN(C(=O)NCCc2cccc3ccccc23)CC1=O;CC(=O)N[C@H]1[C@H](C2=CC=CC=C2)N(CC2=CC=CN=C2)CC[C@@]1(C)O;CC1(C)CN(C(=O)C2CCCOC2c2ncc[nH]2)Cc2ccccc21;Cc1cc(C)cc(NC(=O)N2CCCC(COc3ccncc3)C2)c1;Cc1cccc(OC(C)C(=O)N2CCN(c3cccc(C)n3)CC2)c1;C=CC(C)(C)C12CC3C(=O)NC(C)C(=O)N3C1N(C)c1ccccc12;CC1=CC=C(NC(=O)CCCCCC(=O)NC2=CC=CC=C2N)C=C1;CCN1CCN(Cc2ccc(NC(=O)c3ccccc3O)cc2)CC1;O=C(CNc1ccccc1N1CCC(O)CC1)NCc1ccccc1;NC1=CC=CC=C1NC(=O)CCCCCCC(=O)NC1=CC=CC=C1;Cc1ccc(CNC(=O)NCC(=O)NCCCc2ccccc2)cc1;CCCCCN1CC(=O)N2C(C)C3=C(C[C@H]2C1=O)C1=CC=CC=C1N3;Cc1n[nH]cc1C1CCN(C(=O)c2cccc3c2OCC3(C)C)CC1;COc1ccc(CNC(=O)C2CCN(c3cccc(C)n3)CC2)cc1;COc1ccccc1N1CCN(C(=O)Nc2c(C)cccc2C)CC1;Cc1ccc(C)c(OCC(=O)NC2CCN(c3ccccn3)CC2)c1;O=C1NCCCN(Cc2noc3c2CCCC3)C1Cc1ccccc1;CCCCN1CC(=O)N2[C@@H](CC3=C(NC4=CC=CC=C34)C2(C)C)C1=O;COc1ccc(C2=CCN(C(=O)c3cnn(C(C)(C)C)c3)CC2)cc1
m_3a5731,O=C(O)CCN(Cc1ccccc1)C(=O)C1C2Cc3ccccc3C21;Cc1ccc(C(=O)C(C)OC(=O)CCc2c[nH]c3ccccc23)cc1;COC1=CC=C(CNC(=O)CC2=CC=CC3=CC=CC=C23)C=C1OC;CCCCc1ccc(C(=O)COC(=O)c2c[nH]c3ccccc23)cc1;NN=Cc1ccc2[nH]cc(CCN(Cc3ccccc3)C(=O)[O-])c2c1;CCCCOc1ccc2cc(S(=O)(=O)NCC(C)C)ccc2c1;COc1ccc2cc(CNC(=O)CCc3ccccc3O)ccc2c1;COc1ccc2[nH]cc(C(=O)C(=O)CCCCc3ccccc3)c2c1;CCCCCOc1ccc(S(=O)(=O)NC(C)C)c2ccccc12;CCCCCOc1ccc2cc(S(=O)(=O)NC(C)C)ccc2c1;CCC(CC)(C(=O)O)C(=O)N1CCCC(CNS(N)(=O)=O)C1;CCCOc1ccc(C=CC(=O)c2c[nH]c3ccccc23)cc1OC;Cc1ccccc1CCC(=O)N1C2CCC1CC(S(C)(=O)=O)C2;COc1ccc(CNC(=O)c2c(C)ccc3ccccc23)cc1OC;COC1=CC=C(C2=CC=C(CCC(=O)NCC3=CC=CC=C3)O2)C=C1;COC1=CC=C(CCNC(=O)COC2=CC=CC3=CC=CC=C23)C=C1;COC(=O)CC[C@H](NC(C)=O)C(=O)NC(=O)NCC1=CC=CC=C1;CC(CNS(=O)(=O)C1CC1)[NH2+]Cc1cn[nH]c1-c1ccccc1;CC(=O)NCCCCNC(=O)CCS(=O)(=O)N1CCOCC1;CC(=O)N1CCC(N[C@@H]2CO[C@H](CNS(C)(=O)=O)[C@H]2O)CC1;CCCCNC(=O)COC(=O)c1c2ccccc2cc2ccccc12;N=C(N)NCCC[C@@H](NC(=O)CNC(=O)C1=CC=CC=C1)C(=O)O;CC(=O)SCC(=O)NCCCCCCCC(=O)c1ccccc1;Cc1ccccc1C1(CNC(=O)CS(=O)(=O)C2CCCC2)CC1;CC1(NC(=O)CC2(CS(C)(=O)=O)CC2)CCc2ccccc2C1
m_3aa487,COc1cccc(CCC(=O)NC2CC(O)C2n2cccn2)c1F;Oc1ccc2c(c1)C(Cc1cccs1)[NH2+]CC2;Cc1sc(C)[n+](CC(=O)c2ccccc2)c1C;Cc1ccsc1C1(O)CC([NH3+])c2ccccc21;O=C1CCC[NH+](Cc2csc3ccccc23)C1;c1csc(CC[NH2+]C2COc3ccccc32)c1;c1ccc2c(c1)SCC2C[NH2+]Cc1ccoc1;[NH3+]Cc1cccc(SCc2cccc(O)c2)c1;[NH3+]Cc1ccccc1COSc1ccccc1;O=C(CC1CC[NH2+]C1)c1cccc2ccsc12;CC=CC1=CSC[NH+]1CC(=O)c1ccccc1;c1ccc(C2C[NH2+]CC(c3ccsc3)O2)cc1;CC(C(=O)c1ccsc1)C([NH3+])c1ccccc1;C[NH2+]Cc1ccccc1Sc1cccc(O)c1;CSC(=C1CCc2ccccc2C1=O)[NH+]1CC1;C[NH2+]C1CC(c2cccs2)Oc2ccccc21;Oc1c(-c2ccccc2)sc2[n+]1CCCCC2;COc1cccc(C2[NH2+]CCc3ccsc32)c1;CC([NH2+]CC(=O)c1cccs1)c1ccccc1;Cc1ccc(C[NH2+]CC(=O)c2ccccc2)s1;[NH3+]C(c1ccc(OC2CC2)cc1)c1cccs1;[NH3+]C1(C(=O)c2cccc3ccsc23)CCCC1;CC(=C[NH+](C)C)C=C1Sc2ccccc2C1=O;c1cc(-c2cccs2)cc(C2C[NH2+]CCO2)c1;[NH3+]C1CCc2c(OCc3cccs3)cccc21
m_3ae355,Cc1nc(N2CCN(c3ccncc3)C(C)C2)c(Cl)cc1C#N;O=C(C=Cc1ccc2c(c1)OCCO2)NCCc1ccc(F)cc1;COc1ccc(Cn2c(-c3ccc(O)c(OC)c3)n[nH]c2=O)cc1;COc1cc(C=CC(=O)[O-])ccc1OCCOc1cccc(C)c1;O=C(C=Cc1ccc2c(c1)OCCO2)NCCc1cccc(F)c1;COC1=CC=C(/C=C/C(=O)C2=CC=C3NC4=CC=CC=C4C3=C2)C=C1;CCOC(=O)CCCCCCC(=O)Nc1cc(Cl)ccc1O;COC1=CC(/C=N/NC(=O)CNC(=O)C2=CC=CC=C2)=CC=C1O;COc1ccc(-c2cc(-c3ccccc3)c3ccccc3n2)c(O)c1;C=CCOc1ccc(C=CC(=O)Nc2cccc(F)c2)cc1OC;COc1cc(CNC(=O)CCCCCc2ccccc2)ccc1O;COc1ccc(CNC(=O)c2ccc3c(c2)[nH]c(=O)n3C)cc1O;Cc1c(O)ccc2cc(C(=O)Nc3cccc4ccccc34)ccc12;CCOc1ccccc1OCCOc1cccc(C=CC(=O)[O-])c1;CCOc1ccc(C(=Cc2ccc(OC)c(O)c2)C(=O)[O-])c(C)c1;O=C(CCc1ccc(O)cc1)NC1C(O)OC(CO)C(O)C1O;COc1nc(C)c(NC(=O)C=Cc2ccc3c(c2)OCO3)c(C)n1;COc1cc(CNC(CCCC(=O)O)C(=O)O)cc(OC)c1O;CC(C)(C)c1ccc(CCCNc2cc(C(=O)O)ccc2O)cc1;CC(C)Cc1ccc(CC(=O)NCCc2ccc(O)c(O)c2)cc1;CCOc1cc(C=Cc2ccc(C(=O)[O-])cc2)cc(OCC)c1O;CCOc1cccc(C(=O)NC2C(O)OC(CO)C(O)C2O)c1;CCCCOc1ccc(C=CC(=O)c2c([O-])cc(C)oc2=O)cc1;COc1cccc(C=CC(=O)N2CCOc3ccc(F)cc3C2)c1;O=C(C=Cc1ccccc1)Nc1ccc(C(=O)c2ccccc2)cc1
m_3aecdc,COCC1(C(=O)O)CCCN1S(=O)(=O)c1cccc2c1OCCCO2;CCOC(=O)C(C)(CC1CN(c2ccc(O)cc2)C(=O)O1)S(C)(=O)=O;CCC(=O)Nc1ccc(S(=O)(=O)Nc2cc(-c3ccncc3)n[nH]2)cc1;O=C(O)C1(CNS(=O)(=O)c2ccc3c(c2)OCCCO3)CCOCC1;Cc1nccn1-c1ccc(NC(=O)c2ccc(NS(C)(=O)=O)cc2)cn1;COc1cccc(C(=O)OCC(=O)N(C)C2CCS(=O)(=O)C2)c1OC;CCOc1cc(C(=O)OCC(=O)NC2CCS(=O)(=O)C2)ccc1OC;COc1ccc2cc(-c3n(C)c4ccc(S(C)(=O)=O)cc4[n+]3C)oc2c1;COc1cc(CN(C)S(=O)(=O)Cc2ccccc2)ccc1OC(F)F;O=C(CCC(=O)Nc1noc2ccccc12)NCCc1ccc(Cl)cc1;O=S(=O)(c1ccc(F)c(F)c1F)N1CC[NH+](Cc2ccccc2)CC1;CS(=O)(=O)CCNc1cccc(Cn2c(C(=O)[O-])cc3ccccc32)c1;COc1ccc(C(=O)OCC(=O)N(C)C2CCS(=O)(=O)C2)cc1OC;COc1ccc(CCN(C)S(=O)(=O)c2c(F)cccc2F)cc1OC;Cc1nn(C)c2ncc(NS(=O)(=O)c3ccc4c(c3)CC(=O)N4C)cc12;COc1ncccc1-c1ncnc(Nc2cccc(CS(C)(=O)=O)c2)n1;O=C(CCNS(=O)(=O)c1ccc(F)cc1)NC1CCC(C(=O)[O-])CC1;O=C(CCS(=O)(=O)Cc1nnnn1-c1ccccc1)Nc1ccccc1;O=S(=O)(c1cc(F)ccc1F)N1CC[NH+](Cc2cccc(F)c2)CC1;Cc1ccc(-c2nnn(CC(=O)c3ccc(NS(C)(=O)=O)cc3)n2)cc1;CCS(=O)(=O)N1CCN(C(=O)NC2CCc3cc(Cl)ccc32)CC1;CCS(=O)(=O)N1CCC(N(CC(=O)[O-])C(=O)c2ccc(F)cc2)CC1;CC1(CCc2ccccc2)NC(=O)N(N=Cc2cc(Cl)ccc2O)C1=O;COC(=O)CC1C=CC(NS(=O)(=O)c2cccc(OC)c2)C(CO)O1;COc1ccc(CC(=O)OCC(=O)NC2CCS(=O)(=O)C2)cc1OC
m_3ba5ce,Cc1cc(C)n(CC(=O)Nc2ccnn2C2CCCC2)n1;CCCCCCCCC(=O)NC(CCC(=O)O)C(=O)O;CCCCCCCCCC(=O)NC(CC(=O)O)C(=O)O;CCCCCCCC(=O)NC(CCCC(=O)O)C(=O)O;CCCCCC=CC(C)C(O)C(=O)NC(CO)C(=O)O;CCCCCCCC(=O)CC(=O)NC(CCO)C(=O)O;CCCCOC(=O)CC(NC(C)=O)C(=O)OCCCC;CCCCCCNC(=O)Cc1ccc(-n2cnnn2)cc1;CCCCCNC(=O)C(Cc1ccccc1)n1cnnn1;O=C(CCc1ccccc1)NC(Cc1cnc[nH]1)C(=O)O;CC(Cc1ccco1)NC(=O)CCC([NH3+])c1ccccc1;Cc1nnc(CN2CCN(c3ccc(O)cc3)CC2)n1C;CC(=O)NC(Cc1ccccc1)C(=O)Nc1cc(C)on1;CCCNc1cc(NCCc2ccc(O)cc2)nc(N)n1;O=C(Cc1ccc(F)cc1)NCC(O)Cc1ccccc1;CCCC([NH3+])C(=O)NCCOc1ccc2ccccc2c1;CCCC(C)CC(=O)NCc1ccc(-c2nn[nH]n2)cc1;CC(C)(C)[NH2+]Cc1ccc(OCc2ccc(O)cc2)cn1;CCCCNC(=O)Cn1nnc(-c2ccc(CC)cc2)n1;Cc1[nH]nc(C(=O)N2CCCCC2c2ccnn2C)c1C;CCCCNC(=O)C(=O)NCCC1=CNC2=CC=CC=C12;CCCCNC(=O)Nc1c(C)nn(-c2ccccc2)c1N;CCCCNc1[nH]c(NC)nc(=O)c1Nc1ccccc1;COC(=O)C(Cc1ccccc1)NC(=O)c1cnn(C)c1;CCNC(=O)CC[NH2+]Cc1ccc2cc(OC)ccc2c1
m_3ce578,Cc1c(C(=O)Nc2ccc(C(=O)NC3CC3)cc2)cnn1-c1ccccc1Cl;O=C(CCC1=NC2=CC=CC=C2NC1=O)NCCC1=CNC2=CC=C(Cl)C=C12;Cc1nc2ccccc2n(CC(=O)NCCc2c[nH]c3ccc(Cl)cc23)c1=O;CC(C)(C)C1=CC=C(OCC(=O)N[C@H](CC2=CNC3=CC=CC=C23)C(=O)O)C=C1;CCOC(=O)C(Cc1c[nH]c2ccccc12)NC(=O)COc1ccc(CC)cc1;CC(=O)NC(Cc1c[nH]c2ccc(OCc3ccccc3)cc12)(C(=O)[O-])C(=O)[O-];CC(=O)C1=C(O)C(=O)N(CCC2=CNC3=CC=CC=C23)[C@H]1C1=CC=C(Cl)C=C1;COc1ccc2[nH]cc(CCNC(=O)c3ccc(NC(=O)C(C)(C)C)nc3)c2c1;CCCCO[C@@H]1[C@H](O)[C@@H](COP(=O)(O)O)O[C@H]1N1C=C(C)C(O)=NC1=O;O=C(CSc1nnnn1-c1ccc(O)cc1)NCCc1c[nH]c2ccccc12;O=C(NC1=CC=CC=C1C(=O)N[C@@H](CC1=CC=C(O)C=C1)C(=O)O)C1=CC=CO1;CC(=O)C1C(=O)C(=O)N(CCc2c[nH]c3ccccc23)C1c1ccc(Cl)cc1;COC(=O)C(CC1=CNC2=CC=CC=C12)NC(=O)C1=CC=C(OCC(C)C)C=C1;CCCCCCC=CC=CC=CC(=O)NC(Cc1c[nH]c2ccccc12)C(=O)O;CCCCCCOc1ccc(NCC(=O)Nc2cccc(Cl)c2Cl)cc1;Cn1c(CCCNC(=O)c2c[nH]c3ccc(Cl)cc3c2=O)nc2ccccc21;COC(=O)[C@H](C)NC(=O)CNC(=O)[C@H](C)NC(=O)[C@H](N)CC1=CC=C(O)C=C1;O=C(CCc1nc(-c2ccco2)no1)NC(Cc1c[nH]c2ccccc12)C(=O)O;CCOP(=O)(CC(O)C1OC(n2ccc(=O)[nH]c2=O)C(O)C1O)OCC;Cn1cc(CN(C(=O)c2ccc(F)cc2Cl)C2CCNC2)c(=O)n(C)c1=O;O=C(NCCN1CCN(C(=O)CCc2c[nH]c3ccccc23)CC1)c1ccco1;CN(C(=O)COc1ccc(F)cc1)C(c1cccs1)c1c[nH]c2ccccc12;COc1cc(C=CC(=O)NCCc2c[nH]c3ccc(C)cc23)cc(OC)c1OC;CC(C)Oc1ccc(NCCC(=O)NCCc2ccc(Cl)cc2Cl)cc1;CCOc1ccc(-n2c(CC)nc3c(cnn3-c3ccc(Cl)cc3)c2=O)cc1
m_3d62dd,Cc1ccc(CNC(=O)N2CCCC2C(C)(C)O)c(N(C)C)c1;CC(C)Nc1cccc(C(=O)NCCCN2CCC(O)CC2)c1;COc1ccc(CCNC(=O)CN2CCC(C(N)=O)CC2)cc1;CCCCOc1ccc(NC(=O)NCC2CCN(C)CC2)cc1;CC(C)CN1CCOC(CNC(=O)NCCc2ccccc2)C1;COc1ccc(CCCC(=O)Nc2ccc3ccccc3c2)cc1;COc1ccc(CCNC(=O)Cc2ccc3ccccc3c2)cc1;COc1ccc(CCC(=O)NCc2ccc3ccccc3c2)cc1;COCCN1CCN(CCC(=O)NC(C)c2ccccc2)CC1;CCNC(=O)NCCCOc1cccc(CN2CCCCC2)c1;COc1ccc(N2CCN(C(=O)NCCCC(C)C)CC2)cc1;CC(C)CCNC(=O)CCNc1ccccc1N1CCOCC1;CCCCCNC(=O)N1CCN(c2ccccc2OCC)CC1;Cc1ccc(CN2CCC(CNC(=O)NCC(C)O)CC2)cc1;CC(C)Oc1ccccc1CC(=O)NCCN1CCN(C)CC1;CCCCCNC(=O)N1CCN(c2ccc(OCC)cc2)CC1;CCOc1ccc(NC(=O)C(C(C)C)N2CCN(C)CC2)cc1;CC(C)N1CCC(CNC(=O)NCCOc2ccccc2)CC1;CC(C)(C)C(O)CNC(=O)Nc1ccccc1N1CCCCC1;CCCCCCCCCc1ccc(OCCCCC(=O)[O-])cc1;NC(=O)NCCCC(NC(CCCC(=O)O)C(=O)O)C(=O)O;CCOc1ccccc1N1CCN(C(=O)NCCC(C)C)CC1;Cc1ccccc1N1CCN(C(=O)NCCCOC(C)C)CC1;COc1ccc(CCCCC(=O)N2CCCC(C(=O)O)C2)cc1;CCCCCNC(=O)Nc1ccccc1N1CC(C)OC(C)C1
m_3db789,CS(=O)(=O)CCn1ccc(NC(=O)c2ccc3ccccc3c2)n1;O=C(O)COc1ccc(CCNC(=O)c2ccc3c(c2)OCO3)cc1;CC1=NC(CC(=O)NC(CC2=CNC3=CC=CC=C23)C(=O)O)=CS1;CC1=NC(C)=C(C(=O)N[C@@H](CC2=CNC3=CC=CC=C23)C(=O)O)S1;COC1=CC=C(CCNC(=O)C2=CN=C3SC=C(C)N3C2=O)C=C1;O=C(COc1ccc(Cl)c(F)c1)NC1CC(O)C12CCOCC2;O=C(NCc1ccc(Cl)cc1)c1ccc(OCC(=O)C2CC2)cc1;O=C(NC(Cc1ccc(O)cc1)C(=O)O)c1ccc2c(c1)OCCO2;COc1cccc2cc(C(=O)NCCCc3ccc(Cl)cc3)oc12;CCOc1ccc2oc(C(=O)NCc3cccc(Cl)c3)c(C)c2c1;CC(C)Nc1cc(=O)oc2cc(OCc3cccc(Cl)c3)ccc12;CCc1cc2c(Oc3cccc(C(=O)NCCO)c3)ncnc2s1;COc1ccc2c(CC(=O)NC(C)c3ccc(Cl)cc3)coc2c1;COc1ccc2c(CC(=O)NC(C)c3cccc(Cl)c3)coc2c1;COC(=O)C(Cc1ccc(O)cc1)NC(=O)c1ccc2c(c1)OCO2;O=C(O)CCN(C(=O)Cc1c(F)cccc1Cl)C1CCOCC1;COc1cc(F)ccc1NC(=O)Cn1c(=O)[nH]c2ccccc2c1=O;O=C(NCc1ccccc1Cl)c1ccc(OCC(=O)C2CC2)cc1;COc1ccc(OCCNC(=O)c2ccc3nc(N)sc3c2)cc1;O=C(Cc1ccc(F)cc1Cl)NCC(C(=O)O)C1CCOCC1;CCOC(=O)C1CCCN(C(=O)COc2ccc(F)cc2Cl)C1;CCOC(=O)c1cn(Cc2ccccc2)c2cc(F)c(F)cc2c1=O;CCOC(=O)c1c(C)n(-c2cccc(Cl)c2)c2ccc(OC)cc12;O=C(O)COc1ccc(CCNC(=O)c2cccc3c2OCO3)cc1;COC(=O)Cc1c(Cl)n(Cc2ccccc2)c2ccc(OC)cc12
m_3dc915,COCCN1CCC(CNC(=O)N2CCCCC2c2cn[nH]c2)C1;CC(C)CNC(=O)N1CCCC(C(=O)N(C)CCn2cccn2)C1;CCOc1cccc(CN(CCO)C(=O)C2CCCCC[NH+]2C)c1;O=C(O)CCC1CCCN1S(=O)(=O)c1cc(F)ccc1Cl;COC1CC(c2n[nH]c(C)n2)N(C(=O)NCC2(C)CCCCC2)C1;O=C(O)CCC1CCCN1S(=O)(=O)c1cccc(Cl)c1F;CCCCC(CC)CC(=O)N(C)Cc1nnc2n1CCN(C)C2=O;CC1CC2N(C)C(=O)CCC2(C)C2CCC3(C)CC(S)CC3C12;COc1ccc(C(=O)NCC2CC[NH+](C)CC2)c(OCC(C)C)c1;CN(CCN1CCOC(C)(C)C1)C(=O)C1CCc2nnn(C)c2C1;CCN(CC(=O)NC(C)C)c1cc(N2CCCC(CO)C2)ncn1;CCCCN(C)C(=O)C1CC[NH+](Cc2cccc(OC)c2O)CC1;Cc1n[nH]c(C)c1CCCNC(=O)C1CCCN(C(=O)N(C)C)C1;CC(C)COc1cccc(C(=O)NCCC[NH+]2CCC(O)CC2)c1;COc1cccc(OCCCNC(=O)CC2(C[NH3+])CCCCC2)c1;CCN(CCOc1ccccc1C)C(=O)C1CCC[NH+](CCO)C1;Cc1ccc(CNC(=O)C2CC(O)C[NH2+]2)c(OCCCC(C)C)c1;C[NH+](C)C1CCN(C(=O)c2cccc(CCC(C)(C)O)c2)CC1O;CN(C)c1nnc(C2CC(O)C(CNC(=O)C3CC(C)(C)C3)C2)[nH]1;CN1C(=O)C=CC2(C)C3CCC4(C)C(CCC4(C)O)C3CC(F)C12;COC(=O)CCCNC(=O)c1cc([N+](=O)[O-])ccc1N1CCCC1;O=C(NCC1CCCC(O)C1)c1c(Cl)ccc(Cl)c1Cl;CCOc1cc(CNC(=O)CC2(C[NH3+])CCCCC2)ccc1OC;CC(NC(=O)OCC(C)(C)O)C1CC[NH+](C(C)c2ccccc2)C1;C[NH2+]CC1CCCN(C(=O)c2ccc(OCC(C)C)c(OC)c2)C1
m_3f6bab,CNC(=O)CSc1nc2ccccc2c2nc3ccccc3n12;CC(C)(Oc1cccc(CCCCCCCC(=O)O)c1)C(=O)O;O=C(CCCCC(=O)OC(=O)C(O)CO)OC(=O)C(O)CO;CC1=C(O)C=C(O)C2=C1C[C@@H](CCCCCCC(=O)O)OC2=O;CCCCCC(=O)c1c(O)cc(O)c(C(=O)CCCCC)c1O;CCCCCCCC(=O)C1=C(O)C=C(O)C=C1CC(=O)OCC;CCCCCCCCCC(=O)OOC(=O)c1ccccc1OC;O=C(CCS)OCCCCCCCCOC(=O)CCS;CC(NC(CCC(=O)NC(CS)C(=O)O)C(=O)O)C(=O)O;CCOC(=O)C1=C(O)C=C(O)C=C1CCCCCCCC(C)=O;O=C(CC1=CNC2=CC=CC=C12)NC(CC1=CC=CC=C1)C(=O)O;CCCCCCCOC(=O)CCC(=O)Oc1ccc(OC)cc1;O=C(O)[C@H](CCO)NCC[C@H](NCC[C@H](O)C(=O)O)C(=O)O;O=C(O)CCN1C(=O)C2=CC=CC=C2N2C(=O)C3=CC=CC=C3[C@@H]12;COc1ccc(NCCC(=O)Nc2ccc(F)cc2)cc1Cl;CCCC(=O)c1cc(O)c2sc(C(=O)OCC)c(C)c2c1O;CSCCCCCCCCC(=NO)SC[C@H](N)C(=O)O;CCCC(CCCC(C)O)COC(=O)c1ccccc1C(=O)O;CCCCCCCOC(=O)c1cccc(C(=O)OCCOC)c1;O=C([O-])CCCCCCNC(=O)c1cc2cc(Cl)ccc2o1;NC(CCCCNC1OC(C(=O)O)C(O)C(O)C1O)C(=O)O;CC(O)C1CCN(C(=O)NC(C2CCCC2)C(F)(F)F)CC1;COC1=C(C)C2=C(C(=O)OC2)C(O)=C1CC[C@H](C)CCC(=O)O;CCCN(CCO)C(=O)Nc1ccc(OC(F)F)c(Cl)c1;COC(=O)CC1=CC(O)=CC(O)=C1C(=O)CCCCCC(C)=O
m_3f8028,CN(C)C(=O)c1ccc(NCc2ccncc2)cc1;CNc1ccccc1C(=O)NCc1ccc(N)cc1;O=C(Nc1cccc2ccccc12)NC1CCNC1;CC(C)C(=O)NC1CCN(C(=O)CC(=O)[O-])CC1;CCC(=O)NC1=C2CCN(C)C2=NC2=CC=CC=C12;Cc1ccc(C(N)=O)c(NCc2ccc(N)cc2)c1;O=C(Cc1ccccc1)NC1CCc2cn[nH]c2C1;O=C(NC1CCNCC1)c1cccc2cccnc12;C=CCNC(=O)NC1Cc2[nH]c3ccccc3c2C1;Cc1ccc(NC(=O)Nc2ccc(C)cc2N)cc1;CCSC(N)=[NH+]c1ccc(CC[NH3+])cc1OC;Cc1ccc(N)cc1C(=O)NCCc1ccncc1;O=C(Nc1cnc2ccccc2c1)NC1CCCC1;CC(=O)Nc1ccc(NCc2ccc(N)cc2)cc1;Nc1ccc(CC(=O)NCCc2ccccn2)cc1;Cc1ccc(CNC(=O)NCc2cccnc2)cc1;CNC(=O)c1ccc(N)cc1Nc1ccc(C)cc1;Cc1cccc(NC(=O)Cc2ccc(N)cn2)c1C;Nc1ccc2c(C(=O)NC3CCCC3)nccc2c1;CNC(=O)c1cc(N)ccc1NCc1ccccc1;Nc1ccc(CNC(=O)CCc2ccccn2)cc1;COCCNC(=O)CCNc1cc(N)cc(F)c1;CCNC(=O)c1cc(N)ccc1Nc1ccccc1;CNCC(=O)NC1=C2CCCC2=NC2=CC=CC=C12;CC1CCCN1c1cc(C(N)=O)c2ccccc2n1
m_3ff7be,Cc1ccc2c(c1)OC(C)CN2C(=O)Cc1c(C)nn(C(F)F)c1C;CC(C)CCCCCCOC1=CC=C(C(=O)NCCCC(=O)O)C=C1;CCCCCCCCCCC(=O)NC(Cc1ccc(O)cc1)C(=O)O;CCOC(=O)CCC(=O)NCCNC(=O)c1ccc(NC(C)=O)cc1;CCCCCCCCCOC(=O)CCNC(=O)c1ccc(OC)cc1;O=C(/C=C/C1=CC=CC=C1)NCCCCOC(=O)/C=C/C1=CC=CC=C1;CCCCCCCCCCCOC(=O)C1=CC=C(O)C(NC(C)=O)=C1;COC1=CC=C(CN2C(=O)N[C@@H](CCC(=O)N[C@@H](C)CO)C2=O)C=C1;Cn1cc(C2OCCC2CNC(=O)c2ccc(C(C)(F)F)cc2)cn1;O=C(O)CCC(=O)OCCC(NC(CCC(=O)O)C(=O)O)C(=O)O;COC1=CC=C(CN2C(=O)N[C@@H](CCC(=O)NCCCO)C2=O)C=C1;O=C(O)CCCCCCCCCCCCC(=O)Nc1ccccc1O;CCCCCCCCC(O)CC(=O)NC(Cc1ccccc1)C(=O)O;COCCCNC(=O)C[C@@H]1NC(=O)N(CC2=CC=C(OC)C=C2)C1=O;COCCNC(=O)CC[C@@H]1NC(=O)N(CC2=CC=C(OC)C=C2)C1=O;CCCCCCCCC=CCNC(Cc1ccc(O)c(O)c1)C(=O)O;CCOC(=O)CCC(=O)NNC(=O)c1ccc(NC(=O)C(C)C)cc1;CCCCCCCCCCCOC(=O)C1=CC(O)=CC=C1NC(C)=O;CCCCCCOc1ccc(C=CC(=O)Oc2ccc(C#N)cc2)cc1;CC(OC(=O)CNC(=O)c1ccc(C(C)(C)C)cc1)C(=O)NC(N)=O;CCCOc1ccc(C(=O)C=Cc2cccc(OCCCC#N)c2)cc1;CC(C)CCCCCCOC1=CC=C([C@@H](CC(N)=O)CC(=O)O)C=C1;COc1cc(C=CC(=O)c2ccc(CC(C)C)cc2)ccc1OCC#N;CCOC(=O)CCCCCNC(=O)C=Cc1ccc(OC)c(OC)c1;CC(=O)NC1=CC=C(O)C=C1C(=O)OCCCCCCCCC(C)C
m_402004,COCc1nc(C)cc(N2CCCC(O)(Cc3nc(C)no3)C2)n1;COc1cc(CNC(Cc2ccc(O)c(O)c2)C(=O)O)ccc1O;COc1cc(CCNCc2cc(OC)c(O)c(OC)c2)ccc1O;COC1=CC(CCNCC(O)C2=CC=C(O)C(OC)=C2)=CC=C1O;NCCC1=CC=C(OCC2=CC=CC=C2)C(OCC2=CC=CC=C2)=C1;COC1=CC=C(CCNC[C@H](O)C2=CC=C(O)C(OC)=C2)C=C1O;COC1=CC=C(C(O)CNCCC2=CC=C(O)C(OC)=C2)C=C1O;CCC(CO)[NH+]1CCN(C(=O)c2cc3cccc(OC)c3o2)CC1;COCCN1CCC(NC(=O)Cc2c[nH]c3cc(F)ccc23)CC1;COc1ccc(CCNC(=O)CCCn2nnnc2C)cc1OC;CCC[C@H](NC(=O)CC1=CC(=O)OC2=C(C)C(O)=CC=C12)C(=O)O;CC1=C(CCC(=O)NCCCC(=O)O)C(=O)OC2=CC(O)=CC=C12;O=C(CCC1=CNC2=CC=CC=C12)N1CCN(C2=CC=CC=C2)CC1;CC1=C(C)C2=CC=C(OCC(=O)NCCCC(=O)O)C=C2OC1=O;COC1=CC=C(CCNC(=O)C2=CC(=O)C(OC)=CO2)C=C1OC;O=C(Cc1c[nH]c2ccccc12)N1CCC(Nc2ccccc2)CC1;CCCCc1c(O)cc(-c2ccccc2)n(Cc2ccccc2)c1=O;COC1=CC=C(CCNC[C@H](O)C2=CC=C(OC)C(O)=C2)C=C1O;CCOc1ccc(CCCNc2ccc(Cl)cc2)cc1OCC;CCC[C@@H](NC(=O)CC1=C(C)C2=CC=C(O)C=C2OC1=O)C(=O)O;COC1=CC=C2C(C)=C(CC(=O)NCCCC(=O)O)C(=O)OC2=C1;Cn1cc(C(=O)Nc2ccc(Cl)cc2O)c(C2CCCCC2)n1;COC1=CC=C2C(CC(=O)NCCCC(=O)O)=CC(=O)OC2=C1C;NC(CC1=CNC2=CC=CC=C12)C(=O)NC(CCC(=O)O)C(=O)O;O=C(NCCc1cccc(F)c1)N1CCCN(C(=O)C2CC2)CC1
m_417c79,O=C(Nc1ccc(Cl)cc1)N1CCCC(C(=O)N2CCOCC2)C1;Cc1cccc(C(=O)N2CCN(C3(C(N)=O)CCOC3)CC2)c1Cl;O=C(CN1CCN(C(C(=O)O)C2CC2)CC1)Nc1ccccc1Cl;CC(C)(C)C(=O)N1CCCC1C(=O)Nc1ccc(C(N)=O)c(Cl)c1;NC(=O)N1CCCN(C(=O)c2ccc(OC3CCC3)cc2Cl)CC1;CN1CCC(N2CCC(NC(=O)c3cc(O)ccc3Cl)CC2)C1=O;O=C(NCC1CN(c2cccc(Cl)c2)C(=O)O1)NC1CCCCC1;CC(Cl)C(=O)NC1CCN(C(=O)CNC(=O)c2ccccc2)CC1;CC(C)C(=O)N1CCCC(C(=O)Nc2ccc(Cl)c(C(N)=O)c2)C1;COc1ccccc1NC(=O)c1ccc(NCc2ccc(F)cc2)cn1;CN(C)CCCNC(=O)C1=C(O)C2=CC=CC3=C2N(CC3)C1=O.Cl;Cc1cc(Cl)ccc1C(=O)N1CCN(C2(C(N)=O)CCOC2)CC1;COc1cccc(OC)c1Cn1nc2c(N)nc3ccccc3n2c1=O;COc1cc(Cl)ccc1CNC(=O)N1CC(NC(=O)C2CCC2)C1;COCC(O)CNC(=O)Cc1c(C)nn(-c2ccc(Cl)cc2)c1C;CN(C(=O)c1ccncc1)c1c(N)n(Cc2ccccc2)c(=O)[nH]c1=O;CC(=O)N(C)CC(=O)N1CCCN(C(=O)c2ccc(Cl)cc2)CC1;NC(=O)C1CN(C(=O)NCC2(c3ccc(Cl)cc3)CCC2)CCO1;NC(=O)Nc1[nH]c2cc(C(=O)NCc3ccccc3)ccc2c1C(N)=O;NC(=O)c1cccc(CNC(=O)CCn2nnc3ccccc3c2=O)c1;O=C(CCc1ccc(C(=O)[O-])cc1)Nc1ccccc1C(=O)NC1CC1;Cc1cccc(NC(=O)NC(=O)Cn2nnc3ccccc3c2=O)c1C;COC(=O)C(Cc1ccccc1)NC(=O)c1cccc(-n2cnnn2)c1;O=C(NCC1CCCO1)C1CCCN1C(=O)Nc1ccccc1Cl;COCCOCCCNc1cnn(Cc2ccccc2)c(=O)c1Cl
m_43683b,CCn1nncc1C(=O)NCC1(O)Cc2ccccc2C1;O=C(O)C(Cc1c[nH]c2ccccc12)NC1CCCCC1;c1ccc2cc(NCCc3c[nH]c4ccccc34)ccc2c1;CCC(C)C(NC(=O)Cc1c[nH]c2ccccc12)C(C)=O;O=C(CCc1c[nH]c2ccccc12)NCC1CCCC1O;C=C(C)COCCNC(=O)CCc1c[nH]c2ccccc12;CCN(Cc1c[nH]c2ccccc12)C(=O)C1CCOCC1;O=C(Cc1c[nH]c2ccccc12)NCCOC1CCCC1;O=C(Cc1c[nH]c2ccccc12)NCCC1CCCCO1;COC1(CC(=O)NCCc2c[nH]c3ccccc23)CCC1;O=C(CCCc1c[nH]c2ccccc12)N(CCO)C1CC1;CC1(NC(=O)CCCc2c[nH]c3ccccc23)CCOC1;O=C(CCCc1c[nH]c2ccccc12)NCC1CCOC1;CC(=O)NC(C(=O)C(C)C)C(C)c1c[nH]c2ccccc12;Cc1ccc2c(CC(=O)NCC3CCCC3O)c[nH]c2c1;O=C(CC1(O)CCCC1)NCCc1c[nH]c2ccccc12;O=C(CCCc1c[nH]c2ccccc12)NCC(O)C1CC1;O=C(CCCc1c[nH]c2ccccc12)N1CCCC1CO;CC1CCN(C(=O)CCc2c[nH]c3ccccc23)C1CO;CC(=O)C(Cc1c[nH]c2ccccc12)NC(=O)C(C)(C)C;CN(CCc1c[nH]c2ccccc12)C(=O)C1CCOCC1;O=C(CCc1c[nH]c2ccccc12)NC1(CO)CCCC1;CCCCNC(=O)C(=O)NN=Cc1c[nH]c2ccccc12;O=C(Cc1c[nH]c2ccccc12)N1CCCC1CCCO;CCC1OCCC1CNC(=O)Cc1c[nH]c2ccccc12
m_436a8d,Cn1cc(C(=O)N2CCC(CCO)C2)c(-c2ccccc2Cl)n1;CC1=C(C)C2=CC=C(OCC(=O)NCCCC(=O)O)C=C2OC1=O;CCC[C@H](NC(=O)COC1=CC=C2C(C)=CC(=O)OC2=C1)C(=O)O;CCC[C@@H](NC(=O)CC1=C(C)C2=CC=C(O)C=C2OC1=O)C(=O)O;CCCC1=CC(=O)OC2=CC(O[C@@H](C)C(=O)NCC(=O)O)=CC=C12;CC1=CC(=O)OC2=CC(O[C@H](C)C(=O)NCCCC(=O)O)=CC=C12;CCC1=CC(=O)OC2=CC(OCC(=O)NCCCC(=O)O)=CC=C12;CCCC[C@H](NC(=O)COC1=CC=C2C=CC(=O)OC2=C1)C(=O)O;CCCCC1=CC(=O)OC2=CC(OCC(=O)NCC(=O)O)=CC=C12;CC1=C(C)C2=CC=C(O[C@@H](C)C(=O)NCCC(=O)O)C=C2OC1=O;COC1=CC=C2C(C)=C(CC(=O)NCCCC(=O)O)C(=O)OC2=C1;CCOC(=O)CNC(=O)[C@H](C)OC1=CC=C2C(C)=CC(=O)OC2=C1;CCC1=CC(=O)OC2=CC(O[C@@H](C)C(=O)NCCC(=O)O)=CC=C12;CC[C@H](NC(=O)CC1=C(C)C2=CC=C(OC)C=C2OC1=O)C(=O)O;CC(=O)N[C@@H](CS[C@@H]1CC(=O)O[C@H]1CCCCCO)C(=O)O;CCCC1=CC(=O)OC2=CC(OCC(=O)NCCC(=O)O)=CC=C12;CCCC1=CC(=O)OC2=CC(OCC(=O)N[C@@H](C)C(=O)O)=CC=C12;CC1=C(CCC(=O)NCCCC(=O)O)C(=O)OC2=CC(O)=CC=C12;COC1=CC=C2C(C)=C(CCC(=O)N[C@@H](C)C(=O)O)C(=O)OC2=C1;COC1=CC=C2C(C)=C(CCC(=O)NCCC(=O)O)C(=O)OC2=C1;CC1=C(C)C2=CC=C(O[C@H](C)C(=O)N[C@@H](C)C(=O)O)C=C2OC1=O;CCC1=CC(=O)OC2=CC(O[C@@H](C)C(=O)N[C@@H](C)C(=O)O)=CC=C12;O=C(O)CCCCCNC(=O)COC1=CC=C2C=CC(=O)OC2=C1;CC1=C(CC(=O)N[C@H](C(=O)O)C(C)C)C(=O)OC2=CC(O)=CC=C12;CC[C@@H](C)[C@@H](CO)NC(=O)CC1=C(C)C2=CC=C(O)C=C2OC1=O
m_436c77,CCC1CN(C)CCCN1C(=O)C1CC(=O)N(C2CCCCCC2)C1;O=C(c1ccc(C(F)(F)F)cc1)N1CCC(Nc2cccnc2)CC1;Cc1ccc(C(=O)Nc2ccc(C(=O)c3ccc(Cl)cc3)cc2)cc1;CCCCCCCCCCC=CCNC(Cc1cncn1C)C(=O)O;O=C(Nc1cc(C(F)(F)F)ccc1N1CCCCC1)c1ccncc1;O=C(NC1CCN(CC(=O)N2CCCC2)CC1)c1cccc(Cl)c1;O=C(Nc1cccnc1N1CCC(O)CC1)c1ccc(Cl)cc1F;O=C(CCN1CCC(NC(=O)C2CC2)CC1)Nc1ccc(Cl)cc1;O=C(Nc1ccc(NC2CCCC2)cn1)c1ccc(C(F)(F)F)cc1;Cc1cc(Cl)ccc1NC(=O)c1ccc(C(=O)c2ccccc2)cc1;O=C(NC1CCN(c2ccc(C(F)(F)F)cn2)CC1)c1ccccc1;O=C(Nc1ccc(NCCCc2ccccc2)cn1)c1ccc(F)cc1;Cc1ccc(Cl)cc1NC(=O)c1ccc(C(=O)c2ccccc2)cc1;CC(C)CCCCCCOC1=CC=C(C(=O)NCCCC(=O)O)C=C1;COc1ccc(F)cc1C(=O)NC1CCN(c2ncccc2Cl)C1;CC(C)(C(=O)NCC(=O)Nc1cccnc1)c1ccc(Cl)cc1F;O=C(O)c1cccnc1CN1CCN(c2ccc(F)cc2Cl)CC1;O=C(c1cccnc1)N1CCN(S(=O)(=O)c2ccc(F)cc2)CC1;CCCCCCCCCCCOC(=O)C1=CC=C(O)C(NC(C)=O)=C1;O=C(NC1CCC(O)CC1)NC1CCN(Cc2ccccc2F)CC1;Cc1ccccc1C(=O)Nc1ccc(Cl)cc1C(=O)c1ccccc1;O=C1CCc2cc(C(=O)Nc3cccc(C(=O)NC4CC4)c3)ccc2N1;COc1nc(C(=O)Nc2ccccc2C(=O)N(C)C)cc2ccccc12;CC(C)(C)n1cc(C(=O)N(Cc2ccncc2)Cc2cccnc2)cn1;O=C(Nc1cc(Cl)ccc1O)N1CCN(c2ccccc2F)CC1
m_43e809,Cc1nc(S(=O)(=O)NC2CCCOC2c2cnn(C)c2)cn1C;N#Cc1ccc(OCC(=O)N2CCN(c3ccc(F)cc3)CC2)cc1;CCOc1ccc(NC(=O)c2cc(C)n(-c3ccc(F)cc3)n2)cc1;Cc1ccc(Cn2nccc2NC(=O)COc2ccc(F)cc2)cc1;N#Cc1ccc(N2C(=O)N(Cc3ccccc3)Cc3ccccc32)cc1;COc1ccc(NC(=O)COc2ccccc2)cc1-n1nnnc1C;CC(C)CSCC1OC(N2C=NC3=C(N)N=CN=C32)C(O)C1O;O=c1c2ccccc2nc(C=Cc2cccnc2)n1Cc1ccccc1;O=C([O-])c1ccc(N2CCN(C(=O)COc3ccccc3)CC2)cc1;CCOc1ccc(C(=O)Nc2cnn(Cc3ccc(F)cc3)c2)cc1;CCCCNc1nc2c(ncn2C2OC(CO)C(O)C2O)c(=O)[nH]1;COc1ccccc1C(=O)Nc1ccc(CN2CCN(C)CC2)cc1;COC1=CC=C2OC(=O)C(C(=O)NC3=CC=CC(C(=O)O)=C3)=CC2=C1;CC(=O)NC1C(Oc2ccc(C(C)=O)cc2)OC(CO)C(O)C1O;O=C(NC1CCN(c2ccccn2)CC1)c1cc2cc(F)ccc2o1;COc1ccc2cc(CNc3cc(C#N)c4ccccc4n3)ccc2c1;COc1ccc(-c2cc(Cn3cnc4ccccc43)ccc2C#N)cc1;N#Cc1cccc(OCC(=O)Nc2c(F)cccc2N2CCCC2)c1;CCN1C(=O)C(C(=O)NCCN(C)C)=C(O)C2=CC=CC=C21.Cl;COc1ccccc1OCC(=O)Nc1cccc(-n2nnnc2C)c1;N#Cc1nc(-c2cccc3ccccc23)oc1NCCc1ccccc1;Cn1nc(-c2ccccc2)cc1C(=O)NCCOc1ccc(F)cc1;CCc1cc(NC(=O)c2cccc(F)c2)nn1-c1ccc(OC)cc1;O=C(COc1ccccc1)N1CCN(C(=O)Nc2ccccc2)CC1;COc1cccc(C(=O)N(C)Cc2ccn(-c3ccccc3)n2)c1F
m_444a56,CCN(C)S(=O)(=O)NCC1(Cc2ccccc2)CCC1;CCc1ccc(NC(=O)C=Cc2ccc(OC)c(N)c2)cc1;Cc1cc(C=Cc2ccccc2)ccc1C=Cc1ccccc1;COc1ccc(C=CC(=O)Nc2cccc(C)c2C)cc1N;CCOc1ccc(C=CC(=O)Nc2ccc(C)cc2)cc1N;COc1ccc(C=CC(=O)Nc2ccc(C)cc2C)cc1N;COc1cc(CNCCc2c[nH]c3ccccc23)ccc1O;CNC(=O)C=Cc1ccc(OCc2ccccc2C)c(N)c1;CCCCCc1ccc(C=CC(=O)c2ccc(F)cc2)cc1;CC(C)Oc1ccccc1NC(=O)C=Cc1ccc(N)cc1;CCc1ccc(NC(=O)C=Cc2cccc(OC)c2)cc1N;Cc1ccc(C(C)(C)C)cc1C(=O)C=Cc1ccc(F)cc1;CC(C)Oc1cccc(C=CC(=O)NCc2cccnc2)c1;COc1ccc(N2CCN(c3ccc(C=O)cc3)CC2)cc1;COC1=CC=C(C=NCCNC(=O)C2=CC=C(C)C=C2)C=C1;CCCCC[C@H](O)C[C@@H](O)CCC1=CC=C(O)C(OC)=C1;COc1cccc(CNC(=O)NC=Cc2ccc(C)cc2)c1;COc1cccc(CNC(=O)NC=Cc2cccc(C)c2)c1;CCC(O)CC(CCc1ccc(O)c(OC)c1)OC(C)=O;CCOC(=O)CCC=Cc1ccnc(-c2cc(C)ccn2)c1;COc1ccc(CNN=CC=Cc2ccccc2)cc1OC;Cc1ccc(O)c(C(=O)N2CCN(c3ccccc3)CC2)c1;Cc1ccc(C(=O)NCC(=O)N(C)Cc2ccccc2)cc1;COc1ccc(C)cc1CN(C)C(=O)C=Cc1cccnc1;CN(Cc1ccc2ccccc2c1)C(=O)CNC(=O)C1CC1
m_44cb82,O=C(NC(Cc1ccccc1)C1CC1)N1CCN(C(=O)C2CC2)CC1;CC(C)c1ccc(OCC(=O)N2CCC(c3cnn(C)c3)CC2)cc1;COc1ccccc1-c1nn(C)cc1C(=O)N(C)C1CCC(C)(C)C1;CC(C)(C)n1cc(C(=O)N2CCC(COc3ccccc3)CC2)cn1;CCOc1ccccc1C1CCN(C(=O)c2c(C)nn(C)c2C)CC1;CC(C)(C)c1nc2ccccc2n1C1CN(C(=O)C2CCCCO2)C1;COc1ccc(CN2CCN(CCc3ccncc3)CC2)cc1OC;CCn1cc(-c2ccc(OC)cc2)cc1C(=O)N1CCCN(C)CC1;CCOC1=CC(CN2CCN(CC3=CC=CC=N3)CC2)=CC=C1OC;COc1ccc(CCCC(=O)N2CCCC(n3ccnc3C)C2)cc1;Cc1noc(C)c1CN1CCN(C(=O)CCCc2ccccc2)CC1;COc1ccc(CCCC(=O)N2CCCC2Cn2cc(C)cn2)cc1;CCOc1cc2nccc(N3CC4CN(C)CC4C3)c2cc1OCC;COc1ccc(CC2CCCN2C(=O)c2cnn(C(C)(C)C)c2)cc1;CC1CN(C2CCN(C(=O)Cn3ccc4ccccc43)CC2)CCO1;CCn1ccnc1C1CCCCN1C(=O)CCc1ccc(OC)cc1;COC1CCN(C(=O)c2c(C)nn(Cc3ccc(C)cc3)c2C)CC1;COc1ccccc1CC1CCCN1C(=O)c1cnn(C(C)(C)C)c1;O=C(CCCOc1ccccc1)N1CCC(CCn2cccn2)CC1;CCC(O)CN1CCC(c2nccc(-c3ccc(OC)cc3)n2)CC1;CC(O)CN1CCN(C(=O)c2cccn2CCc2ccccc2)CC1;Cc1nc2ccccc2n1C1CCN(C(=O)CC(C)(O)C2CC2)CC1;Cc1nn(C)c(C)c1C(=O)N1CCC(OCCc2ccccc2)CC1;Cc1cccc(-n2nc(C(C)(C)C)cc2NC(=O)C2CCOCC2)c1;CN(C(=O)Cc1nn(C)c(=O)c2ccccc12)C1CCCCCCC1
m_451ad6,CCCCC(CC)C(=O)N(C)Cc1nnc2n1CCNC2=O;CCCCCCC(=O)NC(C[NH3+])C(=O)OCc1ccccc1;CCCCCCCC=CC(=O)NC(Cc1c[nH]cn1)C(=O)O;CCCCCCC=CNOCC(O)C(O)C(O)C(O)CO;COc1ccc(CCNC(=O)CCCCCNC(N)=O)cc1;CCCCOc1ccc(OCC(=O)N2CC[NH+](C)CC2)cc1;CCCCCC=Cc1ccccc1C(=O)NCc1ccccc1;CCCCCCNC(=O)C=C(c1ccccc1)c1ccccc1;CCCCCCCSCC(=O)Nc1ccc(C(C)C)cc1;CCCCCCC(O)(C(=O)NCC)C(O)C(O)C(O)CO;CCCCC(=O)Nc1ccc2c(c1)C(=O)c1ccccc1C2=O;CCCCCCNC(=O)N1CCN(c2ccccc2F)CC1;CCCCCC(=O)N(C(=O)CCCCC)c1ccccc1F;CCC(C)NC(=O)CCNC(=O)NCc1ccccc1OC;CCCCCCCCC(O)(C(N)=O)C(O)C(O)C(O)CO;COc1ccc(C(=O)CCC(=O)NCCCCCC[NH3+])cc1;CCCC(=O)NCC(c1cccc(OC)c1)[NH+]1CCOCC1;CCCCOc1ccc(C(=O)NC2CC[NH2+]CC2)cc1OC;CC[NH2+]C(C)CNC(=O)CCCOc1ccc(C(C)=O)cc1;CCCCOC(=O)c1ccc(NC(=O)CC[NH2+]CCC)cc1;CCCCC(C[NH3+])NC(=O)Cc1cc(C(C)=O)ccc1OC;CCC(C)NC(=O)CN1CCN(c2cncc(OC)n2)CC1;CCCCCOc1cc(C(=O)N2CC[NH2+]CC2)ccc1OC;C[NH+](C)CCCNC(=O)CCCc1ccc2c(c1)OCCO2;O=C(CCCc1ccccc1)NCC(O)C[NH+]1CCOCC1
m_45d613,CCNC(=O)C1CCCN(c2ccc(C#N)cc2C(F)(F)F)C1;OCC1NC(CO)C(OC2OC(CO)C(O)C(O)C2O)C1O;OC[C@H]1NC[C@H](O)[C@@H](O[C@@H]2O[C@H](CO)[C@@H](O)[C@H](O)[C@H]2O)[C@@H]1O;OC[C@H]1O[C@@H](OC[C@H]2NC[C@H](O)[C@@H](O)[C@@H]2O)[C@H](O)[C@@H](O)[C@@H]1O;OC[C@H]1NC[C@@H](O[C@@H]2O[C@H](CO)[C@@H](O)[C@H](O)[C@H]2O)[C@@H](O)[C@@H]1O;OC[C@H]1NC[C@H](O)[C@@H](O)[C@@H]1O[C@@H]1O[C@H](CO)[C@@H](O)[C@H](O)[C@H]1O;CC(=O)N[C@H]1[C@H](OC2=CC=C(C=O)C=C2)O[C@H](CO)[C@@H](O)[C@@H]1O;COC(=O)NCCOCCOC1OC(CO)C(O)C(O)C1O;O=C(CCS)NCCCOC1OC(CO)C(O)C(O)C1O;COC1=CC=C(CC#N)C=C1O[C@@H]1O[C@H](CO)[C@@H](O)[C@H](O)[C@H]1O;CC1=CC=C(COC2OC(CO)C(O)C(O)C2O)C(C#N)=C1O;COC1=CC(CC#N)=CC=C1O[C@@H]1O[C@H](CO)[C@@H](O)[C@H](O)[C@H]1O;CCCNc1nc2c(ncn2C2OC(CO)C(O)C2O)c(=O)[nH]1;CC(=O)Nc1ccc(C(=O)OC2OC(C)C(O)C(O)C2O)cc1;CN(C)c1ncnc2c1ncn2C1OC(CO)C(O)C(O)C1O;CC(C)n1c(N)nc2c(ncn2C2OC(CO)C(O)C2O)c1=O;CC(C)Oc1nc(N)nc2c1ncn2C1OC(CO)C(O)C1O;CCOc1nc(N)nc2c1ncn2C1OC(CO)C(CO)C1O;OC[C@H]1N[C@H]([C@H](O)CO[C@H]2OC[C@H](O)[C@H](O)[C@@H]2O)[C@@H](O)[C@@H]1O;CC(=O)N[C@H]1[C@@H](O)[C@@H](OCC2=CC=CC=C2)[C@H](C(=O)O)O[C@H]1O;CCCNc1[nH]c(=O)nc2c1ncn2C1OC(CO)C(O)C1O;CCC(=O)NC(C(=O)C(O)C(O)CO)C(O)C(O)C(O)CO;Cc1nccn1-c1cccc(-c2cccc(OCC(O)CO)c2)n1;OC[C@H]1N[C@H]([C@H](O)CO[C@H]2OC[C@@](O)(CO)[C@@H]2O)[C@@H](O)[C@@H]1O;OCC1OC(OC2(CO)C=Nc3ccccc32)C(O)C(O)C1O
m_466863,CCOc1ccc(S(=O)(=O)NC2CCOc3ccc(F)cc32)cn1;COC1=CC(/C=C/C(=O)O)=CC2=C1OC(C1=CC=CC=C1)=C2CC(=O)O;COC1=CC=C(C2=C(CC(=O)O)C3=CC(/C=C/C(=O)O)=CC=C3O2)C=C1;COC1=CC(/C=C/C(=O)C2=CC3=CC=CC=C3OC2=O)=CC(OC)=C1O;COc1cc(C=CC(=O)c2ccc(C(F)(F)F)cc2)cc(OC)c1O;COC1=CC=C(/C=C/C(=O)C2=C(O)C3=CC=CC=C3OC2=O)C(OC)=C1;CCOc1cc(C=CC(=O)c2ccc(OC(F)(F)F)cc2)ccc1O;COc1cc2c3cc(O)c(O)cc3c3cc(O)c(O)cc3c2cc1OC;COC1=CC(C2=C3CC(=O)OC3=CC3=CC(OC)=C(O)C=C23)=CC=C1O;COC1=CC=C(C2CC(=O)OC3=C2C(=O)OC2=CC=CC=C32)C=C1OC;COC1=CC(/C=C(\C#N)C2=NC3=CC=CC=C3S2)=CC(OC)=C1OC;CCCc1ccc(C(=O)C=Cc2ccc(OC(F)F)c(OC)c2)s1;COc1ccccc1NC(=O)c1ccccc1NC(=O)c1cccs1;COc1ccccc1C(=O)Oc1ccc2c(C)cc(=O)oc2c1C(C)=O;COC1=CC=C(C(=O)OC2=CC=C3C(C)=CC(=O)OC3=C2C(C)=O)C=C1;COC1=CC=CC(C(=O)OC2=CC=C3C(C)=CC(=O)OC3=C2C(C)=O)=C1;COc1ccccc1Nc1ccc(NC(=O)c2ccccc2Cl)cc1;COc1ccc(C)cc1C=CC(=O)Oc1ccc(Cl)c2ccccc12;COC1=CC=CC=C1C1CC(=O)OC2=CC(O)=C3C(C)=CC(=O)OC3=C21;CCOC(=O)Cc1cccc(Oc2ccc(C(F)(F)F)cc2C=O)c1;COc1cc(C=CC(=O)Oc2c(C(=O)[O-])[nH]c3ccccc23)ccc1O;COc1ccc(NC(=O)c2ccccc2NC(=O)c2cccs2)cc1;COC1=CC=C(C2CC(=O)OC3=C(O)C=C4C(C)=CC(=O)OC4=C32)C=C1;COc1ccc(C2CC(=O)Oc3c2c(=O)oc2ccccc32)c(OC)c1;COc1cc(C)nc2ccc(NC(=O)C=Cc3ccccc3Cl)cc12
m_4690d3,Cc1ncc(C(=O)N(C)C(C)c2ccccc2)c(C(C)C)n1;O=C(O)CC(NCC(O)C(O)C(O)C(O)CO)C(=O)O;O=C(O)CC(NC(CO)C(O)C(O)C(O)CO)C(=O)O;COCCOCC(O)C[NH2+]CC(=O)NCc1ccccc1;CCCCCCCCNc1ccc(OCCC)c(Cl)c1;CC(O)C(NCC(O)C(O)C(O)C(O)C(=O)O)C(=O)O;CCCCCCCCCCCCOc1cccnc1Cl;COCCNC(=O)C[NH2+]CC(O)COCc1ccccc1;COCCNC(=O)C[NH2+]CC(O)COc1ccc(C)cc1;CCCCCNC(=O)c1ccc(NCc2ccccc2)cn1;COC(=O)C(CO)NC(=O)CCCSc1ccccc1;Cc1cc(C)cc(OCC(O)C[NH2+]CCOCC(N)=O)c1;COc1ccc(OCC(O)C[NH2+]CC(C)(C)C(N)=O)cc1;CNC(=O)C(C)(C)[NH2+]CC(O)COc1ccccc1OC;CCCCCCCCC(NC(=O)C1CCC(=O)N1)C(=O)[O-];CCN(C)C(=O)C[NH2+]CC(O)COc1cccc(OC)c1;COc1ccccc1OCC(O)C[NH2+]C(C(N)=O)C(C)C;CCCCCCNC(=O)c1ccccc1Nc1ccncc1;COCCOCC(O)CNc1c(F)c(F)cc(F)c1F;O=C(NCC(O)CO)c1ccc2c(c1)C(=O)c1ccccc1-2;CSCCC(NC(Cc1ccccc1)C(=O)O)C(=O)O;CC(COC(=O)c1ccc(C(=O)[O-])cc1)OCC(O)CO;O=C1c2ccccc2C(=O)N1CC(O)COc1ccccc1;CCN(CC)C(CNC(=O)c1ccccn1)c1ccccc1;CCOc1ccccc1CNC1CCN(c2ccccn2)C1
m_471696,Cc1cnc(C(C)NC(=O)N2CCCCC2c2nnc3n2CCCC3)s1;CCCCCCCOC(=O)c1ccc(OCCOc2ccc(F)cc2)cc1;O=C(OCCCCCCOc1ccc(-c2ccccc2)cc1)c1ccccc1;CCCCCCOc1cccc(OC(=O)c2ccc(-c3ccccc3)cc2)c1;CC(=O)c1ccc(-c2ccc(OCCCCCOc3ccccc3)cc2)cc1;CCC(C)COc1ccc(-c2ccc(C(=O)OCc3ccccc3)cc2)cc1;CCCCCc1ccc(OC(=O)c2ccc(-c3ccc(OC)cc3)cc2)cc1;O=C(CCc1ccc(OCCc2ccccc2)cc1)OCCc1ccccc1;CCc1ccc(OCCNC(=O)Nc2cc(OC)c(OC)c(OC)c2)cc1;COc1ccc(OC)c(C(=O)NCCCCNC(=O)c2cc(C)n(C)n2)c1;CCCOC(=O)C(C)OC(=O)CCCCC(=O)OC(C)C(=O)OCCC;CC=C(O)C(=O)OCCCOCCCCOCCCOC(=O)C(O)=CC;COc1cccc(CCNC(=O)CNc2cc(OC)c(OC)c(OC)c2)c1;CCOC(=O)C(C)OC(=O)CCCCCCC(=O)OC(C)C(=O)OCC;NCCCCC(NC(=O)C(CC(N)=O)NC(=O)C(N)CC(N)=O)C(=O)O;CCCCCNc1ccc(C(=O)Nc2cc(OC)c(OC)c(OC)c2)nn1;CCCCCCOc1ccc(C(=O)NNC(=O)c2ccoc2C)cc1OC;CCCCCCC1=C(C)C2=CC3=C(OC=C3C3=CC=CC=C3)C(C)=C2OC1=O;CCCCCC1=CC=C(C2=COC3=C(C)C4=C(C=C23)C(C)=C(C)C(=O)O4)C=C1;CC(C)=CCCC(C)CNC(CCC(=O)NC(CS)C(=O)O)C(=O)O;CCCCOc1cccc(COc2ccc(CCC(=O)OCC)cc2F)c1;CCOCCOc1cccc(NC(=O)CNc2cc(OC)ccc2OC)c1;CCCCCCCCCCCCOC(=O)[C@H]1OC(=O)[C@H](O)[C@H]1C(=O)OO;CCCCOCCCNC(=O)[C@@H]1CCC(=O)N1[C@@H]1OC(=O)C2=CC=CC=C21;CCCCCCC1=C(C)C2=CC3=C(C=C2OC1=O)OC(C)=C3C1=CC=CC=C1
m_47617a,CCC(C)C(=O)N1CCC(C2CCCN(c3nc(C)cc(C#N)n3)CC2)CC1;CC(C)n1nc(-c2ccccc2)cc1NC(=O)NC1CCN(C(C)(C)C)CC1;C[NH+]=C(NCc1nc(C(C)C)cs1)NCC(CC(C)C)[NH+]1CCOCC1;CCCCCCC(=O)CCCCCC/C=C/CC1OC(=O)C(N)(CO)C1O;CCCCOCC1OC(c2c[nH+]c(C(N)=[NH+]C(N)=[NH2+])[nH]2)CC1OCCCC;CCn1nc(C)c(CNCc2cccc(CN3CCCC(C(N)=O)C3)c2)c1C;CCCCCCC=CCCCCCCCCC(=O)NC(CC(=O)O)C(=O)O;CC(=O)N[C@H]1[C@@H](O[C@H]([C@H](N)[C@H](O)CO)[C@H](O)CN)O[C@H](CO)[C@@H](O)[C@@H]1O;CCCN(Cc1cn(C(C)(C)C)nn1)C1CCN(C(=O)c2ccccc2)CC1;CCCCCCCCc1ccc(-c2noc(CC3CCCN3C(=N)N)n2)cc1;CC(C)n1nc(-c2ccccc2)cc1NC(=O)NC1CCC(CN(C)C)CC1;CC1=NN(C)C2=NC(C(C)C)=CC(C(=O)NC[C@@H]3CCCN4CCCC[C@H]34)=C12;CCCCCCC[NH2+]CC(=O)Nc1cccc(OCCCc2ccccc2)c1;CCCCOc1ccc(N(C)C2(O)CC[NH+](Cc3ccccc3)C(C)C2)cc1;CCCC[NH+](CCCC)CC(=O)Nc1ccc(OCc2ccccc2)cc1C;CC(=O)N[C@H]1[C@H](O)[C@H](O)[C@@H](O[C@H]([C@H](N)[C@H](O)CO)[C@H](O)CN)O[C@H]1CO;COC(=O)C1CC2(CCc3c(c(C4CCC4)nc4ccc(OC)cc34)O2)C[NH2+]1;CC1(C)CC(c2cn(C3CC(O)C(CO)O3)c(=O)[nH]c2=O)CC(C)(C)N1O;Cc1cc(C=NC(C)(C)C[NH2+]C(C)c2ccccc2O)c(O)c(C(C)(C)C)c1;Cc1cc(N)c2c(OCC(C)(C)C(=O)CC3CCCCCCC3)cccc2[nH+]1;CC1=C2[C@@H]3OC(=O)C(CN4C=NC5=C(N)N=CN=C54)[C@]3(O)CC[C@@]2(C)CCC1;CCN1CCC(CCNC(=O)Nc2nn(C(C)c3ccccc3)cc2C)CC1;CCOC1=C(C2=NC3=CC(NC(=O)C(C)C)=CC=C3N2C)N(C)C=C1C(N)=O;COC1=C(C2=NC3=CC(NC(=O)CC(C)C)=CC=C3N2C)N(C)C=C1C(N)=O;CC1(C)CCC(C)(C)c2cc(-c3ccc(-c4ccc([O-])c(=O)cc4)cc3)ccc21
m_478c2e,COc1ccnc(N2CCN(C(=O)CNCC(F)(F)F)CC2)c1;C[NH+](C)CCOOC1C(O)C(CO)OC1n1ccc(=O)[nH]c1=O;NC(=O)NCCC[C@@H](NC(=O)CN1C=CC2=CC=CC=C21)C(=O)O;CC(=O)Nc1cccc(OCCNC(=O)NCc2cc(C)on2)c1;COc1cc(CNC(=O)Cn2cc(C)cn2)ccc1OCC(N)=O;COc1ccc(NC(=O)NCCn2cnc(C)cc2=O)cc1OC;Cc1c[nH]c(=O)c(CNC(=O)NC2CCN(CC(F)(F)F)C2)c1;CC(=O)N1CCOCC1C(=O)NCCn1c(=O)[nH]c2ccccc21;CCCn1c(=O)[nH]c(=O)c2cc(C(=O)N3CCOC(C)C3)cnc21;CCNC(=O)C(C)NC(=O)CCn1c(=O)[nH]c(=O)c2ccccc21;CN1CCCN(C(=O)Nc2ccnc(OCC(F)(F)F)c2)CC1;CC(C)CC(=O)NNC(=O)CCn1c(=O)[nH]c(=O)c2ccccc21;COCC([NH3+])CC1(n2ccc(=O)[nH]c2=O)OC(CO)C(O)C1O;COc1cccc(-n2cc(NC(=O)COCC3CCCO3)nn2)c1;COc1cc(NC(=O)CCNc2ncccn2)cc(OC)c1OC;CCOc1nccc(C)c1C(=O)N1CCCC2(C1)NC(=O)NC2=O;O=C(c1nc[nH]c1C(F)(F)F)N1CCN(C2CCOCC2)CC1;Cc1cc(C(F)(F)F)nc(NCC23COCCN2CCOC3)n1;CCn1cc(NC(=O)N2CCC(c3ccc(Cl)cc3)CC2)cn1;Cn1nccc1C(=O)NC1CCN(Cc2ccc(Cl)cc2)CC1;CCC1CN(C(=O)c2cnc3c(c2)c(=O)[nH]c(=O)n3CC)CCO1;CCn1c(=O)[nH]c(=O)c2c(C(=O)NCCCO)cc(C3CC3)nc21;CCCC(C(=O)O)n1ccc(NC(=O)c2noc3c2CCCC3)n1;COc1cccc(NC(=O)NCCn2cnc(C)cc2=O)c1OC;CC[C@H]1OC(=O)C(C)=C(O[C@@H]2O[C@H](CO)[C@@H](O)[C@H](O)[C@H]2O)[C@@H]1C
m_47ae67,CCC(CC)n1nc(C(=O)N2CCC(c3ncc(C)s3)CC2)cc1C;Cc1nc(NC2CCCCC2)c2ncn(C3[CH]C(O)C(O)C3CO)c2n1;CSP(=O)([O-])OCC1CC(O)C(n2cnc3c(N)ncnc32)O1;CC(C)(C)OC(=O)N1C(CO)C2CCC2C1n1cnc2c(N)ncnc21;CCc1cn(C2CC(O)C(C[NH2+]C(C)c3ccccc3)O2)c(=O)[nH]c1=O;Cc1cn(C2CC([Si](C)(C)C(C)(C)C)C(C=O)O2)c2ncnc(N)c12;CCN(c1ncnc2c1ncn2C1CC(CO)(CO)C1)C1CCNC1=O;c1ccc(Oc2ccccc2Nc2ccnc(NC3CCCCC3)n2)cc1;Nc1ncnc2c1nc(N)n2C1OC(COP(=O)([O-])[O-])C(O)C1O;O=C(c1cnc2c(cnn2Cc2ccccc2)c1)N1CCCC1C1CCC1;Cc1cn(C2C(O)CC(C[NH2+]C(C)c3ccccc3)C2O)c(=O)[nH]c1=O;O=C(NCC1CCC(CO)O1)N1CCCC2OC(c3ccccc3)CC21;COC1=C(O)C2=C(CC[C@H]3C(C)(C)CCC[C@]23C)C2=C1[C@@H](CO)OC2=O;CCN(C(=O)c1ccnc(NCCc2ccccc2)n1)c1cccc(C)c1;O=C(CN1C(=O)C2C3CCC(O3)C2C1=O)NC1CCCCC12CCCC2;CCN(C(=O)c1ccnc(NCc2ccccc2C)n1)c1cccc(C)c1;CCOc1ccc(C(=O)N2CCC(NC(=O)C3COC(C)C3)CC2)cc1;Cc1ccc(CNc2nccc(N3CCN(c4ccccn4)CC3)n2)cc1;CC(=O)N1CCC(CNc2nccc(-c3ccc4ccccc4c3)n2)CC1;COc1ccc(C(=O)NCC(=O)N2CCCC2C2CCCC2)cc1OC;CCc1ccc(NC(=O)c2ccnc(NCCCc3ccccc3)n2)cc1;O=C(OCC1OCC(n2cnc3ncnc(Cl)c32)O1)c1ccccc1;COc1ccccc1CCNc1nccc(N2CCc3ccccc3C2)n1;O=C(NC1CCCCC1)N[C@H]1CO[C@H]2[C@@H]1OC[C@H]2OCC1=CC=CC=C1;Cc1cccc(CNc2nccc(N3CCN(c4ccccn4)CC3)n2)c1
m_47e099,CN1CCN(C)CCN(Cc2nnnn2-c2ccc(Cl)cc2C(F)(F)F)CC1;CCn1cc(C(=O)NC(CCCNC(=N)N)C(=O)O)c(=O)c2cc3c(cc21)OCO3;OC[C@H]1O[C@@H](O[C@H]2[C@H](O)[C@@H](O)[C@H](NC3=CC=CC=C3)O[C@@H]2CO)[C@H](O)[C@@H](O)[C@H]1O;O=C(NC1=CC=C([C@H]2OCC(=O)N(CC3=CC=CC=C3)[C@@H]2CO)C=C1)C1=CC=CC=N1;Cc1ccccc1NC(=O)CNc1ccccc1C(=O)NCc1ccc2c(c1)OCO2;Cc1ccc(NC(=O)N(CCNC(=O)c2ccc3c(c2)OCO3)c2ccccc2)cc1;COc1cccc(NC(=O)Nc2ccc3c(c2)CN(Cc2ccccc2)C(=O)CO3)c1;C[NH+]=C(NCCC(=O)Nc1ccc(C)cc1Cl)NCCc1ccc2c(c1)OCO2;C[NH+]=C(NCCC(=O)Nc1cccc(Cl)c1C)NCCc1ccc2c(c1)OCO2;O=C(NC1=CC=C([C@H]2OCC(=O)N(CC3=CC=NC=C3)[C@@H]2CO)C=C1)C1=CC=CC=C1;O=C(NC1=CC=C([C@H]2OCC(=O)N(CC3=CC=CN=C3)[C@@H]2CO)C=C1)C1=CC=CC=C1;O=C(NC[C@H]1O[C@@H](CO)[C@@H](O)[C@H]1N1CCN(C2=CC=CC=C2)CC1)C1=CC=CS1;CCCCN1C(=O)C2Cc3c([nH]c4ccccc34)C(c3ccc4c(c3)OCO4)N2C1=O;COc1ccccc1CCOc1nc(N)c2ncn(C3OC(CO)C(O)C3O)c2n1;COc1ccc(NC(=O)c2ccc(NC(=O)N3Cc4ccccc4C3)cc2)c(OC)c1;O=C(c1cc2ccccc2[nH]1)N1CCN(C(=O)C2CC2c2ccc3c(c2)OCO3)CC1;COc1cc(NC(=O)c2ccc(NC(=O)N3Cc4ccccc4C3)cc2)cc(OC)c1;COc1ccc(-c2nc3c(C)cccn3c2NCc2ccc3c(c2)OCO3)cc1OC;O=C(CCCOc1ccc(Cl)cc1)N1CC[NH+](Cc2ccc3c(c2)OCO3)CC1;O=C1N(c2ccc3c(c2)OCO3)C2(O)CCCCC23c2[nH]c4ccccc4c2CCN13;O=C(C[NH+]1CCN(Cc2ccc3c(c2)OCO3)CC1)NC(=O)NCc1cccs1;C[C@H]1O[C@@H](O[C@@H]2C=C[C@](C#N)(O[C@H]3O[C@@H](CO)[C@H](O)[C@@H](O)[C@@H]3O)C2)C[C@@H](O)[C@@H]1O;COc1ccc(OC)c(CNc2ncnc3c2ncn3C2OC(CO)C(O)C2O)c1;Cc1cc(OCC(=O)N2CC[NH+](Cc3ccc4c(c3)OCO4)CC2)cc(C)c1Cl;O=C(NCCCCCO)c1cc2c3ccccc3nc-2c(-c2ccc3c(c2)OCO3)[nH]1
m_48bfe1,COc1cc(C)c(S(=O)(=O)N2CCc3cnccc32)cc1OC;C=CCCCCc1cc2cn(C3CC(O)C(CO)O3)c(=O)nc2o1;CCCCSCC1OC(n2cc(F)c(=O)[nH]c2=O)C(O)C1O;[NH3+]CCC(=O)OCC1OC(n2cc(F)c(=O)[nH]c2=O)C(O)C1O;Nc1ncnc2c1c1cnc(=O)[nH]c1n2C1OC(CO)C(O)C1O;N[C@@H](CC1=CN([C@@H]2O[C@H](CO)[C@@H](O)[C@H](O)[C@H]2O)OC1=O)C(=O)O;CN1C(=O)C2=C(N=CN2CCCC(=N)N2CCOCC2)N(C)C1=O;O=c1nc2n(cc1F)C1C(COCc3ccccc3)OC(O)C1O2;CCn1c(=O)[nH]c2cc(-c3nc(-c4ccccc4)no3)ccc2c1=O;CCc1c(C(=O)NN2C(=O)C3C4CCC(O4)C3C2=O)csc1C;COC1=CC=C2C(=C1OC)C(=O)N1[C@@H]2SC[C@H]1C(=O)NC1CC1;O=C(O)C1CN(C(=O)Cc2coc(-c3ccc(F)cc3)n2)CCO1;O=C(O)C1COCCN1C(=O)Cc1coc(-c2ccc(F)cc2)n1;CCc1ccc(C(=O)O)cc1S(=O)(=O)NCc1ccc(C)cn1;O=C1CC(c2nn(C3CCCCO3)c3c(=O)nc[nH]c23)OC1CO;COC(=O)COc1cn(C(O)OC(CO)C(C)O)c(=O)[nH]c1=O;CCN(CC)C[C@@H]1OC[C@@H](NS(=O)(=O)C2=CSC=C2)[C@H]1O;O=C(NCc1ccc(C(F)(F)F)cc1)Nc1cccc2[nH]cnc12;Cc1ccc2c(=O)c(C(=O)[O-])cn(C3OC(CO)C(O)C3O)c2c1;C=CCNC(=O)[C@@H]1CSC2C3=CC=C(OC)C(OC)=C3C(=O)N21;COc1cc(F)ccc1N1CCN(C(=O)C2CC3CCC2O3)CC1;CCN(CC)C[C@@H]1OC[C@H](NS(=O)(=O)C2=CC=CS2)[C@H]1O;CCOc1ccc(-c2nn3c(=O)[nH]c4ccccc4c3nc2=O)cc1;CC(C)[C@@H](NC(=O)[C@@H]1CS[C@H]2C3=CC=CC=C3C(=O)N12)C(=O)O;CCNC(=O)COc1cccc(NS(=O)(=O)c2ccccc2)c1
m_4b55af,Cc1cc(C)c(C(=O)N2CC(O)CC2c2cccc(F)c2)[nH]1;CCOc1ccc(C(Cl)c2ccc(C(C)(C)C)cc2)cc1;CC1(C)CC2=C(C=CCC2c2ccc(Cl)cc2)OC1(C)C;CN(C(=O)c1cc2cc(F)ccc2nc1O)C1(C)CCCC1;CCOc1ccccc1C(Cl)c1ccc(C(C)(C)C)cc1;CC(C)(C)c1ccc(CC(CO)c2cccc(Cl)c2)cc1;CCCCc1ccc(C(Cl)c2ccc(OCC)cc2)cc1;COc1cccc(CC(Cl)c2ccc(C(C)(C)C)cc2)c1;CCOc1ccc(CNC(=O)NCc2ccc(F)cc2)cc1;COc1ccccc1CNC(=O)NCCc1ccc(F)cc1;Cc1ccc(NC(=O)OCCCc2ccccc2F)c(N)c1;CCCCCOc1ccc(-c2ccc(CC)cc2)cc1Cl;COC(C)CS(=O)(=O)N1CCCC(c2nncn2C)C1;CCCCCCCCNS(=O)(=O)c1ccc(F)cc1N;CCc1ccc(C(C)NC(=O)Cn2cc(F)ccc2=O)cc1;COc1ccc(CCC(Cl)c2ccc(C(C)C)cc2)cc1;CCN(CC)C(C)CNS(=O)(=O)Cc1ccc(F)cc1;CCOC(=O)C1CCN(C(=O)n2nnc3ccccc32)CC1;COc1ccc(CN(C)C(=O)NCc2ccccc2F)cc1;CC(NCc1ccc(OCc2ccccc2F)cc1)C(N)=O;CCCCc1ccc(Cl)c(Cc2ccc(OCC)cc2)c1;CCC(O)CCNC(=O)Nc1ccccc1OCC(F)F;CC12CC3CC(C1)CC(C(=O)Cc1ccc(Cl)cc1)(C3)C2;Cc1cccn(CC(=O)N(c2ccc(F)cc2)C(C)C)c1=O;CC[NH2+]C(Cc1ccc(Cl)cc1)C1CCC(F)(F)CC1
m_4b86b5,CC(C1CC1)N(C)C(=O)Cc1cc(Cl)c2c(c1)OCCCO2;CCCCCCCCNC(=O)c1c(F)c(F)c(F)c(F)c1F;O=C(O)CCC(=O)OCCC(NCCc1ccccc1)C(=O)O;NC1=CC=C(C(=O)N[C@@H](CC2=CNC3=CC=CC=C23)C(=O)O)C=C1;COC(=O)C(Cc1ccccc1Cl)NC(=O)C1CCCCC1;COC(=O)c1ccc(OC(=O)CCCCCCC(=O)NO)cc1;CC(C)(Cc1cccc(Cl)c1)C(=O)N1CCC(C(=O)O)CC1;CC(Cc1ccccc1Cl)C(=O)NC1CCC(C(=O)O)CC1;CCCCCCCCCC(=O)n1c(=O)oc2ccc(Cl)cc21;O=C(NCCC1=CNC2=CC=CC=C12)C(=O)NC1=CC=C(O)C=C1;Cc1ccc2[nH]nc(C(=O)NC(Cc3ccccc3)C(=O)O)c2c1;CCOC(=O)C1CCCN(C(=O)CCc2ccc(Cl)cc2)C1;O=C(NCCC1=CNC2=CC=CC=C12)C(=O)NC1=CC=CC=C1O;CC(C)C(C(=O)N1CCC(C(=O)O)CC1)c1cccc(Cl)c1;CCCCNC(=O)C(=Cc1ccc(Cl)cc1)OC(=O)CCC;O=C(Cc1cn2ccccc2n1)NC(Cc1ccccc1)C(=O)O;CCOC(=O)c1ccc(Cl)c(NC(=O)CCC2CCCC2)c1;N#CNC(=O)C(Cc1ccccc1)NC(=O)OCc1ccccc1;CCOC(=O)N1CCN(C(=S)Nc2cc(C)ccc2O)CC1;OCC1OC(OCCC2=CNC3=CC=CC=C23)C(O)C(O)C1O;O=C(COc1ccc(Cl)cc1)N1CCC(C2CCOC2)CC1;O=C(NCCC1=CNC2=CC=CC=C12)C(=O)NC1=CC=CC(O)=C1;CCCC(=O)C1=C(C)C=C(C(=O)N[C@@H](CO)C(=O)O)C=C1OC;CCC1=CNC2=CC=CC(O[C@@H]3O[C@H](CO)[C@@H](O)[C@H](O)[C@H]3O)=C12;O=C(COC(=O)c1ccc(Cl)cc1)NC1CCCCCCC1
m_4bb17c,OC1(Cc2nc(C3CC3)no2)CCCN(CCn2cncn2)C1;CCCCCCCC(=O)CC(=O)/C=C/C1=CC=C(O)C(OC)=C1;CCCCCCC/C(O)=C/C(=O)/C=C\C1=CC=C(O)C(OC)=C1;COC1=CC2=C(C=C1O)CC[C@H]1[C@@H]2CC[C@@]2(C)[C@@H]1C[C@@H](O)[C@@H]2O;OCC1=CC(O)=C(O[C@@H]2O[C@H](CO)[C@@H](O)[C@H](O)[C@H]2O)C(O)=C1;CC[C@H]1C=C(C(=O)CCC2=CC=C(O)C(OC)=C2)CC[C@H]1CO;CC12CCC3C(C(O)CC4=CC(=O)CCC43C)C1CCC(=O)O2;COC1=CC(=O)OC(CO[C@H]2O[C@H](CO)[C@H](O)[C@@H](O)[C@H]2O)=C1;CC.C[C@@H]1[C@@H]2CC[C@H]1[C@H](OC(=O)/C=C/C1=CC=C(O)C(O)=C1)C2;C[C@@]12C(=O)CC[C@H]1[C@@H]1[C@H](O)CC3=CC(=O)CC[C@]3(C)[C@H]1C[C@H]2O;COc1cc(O)cc(O)c1OC1OC(CO)C(O)C(O)C1O;CC(C)=CCC1=CC(/C=C/C(=O)O)=CC(CCC(C)(C)O)=C1O;CC12CCC(=O)C=C1CC(O)C1C2CCC2(C)C(=O)CC(O)C12;COc1c(O)ccc2c1CCC1C2CCC2(C)C(O)C(O)CC12;CCCCC(=O)Oc1cc(C=CC(=O)C(C)(C)C)ccc1OC;C[C@]12C[C@@H](O)[C@H](O)C[C@@H]1CC[C@@H]1C2=CC(=O)[C@@]2(C)CC(=O)C[C@H]12;COc1cc(C2OCC3(CO)C(C)C=C(C)C2C3C)ccc1O;COC1=CC(O)=C2C(=O)[C@@H](O)[C@@H](C3=CC=C(O)C(O)=C3)OC2=C1;COc1c(O)c(C)c(C=CC(C)=CCC=C(C)C)c(O)c1OC;COc1cc(O)cc2c1C1CCC3(C)C(O)C(O)CC3C1CC2;COC1=CC=C(C(=O)OC/C=C(\C)CCC=C(C)C)C=C1OC;O=C(COCC(O)C(O)C(O)CO)Oc1ccc(O)c(O)c1;COC(=O)C1=CC=C(OC/C=C(\C)CCC=C(C)C)C(OC)=C1;C[C@]12CCC(=O)C=C1CC[C@H]1[C@H]3CCC(=O)[C@@]3(CO)CC[C@@]12O;C[C@]12CCC(=O)C=C1[C@H](O)C[C@@H]1[C@@H]2[C@@H](O)C[C@]2(C)C(=O)CC[C@@H]12
m_4bc064,CSC(C)C(=O)Nc1cc(C(=O)O)ccc1OC(C)C;COC(=O)c1ccc(OCCOc2ccc(C#N)cc2)cc1;CCOc1ccc(C(=O)Oc2ccc(C#N)cc2)cc1OC;N#Cc1ccc(N2CCN(c3ccc(Cl)cc3)CC2)cc1;COC(=O)c1ccc(OC)cc1OCc1ccc(C#N)cc1;CCOc1ccccc1C(=O)Oc1ccc(C#N)cc1OC;COCCOc1ccc(C(=O)Oc2ccc(C#N)cc2)cc1;CCOc1ccccc1OCC(=O)Oc1ccc(C#N)cc1;COc1ccc(OCCOC(=O)c2cccc(C#N)c2)cc1;COc1cc(C)ccc1OC(=O)COc1ccc(C#N)cc1;COC(=O)c1cccc(OCCOc2cccc(C#N)c2)c1;COc1cc(C(=O)OCC#N)ccc1OCc1ccccc1;CCOC(=O)C1=CC=C(N[C@H]2OC(=O)C3=CC=CC=C32)C=C1;CCOC(=O)c1c2cccccc-2c(C(=O)CC#N)c1OC;COc1ccc(OCC(=O)OCc2ccc(C#N)cc2)cc1;COC1=CC(C(=S)N2CCOCC2)=CC(OC)=C1OC;COc1ccc(C(=O)COc2cccc(C#N)c2)cc1OC;CCOC(=O)c1ccc(C2CC(=O)c3ccccc3O2)nc1;CCOc1cccc(C(=O)N2CCC(S(C)(=O)=O)C2)c1;COc1cc(C=CCNC(CCS)C(=O)O)ccc1O;COC1=CC2=C(C=C1O)C(C(=O)C1=CC=C(O)C=C1)=NCC2;CCOC(=O)Cc1c(C#N)c2cccccc-2c1C(=O)OC;CCOC(=O)c1ccc(NC(=O)CSCCOC)cc1;CCn1nccc1NC(=O)c1ccc(C)c(C(F)(F)F)c1;CN1CC(Nc2cc(C#N)ccc2C(F)(F)F)CCC1=O
m_4fb975,CC1CCN(CC2CCCN(C(=O)NCc3cccc4c3OCO4)C2)CC1;O=C(NCC(=O)N1CCC(COc2ccccc2)CC1)NC1CCCCC1;COCCN1CCC(NC(=O)C2CCCN(C(=O)c3ccccc3)C2)CC1;CCc1ccc(OCC(=O)N2CCN(C(=O)NC3CCCCC3)CC2)cc1;COCCN1CC(C(=O)NC2CCN(CCc3ccccc3)CC2)CC1=O;CC(=O)N1CCCN(C[C@@H]2OC[C@H](NC3CC4=CC=CC=C4C3)[C@H]2O)CC1;Cc1ccc(OCCCC(=O)N2CCN(CC(=O)N3CCCC3)CC2)cc1;O=C(CCCOc1ccccc1)NC1CCN(C(=O)N2CCCCC2)CC1;COc1ccc(CN2CCN(C(=O)C3CCCN3C(=O)C(C)C)CC2)cc1;O=C(NCCc1ccc(N2CCOCC2)cc1)C(=O)NC1CCCCCC1;COc1ccc(CCC(=O)N2CCN(C(=O)NC3CCCCC3)CC2)cc1;CCc1ccc(OCC(=O)N2CCC(NC(=O)N3CCCCC3)CC2)cc1;O=C(CCCOc1ccccc1)NC1CCN(C(=O)NC2CCCC2)CC1;CC(C)NC(=O)N1CCCC1C(=O)N1CCC(OCc2ccccc2)CC1;O=C(NCCCc1ccc(N2CCOCC2)cc1)C(=O)NC1CCCCC1;O=C(CN1CCN(C(=O)C(O)Cc2ccccc2)CC1)N1CCCCCC1;CC(C)C(=O)NCC(=O)N1CCCCCCNC(=O)CC1c1ccccc1;Cc1ccc(OCC(=O)N2CCCN(C(=O)NC3CCCCC3)CC2)cc1;COc1cccc(CCC(=O)N2CCN(C(=O)NC3CCCCC3)CC2)c1;COc1ccc(CNC(=O)NC2CCN(C(=O)C3CCCCC3)CC2)cc1;CC(=O)N[C@H]1[C@H](C2=CC=CC=C2)N(C(=O)NC2CCCCC2)CC[C@@]1(C)O;CC(=O)NCCNC(=O)CCC(=O)N1CCCCC1c1cccc(C)c1C;CCC(C)C(=O)NCC(=O)N1CCN(C(=O)C(C)(C)c2ccccc2)CC1;O=C(NC1CC1)[C@H]1O[C@H](CCN2CCN(C3=CC=CC=C3)CC2)CC[C@@H]1O;CN(C(=O)NC1CCN(C(=O)COc2ccccc2)CC1)C1CCCCC1
m_517c87,Cc1cccc(Cl)c1OCC(=O)N1CCC2(CCN(C)CC2)C1;CC(CCCCCCCC(=O)O)OC(=O)c1ccccc1C(=O)O;CCCCCOc1cc(C(=O)[O-])c(OCCCCC)cc1C(=O)[O-];OCCOCCOC1=CC=CC2=C(OCCOCCO)C=CC=C12;O=C([O-])CCCCCOc1ccc(OCCCCCC(=O)[O-])cc1;CC(NC(=O)N1CCC(OCC2CC2)CC1)c1cccc(Cl)c1;COc1ccc(Cl)cc1NCC(=O)NCCc1ccc(F)cc1;CCCCOC(=O)COC(=O)C1=CC=CC=C1C(=O)OCCCC;CCCCOC(=O)C1=CC(C(=O)O)=CC(C(=O)OC)=C1CCCC;COc1ccc(Nc2nc(NCCO)nc(NCCO)n2)cc1O;CCCC(CCCCC(=O)O)COC(=O)c1ccccc1C(=O)O;COc1ccc2c(c1Cl)C(NC1CCN(C(C)=O)CC1)CCC2;CCOC(=O)CC1=CC(O)=CC(O)=C1C(=O)CCCCCC(C)=O;CCCCC(=O)NC1CCN(C(=O)Cc2ccc(Cl)cc2)CC1;O=C([O-])CCCCCCCCCCOc1ccc(C(=O)[O-])c(O)c1;COc1ccc(CCNC(=O)CC2CC3CCC(C2)N3)c(Cl)c1;CCOC(=O)C(=CCCc1ccc(OC)c(OC)c1)C(=O)OCC;COc1cccc(CNC(=O)Nc2ccc(Cn3cccn3)cc2)c1;O=C(NCC1CCN(Cc2ccccc2Cl)CC1)C1(O)CCC1;COC1=CC=C(N2C=C(C(=O)NCCCC3=CC=CC=C3)N=N2)C=C1;CN1CCCC1C1CCCN1C(=O)CC(O)c1ccc(Cl)cc1;O=C(CCCc1ccccc1Cl)NCC(=O)NC1CCCCC1;CC(CNC(=O)CCC(=O)NC1CCCC1)c1ccc(Cl)cc1;CCOc1ccc(C(=O)NC(Cn2nccn2)c2ccccc2)cc1;COc1cc(CCNC(=O)N2CCCC3(CCC3)C2)ccc1Cl
m_53dfe2,Cc1ccccc1CS(=O)(=O)NC1(CN)CCCC1;COc1cc(C=CC=Cc2ccccc2OC)ccc1O;C(=C/C1=CC=C(/C=C/C2=CC=CC=C2)C=C1)\C1=CC=CC=C1;C(=C\C1=CC=CC(/C=C/C2=CC=CC=C2)=C1)\C1=CC=CC=C1;COC1=CC=C(/C=C/C(C)=O)C=C1OCC1=CC=CC=C1;COc1ccc(C=CC(=O)c2ccc(C)cc2)cc1OC;COc1ccccc1CNC(=O)C=Cc1ccc(N)cc1;COc1ccc(C=CC(=O)c2cc(C)ccc2OC)cc1;COC1=CC=C(C(=O)/C=C/C2=CC=C(C)C=C2)C(OC)=C1;CCC(=O)OC1=CC=C(/C=C/C2=CC=CC=C2)C=C1OC;COc1ccccc1NC(=O)C=Cc1ccc(C)c(N)c1;COc1cc(N)ccc1NC(=O)C=Cc1ccc(C)cc1;COC1=CC=C(/C=C/C(=O)OCCC2=CC=CC=C2)C=C1;CC(C)Cc1cnc(C(=O)C=Cc2ccccc2O)cn1;COc1ccc(C(=O)C=Cc2ccc(C)cc2)cc1OC;CN(Cc1ccccc1)C(=O)CC(=O)Nc1ccccc1;COc1ccc(C=CC(=O)Nc2ccc(C)cc2)cc1N;COc1cc(C=CC(C)=O)ccc1OCc1ccccc1;C=CC(/C=C\C1=CC=C(O)C=C1)C1=CC=C(O)C(OC)=C1;C=CC(/C=C\C1=CC=C(OC)C(O)=C1)C1=CC=C(O)C=C1;CCc1ccc(C=CC(=O)c2ccc(OC)cc2O)cc1;COc1ccc(C=CC(=O)c2ccc(OC)c(C)c2)cc1;C/C=C\C1=CC=C(OC(=O)CC2=CC=CC=C2)C(OC)=C1;COc1cc(C)cc(OC)c1C(=O)C=Cc1ccccc1;Nc1ccc(C=CC(=O)NCc2ccc(CO)cc2)cc1
m_55fde0,Cc1cn2c(=O)c(C(=O)NC(C)(CO)C3CCCCC3)cnc2s1;CCCCCNc1ccc(NS(=O)(=O)c2ccc(OC)cc2)nc1;COc1ccc(C)cc1S(=O)(=O)N1CCC(c2ccnn2C)CC1;COc1ccc(C)cc1S(=O)(=O)N1CCCCC1c1ccnn1C;COC1=CC=C(NS(=O)(=O)C2=CC=C(CC(C)C)C=C2)C=C1OC;COc1ccc(C)cc1S(=O)(=O)N1CCCCC1c1cc(C)n[nH]1;CCOc1ccc(S(=O)(=O)Nc2ccc(NC(C)CC)cn2)cc1;O=c1c([O-])c(-c2ccc(O)cc2)oc2cc(CC3CCCCC3)ccc12;Cc1ccc(C)c(S(=O)(=O)Nc2cnn(CC3CCOCC3)c2)c1;Cc1ccccc1S(=O)(=O)NCC1CCCOC1c1cnn(C)c1;Cc1cc(S(=O)(=O)NC2CCN(Cc3ccncc3)CC2)c(C)o1;COc1ccc(S(=O)(=O)Nc2ccc(NCCC(C)C)nc2)cc1;CCOc1ccc(C2CCCN2S(=O)(=O)c2c(C)cnn2C)cc1;CC(C)(C)c1cccc(NS(=O)(=O)c2cnn(C3CCC3)c2)c1O;Cc1ccc(S(=O)(=O)NCC2CCCOC2c2nccn2C)cc1;CCCCCCCCCCCCCCCCNCCS(=O)(=O)O;CCOc1ccc(S(=O)(=O)Nc2ccc(NC(C)(C)C)nc2)cc1;Cc1nn(C)c(C)c1S(=O)(=O)N1CCC(c2ccc(O)cc2)CC1;COc1ccc(C)cc1S(=O)(=O)Nc1ccc(NCC(C)C)cn1;CC1CN2CCCC2CN1S(=O)(=O)c1ccc2c(c1)C(=O)NCC2;CCS(=O)(=O)c1ccc(NC(=O)c2ccc(OC)c(OC)c2)cc1;CCc1cccc(CC)c1NS(=O)(=O)c1cc(OC)ccc1OC;CC1(C)COCCN1CCNS(=O)(=O)c1cccc2cnccc12;CN(CC(=O)N1CCCCC1c1cc2ccccc2[nH]1)S(C)(=O)=O;Cc1c(C)c(C)c(S(=O)(=O)NCc2nc(C3CC3)no2)c(C)c1C
m_5667e2,CC(C)(C)C(=O)N1CCC(C(=O)N(CCO)Cc2ccccc2)CC1;COC1=CC(C=C[C@@H](C2=CC=C(O)C(OC)=C2)[C@H](O)CO)=CC=C1O;C[C@H]1CC[C@@H]2C(COC(=O)/C=C/C3=CC=C(O)C(O)=C3)=CO[C@@H](O)[C@@H]21;CC(C)[C@]12CN3C[C@](C(C)C)(C[N@@](C1)[C@H]3C1=CC=C(O)C(O)=C1)[C@H]2O;COC1=CC(C[C@@H]2CO[C@H](C3=CC=C(O)C(O)=C3)[C@H]2CO)=CC=C1O;Cc1ccc(C(C)c2c(O)cc(C=Cc3ccc(O)cc3)cc2O)cc1;COC1=CC(/C=C/CO)=CC=C1O[C@H](CO)[C@@H](O)C1=CC=C(O)C=C1;O=C(CCC1=CC=C(O)C(O)=C1)CC[C@H](O)CC1=CC=C(O)C(O)=C1;C/C=C/C1=CC=C(O[C@H](O)[C@@H](O)C2=CC=C(O)C(OC)=C2)C(OC)=C1;COc1cc(C2OCC(Cc3ccc(O)c(O)c3)C2CO)ccc1O;CCCCO[C@@H]1CC2=C(O)C=C(O)C=C2O[C@@H]1C1=CC=C(O)C(O)=C1;O=C(CCC1=CC=C(O)C(O)=C1)C[C@@H](O)CCC1=CC=C(O)C(O)=C1;COc1ccc(COc2ccc(C=Cc3ccccc3)cc2OC)cc1;COc1ccc2cc(C=CC(=O)Nc3ccc(C(N)=O)cc3)ccc2c1;COC1=CC(CCCO)=CC2=C1O[C@H](C1=CC=C(O)C(O)=C1)[C@H]2CO;CCCCCOC1=CC=C(/C=C/C(=O)NC2=NC=CS2)C=C1OC;CCCCCCCCCNC(Cc1c[nH]c2ccc(O)cc12)C(=O)O;COC1=CC(O)=C(C(=O)CCC2=CC=C(OC)C(OC)=C2)C(OC)=C1;CC(C)CCNC(=O)C(=Cc1ccc(O)cc1)C(=O)NCCC(C)C;COC(=O)c1ccc(OC(=O)C=Cc2cccc(Cl)c2)c(OC)c1;N#CC(=CC=CC=Cc1ccc(O)c(O)c1)C(=O)NCc1ccccc1;CCC(C)C(C)(O)CNC(=O)C=Cc1ccc(N2CCOCC2)cc1;COc1cc(OC)c(CCC(=O)c2ccc(O)c(OC)c2)c(OC)c1;Cc1ccc(O)c(NC(=S)NC(=O)C=Cc2ccc(Cl)cc2)c1;OC1=CC=C2C=C1C1=CC(=CC=C1O)C[C@H](O)[C@H](O)C[C@@H](O)[C@@H](O)C2
m_568a04,CCc1cc(C(=O)N2CC(O)C(CC(=O)NC)C2)ccc1Br;Oc1ccc2c(c1)C(Cc1cccs1)[NH2+]CC2;Cc1sc(C)[n+](CC(=O)c2ccccc2)c1C;Cc1ccsc1C1(O)CC([NH3+])c2ccccc21;O=C1CCC[NH+](Cc2csc3ccccc23)C1;c1csc(CC[NH2+]C2COc3ccccc32)c1;c1ccc2c(c1)SCC2C[NH2+]Cc1ccoc1;[NH3+]Cc1cccc(SCc2cccc(O)c2)c1;[NH3+]Cc1ccccc1COSc1ccccc1;O=C(CC1CC[NH2+]C1)c1cccc2ccsc12;CC=CC1=CSC[NH+]1CC(=O)c1ccccc1;c1ccc(C2C[NH2+]CC(c3ccsc3)O2)cc1;CC(C(=O)c1ccsc1)C([NH3+])c1ccccc1;C[NH2+]Cc1ccccc1Sc1cccc(O)c1;CSC(=C1CCc2ccccc2C1=O)[NH+]1CC1;C[NH2+]C1CC(c2cccs2)Oc2ccccc21;Oc1c(-c2ccccc2)sc2[n+]1CCCCC2;COc1cccc(C2[NH2+]CCc3ccsc32)c1;CC([NH2+]CC(=O)c1cccs1)c1ccccc1;Cc1ccc(C[NH2+]CC(=O)c2ccccc2)s1;[NH3+]C(c1ccc(OC2CC2)cc1)c1cccs1;[NH3+]C1(C(=O)c2cccc3ccsc23)CCCC1;CC(=C[NH+](C)C)C=C1Sc2ccccc2C1=O;c1cc(-c2cccs2)cc(C2C[NH2+]CCO2)c1;[NH3+]C1CCc2c(OCc3cccs3)cccc21
m_56bcbe,Clc1ccc(CN2CCC(n3ccnn3)C2)c2ncccc12;CC(NC(=O)c1ccc(NC(=O)c2ccccn2)cc1)C(=O)O;CCCCCCNC(=O)COC(=O)c1cc(Cl)ccc1O;O=C(O)COc1ccc(C(=O)N2CCC(C(F)F)CC2)cc1;O=C(O)c1cccc(CNC(=O)C2CC2c2ccc(F)cc2)c1;O=C(COc1ccc(F)cc1F)NC1CCC(C(=O)O)CC1;O=C(COc1ccccc1)NCCCNC(=O)c1ccccn1;CCCCC(=O)Nc1nnc(-c2ccc(C(F)(F)F)cc2)o1;O=C(O)c1cccc(CNC(=O)C2CC2c2ccccc2F)c1;COc1cccc(C(=O)NCCCNC(=O)c2ccncc2)c1;Cc1cc(OCC(=O)NC(C)CCC(=O)O)cc(C)c1Cl;COc1cc(C(=O)NCC2(CO)CCOCC2)ccc1Cl;CS(=O)(=O)N1CCC(CNC(=O)c2cccnc2O)CC1;COc1cc(C(=O)NC(C)(CC(=O)O)C(C)C)ccc1Cl;CCCCCCCC(=O)Nc1cccc(Oc2ncccn2)c1;COc1cc(CNC(CCC(=O)O)C(=O)O)cc(OC)c1O;CC(=O)c1ccc(NC(=O)CCC(=O)c2ccccc2F)cc1;O=C1C(C2=CC=CC=C2)=C(O)C2=CC=CC=C2N1C1=CC=CC=C1;O=C(O)C1CCCN1C(=O)CCCOc1ccc(F)cc1F;COc1ccccc1C(=O)NCCCNC(=O)c1ccccn1;O=C(O)CC1CN(C(=O)CCc2cc(F)ccc2F)CCO1;COc1cc(C(=O)O)ccc1CCNC(=O)C1C(C)C1(F)F;NC(=O)CCCNC(=O)NCCS(=O)(=O)c1ccccc1;COC(=O)C1CCN(C(=O)c2ccc(F)cc2)c2ccccc21;O=C(NCC1(c2ccc(F)cc2)CC1)c1ccc2c(c1)OCO2
m_572a36,Cc1cc(C2CCCN(C(=O)c3c[nH]nc3-c3cccc(Cl)c3)C2)[nH]n1;O=C(CCc1c[nH]c2ccccc12)Oc1ccc(C(=O)c2ccccc2)cc1;Cc1c(CCC(=O)NCCc2ccccc2F)c(=O)oc2cc(O)ccc12;COc1ccc(C(CC(=O)O)NC(=O)Cn2c(=O)[nH]c3ccccc32)cc1;CC1=CC=C(C(=O)NC2=CC=C3OC(C4=CC=C(C)C=C4)=CC(=O)C3=C2)C=C1;CCOC(=O)c1ccc(NC(=O)c2c3ccccc3cc3ccccc23)cc1;O=C(Nc1ccccc1O)c1ccc2cc(OCc3ccccc3)ccc2c1;COc1ccc2c(C)c(CC(=O)NCCc3ccc(F)cc3)c(=O)oc2c1;COc1ccc(NC(=O)CCCCCCCCCCBr)cc1;COC(=O)C(Cc1c[nH]c2ccccc12)NC(=O)CNC(=O)c1ccco1;CCOC(=O)c1nn(Cc2ccc(OC)cc2)nc1Oc1ccc(O)cc1;COc1ccc(NC(=O)CCn2c(=O)[nH]c3ccccc3c2=O)cc1OC;Cc1c(CCC(=O)NCCc2cccc(F)c2)c(=O)oc2cc(O)ccc12;Oc1ccc(N(c2ccc(O)cc2)c2ccc(Oc3ccccc3)cc2)cc1;Cc1cc(OC(C)C(=O)N(CCC(=O)O)C2CCOCC2)ccc1Cl;Cc1ccc2oc(-c3ccc(C(=O)NCc4ccccc4)cc3)cc(=O)c2c1;CCn1c(=O)c(=O)[nH]c2cc(C(=O)Nc3ccc(OC)c(OC)c3)ccc21;CCOC(=O)c1ccc(-n2c(-c3ccccc3)cc(=O)c3ccccc32)cc1;COc1ccc(F)cc1C(=O)COC(=O)CCCc1c[nH]c2ccccc12;COC1=CC(C(C)=O)=CC=C1O[C@@H]1O[C@H](CO)[C@@H](O)[C@H](O)[C@H]1NC(C)=O;CCNC(=O)NC(=O)COC(=O)c1ccccc1NC(=O)c1ccccc1;COc1ccc(C(=S)N2CCCCC2)cc1OC(=O)c1cccc(C)c1;CC1=CC=C(C(=O)NC2=CC=C3OC(C4=CC=CC=C4C)=CC(=O)C3=C2)C=C1;CCOC(=O)c1ccc(NC(=O)CNC(=O)C(=O)Nc2ccccc2)cc1;Cc1cc(Cl)ccc1OC(C)C(=O)N(CCC(=O)O)C1CCOCC1
m_57bec0,O=C(Nc1ccc2nncn2c1)c1ccccc1OCC1CCCO1;O=C(/C=C/C1=CC=C(O)C(O)=C1)O[C@H]1[C@@H](O)C[C@H](C(=O)O)C[C@@H]1O;COc1cccc(C=CC(=O)CC2OC(CO)C(O)C(O)C2O)c1;O=C(/C=C/C1=CC=C(O)C(O)=C1)OC1(C(=O)O)C[C@@H](O)C[C@H](O)C1;O=C(/C=C/C1=CC=C(O)C=C1)OC1[C@H](O)CC(O)(C(=O)O)C[C@H]1O;COc1ccc(C=CC(=O)NCc2nnc3ccccn23)cc1OC;O=C(O)/C=C/C1=CC=C(O[C@]2(C(=O)O)C[C@@H](O)[C@H](O)[C@H](O)C2)C=C1;O=C(/C=C/C1=CC=C(O)C=C1)O[C@]1(C(=O)O)C[C@@H](O)[C@H](O)[C@H](O)C1;O=C(/C=C\C1=CC=C(O)C(O)=C1)O[C@@H]1C[C@H](C(=O)O)C[C@@H](O)[C@H]1O;COC(=O)C[C@@H](OC(=O)/C=C/C1=CC=C(O)C(OC)=C1)C(=O)OC;O=C(/C=C/C1=CC=C(O)C=C1)OC(=O)[C@]1(O)C[C@@H](O)[C@@H](O)[C@H](O)C1;O=C[C@]1(O)C[C@@H](O)[C@@H](O)[C@H](OC(=O)/C=C/C2=CC=C(O)C(O)=C2)C1;COc1ccc2cc(C=CC(=O)c3ccc4ccccc4c3)ccc2c1;CCC(NC(=O)C=Cc1ccc(OCc2ccccc2)cc1)C(=O)[O-];O=C(C=Cc1ccc(C(=O)C=Cc2ccccc2)cc1)c1ccccc1;O=C(/C=C\C1=CC=CC=C1)C1=CC=CC(C(=O)/C=C/C2=CC=CC=C2)=C1;O=C(C=CC1=CC=C(O)C=C1)O[C@H]1C[C@](O)(C(=O)O)C[C@@H](O)[C@H]1O;Cc1cc([O-])c(C(=O)C=Cc2ccc(N3CCCCC3)cc2)c(=O)o1;CCc1cccc(C=Cc2ccc(C=Cc3cccc(CC)c3)cc2)c1;COc1cc(C=CC(=O)O[Si](C)(C)C)ccc1O[Si](C)(C)C;O=C(/C=C/C1=CC=C(O)C=C1)[C@@H]1[C@@H](O)[C@@H](O)[C@H](O)C[C@]1(O)C(=O)O;COc1ccc(CCC(=O)OCc2nnnn2-c2ccccc2)cc1;OC1=CC=C(C(C2=CNC3=CC=CC=C23)C2=CNC3=CC=CC=C23)C=C1;COC1=CC=CC=C1/C=C\C(=O)NCC(=O)N/N=C/C1=CC=CN=C1;O=C1/C(=C/C2=CNC3=CC=CC=C23)CC/C1=C\C1=CNC2=CC=CC=C12
m_57f31b,CC(=O)N1CCC(Nc2ccc(C)cc2OCC(F)(F)F)CC1;CCCCCCOC(=O)c1ccccc1C(=O)OCc1ccco1;C=CCCCCOC(=O)c1ccccc1C(=O)OCCCCC=C;CCC=CCCOC(=O)c1ccccc1C(=O)OCCC=CCC;COC1=CC=C(C(=O)O)C=C1O[C@@H]1O[C@H](CO)[C@@H](O)[C@H](O)[C@H]1O;COC1=CC(C(=O)O)=CC=C1O[C@H]1O[C@@H](CO)[C@H](O)[C@@H](O)[C@@H]1O;CCOC(=O)c1cc2ccccc2nc1NC(=O)CCCCOC;CCCCCCCC1=CC=C(C(=O)OC2=CC=C(Cl)C=C2)C=C1;COC1=CC(C(=O)O[C@@H]2O[C@H](CO)[C@@H](O)[C@H](O)[C@H]2O)=CC=C1O;COC(=O)[C@H](CC(C)C)NC(=O)C1=CC(=O)N(C)C2=CC=CC=C12;COC1=CC=C(O[C@@H]2O[C@H](CO)[C@@H](O)[C@H](O)[C@H]2O)C(C(=O)O)=C1;CCCCCCOc1ccc(C(=O)c2ccc(O)cc2O)c(O)c1;CCCCCCCCCCCC(O)c1cc(Cl)ccc1Cl;COc1cc(C)c(COC(=O)c2cc(C)ccc2OC)cc1OC;CCCCCOC(=O)C(CC(=O)OCC)CC(=O)OCCCC;CCCOC(=O)c1ccc(OCC(=O)n2nc(C)c(C)c2C)cc1;CCOC(=O)c1ccccc1N(C)C(=O)CCc1c(C)noc1C;COC(=O)C1=CC=CC(O[C@@H]2O[C@H](CO)[C@@H](O)[C@H](O)[C@H]2O)=C1O;CCCCCCCC(=O)NC(Cc1c[nH]c2ccccc12)C(=O)O;CCCCCOc1ccc(C=C2C(=O)N(C)C(=O)N(C)C2=O)cc1;COC1=CC=C(CO[C@@H]2O[C@H](CO)[C@@H](O)[C@H](O)[C@H]2O)C=C1OC;COCCNc1ccc(NC(=O)c2ccc(OC)c(OC)c2)cc1;COC1=CC(C(=O)OC[C@H]2OC(O)[C@H](O)[C@@H](O)[C@@H]2O)=CC=C1O;COC1=CC=C(C(=O)OC2OC(CO)C(O)C(O)C2O)C=C1O;CCCCOc1ccc(C(=O)NNC(=O)c2cc(C)oc2C)cc1
m_59b1bd,CC1(C(=O)O)CCN(C(=O)c2ccccc2OCC2CCCO2)C1;CC(C)C/C=C/C=C/C(=O)NC1=CC(CCC(=O)O)=C(O)C=C1O;CC(C)C/C=C/C=C/C(=O)NC1=CC(CCC(=O)O)=CC(O)=C1O;COc1cc(CCNCc2cc(OC)c(O)c(OC)c2)ccc1O;CC(=O)Oc1ccc(NC(=O)CCC2CCCCC2)c(C(=O)O)c1;COC1=CC(CCNCC(O)C2=CC=C(O)C(OC)=C2)=CC=C1O;CC1=C(CCC(=O)NCCCC(=O)O)C(=O)OC2=CC(O)=CC=C12;CC[C@@H](C)[C@@H](CO)NC(=O)CC1=C(C)C2=CC=C(O)C=C2OC1=O;O=C(Nc1ccccc1)Nc1ccc(NCc2ccc(O)cc2)cc1;CC1=C(CC(=O)NCCCOC(C)C)C(=O)OC2=CC(O)=CC=C12;Cn1cncc1CC(NC(Cc1ccc(O)cc1)C(=O)O)C(=O)O;CCCCCCN1C(=O)C(O)=C(C(C)=O)C1c1ccc(O)cc1O;CC(C)(C)CC(=O)NCC(O)COc1ccc(C(F)(F)F)cc1;COC1=CC=C(CCNC[C@H](O)C2=CC=C(O)C(OC)=C2)C=C1O;COC1=CC=C2C(C)=C(CC(=O)NCCCC(=O)O)C(=O)OC2=C1;COC1=CC=C(CCNC[C@H](O)C2=CC=C(OC)C(O)=C2)C=C1O;COC1=CC=C(C(O)CNCCC2=CC=C(O)C(OC)=C2)C=C1O;CN(C(=O)Nc1ccc(Nc2ccccc2)cc1)c1ccc(O)cc1;COC1=CC=C(CNCC2=CC(OC)=C(OC)C(OC)=C2)C=C1O;CC1(C)CC(=O)C2=C(O)C=C(OCC(=O)NC3CCCC3)C=C2O1;O=C(CCc1ccccc1C(=O)O)NC1CC(O)C12CCOCC2;O=C(O)CCC1CCCCN1C(=O)Cc1ccc2c(c1)OCCO2;CC1=C(C)C2=CC=C(OCC(=O)NCCCC(=O)O)C=C2OC1=O;COCCN1C(=O)C(O)=C(C(=O)C(C)(C)C)C1c1ccc(O)cc1;COc1cc(CNC(Cc2ccc(O)c(O)c2)C(=O)O)ccc1O
m_59bced,Cc1cc(Br)ccc1C(=O)NCC1CN(C)CCO1;CC(C)C1=CC(=O)C(O[C@H]2O[C@@H](CO)[C@H](O)[C@@H](O)[C@@H]2O)=CC=C1;CC(C)C1=CC=CC(=O)C(O[C@@H]2O[C@H](CO)[C@@H](O)[C@H](O)[C@H]2O)=C1;COC1=CC(/C=C\C(=O)OC(CC(=O)O)C(=O)O)=CC(O)=C1O;C/C=C/C1=CC=C(OC)C=C1O[C@@H]1O[C@H](CO)[C@@H](O)[C@H](O)[C@H]1O;C/C=C/C1=CC=C(OC)C(O[C@@H]2O[C@H](CO)[C@@H](O)[C@H](O)[C@H]2O)=C1;CC1OCCC1C(=O)NCCNc1cccc(Br)c1;CN(C)n1c(N)nc2c(ncn2C2OC(CO)C(O)C2O)c1=O;CC1CN(C(=O)COc2cccc(Br)c2)CC(C)N1;C/C=C/C1=CC=C(O[C@@H]2O[C@H](CO)[C@@H](O)[C@H](O)[C@H]2O)C(OC)=C1;CC(=O)OC1CC(CO)OC1n1c(=O)sc2cnc(N)nc21;CO[C@H](CCO)[C@H](O[C@H]1O[C@@H](CO)[C@H](O)[C@@H](O)[C@@H]1O)[C@@H](C)O;C=CCC1=CC=CC(O[C@@H]2O[C@H](CO)[C@@H](O)[C@H](O)[C@H]2O)=C1OC;CNC1CCCN(C(=O)COc2cccc(Br)c2)C1;CC(=O)CCC1=CC=C(O[C@H]2O[C@H](CO)[C@@H](O)[C@H](O)[C@H]2O)C=C1;Nc1nc(NCC[NH3+])nc2c1ncn2C1OC(CO)C(O)C1O;COC1=CC=C(/C=C\CO[C@@H]2O[C@H](CO)[C@@H](O)[C@H](O)[C@H]2O)C=C1;CCNc1nc(N)nc2c1ncn2C1OC(CO)C(O)C1(C)F;C=CCC1=CC=C(OC)C(O[C@@H]2O[C@H](CO)[C@@H](O)[C@H](O)[C@H]2O)=C1;O=C([O-])C(F)(CCOC1OC(CO)C(O)C(O)C1O)C(=O)[O-];C/C=C/C1=CC(OC)=CC=C1O[C@@H]1O[C@H](CO)[C@@H](O)[C@H](O)[C@H]1O;C=CCC1=CC=C(O[C@@H]2O[C@H](CO)[C@H](O)[C@@H](O)[C@@H]2O)C(OC)=C1;COc1ccc(CN2CC(C)C(C(N)=O)C2)cc1Br;COC1=CC(/C=C/C(=O)O[C@H](C(=O)O)[C@H](O)C(=O)O)=CC=C1O;O=C1C(O[C@H]2OC[C@H](O)[C@@H](O)[C@H]2O)=COC2=CC(O)=CC(O)=C12
m_5ae66f,Cc1n[nH]c(C)c1C1COCCN1C(=O)c1cccc(C(C)C)n1;CCOC(=O)C1=CC=C(O[C@@H]2O[C@H](CO)[C@@H](O)[C@@H](O)[C@@H]2O)C=C1;COC1=CC(C(C)=O)=CC=C1OC1O[C@H](CO)[C@@H](O)[C@H](O)[C@H]1O;O=C(O)CCC1=CC=C(O[C@@H]2O[C@H](CO)[C@@H](O)[C@H](O)[C@H]2O)C=C1;COC1=CC=C(C(C)=O)C(O[C@@H]2O[C@H](CO)[C@H](O)[C@H](O)[C@H]2O)=C1;O=C(O)CCC1=CC=CC=C1O[C@@H]1O[C@H](CO)[C@@H](O)[C@H](O)[C@H]1O;CCOC1=CC(C=O)=CC=C1OC1OC(CO)C(O)C(O)C1O;C[C@@H](C(=O)O)C1=CC=C(O[C@H]2O[C@@H](CO)[C@H](O)[C@@H](O)[C@@H]2O)C=C1;O=C(O)CCC1=CC=CC(O[C@@H]2O[C@H](CO)[C@@H](O)[C@H](O)[C@H]2O)=C1;CC(=O)C1=C(C)C=C(O[C@@H]2O[C@H](CO)[C@@H](O)[C@H](O)[C@H]2O)C=C1O;OC/C=C/C1=CC=C(O)C(O[C@@H]2O[C@H](CO)[C@@H](O)[C@H](O)[C@H]2O)=C1;OC/C=C/C1=CC=C(O[C@@H]2O[C@H](CO)[C@@H](O)[C@H](O)[C@H]2O)C(O)=C1;O=C(O[C@H]1O[C@@H](CO)[C@H](O)[C@@H](O)[C@@H]1O)[C@@H](CO)C1=CC=CC=C1;COCC(=O)C1=CC=C(O[C@@H]2O[C@H](CO)[C@@H](O)[C@H](O)[C@H]2O)C=C1;CC(=O)C1=C(C)C=C(O)C=C1O[C@@H]1O[C@H](CO)[C@@H](O)[C@H](O)[C@H]1O;C[C@@H](C(=O)O[C@H]1O[C@@H](CO)[C@H](O)[C@@H](O)[C@@H]1O)C1=CC=C(O)C=C1;CC(=O)C1=CC(OC2OC(CO)C(O)C(O)C2O)=CC(O)=C1C;COC1=CC=C(C(=O)CO[C@@H]2O[C@H](CO)[C@@H](O)[C@H](O)[C@H]2O)C=C1;CC(=O)CC1=CC(O)=CC(OC2OC(CO)C(O)C(O)C2O)=C1;O=C(CCO[C@@H]1O[C@H](CO)[C@@H](O)[C@H](O)[C@H]1O)C1=CC=C(O)C=C1;Cc1cccc(OCC(O)CNc2cc(N3CCCC3)ncn2)c1;CC(=O)OC[C@H]1O[C@@H](OC2=CC=C(O)C=C2C)[C@H](O)[C@@H](O)[C@@H]1O;CC(=O)OC1C(OC2=CC=CC=C2CO)OC(CO)C(O)C1O;O=C(O)[C@H](CO[C@H]1O[C@@H](CO)[C@H](O)[C@@H](O)[C@@H]1O)C1=CC=CC=C1;Cc1cc(N2CCC(NC(=O)C(C)Oc3ccccc3)CC2)n[nH]1
m_5bfac3,CC(C(=O)N1CCC(Cc2occc2C(=O)O)CC1)c1ccccc1;NC(CC1=CNC2=CC=CC=C12)C(=O)NC(CC1=CN=CN1)C(=O)O;N[C@@H](CC1=CNC=N1)C(=O)N[C@@H](CC1=CNC2=CC=CC=C12)C(=O)O;CNC(=O)c1ccc(Cl)c(NC(=O)Cc2c[nH]c3ccccc23)c1;CC(C)C(=O)N1CCN(C(=O)CCCC2=CNC3=CC=CC=C23)CC1;O=C(NCCOc1ccc(F)cc1)NCCc1c[nH]c2ccccc12;O=C(Cc1c[nH]c2ccccc12)NC(c1ccccc1)c1ccccn1;COc1cc(CNC(CCCNC(N)=O)C(=O)O)cc(OC)c1O;NC(=O)C(Cc1c[nH]c2ccccc12)NC(=O)c1ccccc1Cl;O=C(CCCc1c[nH]c2ccccc12)OCCOc1ccc(F)cc1;COc1cc2c(cc1OC)CCN(C(=O)COc1ccccc1)CC2;COc1cccc(CNC(=O)COc2cccc3c2OC(C)(C)C3)c1;COC1=CC=C(CNC(=O)CCC(=O)C2=CC=C(C)C=C2)C=C1OC;O=C(Cc1c[nH]c2ccccc12)Nc1cccc(Nc2ccccc2)c1;CC(C)CC(=O)N1CCN(C(=O)CCc2c[nH]c3ccccc23)CC1;Cn1ccnc1N1CCN(C(=O)Cc2c[nH]c3ccc(F)cc23)CC1;CCCCNC(=O)CCC1=C(C)C2=CC3=C(C=C2OC1=O)OC=C3C;CC1=C(C)C2=CC3=C(C=C2O1)OC(=O)C(CCC(=O)NC(C)C)=C3C;NC(=O)c1ccc(Cl)c(NC(=O)CCc2c[nH]c3ccccc23)c1;O=C(CCCC1CCCC1)NC(Cc1c[nH]c2ccccc12)C(=O)[O-];CCCNC(=O)CCC1=C(C)C2=CC3=C(C=C2OC1=O)OC(C)=C3C;O=C(Cc1c[nH]c2ccccc12)NCC(=O)Nc1ccc(Cl)cc1;O=C(O)C(CNC(=O)C1CCCCO1)Cc1ccc2ccccc2c1;CC1=C(C)C2=CC3=C(C=C2O1)OC(=O)C(CC(=O)NCC(C)C)=C3C;CC[C@H](C)NC(=O)CCC1=C(C)C2=CC3=C(C=C2OC1=O)OC=C3C
m_5c710b,O=C(CCc1nnc[nH]1)N1CCN(c2ccccc2Cl)CC1;NC(CC1=CNC2=CC=CC=C12)C(=O)NC(CC(=O)O)C(=O)O;Cc1ccc(NC(=O)NCc2ccnc(N(C)C)n2)cc1Cl;Cn1cc(NC(=O)N2CCN(c3ccccc3Cl)CC2)cn1;CC(C)[C@H](NC(=O)CN1C(=O)NC2=CC=CC=C2C1=O)C(=O)O;O=C(NCc1cc[nH]n1)N1CCN(c2ccccc2Cl)CC1;Nc1nc(=O)n(C2OC(CO)C(O)C2O)cc1-c1ccccc1;COc1ccccc1-c1ccc(C(=O)Nc2ccccc2O)cc1;CCNc1cc(CNC(=O)Nc2ccnc(C)c2Cl)ccn1;COc1ccccc1-c1ccc(C(=O)Nc2ccc(O)cc2)cc1;NC(CC(=O)O)C(=O)NC(CC1=CNC2=CC=CC=C12)C(=O)O;C[C@H](NC(=O)CCCN1C(=O)NC2=CC=CC=C2C1=O)C(=O)O;O=C(NCc1ccccc1Cl)c1cn(C2CCNCC2)nn1;Cn1ccnc1C1CCN(C(=O)NCc2ccc(Cl)cn2)C1;Cc1n[nH]nc1C(=O)NC1CCCN(c2ccccc2Cl)C1;COC(=O)CC(C)NC(=O)Cn1c(=O)[nH]c2ccccc2c1=O;O=C(NCc1cc[nH]n1)N1CCN(c2cccc(Cl)c2)CC1;O=C(COc1ccccc1)Nc1ccc(Oc2ccccc2)cc1;COc1ccc(NC(=O)C(C)Oc2ccc(F)cc2)cc1OC;CC(C)NC(=O)Nc1ccc(CNc2ncc(Cl)cn2)cc1;CCn1ccnc(N2CCN(c3ccc(Cl)cn3)CC2)c1=O;O=C(NCCN1CCCC1)c1cc(Cl)ccc1-n1cncn1;CNC(=O)NCc1cn(C2CCCc3ccc(Cl)cc32)nn1;Cc1cc(C)nc(N2CCN(C(=O)c3cc(Cl)c[nH]3)CC2)n1;CC(O)C1CCN(C(=O)c2cccc(C(F)(F)F)c2F)CC1
m_5c8d41,O=C(CCn1cccn1)NC1CCCOc2cc(Cl)ccc21;COc1cc(CNc2cc(C(=O)O)ccc2O)cc(OC)c1O;COc1cc(CNc2c(O)cccc2C(=O)O)cc(OC)c1O;CC[C@H](NC(=O)CC1=C(C)C2=CC=C(O)C=C2OC1=O)C(=O)O;CCC[C@@H](NC(=O)CC1=CC(=O)OC2=CC(O)=CC=C12)C(=O)O;CC1=C(CC(=O)NCCCC(=O)O)C(=O)OC2=CC(O)=CC=C12;CC1=C(CC(=O)N[C@@H](C)C(=O)O)C(=O)OC2=C(C)C(O)=CC=C12;O=C(N[C@H](CO)CC1=CC=C(O)C(O)=C1)C1=CC=C(O)C(O)=C1;CC1=C(O)C=CC2=C1OC(=O)C=C2CC(=O)NCCCC(=O)O;COC1=CC=C2C(C)=C(CC(=O)N[C@@H](C)C(=O)O)C(=O)OC2=C1;CC1=C(CC(=O)NCCC(=O)O)C(=O)OC2=C(C)C(O)=CC=C12;COC1=CC=C2C(C)=C(CC(=O)NCCC(=O)O)C(=O)OC2=C1;CC1=C(CCC(=O)N[C@@H](C)C(=O)O)C(=O)OC2=CC(O)=CC=C12;COC1=CC=C2C(C)=C(CC(=O)NCC(=O)O)C(=O)OC2=C1C;CCC=CC=CC(O)CC(=O)NCCc1ccc(O)c(OC)c1;COc1cc(C=CC(=O)NC2CCC(C)CC2)cc(OC)c1O;CC1=C(CCC(=O)NCC(=O)O)C(=O)OC2=C(C)C(O)=CC=C12;COC1=CC(C(CC(N)=O)C2=C(O)C(=O)C=C(C)O2)=CC=C1O;CC1=C(CCC(=O)NCCC(=O)O)C(=O)OC2=CC(O)=CC=C12;COC1=CC(C)=CC2=C1C(C)=C(CC(=O)NCC(=O)O)C(=O)O2;COc1ccc(C(CC(=O)O)NC(=O)c2ccco2)cc1OC;COC1=CC=C2C(C)=C(CCC(=O)NCC(=O)O)C(=O)OC2=C1;COC(=O)C(C)OC(=O)C=Cc1ccc(OCC#N)c(OC)c1;CC1=C(CC(=O)N(C)CC(=O)O)C(=O)OC2=C(C)C(O)=CC=C12;CC1=CC(O)=C2C(C)=C(CC(=O)N[C@@H](C)C(=O)O)C(=O)OC2=C1
m_5da1ef,Cc1ccc(CC(C)NC(=O)c2c(C)c(C)n[nH]c2=O)c(C)c1;O=C(NCc1ccncc1)C(=O)NCc1ccc2c(c1)OCO2;Cn1cc(CC(=O)N2CCCC2c2ccc3c(c2)OCO3)cn1;CC(C)(NC(=O)NCc1ccccn1)c1ccc2c(c1)OCO2;O=C(NCc1ccccc1)NNC(=O)c1ccc2c(c1)OCO2;CC(C)(C)Nc1ccc(NC(=O)c2ccc3c(c2)OCO3)nc1;O=C(NCCCCNc1ccccn1)c1ccc2c(c1)OCO2;O=C(NCCc1ccc2c(c1)OCO2)NCCc1ccccn1;COC1=C2OCOC2=CC2=C1[C@H](NC1=CC=NC=C1)N(C)CC2;O=C(NCc1cccnc1)C(=O)NCc1ccc2c(c1)OCO2;CCN(CC)C(=O)c1cc(Nc2ccc3c(c2)OCO3)ccn1;Cn1cnc2c(c1=O)CCN(C(=O)c1ccc3c(c1)OCO3)C2;O=C(CC(=O)Nc1ccc2c(c1)OCO2)NCc1ccncc1;Nc1ccccc1C(=O)NC(=O)NCc1ccc2c(c1)OCO2;CCCCNc1cc(C(=O)Nc2ccc3c(c2)OCO3)ccn1;CN(Cc1ccc2c(c1)OCO2)C(=O)C1CCc2cncn2C1;O=C(NCC1(c2ccc(F)cc2)CC1)c1ccc2c(c1)OCO2;O=C(CCc1ccc2c(c1)OCO2)NNC(=O)c1ccncc1;O=C(NCCCc1cccnc1)NCc1ccc2c(c1)OCO2;CC(C)C(=O)Nc1ccc(NCc2ccc3c(c2)OCO3)nc1;O=C(C=Cc1ccc2c(c1)OCO2)NCCc1ccc(F)cc1;CCc1cnc(C)nc1NC(C)c1ccc2c(c1)OCCCO2;O=C(Nc1ccc2c(c1)OCO2)N1CC(Nc2ncccn2)C1;CCCCNc1cncc(C(=O)Nc2ccc3c(c2)OCO3)c1;CC(C)(C)C(=O)Nc1ccc(Nc2ccc3c(c2)OCO3)cn1
m_5dda21,COCc1ccc(CNc2cccc(N3CCCS3(=O)=O)c2)cc1;C[C@H]1CC[C@@H]2C(COC(=O)/C=C/C3=CC=C(O)C(O)=C3)=CO[C@@H](O)[C@@H]21;COC1=CC(C=C[C@@H](C2=CC=C(O)C(OC)=C2)[C@H](O)CO)=CC=C1O;COC1=CC(C[C@@H]2CO[C@H](C3=CC=C(O)C(O)=C3)[C@H]2CO)=CC=C1O;O=C(CCC1=CC=C(O)C(O)=C1)CC[C@H](O)CC1=CC=C(O)C(O)=C1;Cc1c(OC2OC(CO)C(O)C(O)C2O)cccc1-c1ccccc1;CCCCCOC1=CC=C(/C=C/C(=O)NC2=NC=CS2)C=C1OC;O=C(CCC1=CC=C(O)C(O)=C1)C[C@@H](O)CCC1=CC=C(O)C(O)=C1;O=C(O[C@H]1O[C@H](C(=O)O)[C@@H](O)[C@H](O)[C@H]1O)C1=CC(O)=C(O)C(O)=C1;COC1=CC(CCCO)=CC2=C1O[C@H](C1=CC=C(O)C(O)=C1)[C@H]2CO;COc1cc(C2OCC(Cc3ccc(O)c(O)c3)C2CO)ccc1O;CCCCO[C@@H]1CC2=C(O)C=C(O)C=C2O[C@@H]1C1=CC=C(O)C(O)=C1;N#CC(=CC=CC=Cc1ccc(O)c(O)c1)C(=O)NCc1ccccc1;O=C(O)C1=CC(O)=C(O[C@@H]2O[C@H](C(=O)O)[C@@H](O)[C@H](O)[C@H]2O)C(O)=C1;CCCCOc1ccc(C=CC(=O)Nc2nc(C)cs2)cc1OC;COC1=CC(/C=C/CO)=CC=C1O[C@H](CO)[C@@H](O)C1=CC=C(O)C=C1;CCCCOc1ccc(C=CC(=O)Nc2nccs2)cc1OCC;C/C=C/C1=CC=C(O[C@H](O)[C@@H](O)C2=CC=C(O)C(OC)=C2)C(OC)=C1;O=C(NCC1CCN(Cc2cccs2)CC1)c1ccc(O)cc1O;COC1=CC2=C(C=C1O)[C@@H](C1=CC=C(O)C(O)=C1)[C@H](CO)[C@H](CO)C2;CCCCOc1ccc(C=CC(=O)Nc2ncc(C)s2)cc1OC;CC=C(C)C(=O)OC1C(OC(=O)CC(C)C)OC(CO)C(O)C1O;C/C(=C\CO)CC/C=C(\C)C(=O)O[C@@H]1O[C@H](CO)[C@@H](O)[C@H](O)[C@H]1O;OC1=CC=C2C=C1C1=CC(=CC=C1O)C[C@H](O)[C@H](O)C[C@@H](O)[C@@H](O)C2;CC1=C(C(=O)O[C@@H]2O[C@H](CO)[C@@H](O)[C@H](O)[C@H]2O)C(C)(C)CC[C@@H]1O
m_5fef1c,CC(c1ccccc1)N(CC1CCC1)C(=O)NC1CCC(=O)N(C)C1;CC(CO)C1CCC2C3CCC4=CC([O-])=CC(=O)C4(C)C3CCC12C;COc1cccc(-c2nn(C(C)(C)C)cc2CNC2CCC(O)C2)c1;O=C(NCc1ccccc1OC1CCC1)N1CCC(N2CCCC2)C1;O=C(NCc1ccccc1OC1CCC1)NC1CCN2CCCC2C1;Cc1cc(O)cc(CC2C(C(=O)[O-])CCC3C(C)(C)CCCC23C)c1;CC(C)(C)CN(CCC#N)C(=O)c1ccc(N2CCC(O)CC2)cc1;COc1ccc(C2(CNC(=O)N3CCC4CCC(C3)N4C)CC2)cc1;CC(C)N1CC2(CN(C(=O)CC3=CC=CC=C3)C[C@@H]3C[C@@H](O)CN32)C1;O=C(NCC1CN2CCCC2CO1)N1CCC(Cc2ccccc2)C1;COC1CCCC(CC(=O)NC(C)(C)c2nc3ccccc3n2C)C1;Cc1ccc(N2CCCC2)c(C(=O)NCCNC(=O)C2CCCC2)c1;CC(C)C(=O)N1CC2(CN(CC3=CC=CC=C3)C[C@@H]3C[C@@H](O)CN32)C1;CC(C)CN1C[C@@H]2C[C@@H](O)CN2C2(C1)CN(C(=O)C1=CC=CC=C1)C2;CC(NC1CCC2C3CCc4cc(O)ccc4C3CCC12C)C(=O)O;CN1CCC2CCN(C(=O)NCc3ccccc3OC3CCC3)C2C1;O=C(C1CCCN(Cc2cccnc2)C1)N1CC2CCC(O)CC2C1;Cc1cnn(CC2CCN(C(=O)C34CCC(CC3=O)C4(C)C)CC2)c1;CC(C)CN1CC2(C1)CN(C(=O)C1=CC=CC=C1)C[C@@H]1C[C@@H](O)CN12;CC(C)C(=O)N1C[C@@H]2C[C@@H](O)CN2C2(CN(CC3=CC=CC=C3)C2)C1;CN(C[C@@H]1CCCN2CCCC[C@H]12)C(=O)CNC(=O)C1=CC=CC=C1;O=C(CC1CCC1)NCCCC(=O)N1CCN(c2ccccc2)CC1;CC(C)NC(=O)CNC(=O)C=Cc1ccc(N2CCCCCC2)cc1;CC(=O)N1CCC(CCNC(=O)NC2(C)Cc3ccccc3C2)CC1;CC1(CNC(=O)NC2CCN(C(=O)c3ccccc3)CC2)CCCC1
m_6007c7,CCn1ccnc1CN(C(=O)c1ccc(C(N)=O)cc1)C1CC12CCNCC2;CCCCCCNc1nc(C[NH3+])nc2c1ncn2C1OC(CO)C(O)C1O;C=C(Br)C1OC(n2cnc3c(N)ncnc32)C2OC(C)(C)OC12;COCC(=O)NC[C@H]1O[C@@H](CO)[C@@H](O)[C@H]1N1CCN(C2=CC=CC=[NH+]2)CC1;Cc1ccc(C)c(OCC(O)Cn2cnc3c(N4CCCC4)ncnc32)c1C;CCCCCCN(CCCCCC)S(=O)(=O)C1OC(CO)C(O)C1O;O=P([O-])([O-])OCC1OC(n2cnc3c2NC=[NH+]C3PO)C(O)C1O;CN(CC1(c2ccccc2)CC1)c1ncnc2c1ncn2CC(C)(CO)CO;O=C1CCCN1c1cccc(CNc2cc(N3CCCC(CO)C3)ncn2)c1;Nc1nc(O)cc(C2CCN(C(=O)C3CCN(Cc4ccccc4)CC3)C2)n1;COc1ccccc1Nc1ccnc(N2CCN(C(=O)C3CCCC3)CC2)n1;COc1ccc(Nc2cc(C)nc(N3CCN(C(=O)C4CCC4)CC3)n2)cc1;O=C(Nc1ccccc1)C1CCCN(c2cc(N3CCCC3CO)ncn2)C1;CCOc1ccc(Nc2cc(N3CCC(CCO)CC3)nn3ccnc23)cc1;Cc1nc(Nc2cc(NCC(C)[NH3+])cnc2C(N)=O)ccc1-c1cn(C)cn1;O=C1CCCN1Cc1ccc(CNc2cc(N3CCCC3CO)ncn2)cc1;NC(=O)c1ncn(C2CCN(C(=O)CC3CCc4ccccc4C3)CC2)c1N;CNc1cc(N2CC(O)CC2CNC(=O)c2ccc3c(c2)CCCC3)ncn1;O=C(C1CC1)N1CCCC(C(=O)N2CCCC(c3nc4ncccc4[nH]3)C2)C1;N#Cc1ccc(CC2C[NH2+]CC(NC(=O)C3CC(O)C[NH2+]3)C2)c2cccnc12;COc1ccc(CC(NC(=O)OC(C)(C)C)C2OC(C)(C)OC2CO)cc1;CCCc1cc2c(c(=O)n1CC[NH+](C)C)C(c1cccnc1)C(C#N)=C([NH3+])O2;O=C(c1cccc(-n2cncn2)c1)N1CCC(C(=O)N2CCCCCC2)CC1;CC1=CC=CC(CN2C(NC3CCCCC3)=NC3=C2C(=O)N(C)C(=O)N3C)=C1;CN(C)c1cc(NC2CCN(C(=O)C3COc4ccccc4C3)CC2)ncn1
m_60e7b1,CS(=O)(=O)c1ccc(N2CCCC(Cn3ccnn3)C2)nc1;O=C(NCCc1ccccc1)c1cnc(-c2ccc(F)cc2)nc1;O=C(CCCc1ccccc1)NCc1ccc(C(F)(F)F)cc1;CCCCCCCCC=CCNC(Cc1cncn1C)C(=O)O;O=C(CCc1c[nH]c2ccccc12)NC(C(=O)[O-])c1ccccc1;COc1cc(CNC(Cc2cnc[nH]2)C(=O)O)cc(OC)c1O;O=C(CCCCc1ccccc1)Nc1ccccc1C(F)(F)F;CCCCCCc1ccc(-c2ccc(N3CCCCC3)cc2)cc1;CCCCCCC(=Cc1ccccc1)CNCCc1ccccc1;O=C(NCCc1ccncc1)c1ccc(-c2cccc(F)c2)nc1;Cc1ccc(CNC(=O)c2cnc(-c3cccc(F)c3)nc2)cc1;Fc1cccc(-c2noc(CCCc3c[nH]c4ccccc34)n2)c1;Cc1nn(CCCl)c(C)c1C(=O)Nc1ccc(CCO)cc1;CCCCCC(=O)NC(C)c1nc(-c2cccc(Cl)c2)no1;CCCCNC(=O)C(C)Oc1nn(-c2ccccc2)cc1Cl;O=C(NCCc1ccncc1)c1ccc(-c2ccc(F)cc2)nc1;CC(NC(=O)CCc1ccccc1)c1ccc(C(F)(F)F)cc1;O=C1NCC2C1CCCN2C(=O)NCCc1ccc(Cl)cc1;CC(C(=O)[O-])c1nn(CCc2ccccc2)c(=O)c2ccccc12;CCCCCC=CCC=CCCCCCCCC(=O)CC(=O)[O-];CCCCOc1ccc(NC(=O)CSc2nnnn2C)cc1;CC(C)=CCC/C(C)=C/CC/C(C)=C/CC1=CNC2=CC=CC=C12;CC(NC(=O)CCc1cccc(OC(F)F)c1)c1cnccn1;Cc1ccc2c(c1)[nH]c1c(=O)n(CCc3ccc(F)cc3)cnc12;O=C(CSc1ccc2ccccc2c1)NCCc1ccccc1
m_6105c1,NC(=O)CC1(O)CCCN(Cc2nncn2-c2ccccc2)C1;CCCCCCCCCCC(=O)NC(CCC(=O)O)C(=O)O;CCCCCCCCCC(=O)NC(CCCC(=O)O)C(=O)O;CCCCCCCCCCNS(=O)(=O)c1ccc(F)cc1;CCC=CCCCNC(CCOC(=O)CCC(=O)O)C(=O)O;COc1ccccc1S(=O)(=O)Nc1ccc(F)c(Cl)c1;CCCCCCCCCCCC(=O)NC(CC(=O)O)C(=O)O;CCCCCN(CCCCC)S(=O)(=O)c1ccccc1F;COc1ccc(Cl)cc1S(=O)(=O)Nc1ccccc1F;COCC[NH2+]CCNC(=O)c1ccc(Oc2ccccc2)cc1;COc1ccccc1OCCN(C)C(=O)C([NH3+])c1ccccc1;COc1ccc(CCNC(=O)C([NH3+])c2ccccc2)cc1OC;COCCOc1ccc(CNC(=O)C([NH3+])c2ccccc2)cc1;COc1cccc(S(=O)(=O)Nc2ccc(F)c(Cl)c2)c1;COc1ccc(C(=O)Nc2cccc(C([NH3+])CCCO)c2)cc1;Cn1cnc(S(=O)(=O)Nc2ccc(C(=O)O)c(Cl)c2)c1;CCCCNS(=O)(=O)c1ccc(OCC[NH2+]C(C)C)cc1;CCCCN(CCC(C)(C)C)S(=O)(=O)c1ccc(F)cc1;CCCCCCOc1ccc(NC(=O)c2ccc(F)cc2)cc1;COc1ccc(Cc2c(N)nc(N3CCOCC3)nc2N)cc1;COc1cccc(C(CNC(=O)c2ccccc2O)[NH+](C)C)c1;COCCC(C)(C)C[NH2+]C(C)c1cccc(S(N)(=O)=O)c1;CC([NH2+]CC(C)(C)CCCO)c1cccc(S(N)(=O)=O)c1;Cc1nn(C)c(C)c1S(=O)(=O)NCCCN1CCNCC1;COc1ccc(OCC[NH2+]CC(=O)NCc2ccccc2)cc1
m_610a9f,COc1ccccc1-n1ncc(C(=O)N2CC(CN(C)C)C2)c1C;COC1=CC(CCCOC(=O)/C=C/C2=CC=C(O)C=C2)=CC=C1O;COc1ccc(CCOC(=O)C=Cc2ccc(O)c(OC)c2)cc1;COC1=CC=C(OC)C(C(=O)/C=C/C2=CC=C(OC)C(OC)=C2)=C1;OC/C=C/C1=CC=C(O)C(O[C@@H]2O[C@H](CO)[C@@H](O)[C@H](O)[C@H]2O)=C1;COC1=CC=C(CC2C3=CC(O)=C(OC)C=C3CC[N+]2(C)C)C=C1;COC1=CC(C(C)=O)=CC=C1OC1O[C@H](CO)[C@@H](O)[C@H](O)[C@H]1O;COC1=CC([C@@H]2OC[C@@H]3[C@H]2CO[C@@H]3C2=CC=C(O)C=C2)=CC=C1O;O=C(/C=C/CCC1=CC=C(O)C(O)=C1)CCC1=CC=C(O)C(O)=C1;COC1=CC([C@H](O)C[N+](C)(C)C)=C(/C=C/C2=CC=CC=C2)C=C1O;COC1=CC=C(C(=O)/C=C/C2=CC=C(OC)C(OC)=C2)C(OC)=C1;CCCCOc1cccc(C(=O)Oc2ccc(C=O)cc2OC)c1;COC1=CC(C2OC3=CC(C=CCO)=CC=C3OC2C)=CC=C1O;OC/C=C/C1=CC=C(O[C@@H]2O[C@H](CO)[C@@H](O)[C@H](O)[C@H]2O)C(O)=C1;COCc1cc(C=CC(=O)c2ccc(O)c(OC)c2)ccc1OC;COC1=CC(CCCOC(=O)/C=C/C2=CC=CC=C2)=CC(O)=C1O;COc1ccc(C=Cc2ccc(OC(C)=O)c(OC)c2)cc1OC;COC1=CC(C[C@H]2COC(=O)[C@@H]2CC2=CC=C(O)C=C2)=CC=C1O;COC1=CC=C(/C=C/C(=O)C2=CC(OC)=C(OC)C(OC)=C2)C=C1;COC1=CC(/C=C/C(=O)C2=CC(C)=CC=C2O)=CC(OC)=C1OC;COc1cccc(C(=O)CCC(=O)c2ccc(OC)c(OC)c2)c1;COC1=CC=CC(CCC2=CC=C(OC(C)=O)C(OC(C)=O)=C2)=C1;COC1=CC([C@@H]2OC3=CC=C(C=CCO)C=C3[C@H]2OC)=CC=C1O;COC(=O)c1ccc(-c2ccc(CCC[NH+](C)C)cc2OC)cc1;CC(C)=CCC1=CC(O)=CC=C1OC(=O)C1=C(C)C=C(O)C=C1O
m_612431,Cc1cnn(CCNC(=O)c2cc(C3CC3)nn2C(C)(C)C)c1;COC1=CC(C(=O)NCCC2=CC=CC=C2)=CC(OC)=C1OC;COC1=CC(C(=O)NCC2=CC=C(C)C=C2)=CC(OC)=C1OC;COC1=CC=C(C(=O)NCC2=CC=C3OCOC3=C2)C=C1OC;COC1=CC(CCNC(=O)C2=CC=CC=C2)=CC(OC)=C1OC;COC1=CC=C(C(=O)NCC2=CC=C(C(=O)O)C=C2)C=C1OC;COc1ccc(CNC(=O)c2ccc3c(c2)OCO3)c(OC)c1;COc1cc(C(=O)N(C)CCC(=O)O)ccc1Br;COc1ccc(NC(=O)c2ccc(OC(C)C)c(OC)c2)cc1;CCC([NH2+]CCNc1cc(OC)ccc1OC)c1ccccc1;COc1ccc(C(=O)Nc2ccc(OC(C)=O)cc2)cc1OC;COc1ccccc1C(=O)NCCOc1ccc2c(c1)OCO2;COc1cccc(OC)c1C(=O)NCc1ccc2c(c1)OCO2;CCOC1=CC=C(C(=O)NC2=CC=CC=C2OC)C=C1OCC;COc1cccc(C(=O)NCc2ccc(C(=O)O)cc2)c1OC;COC(=O)C1=CC=CC(NC(=O)C2=CC=C(OC)C(OC)=C2)=C1;COC1=CC(C[C@@H](NC(=O)C2=CC=CC=C2)C(=O)O)=CC=C1O;COc1ccc(CNC(=O)Cc2ccc(OC)cc2OC)cc1;COC1=CC=C(C(=O)NC2=CC(C(=O)O)=CC=C2C)C=C1OC;COC(=O)C1=CC=C(OC)C=C1NC(=O)C1=CC=C(OC)C=C1;COc1cc(CCNC(C)CCc2ccc(O)cc2)ccc1O;COc1cc(C(=O)N(C)c2ccc(C)cc2)cc(OC)c1OC;COC1=CC=C(CCNCC2=CC=C3OCOC3=C2)C=C1OC;COC1=CC=C(C(=O)NC2=CC3=C(C=C2C)OCO3)C=C1OC;COC1=CC=C2NC=C(CCNC(=O)NC3CCCCC3)C2=C1
m_62973b,O=C(CS(=O)(=O)C1CCOCC1)N1CCCCC1;COc1cc(CNc2ccc(O)cc2)cc(OC)c1O;O=C(O)COc1ccc(C(=O)NCC2CC=CC2)cc1;COC1=CC(CCC(=O)N2C=CC=C2)=CC(OC)=C1O;O=C(O)COc1cccc(C(=O)NCC2CC=CC2)c1;CCCCC(=O)NCc1ccc(OC(F)(F)F)cc1;CC1=C(C)C2=CC=C(OCC(=O)N(C)C)C=C2OC1=O;COc1ccc(C(=O)NCC(O)c2ccc(C)o2)cc1;[NH3+]CCC(=O)NCC(O)COc1ccc(F)c(F)c1;COc1ccc(NCc2ccc(O)c(O)c2)c(OC)c1;CC([NH3+])C(=O)NCC(O)COc1ccc(F)c(F)c1;CC(C)NC(=O)CCc1ccccc1OC(F)(F)F;O=C(NCC1CCCCS1(=O)=O)C1(O)CCCC1;CC1CC(C(=O)NCC2CCCCS2(=O)=O)CO1;O=C(NCC1CCCCS1(=O)=O)C1CCCCO1;COC(=O)CC(=O)SC(C)(C)CNC(=O)C(C)C;COc1ccc(CCNC(=O)c2ccco2)cc1OC;[NH3+]CCc1ccc(C(=O)Nc2ccc(O)c(F)c2)cc1;CCC(=O)C1=C(O)C(=O)N(c2ccc(OC)cc2)CC1;COc1ccc(NCc2ccc(O)cc2O)cc1OC;CC(C)(CCc1ccccc1)Nc1nccnc1Cl;CCOC(=O)C(C)(C)C(=O)CSCC(=O)N(C)C;CC(O)CCCNC(=O)c1cc(=O)c2ccccc2o1;COC1=CC=C(CC(=O)NCC2=CC=CO2)C=C1OC;COC(=O)c1ccc(CN2C(=O)CC(C)(C)C2=O)cc1
m_62dd85,O=C(NCCS(=O)(=O)Nc1ccccc1)C1C2CCCCC21;NC(CCCCNC1OC(C(=O)O)C(O)C(O)C1O)C(=O)O;N=C(N)NCCCCC(NCC(O)C(O)C(O)CO)C(=O)O;O=C(CC1=CNC2=CC=CC=C12)NC(CC1=CC=CC=C1)C(=O)O;NC(=O)CC(NC(=O)c1sccc1C1CC1)C1CCOCC1;NCCCCC(NC1OC(C(=O)O)C(O)C(O)C1O)C(=O)O;O=C(O)[C@H](CCO)NCC[C@H](NCC[C@H](O)C(=O)O)C(=O)O;O=C(CC1=CC=CC=C1)N[C@@H](CC1=CNC2=CC=CC=C12)C(=O)O;O=C(/C=C/C1=CC=C(O)C=C1)NCCC1=CNC2=CC(O)=CC=C12;O=C(/C=C\C1=CC=C(O)C=C1)NCCC1=CNC2=CC=C(O)C=C12;COc1ccc(SCC(=O)NC(=O)NC2CCCCC2)cc1;COC1=CC=C(C2=CC(C(=O)NCCC3=CC=CC=C3)=NO2)C=C1;COC1=CC=C(C2=C(C(=O)NCCC3=CC=CC=C3)N=CO2)C=C1;CC(NC(CCC(=O)NC(CS)C(=O)O)C(=O)O)C(=O)O;COc1ccc(OCC(=O)NC(=S)NC2CCCCC2)cc1;CC(C)(C)OC(=O)NC(Cc1c[nH]c2ccc(F)cc12)C(=O)O;Cc1ccc(S(=O)(=O)CC(C)NC(=O)NC2CC=CC2)cc1;CC(C)=CCC/C(C)=C/CC1=C(O)C(Cl)=C(C)C(C=O)=C1O;CC(C)c1ccc(OC(=O)Cn2c(=O)cnc3ccccc32)cc1;COC1=CC=CC(C2=CC(C(=O)NCCC3=CC=CC=C3)=NO2)=C1;CC(C)c1ccc(C(=O)OCc2nnc(-c3ccccc3)o2)cc1;COc1ccc(CCNC(=O)c2ccc3cccnc3c2O)cc1;CC(C)c1ccc(NC(=O)c2cc3cccc(O)c3oc2=N)cc1;COc1cc(CNC(=O)Nc2cccc3ccccc23)ccc1O;C[C@@H](NC(=O)CC1=C(O)N=C2C=CC=CC2=C1O)C1=CC=CC=C1
m_637284,CCC(Cc1ccccc1C(F)(F)F)NC(=O)Cc1ncc[nH]1;COc1ccc(C=CC(=O)NC(C)Cc2ccccc2)cc1OC;COc1ccc(C=CC(=O)NCC(C)(O)CSC)cc1OC;O=C(O)CCCC(NC(Cc1ccc(O)cc1)C(=O)O)C(=O)O;CC(C)(C)OC(=O)C=Cc1ccc(NC(=O)c2cccnc2)nc1;COc1ccc(C=CC(=O)NCC(C)c2ccccc2)cc1OC;CCOc1ccc(C=CC(=O)NCCc2ccc(OC)cc2)cc1;COc1ccc(CN(C)C(=O)C=Cc2ccc(C)cc2)cc1OC;CCOc1ccc(C=CC(=O)Nc2ccc(C)cc2)cc1OCC;COC1=CC=C(/C=C/C(=O)OCCN(C)CC2=CC=CC=C2)C=C1;CNC(=O)c1ccc(C=CC(=O)NCc2ccc(OC)nc2)cc1;CCOC(=O)C=Cc1ccc(NCCOc2ccc(C)cc2)cc1;COc1cccc(C(=O)C=Cc2cnc(N3CCOCC3)nc2)c1;CCOc1ccc(OCCNC(=O)C=Cc2ccc(C)cc2)cc1;CNC(=O)Nc1cccc(NC(=O)C=Cc2cccc(OC)c2)c1;COC1=CC=C(CCN(C)C(=O)/C=C/C2=CC=CC=C2)C=C1OC;CCOc1cc(C=CC(=O)NCc2ccccc2C)ccc1OC;COc1cc(C=CC(=O)c2cnn(C(C)C)c2)ccc1OCC#N;CN(C)C(=O)c1cc(NC(=O)C=Cc2ccccc2)c(=O)n(C)c1;COC1=CC=C(/C=N/NC(=O)CCNC(=O)C2=CC=CC=C2)C=C1;CCOc1cc(C=CC(=O)Nc2ccc(C)cc2C)ccc1OC;COc1nccnc1OC1CCN(C(=O)C=Cc2ccccc2)C1;COc1cccc(C=CC(=O)NC(C)Cc2cccc(OC)c2)c1;CCC(NC(=O)C=Cc1ccccc1)c1ccc(OC)c(OC)c1;COc1ccc(C=CC(=O)NCc2ccc(OC(C)C)cc2)cc1
m_64030c,Cc1ccc(-c2nnc(CCC(=O)N3CCCC(C)CC3)o2)cc1;CCCCCCNc1ccn(C2OC(CO)C(O)C2O)c(=O)n1;CCCCCNc1ccc(NC(=O)COc2ccc(C)cc2)nc1;CCCCCNc1ccc(C(=O)Nc2ccccc2OCC)nc1;CCCCNc1ccc(C(=O)NCCc2ccc(OC)cc2)nc1;CCCCCNc1cc(C(=O)NCc2ccccc2OC)ccn1;CCCCNc1ccc(C(=O)Nc2ccc(OC(C)C)cc2)nc1;CCN(CC)c1ccc(NCC(=O)Nc2ccc(OC)cc2)cc1;CCN(CC)c1ccc(NC(=O)CNc2ccc(OC)cc2)cc1;CCCCCOc1ccc(NC(=O)COc2ccc(C)cc2)cc1;CCN(CC)c1ccc(NCC(=O)Nc2ccccc2OC)cc1;CCN(CC)c1ccc(NC(=O)CNc2cccc(OC)c2)cc1;CCCCCNc1cncc(C(=O)NCc2ccc(OC)cc2)c1;COC1=CC=C(O[C@@H]2O[C@H](CO)[C@@H](O)[C@H](O)[C@H]2NC(C)=O)C=C1;CCCCCCOc1ccc(NC(=O)c2cccc(OC)c2)cc1;CCOc1ccc(NC(=O)c2ccc(NCCC(C)C)nc2)cc1;CCCCNc1ccc(C(=O)Nc2ccccc2OC(C)C)cn1;CCCCCOc1ccc(OCC(=O)Nc2ccccc2C)cc1;Cc1ccc(OCC(=O)Nc2ccc(NCCC(C)C)nc2)cc1;CCCCCNC(=O)c1cc(Nc2ccccc2OCC)ccn1;CCCCN(C)c1cncc(C(=O)Nc2ccc(OCC)cc2)c1;CCCCOc1ccc(NC(=O)Nc2ccc(N(C)C)cc2)cc1;CCCCCNC(=O)c1cncc(NCc2ccccc2OC)c1;COc1cc(CNc2cccnc2N2CCC(O)CC2)ccc1C;CCCCC1=CC=C(NC(=O)CC2=CC=C(OC)C(OC)=C2)C=C1
m_64306c,CCOc1ccc(S(=O)(=O)NC2CCCN(c3ccnn3CC)C2=O)cn1;CCOC(=O)NC1CCCN(C(=O)C2CC(=O)N(c3ccc(Cl)cc3)C2)C1;CCOC(=O)N1CCC(NC(=O)C2CC(=O)N(C)C2c2cccc(Cl)c2)C1;CC1NC(C(=O)NCCN2CCS(=O)(=O)CC2)=NN(c2ccccc2)C1=O;CC(C)CCN1C(=O)c2ccc(C(=O)Nc3ccc(CC(=O)[O-])cc3)cc2C1=O;O=C(Cn1c(=O)cc(C(=O)N2CCCC2)c2ccccc21)Nc1ccc(F)cc1;CS(=O)(=O)N1CCNC[C@@H]1C(=O)N[C@H](CC1=CNC2=CC=CC=C12)C(N)=O;COc1ccc(NC(=O)NCCC(=O)NCc2ccccc2OC(F)F)cc1;CCOC(=O)C1CCCN(C(=O)CN2CCN(c3cccc(Cl)c3)C2=O)C1;N#Cc1cccc(CC(NC(=O)c2c3ccccc3cc3ccccc23)C(N)=O)c1;CC(C)NC(=O)c1ccc(NC(=O)C2CCCN2C(=O)Cc2ccccc2)cc1;Cc1ccc(C=CC(=O)NC(=S)Nc2ccccc2C(=O)N2CCCC2)cc1;COc1ccccc1NC(=O)c1ccc(NC(=O)NCc2ccccc2F)cc1;O=C(NC1CCN(C(=O)c2ccc(-c3ccc(F)cc3)o2)CC1)c1cccnc1;COc1ccc(NC(=O)CNc2ccccc2C(=O)Nc2ccc(F)cc2)cc1;CCOc1ccc(NC(=O)NC(=O)CSc2nnc(C)n2C)cc1OCC;COc1cccc(NC(=O)N2CCCN(S(=O)(=O)c3cn(C)cn3)CC2)c1;O=C(COc1ccc(Cl)cc1)N1CCN(C(=O)CN2CCCCC2=O)CC1;Cc1c(C(=O)N2CCN(C(=O)c3ccc(F)cc3)CC2)c(O)nc2ccccc12;O=C(NCc1ccc(F)cc1)Nc1ccc2c(c1)CN(C(=O)c1ccco1)CC2;O=C(CSc1nc2ccccc2c(=O)n1-c1ccccc1)NC1CCCCC1;CCC(C(=O)Nc1ccc(C(=O)N2CCOCC2)c(Cl)c1)N1CCCC1=O;COc1ccc(CCNC(=O)c2cncc(C(=O)Nc3ccccc3F)c2)cc1;COCCOc1ccc(NC(=O)NCCCCn2ccccc2=O)cc1Cl;O=C1CCCC(CC(=O)N2CCN(C(=O)COc3ccc(Cl)cc3)CC2)N1
m_65a7ff,Cc1nc(COc2ccc(C(=O)N3CCCC3c3ccncc3)cc2)no1;O=C(Nc1ccc(C(=O)NC2CC2)cc1)c1ccc(OC(F)(F)F)cc1;O=C(COc1ccc(Cl)cc1)N1CCC(C(=O)N2CCCCC2)CC1;COc1ccc(CNC(=O)c2cnc(Nc3cccc(OC)c3)nc2)cc1;COc1ccc(C(=O)Nc2ccc(NCCc3ccc(F)cc3)cc2)cc1;COc1ccc(CCNc2ccc(NC(=O)c3ccc(F)cc3)cc2)cc1;COc1ccc(C(=O)N2CCN(C(=O)c3cnn4ccccc34)CC2)cc1;CCOc1ccc(Nc2ncc(C(=O)Nc3ccc(OC)cc3)cn2)cc1;Cc1ccc(-c2ccc(F)cc2COc2ccc(CCC(=O)O)cc2)cc1;COCCOC(=O)C1=C(C)OC2=CC=C(OCC(=O)OC(C)(C)C)C=C12;COC1=CC(C[C@H](CO)C2=CC(OC)=C(O)C(OC)=C2)=CC(OC)=C1O;COc1ccc(NC(=O)c2cnc(Nc3cccc(C)c3)nc2)c(OC)c1;COC1=CC(O)=C2C(=O)C=C(C[C@H](O)CCCCCCC(=O)O)OC2=C1;O=C1CC(C(=O)NCc2ccc(OC(F)(F)F)cc2)c2ccccc2N1;COc1cccc(Nc2ncc(C(=O)Nc3cc(C)ccc3OC)cn2)c1;CCOc1ccc(Nc2ccc(NC(=O)Cc3ccccc3F)cc2)cc1;COc1cc(OC)c(C(O)c2c(OC)cc(OC)cc2OC)c(OC)c1;O=C(COc1ccc2ccccc2c1)N1CCN(c2ccccc2F)CC1;COC1=CC=C(CNC(=O)C2=C(C(=O)NCC3=CC=CC=C3)NC=N2)C=C1;COc1ccc(CNc2ccc(NC(=O)Cc3cccc(F)c3)cc2)cc1;COc1cc(C)c(C(=O)N2CCN(C(=O)C3CCCC3)CC2)cc1Cl;CCOC(=O)c1ccccc1Nc1nccc(Nc2ccc(OC)cc2)n1;COc1ccc(C(=O)Nc2ccc(C(=O)Nc3c(C)n[nH]c3C)cc2)cc1;O=C(COc1ccccc1)Nc1ccc(NCCc2ccc(F)cc2)cc1;COc1ccc(OC)c(Nc2ccc(NC(=O)Cc3ccccc3)nn2)c1
m_6817b1,O=C(c1cnccn1)N(Cc1c(F)cccc1F)C1CCCC1;CCOC(=O)CN(CCOC)C(=O)c1cnc2ccccc2n1;Cc1c(C(=O)NCCc2ccc(OCC(=O)O)cc2)cnn1C;CCCCCCCNC(CCOC(=O)CCC(=O)O)C(=O)O;NC(CCC(=O)NC(=O)CCc1c[nH]c2ccccc12)C(=O)O;COC(=O)CCNC(=O)c1cc(-c2ccc(OC)cc2)nn1C;CC(C)N(CC(=O)O)C(=O)CNC(=O)c1cc2ccccc2[nH]1;CCOc1ccc(C(=O)Nc2cnn(C(C)(C)C(=O)O)c2)cc1;CCOC(=O)CN1CCN(c2ccc(C(F)(F)F)cn2)CC1;Cn1c(=O)c(CNC(=O)NCCCC(=O)O)cc2ccccc21;Cn1cncc1CC(NC(Cc1ccccc1)C(=O)O)C(=O)O;CC(CN1CCOCC1)NC(=O)c1cccnc1C(F)(F)F;COc1cc(C(=O)O)ccc1CCNC(=O)c1cc(C)nn1C;CN(C)C(=O)CNC(=O)CCCN1C(=O)c2ccccc2C1=O;CCOc1ccccc1OCC(=O)NCCc1ccc(F)cc1;Cc1nn(CC(=O)N2CCC(COc3ccccc3)C2)c(=O)o1;CCCCNC(=O)NCC(=O)Nc1ccc(C(F)(F)F)cc1;CCn1cc(C(=O)NCCCN)c(=O)c2cc3c(cc21)OCO3;COc1cccc(C(C)(CC(=O)O)NC(=O)Cn2cccn2)c1;N[C@@H](CC1=CNC2=CC=CC=C12)C(=O)N1C[C@H](O)C[C@H]1C(=O)O;CCn1cc(C(=O)NCCc2ccc(OCC(=O)O)cc2)cn1;NC(=O)CN1CCCC(COc2ncccc2C(F)(F)F)C1;Cc1nn(CC(=O)N2CCCC2COc2ccccc2)c(=O)o1;COc1ccc(CNC(=O)c2ccc(-c3ccccc3)cc2)cc1;CC(=O)NCCNC(=O)NCc1ccc(C(F)(F)F)cc1C
m_6b66aa,Cc1cc(S(=O)(=O)Nc2cc(Cl)ccc2O)ccc1F;O=C(C=CC1=CC=C(O)C=C1)NCCC1=CC(O)=C(O)C(O)=C1;CC(C)C/C=C/C=C/C(=O)NC1=CC2=C(C=C1O)OC(=O)CC2;O=C(O)C(Cc1ccc(O)c(O)c1)NCCCc1ccccc1;COC1=CC2=C(CNC2=O)C(O)=C1C/C=C(\C)CCC=C(C)C;COc1cc(C=CCNCCc2ccc(O)c(O)c2)ccc1O;COc1cc(C(=O)N(C)CCC(=O)O)ccc1Br;COc1cc(C=CCNc2cc(C(=O)O)ccc2O)ccc1O;O=C(C=Cc1ccc(O)c(O)c1)NCC(O)c1ccc(O)cc1;CCCCCCCCCC1=NC(=CC2=CC=C(O)C=C2)C(=O)O1;O=c1c([O-])c2occ(-c3ccc(O)c(O)c3)c(O)c-2c([O-])c1[O-];CC(C)=CC(=O)Nc1ccc(C)cc1I;COc1ccc2cc(C(=O)CC(C)CO)[nH]c2c1CC=C(C)C;CCCCCC=CC=CC(=O)NC(Cc1ccccc1)C(=O)O;CC(C)=CC(=O)Nc1cccc(I)c1C;COC1=CC2=C(C(=O)NC3=CC=C(O)C(C)=C3O2)C(OC)=C1C;COC1=CC(C2CC(=O)OC3=C2C(=O)N(C)C(C)=C3)=CC=C1O;COC1=CC2=C(C=C1O)[C@H](CC1=CC=C(O)C(O)=C1)N(C)CC2;COc1cc(Br)ccc1C(=O)NCCCC(=O)O;CC(=O)C(C)(C)CNC(=O)/C=C/C=C\C1=CC=C2OCOC2=C1;CCC/C=C\C=C/CCC1=CC(O)=CC(O)=C1[C@@H]1CCC(=O)N1;COC1=CC(C[C@@H](NC(=O)C2=CC=CC=C2)C(=O)O)=CC=C1O;O=C1C=C(c2oc3cc(=O)cc([O-])c-3c(O)c2O)CC(=O)C1=O;Cc1cc2c(c([O-])c1O)C(=O)c1c([O-])c(O)c(O)c([O-])c1C2=O;COC(=O)[C@@H]1CC2=CC(O)=C(OC)C(Br)=C2CN1
m_6d224e,CCN1CCN(C(=O)Cc2csc(NC(=O)c3cccs3)n2)CC1;Oc1ccc(C=Cc2ccc(NC(=S)Nc3ccc(F)cc3)cc2)cc1;COc1ccc(C(=O)NCC(=O)N(C)Cc2c(F)cccc2Cl)cc1;COC1=CC(OC)=CC(C(=O)NCCC2=CC=C(S(N)(=O)=O)C=C2)=C1;O=c1cc(C=Cc2ccc(O)c(O)c2)cc(C=Cc2ccc(O)c(O)c2)o1;COc1cccc(C=CC(=O)Nc2ccccc2NC(=O)C(F)(F)F)c1;Cc1ccc(C=Cc2ccc(-c3cc(=O)cc(-c4ccccc4)o3)cc2)cc1;NC(=O)COc1ccc(C=CC(=O)Nc2cccc(C(F)(F)F)c2)cc1;COC1=CC=C(C(=O)NC[C@H]2O[C@@H](CC(=O)NC3CC3)[C@H](O)[C@@H]2O)C=C1;O=C1C2=CC(O)=CC(O)=C2[C@@H](C2=CC(O)=CC(O)=C2)[C@@H]1C1=CC=C(O)C=C1;O=C(Nc1ccc(O)cc1)C1CC(=O)N(c2cccc(C(F)(F)F)c2)C1;COc1ccc(OCc2nnc3sc(C=Cc4ccccc4)nn23)cc1;COc1ccc(C=O)cc1COc1ccc(C(=O)c2ccc(F)cc2)cc1;Oc1ccc(C(=C(c2ccccc2)c2ccccc2)c2ccc(O)cc2)cc1;COc1cc(O)c2c(c1)oc1cc(OC)c(C(=O)c3ccccc3)c(O)c12;O=C(COc1ccc(F)c(Cl)c1)N1CCN(c2ccc(O)cc2)CC1;OC(Nc1ccc(OCCF)cc1)c1ccc(C=Cc2ccncc2)cc1;CC(=O)Oc1cccc(C(=O)Nc2ccc(NC(=O)c3ccco3)cc2)c1;CCc1nc(COC(=O)CNC(=O)c2cc(OC)cc(OC)c2)cs1;COC(=O)c1ccc(NC(=O)COC(=O)C=Cc2ccc(C#N)cc2)cc1;COc1cccc(C=CC(=O)Nc2cccc(NC(=O)C(F)(F)F)c2)c1;COc1ccccc1C(=O)NC(=O)COC(=O)C=Cc1ccc(C#N)cc1;O=C(COc1ccc2ccccc2c1)NNC(=O)c1ccc2c(c1)OCO2;O=C(C=Cc1ccc(OCc2ccccc2)cc1)Nc1ccc(Cl)cn1;O=C1c2cc(Oc3ccc(O)cc3)c3ccccc3c2C(=O)N1NCCO
m_6d3dc0,CN(C)S(=O)(=O)N1CCN(C(=O)Cc2ccccc2F)CC1;CC(C)C(=O)OCC1OC(n2ccc(NO)nc2=O)C(O)C1O;O=C([O-])CCC[NH2+]C1C(O)C(CO)OC1n1ccc(=O)[nH]c1=O;Cn1c(=O)cc(NCC=COC2OC(CO)C(O)C2O)[nH]c1=O;COCCOC1C(O)C(C(N)=O)OC1n1cc(C)c(=O)[nH]c1=O;Nc1nc(-c2ccccc2)c2ncn(C3OC(CO)CC3F)c2n1;CCCC(=O)OCC1OC(NC(=O)c2[nH]ncc2O)C(O)C1O;CC[Si](C)(C)OC1C(O)C(CO)OC1n1ccc(N)nc1=O;CCC1OC(n2ccc(NC(=O)c3ccccc3)nc2=O)CC1O;Cc1cccc(OCC(=O)NNC(=S)NCc2ccccc2)c1;CC(C)CC(=O)Nc1nc(=O)n(C2OC(C)C(O)C2O)cc1F;CC(=O)OC[C@@H]1O[C@@H](N2CN(C)C(=O)NC2=O)C[C@H]1OC(C)=O;CC(=O)N1CCc2ccc(NC(=O)NCc3cccs3)cc2C1;CCOP(=O)(NC(C)C)Oc1ccccc1C(=O)OC(C)C;NC(CCO[P+](=O)OCCC(N)c1ncn[nH]1)c1ncn[nH]1;Nc1nc(=O)c2c([nH]1)N(CCCCCCCP(=O)([O-])[O-])CN2;COCCNC(=O)CCc1csc2nc(-c3ccccc3)cn12;CCOP(=O)(CC(=S)N(C)C(C)c1ccccc1)OCC;COc1ccccc1OCC(=O)NC(Cc1ccccc1)C(=O)O;Cc1ccc(C)c(OCC(=O)NNC(=S)Nc2ccccc2)c1;CC(C)C(=O)OC1C(CO)OC(n2ccc(N)nc2=O)C1(C)F;CC(C)OP(=O)(CC1Sc2ncccc2C1C)OC(C)C;CC(C)OP1(=O)CC2CC(CO1)OC2n1ccc(N)nc1=O;O=C(Nc1csnc1-c1ccccc1)NC1CCOC1C1CC1;CCOP(=O)(COCCc1nc(N)c2[nH]cnc2n1)OCC
m_6d9287,Cc1cncc(C(=O)N(c2cccnc2)C(C)C)c1;Cc1n[nH]c(C)c1NC(=O)c1cccc2c1CCC2;CCC(=O)NC1=C2CCN(C)C2=NC2=CC=CC=C12;O=C(NC1CCNCC1)c1cccc2cccnc12;Cc1n[nH]c(C)c1NC(=O)c1ccc2c(c1)CCC2;Nc1cnc(COc2ccc3c(c2)CCCC3)cn1;CC1(NC(=O)CNc2ccc(C#N)cc2)CC=CC1;O=C(Cc1ccccc1)NC1CCc2cn[nH]c2C1;N#CCCNC(=O)CCCc1c[nH]c2ccccc12;CCOCCCNc1cc(C#N)c2ccccc2n1;N#Cc1cc(NCCCCCO)nc2ccccc12;CN1CCN(C(=O)c2ccnc3ccccc23)CC1;O=C(NCC1(C2CC2)CC1)c1c[nH]c2cccnc12;O=C(Nc1cccc2ccccc12)NC1CCNC1;CC(NC(=O)c1ccc2c(c1)CCC2)c1ncc[nH]1;N#CCCCCNC(=O)Cc1c[nH]c2ccccc12;CC1=CCCN(C(=O)c2c[nH]c3cc(N)ccc23)C1;CCN1C(=O)C2=C(NCCN=C2C)C2=CC=CC=C21;CC1CCCN1c1cc(C(N)=O)c2ccccc2n1;Cc1ccccc1NC(=O)Cn1ccnc1C1CC1;CNc1ccccc1C(=O)NCCc1cccnc1;CC(O)C1CCN(c2c(C#N)cccc2C#N)CC1;CCn1ccnc(Nc2ccc3c(c2)CCC3)c1=O;CNc1ccccc1C(=O)NCc1ccc(N)cc1;CC1CN(C(=O)c2cccc3ncccc23)CCN1
m_6e1c94,O=c1cc(CN2CCOC(c3ccccc3F)C2)[nH]c2ccnn12;CCOC(=O)C1=CC=C(O[C@@H]2O[C@H](CO)[C@@H](O)[C@@H](O)[C@@H]2O)C=C1;COC1=CC(C(C)=O)=CC=C1OC1O[C@H](CO)[C@@H](O)[C@H](O)[C@H]1O;O=C(O)CCC1=CC=CC=C1O[C@@H]1O[C@H](CO)[C@@H](O)[C@H](O)[C@H]1O;COC1=CC=C(C(C)=O)C(O[C@@H]2O[C@H](CO)[C@H](O)[C@H](O)[C@H]2O)=C1;O=C(O)CCC1=CC=C(O[C@@H]2O[C@H](CO)[C@@H](O)[C@H](O)[C@H]2O)C=C1;CC(=O)C1=C(C)C=C(O[C@@H]2O[C@H](CO)[C@@H](O)[C@H](O)[C@H]2O)C=C1O;O=C(CCC1=CC=CC=C1O)O[C@@H]1O[C@H](CO)[C@@H](O)[C@H](O)[C@H]1O;O=C(O)CCC1=CC=CC(O[C@@H]2O[C@H](CO)[C@@H](O)[C@H](O)[C@H]2O)=C1;C[C@@H](C(=O)O[C@H]1O[C@@H](CO)[C@H](O)[C@@H](O)[C@@H]1O)C1=CC=C(O)C=C1;O=C(/C=C/CCC1=CC=C(O)C(O)=C1)CCC1=CC=C(O)C(O)=C1;OC/C=C/C1=CC=C(O)C(O[C@@H]2O[C@H](CO)[C@@H](O)[C@H](O)[C@H]2O)=C1;O=C(CCO[C@@H]1O[C@H](CO)[C@@H](O)[C@H](O)[C@H]1O)C1=CC=C(O)C=C1;CC(=O)C1=C(C)C=C(O)C=C1O[C@@H]1O[C@H](CO)[C@@H](O)[C@H](O)[C@H]1O;CCCC1=CC([C@@H]2CC(=O)C3=C(O)C=C(O)C=C3O2)=CC=C1OC;C[C@@H](C(=O)O)C1=CC=C(O[C@H]2O[C@@H](CO)[C@H](O)[C@@H](O)[C@@H]2O)C=C1;CC(=O)C1=CC(OC2OC(CO)C(O)C(O)C2O)=CC(O)=C1C;CCOC1=CC(C=O)=CC=C1OC1OC(CO)C(O)C(O)C1O;CC(=O)CC1=CC(O)=CC(OC2OC(CO)C(O)C(O)C2O)=C1;COCC(=O)C1=CC=C(O[C@@H]2O[C@H](CO)[C@@H](O)[C@H](O)[C@H]2O)C=C1;O=C(O[C@H]1O[C@@H](CO)[C@H](O)[C@@H](O)[C@@H]1O)[C@@H](CO)C1=CC=CC=C1;OC/C=C/C1=CC=C(O[C@@H]2O[C@H](CO)[C@@H](O)[C@H](O)[C@H]2O)C(O)=C1;C[C@H](O)[C@@H](O)[C@H](O)[C@H](CO)O[C@@H]1O[C@H](CO)[C@H](O)[C@H](O)[C@H]1O;COC1=CC=C(C(=O)CO[C@@H]2O[C@H](CO)[C@@H](O)[C@H](O)[C@H]2O)C=C1;CC(=O)OC[C@H]1O[C@@H](OC2=CC=C(O)C=C2C)[C@H](O)[C@@H](O)[C@@H]1O
m_6ebcf9,COC1CC(c2nc(C3CC3)n[nH]2)N(Cc2ccc3c(c2)CCO3)C1;NCCCCC(N)C(=O)NC(CC1=CNC=N1)C(=O)NCC(=O)O;NCCCC[C@H](NC(=O)[C@H](CC1=CNC=N1)NC(=O)CN)C(=O)O;O=C(NCCC[C@H](NC(=O)C1=CC=CC=C1)C(=O)O)C1=CC=CC=C1;N[C@@H](CCC(=O)N[C@@H](CSCC1=CC=CC=C1)C(=O)O)C(=O)O;NC(=O)NCCCCCC(=O)Nc1ccc(Nc2ccccc2)cc1;Nc1ccccc1NC(=O)CCCCCC(=O)Nc1ccccc1N;C[C@H](CCC1=CC=CC=C1)NC(=O)N[C@@H](CC1=CC=CC=C1)C(=O)O;CCC(=O)Nc1cccc(C(=O)NC(Cc2ccccc2)C(=O)O)c1;COc1ccc(C(=O)NCC(=O)NC(CCSC)C(=O)O)cc1;O=C(CCC(NCc1ccccc1)C(=O)O)NC(CS)C(=O)O;N=C(NOCCC(N)C(=O)O)NC(Cc1ccc(O)cc1)C(=O)O;CCCCCCNC(=O)c1ccc(C(=O)Nc2ccccc2N)nc1;COC(=O)C(Cc1ccccc1)NC(=O)c1ccc(NC(C)=O)cc1;Cc1ccc(NC(=O)c2ccc(NCCNC(=O)C(C)C)nc2)cc1;CC(C)CC(NCCC(=O)NC(Cc1cnc[nH]1)C(=O)O)C(=O)O;Cc1ccc(C)c(NC(=O)CC(NCCc2ccccc2)C(=O)O)c1;CCCCOc1ccc(C(=O)NCC(=O)NCc2ccccc2)cc1;CCC(C)NC(=O)C(C)NC(=O)c1ccc(Nc2ccncc2)cc1;Cc1ccc(N2CCCC(NC(=O)C(O)Cc3ccccc3)C2)nn1;CCCCOc1ccc(C(=O)Nc2cnc(N3CCCC3)nc2)cc1;CC(=O)N[C@@H](CC1=CC=CC=C1)C(=O)N[C@H](CO)CC1=CC=CC=C1;CCCNC(=O)c1cccc(C(=O)NCC(O)Cc2ccccc2)c1;CC(C)N(Cc1ccccc1)C(=O)NCCNC(=O)c1cccnc1;CCCCCNC(=O)c1ccc(C(=O)Nc2ccc(OC)cc2)cc1
m_6f127a,O=C(c1coc(C2CCC2)n1)N1CC(O)CC1c1cccc(F)c1;CCCCCCCC1=CC=C(C(=O)OC2=CC=C(Cl)C=C2)C=C1;CC12C=CC(=O)C=C1C(O)(CO)CC1C2CCC2(C)C(=O)CCC12;Cc1cc(Cl)ccc1OC(=O)CCc1ccc(C(C)(C)C)cc1;CC1=C2C=C3CC[C@@H]4C(C)(C)C(=O)CC[C@@]4(C)[C@]3(O)C[C@H]2OC1=O;CC(=O)C1CCC2C3C(F)CC4=CC(=O)C=CC4(C)C3CCC12C;C[C@]12CCC3=C4CCC(=O)C=C4CC[C@H]3[C@@H]1CC[C@@]2(O)C#CCl;CCCCC(=Cc1ccc(OC)cc1)Cc1cc(Cl)ccc1O;COc1cc(OC)c(CNC(=O)C2CC(F)(F)CN2)c(OC)c1;CC(=O)C1CCC2C3CC(F)C4=CC(=O)C=CC4(C)C3CCC12C;Cc1occc1C(=O)NCC(=O)NC1(c2ccc(F)cc2)CCC1;CCC(=O)OCC1=CC=CC2=C1C(=O)C(CC=C(C)C)=C(OC)O2;Cc1ccc(CC(=O)OCC(=O)N(C)Cc2ccccc2F)cn1;COc1ccc(CC(=O)NC2(c3nc(C)cs3)CCCC2)cc1;O=C(Nc1cccc(CN2CCOCC2)c1)c1c(O)cccc1F;C/C=C(/C)C(=O)O[C@@H]1C2=C(OC=C2)C(=O)C2=C[C@H](O)C[C@H](C)[C@]21C;CC(C)=CCCC1(C)C=CC2=C(O)C=C(O)C(C(=O)C(C)C)=C2O1;COC(C)CS(=O)(=O)N1CCC(Nc2ccccc2F)CC1;CC1CCC(C(O)Cc2ccc(Cl)c(Cl)c2)([NH+](C)C)CC1;COc1ccc(C(NC(=O)Cn2cc(F)ccc2=O)C2CC2)cc1;O=C(Nc1ccc(NC2CCOCC2)cc1)c1c(O)cccc1F;COCCOc1cc(CNC(=O)C2CCc3nc[nH]c3C2)ccn1;CCC(=O)NCC(=O)NCc1ccccc1Oc1ccccc1F;CCOC(=O)CCN(Cc1ccccn1)C(=O)c1ccc(F)cc1;CCOC1(C([NH3+])Cc2cc(Cl)ccc2Cl)CCCC(C)C1
m_6f3a5c,Cc1n[nH]c(C)c1C1CCCN1C(=O)Cc1ccc2c(c1)CCO2;CCC(=O)NC(C(=O)C(O)C(O)CO)C(O)C(O)C(O)CO;CC(=O)NC(C=O)C(OC(=O)c1ccccc1)C(O)C(O)CO;O=C(NCC=Cc1ccccc1O)C(=O)C(O)C(O)C(O)CO;OCC1NC(CO)C(OC2OC(CO)C(O)C(O)C2O)C1O;[NH3+]CCCCC([NH3+])C(=O)OC(C(=O)[O-])C(O)C(O)C(O)CO;OC[C@H]1NC[C@@H](O[C@@H]2O[C@H](CO)[C@@H](O)[C@H](O)[C@H]2O)[C@@H](O)[C@@H]1O;OC[C@H]1NC[C@H](O)[C@@H](O[C@@H]2O[C@H](CO)[C@@H](O)[C@H](O)[C@H]2O)[C@@H]1O;CC(=O)N[C@H]1[C@H](OC2=CC=C(C=O)C=C2)O[C@H](CO)[C@@H](O)[C@@H]1O;OC[C@H]1NC[C@H](O)[C@@H](O)[C@@H]1O[C@@H]1O[C@H](CO)[C@@H](O)[C@H](O)[C@H]1O;COC1=CC=C(CC#N)C=C1O[C@@H]1O[C@H](CO)[C@@H](O)[C@H](O)[C@H]1O;COC1=CC(CC#N)=CC=C1O[C@@H]1O[C@H](CO)[C@@H](O)[C@H](O)[C@H]1O;OC[C@H]1O[C@@H](OC[C@H]2NC[C@H](O)[C@@H](O)[C@@H]2O)[C@H](O)[C@@H](O)[C@@H]1O;CC1=CC=C(COC2OC(CO)C(O)C(O)C2O)C(C#N)=C1O;CCCCCCCCOc1cccc(-c2ccccc2)c1C(=O)[O-];O=C(CCS)NCCCOC1OC(CO)C(O)C(O)C1O;O=C1[NH+]=C(NN=CC(O)C(O)C(O)CO)NC1=Cc1ccco1;Cc1cc(C)cc(C(C)NC(=O)NCc2cccc(C(N)=O)c2)c1;CCC(=O)Nc1ccc(NCC(=O)Nc2cc(C)cc(C)c2)cc1;COC(=O)NCCOCCOC1OC(CO)C(O)C(O)C1O;CCc1nc(CCNC(=O)NCC2(C)CCCCC2O)cs1;Cn1ccc(CN2CCCNC(=O)C2Cc2ccccc2)cc1=O;CCCC(=NNC(=O)CNc1ccc(OC)cc1)c1ccccc1;CN(C)CCCN1C(=O)C2=C(N=CN2C[C@H](O)CO)N(C)C1=O;CCC(=O)Nc1ccc(NCC(=O)NCCc2ccccc2)cc1
m_6f414f,Cc1cccc(S(=O)(=O)Nc2cccc(-c3ccc(=O)[nH]n3)c2)c1;O=C(CCCc1c[nH]c2ccccc12)OCCOc1ccc(F)cc1;CC(C)C(=O)N1CCN(C(=O)CCCC2=CNC3=CC=CC=C23)CC1;O=C(NCCOc1ccccc1)c1ccc(-c2ccc(Cl)cc2)o1;O=C(NCCOc1ccc(F)cc1)NCCc1c[nH]c2ccccc12;COc1cc(OC)c(NC(=O)c2cccc3ccccc23)cc1Cl;CNC(=O)c1ccc(Cl)c(NC(=O)Cc2c[nH]c3ccccc23)c1;O=C(O)c1c[nH]c2cc(Cl)c(-c3ccc(C4(O)CCC4)cc3)cc12;CC(C)CC(=O)N1CCN(C(=O)CCc2c[nH]c3ccccc23)CC1;COc1ccc(C)cc1NC(=O)c1ccc(-c2ccccc2Cl)o1;CCOC(=O)c1c(-c2ccccc2)c2cc(Cl)ccc2n(C)c1=O;COc1cc(C(=O)C=Cc2c[nH]c3ccccc23)c(OC)cc1Cl;O=C(Cc1c[nH]c2ccccc12)Nc1cccc(Nc2ccccc2)c1;O=C(Cc1c[nH]c2ccccc12)NC(c1ccccc1)c1ccccn1;O=S(=O)(NCCc1c[nH]c2ccccc12)c1ccc2ncoc2c1;COc1cc2ccccc2c(OC)c1C(=O)Nc1cccc(Cl)c1;NC(=O)c1ccc(Cl)c(NC(=O)CCc2c[nH]c3ccccc23)c1;COc1cc(NC(=O)c2ccc3ccccc3c2)c(OC)cc1Cl;COc1ccc(CNC(=O)c2ccc(-c3ccccc3Cl)o2)cc1;COC(=O)c1ccc(CCOc2nc(Cl)cc3ccccc23)cc1;NC(=O)C(Cc1c[nH]c2ccccc12)NC(=O)c1ccccc1Cl;O=C(COC(=O)c1ccc2ccccc2c1)Nc1cc(F)ccc1F;O=C(Cc1c[nH]c2ccccc12)NCC(=O)Nc1ccc(Cl)cc1;COc1ccc(C=CC(=O)c2c[nH]c3cc(Cl)ccc23)cc1OC;O=C(O)CCc1ccc(OCc2coc(-c3cccc(F)c3)n2)cc1
m_6f45e5,O=C(NC1CCN(CCc2ccccc2)CC1)N1CCCC(n2cncn2)C1;CC(C)CN(CC(C)C)c1ccc(C(C)CC(=O)[O-])cc1Nc1ccncc1;CNC(=O)Nc1ccc(C)cc1C(O)C[NH+]1CCCC(Cc2ccccc2)C1;Cc1cc(NC(=O)C(Cc2ccccc2)[NH+](C)C)ccc1NC(=O)C(C)(C)C;CCCCN1C(=O)c2c(NC3CC[NH+](C(C)C)CC3)ccc3c2C(=O)C1C=C3;CN(C)c1cccc(-c2cccc(C(=O)NCC(C)(C)[NH+]3CCOCC3)c2)c1;CCOc1ccc(C[NH2+]C(C)CC(=O)Nc2cccc(N3CCCC3)c2)cc1;C=C(C)C(=O)NCCC[N+](C)(C)CC(=O)NCCN1C(=O)NC(C)(C)C1=O;Cc1ccc(NC(=O)C(C)[NH+]2CCN(CCOc3ccccc3)CC2)cc1C;C[NH2+]CCN1CCC(c2ccc(NC(=O)c3ccccc3OC)c(C)c2)CC1;CC(=O)NCc1cccc(C[NH+]2CCN(c3ccccc3OC(C)C)CC2)c1;CN(C)C(=O)C(Cc1ccccc1)NC(=O)C(CCc1ccccc1)[NH+](C)C;C[NH+](C)CCCNC(=O)c1ccccc1NC(=O)c1ccc(C(C)(C)C)cc1;CCCCCCCCCCCCCC(=O)NCC(=O)ON1C(=O)CCC1=O;COc1ccccc1CC[NH2+]CCC(=O)N1CCN(c2cccc(C)c2)CC1;CC(C)Oc1ccccc1CC(=O)Nc1cccc(C[NH+]2CCN(C)CC2)c1;Cc1cc(NC(=O)COc2ccc(C(C)C)cc2)ccc1N1CC[NH+](C)CC1;CCCCCCC[NH2+]CC(=O)Nc1cccc(C(=O)NCc2ccccc2)c1;Cc1cc(C(=O)C[NH+]2CCN(C(=O)C(C)C)CC2)c(C)n1Cc1ccccc1;CC[NH+](CC)C(C(=O)Nc1ccc(C(=O)NC(C)(C)C)cc1)c1ccccc1;CC[NH+](CC)Cc1ccccc1CNC(=O)c1ccc(NC(=O)C(C)C)cc1;COc1cccc(CNC(=O)Nc2ccccc2C[NH+](C)C2CCCCC2)c1;C=C(C)[C@@H]1C(=O)C(C(=C)[C@H]2CC(=O)C(C)=C[C@H]2O)=C[C@H]2C(C)(C)CCC[C@]12C;CC(C)[NH+](CCNC(=O)CNC(=O)c1ccc(-c2ccccc2)cc1)C(C)C;COc1ccccc1CCNC(=O)C(C)[NH+]1CCN(c2ccc(C)cc2)CC1
m_70464b,Cc1occc1C(=O)N1CCS(=O)(=O)C(C)C1C;CCCCCCCC(=O)[C@@H](C)NC(=O)CCC(=O)O;CCCCCC=CCCCNC(CC(=O)O)C(=O)O;Cc1ccc(C)c(S(=O)(=O)NCCCC(=O)O)c1;CCCCCCCCCCCCC(C)(O)CC(=O)[O-];NC1=C(CCCC(=O)O)SC(CCCC(=O)O)=C1;CCCCCCCCC=CC(=O)NC(CO)C(=O)O;CC(C)=CCCC(C)CNC(CCC(=O)O)C(=O)O;COC1=CC=CC(C(=O)NC2=CC=C(C(=O)O)C=C2)=C1;CCCCC(O)CCCCCCCCCCC(=O)[O-];CCCCC(=O)NS(=O)(=O)c1cccc(OC)c1;CCCCCCC(NC(=O)C1CCCO1)C(=O)OC;COc1cc(CNC(CCS)C(=O)O)ccc1O;CCCCCCCCCCCC(CCO)CC(=O)[O-];CCCCCOC(=O)c1cccc(S(N)(=O)=O)c1;COC(=O)CCN(CCO)C(=O)Cc1cccs1;CCCCCCC(O)CC(=O)N1CCCC1C(=O)O;CCCCCC=CC(C)C(O)C(=O)NC(C)C(=O)O;Cc1cc(C)c(S(=O)(=O)NCCC(=O)O)c(C)c1;CCCCCCC[C@H](O)CC(=O)N[C@H]1CCOC1=O;C=CCCCCCCCCC(=O)NC(CO)C(=O)O;CC(C)CN(CC(=O)O)S(=O)(=O)c1ccccc1;CCCCCCCCCCC=CCNCCSC;CCCCCCCCCC(=O)N=C(CCO)C(=O)O;CCCCCCCCCNc1ccc(Cl)c(F)c1
m_70fe91,Cn1ccnc(NC2CCN(c3ccc(Br)cc3)C2)c1=O;O=C(O)/C=C/CCCCCCCO[C@@H]1O[C@H](CO)[C@@H](O)[C@H](O)[C@H]1O;CCCCCCCC(=O)OCC1OC(OCCC)C(O)C(O)C1O;C/C(=C\CC[C@H](C)CCO[C@@H]1O[C@H](CO)[C@@H](O)[C@H](O)[C@H]1O)C(=O)O;CC(C)CC(=O)OC[C@H]1O[C@@H](OC(=O)CC(C)C)[C@H](O)[C@@H](O)[C@@H]1O;CC[C@@H](C)C(=O)O[C@@H]1O[C@H](CO)[C@@H](O)[C@H](O)[C@H]1OC(=O)CC(C)C;CCCCCCCCCC(=O)OC1C(OC)OC(CO)C(O)C1O;C[C@H](CO[C@H]1O[C@@H](CO)[C@H](O)[C@H](O)[C@@H]1O)[C@@H]1CC[C@@H](C)[C@H]1C(=O)O;C/C(=C\CC[C@H](C)CCO)C(=O)O[C@@H]1O[C@H](CO)[C@@H](O)[C@H](O)[C@H]1O;CCCCCCCCC(CC(=O)O)OC1OC(C)C(O)C(O)C1O;Cc1cc(OC2OC(C(=O)O)C(O)C(O)C2O)cc(CO)c1Cl;C[C@@H]1O[C@@H](OCCCCCCCC[C@@H](O)CC(=O)O)[C@H](O)C[C@H]1O;CC(=O)O[C@@H]1O[C@H](CO)[C@@H](OC(C)=O)[C@H](OC(C)=O)[C@H]1OC(C)=O;OCC(O)COc1ccc(Cc2ccc(OCC(O)CO)cc2)cc1;C[C@@H]1CC[C@@H]2[C@@H](CO[C@@H]3O[C@H](CO)[C@@H](O)[C@H](O)[C@H]3O)CO[C@@H](O)[C@@H]21;O=C(O)C(COP(=O)(O)O)OC1OC(CO)C(O)C(O)C1O;O=C(O)[C@@H](CO)O[C@H]1O[C@H](COP(=O)(O)O)[C@@H](O)[C@H](O)[C@@H]1O;C[C@H](CCCCCC[C@@H](O)CC(=O)O)O[C@@H]1O[C@@H](C)[C@H](O)C[C@H]1O;CC(C)[C@]1(O)C=C[C@](C)(O)[C@H](O[C@@H]2O[C@H](CO)[C@@H](O)[C@H](O)[C@H]2O)C1;C[C@H]1CC[C@@H]([C@@](C)(O)CO[C@@H]2O[C@H](CO)[C@@H](O)[C@H](O)[C@H]2O)CC1=O;C[C@H]1CC[C@@H]([C@@](C)(O)CO[C@@H]2O[C@H](CO)[C@@H](O)[C@H](O)[C@H]2O)C(=O)C1;COCCOCC(O)COc1ccc(Br)cc1C(C)O;CC1=C[C@H](O[C@@H]2O[C@H](CO)[C@@H](O)[C@H](O)[C@H]2O)[C@](O)(C(C)C)C[C@H]1O;CCCCC(=O)OCC1OC(O)C(O)C(OC(=O)CCCC)C1O;O=C(OCCOCCOCCOCCO)c1ccc2ccccc2c1
m_70ff2a,Cc1n[nH]cc1CNc1ccc(C(=O)N2CC(C)OC(C)C2)cc1;CNC(=O)c1nc(C)n(C2OC(CO)C(O)C2O)c1C(=O)NC;CC(C)(O)CN1CCC(NC(=O)c2cc3ccccc3nc2N)C1;COCCn1ccc(NC(=O)NC2(c3ccccc3)CCCC2)n1;Cc1c(C2CCN(C(=O)NCCc3ccccc3)CC2)noc1N;CCn1nccc1C1CCN(C(=O)c2noc3c2CCCC3)CC1;O=C(NCCc1ccc(-n2cccn2)cc1)NCC1CCCC1O;O=C(O)CCC1=CC=C(O[C@@H]2O[C@H](CO)[C@@H](O)[C@H](O)[C@H]2O)C=C1;O=C(O)CCC1=CC=CC=C1O[C@@H]1O[C@H](CO)[C@@H](O)[C@H](O)[C@H]1O;Cc1cccnc1CCNC(=O)c1cc(C2CCOCC2)nn1C;C[C@@H](C(=O)O[C@H]1O[C@@H](CO)[C@H](O)[C@@H](O)[C@@H]1O)C1=CC=C(O)C=C1;CCOC(=O)C1=CC=C(O[C@@H]2O[C@H](CO)[C@@H](O)[C@@H](O)[C@@H]2O)C=C1;Cc1cccc(CN2CCN(C(=O)Nc3c(C)noc3C)CC2)c1;COC1=CC=C(C(C)=O)C(O[C@@H]2O[C@H](CO)[C@H](O)[C@H](O)[C@H]2O)=C1;O=C(c1cccc2[nH]cnc12)N1CCCCC1CN1CCOCC1;COC1=CC(C(C)=O)=CC=C1OC1O[C@H](CO)[C@@H](O)[C@H](O)[C@H]1O;CC(NC(=O)CC1CCCCC1)C(=O)Nc1cccc2[nH]cnc12;C[C@@H](C(=O)O)C1=CC=C(O[C@H]2O[C@@H](CO)[C@H](O)[C@@H](O)[C@@H]2O)C=C1;CC1CCC(Nc2c(N)n(Cc3ccccc3)c(=O)n(C)c2=O)C1;CC(C)CC(Nc1ccnc(-c2ccccc2)n1)C(=O)NCCO;CC(=O)N1CCC(C(=O)NCCc2ccc3c(c2)ncn3C)CC1;O=C(O)CCC1=CC=CC(O[C@@H]2O[C@H](CO)[C@@H](O)[C@H](O)[C@H]2O)=C1;O=C(O[C@H]1O[C@@H](CO)[C@H](O)[C@@H](O)[C@@H]1O)[C@@H](CO)C1=CC=CC=C1;CC1CC(O)CCN1C(=O)NCc1cccc(Cn2cccn2)c1;O=C(NCC1CCCN(c2nccc3occc23)C1)C1CCCN1
m_7108be,COCC1COCCN1C(=O)C1OCCC1C(C)C;CCCCCC=CCCCNC(CC(=O)O)C(=O)O;CCCCCCCCC=CC(=O)NC(CO)C(=O)O;CCCCCCCC(=O)[C@@H](C)NC(=O)CCC(=O)O;CCCCCC=CC(C)C(O)C(=O)NC(C)C(=O)O;CC(C)=CCCC(C)CNC(CCC(=O)O)C(=O)O;CCCCCCC(O)CC(=O)N1CCCC1C(=O)O;C=CCCCCCCCCC(=O)NC(CO)C(=O)O;CCCCCCCCCCn1c(O)c(O)c(O)c1O;CCCCCCC(NC(=O)C1CCCO1)C(=O)OC;CCCCCCC[C@H](O)CC(=O)N[C@H]1CCOC1=O;CCCCCCCC1C(C(=O)OC)N1C(=O)OCC;CCCCCCCCCC(=O)N=C(CCO)C(=O)O;COC(=O)CCN(CCC(C)C)C(=O)C1CCCO1;CC(C)(Oc1ccc(CCC[NH3+])cc1)c1ccncc1;CC(C)(C)OC(=O)NCC1(CC(=O)O)CCCCC1;CCCCCCCC(=O)N1CCOCC1C(=O)OC;CCCCC(C(=O)OC)C1(O)CCN(C(C)=O)CC1;CCCCCCCCCCC=CCNCCSC;CC(O)CC1C(=O)CCCCN1C(=O)OC(C)(C)C;CCCCCCCCCCCCc1ccccc1C#N;CCCCCCCC(=O)N1CC(O)CC1C(=O)OC;CN1CCN(c2nc(N(C)C)c3ccccc3n2)CC1;CCCCCCc1nc(C#N)c(C#N)nc1NCCC;N#Cc1ccc(N2CCC(N3CCCCC3)C2)nc1N
m_7125ae,COc1cc(C(=O)NC(C)(CO)C2CCCCC2)on1;COc1cc(CNC(CCCCN)C(=O)O)ccc1O;CCCCCc1ccc(C(=O)c2ccccc2OC)cc1;CC(=O)NC1=CC=C(C(=O)NCCC2=CC=CC=C2)C=C1;CNC(=O)c1ccccc1NC(=O)CCc1ccccc1;CC(C)OC(=O)c1ccc(CCCc2ccccc2)cc1;CCCCCCCCOC(=O)C1=CC(O)=C(O)C(O)=C1;Cc1ccc(CCC(=O)c2ccccc2OC(C)C)cc1;CCCCCCC(=O)c1ccc(-c2ccc(O)cc2)cc1;CCCC(=O)Nc1ccc(NC(=O)c2ccccc2)cc1;COc1ccc(CNCC(O)CCC(N)C(=O)O)cc1;CCCCCOc1ccc(C(=O)Cc2ccccc2)cc1;O=C(CCCCc1ccccc1)CCc1ccc(O)cc1;COc1ccc(NC(=O)NCCCCCO)c(OC)c1;CCCCCc1ccc(C(=O)c2cccc(OC)c2)cc1;CCCc1cccc(C(=O)CCc2ccc(OC)cc2)c1;CC(C)=CCC1=C(O)C=C(CCC2=CC=CC=C2)C=C1O;CCCCCc1ccc(-c2ccc(C(=O)OC)cc2)cc1;CCCCCC(=O)c1cccc(OCc2ccccc2)c1;COc1ccc(CCC(=O)NCCCON)cc1OC;CCCCC=CCCOS(=O)(=O)c1ccc(C)cc1;CCCNC(=O)c1ccc(NC(=O)c2ccccc2)cc1;CCCCOC(=O)c1ccccc1C(=O)c1ccccc1;CCCCOCCCNC(=O)Nc1cc(O)cc(O)c1;CCCCNC(=O)Nc1cc(OC)c(OC)c(OC)c1
m_741f2c,O=C(NCc1ccc(Br)cn1)C1NCC12CCCC2;O=C(O)CCC(=O)OCCC(NCCc1ccccc1)C(=O)O;CCCC(=O)C1=C(C)C=C(C(=O)N[C@@H](CO)C(=O)O)C=C1OC;COc1ccc(C(CC(=O)O)NC(=O)C2CCCO2)cc1OC;CCCCCCCCNC(=O)c1c(F)c(F)c(F)c(F)c1F;C[C@@H](C(=O)OC[C@@H](O)[C@H](O)[C@H](O)CO)C1=CNC2=CC=CC=C12;CCOC(=O)C(C)(O)CNS(=O)(=O)c1cc(F)cc(F)c1;CC(CO)N1CCN(c2ccc(Br)cc2C#N)CC1;O=S(=O)([O-])c1cc(OCC(O)CO)ccc1-c1ccccc1;O=C(CCCNC(=O)c1cccs1)OCCc1cccs1;CC(C)(C)OC(=O)N[C@@H](CC(=O)OCC1=CC=CC=C1)C(=O)O;CCOC(=O)CC(O)CCNC(=O)C(=O)OCc1ccccc1;CCOC(=O)C(CCSC)NC(=O)C(F)(F)C(F)(F)F;CCC1=CNC2=CC=CC(O[C@@H]3O[C@H](CO)[C@@H](O)[C@H](O)[C@H]3O)=C12;O=C(O)C(Cc1ccccc1)NS(=O)(=O)c1ccccc1F;CC(C)(C)OC(=O)NC(CO)C(=O)OCC(=O)c1ccccc1;COc1cc(C)ccc1OCC(=O)N1CCOC(CC(=O)O)C1;CCC(C)C(NCc1ccc(C#N)cc1Br)C(N)=O;CC(=O)Oc1cccc(C(=O)NCCCC(C)O)c1OC(C)=O;CCNC(=O)NC(=O)CNc1ccc(Cl)c(C(F)(F)F)c1;O=C(O)CNC(=O)CNC(=O)CN1C=CC2=CC=C(Cl)C=C21;Cc1ccc(Cl)cc1NCC(=O)NC(=O)NCC(F)(F)F;CC(C(=O)OC(O)C(O)C(O)CCO)C1=CNC2=CC=CC=C12;COC(=O)C[C@@H]1O[C@H](CNC(=O)C2=CC=C(C)C=C2)[C@@H](O)[C@H]1O;CCN(CC(F)F)S(=O)(=O)c1ccc(C(=O)O)cc1OC
m_75100f,O=C(NCCN1CCN(c2ccc(F)cc2)CC1)NC1COc2ccccc21;COC1=CC=C(C(=O)NCCCCCCNC(=O)C2=CC=C(OC)C=C2)C=C1;CCCCCCCCOc1ccc(C=CC(=O)c2c(O)cc(O)cc2O)cc1;CCC(CCCCCCC(C)CCC(=O)O)c1ccc(S(=O)(=O)O)cc1;CC(C)CC(O)COc1ccc(C=CC(=O)OCCc2ccc(O)cc2)cc1;CC(C)(C)C(CO)C(O)C(O)C(CO)OC1OC(CO)C(O)C(O)C1O;CCC[C@H](CC(=O)CC(=O)CCC1=CC=C(O)C(OC)=C1)C1=CC=CC(O)=C1;CCCCCOc1ccc(OC(=O)C=Cc2ccc(OCC)c(OC)c2)cc1;CCCCCCOC(=O)C(C(=O)c1c(OC)cccc1OC)c1ccccc1;CC1=CC=C(C(O)(COCC(C)C)COC(=O)/C=C/C2=CC=CC=C2)C(O)=C1;COC1=CC=CC(O)=C1C(=O)CCCCCCCCC1=CC=C2OCOC2=C1;O=C(NCCCCCCCCNC(=O)c1ccccc1O)c1ccccc1O;CC(C)CCCOC(=O)c1ccccc1C(=O)Oc1ccccc1OC(C)C;CCCCCCCOc1ccc(C(=O)Oc2ccc(C=O)cc2OCC)cc1;CCCCCCCCOc1ccccc1OC(=O)c1ccc(OC(C)=O)cc1;COc1ccc(CC(=O)NCCNC(=O)c2ccc(C(C)C)cc2)cc1OC;C=CCC1OC(CO)C(O)C(OCc2ccccc2)C1OCc1ccccc1;CCCCCCCCOc1ccc(OC(=O)c2ccc(OC(C)=O)cc2)cc1;CCCCCCCC(CCCC(=O)OCC)OS(=O)(=O)c1ccccc1;CCCCCCOc1ccc(C(=O)Oc2ccc(C(=O)OC(C)C)cc2)cc1;CCOC(=O)CCC(C)c1ccc(OCc2ccccc2C(=O)OCC)cc1;CCCCCOC1=CC=C(NC(=O)C(=O)NCCC2=CC=C(OC)C=C2)C=C1;C=CCC1OC(CO)C(OCc2ccccc2)C(OCc2ccccc2)C1O;CCCCCCCc1c(C(=O)O)c(OC)cc2oc3cc(OC)cc(C)c3c12;CC(O)C(Cc1ccccc1)NC(=O)C(=O)NC(Cc1ccccc1)C(C)O
m_75dece,Cn1c(=O)[nH]c2ccc(NC(=O)CCC3CCCC3)cc21;O=C(NC1CCN(C(=O)NC2CC2)CC1)c1ccccc1;CCCCNC(=O)C(=O)NCCC1=CNC2=CC=CC=C12;CC1=NC2=CC=CC=C2C(=O)N1CCNC(=O)CC(C)C;CC(C)N(C(=O)COc1ncnc2ccccc12)C(C)C;CC(CNc1nc2ccccc2c(=O)n1CCO)C1CC1;NC(Cc1c[nH]c2ccccc12)C(=O)N1CCCC(O)C1;CCCCCCCCC(=O)NC(CCC(=O)O)C(=O)O;CCCCCCCCCC(=O)NC(CC(=O)O)C(=O)O;Cc1ccc2[nH]c(CNC(=O)C3(O)CCCCC3)nc2c1;CCn1cc(C(=O)NCCc2ccc(C)c(OC)c2)cn1;CCCCOc1ccc(C(=O)Nc2c(C)n[nH]c2C)cc1;CC(C)c1ccc(CNC(Cc2cnc[nH]2)C(=O)O)cc1;CCN(Cc1ccc(OC)c(OC)c1)c1ncc(C)cn1;CNc1cc(C(=O)NCCCCOC)c2ccccc2n1;Nc1ccc(C(=O)NCCc2ccc(O)c(O)c2)cc1N;COc1ccc(CCCNC(=O)c2ccc(F)cc2)cc1;CCNc1cccc(NCc2ccc(OC)c(OC)c2)n1;NC1=C(NCCN2CCCCC2)C2=CC=CC=C2OC1=O;CCOCC(=O)NCc1cc(N(C)C)nc2ccccc12;CC1OCCCC1C(=O)NCCc1nc2ccccc2[nH]1;COc1ccc2nc(N3CCCC(O)CC3)c(C)nc2c1;CC(C)N(C(=O)Cn1ncc2ccccc2c1=O)C(C)C;CC(C)CC(=O)NCCNC(=O)C1=CNC2=CC=CC=C12;O=C(NCCCCOc1ccc(F)cc1)c1ccccc1
m_762dcf,Cc1cccc(C(NC(=O)c2ccnn2C)C(=O)O)c1C;CCCCCCCCC(=O)NC(CCC(=O)O)C(=O)O;CCCCCCCC(=O)NC(CCCC(=O)O)C(=O)O;CCCCCCCCCC(=O)NC(CC(=O)O)C(=O)O;O=C(NCCCCOc1ccc(F)cc1)c1ccccc1;CCCCOc1cccc(NC(=O)c2ccc(F)cc2)c1;COc1ccc(CCCNC(=O)c2ccc(F)cc2)cc1;CCCCNC(=O)c1ccc(F)c(Oc2ccccc2)c1;CCCCOC(=O)c1ccc(NC(=O)c2cn[nH]c2)cc1;CCCCCNC(=O)c1cc(S(N)(=O)=O)cn1CC;CCCCC(=O)Nc1ccc(Oc2ccc(F)cc2)cc1;O=C(O)CCCCNC(=O)c1ccc(-c2ccn[nH]2)cc1;CCCCCC=CC(C)C(O)C(=O)NC(CO)C(=O)O;CCCCOC(=O)c1ccc(NC(=O)n2ccnc2)cc1;Cn1nc(C(=O)NCCCOc2ccccc2)ccc1=O;CCCCCCCC(=O)CC(=O)NC(CCO)C(=O)O;COC1CCC(N(C)S(=O)(=O)c2cnn(C)c2)CC1;CCCCNC(=O)C(=O)NCCC1=CNC2=CC=CC=C12;Cc1ccc(OCC(=O)NCCc2ccc(F)cc2)cc1;CCOC(=O)N1CCN(C(=O)c2cccc(C#N)c2)CC1;CCCCOCCCNS(=O)(=O)c1cccnc1N;CCCCOCC(O)CNc1ccc(Cl)c(OC)c1;CCOP(=O)(NCCc1ccc(OC)cc1)OCC;Cn1cc(CCCNC(=O)c2cccc(C(=O)O)c2)cn1;COc1ccc(C(=O)NCCCc2ccccc2)c(F)c1
m_76b47b,CCOc1ccccc1NC(=O)C(C)Nc1cccc(N2CCCC2=O)c1;CCCCCCCCOC(=O)c1cccc(Cc2ccccc2)c1C(=O)[O-];CCCCOc1ccc(C(=O)N2CCN(C(=O)c3ccncc3)CC2)cc1;COC1=CC=C(CCNC(=O)NCCC2=CNC3=CC=CC=C23)C=C1OC;COC1=CC2=C(C=C1Cl)C(C)=C(CC(=O)NCCCC(=O)O)C(=O)O2;CC(=O)Nc1ccc(O)c(C(=O)N(C)Cc2ccccc2N2CCCC2)c1;CCC[C@@H](NC(=O)CC1=C(C)C2=CC(Cl)=C(O)C=C2OC1=O)C(=O)O;CCN(CCN(CCNC=O)C(=O)c1ccccc1)C(=O)c1ccccc1;CC(=O)Nc1ccc(O)c(C(=O)N2CCN(Cc3cccc(C)c3)CC2)c1;COc1ccccc1N1CCN(C(=O)CNC(=O)Cc2ccccc2)CC1;CCCCCCCCC(OC(=O)c1ccccc1C(=O)[O-])c1ccccc1;CCOc1ccc(CC(=O)N2CCN(C(=O)Nc3ccccc3)CC2)cc1;CN(C)C(=O)N1CCN(C(=O)c2ccc(COc3ccccc3)cc2)CC1;CC1=C(CCC(=O)NCCCC(=O)O)C(=O)OC2=CC(O)=C(Cl)C=C12;CCCCCC(=O)Oc1cc(-c2ccc(CC(C)C)cc2)ccc1C(=O)[O-];CCCCCCNc1nc2c(ncn2C2OC(CO)C(O)C2O)c(=O)[nH]1;CC[C@H](NC(=O)CC1=C(C)C2=CC(Cl)=C(OC)C=C2OC1=O)C(=O)O;C=CCNC(=O)c1cn(Cc2ccccc2)cc(C(=O)NCCCC)c1=O;COc1ccccc1CCC(=O)NC1CCN(C(=O)c2ccncc2)CC1;CCOc1ccc(C(=O)Nc2ccccc2N2CCN(C(C)=O)CC2)cc1;CC1=NN(C2=CC=CC=C2)C(C)=C1[C@@H]1C=C[C@@H](NC(=O)CCCC(=O)O)C1;CCCCCCCC(Cc1ccccc1)OC(=O)c1ccccc1C(=O)[O-];CCOc1ccccc1NC(=O)C1CCCN1C(=O)NCc1ccccc1;COC(=O)c1ccc(CN2CCN(CC(=O)Nc3ccccc3)CC2)cc1;CCc1ccc(OCC(=O)N2CCC(NC(=O)c3ccncc3)CC2)cc1
m_76ffc5,COc1ccc2c(c1)CCN2C(=O)c1ccn(-c2cccc(Br)c2)n1;COc1ccc(OC)c(COC(=O)CNC(=O)c2ccc(Cl)cc2Cl)c1;COc1ccc(CNC(=S)NNC(=O)Cc2ccc(Cl)cc2Cl)cc1;COc1ccc(C(=O)Nc2ccc(Nc3ccc(Br)cc3)cn2)cc1;COc1ccc(Nc2ccc(NC(=O)c3ccc(Br)cc3)nc2)cc1;COCCOC(=O)c1ccc(NC(=O)c2ccc(OC)c(Cl)c2Cl)cc1;COc1cccc(Nc2ncccc2C(=O)Nc2ccc(Br)cc2)c1;CSCCC(NC(=O)c1ccc(Cl)cc1Cl)C(=O)Nc1cccnc1;CN(c1ccc(C(=O)COC(=O)c2ccc(Cl)cc2O)cc1)S(C)(=O)=O;CC(=O)Oc1cc(CSc2nnc(N)s2)cc(OC(C)=O)c1OC(C)=O;COc1ccc(NC(=O)c2ccc(Nc3ccc(Br)cc3)cn2)cc1;Nc1ncccc1C(=O)NCc1ccc(Oc2ccccc2Br)cc1;NC(=O)c1ccc(Cl)cc1OCc1nnc(-c2ccccc2C(F)(F)F)o1;O=C(c1ccccc1)c1cc(N=Nc2ccc(S(=O)(=O)[O-])cc2)c(O)cc1O;O=C(Nc1ccccc1C(=O)NC1CC1)c1cc2ccc(Br)cc2[nH]1;COc1ccc(CNC(=S)NNC(=O)Cc2ccc(Cl)c(Cl)c2)cc1;O=C(NC1CCCCC1)c1cc2ccc(OC(=O)C(Cl)Cl)cc2oc1=O;COc1cccc(C(=O)Nc2ccc(Nc3ccccc3Br)nc2)c1;Cc1cc(C)nc(Nc2ccc(OC(=O)c3ccc(Br)cc3)cc2)n1;COc1ccc(NC(=O)c2ccc(Nc3ccc(Br)cc3)nc2)cc1;Cc1cc(C)nc(Nc2ccc(OC(=O)c3cccc(Br)c3)cc2)n1;O=C(NCc1ccc(OCc2ccccn2)cc1)c1cncc(Br)c1;O=C(NOc1ccc(Br)cc1)c1ccccc1NCc1ccncc1;O=C(CNc1ccc2ccccc2c1)NNC(=O)c1ccccc1Br;CO[P+]([O-])(CC(=O)Oc1ccc(Cl)cc1C(=O)Nc1ccccc1)OC
m_773a95,CCC(CC#N)NS(=O)(=O)c1ccc(C)c(F)c1;O=C1CCc2cc(-c3csc(C4CC4)n3)ccc2N1;NC(=O)C(O)C1CCN(c2ncc(Cl)cn2)CC1;CCCCCC(=O)OC[C@H](O)COP(=O)(O)O;O=C([O-])CCCCC1(C(=O)[O-])NC(=O)CCC(=O)N1;CCOP(=O)(SC(C)CC)SC(C)CC;N=C1C=CN([C@@H]2O[C@H](CO)[C@@H](O)[C@H]2O)C=C1C(=O)O;COC(=O)C1=C(CCCC(=O)O)OC(=O)C=C1OC;CN(CC(=O)OC(=O)c1cc(=O)[nH]c(=O)[nH]1)C(N)=[NH2+];Oc1ccc(C=NNc2ncnc3nc[nH]c23)c(O)c1;NC(=O)CC1(O)CCCN(c2ncc(Cl)cn2)C1;O=C(Cn1c(=O)[nH]c(=O)c2[nH]cnc21)c1ccccc1;O=C([O-])Cc1[nH]cnc1-c1ccc2c(c1)CCC(=O)N2;O=C1CCC(C(=O)Nc2ccc(OC(F)F)cc2)N1;COC(=O)C=CC(=O)OCC1NC(=O)CN(C)C1=O;Cc1cccc(CNc2ncnc3nc[nH]c23)c1[S-];CCCCN(CC(N)=O)S(=O)(=O)CCCCl;NC(=S)CCCCNC(=O)c1ccc(F)cc1O;O=c1[nH]cc(C2OC(CO)C(O)C23CCO3)c(=O)[nH]1;CCOC(=O)C(C)Nc1ccc(C(N)=S)c(F)c1;CCc1cccc(CS(=O)(=O)N(C)CC(=O)[O-])c1;CCCCCC[IH2]1CCCC1;N=C(N)NCCO[P@](=O)(O)OC[C@@H](N)C(=O)O;NC(=O)c1cn(C2OC(CO)C(O)C2O)ccc1=O;CC(C)N(CC(N)=S)C(=O)c1cc(F)ccc1O
m_77b2b0,CC1(C)CC(NC(=O)c2n[nH]c(=O)c3ccccc23)c2ccccc21;O=C(Nc1ccccc1)C1CCCN1C(=O)c1ccc2cc[nH]c2c1;CCOC(=O)NC(Cc1ccccc1)C(=O)N1CCCC1C(=O)[O-];Cn1ccnc1C(CC(=O)N1CCCCC1C(=O)O)C(F)(F)F;CCCC(=O)N1CCCC1C(=O)Nc1ccc(OCC(=O)[O-])cc1;CCC(NC(=O)OCc1ccccc1)C(=O)N1CCCC1C(=O)[O-];CC(=O)N1CCCC1C(=O)Nc1cccc(C#Cc2ccccn2)c1;CC(=O)N1CCCCC1C(=O)NC1CN(c2ccc(F)cc2)C1=O;CC(C)(COc1ccccc1C(N)=O)C(=O)N1CCCC1C(=O)[O-];CC(NC(=O)C1CCCCN1C(=O)[O-])C(=O)OCc1ccccc1;CCOC(=O)C(C)CC(C)C(=O)N1c2ccccc2CC1C(=O)O;N#Cc1ccc(C(=O)NCC(=O)N2CCCC2c2ccccc2)cc1;Cc1cc(-c2noc(CCC(=O)N3CCCC3CO)n2)ccc1F;O=C(Cc1n[nH]c(=O)c2ccccc12)N1CCCC1c1ccccc1;CC1CCCCN1C(=O)Cn1c(Cc2ccc(F)cc2)noc1=O;CC(O)C(=O)N1CCN(C(=O)Cc2c[nH]c3ccc(F)cc23)CC1;CC(C)(C)c1cc(NC(=O)CN2CCCC2c2cccs2)on1;CCC1CN(C(=O)CCc2nc(-c3ccc(F)cc3)no2)CCO1;Cc1ccc(CNC(=O)C2CSCN2C(=O)C2CCCC2)cn1;CC(Cc1ccccc1F)C(=O)N1CCC(c2n[nH]c(=O)o2)CC1;CC(CO)(Cc1ccccc1F)NC(=O)c1cnc2n1CCOC2;O=C(O)C1COCCN1C(=O)c1cccc(OC2CCCCC2)c1;O=C(NC(c1nccs1)C1CC1)C1CCCN(C(=O)C2CC2)C1;NC(=O)C1CCCCN1C(=O)CCn1ccc2cc(Cl)ccc21;CC(=O)N1CCCC1C(=O)NCCCN(C(C)C)S(C)(=O)=O
m_7874d0,O=C(c1ccc2ccc(Cl)cc2n1)N1CCC(N2CCCCC2=O)CC1;COc1ccc(-c2nnn(C(C)C(=O)Nc3ccccc3F)n2)cc1OC;CC(ON=Cc1ccc(Cl)cc1)C(=O)N1CCN(c2ccccc2)CC1;CCCC(=O)NCc1nc2ccccc2n1CCOc1ccc(Cl)cc1;COc1cccc(-c2ncc3c(n2)n(C)c(=O)n3C(=O)N2CCCC2)c1F;COCCn1c(CCCNC(=O)c2ccccc2Cl)nc2ccccc21;CCCCNC(=O)Cn1c(COc2ccc(Cl)cc2)nc2ccccc21;COc1cc(Nc2ncnc(Nc3ccc(F)cc3)n2)cc(OC)c1OC;Cc1csc(NC2CCN(C(=O)c3ccc4[nH]c(=O)n(C)c4c3)CC2)n1;CCCn1c(CCNC(=O)COc2ccc(Cl)cc2)nc2ccccc21;CC(C)(C)OC(=O)NCCc1nc2cccc(Cl)c2n1-c1ccccc1;COCCn1c(CCNC(=O)Cc2ccc(Cl)cc2)nc2ccccc21;CCOCCn1c(CCNC(=O)c2cccc(Cl)c2)nc2ccccc21;COc1cc(NC(=O)COc2cccc3c2CCC3=O)cc(OC)c1OC;CCC(=O)NCc1nc2ccccc2n1CCOc1ccc(Cl)c(C)c1;Cc1nc2cc(C(=O)NNC(=O)c3cccnc3)ccc2n1-c1ccccc1;O=C(c1cc(Cl)cc2cccnc12)N1CCC(N2CCCCC2=O)CC1;CC(=O)NCCCc1nc2ccccc2n1CCOc1ccc(Cl)cc1;COc1ccc(NC(=O)c2cn(C)nc2-c2ccccc2Cl)cc1OC;Cc1nc2ccc(NC(=O)c3cccc(C(=O)Nc4ccccc4)c3)cn2n1;CC(C)(C(=O)N1CCN(C(=O)c2ccc(Cl)cn2)CC1)c1ccccc1;COc1cccc(C=NNc2nc(-c3cccnc3)nc3ccccc23)c1O;COC1=CC(/C=C/C(=O)NCC2=CC=C3OCOC3=C2)=CC(OC)=C1OC;CC(C)C(=O)NCc1nc2ccccc2n1CCOc1ccccc1Cl;Cc1cccc(C)c1Oc1ccc(-c2nc3ccccc3n2CC(=O)[O-])cc1
m_78c402,CCn1cc(S(=O)(=O)NC(CN)C2CC2)nc1C;COc1ccc(C(=O)Nc2cnc(N(C)C)nc2)cc1;O=C(NC1CCCCC1)c1cnc2cc(F)ccc2c1;O=C(NCCCc1ccccc1)Nc1ccccc1F;O=C(NCCCCc1ccc(F)cc1)c1ccncc1;Cc1ccc(CCNC(=O)Nc2ccc(F)cc2)cc1;O=C(Cn1cccn1)NCCNC(=O)c1ccccc1;Cc1ccc(CNC(=O)Nc2ccc(C)c(F)c2)cc1;COc1ccc(NC(=O)NCc2ccc(C)nc2)cn1;Cc1ccc(C(C)(Nc2ccccc2)C(N)=O)cc1F;Cc1ccc(NC(=O)NCc2ccc(F)cc2)cc1C;COc1cccc(C(=O)NCCNc2cnccn2)c1;CCCNc1ccccc1C(=O)Nc1ccc(F)cc1;CCc1ccc(NC(=O)Nc2cc(C)ccc2F)cc1;Cc1cccc(NC(C)(C(N)=O)c2ccc(F)cc2)c1;CCc1ccc(NC(=O)Nc2cc(F)ccc2C)cc1;Cc1ccc(NCC(=O)NCc2ccc(F)cc2)cc1;Cc1ccc(C)c(NC(=O)NCc2ccc(F)cc2)c1;CNc1ccc(C(=O)NCCc2ccc(F)cc2)cc1;Cc1cc(C(=O)NCCc2ccc(N)cc2)ccc1F;Nc1ccc(NC(=O)CCCc2ccccc2)c(F)c1;CC(C)(NC(=O)Nc1cccc(F)c1)c1ccccc1;Nc1ccc(CCCNC(=O)c2cccc(F)c2)cc1;CC(C)(O)CNC(=O)NCCc1cc(F)ccc1F;CC(NC(=O)Cc1ccc(N)cc1)c1ccc(F)cc1
m_78cd05,O=C(NC1CC(C(=O)O)C2CC12)c1ccccn1;CC(=O)NCCNC1=CC(=O)OC2=CC=CC=C12;Oc1ccc(-c2nc(C3CCCC3)no2)c(O)c1;Cc1nn(-c2ccccc2)c(OCCO)c1C=O;COc1ncccc1NCc1ccc(O)c(O)c1;O=C(NCCc1nc2ccc(O)cc2o1)C1CC1;COc1ccc(-c2ncc(OCCO)cn2)cc1;CC1=CC(=O)OC2=CC(NC(=O)[C@H](C)N)=CC=C12;N#CC1CCCN(C(=O)c2cc(O)ccc2O)C1;O=C(O)CCNC(=O)CC1=CNC2=CC=CC=C12;Cc1ccc(-c2cnc(CNC(=O)CO)o2)cc1;Oc1ccc(-c2ccccc2)c(-c2ccccc2)c1;N#CC1CCCN(C(=O)c2ccc(O)c(O)c2)C1;Cc1cnc(C(=O)NCCc2ccc(O)cc2)o1;Cn1cc(C(=O)NCCO)c(=O)c2ccccc21;CC(=O)N[C@@H](CC1=CNC2=CC=CC=C12)C(=O)O;O=C(NCCn1cccc1)c1cccc(O)c1O;Cc1ccc2ccc(C(=O)NCCO)c(O)c2n1;Cc1cc(C)n(CC(=O)c2ccc(O)c(O)c2)n1;CCCNC(=O)c1cc(=O)c2cc(N)ccc2o1;OCc1cccnc1NCc1cc(O)ccc1O;C[C@H](NC(=O)CC1=CNC2=CC=CC=C12)C(=O)O;N#CC1CCCC1NC(=O)c1ccc(O)c(O)c1;Oc1ccc2ccnc(N3CC(O)C(O)C3)c2c1;N#Cc1ccc(O)c(NC(=O)C2CCCOC2)c1
m_79cf07,COC(=O)C1CC1C(=O)Nc1cc(C2CCCC2)[nH]n1;CN(C)C(=O)N1CCN(C(=O)c2ccccc2O)CC1;O=C(NCCc1cc(F)cc(F)c1)c1ccccc1O;O=C(O)CCNC(=O)C1CCCN(c2ccccn2)C1;O=C(NCCCCNC(=O)C1CC1)c1cccnc1O;CCCC(=O)NNC(=O)CCC(=O)Nc1ccccc1;Cc1ccc(O)c(C(=O)NCc2cc(F)ccc2F)c1;CCCCc1nnc(NC(=O)c2ccccc2O)s1;O=C(CNC(=O)C1CCCCC1)Nc1ncccc1O;COC(=O)c1cc(-n2c(O)c(C)c(C)c2O)ccc1O;Nc1cccc(C(=O)NCC(=O)N2CCCCC2)c1O;CCC(=O)NCCNC(=O)CNC(=O)c1ccccc1;O=C(CCc1ccccc1)CCc1c[nH]c2ccccc12;CC(=O)NCCNC(=O)CCNC(=O)c1ccccc1;CCCCCC(=O)OC(CCc1ccccc1)C(=O)[O-];COc1ccccc1C(=O)N1CCC(C(=O)NN)CC1;N#CC1(C(O)c2cccc3ccccc23)CC2CCC1C2;COc1ccc(CNCc2cccc3ccccc23)cc1;CCOc1cccc(C(=O)Nc2cc(F)ccc2F)c1;Oc1ccc(NCCCc2cccc3ccccc23)cc1;COc1ccccc1C(=O)N1CCCC(C(=O)NN)C1;COc1ccc2c(c1NC(=O)CCNC(N)=O)CCC2;COC(=O)C1CN(C(=O)c2ccccc2O)CCC1=O;CC(NC(=O)c1cccnc1N1CCCCC1)C(=O)O;O=C(CN1CCCCCCC1=O)Nc1ncccc1O
m_7b993b,CC(NC(=O)CN1CCN(Cc2ccc3c(c2)OCO3)CC1)C1CC1;N[C@@H](CCN1C(=O)C=CN([C@@H]2O[C@H](CO)[C@@H](O)[C@H]2O)C1=O)C(=O)O;CC(C)OC(=O)OCC1OC(n2ccc(NO)nc2=O)C(O)C1O;Cc1ccc(OCCn2c(SCCO)nc3c(N)ncnc32)cc1;Cc1ccc(OCCNC(=O)N2CCN(C(=O)C3CC3C)CC2)cc1;COc1ncnc2c1ncn2CCC[NH+]1CCN(C(=O)C2CC2)CC1;CC(C)(C)CCN[C@@H]1C2CO[C@H](O2)[C@H](N2C=NC3=CC=CC=C32)[C@H]1O;Cc1cn(C2CC(O)C(CO)O2)c(=O)nc1NC(=O)c1ccccc1;C#CCNc1ncnc2c1ncn2C1OC(C[NH3+])C2OC(C)(C)OC21;NC(=O)N1CCCC1C(=O)Nc1ccc(OCC2CCCCC2)cc1;CCCCCCNC(=O)c1cc(-c2ccc(OC)cc2OC)nn1C;CCOc1nc(C)ccc1C(=O)NC1CCC(C(=O)N2CCCC2)C1;COC1=CC=C(CN2CCN3C(=O)N(C4CCOCC4)C[C@H]3C2)C=C1;COc1ccc(CCNC(=O)C2CN(C3CCCCC3)C(=O)N2)cc1;Cc1cc(C)cc(OCCNC(=O)NC2CCC(=O)NC23CCC3)c1;COCCn1cc(CNCc2ccc(C(C)(C)C)cc2)c(=O)[nH]c1=O;CCOc1ccccc1NC(=O)N1CCN(C(=O)C2CCCC2)CC1;CCCCC(CC)CNC(=O)CCn1c(=O)[nH]c2ccccc2c1=O;O=C(CN1CCC(O)CC1)Nc1ccccc1C(=O)NC1CCCC1;O=C(NCCC(=O)N1CCN(CCOc2ccccc2)CC1)C1CC1;CC1(C)NC(=O)N(CCN2CC(c3ccccc3)OCC2(C)C)C1=O;O=C(NCCc1cccc(O)c1)N1CCC(C(=O)N2CCCC2)CC1;COc1ccc(C2CC2C(=O)NCCN2CCN(C(C)=O)CC2)cc1;COc1ccc(NC(=O)N2CCN(C(=O)C3CCCCC3)CC2)cc1;COC1=CC=CC(CN2CCN3C(=O)N(C4CCOCC4)C[C@H]3C2)=C1
m_7d4c58,O=C(Nc1cnn(CC2CC2)c1)N1CC(O)C2(CC2)C1;CCCN1CCN(Cc2nc(-c3ccco3)no2)CC1;CC(C)(C)NC(=O)Nc1ncccc1OCCCC#N;CCc1ncnc(CC)c1C(=O)NCC1CNC(=O)C1;CCc1nn(CCCNC(C)=O)c(=O)c(C#N)c1CC;Cc1cc(C)c2c(OCC(=O)NC(C)C)nn(C)c2n1;Cn1cc(CN2CCCC(O)(CC(N)=O)C2)cc1C#N;CC(C)(C)OC(=O)NCCCNc1cccc(C#N)n1;Cn1ccnc(NC(=O)N2CC3(CCCCC3)C2)c1=O;CCCn1c(=O)c(C#N)nn(C2CCCCCC2)c1=O;COCC1CN(c2nc(C)cc(C#N)n2)CC(C)(C)O1;CC1CCCN(c2c(C#N)c(=O)n(C)c(=O)n2C)CC1;Cc1nc(O)c2c(n1)CN(CCCN1CCCC1=O)C2;CN(CCNC(=O)OC(C)(C)C)c1ccc(C#N)cn1;Cc1cc(NC(=O)C2CCCOC2C)nn1CCC#N;Cn1c(NCC2(C)CCCC2)c(C#N)c(=O)n(C)c1=O;Cc1cc(OCC(=O)NC(C)(C#N)C(C)C)nnc1C;COC(=O)CCCCCNc1nnc(C)c(C)c1C#N;N#CCC(=O)NCC1CCC(CNC(=O)CC#N)CC1;COc1cnc(C(=O)N2CCC(N3CCCC3)C2)nc1;CCNc1cccc(C(=O)N(CCC#N)CCOC)n1;CN1CCCNC(=O)C2=NC(=CC=C2)C(=O)NCCC1;CCOC(=O)C1CCN(c2c(C#N)c(C)nn2C)CC1;CC(CC1CCOCC1)NCc1cc(C#N)ccc1F;CCNc1ncccc1C(=O)N(CCC#N)CCOC
m_7e912f,O=C(CCc1ccccc1)N1CCC(NC(=O)N2CCC3(COC3)C2)CC1;CCCCCCCCC=CCNC(CCOC(=O)CCC(=O)O)C(=O)O;O=C(NCCCC(=O)N1CCN(C(=O)C2CCCC2)CC1)c1ccccc1;CCCCCOc1cc(C(=O)NCCc2ccc(N)cc2)c(N)cc1OC;CC(C)CC(NO)NC(=O)C(CC1=CC=C(O)C=C1)NCC1=CC=CC=C1;O=C(CNC(=O)C1CCCN1C(=O)Cc1ccccc1)NC1CCCCC1;CCCCCCC=CC=CC=CC=CC(=O)NC(Cc1c[nH]cn1)C(=O)O;Cc1ccc(CCCC(=O)N2CCN(C(=O)C(=O)N3CCCC3)CC2)cc1;CC(=O)NC(Cc1c[nH]c2ccccc12)C(=O)NC(C)CCC1CCCO1;COc1ccc(CCNC(=O)c2ccc(NCCC(C)C)cn2)cc1OC;O=C(CC1CCCCC1)Nc1ccc(C(=O)NCCNC(=O)C2CC2)cc1;COC(=O)C(Cc1ccccc1)NC(=O)COC(=O)c1ccc(OC)cc1;CN(C)C(CNC(=O)CCN1C(=O)C2CCCCC2C1=O)c1ccccc1;CCCCCCNC(=O)COC1=CC=C2N=C3CCCCCN3C(=O)C2=C1;CC(=O)Nc1cccc(C(=O)NC2CCN(C(=O)C3CCCCC3)CC2)c1;CCOc1ccc(C(=O)NCC(=O)OCCOC(=O)c2ccccc2)cc1;CC(=O)N1CCN(C(=O)C2CCC(C(=O)NCc3ccccc3)CC2)CC1;CCCCCC(=O)N1CC[C@@H](CC(=O)O)[C@@H](CC2=NC3=CC=CC=C3N2)C1;CCNC(NCCNC(=O)Cc1ccc(F)cc1)=[NH+]CCc1ccccc1;CC(=O)NC(Cc1ccc(F)cc1)C(=O)NC(Cc1ccccc1)C(=O)[O-];CC(=O)NC(Cc1ccccc1)C(=O)NC(Cc1ccc(F)cc1)C(=O)[O-];O=C(NCC(=O)N1CCN(Cc2ccccc2)CC1)C1CC12CCOCC2;CCN(CC)C1=CC(CCC(=O)NCC2=CC=C(OC)C(OC)=C2)=CC=N1;O=C(CNC(=O)c1cccc(Cl)c1)NC1CCN(Cc2ccccc2)C1;CCC(=O)N1CCCC(C(=O)Nc2ccccc2C(=O)N2CCCCC2)C1
m_7ee70f,Cc1noc(COCC(=O)N2CCCNC(=O)C2C)n1;CNC(=O)c1ccccc1NC(=O)CCc1ccccc1;O=C(CCc1ccccc1)NNC(=O)Cc1ccccc1;CCCCCOc1ccc(C(=O)Cc2ccccc2)cc1;COC(=O)CCc1ccc(C(=O)Cc2ccccc2)cc1;CC(=O)NC1=CC=C(C(=O)NCCC2=CC=CC=C2)C=C1;CCCCCCCCOC(=O)C1=CC(O)=C(O)C(O)=C1;CCC(=O)Nc1ccc(NC(=O)Cc2ccccc2)cc1;COc1ccc(CC(=O)c2cccc(CC(C)C)c2)cc1;Cc1ccc(CC(=O)NC(C(N)=O)c2ccccc2)cc1;CN(Cc1ccc(C(N)=O)cc1)C(=O)Cc1ccccc1;CCNC(=O)c1cccc(NC(=O)Cc2ccccc2)c1;CCCCCCCCOC(=O)c1ccc(O)c(O)c1O;NC(=O)c1ccccc1NC(=O)CCCc1ccccc1;O=C(CCC1=CC=CC=C1)OC(=O)CCC1=CC=CC=C1;CCCCOC(=O)c1ccccc1C(=O)c1ccccc1;Cc1c(O)cccc1C(=O)N1CCCc2c(N)cccc21;CC(CO)CCC[C@@](C)(O)C1=CC=C(C(=O)O)C=C1O;O=C(c1ccc(O)cc1)N1CCN(c2ccccc2)CC1;C[C@@H](O)[C@H](N)C(=O)N[C@@H](CC1=CC=C(O)C=C1)C(=O)O;Nc1ccc2c(c1)CCCN2C(=O)Cc1ccc(O)cc1;CCCCc1ccc(C(=O)Cc2ccc(OC)cc2)cc1;CCCCc1ccc(CC(=O)c2ccc(OC)cc2)cc1;Cc1ccc(CC(=O)NNC(=O)c2ccccc2C)cc1;CCOC(=O)c1ccc(-c2ccc(CC(C)=O)cc2)cc1
m_80401f,CCC1C(=O)NCCN1C(=O)CCOCC(F)(F)F;CCCCOC(=O)c1ccccc1C(=O)c1ccccc1;CCCCCCCCOC(=O)C1=CC(O)=C(O)C(O)=C1;CCCCCCCCOC(=O)c1ccc(O)c(O)c1O;CCCCCCCCCCCOC(=O)C(Cl)Cl;COCCNC(=O)COC(=O)c1cccc(OC)c1N;CCCCCC(CC)OC(=O)c1cc(O)c(O)c(O)c1;CCCCCC(=O)OC(c1ccccc1)c1ccccc1;CCCCCCCCCCC(Cl)C(=O)OCCl;CCCCCOc1ccc(C(=O)Cc2ccccc2)cc1;Cc1cccc(C(=O)OCCCCCCCCCl)c1;O=C(CCCc1ccccc1)OCCCc1ccccc1;CCCCCCCCCCOC(=O)C(Cl)CCl;COC(=O)CCCNC(=O)CNC(=O)c1ccoc1C;CCCCCc1ccc(-c2ccc(C(=O)OC)cc2)cc1;CC(C)(C)c1ccccc1C(=O)OCCc1ccccc1;CCCCCc1ccc(C(=O)c2ccccc2OC)cc1;COCCNC(=O)COC(=O)c1ccc(N)cc1OC;COCCNC(=O)CCNC(=O)c1ccc(O)c(O)c1;CCCOC(=O)CCCCC(=O)Oc1ccccc1F;CCCCCCCCOCC(=O)c1ccccc1Cl;CC(CC(N)=O)NC(Cc1ccc(O)c(O)c1)C(=O)O;CCOC(=O)c1ccc(OCCCCCCS)cc1;CCOC(=O)CNC(=O)c1cc(OC)cc(OC)c1N;O=C(CCC(=O)OC(CO)CO)NNc1ccccc1
m_8071e1,COC1CCC(NC(=O)N2CCCCCC2c2ccco2)CC1;CCCCCCCCCCCCCC(=O)OC(CO)CCl;CCCCCC[C@H](O)[C@H](Cl)CCCCCCCC(=O)OC;CCCCCC[C@H](Cl)[C@H](O)CCCCCCCC(=O)OC;CCCCCCCCCNc1ccc(C(=O)NCC(=O)O)cc1;CCCCCCCC(C)Nc1ccc(C(=O)NCC(=O)O)cc1;CCCCCCCC(=O)NNC(=O)COc1ccc(CC)cc1;CCCCCCC(=O)Nc1ccccc1C(=O)NCCCOC;CCCCCCCC(=O)Nc1ccc(OCC(=O)NCC)cc1;CCCCCCC(C)NC(=O)Oc1cccc(NC(=O)CC)c1;CCCC(CCC)C(=O)NCCCC(=O)OCc1cccnc1;CCCCCCOc1ccc(C(=O)NCC(=O)NC(C)C)cc1;CCCCCCCC(=O)NC(CC(=O)NO)Cc1ccccc1;COc1ccc(C(=O)NCCCC(=O)N(C(C)C)C(C)C)cc1;CC(=O)NC(CCCCNCc1ccc(C(C)C)cc1)C(=O)O;CCCCCCCCCC(CCCCC)COP(=O)([O-])[O-];CCCCCCCC(=O)NC1CCN(C(=O)c2ccco2)CC1;C=CCCC(=O)CCCCCC(c1ccccc1)c1ccccc1;CCCCCCOc1ccc(C=CC=Cc2ccc(C)cc2)cc1;CCOc1ccccc1C(=O)NCCCC(=O)NCCC(C)C;CCCCCN(C)C(=O)Nc1ccc(C(=O)OCCCC)cc1;CCCCCCCCC(=O)NN=Cc1cccc(OC)c1OC;Cc1cccc(OCCC(=O)N2CCCC(O)(CN(C)C)C2)c1;CC(C)(C)C(=O)N1CCN(CC(O)COc2ccccc2)CC1;CCCOc1ccc(C(=O)NCCCCCCNC(C)=O)cc1
m_808712,COC1CC(C(N)=O)N(Cc2ccc(Cl)c3cccnc23)C1;CCc1nnsc1C(=O)NCCC(=O)NCc1ccncc1;NC(=O)NCCCC(NC(CCCC(=O)O)C(=O)O)C(=O)O;Cc1cc(CNC(=O)N2CCCC2c2cccc(Cl)c2)no1;CC1=C(CC(=O)NCCCC(=O)O)C(=O)OC2=CC(O)=CC=C12;CCCCNC(=O)Cn1cnc(-c2ccc(Cl)cc2)cc1=O;CC1=CC(=O)OC2=CC(OCC(=O)NCCCC(=O)O)=CC=C12;NC(=O)CN1CCC(NC(=O)CCCOc2ccccc2)CC1;C=CCCCCCCCCCCC(=O)NCCS(=O)(=O)O;CC1=C(CCC(=O)NCCC(=O)O)C(=O)OC2=CC(O)=CC=C12;COC1=CC=C2C(C)=C(CCC(=O)NCC(=O)O)C(=O)OC2=C1;NC(=O)CC(NC(Cc1c[nH]c2ccccc12)C(=O)O)C(=O)O;CCS(=O)(=O)N1CCN(C(=O)NC2CCCOCC2)CC1;NC(CC1=CNC2=CC=CC=C12)C(=O)NC(CC(=O)O)C(=O)O;CC1=C(CCC(=O)N[C@@H](C)C(=O)O)C(=O)OC2=CC(O)=CC=C12;COc1cc(S(=O)(=O)N(CCO)CCO)c(OC)cc1C;N[C@@H](CCC(=O)O)C(=O)N[C@@H](CC(=O)O)C(=O)NCC(=O)O;CC1=C(C)C2=CC=C(OCC(=O)NCCC(=O)O)C=C2OC1=O;CCCNC(=O)CCC(=O)NCCCNC(=O)c1ccccc1;CCCCCCC(=O)NC1CCN(S(=O)(=O)N(C)C)CC1;COC1=CC=C2C(C)=C(CC(=O)NCCC(=O)O)C(=O)OC2=C1;CC1=C(O)C=CC2=C1OC(=O)C=C2CC(=O)NCCCC(=O)O;O=C(Cc1c(F)cccc1F)NCCC(=O)Nc1ccncc1;COC1=CC=C2C(C)=C(CC(=O)N[C@@H](C)C(=O)O)C(=O)OC2=C1;O=C(NC1CCCCC1)c1nnc(Cc2ccc(Cl)cc2)o1
m_80b537,COc1ccc(C(=O)N2CCC(N(C)C(C)=O)CC2)cc1-c1ccccn1;COC1=CC=C(CCNC(=O)NCCC2=CNC3=CC=CC=C23)C=C1OC;CCOC(=O)C1=C(C)C(C(=O)NCCC2=CNC3=CC=CC=C23)=C(C)N1C;COc1ccc(C(C)NC(=O)NCCc2c[nH]c3ccccc23)cc1OC;CCOc1cccc2[nH]cc(CCNC(=O)Nc3cc(OC)ccc3C)c12;COc1cccc(CCNC(=O)c2ccnc(C(=O)NC3CCCC3)c2)c1;COC1=CC=C(/C=N/NC(=O)CCCCCNC(=O)C2=CC=CC=C2)C=C1;Cc1ccc(CCCC(=O)NCc2ccc(C(=O)NCC(N)=O)cc2)cc1;CCOc1ccc(C(=O)NCc2cccc(NC(=O)N3CCCC3)c2)cc1;CCCCNC(=O)C(=O)Nc1ccccc1C(=O)NCCc1ccccc1;CN(C)C(=O)N1CCN(C(=O)c2ccc(COc3ccccc3)cc2)CC1;COc1ccc(CNC(=O)NC(CO)Cc2c[nH]c3ccccc23)cc1C;COc1ccc(CCNC(=O)NCc2ccc(N3CCCC3=O)cc2)cc1;COc1ccc(CCNC(=O)C(C)n2nc(C)c3ccccc32)cc1OC;COc1ccc(NC(=O)N2CCN(C(=O)c3cc(C)cc(C)c3)CC2)cc1;CCOc1ccc(CCNC(=O)CNc2ccc(C#N)cc2)cc1OCC;COc1ccccc1CCNC(=O)c1cccc(C(=O)NC2CCCC2)n1;COc1cccc(CCNC(=O)CN2CCN(c3ccc(C)cc3)C2=O)c1;O=C(NCCc1ccccc1)c1ccc(NC(=O)N2CCCC2CO)cc1;COc1ccc(CCNC(=O)NCc2cccc(NC(=O)C3CC3)c2)cc1;CCOc1ccc(CC(=O)N2CCN(C(=O)Nc3ccccc3)CC2)cc1;COCCn1c(CCCNC(=O)c2cccc(OC)c2)nc2ccccc21;COC(=O)c1ccc(CN2CCN(CC(=O)Nc3ccccc3)CC2)cc1;COc1ccc(NC(=O)c2ccc(CN3CCCC(C(N)=O)C3)cc2)cc1;c1ccc(CCOc2ccc(NCCc3cccc4ccccc34)cc2)cc1
m_8114e3,CC(C)OC(=O)c1ccc(NC(=O)c2ccc(-n3cncn3)cc2)cc1;COC(=O)CCCC[C@@H](O)CC1=CC(=O)C2=C(O)C=C(OC)C=C2O1;COC1=CC([C@@H](O)[C@H](CO)C2=CC(OC)=C(O)C(OC)=C2)=CC=C1O;COC1=CC(OC)=C2C(=O)C=C(CC(O)CCCCC(=O)O)OC2=C1;COc1cc(COCc2cc(OC)c(O)c(OC)c2)cc(OC)c1O;COC1=CC(O)=CC([C@@H](O)[C@H](CO)C2=CC(OC)=C(O)C(OC)=C2)=C1;COC1=CC(OC)=C2C(=O)C=C(CCCC[C@H](O)CC(=O)O)OC2=C1;COC1=CC(O)=C2C(=O)[C@H]3C[C@@H](OC(C)=O)[C@@](C)(O)C[C@@H]3[C@H](O)C2=C1;COC1=C(C)C2=C(C(=O)OC2OC)C(O)=C1C/C=C(\C)CCC(=O)O;COC1(C)CC2=C(C=O)C(OC/C=C(\C)CO)=C(C)C(O)=C2C(=O)O1;C[C@H]1CC=C[C@@H](O)[C@@H](O)CC[C@H]2O[C@@H]2C2=CC(O)=CC(O)=C2C(=O)O1;C[C@H]1C/C=C/[C@H](O)[C@H]2CC[C@H](O2)[C@H](O)C2=CC(O)=CC(O)=C2C(=O)O1;COC(=O)CC/C(C)=C/CC1=C(O)C2=C(C(C)=C1OC)C(O)OC2=O;CCCNC(=O)c1ccccc1NC(=O)c1cc(-c2ccncc2)on1;NC(=O)C(=O)NC1=CC=CC=C1C(=O)NCCC1=CNC2=CC=CC=C12;O=C(c1cccnn1)N(CCc1c[nH]c2ccc(O)cc12)C(=O)C1CC1;CCCCN1C(=O)C(=O)C(=C([O-])c2ccccc2)C1c1ccc(O)cc1;CCCCCCCn1ncc(Cl)c(Oc2ccc(OC)cc2)c1=O;CCOC(=O)[C@H](C)OC1=CC=C2OC(C)=C(C(=O)OCCOC)C2=C1;C[C@@H]1C[C@@H]2O[C@H](CC[C@H]2O)CC(=O)CC2=CC(O)=CC(O)=C2C(=O)O1;C=C1[C@@H](OC(C)=O)C[C@@H](O)C2CCC3=C(COC(C)=O)C(=O)O[C@@H]3[C@@H]12;Cc1cc(OCc2cc(-c3ccccc3)no2)ccc1CC(C)C(=O)[O-];COc1cc(OC)cc(N2CC(C(=O)N(C)CCC(=O)O)CC2=O)c1;CCCCCCCc1ccc(-c2ccc(C(=O)OC(C)C)s2)s1;COC1CCC(CS)(C(=O)NC(Cc2ccccc2)C(=O)[O-])CC1
m_82f2e2,Cc1nc(C2CC2)ccc1C(=O)NCC1CCC2(CCCCC2)O1;CC(C)=CCCC(C)CNC(Cc1c[nH]c2ccccc12)C(=O)O;CC1CCN(C(=O)c2ccccc2NC(=O)C2CCCCC2)CC1;CCc1oc2ccccc2c1CN(C)C(=O)C1(C)CCN(C)CC1;COC1=CC=C2C(C3=CC=CC=C3)=C(C3=CC=CC=C3)C(=O)OC2=C1;CCCCc1oc2ccccc2c1CN1CCC(NC(C)=O)CC1;CCCCCCCN(Cc1[nH]c2ccccc2c(=O)c1C)C(C)=O;CC1CCCCN1C(=O)c1ccccc1C(=O)N1CCCCC1C;COc1cc2ccccc2cc1C(=O)Nc1cccc2ncccc12;CCc1ccccc1N1CCN(C(=O)c2ccccc2Cl)CC1;O=C1OC2=CC(O)=CC=C2C(CC2=CC=CC=C2)=C1C1=CC=CC=C1;CCCCCCCc1c(C)nn(C(=O)c2ccccc2OC)c1C;COC(=O)c1ccccc1Nc1c2ccccc2nc2ccccc12;O=C(Nc1ccccc1NC(=O)C1CCCCC1)C1CCCCC1;CC1CCN(C(=O)c2ccc(C(=O)N3CCC(C)CC3)cc2)CC1;c1ccc(CC(Cc2cccc3ccccc23)C2CCCCC2)cc1;Cc1ccccc1CCC(=O)N1CCN(C(=O)C2CCCC2)CC1;CCC12CCC3=C(CCN(C[C@H](O)[C@H]1O)C2)C1=CC=CC=C1N3C;COC1=CC=C(C(C(C2=CC=C(OC)C=C2)N(C)C)N(C)C)C=C1;CCc1cccc(C)c1N1CC(C(=O)N2CCCC(C)C2)CC1=O;CCc1ccccc1N1CC(C(=O)NC2CCCC(C)C2)CC1=O;CCCCN(CCCC)C(=O)Cc1coc(-c2ccc(C)cc2)n1;CCc1cccc(C)c1N1CC(C(=O)NC2CCCCC2)CC1=O;CC(C)N1C=C(CC(=O)N[C@@H]2CCOC(C)(C)C2)C2=CC=CC=C21;CCC(C)C(NC(=O)Cc1cn(C)c2ccccc12)C(=O)C(C)C
m_83ac87,COc1cccc(Cl)c1CC(=O)Nc1c[nH]c(=O)c(C)c1;O=C(Cc1c[nH]c2ccc(Cl)cc12)NC1CC(C(=O)O)C1;CC1=C(CCC(=O)O)C(=O)OC2=CC(OCC(=O)O)=CC=C12;COc1ccc(NC(=O)Nc2ccc(Cl)cc2)c(OC)c1;O=C(NCCc1ccc(O)c(O)c1)Nc1cccc(Cl)c1;CCCCCCCCCO[C@@H]1O[C@H](CO)[C@@H](O)[C@H](O)[C@H]1O;COc1ccc(NC(=O)Nc2ccccc2Cl)c(OC)c1;O=C(Cc1c[nH]c2ccc(Cl)cc12)NCC1(C(=O)O)CC1;COc1cccc(NC(=O)Nc2ccc(OC)c(Cl)c2)c1;COc1cn(C)c(C(=O)NCc2ccc(Cl)cc2)cc1=O;O=C(NCc1ccc(CO)cc1)Nc1cc(Cl)ccc1O;O=C(O)C1CC1C(=O)NCCc1c[nH]c2ccc(Cl)cc12;Nc1ccc(OCCNC(=O)c2cc(Cl)ccc2O)cc1;O=C(NCCc1ccccc1Cl)Nc1cc(O)cc(O)c1;COc1ccc(NC(=O)c2cc(Cl)ccc2N)cc1OC;COc1ccc(OC)c(NC(=O)Nc2cccc(Cl)c2)c1;CC1=C(CC(=O)O)C(=O)OC2=C(C)C(OCC(=O)O)=CC=C12;COc1cc(NC(=O)c2cc(Cl)ccc2OC)ccc1N;COc1ccc(NC(=O)Nc2cc(Cl)ccc2OC)cc1;CCOC(=O)C(C)NC(=O)c1cc(Cl)nc2ccccc12;CC1NC(=O)CCC1NC(=O)c1c(Cl)oc2ccccc12;COc1ccc(NC(=O)COc2ccc(Cl)cc2C)cn1;O=C(Nc1c(O)cccc1C(=O)[O-])c1ccc2ccccc2c1;O=C([O-])c1ccc(NC(=O)c2cccc3ccccc23)cc1O;CCOc1ccc(NC(=O)Cn2cc(Cl)ccc2=O)cc1
m_83e861,CCn1ccnc1C1OCCCC1Nc1nc2cc(F)ccc2o1;OC1=CC=C(CC[C@H]2CC(O)C(O)[C@@H](C3=CC=C(O)C=C3)O2)C=C1;CCCCc1ccc(NC(=O)NCCc2cccc(Cl)c2)cc1;O=C(CCCCC1=CC=C(O)C(O)=C1)CCC1=CC=C(O)C(O)=C1;CN(C)Cc1ccc(CNC(=O)CCc2ccc(Cl)cc2)cc1;COc1ccc(Cl)cc1NCC1CCN(c2ccc(C)cc2)C1;CCCCCCCCCCCC(O)c1cc(Cl)ccc1Cl;CC(CCc1ccccc1)NC(=O)N(C)Cc1ccc(Cl)cc1;CCCCCCCC(=O)NC(Cc1c[nH]c2ccccc12)C(=O)O;Cc1cccc(NC(=O)NCCCCc2cccc(Cl)c2)c1C;O=C(CCC1=CC=C(O)C=C1)C[C@H](O)CCC1=CC=C(O)C(O)=C1;O=C(CCC1=CC=C(O)C(O)=C1)C[C@@H](O)CCC1=CC=C(O)C=C1;CCOc1ccccc1CN1CCN(c2ccc(Cl)cc2)CC1;CC(C)(C)c1ccc(NC(=O)NCCc2cccc(Cl)c2)cc1;O=C1C2=CC=CC=C2C(=O)C2=C1C=C(O)C(CC1=CC=CC=C1)=C2O;Cc1ccc(C)c(NCCC(=O)NCCc2ccc(Cl)cc2)c1;CC(C)CC(=O)Nc1ccc(NCCc2ccc(Cl)cc2)cc1;COC(=O)CC(C1=C(O)C2=CC=CC=C2OC1=O)C1CCCCC1;CC(C)(C)C(=O)Nc1ccc(NCCc2cccc(Cl)c2)cc1;Cc1ccc(Cl)cc1NCCC(=O)Nc1ccc(C(C)C)cc1;COC1=CC(CCCO)=CC2=C1O[C@@H](C1=CC=C(O)C=C1)[C@@H]2CO;COC1=CC=C([C@H]2O[C@H](C3=CC=C(O)C(O)=C3)[C@@H](C)[C@@H]2C)C=C1O;Cc1ccc(CCCCNC(=O)Nc2cccc(Cl)c2C)cc1;COc1ccccc1N1CCC(CNc2cc(Cl)ccc2C)C1;O=C(NCc1cccc(F)c1)Nc1cccnc1N1CCOCC1
m_83fdb3,CC(C(=O)NCc1cccs1)N1CC(O)CC1CO;O=C(NCCCOC(=O)c1ccccc1)c1ccncc1;Cc1ccc(C(=O)NCCOC(=O)c2cccnc2)cc1;CCC(NC(=O)c1cccnc1)(C(=O)O)c1ccccc1;COC1=CC=C(C(=O)NNC(=O)C2=CC=CC(C)=C2)C=C1;COC(=O)c1cccc(CNC(=O)c2cccnc2C)c1;O=C(Nc1cccc(C(=O)N2CCCC2)c1)c1ccco1;O=C(NCCCNC(=O)c1cccnc1)c1ccncc1;Cc1cc(C)cc(NC(=O)COC(=O)c2cccnc2)c1;O=C(c1cccnc1)N1CCC(Oc2ncccn2)CC1;COc1ccc(CC(=O)N2CCOc3ncccc32)cc1;CN(Cc1ccc2c(c1)OCCO2)C(=O)c1cccnc1;CC(C)(C)C1CCN(C(=O)c2csc(=O)[nH]2)CC1O;O=C(NO)c1cccc(C(=O)NCCc2ccccc2)c1;COc1ccccc1S(=O)(=O)NC1CCN(C)CC1;COCC(=O)Nc1ccccc1NC(=O)c1ccccc1;CCc1ccc(NC(=O)COC(=O)c2ccncc2)cc1;CCOC(=O)c1cccnc1NCC(C)(O)CSC;COC(=O)CN(Cc1ccccc1)C(=O)c1cccnc1;COC1=CC=C(/C=C/NC(=O)C2=CC=CN=C2)C(OC)=C1;CCN(Cc1ccc2c(c1)OCO2)C(=O)c1cccnc1;CCOc1cccc(C(=O)Nc2ccccc2C(N)=O)c1;CCc1ccccc1NC(=O)COC(=O)c1cccnc1;COc1cccc(C(=O)N2CCOc3ncc(C)cc32)c1;Cc1cccc(C(=O)NCCc2ccc(C(=O)O)cc2)n1
m_847112,O=S(=O)(c1cccs1)N1CCCC1c1nc(CCC(F)(F)F)no1;COC(=O)C1C(=N)Oc2c(oc(CO)cc2=O)C1c1c(F)cccc1Cl;O=C1C2=CC(O)=CC(O)=C2C(=O)C2=C1C=C(CC1=CC(O)=CC(=O)O1)NC2=O;COc1ccc(C(=O)NCCCOc2ccc(F)cc2)cc1Br;COc1ccc2ncn(C)c2c1CNC(=O)c1cc(Cl)c(F)c(Cl)c1;COC(=O)C1=C(N)Oc2c(oc(CO)cc2=O)C1c1c(F)cccc1Cl;CCCN(CCOc1c(Cl)cc(Cl)cc1Cl)C(=O)N(C=N)CO;COc1c(Cl)cc(NC(=O)C2(S(C)(=O)=O)CC[NH2+]CC2)cc1Cl;CCCCCCN(CCC(=O)OC)C(=O)c1cc(OC)c(OC)c(OC)c1;COc1ccc(CCC(=O)Nc2ccc(Br)cc2F)cc1OC;COC(=O)C(CCl)N(C(=O)c1ccccc1)S(=O)(=O)c1ccccc1;CCC[NH2+]CCNS(=O)(=O)c1cc(OC)c(OC)cc1Br;COc1cc(C=CC(=O)Nc2cc(Cl)ccc2Cl)cc(OC)c1OC;COC(=O)C(C)[NH+]1CCN(S(=O)(=O)c2cc(Cl)ccc2Cl)CC1;COc1cc(C(=O)NS(=O)(=O)C=Cc2ccccc2)cc(Cl)c1OC;COc1cccc2cc(Sc3nc(-c4ccc(C)cc4)cs3)c(=O)oc12;CC1=C(C#N)C(c2ccc(O)c(Cl)c2)C(C#N)=C(c2ccc(Cl)cc2)N1;COc1cc(C=CC(=O)Nc2cc(Cl)cc(Cl)c2)cc(OC)c1OC;CN(Cc1ccc2c(c1)OCCO2)C(=O)COC(=O)c1ccc(Cl)s1;O=C(Cn1c(=O)[nH]c2cc(F)ccc21)NCCc1ccc(Cl)cc1Cl;NC(=O)C1Cc2cc(C(=O)c3ccc(O)c(C[NH3+])c3)c(Cl)c(Cl)c2O1;COCCOCCOCCn1cc(I)c(C)cc1=O;COc1ccc(C)cc1NC(=O)COC(=O)Cc1c(Cl)cccc1Cl;CS(=O)(=O)Cc1ccc(C(=O)OCC(=O)Nc2cccc(Cl)c2)cc1;COc1cc(Br)c(CCC(=O)Nc2ccccc2F)cc1OC
m_875d74,Cc1cnccc1NS(=O)(=O)c1ccc2c(c1)CCC2;CCOC(=O)CCCCCOc1ccc(F)cc1Cl;CCOC(=O)CCCCCOc1ccc(F)c(Cl)c1;CCOC(=O)CCCCCOc1ccc(Cl)c(F)c1;CCCCOc1ccc(C(=O)c2ccccc2Cl)cc1;CCOC(=O)c1cc(-c2c(C)cccc2C)ccc1Cl;CCCCOC(=O)CCC(O)c1cc(F)cc(Cl)c1;CCCCOC(=O)CCC(O)c1cccc(Cl)c1F;CCCCOc1cccc(C(=O)c2cccc(Cl)c2)c1;COC1(C(O)Cc2ccc(Cl)cc2F)CCOCC1;CCCCC(C(=O)OC)C(O)c1ccc(Cl)cc1F;CCCc1ccc(C(=O)COc2ccc(Cl)cc2)cc1;COc1ccc(Cl)cc1-c1ccc(CCC(C)=O)cc1;CCCCCCCCS(=O)(=O)c1ccc(Cl)cc1;OC1(Cc2ccc(OCc3ccccc3)c(Cl)c2)CC1;CCCCCCNC(Cc1c[nH]c2ccccc12)C(=O)O;CCOc1ccc(C(=O)c2cc(C)c(Cl)cc2C)cc1;COc1c(C)cc(C(=O)c2ccc(Cl)cc2C)cc1C;CCCC(C(=O)OCC)C(O)c1cccc(Cl)c1F;COc1c(OCC2CC2)cccc1-c1ccccc1Cl;O=C(OCCCC1=CC=CC=C1)C1=CC(O)=C(O)C(O)=C1;CCCOc1ccc(C(=O)Cc2ccccc2Cl)cc1;CCCCCCCCC(O)c1ccc(Cl)cc1Cl;CCCOc1cccc(C(=O)Cc2ccccc2Cl)c1;CCOC(=O)c1ccc(NC(=O)c2cccnc2F)cc1
m_88505f,Cc1noc(C2CN(Cc3cc(Br)c[nH]3)CCN2C)n1;CCCCNc1nc2c(ncn2C2OC(CO)C(O)C2O)c(=O)[nH]1;O=C(Nc1cn(C2CC(O)C(CO)O2)c(=O)[nH]c1=O)C(F)(F)F;CCCCOc1nc(N)c2ncn(C3OC(CO)C(O)C3O)c2n1;CCN(CCO)C1=NC=NC2=C1N=CN2C1OC(CO)C(O)C1O;CCN(CC)c1nc(O)c2ncn(C3OC(CO)C(O)C3O)c2n1;NC1(C(=O)C(F)(F)F)C(O)C(CO)OC1n1ccc(=O)[nH]c1=O;CC(=O)NC1C(Oc2ccc(C(C)=O)cc2)OC(CO)C(O)C1O;O=c1oc2ccccc2c([O-])c1OC1OC(CO)C(O)C(O)C1O;OCC1OC(N2C3=CC=CC=C3C3(O)CCOC23)C(O)C(O)C1O;CC(C)CSCC1OC(N2C=NC3=C(N)N=CN=C32)C(O)C1O;CCCCOc1nc2c(N)ncnc2n1C1OC(CO)C(O)C1O;OCCC1=CNC2=CC=C(O[C@H]3O[C@H](CO)[C@@H](O)[C@H](O)[C@H]3O)C=C12;Cc1nc(N)c2c(C(N)=[NH+]O)cn(C3OC(CO)C(O)C3O)c2n1;CC(=O)NC1=CC=C(NC(C)=O)C(N[C@@H]2O[C@H](CO)[C@H](O)[C@H]2O)=C1;CC(=O)NC1C(CC(=O)c2ccc(O)cc2)OC(CO)C(O)C1O;O=C(O)C1OC(n2ncc3cccc([N+](=O)[O-])c32)C(O)C(O)C1O;CC(C)N(C=[NH+]c1ccn(C2CC(O)C(CO)O2)c(=O)n1)C(C)C;CC#Cc1cn(C2OC(CO)C(O)C2OCCOC)c(=O)nc1N;OCC[C@H]1N[C@H](CO)[C@@H](O)[C@@H]1O[C@@H]1O[C@H](CO)[C@@H](O)[C@H](O)[C@@H]1O;COCC1OC(n2cnc3c(NCC(C)O)ncnc32)C(O)C1O;CC#CC1(Cl)C(O)C(CO)OC1n1cnc2c(=O)nc(N)[nH]c21;CC(=O)NC1C(OCCCCCCCl)OC(CO)C(O)C1O;CC([NH3+])C(=O)C1C(O)C(CO)OC1n1cnc2c(=O)nc(N)[nH]c21;Cc1cn(C2CC(C(=O)N3CCOCC3)C(CO)O2)c(=O)[nH]c1=O
m_88a263,CC1CN(C)c2ccccc2N(C(=O)c2ncc(F)cc2F)C1;N[C@@H](CC1=CNC2=CC=CC=C12)C(=O)N1C[C@H](O)C[C@H]1C(=O)O;CC(C)C[C@H](NC(=O)CN1C=NC2=CC=CC=C2C1=O)C(=O)O;Cc1nn(CC(=O)N2CCCC2COc2ccccc2)c(=O)o1;COC1=CC2=NC=NC(N3CCC[C@@H](C(=O)O)C3)=C2C=C1OC;NC(=O)CN1CCCC(COc2ncccc2C(F)(F)F)C1;Cc1nc(N2CCCC(CCC(=O)O)C2)cc(C(F)(F)F)n1;CCC(C)[C@H](NC(=O)CN1C=NC2=CC=CC=C2C1=O)C(=O)O;CN1C([C@H]2CCN(C(=O)COCC(=O)O)C2)=NC2=CC=CC=C21;CC1CN(C(=O)Cn2nc(-c3ccccc3)oc2=O)C(C)CO1;COc1ccc(OCCC(=O)N2CCCC2c2ncon2)cc1;Cc1nn(CC(=O)N2CCC(COc3ccccc3)C2)c(=O)o1;Cc1c(C(=O)NCCc2ccc(OCC(=O)O)cc2)cnn1C;COc1cc(CNC(C(=O)O)c2ccccc2)cc(OC)c1O;COC1=CC=C2NC=C(C(C(=O)O)N3CCC[C@H]3C(N)=O)C2=C1;CCOC(=O)c1cnn2ccc(NC(=O)C3CCCCO3)cc12;O=C(NCC1CCCCC1O)Nc1ccc(C(F)(F)F)nc1;CCOc1ccc(C(=O)Nc2cnn(C(C)(C)C(=O)O)c2)cc1;CCn1cc(C(=O)N2CCCC3OCCC32)c(C(F)(F)F)n1;CC(C)CC(NC(=O)Cn1ncc2ccccc2c1=O)C(=O)O;COc1ccc(CC(=O)N2CCOCC2c2nc(C)no2)cc1;CCC1CN(C(=O)Cn2nc(-c3ccccc3)oc2=O)CCO1;CC(C)(O)C1CCCN1C(=O)c1ccc2[nH]c(=O)c(=O)[nH]c2c1;CCCCCCCC(=O)N1CCCCC1CCBr;COC(=O)[C@@H](NC(=O)CN1C=NC2=CC=CC=C2C1=O)C(C)C
m_895051,Cc1nccc(CCC(=O)N2CCNC(=O)CC2c2ccccc2)n1;CC(O)CCCC(=O)CCCCCC1=CC(O)=CC(O)=C1C(=O)O;CCCCCCCCNC(=O)C(=O)NCCC1=CC=C(Cl)C=C1;O=C(OCCCCCO)c1ccccc1C(=O)OCCCCCO;CCOC(=O)CC1=CC(O)=CC(O)=C1C(=O)CCCCCCCO;CCOC(=O)CC1=CC(O)=CC(O)=C1C(=O)CCCC[C@H](O)CC;CCOC(=O)CC1=CC(O)=CC(O)=C1C(=O)CCCCC[C@@H](C)O;CCCCCCCC(=O)Nc1cc(C(=O)NC(C)C)ccc1Cl;CCCCCCCC(=O)NC1=CC=C(C(=O)NC2=CC=CC=C2)C=C1;CCCCCCC1=CC=C(OCC(=O)OC)C=C1OCC(=O)OC;COCCOCCOC(=O)CCCCC(=O)OCc1ccccc1;CCCCCCCCCCCCCCC(=O)OCC(Cl)Cl;CC1CCCCN1C(=O)c1ccc(NCCCCCO)cc1Cl;CCCCCOC(=O)COCC(=O)Oc1ccccc1OC(C)C;CCCCCCCCCCS(=O)(=O)C1OC(CO)C(O)C1O;CCCC(=O)OCCOc1ccc(OCCOC(=O)C(C)C)cc1;COCCCCOC(=O)c1ccccc1C(=O)OCCCCOC;O=C(O)CC/C=C\C[C@H](O)/C=C/C=C/C=C\[C@@H](O)CCCC(=O)O;CCCCNC(=O)c1ccc(C(=O)NCCCc2ccccc2)cc1;CCCCCCCCCCCCOC(=O)Cc1ccc(Cl)cc1;CC(O)C1CCN(C(=O)NCC(C)(C)Cc2cccc(Cl)c2)C1;CCCCCCCCCCCC(S)P(=O)(OCC)OCC;CC1=CC=C(C(O)(COC(=O)C(C)C)COC(=O)C(C)C)C(O)=C1;CC(O)CC(C)(C)CNC(=O)N1CCCC1c1ccccc1Cl;CCCCC(CC)CNC(=O)C(=O)NCCc1ccc(Cl)cc1
m_89a6f2,CC(C(=O)Nc1ccnn1C(C)C)N1CCN(c2cnccn2)CC1;COc1ccc(Cl)cc1C(=O)Nc1ccc(-n2cnnn2)c(C)c1;COc1cc(F)ccc1NC(=O)Cn1c(=O)[nH]c2ccccc2c1=O;CN(C)c1ncc(NC(=O)c2cc(-c3cccc(Cl)c3)on2)cn1;O=C(COc1ccc(Cl)cc1)NCc1nnnn1-c1ccccc1;O=C(Nc1ccc(F)c(F)c1)c1c[nH]c(=O)n(-c2ccccc2)c1=O;O=C(N1CCOCC1)N1CCN(c2cc(Cl)ccc2Cl)CC1;CCOc1cc(NC(NCCc2ccncc2C)=[NH+]C)ccc1OC;O=C(O)c1ccc(C(=O)N2CCC(c3ccc(Cl)cc3)CC2)cc1;O=C(NCCNC(=O)c1nccn2ccnc12)c1ccc(Cl)cc1;O=C(Nc1ccc(N2C(=O)c3ccccc3C2=O)cc1)c1ccccn1;C[NH+]=C(NCCCOC)NCc1ccnc(OCc2ccccc2)c1;CCCCOc1cccc(NC(=O)c2ccn(C3CCC[NH2+]C3)n2)c1;CCn1ccnc1-c1cccc(NC(=O)c2cccc(Cl)c2F)c1;Cc1nccn1-c1ncc(NC(=O)COc2ccc(Cl)cc2)cn1;O=C(O)c1ccccc1C1CCN(C(=O)c2ccc(Cl)cc2)CC1;Cc1nnnn1-c1cccc(NC(=O)NCCN2CCC(C)CC2)c1;CN(C)c1nccc(NC(=O)c2cc(-c3cccc(Cl)c3)no2)n1;O=C(Nc1ccc(Cl)c(Cl)c1)NC1CN(C2CCOCC2)C1;CCC(Nc1nnnn1-c1ccccc1)C(=O)N1CCC(CNC)C1;O=C(NCc1cn(CCO)c(=O)[nH]c1=O)c1ccc2c(c1)CCCC2;CCOc1ccc(NC(=O)C23CC4CC(CC(C4)C2)C3)cc1OCC;Cc1nn(-c2ccccc2)c(C)c1NC(=O)c1ccc(Cl)cc1F;COc1ccc(NC(=O)c2ccnc(C(=O)NC(C)C)c2)cc1OC;CC(C)Oc1ccccc1NC(=O)c1cncc(NCC[NH+](C)C)c1
m_89b9d2,COC1(C(C)NC(=O)c2cc(F)c(O)c(Cl)c2)CCC1;N[C@@H](CC1=CC=C(OC(=O)C2=CC=C(O)C=C2)C=C1)C(=O)O;N[C@@H](CCC(=O)N[C@@H](CN1C=CC(=O)O1)C(=O)O)C(=O)O;O=C(O)CCCN1CCOC(c2ccc(F)c(Cl)c2)C1;O=C([O-])C(Cc1c[nH]c2ccccc12)n1c(O)cc(O)c1O;O=C(O)c1ccc(O)c(NC(Cc2ccccc2)C(=O)O)c1;COCCn1c(=S)[nH]c2c(-c3ccccc3)c[nH]c2c1=O;COC1=CC=C(OCC(=O)NC2=CC=C(C(=O)O)C=C2)C=C1;O=C(Cc1ccc(O)c(O)c1)NCc1ccc2c(c1)OCO2;O=C([O-])CCCCNC(=O)CCCc1c[nH]c2ccccc12;COC1=CC=CC(OCC(=O)NC2=CC=CC=C2C(=O)O)=C1;O=C(CCc1ccc2c(c1)CCO2)Nc1ccccc1Cl;NC(=O)CC1=CN(C2OC(CO)C(O)C2O)C(=O)NC1=O;CCc1cc2c(=O)n(Cc3ccc(N)cc3)c(=O)[nH]c2s1;COc1cc(C)ccc1OCc1nc(N)c2ccsc2n1;COc1cc2ncnc(Oc3ccc(N)cc3F)c2cc1O;O=C(COc1ccc(F)cc1)Nc1ccc2[nH]c(=O)[nH]c2c1;COC1=CC=C(C(=O)NC2=CC=CC=C2C(=O)O)C=C1OC;CC(C)(O)C1CCCN1C(=O)c1cc(F)c(O)c(Cl)c1;Nc1cccnc1SCC(=O)NC(=O)Cc1ccccc1;Cc1cc(Cl)ccc1OCC(=O)N1CC(F)CC1CO;CC(C)NS(=O)(=O)NC(Cc1ccc(O)cc1)C(=O)[O-];Cc1ccc(NC(=O)COc2ccc(C(N)=S)cc2)cn1;Nc1nc(COc2ccccc2CCO)nc2sccc12;CSCCCCCCNC(=O)c1cc(Cl)ccc1O
m_8b6b8e,Cc1nn(C)c(C)c1CC(=O)Nc1ncccc1O;C1=CC=C2C(CCC3=CNC4=CC=CC=C34)=CNC2=C1;NCC(=O)N[C@@H](CC1=CNC2=CC=CC=C12)C(N)=O;CCCN(CCC)c1ccc2c([O-])cc(=O)oc2c1;O[C@@H]1[C@H](O)[C@H](O)[C@@H]2OC3(CCCCC3)O[C@H]2[C@H]1O;CC(C)CCC(=O)/[NH+]=C1\C=C(O)OC2=CC=CC=C12;C[NH+](C)Cc1c(O)ccc2c3c(c(=O)oc12)CCC3;CCCCC(=O)NCc1cccc(C=CC(=O)[O-])c1;CC=C(C)C(=O)O[C@@H]1O[C@H](CC)[C@@H](O)[C@H](O)[C@H]1O;CCCCc1cc(NC(=O)c2cncc(O)c2)[nH]n1;COc1ccc(OCC([NH3+])c2cccc(O)c2)cc1;[NH3+]CC(COc1ccccc1O)c1cccc(O)c1;CC(c1cccc(O)c1)N(C)C(=O)c1cnnn1C;CCCc1cc(NC(=O)c2ncccc2O)n(C)n1;COc1cccc2cc(C(=O)C3CCC[NH2+]C3)oc12;[NH3+]CC(OCc1ccccc1)c1ccc(O)c(O)c1;CCCCCOC1=C([NH3+])C(=O)c2ccccc2C1=O;CC(=O)NC1CCN(c2nc3ncccc3o2)CC1;CCCC(Cc1c[nH]c2ccc(OC)cc12)C(=O)[O-];Cc1ccc2c(C[NH+]3CC(C)(O)C3)cc(=O)oc2c1;Oc1cccc(C[NH2+]CC(O)c2cccc(O)c2)c1;CCOC(=O)C([NH3+])COc1cccc2ccccc12;Cc1ccc(Cc2noc(C(C)(C)C(N)=O)n2)cn1;CCCCCc1ccc(CC2OC(=O)[N-]C2=O)cc1;COc1ccc(Nc2nccc(NCCO)n2)cc1
m_8bb047,Cc1ncccc1NC(=O)Cc1c[nH]c2ncccc12;COC(=O)CC[C@@H]1OC(C2=CC=CC=C2)[C@@H](O)[C@@H]1O;C=CC1=CC=C(O[C@H]2O[C@@H](C)[C@H](O)[C@@H](O)[C@H]2O)C=C1;NNC(=O)CCOC1OC(CO)C(O)C(O)C1O;NC1=NC=NC2=C1N=CN2[C@H]1O[C@H](CO)[C@@H](N)[C@@H]1O;NC1=NC=NC2=C1N=CN2[C@H]1O[C@H](CO)[C@H](O)[C@@H]1N;COC1=CC([C@H]2O[C@@H]2CO)=CC=C1OC(=O)C(C)C;COC1OC(CO)C(C=O)C1OCc1ccccc1;CC1(C)OC(CO)C(COC(=O)c2ccccc2)O1;CCSC1OC(CO)C(OC)C(OC)C1OC;COC(=O)C[C@H]1C[C@H](O)[C@H](O)[C@H](C2=CC=CC=C2)O1;COC1=CC=C(OC)C(C(=O)CCCCC(=O)O)=C1;COC1=CC=C([C@H]2OC[C@H]3[C@@H]2CO[C@@H]3O)C=C1OC;Nc1nc(NC2CC(O)C(CO)O2)c2[nH]cnc2n1;CC1CC(n2cc(F)c3c(N)ncnc32)OC1CO;Cc1ncnc2c1ncn2C1OC(CO)C(C)C1F;COC(=O)C1=C(O)C=C(OC)C(CC=C(C)C)=C1O;NC(=O)CC(NCC(O)C(O)C(O)CO)C(=O)O;N=C1N=C2C(=C(N)N1)N=CN2C1OC(CO)C1CO;COC1=CC(O)=C(C(C)=O)C2=C1C[C@@H](C(C)(C)O)O2;CCOC(=O)CCC(=O)OCCOc1ccccc1;C[C@@H](O)CCC[C@H]1OC(=O)C2=C(O)C=CC=C2[C@@H]1O;COC1=C(C)C(=O)OC(/C(C)=C/[C@H](C)CC(=O)O)=C1;COC1=CC(/C=C/C(=O)OC(C)C)=CC(OC)=C1O;CO[C@@H]1C2CO[C@@H](O2)[C@H](OCC2=CC=CC=C2)[C@@H]1O
m_8c72d4,O=C(NCC1CCN(CC(F)(F)F)CC1)c1nc(N2CCCC2)ncc1Cl;COc1ccc(C(CNC(=O)c2cc(Cl)ccc2OC)[NH+]2CCOCC2)cc1;CC1=C(CC(=O)N[C@@H](CCCCNC(N)=O)C(=O)O)C(=O)OC2=CC(O)=CC=C12;COC1=CC(CNC(=O)C2=CC=C(C(=O)C3=CC=CC=C3)C=C2)=CC(OC)=C1OC;COc1ccc(OC)c(C[NH+]2CCC(C(=O)Nc3cc(Cl)ccc3O)CC2)c1;CC1=C(CCC(=O)N[C@@H](CCCNC(N)=O)C(=O)O)C(=O)OC2=CC(O)=CC=C12;COc1ccc(OC)c(C(=O)NCCCCCNC(=O)c2ccc(Cl)cn2)c1;COc1ccc(OCC(=O)NCC(c2ccc(Cl)cc2)[NH+]2CCOCC2)cc1;COC1=CC=C(OC2=CC(/C=C/C(=O)NCCC3=CC=C(O)C=C3)=CC=C2O)C=C1;COc1cc(OC)cc(OCC(=O)N2CC[NH+](Cc3ccc(Cl)cc3)CC2)c1;COc1ccc(OCC(=O)N2CC[NH+](CCOc3ccc(Cl)cc3)CC2)cc1;COC1=CC=C2C(C)=C(CC(=O)N[C@@H](CCCNC(N)=O)C(=O)O)C(=O)OC2=C1;CCOc1ccc(OC(=O)c2ccc(NC(=O)c3ccc(OCC)cc3)cc2)cc1;COc1cccc(C[NH+]2CCN(C(=O)COc3ccc(Cl)cc3)CC2)c1OC;COc1ccc(C(C)=O)c(OCC(=O)Nc2ccc(OCc3ccccc3)cc2)c1;COc1ccc(C(=O)N2CC[NH+](CCOc3ccc(Cl)cc3)CC2)c(OC)c1;COc1cc(OC)c(C(=O)N2CC[NH+](Cc3ccc(Cl)cc3)CC2)cc1OC;O=C(c1ccc(NCc2ccc(Cl)cc2)cc1)N1CCN(c2ccccc2)CC1;O=C(NCCNC(=O)c1ccc(NC(=O)c2cccc(F)c2)cc1)c1ccccc1;COc1ccc(C(=O)NCC(c2ccccc2Cl)[NH+]2CCOCC2)cc1OC;COc1cc(OC)cc(OCC[NH+]2CCN(C(=O)c3ccc(Cl)cc3)CC2)c1;COc1nn(C)cc1C(=O)NCC(=O)N1CCN(c2cc(Cl)ccc2C)CC1;COc1ccc(CCOC(=O)CNC(=O)c2ccc(Oc3ccccc3)cc2)cc1;CC1=CC(O)=C2C(C)=C(CC(=O)N[C@@H](CCCNC(N)=O)C(=O)O)C(=O)OC2=C1;CC1=C(CC(=O)N[C@@H](CCCNC(N)=O)C(=O)O)C(=O)OC2=C(C)C(O)=CC=C12
m_8d19fa,Cc1cccc2c1OCCC2NC(=O)c1coc(CC2CC2)n1;O=C(C1=CC=C(O)C(O)=C1)C1=CC(O)=CC2=CC(O)=C(O)C=C12;O=C(NC1CCC(c2ccc(O)cc2O)CC1)c1cccnc1;CCCNC(=O)C1=CC=CC=C1NC(=O)C1=CC=C(OC)C=C1;CC(=O)c1c(O)cc(O)cc1CCCCCCc1ccccc1;O=C(NCCC1=CC=CC=C1)C1=C(O)C2=C(CCCC2)NC1=O;COc1ccc(C)cc1C(=O)NCCNC(=O)c1ccccc1;O=C(Nc1ccc(NC2CCOCC2)cc1)c1ccccc1O;COc1cc(CNCCc2c[nH]c3ccc(O)cc23)ccc1O;COc1cccc(C(=O)NCCNC(=O)c2ccc(C)cc2)c1;COCc1ccc(C(=O)NCCNC(=O)c2ccccc2)cc1;O=C(COc1ccccc1)N1CCN(c2ccccc2O)CC1;CN1CCC(CNC(=O)c2cc(O)cc(O)c2)c2ccccc21;CCCCOc1cccc(C(=O)Nc2ccccc2C(N)=O)c1;CCCCOc1cccc(C(=O)NNC(=O)c2ccccc2)c1;O=C(CNC(=O)c1ccccc1)NCCCc1cccc(O)c1;COc1ccc(C(=O)NCCNC(=O)Cc2ccccc2)cc1;CCC(=O)C1=CC(O)=C2C(=O)C3=C(O)C=C(O)C=C3C(=O)C2=C1;O=C(CCC(=O)Nc1ccccc1O)NCCc1ccccc1;NC(=O)c1ccc(CNC(=O)CCCOc2ccccc2)cc1;COc1cccc(C(=O)NCCC(=O)NCc2ccccc2)c1;COC1=CC=C(CCNC(=O)C2=CC3=C(CCC3)NC2=O)C=C1;COc1ccc(C(=O)NCC(=O)NCCc2ccccc2)cc1;CCC(=O)Nc1cccc(C(=O)NCCOc2ccccc2)c1;CC(=O)OC1=C(C2=CC=CC=C2)OC2=CC(O)=CC(O)=C2C1=O
m_8d374f,Cc1nc(Nc2ccccc2)cc(N2CCS(=O)(=O)CC(C)C2)n1;COc1cc(OC)c(CCC(=O)c2ccc(O)c(OC)c2)c(OC)c1;COC1=CC(O)=C(C(=O)CCC2=CC=C(OC)C(OC)=C2)C(OC)=C1;COC1=CC(OC)=C(CCC(=O)C2=CC=C(OC)C(O)=C2)C(OC)=C1;CC(C)(CNC(=O)c1cccc(F)c1)CNC(=O)c1cccc(F)c1;CC(C)(CNC(=O)c1ccccc1F)CNC(=O)c1ccccc1F;Cc1occc1C(=O)NCCCCCNC(=O)c1cc(O)cc(O)c1;O=C(CCCNC(=O)c1ccc(F)cc1F)NCCc1ccccc1;COc1ccc(C(=O)Nc2ccccc2NC(=O)c2ccccc2)cc1;COC1=CC=C(C(CC(=O)O)C2=CC=C(OC)C(OC)=C2)C=C1OC;COc1cccc(C(=O)Nc2ccc(NC(=O)c3ccccc3)cc2)c1;O=C(O)C1=CC(O)=C(O[C@@H]2O[C@H](C(=O)O)[C@@H](O)[C@H](O)[C@H]2O)C(O)=C1;O=C(Nc1cc(F)ccc1F)N1CCC(OCc2ccccc2)CC1;COC1=CC=C(CCOC(=O)C2=CC(OC)=C(OC)C(OC)=C2)C=C1;COC1=CC=C(C[C@H](C(=O)O)C2=CC=C(OC)C(OC)=C2)C=C1OC;COc1ccc(C(=O)Cc2cc(OC)c(OC)c(OC)c2)cc1OC;CN(Cc1ccccc1)C(=O)CCCNC(=O)c1ccc(F)cc1F;O=C(CCC1=CC=C(O)C(O)=C1)CC[C@H](O)CC1=CC=C(O)C(O)=C1;COC1=CC=C(NC(=O)C2=CC=CC(NC(=O)C3=CC=CC=C3)=C2)C=C1;COc1ccccc1N1CCC(CNC(=O)c2ccc(F)cc2F)C1;COc1ccc(C(=O)Nc2cccc(NC(=O)c3ccccc3)c2)cc1;O=C(Cc1ccc(-c2ccccc2)cc1)NNC(=O)c1ccccc1O;COc1cccc(CCNC(=O)CCNc2cc(Cl)ccc2C)c1;O=C(NNC(=O)c1ccccc1Cc1ccccc1)c1ccccc1O;COc1ccc(CC(=O)N2CCN(c3ccccc3F)CC2)cc1F
m_8d75c7,Cc1nc(C2CCCN2C(=O)c2nn(C)cc2Br)cs1;CC(C)(C)OC(=O)c1c(I)ccc2ccccc12;COc1ccc(CCOc2ccccc2I)cc1;OC(COc1ccccc1I)Cc1ccccc1;Cc1ccc(COc2ccc(CO)cc2I)cc1;CCc1ccc(OCc2ccccc2I)c(O)c1;COc1ccc(CCOc2cccc(I)c2)cc1;O=C(COc1ccc(Cl)c(Cl)c1)NNC(=O)c1ccccc1O;COC1CCCc2c1oc(-c1ccccc1)c2I;COc1ccc(Cl)cc1NC(=O)COC(=O)c1cccnc1Cl;CCC(CO)(CO)Nc1cc(F)c(I)cc1N;COc1ccc(Cl)cc1NC(=O)COC(=O)c1cc(Cl)ccn1;CCOc1cccc(Nc2ccccc2I)c1N;COc1cc(N)cc(Nc2cccc(I)c2C)c1;COc1cccc(CNc2ccc(N)cc2I)c1;COc1cccc(CC(O)c2ccc(I)cc2)c1;CCNc1cc(COc2ccccc2I)ccn1;COc1ccc(C(=O)NO)cc1NC(=O)c1ccc(Cl)cc1Cl;CCOc1cccc(C(O)c2cccc(I)c2)c1;COCCC(C)C([NH3+])c1cc(Cl)ccc1I;COc1cccc(CC(O)c2cccc(I)c2)c1;O=C(COc1ccccc1Cl)NNC(=O)c1cc(Cl)ccc1O;CN(Cc1ccc(F)cc1F)C(=O)c1ccc(N)c(Br)c1;O=C(COc1ccc(Cl)cc1)NN=Cc1cc(O)c(O)c(Cl)c1;CC(=O)OC1=CC2=C(C=C1Br)OC(C)=C2C(=O)OC(C)C
m_8db7e3,Cn1ncc(NC(=O)NC2CCNCC(C)(C)C2)c1C(F)F;CCCCCCCCCCC(=O)NC(CCC(=O)O)C(=O)O;CCCCCCCCCCCC(=O)NC(CC(=O)O)C(=O)O;CCCCCCOc1ccc(NC(=O)c2ccc(F)cc2)cc1;CCCCCCCCCC(=O)NC(CCCC(=O)O)C(=O)O;CCCCCOc1ccc(CNc2ccc(O)cc2)cc1OC;CCCCCCOc1ccc(NC(=O)c2cccc(F)c2)cc1;CCCCCCCOc1ccc(CNc2ccccc2F)cc1;CCCCOc1ccc(OCC(=O)Nc2ccccc2O)cc1;CCCCCCCCCC(=O)CC(=O)NC(CCO)C(=O)O;CCCCCCCOC(=O)C=CC(=O)Oc1ccc(C#N)cc1;CCC=CCCCNC(CCOC(=O)CCC(=O)O)C(=O)O;CCOc1ccc(OCCCCOc2cccc(N)c2C)cc1;CCCCCCOc1cccc(NC(=O)c2ccccc2F)c1;CCCCCCCCCNC(=O)c1cc2ccccc2oc1=O;COCCNC(=O)c1cccc(OCCOc2ccccc2)c1;CCCCCCOc1ccc(-c2c(F)cc(C#N)cc2F)cc1;CC(=O)NCCc1cccc2ccc(OCCCCCO)cc12;O=C(O)C(Cc1ccc(O)c(O)c1)NCCCc1ccccc1;CCCCCC=CC=CC(=O)NC(Cc1ccccc1)C(=O)O;CCCCCCOc1ccc(-c2ccc(C(=O)[O-])c(F)c2)cc1;CCOc1ccc(C(=O)NCCOc2ccc(OC)cc2)cc1;C=CCCCCCCCCC(=O)NC(CCSC)C(=O)O;CCCCCCCCOc1cccc2cc(O)c(C(C)=O)nc12;CCOc1ccccc1OCCCCOc1cccc(N)c1C
m_8e45f7,Cc1ncsc1C(=O)N(C)Cc1nccn1CC(F)(F)F;COC1=CC=C(OC2=CC=C(C(=O)O)C=C2C(=O)O)C=C1OC;CCOCCCCCC(=O)Oc1c(Cl)cc(C)cc1Cl;CCCCOC(=O)CCCSCCCC(=O)OCCCC;CCCCCCCOC(=O)c1ccccc1C(=O)OC1CCC1;COC(=O)C1=CC=C(O)C(OC2=CC(C(=O)OC)=CC=C2O)=C1;CCCCCCOC(=O)C=CC(=O)Oc1ccc(C(C)C)cc1;COC1=CC(C(=O)CC2=CC=CC(O)=C2C(=O)O)=CC(O)=C1O;CCCCCC(=O)OCCSCCOC(=O)CCCCC;CC1=CC(O)=CC(O)=C1C(=O)OC1=CC(O)=CC(C)=C1C(=O)O;CCOC(=O)CC(=O)C1=CC2=CC=C(OC(C)=O)C=C2OC1=O;CC=CCOC(=O)c1ccc(C(=O)OCCCCCCC)cc1;CCCCCOC(=O)CCCC(=O)OCC=Cc1ccccc1;O=C(OC1=CC=C(OC(=O)C2=CC=CC=C2)C=C1)C1=CC=CC=C1;CC1=CC(OC(=O)C2=C(C)C=C(O)C=C2O)=CC(O)=C1C(=O)O;COc1ccccc1C(=O)COC(=O)c1cc(O)c(O)c(O)c1;CCCCCCCC(=O)CC(=O)/C=C/C1=CC=C(O)C(OC)=C1;O=C(OC1=CC=CC=C1)C1=CC=CC=C1C(=O)OC1=CC=CC=C1;COC(=O)CNc1ccccc1NC(=O)c1ccc(Cl)cc1;CC1=CC(C(=O)OC2=CC(O)=CC(O)=C2CC(=O)O)=CC=C1O;COc1cc(C(=O)Nc2ccc(Cl)c(C(N)=O)c2)ccc1C;CCOC(=O)CCCC(C)c1cc(Cl)c(CO)cc1Cl;COC(=O)C1=CC(OC2=CC=C(O)C(C(=O)OC)=C2)=CC=C1O;O=C(Oc1ccccc1OC(=O)c1ccccc1)c1ccccc1;O=C(Oc1ccccc1)c1cccc(C(=O)Oc2ccccc2)c1
m_8eaf01,Cc1ncc(C(=O)N2CCC(NCC3CC3)CC2)c(N)n1;CCCCCCCCC(O)CC(=O)NC(CO)C(=O)O;COc1cc(CNc2cc(C(=O)O)ccc2O)ccc1O;Cc1n[nH]c(C)c1NC(=O)COc1cccc(C(=O)O)c1;CCCCCCCC(O)CC(=O)NC(CCO)C(=O)O;O=C(Cn1c(=O)[nH]c2ccccc2c1=O)N1CCOCC1;O=C(NC1CC1)N1CCN(C(=O)c2cccc(O)c2)CC1;Cc1nc2ccccc2n1CC(=O)NC(C(=O)O)C(C)C;Cc1cccc(OCCC(=O)NC2CC3CCC(C2)[NH2+]3)c1;N[C@@H](CC1=CC=C(OC2=CC=C(O)C=C2)C(O)=C1)C(=O)O;CCCCCCCC(O)CC(=O)NC(C(=O)O)C(C)O;O=C(NCCC1=CC=C(O)C=C1)C1=CC(O)=C(O)C(O)=C1;O=C(O)CCCN1CCN(c2nc3ccccc3o2)CC1;O=C(O)[C@H](CN1C=CC(=O)NC1=O)NCC1=CC=CC=C1;Cc1cnn(CC(=O)Nc2cccc(OCC(=O)O)c2)c1;CN(Cc1cccc(O)c1)C(=O)CC1CC2CCC(C1)[NH2+]2;Cn1cc(C(=O)NCCOc2ccc(C(=O)O)cc2)cn1;CCCNC(=O)N1CCN(c2ccc(C3CC3)nn2)CC1;Cc1cc(C(=O)Nc2cccc(OCC(=O)O)c2)n(C)n1;CC(C)NC(=O)N1CCN(c2ccc(C3CC3)nn2)CC1;CCN(C(=O)CC1CC2CCC(C1)[NH2+]2)c1cccc(O)c1;C[NH+]1C2CCCC1CC(NC(=O)Cc1cccc(O)c1)C2;O=C(NCCC1=CC=C(O)C(O)=C1)C1=CC=C(O)C(O)=C1;O=C1NC(=O)C2(CCCN(C(=O)c3ccc(O)cc3)C2)N1;O=C(NC1CC1)c1cccc(NC(=O)N2CCOCC2)c1
m_9068e1,CC(C)(C)n1cc(C#N)c(NC(=O)C2CCC(F)(F)CC2)n1;COc1cc(CNC(CCCNC(=N)N)C(=O)O)ccc1O;CC(=O)NC(Cc1ccccc1)C(=O)NC(C)c1ccccc1;Cc1ccc(C(=O)NCC(=O)NCCCc2ccccc2)cc1;O=P(OC1=CC=CC=C1)(N1CCCCN1)N1CCCCN1;CC(C)Cc1ccc(C(=O)NC(C(N)=O)c2ccccc2)cc1;CC(=O)NC(Cc1ccccc1)C(=O)NCCc1ccccc1;O=C(CC1=CC=CC=C1)NCCCNC(=O)CC1=CC=CC=C1;COC1=CC(CC/C=C/C(=O)CCC2=CC=CC=C2)=CC=C1O;CC(C)c1ccc(CS(=O)(=O)CC2(O)CCCCC2)cc1;COc1ccccc1N1CCN(C(=O)Cc2ccccc2)CC1;CC(Cc1ccccc1)C(=O)NCCNC(=O)c1ccccc1;CCCC(=O)NC1=CC=C(C(=O)NCCC2=CC=CC=C2)C=C1;O=C(NCc1ccccc1CN1CCOCC1)c1ccccc1;COC1=CC(/C=C/C(=O)CCCCC2=CC=CC=C2)=CC=C1O;NC(=O)CC(CC(CC(N)=O)c1ccccc1)c1ccccc1;CC(C)C(=O)NC1=CC=C(C(=O)NCCC2=CC=CC=C2)C=C1;COC1=CC=CC(C(=O)N2CCN(CC3=CC=CC=C3)CC2)=C1;CC(CCc1ccccc1)NC(=O)CNC(=O)c1ccccc1;CC(=O)Nc1cccc(C(C)NC(=O)CCc2ccccc2)c1;O=C(NC(CO)Cc1ccccc1)NC1Cc2ccccc2C1;O=C(CCc1ccccc1)Nc1ccccc1N1CCOCC1;c1ccc(COC2CC3OC3CC2OCc2ccccc2)cc1;CC(C)=CCOC1=CC=C(C(=O)CCC2=CC=CC=C2)C(O)=C1;CCCCOC(=O)C(Cc1ccccc1)C(=O)c1ccccc1
m_907412,Cc1oc(C(=O)N(C)c2ccc(F)cc2)cc1S(N)(=O)=O;CC(=O)N[C@@H](CSC(=S)NCC1=CC=CC=C1)C(=O)O;CCC=CC=CC(O)CC(=O)NCCc1c[nH]c2ccccc12;COc1cc(CNCCc2c[nH]c3ccc(O)cc23)ccc1O;COc1ccc2[nH]cc(CC(=O)NCCC3=CCCCC3)c2c1;O=C(CSc1ncnc2ccccc12)c1ccc(O)c(O)c1;O=C(O)C1(C(=O)N2CCC(c3c[nH]c4ccccc34)CC2)CC1;C=CCN(C(=O)C=C)C(Cc1c[nH]c2ccccc12)C(=O)OC;CC(=O)NC(C)C1CCN(Cc2cc(F)ccc2Cl)CC1;Cc1cc(CS(=O)(=O)CC(=O)Nc2ccccc2F)no1;Cc1nc(Br)cc(NC(C)C(=O)N2CCCC2)n1;O=C(O)CCN1CCN(C(=O)c2cccc3ccccc23)CC1;COc1ccc(C(=O)NCCNC(=O)Cc2ccccc2)cc1;CC(=O)NC(C)C(=O)Nc1ccc(Oc2ccc(C)cc2)cc1;C=CCN(CC=C)C(=O)COC(=O)Cc1c[nH]c2ccccc12;O=C([O-])c1cc(N=NCc2c[nH]c3ccccc23)ccc1Cl;O=C(CCc1ccccc1)C(Br)[NH+]1CCOCC1;CC1CCCN(C(=O)Nc2ncc(N)cc2Br)C1;O=C(Cc1cccc2ccccc12)NCC(=O)N1CCOCC1;O=C(C1CCOCC1)N1CCC(c2c[nH]c3ccccc23)CC1;CC(NC(=O)c1ccc2c(c1)CCC2)C(=O)NCc1ccco1;COc1ccc(C(=O)NCC(=O)NCCc2ccccc2)cc1;NC(Cc1ccc(-c2ccccc2)cc1)C(=O)NCCC(=O)O;O=C(CNC(=O)c1ccc2c(c1)CCCC2)NCc1ccco1;O=C(CNS(=O)(=O)c1ccccc1F)NCc1ccco1
m_90baa7,CCC(=O)NCc1cc(S(=O)(=O)N(C)C2CCCc3nc(C)sc32)ccc1OC;CSCCCNC(C(=O)NC1C(=O)N2C1SC(C)(C)C2C(=O)O)c1ccccc1;COC1=CC=C(C2=CC(=O)OC3=CC(OCC(=O)N4CCC[C@H](C(=O)O)C4)=CC=C23)C=C1;COC1=CC=C(C2=CC(=O)OC3=CC(OCC(=O)N4CCC(C(=O)O)CC4)=CC=C23)C=C1;O=C(NC1CCN(c2ccccc2OC(F)F)C1)c1nc(N2CCCC2)ncc1Cl;COC(=O)C1CCN(C(=O)COC2=CC(O)=C3C(=O)C=C(C4=CC=CC=C4)OC3=C2)CC1;O=C(O)C1CCN(C(=O)CSc2nc3ccccc3c(=O)n2Cc2ccccc2)CC1;COC1=CC(C(=O)NC2=NC(=O)N([C@@H]3O[C@H](CO)[C@@H](O)[C@H]3O)C=C2)=CC(OC)=C1OC;COC(=O)C1CCN(C(=O)C2=CC=C(OC3=COC4=CC(OC)=CC=C4C3=O)C=C2)CC1;COC1=CC=C(/C=C2\OC3=CC(OCC(=O)N4CCC(C(=O)O)CC4)=CC=C3C2=O)C=C1;CCOC(=O)N1CCN(S(=O)(=O)N(C)Cc2ccc(OC)c(OC(F)F)c2)CC1;O=C1N[C@H]2[C@H](CS[C@H]2CCCCC(=O)N2CCC(O)(C3=CC=C(Cl)C=C3)CC2)N1;CC1(C)CCC2=C(C=C(OCC(=O)NCC(=O)O)C3=C2OC(=O)C=C3C2=CC=CC=C2)O1;CC1=C(C2=CC=C3OCCOC3=C2)C(=O)C2=CC=C(O)C(CN3CCC[C@H]3C(=O)O)=C2O1;CN1C=C(CN2C(=S)N(CC3=CC=CO3)[C@H]3[C@H]2[C@H]2OC(=O)[C@H]3C[C@H]2O)C2=CC=CC=C21;COc1ccc(S(=O)(=O)NCC(=O)N2CCN(c3ccccc3F)CC2)cc1OC;Cc1nnc(SCC(=O)N2CCCC(C(=O)c3ccc(Oc4ccccc4)cc3)C2)o1;NC(=O)[C@@H]1C[C@@H](O)[C@H](O)[C@H]2[C@@H]1N(C1=CC=C(Cl)C=C1)C(=S)N2CC1CCCCC1;COc1ccc2cc(C3(C)NC(=O)N(CC(=O)NCCc4cccs4)C3=O)ccc2c1;CCOc1ccccc1-c1nc(CC(=O)N2CCN(CCS(C)(=O)=O)CC2)cs1;O=S(=O)(NCC1(Cc2ccc(CCO)cc2)CCC(O)CC1)c1ccc(Cl)cc1;C[C@]12C(=O)N(CCCO)CC(=O)N1CC(C1=CC=C(Cl)C=C1)C1=C2NC2=CC=CC=C12;COc1ccc(NC(=O)C2CCCN2C(=O)c2csc(-c3ccc(OC)cc3)n2)cc1;O=C([O-])Cc1ccc(NC(=O)C(CC2CCCC2)n2cc(C(F)(F)F)ncc2=O)nc1;CC1CCN(C(=O)Cn2c(=O)sc3cc(S(=O)(=O)NC4CCCC4)ccc32)CC1
m_91512a,CCc1cnc(CNC(=O)N2CCOC(COC)C2)s1;O=C(O)C(O)C(O)C(O)C(O)CNCCc1ccccc1;O=C(O)C(Cc1ccccc1)NCC(O)C(O)C(O)CO;COc1ccc(CNC(C=O)C(O)C(O)C(O)CO)cc1;O=C(O)C(Cc1ccc(O)cc1)NCCCc1ccccc1;C=CCCCCCCCCC(=O)NC(CC(=O)O)C(=O)O;CCCCOc1ccc(CCNC(=O)CCl)cc1OC;CCCCNc1ccn(C2OC(CO)C(O)C2O)c(=O)n1;CCCCCNC(=O)NCc1ccc(S(N)(=O)=O)cc1;COc1ccc(C(=O)NCCCCCCCl)cc1OC;CCCCCCOc1c(Cl)cc(N)cc1C(=O)OCC;COc1cc(C=CCNCCc2ccc(O)cc2)ccc1O;Cc1cc(Cl)ccc1OCC(=O)NCCCCCCO;CCCCCNC(=O)C(C)Oc1cccc(Cl)c1CO;COc1ccc(CCNC(=O)C=Cc2ccc(F)cc2)cc1;CCCCNC(=O)c1ccc(Cl)cc1OCC(C)(C)O;O=C(N[C@H]1[C@H](O)[C@H](O)C[C@@H]1C1=CN=CN=C1)C1=CC=CC=C1;CCCCCCCCCOc1ccc(S(=O)(=O)[O-])cc1;CCc1ccc(C(=O)NCCc2ccc(O)c(OC)c2)cc1;CCCCCCNC(=O)Nc1ccc(S(N)(=O)=O)cc1;O=C(N[C@H]1[C@H](O)[C@H](O)C[C@@H]1C1=CC=NC=C1)C1=CC=NC=C1;COC1=CC=C(C(=O)NCCNC(=O)C2=CC=NC=C2)C=C1;Cc1ccc(NC(=O)C(=O)NCCc2ccc(O)cc2)nc1;CCC(O)C(O)C(O)C(O)C(=O)Nc1ccc(CO)cc1;O=C(N[C@H]1[C@H](O)[C@H](O)C[C@@H]1C1=CC=NC=C1)C1=CC=CC=N1
m_916daf,Cn1cc(C(=O)NCC2CC(c3nnc[nH]3)CC2O)c2ccccc21;COC(=O)C(CC(C)C)NC(=O)c1cc(OC)c(OC)c(OC)c1;OC1=CC=C(NC2=NC(OCC3CCCCC3)=C3N=CNC3=N2)C=C1;Cc1ccc(CC(=O)N2CCN(C(=O)c3nccnc3N)CC2)cc1;COC1CC(c2nc(C)n[nH]2)N(C(=O)CCc2ccc(C#N)cc2)C1;O=C(Nc1cnc(C2CC2)nc1)N1CCN(c2cccc(O)c2)CC1;CN1C=C(C(=O)N2CCCC2)C(O)=C1C1=NC2=CC(N)=CC=C2N1C;O=C(Nc1cnc(C2CC2)nc1)N1CCN(c2ccc(O)cc2)CC1;O=C(C=Cc1ccc2c(c1)CCC2[NH2+]C(CO)c1ccccc1)NO;CCOc1ccc2nnc(CNC(=O)CCc3cccc(C)c3)n2n1;O=c1c2ccccc2nc(N2CCC(c3ncc[nH]3)CC2)n1CCO;Cn1ccnc1C1CCN(c2nc3ccccc3c(=O)n2CCO)C1;COCCc1c(C)[nH]c(Nc2nc(C)c3cc(C)ccc3n2)nc1=O;COc1ccc(N2CCN(C(=O)C=Cc3cnc(N)nc3)CC2)cc1;COc1ccc2cc(Cn3nnnc3N3CCCOCC3)ccc2c1;CC(C)CNC(=O)CCc1nc2c(cnn2-c2ccccc2)c(=O)[nH]1;Cn1nccc1C1OCCC1C(=O)NCc1nc2ccccc2n1C;CC(CO)C(C)NC(=O)NC1CCCN(c2ccccc2Cl)C1;COc1cccc(CC(N)C(=O)Nc2cnc3c(c2)c(C)nn3C)c1;CCn1cnnc1CNC(=O)NCc1c(OC)ccc2ccccc12;COc1c(C(=O)NC(C)CNc2ccccc2)cnc2c1cnn2C;CCOc1ccc2nc(Nc3nc(=O)c(CC)c(C)[nH]3)nc(C)c2c1;C=CCNc1ncc(C(=O)Nc2ccccc2N2CCOCC2)cn1;Cn1nccc1C1OCCCC1CNC(=O)c1cc2cccnc2[nH]1;CCOC(=O)C(Cc1ccc(O)c(OC)c1)NC(=O)OC(C)(C)C
m_921c43,CC1CN(C(=O)CNC2CC2)CC(c2ccc(F)cc2)O1;CCCCCCC(=O)NC(Cc1ccc(O)cc1)C(=O)[O-];CCCCCCCNc1ccc(C(=O)NCC(=O)O)cc1;CC(=O)NC(CCCCNCC(O)C(O)CO)C(=O)O;CCCCCCC(=O)OC1OC(CO)C(O)C(O)C1O;COCCCNC(=O)C(O)C(O)C(=O)NCCCOC;CCCCCC(C)Nc1ccc(C(=O)NCC(=O)O)cc1;C[C@H](CC[C@H](O)CC(=O)O)O[C@@H]1O[C@@H](C)[C@H](O)C[C@H]1O;CCC(O)CCCNC(=O)CCc1ccc(C(=O)[O-])cc1;CC(=O)NC(CCCCNCCc1ccccc1)C(=O)O;CC(C)c1ccc(OCC(=O)NCCCCC(=O)[O-])cc1;O=C([O-])CCCCCCCNC(=O)Cc1ccc(O)cc1;COc1ccc(CCNC(=S)N2CCCC(C)C2)cc1;CCCCCOc1ccc(C(=O)NCCCC(=O)[O-])cc1;CCCCCNC(=O)CCNC(=O)c1cccc(OC)c1;CCCCCCCCNC(=O)c1cccc(C(N)=S)c1;CCCCC[C@@H](CC)O[C@@H]1O[C@H](CO)[C@@H](O)[C@H](O)[C@H]1O;CC(C)c1ccc(NC(=O)Cc2c[nH]c3ccccc23)cc1;O=C(NCCc1ccc(O)c(O)c1)c1ccc(Cl)cn1;CCCCCCCCC(=O)NCCCCS(=O)(=O)[O-];CC1CCCN(C(=O)C(=O)NCCc2ccc(F)cc2)C1;CCCCCCCCO[C@@H]1O[C@@H](CO)[C@H](O)[C@H](O)[C@H]1O;CCc1ccc(C(=O)NCCc2c[nH]c3ccccc23)cc1;CC(CCc1ccc(O)cc1)NC(=O)CCCCC(=O)[O-];CCCCCC(C)NC(=O)COc1ccc(C(=O)[O-])cc1
m_930a3b,O=C(NCCc1ccccn1)C1CCN(Cc2ccc(F)cc2)C1;CCCCCCNc1ccn(C2OC(CO)C(O)C2O)c(=O)n1;CN(C)CCC1=CC=C(O[C@@H]2O[C@H](CO)[C@@H](O)[C@H](O)[C@H]2O)C=C1;COC(=O)NCC1=CC=C(O[C@H]2O[C@H](C)[C@@H](O)[C@H](O)[C@H]2O)C=C1;CC(C)([NH3+])C1(N)N=CNc2c1ncn2C1OC(CO)C(O)C1O;COC1=CC=C(O[C@@H]2O[C@H](CO)[C@@H](O)[C@H](O)[C@H]2NC(C)=O)C=C1;COC1=CC=CC(O[C@@H]2O[C@H](CO)[C@@H](O)[C@H](O)[C@H]2NC(C)=O)=C1;COc1ccccc1OC1OC(CO)C(O)C(O)C1NC(C)=O;Cc1cn(C2OC(C(O)CCC(C)C)C(O)C2O)c(=O)nc1N;COc1ccc(C(=O)NCC2OC(CO)C(O)C(O)C2O)cc1;CC(=O)NC1C(OCc2ccc(O)cc2)OC(CO)C(O)C1O;COc1ccccc1C(=O)NCC1OC(CO)C(O)C(O)C1O;COCC(=O)N1CCN(C(=O)C2CCNCC2)C[C@H]1C(=O)OC;CCOc1cccc(C(=O)NC2C(O)OC(CO)C(O)C2O)c1;COC(=O)Cc1ccc(NOC2OC(C)C(O)C(O)C2O)cc1;COc1ccc(CC(C)(O)CNc2ncnc3c2ncn3C)cc1;CCOc1nc(N)nc2c1ncn2C1OC(CCO)C(O)C1F;CCNC(=O)NC[C@H]1O[C@H](CC2=NOC(COC)=C2)CC[C@@H]1O;COc1ccc(Cn2c(-c3ccc(O)c(OC)c3)n[nH]c2=O)cc1;O=C(CCc1ccc(O)cc1)NC1C(O)OC(CO)C(O)C1O;CO[C@H]1C=C/C(=C/C#N)[C@@H](O[C@@H]2O[C@H](CO)[C@@H](O)[C@H](O)[C@H]2O)C1;O=C(Cn1cnc2c(oc3ccccc32)c1=O)NC1CCOCC1;COCC(=O)N1CCN(C(=O)C2CCNCC2)[C@@H](C(=O)OC)C1;Cn1cnc2c(N3CCOCC3)nc(-c3ccc(O)c(O)c3)nc21;Cn1c(=O)cc(N2CCN(c3nc4ccccc4o3)CC2)[nH]c1=O
m_935b22,Cc1ccc(CNC2CCN(c3ncccn3)CC2)c(C)c1;CC(COC1=CC=C(/C=C/C2=CC=CC=C2)C=C1)[N+](C)(C)C;CCc1ccc(NC(=O)C=Cc2ccc(OC)c(N)c2)cc1;Cc1cc(C=Cc2ccccc2)ccc1C=Cc1ccccc1;C[NH+](C)CCCCOc1ccc(C=Cc2ccccc2)cc1;CCOc1ccc(C=CC(=O)Nc2ccc(C)cc2)cc1N;COc1ccc(N2CCN(c3ccc(C=O)cc3)CC2)cc1;COc1ccc(C=CC(=O)Nc2cccc(C)c2C)cc1N;COc1ccc(C=CC(=O)Nc2ccc(C)cc2C)cc1N;CCOC(=O)CCC=Cc1ccnc(-c2cc(C)ccn2)c1;CC(C)Oc1ccccc1NC(=O)C=Cc1ccc(N)cc1;CNC(=O)C=Cc1ccc(OCc2ccccc2C)c(N)c1;CC(C)Oc1cccc(C=CC(=O)NCc2cccnc2)c1;CCc1ccc(NC(=O)C=Cc2cccc(OC)c2)cc1N;COC1=CC=C(C=NCCNC(=O)C2=CC=C(C)C=C2)C=C1;COc1cccc(CNC(=O)NC=Cc2ccc(C)cc2)c1;CCC(CC(C)O)[n+]1ccc(C=Cc2ccc(C)cc2)cc1;COc1cccc(CNC(=O)NC=Cc2cccc(C)c2)c1;CCCCCc1ccc(C=CC(=O)c2ccc(F)cc2)cc1;Cc1ccc(C(=O)NCC(=O)N(C)Cc2ccccc2)cc1;CCCCC[NH+](CC(=O)c1cc(F)ccc1OC)C(C)C;CCC[NH2+]C(c1cc(OC)c(OC)cc1F)C1CCCC1;COc1cc(CNCCc2c[nH]c3ccccc23)ccc1O;CC(/C=C/C(=O)O)=C\CC(O)/C(C)=C/CCC(C)C(C)O;Cc1ccc(C(C)(C)C)cc1C(=O)C=Cc1ccc(F)cc1
m_93b6a1,CCN(CC)C(=O)CN(C)c1nn2cc(C)nc2s1;COc1cc2ncnc(Nc3ccccc3)c2cc1OC;O=C(O)CCCC(NCCc1ccc(O)cc1)C(=O)O;CCC(O)CC(=O)NC(Cc1ccc(O)cc1)C(=O)O;CN(Cc1cccc(O)c1)C(=O)c1cc2ccccc2o1;CC(C)C(NC(Cc1ccc(O)cc1)C(=O)O)C(=O)O;O=C(OCCC1=CNC2=CC=CC=C12)C1=CC=CC=C1O;CC(C)(C)OC(=O)N[C@@H](CC1=CC=C(O)C=C1)C(=O)O;COc1cc(OCc2ccc3ccccc3n2)ccc1O;CCOC(=O)C(=O)NCCC1=CC=C(OC)C(OC)=C1;CCCCC(=O)NC1=CC(OC)=C(OC)C=C1C(=O)O;CC(N)C(=O)N1CCN(Cc2cccc(Cl)c2)CC1;CC(C)NC(=O)N1CCN(c2ccccc2Cl)CC1;CC(=O)CC(C)NC(Cc1ccc(O)c(O)c1)C(=O)O;CN(Cc1ccc(O)cc1)C(=O)c1cc2ccccc2o1;COc1ccc(CNC(CCCC(=O)O)C(=O)O)cc1;CC(C)(C)C(CC(=O)[O-])NC(=O)Nc1cccc(F)c1;COc1ccc(NC(=O)Nc2c[nH]c3ccccc23)cc1;CCc1ccc(Nc2c(F)cc(N)c3cccnc23)cc1;COc1ccc(NC(=O)COC(C)(C)C)c(C(=O)O)c1;O=C(Nc1ccccc1C(=O)NC1CC1)c1ccncc1;CCOC(=O)c1cn(C)c2c(ccc3ccccc32)c1=O;O=c1cc(N2CC[NH2+]CC2)c2c(ccc3ccccc32)o1;CCOC(=O)CCCNC(=O)c1ccc(OC)cc1O;Cc1ccc(-c2n[nH]cc2CNc2ccccc2F)cc1
m_94a765,O=C(NCCN1CCc2ccccc2C1)NCc1cc[nH]n1;C=CCCCCCCCCC(=O)NC(CC(=O)O)C(=O)O;CCc1ccc(C(=O)NCCc2ccc(O)c(OC)c2)cc1;O=C(O)C(Cc1ccc(O)cc1)NCCCc1ccccc1;CCOc1ccc(CC(=O)NCCc2ccc(O)cc2)cc1;COc1cc(C)ccc1OCC(=O)NCCc1ccccc1;COc1cc(C=CCNCCc2ccc(O)cc2)ccc1O;COc1ccc(CC([NH3+])C(=O)NCCc2ccccc2)cc1;COc1ccc(CCCNC(=O)c2ccc(OC)cc2)cc1;COc1ccc(CCCNC(=O)C([NH3+])c2ccccc2)cc1;COc1ccc(CNC(=O)CCCC[n+]2ccccc2)cc1;COC(=O)CCCCCNC(=O)c1ccc2ccccc2c1;CCOC(=O)C(C)C(=O)C1CCCN1C(=O)OC(C)(C)C;O=C(Cn1nnnc1CCCc1ccccc1)NCC1CC1;CCCCCCCCCCNc1ncnc(Cl)c1OC;CCc1cccc(OCC(=O)NCCc2ccc(O)cc2)c1;COCc1cc(C(=O)NCCc2ccccc2)ccc1OC;O=C(CCOc1ccccc1)NCCCc1ccc(O)cc1;COc1ccc(CCCNC(=O)c2ccc(C[NH3+])cc2)cc1;O=C(NCCc1ccc(O)cc1)OCCCc1ccccc1;COc1ccc(CCNC(=O)c2ccc(OC)c(C)c2)cc1;O=C(Cn1nnnc1CCCc1ccccc1)N1CCCC1;CCc1cc[n+](CC(=O)NCCc2ccc(OC)cc2)cc1;CC(Cc1ccccc1)NC(Cc1ccc(O)cc1)C(=O)O;CC(C)=CCC/C(C)=C/CN[C@H](C(=O)O)[C@H](O)CC(=O)O
m_95e8da,CC(N)C1CCCN(C(=O)C2CC2c2cc(F)ccc2F)C1;COCCn1c(=O)n(C)c(=O)c2c1nc(C)n2C1CC[NH2+]C1;COC1=CC=C(CCNC(=O)N[C@@H](CC(C)C)C(=O)O)C=C1;COc1ccc(CNC(=O)NCC2(O)CCCC2)cc1OC;CCC(C)[C@H](NC(=O)NCCC1=CC=C(OC)C=C1)C(=O)O;COc1cc(NC(=O)NCC(=O)N2CC[NH+](C)CC2)ccn1;CC1CC[NH+](Cc2nc3c([nH]2)c(=O)n(C)c(=O)n3C)CC1O;Cn1c(=O)c2[nH]c(C[NH+]3CCCC(CO)C3)nc2n(C)c1=O;CC(=O)NCCCCCNC(Cc1ccc(O)cc1)C(=O)O;CC1=CC(C)=NC(NC(=N)NCCC2=CNC3=CC=CC=C23)=N1;COc1ccc(OCC(=O)NCCCN2CCOCC2)cc1;COc1ccc(CNCCCCC(NC(C)=O)C(=O)O)cc1;COc1ccc(CN2CCN(CCC(=O)O)CC2)cc1OC;CCn1c(COC)nc2c1c(=O)n(C1CC[NH2+]C1)c(=O)n2C;CC1=NC2=CC=CC=C2N1CCNC(=O)NCC1=CC=CC=C1;CC(C)Oc1ccccc1NC(=O)NCCC1(C)OCCO1;Cc1ccc(OCCOC(=O)CCCCCNC(N)=O)cc1;CC(=O)Nc1ccc(OCC(O)CNC(C)C)c(C(C)=O)c1;CCCOCCCNC(=O)Nc1cccc(C(=O)OCC)c1;COC(=O)CCCCNC(=O)NCCOc1cccc(C)c1;CCOc1ccccc1NC(=O)N1CCC(OC)(OC)CC1;COCCOc1ccccc1NC(=O)N1CCCC(CO)C1;COc1cc(C(=O)NCCN2CCCC2)cc(OC)c1OC;CCOc1ccc(OCC(O)CN2CCCC2C(N)=O)cc1;CCOC(=O)CCN(CCOC)C(=O)Nc1ccccc1C
m_966da0,CC(C(=O)NCCN1CCN(C(=O)C(C)C2CC2)CC1)C1CC1;CCCCOCCCNC(=O)Nc1ccc(N(CC)CC)cc1;CCNC(=O)N1CC[C@H]2CC(=O)N(C3CCCCC3)CC[C@H]2C1;CCN(CC)CCNC[C@@H]1C2=CC(O)=C(OC)C=C2CCN1C;Cc1cccc(NC(=O)c2cccnc2Nc2ccc(F)cc2)c1;COC(=O)C[C@H]1C(=O)NCCN1C(=O)NC1=CC=CC=C1OC;NC(=O)C1=CC=CC=C1NC1=CC=NC(NC2=CC=CC(O)=C2)=N1;Cc1ccc(NC(=O)c2ccc(Nc3ccccc3F)nc2)cc1;CCC(CC)C(O)CNC(=O)NCc1cccc(NC(C)C)c1;COC1=CC=C2C(OC)=C([C@H](O)CC(C)=O)C(O)=NC2=C1OC;Cc1ccc(Nc2ccc(NC(=O)c3ccccc3F)nc2)cc1;O=C(CCCCc1ccccc1)Nc1ccccc1C(F)(F)F;COC(=O)CNC(=O)c1ccc(NC(=O)N2CCOCC2)cc1;COc1cccc(OCCNC(=O)Nc2cc(C)on2)c1OC;CCOc1cc(C(=O)NCCOCC(F)(F)F)ccc1OC;Cc1cc(C)cc(C(=O)NCCc2ccc(C(F)(F)F)cc2)c1;Cc1cc(C)cc(NC(=O)c2c([O-])c3ccccc3n(C)c2=O)c1;COC(=O)C[C@@H]1C(=O)NCCN1C(=O)NC1=CC=C(OC)C=C1;CCCC(O)(CCC)CNC(=O)Nc1ccc(N(C)C)cc1C;COc1ccc(Cl)cc1NC(=O)CCn1nc(C)c(C)c1C;COc1cnc(-c2ccccn2)nc1NC(=O)Nc1ccccc1;Cc1n[nH]c(-c2ccccc2NC(=O)Nc2ccccc2)nc1=O;COC1=CC2=C(C=C1OC)C(=O)N(CC(=O)NCCCO)C=N2;Cc1ccc(C(=O)Nc2ccc(Nc3cccc(F)c3)nc2)cc1;NC(=O)N1CCC(C(=O)NC2CCC3(CCCCC3)CC2)CC1
m_97693a,Cc1ccc2oc(C(=O)N3CCNC(=O)C3c3ccc(C(F)(F)F)cc3)cc2c1;O=C(Cc1csc(-c2cccc(F)c2)n1)NCCCCOc1ccc(F)cc1;O=C(Nc1cc(C(F)(F)F)ccc1N1CCCC1)c1cc2ccccc2oc1=O;COc1ccccc1S(=O)(=O)NC1CCc2nnc(-c3ccc(F)cc3)n2C1;COC1=CC=C2OC(=O)C(C3=CC=C(OCC(=O)NC4=CC=CC=N4)C=C3)=CC2=C1;CSc1ccc(CNC(=O)C2CCCN(C(=O)c3ccccc3Cl)C2)cc1;O=C(NC1CCCCC1)C1CCCN(S(=O)(=O)c2cc(Cl)ccc2F)C1;O=C(CNC(=S)N1CC2CC(C1)c1cccc(=O)n1C2)NCc1cccs1;COc1ccc(S(C)(=O)=O)cc1C(=O)NC1CCN(Cc2ccccc2)C1=O;CCS(=O)(=O)N1CCCC(C(=O)NNC(=S)NCc2ccc(F)cc2)C1;O=C(COc1cc(F)ccc1[N+](=O)[O-])N1CCCC1c1ccc2c(c1)OCCO2;CSc1ccc(C=CC(=O)N2CCN(C(=O)c3ccc(F)cc3F)CC2)cc1;N#Cc1c(N)nc(OCCc2ccnc(C(N)=O)c2)c(C#N)c1-c1ccc(F)cc1;CCOC(=O)C(C)C(c1ccc(Cl)cc1)C(C#N)C(=O)Nc1ccc(F)cc1;COc1ccc(OC)c(NC(=O)CSc2nnc(-c3ccc(F)cc3)n2C)c1;COc1ccc(OCc2nnc(SCC(=O)Nc3ccc(F)cc3)n2C)cc1;O=c1cc(-c2ccccc2)nc(SCc2ccccc2)n1Cc1ccc(F)cc1;O=C(c1cc(COc2cccc(C(F)(F)F)c2)on1)N1CCc2ccccc2C1;COC(=O)C(Cc1ccc2ccccc2n1)NC(=O)c1ccc(C(F)(F)F)cc1;COCCn1c(SCC(=O)NNC(=O)c2ccc(F)cc2)nc2ccccc21;O=C1C(O)=C(c2ccc(F)cc2)C(c2c[nH]c3ccccc23)N1c1ccccc1F;N#Cc1ccc(NCC(=O)Nc2cccc(S(=O)(=O)N3CCCC3)c2)c(F)c1;O=C(NC1CCN(c2cc[nH+]c3cc(Cl)ccc23)CC1)c1ccc(F)cc1F;O=C(C=Cc1ccc(F)cc1)N(CCc1ccccc1)c1nc2ccccc2s1;COC(=O)c1ccc2[nH]c3c(c2c1)CN(C(=O)c1cc2ccccc2oc1=O)CC3
m_97cca9,CCN(C(=O)Cc1nnc(C2CCOCC2)[nH]1)c1ccccc1;O=C(O)CCCCC(=O)CCCCC(=O)CCCCC(=O)O;CCCCCCCCC[C@H](C(=O)O)[C@]1(C(=O)O)CCC(=O)O1;CC(C)NC(=O)CNC(=O)N1CCC2=C(C1)NC1=CC=CC=C21;CCCCC(=O)OC1COC2C(OC(=O)CCCC)COC12;C=CC(/C=C(\C)CO[C@@H]1O[C@H](CO)[C@@H](O)[C@H](O)[C@H]1O)C(=C)C;C=C1CCC(=C(C)C)[C@H](O[C@@H]2O[C@H](CO)[C@@H](O)[C@H](O)[C@H]2O)C1;C=C(C)[C@H]1CC=C(C)[C@H](O[C@@H]2O[C@H](CO)[C@@H](O)[C@H](O)[C@H]2O)C1;COC1=C(CO)C(=O)OC([C@@H](O)CCCCCC[C@@H](C)O)=C1;CCCCCCC[C@H]1OC2=C(C(=O)O[C@@]2(C)O)[C@@H](O)[C@]1(C)O;CCCCn1nccc1NC(=O)NC1c2ccccc2CC1O;O=C(NCc1ccc(Cn2cccn2)cc1)NCC1(O)CCC1;CCCCCCCCCCCC1OC(C(=O)[O-])C(C(=O)[O-])O1;O=C(O)CCC1=CC=C(OC2=CC=C(CCC(=O)O)C=C2)C=C1;Cn1cc(N2CCCC(NC(=O)Cc3ccccc3O)C2)cn1;CCCC(=O)N1CCCCC1C(=O)Nc1nc2ccccc2[nH]1;CCC(=O)NCC(=O)N1CCC(c2nc3ccccc3[nH]2)CC1;CC1(C)C2CC=C(CO[C@@H]3O[C@H](CO)[C@@H](O)[C@H](O)[C@H]3O)C1C2;COC1=CC(C)=C(OC2OC(CO)C(O)C(O)C2O)C=C1C;CCNc1ncnc2cc(C(=O)NCC3CCCC3O)ccc12;CC(CCO)NC(=O)NCc1ccc(Nc2ccncc2)cc1;CC(C)C1=CC(O)=CC=C1OC1OC(CO)C(O)C(O)C1O;CCN1CCN(C2CCN(c3nc4ccccc4o3)CC2)C1=O;CCCCCCCCCOC(=O)C(C)C(CC(=O)[O-])C(=O)[O-];CCN1CCN(c2cc(=O)n(-c3cccc(C)c3)c(=O)[nH]2)CC1
m_982aac,Cc1c(Cl)cccc1C(=O)N1CCC(C2OCCC2C(N)=O)CC1;COC1=CC([C@@H](O)[C@H](CO)C2=CC(OC)=C(O)C(OC)=C2)=CC=C1O;COC1=CC(O)=CC([C@@H](O)[C@H](CO)C2=CC(OC)=C(O)C(OC)=C2)=C1;COc1ccccc1OC(CO)C(O)c1cc(OC)c(O)c(OC)c1;Cc1cc(COc2ccc(C(O)C(C)C(=O)[O-])cc2)c2ccccc2n1;CC([NH2+]CCc1ccccc1)C(O)c1ccc(OS(C)(=O)=O)cc1;CCc1cc(C(=O)NC(CC)C(O)c2c(F)cccc2F)cc(=O)[nH]1;O=C(NCCc1cccc(F)c1)Nc1ccc(Oc2ccccc2)cc1;CN(C)C(=O)n1nc(C(C)(C)C)nc1SCc1cc(O)ccc1O;O=C(NCCC(c1ccccc1)c1ccccc1)c1n[nH]c(=O)[nH]c1=O;O=C(COc1ccc(Nc2ccccc2)cc1)NCc1ccc(F)cc1;Cc1ccc(NC(=O)NCc2cccc(Oc3ccc(F)cc3)c2)cc1;COc1cc(COCc2cc(OC)c(O)c(OC)c2)cc(OC)c1O;CC(=O)NC(CSC(=O)C(C)c1ccc(CC(C)C)cc1)C(=O)[O-];O=C(Nc1cccc(OCCO)c1)c1ccc(Nc2ncccn2)cc1;CC(NC(=O)C(NC(=O)c1ccco1)C(C)C)c1ccc(F)c(F)c1;COc1ccc(OC)c(C(C)NC(=O)C(C)Sc2nncn2C)c1;NC(=O)C(NC(=O)CCn1cnc2ccccc2c1=O)c1ccccc1;NC(=O)C(=O)NC1=CC=CC=C1C(=O)NCCC1=CNC2=CC=CC=C12;N#Cc1ccc(CC(NC(=O)CNC(=O)c2ccccc2)C(N)=O)cc1;NC(=O)C1=CC=CC=C1NC(=O)CCCN1C=NC2=CC=CC=C2C1=O;COC(=O)C(Cc1ccccc1)NC(=O)C(CC(=O)O)NC(C)C=O;COc1ccc(Nc2ccc(NC(=O)Cc3ccc(F)cc3)cc2)cc1;NC(=O)c1cccc(OCC(=O)Nc2cnn(Cc3ccccc3)c2)c1;COc1cccc(NC(C(=O)Nc2ccc(F)cc2)c2ccccc2)c1
m_987cff,CC(C)c1nnc2n1CCN(C(=O)COC1CCCCC1)C2;O=C(Cc1c[nH]c2ccc(Cl)cc12)NC1CC(C(=O)O)C1;CC(C)(C)c1ccc(NCCCc2c[nH]c3ccccc23)cc1;CC1=C(CC(=O)O)C(=O)OC2=C(C)C(OCC(=O)O)=CC=C12;CC1=C(CCC(=O)O)C(=O)OC2=CC(OCC(=O)O)=CC=C12;CNC(=NCCCC(N)C(=O)O)N(C)CCc1ccccc1;O=C(Cc1c[nH]c2ccc(Cl)cc12)NCC1(C(=O)O)CC1;N=C(N)NCCCCC(NCCCc1ccccc1)C(=O)O;CCCCCCCCNc1ccc(C(=O)NCC(=O)O)cc1;CCOC1CCN(C(=O)Nc2cnc(C(C)(C)C)nc2)CC1;O=C(NC1CCC(O)C1)c1cnn(CCN2CCCCC2)c1;Cn1nccc1C1CCCCN1C(=O)COC1CCNCC1;O=C(O)C1CC1C(=O)NCCc1c[nH]c2ccc(Cl)cc12;CC(NC(=O)Nc1cnc(C(C)(C)C)nc1)C1CCOCC1;O=C(O)C[C@H](NC(=O)CC1C(=O)NC2=CC=CC=C21)C(=O)O;O=C(c1cnn(CCN2CCCCC2)c1)N1CCCC(O)C1;Cn1nccc1C1CCN(C(=O)NC2CCC(O)CC2)CC1;CC(=O)Nc1cc(NC(=O)c2ccc(O)cc2F)ccc1F;CC(C)CC(NC(=O)C1CCCCC1)C(=O)Nc1cc[nH]n1;O=C(Nc1c(O)cccc1C(=O)[O-])c1ccc2ccccc2c1;CCOC1CCCN(C(=O)Nc2cnc(C(C)(C)C)nc2)C1;CNc1nc(C)cc(C(=O)NC(CCO)C2CCCCC2)n1;CC(C)c1ccc(CNC(CCCNC(=N)N)C(=O)O)cc1;CC(C)(C(=O)Nc1cc(C2CCCC2)[nH]n1)N1CCOCC1;CCOCC1CCN(C(=O)Nc2cnc(C(C)(C)C)nc2)C1
m_9910fd,COc1ccc(Cn2ccc(NC(=O)C3COc4ccccc43)n2)cc1;O=C(NCCc1ccc(F)cc1)c1ccc(OCc2ccccc2)cc1;COc1cc(=O)n(-c2ccccc2)nc1C(=O)NCc1ccc(C)cc1;COC1=CC=CC(C(=O)NCCOC2=CC=C(C3=CC=CC=C3)N=N2)=C1;COC1=CC=C(C(=O)NCCOC2=CC=C(C3=CC=CC=C3)N=N2)C=C1;COC1=CC=C(C2=CC=C(OCCNC(=O)C3=CC=CC=C3)N=N2)C=C1;Cn1nccc1-c1ccc(CCNC(=O)c2ccc3c(c2)OCO3)cc1;COc1ccc(CCCNC(=O)NCc2nc(C)cs2)cc1OC;CC(=O)Nc1ccc(CCNC(=O)c2ccc(-c3cnco3)cc2)cc1;COC1=CC=C(CCN2C=NC3=C(NC4=CC=CC=C43)C2=O)C=C1OC;CCNC(=O)c1cccc(NC(=O)c2ccc3cc(OC)ccc3n2)c1;COc1ccc(C(=O)NCc2ccc(-c3cccnc3)nc2)cc1OC;COc1ccc(CCNC(=O)CCc2cccc(F)c2F)cc1OC;COc1cc(C)ccc1OCC(=O)Nc1cnc(-c2ccccc2)nc1;COc1ccc(C(=O)Nc2ccc(Nc3ccccc3)cn2)cc1OC;Cc1ccc(F)c(NC(=O)CCOc2ccccc2-c2ccccc2)c1;COc1ccccc1CCC(=O)Nc1cnc(-c2cccc(O)c2)nc1;COC1=CC=C(CNC(=O)C2=CC=C(C3=NOC(C4CC4)=N3)C=C2)C=C1;COc1ccc2cc(CNC(=O)c3ccc(NC(N)=O)cc3)ccc2c1;O=C(CCCc1ccc(-c2ccccc2F)cc1)Nc1ccc(O)cc1;COC1=CC=C(CN2C=NC3=C(NC4=CC=C(C)C=C43)C2=O)C=C1OC;COc1cc(=O)n(-c2ccc(C)cc2)nc1C(=O)Nc1cccc(C)c1;COC1=CC=C(CNC(=O)C2=CC=C3C(=O)N4CCCC4=NC3=C2)C=C1;COc1ccc(CC(C)C(=O)NCc2c(F)cccc2F)cc1OC;Cc1cccc(-n2c(N3CCCC3)nc3cc(C(=O)O)ccc3c2=O)c1
m_997dbc,CCOC(=O)C1CCN(S(=O)(=O)c2cc(Br)ccc2OC)CC1;COC1=CC=CC(=O)C2=C(C)N(C3=CC=C(I)C=C3)C(C)=C12;COC1=CC=C(C(=O)CC2(O)C(O)=NC3=CC=C(Br)C=C32)C=C1OC;O=C(c1cccc2c1-c1ccc(I)cc1C2)N1CCOCC1;COC1=CC(CNC(=O)C2=CC=C(C(=O)C3=CC=CC=C3)C=C2)=CC(OC)=C1OC;COc1ccccc1C(=O)COC(=O)CNC(=O)c1ccc(Br)cc1;Cc1oc(-c2ccccc2)nc1CCOc1ccccc1I;CCc1cc(-c2oncc2-c2ccc(I)cc2)c(O)cc1C;CN1C(=O)C(C)(CC(=O)c2ccccc2)c2cccc(I)c21;C[NH+]1C2CCC1CN(C(=O)c1cc(Cl)ccc1I)CC2;O=C(COC(=O)c1ccc(I)c(F)c1)NC1CCCCC1;CCOc1ccc(C=C(C#N)c2ccc(I)cc2)cc1OC;Cc1cc2occ(CC(=O)Nc3cccc(I)c3)c2cc1C;CC(c1cc2ccccc2o1)N(C)C(=O)c1ccc(I)cc1;Cc1ccc2c(CC(=O)Nc3ccccc3I)coc2c1C;COc1ccc2c(c1)CCC(=CNc1ccccc1I)C2=O;CCOC(=O)c1ccccc1NC(=O)c1cc2c(cc1Br)OCCO2;COc1ccc2ccc(NOCc3ccccc3)c(I)c2c1;O=C(c1cc(Cl)ccc1I)N1CCCC1C1CCC[NH2+]1;COc1cc2c(c(OC)c1OC)C(=O)C(=O)N2Cc1ccc(Br)cc1;C=C1OCC(Cc2ccccc2)N1C(=O)c1ccccc1I;O=C(c1ccc(F)cc1I)N1CCCCC1C1OCCO1;COc1ccccc1C(=O)N1CC[NH+]=C1SCc1ccc(Br)cc1;O=C(CCC(=O)OCC(=O)C1=CC=C(Br)C=C1)NC1=CC=C(O)C=C1;CCOc1c(I)cc(C=C(C#N)c2ccccc2)cc1OC
m_99e777,CC(SCc1ccccc1)C(=O)NCCC(=O)N(C)C;O=C(C1=CC=CC=C1)N1CCN(C(=O)C2=CC=CC=C2)CC1;CCCCCCNC(=O)COc1ccc(C(N)=S)cc1;COC1=CC=C2NC=C(CCNC(=O)C3=CC=CC=C3)C2=C1;COC1=CC=C(C(=O)NCCC2=CNC3=CC=CC=C23)C=C1;CN1C=C(C(=O)NCCC2=CC=C(O)C=C2)C2=CC=CC=C21;COC1=CC=C2C(CCNC(=O)C3=CC=CC=C3)=CNC2=C1;O=C(CC1=CNC2=CC=CC=C12)NCCC1=CC=C(O)C=C1;CC1(NC(=O)CNC(=O)c2cccc(F)c2)CCOCC1;CCOC1=CC=C(NC(=O)CC2=CNC3=CC=CC=C23)C=C1;CCCCOC(=O)CCCC(=O)Oc1ccccc1OC;CCCCCNC(=S)Nc1cccc(C(=O)OCC)c1;CCCCOC(=O)c1ccc(NC(=S)NCCC)cc1;CCCCOC(=O)c1ccccc1C(=O)OCCOCC;COc1cccc(SCC(=O)NC2CCCN(C)C2)c1;COCC(=O)N1CCCN(C(=O)c2ccc(F)cc2)CC1;CSc1ccc(OCCN2CCC(C(N)=O)CC2)cc1;Cc1ccc(F)cc1OCC(=O)N1CCCC(C(N)=O)C1;COCCC(=O)N1CCN(C(=O)c2ccc(F)cc2)CC1;CC(=O)NC1CCN(C(=O)COc2ccccc2F)CC1;CCOc1ccc(C(=O)CCCC(=O)OC)cc1OCC;COC(=O)CCNC(=O)C1CCN(c2ccccc2F)C1;COc1ccc(CNC(=N)NCCCC(N)C(=O)O)cc1;O=C(Nc1ccccc1)c1ccc(C(=O)N2CCCC2)cc1;COc1ccc(F)cc1CC(=O)N1CC(C)C(C(N)=O)C1
m_9b41d0,CN(C(=O)C1CCCC1)c1ccccc1S(C)(=O)=O;O=C(OCCC1=CNC2=CC=CC=C12)C1=CC=CC=C1O;CC1(O)C(O)C(CO)OC1N1C=NC2=C(N)N=CN=C21;O=C(NCCc1c[nH]c2ccc(O)cc12)c1ccccn1;O=C(O)CCC(NCC(O)C(O)C(O)CO)C(=O)O;CO[C@@H]1[C@H](O)[C@@H](CO)O[C@H]1N1C=NC2=C(N)N=CN=C21;CC1=NC(N)=C2N=CN([C@H]3O[C@H](CO)[C@@H](O)[C@@H]3O)C2=N1;CCS(=O)(=O)c1ccc2[nH]cc(CCC(C)O)c2c1;COc1cccc(OC)c1C(=O)c1c[nH]c2ccccc12;Cc1ccc(F)c(OCC(=O)NC2CC(C(=O)O)C2)c1;CO[C@H]1[C@@H](O)[C@H](N2C=NC3=C(N)N=CN=C32)O[C@@H]1CO;COC(=O)C1CCN(C(=O)c2ccc(OC)cc2F)C1;COc1ccc(CC(=O)N2CCCC2C(=O)O)cc1F;COc1ccc(OC(=O)Cc2c[nH]c3ccccc23)cc1;COc1ccc(CC(=O)N2CCC(C(=O)O)C2)cc1F;O=C(O)CCCC(NCCc1ccc(O)cc1)C(=O)O;Cn1c(N)nc2c(ncn2C2CC(O)C(CO)O2)c1=O;COc1ccc(CNC(CCCC(=O)O)C(=O)O)cc1;CC(O)[C@H](NCC1(O)O[C@H](CO)[C@@H](O)[C@@H]1O)C(=O)O;COc1c(O)ccc(C(C)=O)c1-c1c[nH]c2ccccc12;Nc1ncnc2c1ncn2C1CC(O)C(O)C(CO)O1;COc1ccccc1COC(=O)c1c[nH]c2ccccc12;COc1ccc(F)cc1C(=O)N1CCCC(C(=O)O)C1;COc1ccc(OC)c(C(=O)c2c[nH]c3ccccc23)c1;COc1cccc(COC(=O)c2c[nH]c3ccccc23)c1
m_9b8030,CC(=O)N1CCOC2CCN(C(=O)c3cn(C(C)(C)C)nc3C)CC21;CC(C)CC1=CC=C([C@H](C)C(=O)NCCC2=CNC3=CC=CC=C23)C=C1;COc1ccc(CCNC(=O)c2cccc(N)c2Br)cc1;Nc1cccc(C(=O)NCCCOc2ccccc2)c1Br;CC(C)c1cccc(C(C)C)c1NC(=O)CCc1c[nH]c2ccccc12;CCN1CCC(NC(=O)NCCOc2cccc(NC(C)=O)c2)CC1;CC(C)c1cc(C(=O)N2CCN(C(=O)NC3CCCCC3)CC2)no1;CC(C)C1OCCCC1CNC(=O)Nc1ccnc(C(=O)N(C)C)c1;CN(C)C(=O)c1cc(NC(=O)NCc2ccc3ccccc3c2)ccn1;CCOc1c(N)cccc1C(=O)Nc1ccc(Br)c(C)c1;Nc1cc(=O)n(Cc2ccccc2)c(N)c1C(=O)NCc1ccccc1;O=C(Nc1cc(NC(=O)c2ccccc2)c(O)cc1O)c1ccccc1;Cc1cccc(OCCNC(=O)c2cccc(N)c2Br)c1;CC(C)c1ccc(C=CC(=O)Nc2ccc(N3CCCCC3)cc2)cc1;CC(C)NC(=O)N(C)CC1Oc2c(N)cccc2C(=O)N(C)CC1C;CCOc1ccc(NC(=O)C(=O)NCCCN2CCN(C)CC2)cc1;CN1CCC(N[C@@H]2CO[C@H](CNC(=O)NC3=CC=CC=C3)[C@H]2O)CC1;COc1ccc(CCNC(=O)c2ccc(Br)c(N)c2)cc1;Cc1cc(OCC(=O)Nc2c(C)cccc2N)ccc1Br;Cc1ccc2c(ccn2CC(=O)Nc2c(C(C)C)cccc2C(C)C)c1;COc1ccc(C)cc1NC(=O)CNC(=O)CN1CC(C)C(CN)C1;Nc1cccc(C(=O)Nc2cccc(CCCO)c2)c1Br;O=C(Nc1ccc(NC(=O)c2ccccc2O)cc1)c1ccccc1O;CCNC(=O)CN1CCCN(C(=O)c2cc(O)nc(C(C)C)c2)CC1;C[NH+]1CCC(NC(=O)c2ccc(N)c(N(C(=O)[O-])C(C)(C)C)c2)CC1
m_9b95d4,COCC1(CO)CCN(C(=O)c2cccnc2SCc2ccc(C(N)=O)cc2)C1;COC1=CC=C(CNC(=O)COC2=CC=CC=C2C2=NN=C(C3=CC=CC=C3)O2)C=C1;CN(Cc1ccc2ccccc2n1)CC(O)COc1ccc(NS(C)(=O)=O)cc1;CCOCCOc1ccc(S(=O)(=O)NC(C)c2ccc(-n3ccnc3)cc2)cc1;COc1ccc(CCNS(=O)(=O)c2c(C)nn(-c3ccccc3)c2C)cc1OC;COCCNS(=O)(=O)c1ccc(C(=O)NCCCn2ccc3ccccc32)cc1;C[N+](=O)NCO[C@@H]1O[C@H](CO[C@@H]2O[C@H](CO)[C@@H](O)[C@H](O)[C@H]2O)[C@@H](O)[C@H](O)[C@H]1O;CC(NS(=O)(=O)c1ccccc1)C(=O)Nc1ccc(C(=O)NC2CCCC2)cc1;COc1ccccc1NS(=O)(=O)c1ccc(C=CC(=O)NN2CCCCC2)cc1;COC1=CC=CC=C1N1C=NC2=CC(C(=O)NCCC3=CC=C(O)C=C3)=CC=C2C1=O;Cc1ccc(C(=O)NCC(=O)N2CCC(NS(=O)(=O)c3ccccc3)CC2)cc1;O=C(CCNS(=O)(=O)c1ccccc1)NC(Cc1ccccc1)C(=O)NC1CC1;O=C(NC1CCN(C(=O)CCNS(=O)(=O)c2ccccc2)CC1)c1ccccc1;CN(CCC1=CC=CC=C1)C[C@@H]1OC[C@H](NS(=O)(=O)C2=CC=CC(C#N)=C2)[C@H]1O;CC(C)NS(=O)(=O)c1ccc(NC(=O)c2ccc(CN3CCCC3=O)cc2)cc1;COc1ccc(CN(Cc2ccc(OC)cc2)S(=O)(=O)c2c(C)n[nH]c2C)cc1;COc1ccc(Cn2c(=O)[nH]c3cc(C(=O)NCc4ccccc4)ccc3c2=O)cc1;CCN1CCc2ccc(NC(=O)c3ccc(OC)c(S(=O)(=O)NC4CC4)c3)cc21;CCc1ccc(S(=O)(=O)Nc2ccccc2C(=O)N2CCC(C(N)=O)CC2)cc1;CCCc1cnc2c(c1SCc1cc(OC)cc(OC)c1)c(=O)n(C)c(=O)n2C;COCCS(=O)(=O)c1ccc(C(=O)Nc2nc3ccccc3n2C(C)(C)C)cc1;CCNS(=O)(=O)c1ccc(C=CC(=O)NC(C)C(=O)NCc2ccccc2)cc1;CCCCOC(=O)c1cccc(NC(=O)CSc2nc(=O)c3c([nH]2)CCCC3)c1;CCc1ccc(OC)c(S(=O)(=O)NCC2CCCN2c2nc3ccccc3o2)c1;CCCCNC(=O)c1ccccc1NS(=O)(=O)c1ccc(N2CCCC2=O)cc1
m_9c4788,COc1ccc(S(=O)(=O)Nc2ccc(C)c(O)c2)cc1OC;COc1cc(S(=O)(=O)Nc2ccccc2O)c(OC)cc1C;O=C(O)C1=C(C2=CC=CC=C2)C(C2=CC=C(O)C=C2)=C(C(=O)O)N1;OCC1OC(OCCC2=CNC3=CC=CC=C23)C(O)C(O)C1O;COc1cc(C=CCNC(C(=O)O)C(C)OC(C)=O)ccc1O;NC1=C2C(=O)C3=C(O)C=CC=C3C(O)=C2C2=C(O)C=C(CO)C=C12;C/C(=N\C1=CC=C(C(=O)O)C(O)=C1)C1=CC2=CC=CC=C2OC1=O;COC1=CC2=C(C=C1OC)C(=O)C1=C3C(=C(O)C=CC3=CC=N1)O2;CC(=O)Nc1ccc(C(=O)c2cc3ccc(O)cc3oc2=O)cc1;CC(=O)c1ccc(OC(=O)c2cc(O)nc3ccccc23)cc1O;CCC1=CNC2=CC=CC(O[C@@H]3O[C@H](CO)[C@@H](O)[C@H](O)[C@H]3O)=C12;COc1ccc2[nH]cc(C=C3Oc4cc(O)c(O)cc4C3=O)c2c1;CC1=CC2=C(C(CC(=O)O)=C(C3=CC4=CC=CC=C4O3)O2)C(=O)N1;COC1=CC=C2C(=O)C3=NC=CC4=CC=C(O)C(=C34)OC2=C1OC;CCCN1C(=O)SC(=Cc2cc(OC)c(O)c(OC)c2)C1=O;CCOc1cc(C=C2SC(=O)N(CCOC)C2=O)ccc1O;COC(=O)CCCSC(=S)NCC1OC(C)C(O)C1O;COC1=CC=C2C(=C1OC)C(=O)N1C2SC(C)(C)[C@H]1C(=O)O;COC(=O)CCCSC(=S)N(C)C1OC(C)C(O)C1O;COC1=CC=C2C(=O)C3=NC=CC4=CC=C(OC)C(=C34)OC2=C1O;COC1=CC(/C=C(\C)C2=NNC(C3=CC=CC=C3O)=N2)=CC=C1O;CC(C)c1cc(O)c(-c2ccccc2)c(=O)n1-c1ccc(F)cc1;Cc1cc(=O)oc2c(CNC3CCS(=O)(=O)C3)c(O)ccc12;CCCC(=O)C1=C(C)C=C(C(=O)N[C@@H](CO)C(=O)O)C=C1OC;CCOC(=O)c1csc(-c2cc(OC)c(OC)c(OC)c2)n1
m_9dc5c4,Cc1nn(C)c2ncc(S(=O)(=O)NC(C)c3cccc(F)c3)cc12;O=C(Nc1cc(NC(=O)c2ccccc2)c(O)cc1O)c1ccccc1;OC1=CC=C(CC[C@@H](O)C[C@H](O)CCC2=CC=C(O)C(O)=C2)C=C1O;CC(=O)OC[C@@H]1O[C@H](OC(C)=O)[C@@H](OC(C)=O)[C@H](O)[C@H]1OC(C)=O;COC1=CC(CCC2=CC(OC)=C(OC)C(OC)=C2)=CC(O)=C1OC;CCCCCCNC(=O)C1=C(O)C2=CC(OC)=C(OC)C=C2NC1=O;O=C(O)CCC(NC(=O)CCn1nnc2ccccc2c1=O)C(=O)O;CC(=O)O[C@@H]1O[C@H](CO)[C@@H](OC(C)=O)[C@H](OC(C)=O)[C@H]1OC(C)=O;COC1=CC(C[C@H](CO)[C@H](CO)CC2=CC=C(O)C(O)=C2)=CC=C1O;O=C(NCCc1ccc(F)cc1)C(=O)NCCc1ccc(Cl)cc1;Nc1cnn(C2OC(COC(=O)c3ccccc3)C(O)C2O)c(=O)n1;O=C(Oc1ccccc1C(=O)OCc1ccccc1)c1ccc(O)cc1;O=C(Nc1ccc(NC(=O)c2ccccc2O)cc1)c1ccccc1O;O=C(c1cc(Cl)ccc1O)N1CCN(Cc2ccccc2F)CC1;COC1=CC(CCCC2=C(OC)C=C(O)C(OC)=C2OC)=CC=C1O;CCCC1=CC=C2C(O)=C3C(=O)C4=C(O)C=CC=C4C(=O)C3=C(O)C2=C1;CC(=O)OC[C@@H]1O[C@H](O)[C@@H](OC(C)=O)[C@H](OC(C)=O)[C@H]1OC(C)=O;NC(=O)c1ccc(COC(=O)c2cccnc2Oc2ccccc2)cc1;COC1=C(C)C=CC2=C(O)C3=C(C=C12)C(=O)C1=C(O)C=C(C)C=C1C3=O;COC1=CC2=C(C3=CN=CC4=CC(O)=C(OC)C=C34)C=NC=C2C=C1O;O=C(OCc1ccc(COC(=O)c2cccnc2)cc1)c1cccnc1;N=C1C2=C(C=CN1CCC1=CC=C(O)C(O)=C1)C1=CC=CC=C1OC2=O;CC(=O)OC[C@@H]1O[C@H](OC(C)=O)[C@@H](O)[C@H](OC(C)=O)[C@H]1OC(C)=O;O=C(NCCC(=O)N1CCOCC1)c1ccc(F)c(C(F)(F)F)c1;CCC[C@H](NCC1=C(COP(=O)(O)O)C=NC(C)=C1O)C(=O)O
m_9e99f7,Cn1cc(S(=O)(=O)NCC(=O)NC2CCN(CC3CCCC3)CC2)cn1;COc1ccc(C=CC(=O)Nc2ccc(C[NH+]3CCOCC3)cc2)cc1OC;COc1ccccc1C(CNC(=O)C=Cc1ccc2c(c1)OCCO2)[NH+](C)C;CN(CCN1CCOCC1)C(=O)NC1CCCc2cc(OC(F)F)ccc21;COC1=CC=C(NC(=O)N2CCC3(CC2)CC(=O)N(C)C2=CC(C)=NN23)C=C1;COc1ccc(C=Cc2nc3cc(CCC(C)([NH3+])CO)ccc3o2)cc1OC;COC1=CC=CC(NC(=O)N2CCC3(CC2)CC(=O)N(C)C2=CC(C)=NN23)=C1;CCCCOc1ccc(Nc2cc(-c3ccccc3)nc3ccc(N)cc23)cc1;Cc1cccc(Cn2c(CNC(=O)CCc3ccccc3)nc3ccccc32)c1;COCC1(CNC(=O)CC(NC(C)=O)c2c(F)cccc2F)CCNCC1;CCCCOc1ccc(C=Nc2nc3ccccc3n2Cc2ccccc2)cc1;COC1=CC=CC=C1NC(=O)N1CCC2(CC1)CC(=O)N(C)C1=CC(C)=NN12;COCCN1CCN(C(=O)NC2CCCc3cc(OC(F)F)ccc32)CC1;CC(CO)(CNC(=O)NCCc1c[nH]c2ccc(F)cc12)Cc1ccccc1;OC1Cc2nccc(Nc3ccc(CCCc4c[nH]c5ccccc45)cc3)c2C1;CCn1nccc1N1CCCC(NS(=O)(=O)N2CC(C)CC(C)C2)C1=O;Cc1cccc(C[NH+]2CCN(C(=O)COC(=O)c3cc(C)ccc3O)CC2)c1;Cc1ccc(Cn2c(CNC(=O)CCc3ccccc3)nc3ccccc32)cc1;COC1=CC=CC(CN2C(N3CCCCC3)=NC3=C2C(=O)N(C)C(=O)N3C)=C1;O=C(NCc1cccc(CN2CCOCC2)c1)NC1CCc2c(F)cccc21;CN1CCN(Cc2ccccc2OCC(=O)NCC2CC2)c2cc(F)ccc21;CC(C)c1ccc(OCCC(=O)NCCc2nc3ccc(F)cc3n2C)cc1;CCCCN(C)c1nc(-c2ccc(Oc3ccccc3)cc2)nc2ccccc12;COc1ccc(OC)c(NC(=O)C(C)[NH+]2CC=C(c3ccc(O)cc3)CC2)c1;O=C(CCc1ccccc1)NCc1nc2ccccc2n1CCc1ccccc1
m_9f1fb6,CC(C)CCN1CCC(CNC(=O)NCCO)CC1;CCNC(=O)N1CCC(CN(CCO)C(C)C)CC1;CCC(O)CN(C)CC1CCN(CC(=O)NC)CC1;CCN(CCNC(=O)N1CC(C)OC(C)C1)C(C)C;CC(C)N(C)CC(=O)N1CCN(CC(C)(C)O)CC1;COc1cc(C)ccc1S(=O)(=O)N1CCOCC1;COc1cc(CNC(CCS)C(=O)O)ccc1O;COc1cc(CCNCC(O)C(O)CO)ccc1O;CCCCCCCCCCc1c[nH]c2c(C)cccc12;COC1=CC=CC(C(=O)NC2=CC=C(C(=O)O)C=C2)=C1;COC1=CC=CC=C1C(=O)NC1=CC=CC(C(=O)O)=C1;COC1=CC=CC(NC(=O)C2=CC=C3OCOC3=C2)=C1;Cn1c(CNC(=O)c2ccncc2)nnc1C1CCC1;C[NH+](C)C1CCCC(NC(=O)C2([NH3+])CCOCC2)C1;O=C(NCCNc1ncccn1)NCc1ccccc1;Cc1ccc(-n2nnnc2NC2CCCCCC2)cc1;Cc1ccc(C)c(S(=O)(=O)NCCCC(=O)O)c1;COc1ccccc1S(=O)(=O)NC1CCCOC1;CC(C)OCCCNC(=O)C[NH+]1CC2C[NH2+]CC2C1;Cc1ccc(C(=O)NCCNc2nccc(N)n2)cc1;O=C(O)CC1COCCN1C(=O)CC1CCCCO1;COc1ccc(S(=O)(=O)N2CCOCC2)c(C)c1;O=C(Cn1cnnn1)NCC1CCCc2ccccc21;CCCCCCCCCCn1ccc2cc(C)ccc21;COCCNC(=O)C(C)[NH+]1CC2C[NH2+]CC2C1(C)C
m_9fcc62,O=C(Nc1cncnc1N1CCCC1)C1CC=CC1;CC1(C)CCCN(C(=O)c2ccnc3nc[nH]c23)C1;O=c1[nH]nc(C2CCCN(Cc3ccccc3)C2)[nH]1;CCC(CC)C(=O)Nc1ccc(-c2nnc[nH]2)cc1;CC1CN(C)CCN1C(=O)c1cccc2cn[nH]c12;CC1CCCN(C(=O)Nc2nc3ccccc3[nH]2)C1;CCC(=O)N1CCN(c2cccc3[nH]ncc23)CC1;CC(C)Nc1ccccc1C(=O)NCc1ncc[nH]1;CCCC(=O)NCCc1nc(-c2ccccc2)n[nH]1;CCN(CC)c1ccc(NC(=O)c2cnc[nH]2)cc1;CCC1CCCCN1C(=O)c1cnc2nc[nH]c2c1;CN(CCCc1ccccc1)c1[nH]cnc(=O)c1N;CC(Nc1nc2ccccc2[nH]1)C(=O)N1CCCC1;Cc1nc(CN(C)C(C)C(N)=O)nc2ccccc12;CC(=O)c1c[nH]c2ncnc(NC3CCCCC3)c12;CC(C)CC(NC(=O)c1cnc[nH]1)c1cccnc1;OC(CNc1ncnc2ncccc12)C1CCCC1;OC1(CNc2ncnc3ncccc23)CCCCC1;COc1ccc(CC([NH3+])Cc2ccccc2)cc1O;CNc1nc2ccccc2nc1N1CCC(O)CC1;CC(C)CCC(=O)Nc1cc(-c2ccncc2)n[nH]1;O=c1[nH]ccc2c(NC3CCCCCC3)ncnc12;CCC(C)NC(=O)Nc1cnn(-c2ccccc2)c1;O=C(O)CCCCCC[C@@H]1CC[C@H](CC(=O)O)O1;CC(=O)N1CCCN(c2nc3ccccc3[nH]2)CC1
m_a06450,CC(C)C(=O)NC(Cc1c[nH]c2ccccc12)C(=O)NC1CCCC1CCO;CCOc1ccc(C=CC(=O)NC2CCN(C(=O)NC3CCCC3)CC2)cc1;CCCCCCCCCCCCOC(=O)C=Cc1ccc(C=CC(=O)[O-])cc1;COc1cccc(C=CC(=O)NC2CCN(C(=O)NC3CCCCC3)CC2)c1;CC(=O)NC1(CNC(=O)NCCc2ccc(O)cc2)C2CC3CC(C2)CC1C3;O=C(CCC1CCCCC1)NCCNC(=O)c1ccc(NC(=O)C2CC2)cc1;O=C(NCCN1CCCCCC1=O)c1cccc(NC(=O)C2CCCCC2)c1;COc1cccc(C=CC(=O)NC2CCN(C(=O)N3CCCC(C)C3)CC2)c1;COc1cccc(C=CC(=O)NC2CCCN(C(=O)N3CCCC(C)C3)C2)c1;COc1cccc(C=CC(=O)N2CCC(NC(=O)N3CCCCCC3)CC2)c1;CCOc1ccc(C=CC(=O)NC2CCCN(C(=O)N3CCCCC3)C2)cc1;CC(=O)CCCC(=O)NCCCCNC(=O)CCCc1c[nH]c2ccccc12;COC1=CC=C(CC(=O)NC[C@H](C2=CC=C(N(C)C)C=C2)N(C)C)C=C1OC;COc1cccc(C=CC(=O)N2CCC(NC(=O)N3CCC(C)CC3)CC2)c1;Cc1noc(C)c1COc1ccc(C(=O)NCC2(N(C)C)CCCCC2)cc1;O=C(NCCC(=O)N1CCC(NC(=O)C2CCCCC2)CC1)c1ccccc1;CCCCCN(CCCCC)C(=O)CNC(=O)c1ccc2cccc(O)c2n1;CCN1CCN(CC(=O)N2CCC(CCc3ccc(C)cc3)CC2)C(=O)C1=O;COc1ccc2[nH]c(=O)c(CCC(=O)NCCCN3CCCC(C)C3)cc2c1;CC(=O)Nc1ccc(CC(=O)N2CCN(C(=O)CCC3CCCC3)CC2)cc1;CC(C)(C)c1ccc(C(=O)NCCC(=O)N2CCCC2C(=O)NC2CC2)cc1;CCCNC(=O)C1CCCN(C(=O)C2CCCN2C(=O)Cc2ccccc2)C1;O=C(Cc1ccccc1)NCC(=O)N1CCN(C(=O)CCC2CCCC2)CC1;O=C1C[C@@H]2CCN(C(=O)C3=CC=CC=C3)C[C@@H]2CCN1CCN1CCOCC1;COc1ccccc1N1CCN(CCN2C(=O)CC3(CCCC3)CC2=O)CC1
m_a0edff,COc1ccc(CNC(=O)N2CCN3CCC2CC3)c(OC)c1;COc1ccc(CCNC(=O)CN2CCC(C(N)=O)CC2)cc1;CC(C)NC(=O)NCCc1ccc(OCC(=O)NC2CC2)cc1;CCNC(=O)N1CCC(NC(=O)c2cccc(OCC)c2)CC1;CCN(CC)C(=O)c1cccc(NC(=O)CN2CCOCC2)c1;COc1ccc(CCNC(=O)C(C)N2CCC(C(N)=O)C2)cc1;CC(C)(C)CNC(=O)N1CCN(C(=O)c2cccc(O)c2)CC1;CCCOc1cccc(NCC(=O)NCC(=O)N2CCCC2)c1;CC(C)CNC(=O)c1ccccc1NC(=O)CN1CCOCC1;COc1ccc(CCNC(=O)Cc2ccc3ccccc3c2)cc1;COc1ccccc1CNC(=O)NCCC(=O)NC1CCCC1;NC(=O)CN1CCC(NC(=O)CCCOc2ccccc2)CC1;COc1ccc(C(=O)NCCc2ccc(OC)c(F)c2)c(O)c1;CC(=O)Nc1cccc(OCCNC(=O)N2CCCCC2C)c1;CCN(CC)C(=O)N1CCC(NC(=O)c2cccc(O)c2)CC1;CNC(=O)COc1ccc(CNC(=O)N2CCCCCC2)cc1;CCOc1ccccc1N1CCN(C(=O)CCNC(C)=O)CC1;COc1cccc(NC(=O)CCN2CCCN(C(C)=O)CC2)c1;COc1ccccc1-c1ccc(C(=O)Nc2ccc(O)cc2)cc1;COc1cc(CNc2cc(C(=O)O)ccc2O)cc(OC)c1O;Cc1cc(C)cc(OCC(=O)N2CCCN(CC(N)=O)CC2)c1;COc1cccc(CCNC(=O)NCCCN2CCCC2=O)c1;COc1ccc(CCCC(=O)Nc2ccc3ccccc3c2)cc1;CCCNC(=O)CCC(=O)NCCCNC(=O)c1ccccc1;CC(=O)NCC(=O)NCC(=O)NC(C)Cc1ccc(C)cc1C
m_a12514,Cc1ccc(C2CCCN2C(=O)C2CCCC(=O)N2)cc1;Cn1cc(CC(=O)NCCC2CCCO2)c2ccccc21;CCN1C(=O)Cc2ccccc2C1C(=O)NC1CCCC1;CC(Cc1cn(C)c2ccccc12)NC(=O)C1CCOC1;CN1C=C(CC(=O)NCC2CCOCC2)C2=CC=CC=C21;CC(=O)N1CCC(C(=O)NC2CCc3ccccc32)CC1;O=C(NC1CC=CC1)N1CCOC(Cc2ccccc2)C1;COC1=CC=C2NC3=C(CCCC3NC(=O)C(C)C)C2=C1;CN1C(=O)CCCC1C(=O)N1CCCc2ccccc2C1;CCN(C(=O)Cc1noc2ccccc12)C1CCCCC1;CCn1cc(CC(=O)NCC2CCCO2)c2ccccc21;Cc1nc2ccccc2n(CC(O)C2CCCCC2)c1=O;CC(C)C(=O)N[C@@H]1CCCN1C(=O)/C=C/C1=CC=CC=C1;O=C(Cc1c[nH]c2ccccc12)NCCC1CCCCO1;CCOc1cccc2[nH]cc(CC(=O)N3CC(CC)C3)c12;Cc1cccc2c1OCCC2NC(=O)N1CCC12CCC2;CC(C)C1CCC(c2noc(-c3ccccc3O)n2)CC1;CC1(NC(=O)CN2CCCCC2=O)Cc2ccccc2C1;CC(C)C(=O)NC1CCCN(/C=C/C2=CC=CC=C2)C1=O;CCCCOc1ccc(C(=O)Cc2nccn2CC)cc1;CN1C(=O)C2=CC=CC=C2O[C@H]2CN(C3CCCC3)C[C@H]21;O=C(O)C(Cc1c[nH]c2ccccc12)NC1CCCCC1;CC1=CC=C2OC([C@H]3CCN(C4CCOCC4)C3)=NC2=C1;Cc1cc(C)cc(CC(C)N2C(=O)NC3(CCC3)C2=O)c1;Cc1cccc2[nH]cc(CC(=O)NCC3CCCC3O)c12
m_a3c949,N#Cc1cc(F)ccc1CN1CCCC(c2noc(C3CC3)n2)C1;CO[C@H](CCO)[C@H](O[C@H]1O[C@@H](CO)[C@H](O)[C@@H](O)[C@@H]1O)[C@@H](C)O;OCC(O)C(O)C(O)C(O)C(O)CC1CC(O)C(O)C1CO;OCC(O)C(O)C(O)C(O)CC1CC(O)C(O)C(O)C1CO;COCCOCCOCCOC1OC(CO)C(O)C(O)C1O;COC1=CC=C(/C=C\CO[C@@H]2O[C@H](CO)[C@@H](O)[C@H](O)[C@H]2O)C=C1;CC(C)C1=CC(=O)C(O[C@H]2O[C@@H](CO)[C@H](O)[C@@H](O)[C@@H]2O)=CC=C1;C/C=C/C1=CC=C(OC)C=C1O[C@@H]1O[C@H](CO)[C@@H](O)[C@H](O)[C@H]1O;C/C=C/C1=CC=C(OC)C(O[C@@H]2O[C@H](CO)[C@@H](O)[C@H](O)[C@H]2O)=C1;CC(=O)CCC1=CC=C(O[C@H]2O[C@H](CO)[C@@H](O)[C@H](O)[C@H]2O)C=C1;C/C=C/C1=CC=C(O[C@@H]2O[C@H](CO)[C@@H](O)[C@H](O)[C@H]2O)C(OC)=C1;CC(C)C1=CC=CC(=O)C(O[C@@H]2O[C@H](CO)[C@@H](O)[C@H](O)[C@H]2O)=C1;C=CCC1=CC=CC(O[C@@H]2O[C@H](CO)[C@@H](O)[C@H](O)[C@H]2O)=C1OC;C=CCC1=CC=C(OC)C(O[C@@H]2O[C@H](CO)[C@@H](O)[C@H](O)[C@H]2O)=C1;C/C=C/C1=CC(OC)=CC=C1O[C@@H]1O[C@H](CO)[C@@H](O)[C@H](O)[C@H]1O;C=CCC1=CC=C(O[C@@H]2O[C@H](CO)[C@@H](O)[C@@H](O)[C@H]2O)C=C1OC;CC(C)(C(=O)OC1OC(CO)C(O)C(O)C1O)c1ccccc1;C=CCC1=CC=C(O[C@@H]2O[C@H](CO)[C@H](O)[C@@H](O)[C@@H]2O)C(OC)=C1;COC/C=C/C1=CC=C(O[C@@H]2O[C@H](CO)[C@@H](O)[C@H](O)[C@H]2O)C=C1;CCCCOC(=O)CCC(=O)Oc1ccccc1-c1ccccc1;CCC(C)(C)OOOC(=O)C(O)(CC)C(O)C(O)C(O)CO;Cc1ccc(OC(=O)CCCCC(=O)Oc2ccc(C)cc2)cc1;OCC1OC(OCC=CCOc2ccccc2)C(O)C(O)C1O;O=C(Cc1ccccc1)OCCCCOC(=O)Cc1ccccc1;CC1(C)Cc2cccc(OC3OC(CO)C(O)C(O)C3O)c2O1
m_a5509a,CCn1nccc1C1OCCC1CNC(=O)c1ncoc1C;COC1=CC=C(/C=C\C(=O)N[C@H]2CCCN2C(=N)N)C=C1O;COc1ccc2c(CC([NH3+])C(=O)C(C)(C)C)cc(=O)oc2c1;O=c1cc(OCC(O)C[NH+]2CCCCC2)c2ccccc2o1;COC(=O)c1c(C)oc2ccc(O)c(C[NH+]3CCCCC3)c12;CCCCOc1ccc2c(C)cc(=O)oc2c1OCCCC;C[NH+]1C2CCC1CC(OC(=O)c1ccc3c(c1)OCCO3)C2;CC(=O)Oc1ccccc1C(=O)OC1CC2CCC(C1)[NH+]2C;CC(C)OC1CC(NC(=O)Cc2c[nH]c3cc(F)ccc23)C1;COc1cccc(CN(C)C(=O)Cn2nc(C)n(C)c2=O)c1;COCc1oc(-c2ccc3c(c2)OCCCO3)cc1C(C)[NH3+];CCCCCCCCCC1=CC(=O)C2=C(O)C=C(O)C=C2O1;CC(O)CNC(=O)NCC(C)c1nc(-c2ccccc2)no1;CCNC(=O)NC[C@H]1COCC2=NC3=CC=C(OC)C=C3N21;CCOC(=O)c1c(C[NH+]2CCCCC2)oc2ccc(O)cc12;CN(C(=O)Cc1c[nH]c2ccccc12)C1Cc2ccccc2C1;CC(C)C1CCN(C(=O)c2cccc(OCC(=O)[O-])c2)CC1;CC(C)(C)C1CCC(OC(=O)c2ccc3c(c2)OCO3)CC1;COC1=CC2=C(C=C1O)[C@]1(C)CC[C@@H](O)C(C)(C)[C@@H]1CC2=O;COc1ccc(OC)c(Nc2nc(=O)c(C(C)(C)C)n[nH]2)c1;COc1ccc(C)cc1CC(=O)NC1CCC(C(=O)[O-])CC1;O=C(Cc1c[nH]c2ccc(F)cc12)NCC1(O)CCCCC1;COc1ccc(C)cc1CC(=O)N1CCCC(C)(C(=O)[O-])C1;COc1ccc(CCC(=O)NCc2n[nH]c(C)n2)cc1OC;O=C(Cc1c[nH]c2ccccc12)NC1(c2ccccc2)CCC1
m_a5bb0e,Cn1cc(CC(=O)N2CCOC(c3nnn[nH]3)C2)c2ccccc21;O=C(O)CCCCCCCC1=CC=C(CCCCC(=O)O)S1;Cc1ccc(OC(=O)CCCCC(=O)Oc2ccc(C)cc2)cc1;CCCCCOC(=O)C1=CC=CC=C1C(=O)OCC1=CC=CC=C1;CCCCOC(=O)C1=CC=CC=C1C(=O)OCCC1=CC=CC=C1;NC(CCC(O)CNC(Cc1ccc(O)cc1)C(=O)O)C(=O)O;CCCCOC(=O)CCC(=O)Oc1ccccc1-c1ccccc1;CCCCCCOC(=O)c1ccccc1C(=O)Oc1ccccc1;CCCCCc1ccc(C(=O)Oc2ccc(C(=O)OC)cc2)cc1;CCCCCOc1ccc(C(=O)c2ccccc2OC(C)=O)cc1;CCCCCCCCCCC([NH3+])c1ccc(Br)cc1;O=C(O)CCCCC(=O)NC1CCN(c2c(F)cccc2F)C1;CCCC(CC)OC(=O)c1ccc(C(=O)Oc2ccccc2)cc1;CCCCCCOC(=O)c1cccc(O)c1C(=O)c1ccccc1;CCCCCC(=O)Oc1ccc(N=Nc2ccc(OC)cc2)cc1;CCCCCCCCCC([NH3+])c1ccc(C)c(Br)c1;CCOC(=O)CCCC(=O)Nc1ccc(Nc2ccccc2)cc1;CCCCCCC(C)c1cc(C(F)(F)F)cc(C(F)(F)F)c1;CCCCC[NH2+]C(CC(=O)OCC)C(=O)c1ccc(Cl)cc1;CCCCCCCCC(=O)OCC1COc2cscc2OC1;CCCCC(CC)OP(=S)(S)OC(CC)CCCC;CCCCCCSC1=CC(C(N)=O)=CC(SCCCC)=N1;CCCCCOC(=O)c1cccc(C(=O)Oc2cccc(C)c2)c1;CCCCOC(=O)c1ccccc1C(=O)Oc1cc(C)cc(C)c1;CCCCCC(=O)NNC(=O)COc1cc(C)c(Cl)c(C)c1
m_a5d8e5,CCc1nc(C)cc(NCC2CCC(=O)N(CC)C2c2cnn(C)c2)n1;CC(C)C(=O)N1CCC(NC(=O)Cc2c(Cl)cccc2Cl)CC1;CCCCNC(=O)C1CCN(C(=O)c2ccc(Cl)cc2Cl)CC1;CC(C)(C)C(=O)N1CCC(C(=O)Nc2ccc(Cl)c(Cl)c2)CC1;CCCCNC(=O)C1CCCN(C(=O)c2ccc(Cl)cc2Cl)C1;CCCCC(=O)N1CCC(C(=O)Nc2cc(Cl)ccc2Cl)CC1;CC(NC(=O)c1cccc(Cl)c1Cl)C(=O)NC1CCCCCC1;CCCCC(=O)N1CCC(C(=O)Nc2c(Cl)cccc2Cl)CC1;NC(=O)C1CCOC1C1CCN(Cc2c(Cl)cccc2Cl)CC1;CC(C)CC(=O)NC1CCN(C(=O)c2ccc(Cl)cc2Cl)CC1;CCCN(CCC)C(=O)C1CC(=O)N(c2ccc(Cl)cc2Cl)C1;O=C(CC1CC2CCC(C1)[NH2+]2)NCc1ccc(CN2CCCC2=O)cc1;CC(C)CC(=O)NC1CCN(C(=O)c2cc(Cl)ccc2Cl)CC1;O=C(Cc1c(Cl)cccc1C(=O)N1CCC(F)C1)N1CCC(F)C1;O=C(NC1=C(Cl)C=CC=C1Cl)OC[C@@H]1CCCN2CCCC[C@H]12;O=C(C1CCCC1)N1CCN(S(=O)(=O)c2ccccc2Cl)CC1;O=C(Cc1ccc(Cl)c(Cl)c1)NCCCN1CCCCCC1=O;O=C(COc1ccccc1Cl)NCc1ccc(Cn2cncn2)cc1;COc1cc(Cl)c(C)cc1NC(=O)c1cn(Cc2ccccc2)nn1;O=C(NC1CC2CCC(C1)[NH2+]2)c1ccc(CNC(=O)C2CCCC2)cc1;O=C(CCc1ccc(Cl)cc1Cl)N1CC(O)C(N2CCCC2)C1;O=C(C1CCCC1)N1CCN(S(=O)(=O)c2ccc(Cl)cc2)CC1;CC(=O)N(CCC(=O)Nc1cc(Cl)ccc1Cl)C1CCCCC1;CCCCC(=O)N1CCC(C(=O)Nc2cc(Cl)cc(Cl)c2)CC1;O=C(C1CCCC1)N1CCN(S(=O)(=O)c2cccc(Cl)c2)CC1
m_a87b11,COc1ccccc1CN1CCOCC1c1nc(C)no1;Cc1nc2ccccc2n1CC(=O)NC(C(=O)O)C(C)C;COC(=O)[C@H](C)NC(=O)NCCC1=CNC2=CC=CC=C12;COc1ccc(CCNC(=O)c2cn(C)nc2OC)cc1;CCOCCCNC(=O)Cn1c(=O)cnc2ccccc21;COc1ccc(O)c(NC(=O)c2cc(C(C)C)n(C)n2)c1;CCOC(=O)CNC(=O)NCCc1c[nH]c2ccccc12;COC(=O)c1c(NC(=O)CN(C)C)c2ccccc2n1C;CC(CC(N)=O)NC(Cc1c[nH]c2ccccc12)C(=O)O;COCC(=O)N1CC[C@H](C2=NC3=CC(OC)=CC=C3N2)C1;CC1=NC2=CC=C(O)C=C2C(=O)N1CC(=O)NCC(C)C;COc1ccc(CNC(=O)c2cnn(C)c2C)cc1OC;CCCC(O)CNC(=O)Cn1c(=O)cnc2ccccc21;O=C(Cn1c(=O)[nH]c2ccccc2c1=O)N1CCOCC1;O=C(Cn1c(CCO)nc2ccccc21)N1CCOCC1;COc1cc(CCNC(=O)CCn2cccn2)ccc1O;Cc1cccc(CCNC(=O)c2cccc3ccccc23)c1;CCOC(=O)Cn1c(=O)cc(C(=O)OC)c2ccccc21;COc1cc(C(=O)NCCc2cc[nH]n2)cc(OC)c1C;COc1ccc(OC(C)CNC(=O)c2cc(C)n[nH]2)cc1;COc1cccc(C(=O)NCC(C)(O)c2cnn(C)c2)c1;O=C(Cc1cccc2ccccc12)NCCc1ccccc1;COc1ccc(CNC(Cc2cncn2C)C(=O)O)cc1;CCOCC(=O)Nc1cc(-c2cccc(OC)c2)nn1C;CCOC(=O)CCCNc1ncnc2c(OC)cccc12
m_a94f72,CC(CC(=O)O)NC(=O)c1ccnn1CC1CCC1;CCCCCCNC(=O)P(=O)(OCC)OCC;CCOP(=O)(OCC)C(C)C(=O)NC(C)(C)C;CC(C)CCCCCc1cc(O)cc(O)c1C(=O)[O-];O=C(CCCCCCC(=O)NC1=CC=CN=C1)NO;COc1ccc(C(=O)[O-])cc1COCCCC(C)C;CC(C)CNC(=O)NC(=O)COc1ccc(N)cc1;COc1cnc(C(=O)NCC2CCCCC2O)nc1;NC(=O)NCCCC(NCc1ccccc1)C(=O)O;CCCCNC(=O)COC(=O)c1cc(N)cc(N)c1;CCCCCCCOc1cc(C(=O)[O-])ccc1OC;Cn1nccc1CCC(=O)NC1CCC(C(=O)O)C1;CCCCNC(=O)COc1ccc(N)cc1C(N)=O;CCCCCOc1ccccc1OCCCC(=O)[O-];O=C(CCCCCNC(=O)NO)Nc1ccccc1;CC(C)CCNC(=O)CNc1cccc([N+](=O)[O-])c1;CCCCOc1ccc(C(=O)[O-])cc1OCC(C)C;CCCCCC(CCCCC(C)O)S(=O)(=O)[O-];CCCCCCOC(=O)CNc1ncc(C=O)cn1;CCCCOc1ccc(C(=O)NCC(=O)NN)cc1;CC(O)CCNC(=O)CNC(=O)Nc1ccccc1;CCCCOc1ncnn2c(CC(O)CO)ccc12;CCCCCCCCOc1ccc(O)c(C(=O)[O-])c1;CCCCCCCCOc1cccc(C(=O)[O-])c1O;CCNC(=O)C(C)NC(=O)COc1ccc(N)cc1
m_a98076,CN(CC1(O)CCN(Cc2ccccc2)C1)C(=O)c1c[nH]c(C#N)c1;OC[C@H]1O[C@H](OC2=CC(O)=C(O)C3=CC=CC=C23)[C@H](O)[C@@H](O)[C@@H]1O;COc1ccccc1CCNC(=O)c1cnc2c(cnn2C(C)C)c1;CCCCCn1cnc(=[NH2+])c2ncn(C3OC(CO)C(O)C3O)c21;CC(C)Cc1ccc(C(C)C(=O)OC2OC(CO)C(O)C2O)cc1;OCC1OC(OC2=CC=CC3=C(O)C=CC(O)=C23)C(O)C(O)C1O;COc1ccc(CNC(=O)NCCCn2cnc3ccccc32)cc1;C=CC(O)C[n+]1cnc2c(ncn2C2OC(CO)C(O)C2O)c1N;CCCC(=O)NCCn1c(=O)n(Cc2ccccc2)c2cccnc21;OC[C@H]1O[C@@H](OC2=CC=C(O)C3=CC=CC(O)=C23)[C@H](O)[C@@H](O)[C@H]1O;CCOCCCNc1ccc(-c2nnc(-c3ccc(C)cc3)o2)cn1;CC1=CC(=O)OC2=CC(O[C@@H]3O[C@@H](CO)[C@@H](O)[C@@H](O)[C@@H]3O)=CC=C12;CN1C(=O)CCc2cc(C(=O)Nc3cc(C4CCCC4)[nH]n3)ccc21;CC1=CC=CC2=C1C(O[C@@H]1O[C@H](CO)[C@@H](O)[C@H](O)[C@H]1O)=CC(=O)O2;COc1ccc2cc(CNC(=O)NCCc3ccnn3C)ccc2c1;Cn1cc(CC(=O)Nc2cc(C3CCOCC3)[nH]n2)c2ccccc21;C[NH+]=c1c2ncn(C3OC(COC)C(OC)C3OC)c2ncn1C;COc1ccc(N2CCC(c3cn4nc(C)cc4c(=O)[nH]3)CC2)cc1;CCN1CCCC(NC(=O)Nc2ccnc(-c3ccccc3)c2)C1=O;Cc1ccc(-c2nnn(CC(O)COc3ccc(C)cc3C)n2)cc1;CN1CCCCC1C(=O)Nc1cccc(C(=O)Nc2ccccn2)c1;COc1ccc(CN(C)Cc2c(O)nnn2-c2ccccc2)cc1C;Cn1c(=O)c2ccnn2c2ccc(C(=O)NC3CCCCCC3)cc21;CCCCCCCCCCS(=O)(=O)C1OC(CO)C(O)C1O;O=C(NC1CCCC1)c1ccc(NC(=O)c2cc3n(n2)CCC3)cc1
m_aa5754,C=C(C)CN(C)C(=O)NCc1cc(C(=O)OC)c(C)o1;CC(C)[C@H](NC(=O)[C@@H](N)CC1=CC=C(O)C=C1)C(=O)O;OCC(O)C(O)CNCCc1c[nH]c2ccc(O)cc12;O=C(/C=C/CCC1=CC=C(O)C=C1)CCC1=CC=CC=C1;CCC(C)NC(=O)CCNC(=O)c1cccc(O)c1O;NCCCC(NC(Cc1ccccc1)C(=O)O)C(=O)O;CCCCCc1ccc2c(O)c3ccccc3c(O)c2c1;CC(=O)Oc1cccc(NC(=O)NCCCCCO)c1;CCCCOC(=O)NCCNC(=O)c1cccc(O)c1;CC(C)C(NC(=O)CNCc1ccccc1O)C(=O)O;CC(C)(C)OC(=O)NC(Cc1cccc(N)c1)C(=O)O;CC(C)(C)OC(=O)Nc1ccc(C(N)CC(=O)O)cc1;CC(C)CNC(=O)CCNC(=O)c1cc(O)ccc1O;CCC(C)[C@H](NC(=O)NC1=CC=C(OC)C=C1)C(=O)O;CCCCC(=O)NCCNC(=O)c1cc(O)cc(O)c1;COc1cccc(C(=O)N2CCOC(CN)C2)c1OC;CCCCCc1cc(=O)oc2c1cc(C)c1ccccc12;CC(=O)NCCNC(=O)C(C)Cc1ccc(O)c(O)c1;Oc1ccc(O)n1CCCCCCn1c(O)ccc1O;COC(=O)CCNC(=O)NCCc1ccc(OC)cc1;N[C@@H](CC1=CC=CC=C1)C(=O)N[C@@H](CC(=O)O)C(=O)O;COc1cc(OC)c(N)c(C(=O)NCC2CCCO2)c1;COC(=O)CCNc1ccccc1NCCC(=O)OC;CC(=O)NNC(=O)CCCCCOc1ccc(O)cc1;COc1ccc(CNC(=O)N2CCOCC2)c(OC)c1
m_ab3260,Cc1cc(NC(=O)C(C)SCc2csc(C3CCCC3)n2)no1;CC(CC(=O)OCC(=O)Nc1ccc(F)c(F)c1F)c1ccccc1;NC(CC1=CNC2=CC=CC=C12)C(=O)NC(CC1=CC=CC=C1)C(=O)O;O=C(COC(=O)CCc1ccccc1)Nc1ccc(C(F)(F)F)cc1;N[C@@H](CC1=CC=CC=C1)C(=O)N[C@@H](CC1=CNC2=CC=CC=C12)C(=O)O;COC(=O)CCNC(=O)c1ccccc1-c1ccc(C(F)(F)F)cc1;COC(=O)c1ccc(C(=O)NCCc2ccc(C(F)(F)F)cc2)cc1;Cc1ccc(COC(=O)CNC(=O)c2ccc(C(F)(F)F)cc2)cc1;O=C(CCC(=O)OCc1ccccc1)Nc1cccc(C(F)(F)F)c1;O=C(O)CCN1C(=O)C(O)=C(C(=O)C2=CC=CC=C2)[C@@H]1C1=CC=CC=C1;CCCn1nnnc1COC(=O)CCNC(=O)c1ccc(Cl)cc1;O=C(COC(=O)c1ccc(C(F)(F)F)cc1)NCCc1ccccc1;COC(=O)CCCC(=O)Nc1ccc2c(c1)-c1ccccc1C(=O)C2=O;Cc1ccc(C(=O)CCC(=O)OCN2C(=O)c3ccccc3C2=O)cc1;NC(=O)CCCOc1ccc2c(c1)C(O)(C(F)(F)F)c1ccccc1-2;Cc1ccccc1COC(=O)CNC(=O)c1ccc(C(F)(F)F)cc1;COC(=O)CNC(=O)C1=CC=CC2=C1OC(C1=CC=CC=C1)=C(C)C2=O;COC(=O)C(Cc1ccc(C)cc1)NC(=O)c1c(F)cc(F)cc1F;Cc1cccc(COC(=O)CNC(=O)c2ccc(C(F)(F)F)cc2)c1;O=C(CCCOc1ccc(Cl)cc1)NCCOc1ccc(F)cc1;O=C(COc1ccccc1)NC(Cc1ccccc1)C(=O)C(F)(F)F;COC(=O)C(Cc1cccc(C(F)(F)F)c1)NC(=O)c1ccccc1;CCOC(=O)c1ccccc1NC(=O)Cc1ccc(C(F)(F)F)cc1;CN(CC(N)=O)C(=O)c1sc(-c2ccccc2)nc1-c1ccccc1;O=C(NCC1=CC=CC=C1)C1=CC=C(COC2=CC=C(Cl)C=C2)C=C1
m_ab91a8,CCc1cc(NC(=O)C2(C)CCOC2)ccc1C;O=C(O)CCCCCNCC=Cc1ccccc1;CCC=CCCCNC(C(=O)O)c1ccccc1;CCCCCCCCNC(CCS)C(=O)O;CCCCCCCCCNC(CS)C(=O)O;O=C(O)C(Cc1ccccc1)NC1CCCCC1;Cc1ccccc1C1CCCN1CCCC(=O)O;CCCCCNC(=O)C=Cc1ccc(OC)cc1;CCCCCCCCCSC[C@H](N)C(=O)O;COC1=CC=CC(C(=O)NC2CCCCCC2)=C1;O=C(O)CCCN1CCC(Cc2ccccc2)C1;CCCCCCCNC(CCSC)C(=O)O;CC(C)C[C@H](NC/C=C/C1=CC=CC=C1)C(=O)O;CCCCCCCC(C)NC(CS)C(=O)O;CCC(C)C(NCC=Cc1ccccc1)C(=O)O;CCCN1CCC(c2ccccc2C(=O)O)CC1;O=C(O)CCCN1CCCC1Cc1ccccc1;CCCCCC=CNC(=O)c1ccccc1OC;CCCCCCC(=O)Cc1ccc(C(N)=O)cc1;CC1CC(c2ccccc2)CN1CCCC(=O)O;CCOC(=O)CCCCCN=Cc1ccccc1;CCCC1CCN(C(=O)c2ccc(O)cc2)CC1;CCCOC(=O)c1ccc(NC2CCCC2)cc1;CCCCCCOc1ccc(N2CCC2=O)cc1;CCCCCC(=O)N1CCc2cc(O)ccc2C1
m_abbd02,CCN1CCC2OCCN(Cc3nnnn3CC(F)(F)F)C2C1;CN1C(=O)C2=C(N=CN2CCCC(=N)N2CCOCC2)N(C)C1=O;N#Cc1cccc(OCC(=O)N2CCC(Cc3ccccc3)CC2)c1;[NH3+]CCC(=O)OCC1OC(n2cc(F)c(=O)[nH]c2=O)C(O)C1O;CCCCn1c(=O)[nH]c(=O)c2c1nc(CN1CCNC(=O)C1)n2C;CC(=O)N1CCC(CNc2nc3c(c(=O)[nH]c(=O)n3C)n2C)CC1;N#Cc1ccc(-c2ccc(OCC(=O)N3CCCCCC3)cc2)cc1;N#Cc1ccccc1-c1ccc(CN2CCCN(C(N)=O)CC2)cc1;CC1=CC2=CC=CC(C)=C2C=C1O[C@H]1O[C@H](CO)[C@H](O)[C@@H](O)[C@H]1O;CC(NC(=O)N1CCN(c2ccccc2)CC1)c1ccc(C#N)cc1;CCCCSCC1OC(n2cc(F)c(=O)[nH]c2=O)C(O)C1O;CCn1c(=O)[nH]c2cc(-c3nc(-c4ccccc4)no3)ccc2c1=O;CCn1cc(C2OCCCC2NC(=O)Cn2ncn(C)c2=O)cn1;Cc1ccc(-c2nc(C(N)=O)nn2C2OC(CO)C(O)C2O)cc1;Cc1cc(C)cc(N2CCN(C(=O)Nc3ccc(C#N)cc3)CC2)c1;N[C@@H](CC1=CN([C@@H]2O[C@H](CO)[C@@H](O)[C@H](O)[C@H]2O)OC1=O)C(=O)O;N#Cc1ccc(CNC2CCCN(c3ccccc3C(N)=O)C2)cc1;O=C(Nc1ccccc1)NC1C2COC(O2)C([NH+]2CCCC2)C1O;O=C(CNC(=O)C1CC1)Nc1ccc(-n2cnc3ccccc32)cc1;N#Cc1ccc(OCCCCCCCOc2ccc(C#N)cc2)cc1;O=C(C[C@@H]1O[C@H](CNC(=O)C2CC2)[C@@H](O)[C@H]1O)NC1=CC=CC=C1;CC1(C(=O)NC2CCN(Cc3ccc(F)cc3)C2=O)CCCOC1;CC1(OCC(=O)Nc2c(-c3ccccc3)[nH]c3ccccc23)CCC1;CCOC1CCN(C(=O)c2ccccc2-c2ccccc2C#N)CC1;CN(C)c1nccnc1OC1CCCN(C(=O)N2CCNC2=O)C1
m_acdfec,CC1CN(c2ccc(NC(=O)c3cc(C4CC4)[nH]n3)cn2)CC(C)O1;CN1CCC(Nc2ccccc2NC(=O)Cc2ccc(F)cc2)CC1;CN1CCN(Cc2ccc(NC(=O)Cc3ccc(F)cc3)cc2)CC1;CN1CCN(c2ccccc2CNC(=O)Cc2ccc(F)cc2)CC1;O=C(NC1CCN(C(=O)Cc2ccc(F)cc2)CC1)c1ccncc1;Cc1ccc(CC(=O)NC2CCN(Cc3ccc(F)cc3)CC2)cn1;CN1CCC(Nc2ccccc2NC(=O)Cc2cccc(F)c2)CC1;O=C(CNc1ccccc1N1CCCCC1)NCc1ccc(F)cc1;O=C(Cc1ccc(F)cc1)NC1CCN(C(=O)c2ccncc2)CC1;O=C(NC1CCN(C(=O)Cc2ccc(F)cc2)CC1)c1cccnc1;Cc1ccccc1N1CCN(CCC(=O)Nc2ccc(F)cc2)CC1;O=C(NCCc1ccc(F)cc1)c1ccc(NC2CCCCC2)nc1;CN1CCN(Cc2ccc(NC(=O)Cc3cccc(F)c3)cc2)CC1;O=C(O)CCc1ccc(OCc2coc(-c3cccc(F)c3)n2)cc1;CC(Cc1c(F)cccc1F)NC(=O)CN1CCN(CCO)CC1;CN1CCN(c2ccccc2CNC(=O)Cc2cccc(F)c2)CC1;O=C(NCCCc1ccc(O)cc1)c1ccc(F)c(C(F)(F)F)c1;Cc1ccccc1N1CCN(C(=O)NCCc2ccc(F)cc2)CC1;O=C(NCCc1ccccc1F)c1ccc(NC2CCCCC2)cn1;CN1CCC(Nc2ccccc2NC(=O)Cc2ccccc2F)CC1;O=C(O)c1ccc(CCC(=O)N2CCCC2c2ccc(F)cc2)cc1;O=C(NC1CCCCC1)c1ccnc(NCCc2ccc(F)cc2)c1;CNC(=O)c1ccc(OCCOCCOCCOCCCO)cc1;CN1CCN(c2ccccc2CNC(=O)Cc2ccccc2F)CC1;O=C(Cc1ccc(F)cc1)N1CCN(C(=O)Nc2ccccc2)CC1
m_ace790,C=CCNC(=O)CNc1ccc(C(F)(F)F)c(C#N)c1;O=C(O)C(CO)NCC(O)C(O)C(O)C(O)C(=O)O;NC1=NC2=C(C(=O)N1)N(C1OC(CO)C(O)C1O)C=N2;CC1(O)CCN(C(=O)COc2cccc(Cl)c2)CC1;NOC(=O)[C@]1(O)C[C@@H](O)[C@@H](O)[C@@H]([C@H](O)[C@H](O)CO)O1;NN1C=NC2=C(N=CN2C2OC(CO)C(O)C2O)C1=O;COCC(=O)N1CCC(Oc2ccccc2Cl)CC1;OC[C@@H]1O[C@H](N2C=NC3=C(NO)N=CN=C32)[C@H](O)[C@H]1O;NC1=NC(=O)NC2=C1N=CN2[C@@H]1O[C@H](CO)[C@@H](O)[C@H]1O;COC(=O)C(CC(C)C)NC(=O)c1ccccc1Cl;CC(Cc1cccc(Cl)c1)C(=O)NCCCC(=O)O;O=C(NCC1CCCC(O)C1)c1cc(O)ccc1Cl;CC1(O)CCCN(C(=O)c2cc(O)ccc2Cl)CC1;NC1=C2N=CN([C@@H]3O[C@H](CO)[C@H](O)[C@H]3O)C2=NC=[N+]1[O-];CCCCP(=O)([O-])OC1CC(O)C(O)C(O)C1O;Nc1nc(=O)c2ncn(C3OC(CO)C(O)C3O)c2[nH]1;CCC(C)C(NC(=O)c1c(C)cccc1Cl)C(=O)O;N=C1C2=C(N=CN1O)N([C@@H]1O[C@H](CO)[C@@H](O)[C@H]1O)C=N2;CCC(CC)(CNC(=O)c1cccc(Cl)c1)C(=O)O;COCC(CO)NC(=O)C=Cc1ccc(C)c(Cl)c1;CC1CN(C(=O)COc2cccc(Cl)c2)CCC1O;NC1=NC2=C(N=CN2C[C@H]2O[C@@H](O)[C@H](O)[C@@H]2O)C(=O)N1;COc1cc(C=CCNC(CS)C(=O)O)ccc1O;COc1ccc(C(=O)NC(CCSC)C(=O)O)cc1;Cc1cccc(C(=O)N(CCC(=O)O)C(C)C)c1Cl
m_acfc1e,CCC(C)NC(=O)CCNC(=O)NCc1ccccc1OC;CCCCCCCCCCCCNC(COP(=O)(O)O)C(=O)O;CCOc1ccc(OCC(=O)N2CCC(Cc3ccccc3)CC2)cc1;CCCN1CCN(C(=O)CCCNC(=O)c2ccc(F)cc2F)CC1;CCCCCCOC(=O)[C@H](CC1=CC=CC=C1)NC(=O)C1=CC=CC=C1;O=C(NCCCCCCCCOC(=O)c1ccccc1)c1ccccc1;CCCCOC(=O)c1ccc(CNC(=O)CCc2ccc(C)cc2)cc1;CCCCCCCCCCCNC(C(=O)O)C(C)OP(=O)(O)O;CCCCCOC1=CC=C(NC(=O)CCCC(=O)C2=CC=CC=C2)C=C1;CCCCOc1ccc(C(=O)N2CCC(c3ccc(O)cc3)CC2)cc1;CC(C)Oc1cccc(CNC(=O)COc2ccc3c(c2)CCCC3)c1;COc1ccc(OCC(=O)N2CCC(CCc3ccccc3)CC2)cc1;COc1cc(CNC(=O)C2CCCCC2)ccc1OCc1ccccc1;CCCCOCc1cc(C(=O)N2CCc3ccccc3C2)ccc1OC;COc1ccc(C[NH+]=C(N)NCCc2c[nH]c3ccccc23)cc1OC;COc1ccccc1-c1ccc(C(=O)NCC2CCC(CO)CC2)cc1;CCCCCCCCNC(=O)c1ccccc1C(=O)c1ccccc1O;COCC(=O)NC[C@H]1O[C@@H](CO)[C@@H](O)[C@H]1N(C)CCC1=CC=CC=N1;Cc1ccc(Oc2ccc(OCC(=O)N3CC(C)CC(C)C3)cc2)cc1;CCOc1ccc(C(=O)N2CCCCC2)cc1COc1ccc(C)cc1;CCCCCCCc1ccc(C(=O)Nc2ccc(C(=O)OC)cc2)cc1;Cc1cc(C)cc(Oc2ccc(OCC(=O)NC3CCCCC3)cc2)c1;CCCCC1=CC=C(CCNC(=O)/C=C/C2=CC=C(O)C(OC)=C2)C=C1;Cc1ccc(C)c(OCCCC(C)(C)C(=O)NC(=O)c2ccccc2)c1;CCc1ccc(OCCNC(=O)COc2ccc3c(c2)CCCC3)cc1
m_aec773,NC(=O)C1(CNC(=O)c2cc(F)cc(Br)c2)CCCC1;CCc1ccc(-c2cn(-c3ccc(Br)cc3)c(=O)[nH]2)cc1;COc1ccc(Cl)cc1-n1c(=O)[nH]c2cc(C(F)(F)F)ccc21;O=C(OCCCn1c(=O)[nH]c2ccccc2c1=O)C1C2CCCCC21;O=c1[nH]c(Cl)c(C2CCCC2)c(=O)n1CCSC(F)(F)F;Cc1cc(-c2c(Cl)cccc2OC(F)(F)F)cc2[nH]c(=O)[nH]c12;CC(C)NC(=O)C[C@@H]1NC(=O)N(CCC2=CNC3=CC=CC=C23)C1=O;CCN1CCCN(C(=O)c2ccc3c(c2)[nH]c(=O)n3C2CC2)CC1=O;CC1(C2CCN(c3ccc4ccc(F)cc4n3)CC2)NC(=O)NC1=O;Cc1cccc(N2CCN(C(=O)Cn3ccc(=O)[nH]c3=O)CC2)c1C;CCCNC(=O)C[C@@H]1NC(=O)N(CCC2=CNC3=CC=CC=C23)C1=O;O=c1[nH]c2cc(C(F)(F)CF)ccc2n1-c1cc(Cl)ccc1O;O=C(CSc1n[nH]c(=O)n1C1CC1)Nc1cc(Cl)ccc1F;CN1C(=O)C2=C(N=C(NCC3=CC=CC=C3)N2CC(N)=O)N(C)C1=O;CCOc1ccccc1-c1nc2c([nH]1)c(=O)n(C)c(=O)n2CC(C)C;CCc1ncnc(N2CCN(c3cccc4[nH]c(=O)[nH]c34)CC2)c1F;CCn1c(NN=C(C)c2ccccc2O)nc2c1c(=O)[nH]c(=O)n2C;COc1cc(NC(=O)c2cnc3n2CCCCC3)ccc1NC(C)=O;O=c1[nH]nc2c(SCc3ccc(Cl)cc3)nc3ccccc3n12;COCCn1c(NN=Cc2ccccc2)nc2c1c(=O)[nH]c(=O)n2C;Cn1c(=O)[nH]c(=O)c2cc(C(=O)N3CCCC34CCCCC4)cnc21;CC1=CC=C2NC3=C(N=CN(CCC4=CNC5=CC=CC=C45)C3=O)C2=C1;COc1cc(NC(=S)NC2CCCCC2)ccc1Br;Cn1c(=O)c(C(=O)NC2CCCCCC2)nn(-c2ccccc2)c1=O;Cc1ccc(-n2c(C)nc3c(Br)cc(C)cc3c2=O)cc1
m_aef2b4,O=C(Nc1ncccn1)c1ccc(Oc2ccccc2)cc1;CCCCCCOC(=O)c1cc(Cl)nc2ccccc12;CCCCCCC(=O)NCCCCCCBr;CCCCCCCCNC(=O)CCCCBr;O=C(O)CCCC(NC(CCC(=O)O)C(=O)O)C(=O)O;CCCCCOC(=O)Cn1cc(C(F)(F)F)ccc1=O;CCCCCCC(=O)N(C)CCCCCBr;CC(=O)OCC(NC(CCCC(=O)O)C(=O)O)C(=O)O;Nc1ccccc1OCCCCOc1ccc(Cl)cc1;Clc1ccccc1OCCCCCOc1cccnc1;Nc1cccc(OCCCCOc2ccc(Cl)cc2)c1;CCOC(=O)CCCCCN1C(=O)C(C)(C)S1(=O)=O;O=C([O-])CCCCCOCCCC(F)(F)C(F)(F)F;C=C(C)C(=O)OCCCCOC(=O)CCP(C)(=O)[O-];CC(NC(CCOC(=O)CCC(=O)O)C(=O)O)C(=O)O;CCOC(=O)CCCOc1cc(N)cc(C(F)(F)F)c1;CCCCCNC(=O)c1ccc(-c2ccccc2Cl)o1;CCCCCCCC(=O)N(CCC)CCBr;CCCCCCCC(=O)NCC(Br)C(C)C;COc1ccc(OCCCNc2ccc(Cl)cc2)cc1;CCCCOc1ccc(C(=O)NOCC(F)(F)F)cc1;CCCCC(CC)C(=O)NCCCCCBr;COC(=O)CCCCCNc1nccc(C(F)(F)F)n1;COC(=O)CCCCCNc1ccc(C(F)(F)F)nn1;CCCCOC(=O)CCn1cccc(C(F)(F)F)c1=O
m_b047da,COC(=O)C1CCc2nnc(Cc3ccccc3F)n2CC1;O=C(NCCOc1ccc2c(c1)OCO2)c1cccc(F)c1;O=C(COc1ccc(F)cc1)NCc1ccc2c(c1)OCO2;O=C(COc1ccc2c(c1)OCO2)NCc1ccc(F)cc1;Cc1ccc(F)cc1NC(=O)COc1ccc2c(c1)OCO2;Cc1nccn1-c1ccc(F)cc1CNC(=O)C1CCCO1;COc1ncccc1CNC(=O)NCc1ccc(C)c(F)c1;O=C(NCCOc1ccc2c(c1)OCO2)c1ccccc1F;O=C(CCn1cccn1)NC1CCCOc2cc(F)ccc21;O=C(NCCOc1cccc(F)c1)c1ccc2c(c1)OCO2;COc1ccc(CNC(=O)NCCc2ccccc2F)cn1;O=C(NCC1CCCOC1)c1cncn1-c1ccc(F)cc1;COc1ccc(CNC(=O)NCCc2ccc(F)cc2)cn1;CC(C)(C)c1nc2cc3c(cc2n1C(C)(C)C(=O)[O-])OCO3;CC1(C)OCC(CNc2cc[nH+]c3cc4c(cc23)OCO4)O1;Cn1nccc1C(=O)NCC1CCOC1c1ccc(F)cc1;Cc1cc(=O)n(C)cc1NC(=O)NCCc1ccccc1F;COCCn1c(-c2ccc3c(c2)OCO3)ccc(C[NH3+])c1=O;COc1ccc(CNC(=O)NCCc2cccc(F)c2)cn1;Cc1ccc(NC(=O)CCn2cnc(C)c(C)c2=O)cc1F;COc1cccc(C(C)NCCCc2ccccc2Cl)c1;Cc1ccc(F)cc1NC(=O)CCn1cnc(C)c(C)c1=O;Cc1ccc(C(C)(C)C)c(OCc2cc(Cl)ccc2N)c1;CCOc1ccc(C)cc1NCCCc1ccc(Cl)cc1;O=C(C=CC1=CC=C2OCOC2=C1)C1=CC=C2C=CC=CC2=N1
m_b084eb,O=C(c1cccc(Oc2cnccn2)c1)N1CCCC2CCCCC21;COC(=O)[C@H](CC1=CNC2=CC=CC=C12)NC(=O)NC1=CC=CC=C1;O=C(NCCCOc1ccccc1)NCCc1c[nH]c2ccccc12;N=C(N)NCCC[C@H](NC(=O)[C@@H](N)CC1=CC=C(O)C=C1)C(=O)O;N=C(N)NCCC[C@H](N)C(=O)N[C@@H](CC1=CC=C(O)C=C1)C(=O)O;COc1ccc2[nH]cc(CCNC(=O)Nc3cc(C)cc(C)c3)c2c1;O=C(CCc1ccncc1)NC(Cc1ccccc1)C(=O)NC1CC1;CC(=O)NC(CC(C)C)C(=O)NC(Cc1ccc(F)cc1)C(N)=O;O=C(CCc1c[nH]c2ccccc12)N1CCN(Cc2ccco2)CC1;CC1=CC=CC(NC(=O)N[C@@H](CC2=CNC3=CC=CC=C23)C(=O)O)=C1;CCCCC(NC(=O)C(Cc1ccc(F)cc1)NC(C)=O)C(N)=O;COC(=O)C(Cc1c[nH]c2ccccc12)NC(=O)c1ccc(C)nc1;O=C(CCc1ccccn1)NC(Cc1c[nH]c2ccccc12)C(=O)O;O=C(NCCCc1c[nH]c2ccccc12)NC(CO)c1ccccc1;COCc1ccccc1CNC(=O)NCCc1c[nH]c2ccccc12;O=C(CCc1ccccn1)NC(Cc1ccccc1)C(=O)NC1CC1;CCc1ccccc1OCNC(=O)NCCc1c[nH]c2ccccc12;COC1=CC=CC=C1NC(=O)C(=O)NCCC1=CNC2=CC=CC=C12;CC(C)CC1=CC=C(NC(=O)[C@@H](C)C2=CC=C(CC(C)C)C=C2)C=C1;COC1=CC=C(C(=O)NCCNC(=O)C2=CNC3=CC=CC=C23)C=C1;O=C(CC1=CNC2=CC=CC=C12)O[C@H]1[C@H](O)[C@H](O)[C@@H](O)[C@@H](O)[C@@H]1O;COC1=CC=CC(NC(=O)C(=O)NCCC2=CNC3=CC=CC=C23)=C1;COC1=CC=CC=C1C(=O)NCCNC(=O)C1=CNC2=CC=CC=C12;COC(=O)C1=CC=CC=C1NC(=O)NCCC1=CNC2=CC=CC=C12;Cc1cccc(=O)n1CCCNC(=O)CCc1c[nH]c2ccccc12
m_b0ce2a,CCOC(=O)c1cn(C)nc1NC(=O)CC1C=CCC1;O=C(NCCCCNC(=O)C1CC1)c1cccnc1O;Nc1ccn(C2C(O)C(O)C(CO)C2(F)F)c(=O)n1;O=C(O)CCNC(=O)C1CCCN(c2ccccn2)C1;CC[C@H](NC(C)=O)C(=O)NC(=O)NCC1=CC=CC=C1;COc1ccc(N)c(C(=O)NCCNC(=O)C2CC2)c1;CNC(=O)C1CCCN(C(=O)COc2cccnc2)C1;CC(O)CNC(=O)NC1CC(=O)N(c2ccccc2)C1;CC(=O)N1CCN(C(=O)COc2cccc(N)c2)CC1;COc1cccc(OC)c1OCCCn1ccc(N)n1;NC(=O)N1CCC(NC(=O)C(O)Cc2ccccc2)C1;CC(NC(=O)COc1ccc(N)cc1)C(=O)NC1CC1;CCOC(=O)c1ccc(N)c(N2CCCNC(=O)C2)c1;O=c1c2ccccc2ccn1C1OC(CO)C(O)C1O;CC1CCCN(C(=O)Nc2cc3c(cc2N)OCO3)C1;CC1CN(C(=O)Nc2ccccc2C(N)=O)CC(C)O1;CCCNC(=O)NCC1CN(c2ccccc2)C(=O)O1;Cc1ncc(C(=O)NC2CC(C(=O)O)C2)c(C(C)C)n1;C=CCNC(=O)c1cccc(C(=O)NCCCOC)n1;O=C(NCC(=O)N1CCC(O)CC1)Nc1ccccc1;COc1ccc(CC(=O)NCCN2CCCC2=O)nc1;O=C(O)CCCCNC(=O)C1CCc2ncncc2C1;O=C(NC1CC(C(=O)O)C1)c1ccnn1C1CCCC1;CN1CC(CCNC(=O)NCc2ccccc2)OC1=O;Nc1cc2c(cc1NC(=O)N1CCCCC1)OCCO2
m_b11a90,COC(=O)c1cnccc1NC(=O)c1cnn(-c2ccccn2)c1C;Cn1c(=O)c2c(ncn2CC(=O)c2c[nH]c3ccccc23)n(C)c1=O;CCOc1c(Cl)cccc1CC(=O)Nc1c(C)nn(C)c1OC;CCOC(=O)c1cc(NC(=O)N2CCC(C(=O)[O-])C2)c(F)cc1C;COc1cccc(Nc2ccnc(C(=O)Nc3ccccc3F)c2)c1;CCOC(=O)N1CCC(n2c(=O)n(C)c3cc(Cl)ccc32)CC1;COc1ccccc1NC(=O)c1cc(Nc2cccc(F)c2)ccn1;O=C(Nc1ccccc1N1CCCC1=O)c1cc2c(F)cccc2[nH]1;Cn1cc(NC(=O)N2CCN(c3ccc(F)cc3Cl)CC2)cn1;CC(C)N1CC(C(=O)Nc2ccc(C(N)=O)c(Cl)c2)CCC1=O;CN1C(=O)CCc2cc(NC(=O)c3cc4c(F)cccc4[nH]3)ccc21;Cc1nc2ccc(NC(=O)C3CC3)cc2c(=O)n1-c1ccc(F)cc1;COc1ccccc1Nc1ccnc(C(=O)Nc2ccccc2F)c1;Cc1ncccc1C(=O)Nc1cccn(Cc2ccc(F)cc2)c1=O;CCOC(=O)c1ccccc1NC(=O)c1ccnc(-n2cncn2)c1;COc1ccc(Cl)cc1CCNC(=O)c1c(C)nn(C)c1OC;COCCn1cc(CNC(C)c2ccccc2Cl)c(=O)[nH]c1=O;COc1ccccc1NC(=O)c1ccc(Nc2ccccc2F)nc1;CCC([NH3+])c1ccc(Cl)c(Oc2ccc(NC(C)=O)cc2)c1F;Nc1c(C(=O)Nc2ccccc2Nc2ccccc2)[nH]c(=O)[nH]c1=O;COc1cc(C(=O)Nc2ccc(Cl)cc2F)ccc1OC(C)C;CC(=O)Nc1cccc(C(=O)NC2CCN(C(=O)CCl)CC2)c1;CC(=O)NCCNC(=O)CCC(=O)N1CCc2c(Cl)cccc21;CCn1c(=O)c2ccc(Cl)cc2n(CC(=O)NCC(C)C)c1=O;CN1CCC(C(=O)NCCNC(=O)c2ccccc2Cl)CC1=O
m_b4039c,Cc1noc(C2CCN(C(=O)c3cn(C)nc3C(C)(C)C)C2)n1;COc1ccccc1N1CCC(Nc2ccc(Cl)cn2)CC1;COc1ccccc1N1CCC(Nc2ncccc2Cl)CC1;CN1CCN(C(=O)Cc2cccn2-c2cccc(Cl)c2)CC1;COc1ccc(N2CCN(c3ccc(Cl)cc3N)CC2)cc1;COc1cccc(N2CCN(c3ccc(N)cc3Cl)CC2)c1;CC(=O)N1CCC(CNc2ccnc3cc(Cl)ccc23)CC1;CC(C)C(Nc1ccnc2c1cnn2C)C(=O)N1CCOCC1;NC(=O)C1CCN(C(=O)Nc2ccc(N3CCCC3)nc2)CC1;CC(C)C(NC(=O)CN(C)c1ccc(C#N)cn1)C(=O)N(C)C;O=c1c(-c2ccccc2)c(O)c2c(n1-c1ccccc1)CCCC2;CC(C)Nc1ncccc1C(=O)NCCc1cccc(Cl)c1;CC(C)C1CN(C(=O)c2cn(C)nc2-c2cnn(C)c2)CCO1;CCN(C(=O)c1ccc(OC)c(-n2cnnn2)c1)C(C)C(C)C;CC(=O)N1CCC(CNc2ccnc3ccc(Cl)cc23)CC1;CCCCCCCCCCc1cnc(-c2ccc(O)cc2)s1;COc1ccccc1N1CCN(c2ccc(Cl)nc2C)CC1;CNC(=O)C(CC(C)C)NC(=O)CN(C)c1ccc(C#N)cn1;CC(C)Nc1ccc(C(=O)NCCc2ccc(Cl)cc2)cn1;CC(C)Nc1ccc(C(=O)NCCc2cccc(Cl)c2)cn1;CC(CCc1ccccc1)NC(=O)n1nc(N(C)C)n(C)c1=O;Nc1ccc(Cl)cc1-c1ccc(C[NH+]2CCC(O)CC2)cc1;CN(C)CCN(Cc1ccc(Cl)cc1)C(=O)c1ccncc1;Cn1cc(N2CCC(NC(=O)C3CC34CCNCC4)C2=O)cn1;Cc1cc(Nc2ccc(N3CCCC3)cc2)c(N)c(Cl)c1O
m_b43690,CCC1(CC)CN(C(=O)c2cn(C)cn2)c2ccccc21;Cc1ccc(C(=O)NC(c2ncccc2C)C(C)C)cn1;Cc1cccc(N(CCC[NH3+])c2ncnc3nc[nH]c23)c1;NC1=NC2=C(C(=O)N1)N(C1OC(CO)C(O)C1O)C=N2;CC(C)(C)c1nc2cc(N)ccc2n1CCc1ccco1;O=C(c1cccc2[nH]cnc12)N1CCC2(CCCC2)CC1;CC(C)C1N(C(=O)c2cccc3[nH]cnc23)CC12CCC2;CN1C(=O)C(=CC2=CNC3=CC=CC=C23)C(=O)N(C)C1=O;O=C(Cc1c[nH]c2ccccc12)NC1CN2CCC1CC2;CCC1(C)N=C(C)C(=O)N1CCC1=CNC2=CC=CC=C12;COc1ccccc1N1CCC(Nc2ccccn2)CC1;Cc1ccc(-c2nc(CN3CC4CNCC4C3)co2)cc1;O=C(Nc1ccc(CCN2CCCC2)cc1)c1cc[nH]c1;Cc1ccc(C)c(NC(=O)c2cccnc2NC(C)C)c1;Cc1ccc(NC(=O)NCCCCc2ccccc2)cn1;Cn1c(C2CC2)nc2cc(CNC(=O)CC3CC3)ccc21;CNc1cc(-c2cccc(C(=O)NCC(C)C)c2)ccn1;Cc1ccccc1Oc1cc(N2CCCCCC2)ncn1;O=C(c1ccc[nH]1)N1CCN(CCc2ccccc2)CC1;O=C(NCc1ccco1)Nc1c[nH]c2ccccc2c1=O;Cn1c(C2CC2)nc2cc(C(=O)NC3CCCC3)ccc21;C=CCN(Cc1ccc(C(=O)N(C)C)[nH]1)c1ccccc1;C1=C(c2cccs2)CCN(c2ncnc3nc[nH]c23)C1;Cc1ccccc1NCCC(=O)N(C)Cc1cccnc1;CCc1cc(NC(=O)C2CCc3cncn3C2)ccc1C
m_b51204,O=C(Cn1cc(C(=O)O)nn1)NCC1CCCCCCC1;CC(O)C1CCN(CC(=O)NCc2ccc(F)cc2)CC1;COc1ccc(CNC(=N)NCCCC(N)C(=O)O)cc1;CCCn1cnc2c1c(=O)n(CCCC(C)O)c(=O)n2C;CCn1c(=O)n(C)c(=O)c2c1ncn2CCCCCCO;CCCCCn1c(-c2ccc(OC)cc2)nc2ccccc21;NC(=O)CCCCCCn1c2ccccc2c2ccccc21;Cc1cnn(C2CCCN(C(=O)NCCCC(=O)O)C2)c1;Cn1cnc2c1c(=O)n(CCCCC(C)(C)O)c(=O)n2C;N=C(NCCCc1ccccc1)NOCCC(N)C(=O)O;CCc1ccc(C(=O)C(CCC(=O)OC)[NH2+]CCO)cc1;CCCCCn1c(=O)c2c(ncn2COCC)n(C)c1=O;CCCCCCn1c(-c2ccccc2O)nc2ccccc21;CCOC(=O)c1ccnc(N(C)CC(=O)NC(C)C)c1N;CC(C)CCNC(=O)COC(=O)CN(C)c1ncccn1;CCCCC(=O)Nc1ccc2c(c1)c1ccccc1n2CC;CCCn1c(=O)n(Cc2ccccc2)c(=O)c2ccccc21;CCCCc1nc2ccccc2n1Cc1ccc(CO)cc1;COc1ccc(Cn2c(C(C)(C)C)nc3ccccc32)cc1;Cc1nccn1CCNC(=O)CN1CCCCC(O)C1=O;CCOC(=O)c1nnn(CC(=O)NC2CCCCC2)c1C;CCCCCn1c2ccccc2c2cc(CC(N)=O)ccc21;CNCC1CCN(C(=O)c2c(OC)ncnc2OC)CC1;CC(C(=O)NC(CC1CCCCC1)C(=O)O)n1cncn1;CCOC(=O)c1nnn(C(C)C(=O)N2CCCCC2)c1C
m_b53b6e,Cc1nnc2n1CC(C(=O)O)N(C(=O)c1sccc1Br)C2;COC1=CC(/C=C/C=O)=CC(OC)=C1OC1O[C@H](CO)[C@@H](O)[C@H](O)[C@H]1O;COC1=CC2=C(C(=O)O[C@H](C)C2)C(O[C@@H]2O[C@H](CO)[C@@H](O)[C@H](O)[C@H]2O)=C1;COC1=CC=C(/C=C/C(=O)OC2OC(CO)C(O)C(O)C2O)C=C1OC;COC1=CC=C(/C=C/CCO[C@@H]2O[C@H](CO)[C@@H](O)[C@H](O)[C@H]2O)C=C1OC;CC(=O)OC[C@H]1O[C@@H](O[C@H](C)CCC2=CC=C(O)C=C2)[C@H](O)[C@@H](O)[C@@H]1O;O=C(O)[C@H]1CCC2=C(C=C(O)C=C2O[C@@H]2O[C@H](CO)[C@@H](O)[C@H](O)[C@H]2O)C1;COC(=O)C=CC1=CC=C(O[C@@H]2O[C@H](CO)[C@@H](O)[C@H](O)[C@H]2O)C(OC)=C1;CC1=C(OC2OC(CO)C(O)C(O)C2O)C=C2CC(C)OC(=O)C2=C1O;C/C(=C\CC1=CC(O)=C(C)C=C1O[C@@H]1O[C@H](CO)[C@@H](O)[C@H](O)[C@H]1O)CO;Oc1ccc(-c2ccccc2-c2ccccc2-c2ccc(O)cc2O)c(O)c1;COC(=O)/C=C/C1=CC(OC)=CC(O[C@@H]2O[C@H](CO)[C@@H](O)[C@H](O)[C@H]2O)=C1;C=C(CCO)C(=O)OC[C@H]1O[C@@H](OC2=CC=C(O)C=C2)[C@H](O)[C@@H](O)[C@@H]1O;CC1=CC(C(=O)CCCCCO)=C(O)C=C1O[C@H]1O[C@H](CO)[C@@H](O)[C@H]1O;CCOCC=CC1=CC=C(OC2OC(CO)C(O)C(O)C2O)C(OC)=C1;COC1=C(C)C2=C(C(=O)OC2)C(O[C@@H]2O[C@H](CO)[C@@H](O)[C@H](O)[C@H]2O)=C1C;C[C@@H]1CC2=C(CO[C@@H]3O[C@@H](CO)[C@@H](O)[C@@H](O)[C@H]3O)C=CC(O)=C2C(=O)O1;COC(=O)CC(CCc1ccccc1)OC1OC(CO)C(O)C(O)C1O;CC(=O)OC[C@H]1O[C@@H](OC2=CC(C(C)C)=C(O)C=C2C)[C@H](O)[C@@H](O)[C@@H]1O;C=CCC1=CC2=C(OCO2)C(O[C@@H]2O[C@H](CO)[C@@H](O)[C@H](O)[C@H]2O)=C1OC;O=C(CCC(O)CC1=CC=CC=C1)OC1O[C@@H](C(=O)O)[C@H](O)[C@@H](O)[C@@H]1O;COc1cc(C(=O)[O-])ccc1OC1OC(CO)C(O)C(O)C1NC(C)=O;CCOC1OC(COC(=O)C=CC2=CC=C(O)C(O)=C2)C(O)C(O)C1O;COc1cc(CNC(Cc2c[nH]c3ccccc23)C(=O)O)cc(OC)c1O;O=C(N[C@H]1C[C@@H](NC(=O)C2=CC=CC=C2)[C@@H](O)[C@H](O)[C@@H]1O)C1=CC=CC=C1
m_b6b7fe,CN(C)c1cccc(CNC(=O)Nc2nn(C)cc2-c2ccccc2)c1;CCOC(=O)CCCCCNC(=O)C=Cc1ccc(OC)c(OC)c1;CCCCCCCCCOC(=O)CCNC(=O)c1ccc(OC)cc1;CCCCCCCCCCCOC(=O)C1=CC=C(O)C(NC(C)=O)=C1;CC(=O)OCCCCC/C=C/C(=O)N[C@H](CO)CC1=CC=CC=C1O;O=C([O-])CCCCCCCCCOC1OC(CO)C(O)C(O)C1O;CCCCCCCOC(=O)CCCC(=O)NCc1ccccc1OC;CC(C)CCCCCCOC1=CC=C(C(=O)NCCCC(=O)O)C=C1;CCCCCCCCCCCOC(=O)C1=CC(O)=CC=C1NC(C)=O;CCOC(=O)CCN(C(=O)CCCOc1ccc(OC)cc1)C1CC1;CCCCCOC(=O)C(C(=O)OCCCCC)=C(O)c1ccncc1;O=C(/C=C/C1=CC=CC=C1)NCCCCOC(=O)/C=C/C1=CC=CC=C1;CCCCCCCCCCC(=O)NC(Cc1ccc(O)cc1)C(=O)O;CCCOc1ccccc1C=CC(=O)N(CCO)CCC(=O)OCC;C=CCN(CCC(=O)OCC)C(=O)CCCOc1ccc(OC)cc1;COc1ccc(OCCCC(=O)OCC(=O)N2CCC(C)CC2)cc1;CCCCCCCCC=CCNC(Cc1ccc(O)c(O)c1)C(=O)O;O=C(O)CCC(=O)OCCC(NC(CCC(=O)O)C(=O)O)C(=O)O;CCCN(CCC(=O)OCC)C(=O)C=Cc1ccc(OC)c(OC)c1;CC(=O)NC1=CC=C(O)C=C1C(=O)OCCCCCCCCC(C)C;Cc1cc(C)cc(C(=O)N(CCCC(=O)O)C(=O)CCCCCO)c1;CCCCCOC(=O)C(C=Nc1ccc(OCC)cc1)C(=O)OCC;CCOC(=O)CCN(CC1CC1)C(=O)Cc1ccc(OC)c(OC)c1;CCCCOc1ccc(Nc2ncnc(Nc3ccccc3)c2N)cc1;CC(OC(=O)CCCCCc1ccc(O)cc1)C(=O)N1CCOCC1
m_b70863,CCc1cncc(C(=O)N2CC(N3CC(C(=O)NC)CC3=O)C2)c1;O=C(NC1CCN(C(=O)c2cc(Cl)ccc2O)CC1)c1ccc(F)cc1;O=C(Nc1ccc(CC(=O)N2CCOCC2)cc1)c1ccc(F)cc1Cl;COc1ccc(Cl)cc1C(=O)NCC1CC(=O)N(c2ccc(F)cc2)C1;COc1ccc(Cl)cc1C(=O)OCC(=O)NC(=O)NCc1ccccc1;COC(=O)C1=CC=C(COC2=CC(O)=C3C(=O)C4=CC=CC=C4OC3=C2)C=C1;CCOC1=CC=C2C(C3=CC=CC=C3)=C(C3=CC=CC=C3Cl)C(=O)OC2=C1;COC1=CC=CC(C(=O)COC2=CC(O)=C3C(=O)C4=CC=CC=C4OC3=C2)=C1;COc1cccc(C(=O)NCC(=O)OCC(=O)Nc2ccc(Cl)cc2)c1;COc1ccc(C(=O)NCC(=O)OCC(=O)Nc2ccc(Cl)cc2)cc1;COC1=CC=C(C(=O)COC2=CC(O)=C3C(=O)C4=CC=CC=C4OC3=C2)C=C1;O=C(COC(=O)c1ccc(Cl)cc1F)Nc1ccc(N2CCCC2)cc1;Cn1cc(C(=O)N2CCOCC2)cc(NC(=O)c2cccnc2Cl)c1=O;O=C(COc1ccccc1)NCC(=O)Nc1cc2c(cc1Cl)OCCO2;COc1cc(C(=O)Nc2ccc3c(c2)C(=O)N(C)C3=O)ccc1OC(F)F;COC1=CC=C2C(CC3=CC=C(Cl)C=C3)=C(C3=CC=CC=C3)C(=O)OC2=C1;O=C(Nc1ccc2c(c1)CCN2C(=O)c1ccccc1)c1ccc(Cl)cc1;O=C(Nc1cccc(Cl)c1)c1ccc(C(=O)N2CCc3ccccc32)cc1;O=C(NC(CO)C(=O)NCc1ccc(Cl)cc1)c1ccc2c(c1)OCO2;COC1=CC=C2C(CC3=CC=CC=C3)=C(C3=CC=C(Cl)C=C3)C(=O)OC2=C1;CCOC(=O)c1ccc(OCC(=O)NNC(=O)c2ccccc2Cl)cc1;O=C(COC(=O)c1cc(Cl)ccc1F)Nc1ccc(N2CCCC2)cc1;O=C(COc1ccc(F)cc1)N1CCN(C(=O)c2cccc(Cl)c2)CC1;CC1=C(C2=CC=CC=C2)C(=O)OC2=CC(OCC3=CC=C(Cl)C=C3)=CC=C12;COC1=CC=C(C2=C(C3=CC=CC=C3)C3=CC(Cl)=C(C)C=C3OC2=O)C=C1
m_b7be8a,O=C(NCc1ccc(Cl)cc1Cl)C1CC(O)CN1;COCc1cn(C2OC(CO)C(O)C2O)c(=O)[nH]c1=O;O=C([O-])c1nc(=O)[nH]c(=O)n1C1OC(CO)C(O)C1O;O=C(Cc1c(Cl)cccc1Cl)NC1CNCC1O;CNc1nc(=S)n(C2OC(CO)C(O)C2O)cc1N;NC1CCN(C(=O)COc2ccc(Cl)c(Cl)c2)C1;OCC1OC(c2ccc(-c3ccccn3)cn2)C(O)C1O;COC(=O)c1cn(C2CSC(CO)O2)c(=O)[nH]c1=O;COCC1(O)C(O)C(CO)OC1n1ccc(=O)[nH]c1=O;O=C(CN1CCOCC1)Nc1cc(Cl)ccc1Cl;NC(=O)C1CN(Cc2c(Cl)cccc2Cl)CCO1;OCC1OC(C[NH2+]Cc2ccc(Cl)cc2)C(O)C1O;O=C(NCC1(O)CCCC1)c1ccc(Cl)nc1Cl;Nc1cc(C(=O)NCC2(O)CCC2)cc(Cl)c1Cl;COC1=CC(O)=C(C(=O)CCC2=CC=C(O)C=C2)C(O)=C1;O=C(Nc1ccc(Cl)c(Cl)c1)N1CCCC1CO;O=C(NCc1c(Cl)cccc1Cl)C1CC(O)CN1;O=C(NCC1(CO)CC1)Nc1ccc(Cl)cc1Cl;Nc1c(Cl)cc(C(=O)NCC2(O)CCC2)cc1Cl;CC1(O)CCN(C(=O)c2c(Cl)cncc2Cl)CC1;CN1C2CCCC1CC(NC(=O)Cc1ccc(O)cc1)C2;O=C(c1ccc(Cl)nc1Cl)N1CCCCC1CO;CC(CC(=O)[O-])NC(=O)COc1ccc(F)cc1Cl;CC(CO)(NC(=O)c1nc(Cl)ccc1Cl)C1CC1;CCOC1=CC=C(OCC(=O)C2=CC=C(O)C=C2O)C=C1
m_b7d932,Cc1ccc(S(=O)(=O)N2CCN(CCCn3ccnc3)CC2)cc1;O=C(OCCOCCOCCOCCO)c1ccc2ccccc2c1;CCCCCCNC(=O)C1=C(O)C2=CC(OC)=C(OC)C=C2NC1=O;CCCCOC(=O)CCC(=O)OCc1ccc(OC(F)(F)F)cc1;O=C(CCCCCCCC(=O)OCc1ccco1)OCc1ccco1;C[C@@]12CCC(=O)C[C@@H]1CC[C@H]1[C@H]3CC[C@@]4(OCCS4)[C@]3(C)CC[C@@H]12;COC1=CC=C(CCNC(=O)C2=CC=C(NC3=NC=CC=N3)C=C2)C=C1;CC(=O)OC[C@]1(C)CC[C@@H](O)[C@]2(C)C3=CC=C(O)C(O)=C3C(=O)C[C@@H]12;CCCCCCCCCCCCCOC(=O)C(C)(C)Br;COCCOCCOC(=O)C(C)=C(C)C(=O)OCCOCCOC;CCCCOc1ccc(C(=O)OCCOc2ccccc2)cc1Cl;CCOC(=O)c1cccc(OCC(=O)NC(=O)NC2CCCCC2)c1;COc1ccc(OC(=O)c2ccc(OC(=O)c3ccccc3)cc2)cc1;CCOC(=O)COC1=CC=C2OC(C(C)(C)C)=C(C(=O)OCC)C2=C1;CCO[C@H]1O[C@H]2C3=C(C[C@]4(C)[C@H]2[C@@H]1CC[C@@H]4O)C(=O)C(OC)=CC3=O;O=C(COC(=O)C1=CC=C(OC2=CC=C(O)C=C2)C=C1)C1=CC=CC=C1;CN1C2CCC1CN(C(=O)c1ccc(OC3CCC3)cc1Cl)CC2;COCCOC(=O)C1=C(C)OC2=CC=C(OCC(=O)C(C)(C)C)C=C12;CCCCCOc1ccc(C(=O)OCC(=O)NC(=O)NC2CC2)cc1;CC(C)CCCCCCCOC(=O)c1cc(C(=O)[O-])ccc1C(=O)[O-];CC1(C)C2CCC1(C)C(OC(=O)c1ccccc1)C2Cc1ccccc1;CC12CCC3c4cc5c6c(oc5cc4CCC3C1CCC2=O)CCCC6;O=C(Oc1ccccc1C(=O)OCc1ccccc1)c1ccc(O)cc1;COC(C)(C(=O)O)C(=O)N1CCC(NC(=O)c2cccc(C)c2)CC1;COc1ccc(C(=O)Oc2ccccc2)cc1C(=O)Oc1ccccc1
m_b81b9d,CC1CCN(C(=O)CCC(=O)O)c2ccccc2S1;CCCCCC(=O)NC(Cc1ccc(O)cc1)C(=O)O;COc1cc(C=CCNC(C(=O)O)C(C)C)ccc1O;CCC(C)C(NC(Cc1ccccc1)C(=O)O)C(=O)O;CCCCC(=O)NC(Cc1ccc(OC)cc1)C(=O)O;O=C(CCCCCO)NC(Cc1ccccc1)C(=O)O;CCCCCOC1=CC=C(C(=O)NCCC(=O)O)C=C1;O=C(O)CCCCCCCNC(=O)c1ccccc1O;COC(=O)C(NC(=O)COc1ccc(C)cc1)C(C)C;COc1ccccc1NCC(=O)NC(C(=O)[O-])C(C)C;CC(=O)OC(C)C(NCCCc1ccccc1)C(=O)O;COC(=O)C(NC(=O)CCc1ccccc1O)C(C)C;CCC(C)C(NC(=O)c1ccc(OC)cc1C)C(=O)O;CC(C)C(NC(=O)CCCn1ccccc1=O)C(=O)[O-];CC(C)c1ccc(CNC(CCC(=O)O)C(=O)O)cc1;CC(Cc1ccccc1)NC(CCCC(=O)O)C(=O)O;COC(=O)CCCCCCC(=O)NC1=CC=C(O)C=C1;CCCCCCCC1=C(O)C(=O)C2=C(N=CS2)C1=O;CCOc1ccc(C(=O)NC(C(=O)OC)C(C)C)cc1;Cc1ccn(CCC(=O)NC(C(=O)[O-])C(C)C)c(=O)c1;COCc1cccc(C(=O)NC(C(=O)OC)C(C)C)c1;CC(c1ccccc1)C(NC(=O)OC(C)(C)C)C(=O)O;COC(=O)Cc1ccc(OC(=O)C(N)C(C)(C)C)cc1;CC(C)(Cc1ccccc1)NC(CCC(=O)O)C(=O)O;CCN(CCC(=O)O)C(=O)C1CSc2ccccc21
m_b8415b,O=C(NCCNc1cnccn1)C1CC1c1ccc(Br)cc1;O=C(CNc1ccc(C(F)(F)F)cc1Cl)NCc1ccc(F)cc1;CC1CCN(c2cc(C(=O)Nc3ccc(Br)cn3)ccn2)C1;O=C(Nc1cc(N2CCCCC2)ncn1)c1ccc(Br)cc1;O=C(O)c1ccc(Cl)c(CN2CCn3c(nnc3C(F)(F)F)C2)c1;O=C(Nc1ccc(F)cc1F)c1cnc(Nc2ccc(Cl)cc2)nc1;Nc1ncnc2c1nc(N)n2C1OC(COP(=O)([O-])[O-])C(O)C1O;Cc1cnc2c(S(=O)(=O)Nc3ccc(F)c(C(=O)O)c3)cccc2c1;O=C(O)c1cccc(Cl)c1CN1CCn2c(nnc2C(F)(F)F)C1;O=C(Nc1ccc(N2CCCCC2)nn1)c1cccc(Br)c1;O=C([O-])c1cnc(-c2ccc(Oc3cccc(C(F)(F)F)c3)nc2)nc1;C[C@@H]1CC2=C(Cl)C(O[C@H]3O[C@H](CO)[C@@H](O)[C@H]3O)=CC(O)=C2C(=O)O1;CC(=O)Nc1ccc(NC(=O)c2c(Cl)c(C(F)(F)F)nn2C)cc1;O=C(CNc1cc(C(F)(F)F)ccc1Cl)NCc1ccc(F)cc1;Cc1cc(C(=O)Nc2ccc(S(=O)(=O)c3ccc(F)cc3)cc2)on1;O=C(Nc1ccc(NC2CCCC2)nn1)c1ccccc1Br;COc1c(C(=O)NC2CCN(Cc3ccc(F)cc3)CC2)c(C)nn1C;CSc1ncccc1C(=O)NCC(O)(c1ccoc1)c1cccs1;CCOC(=O)c1[nH]c2ccc(F)cc2c1NC(=O)c1ccc(Cl)cc1;O=C(Nc1ccc(Br)cc1)N1CCN(c2ccccn2)CC1;C=CCNC(=O)n1nc(Oc2ncc(C(F)(F)F)cc2Cl)cc1C;O=C(Nc1ccc(Br)cc1)Nc1cccnc1N1CCCC1;CS(=O)(=O)c1ccc(-c2cn[nH]c(=O)c2Oc2ccc(F)cc2)cc1;CC(=O)OCn1c(=O)c2cc3c(=O)n(COC(C)=O)c(=O)c3cc2c1=O;CC(C)(C)c1noc(C2CN(c3ccc(Br)cc3C#N)C2)n1
m_b8a6f4,CC1CN(Cc2ccccc2NC(=O)c2cccnc2O)CC(C)O1;O=C(N[C@H]1CCN2C(=O)C3=CC=CC=C3NC(=O)[C@@H]2C1)C1CCCC1;Cc1onc(-c2ccccc2)c1C(=O)NCCN1CCCCCC1=O;NC[C@H](O)[C@H](O[C@H]1O[C@@H](CO)[C@@H](N)[C@H](O)[C@@H]1O)[C@H](N)[C@H](O)CO;COc1ncnc(OC)c1C(=O)N1CCC(Cc2ccccc2)CC1;CC(=O)NCCC1=CC=C(O[C@@H]2O[C@H](CO)[C@@H](O)[C@H](O)[C@H]2O)C=C1;O=C(NCc1ccc(CO)cc1)Nc1ccccc1N1CCOCC1;COc1ccccc1N1CCN(C(=O)COc2ccccc2N)CC1;Cc1occc1C(=O)NC1CCN(C(=O)NCc2ccccc2)CC1;NC[C@H](O)[C@H](O[C@H]1O[C@H](CO)[C@@H](O)[C@H](O)[C@H]1N)[C@H](N)[C@H](O)CO;O=C1NC2=CC=CC=C2C(=O)N2CCN(C(=O)C3CCCCC3)C[C@H]12;CCOc1cc(CNC(=O)c2ccccc2N2CCOCC2)ccn1;CN1C(=O)CCc2cc(NC(=O)C3CC(=O)N(CC4CC4)C3)ccc21;CC1CN(C(=O)Nc2cccn(Cc3ccccc3)c2=O)CC(C)O1;Cc1ccc(NC(=O)N2CCC(NC(=O)c3ccc(C)o3)CC2)cc1;CC(C)N1CCC(N2Cc3c(c(O)n(-c4ccccc4)c3O)C2)C1=O;C=CC(C)(C)C1=C(C[C@@H]2NC(=O)[C@H](CO)NC2=O)C2=CC=CC=C2N1;O=C(Cc1noc(-c2ccc(OCC3CC3)cc2)n1)NC1CCCC1;O=C(Nc1ccc(OCC2CCOCC2)cc1)c1cc(C2CC2)[nH]n1;Cc1cc(C)cc(OCCNC(=O)Cn2nc(C3CC3)ccc2=O)c1;Cc1ccc(Cn2cccc(NC(=O)NC3CCOC3C)c2=O)cc1;CC1=NC=CN1[C@H]1[C@@H]2OCC(O2)[C@@H](NC2CC3=CC=CC=C3C2)[C@@H]1O;Cc1ccc(NC(=O)N2CCC(NC(=O)c3occc3C)CC2)cc1;O=C1NC(CC(=O)N(C2CCC2)C2CCC2)C(=O)Nc2ccccc21;COCCn1cc(NC(=O)NC2(C)Cc3ccccc3C2)ccc1=O
m_b8f328,Cc1cc(NC(=O)c2cccc(F)c2)sc1C(=O)NCCc1cccs1;COCCOC(=O)C1=C(C)OC2=CC=C(OC(=O)C3=CC=CC=C3Cl)C=C12;Cc1cc(=O)oc2cc(OCC(=O)OCCOc3ccc(Cl)cc3)ccc12;COCCOC(=O)c1c(C)oc2ccc(OC(=O)c3ccc(Cl)cc3)cc12;O=S(=O)(c1ccc(Cl)cc1)C(CCCCCO)c1cc(F)ccc1F;CC(C)OC(=O)COC1=CC=C2C(=O)C(OC3=CC=CC=C3Cl)=COC2=C1;CCCC/C=C/C1=C(O)C=C2C(=O)C3=C(C(=O)C2=C1O)C(O)=C(Cl)C(O)=C3;Cc1ccc2c(Cl)cc(Cl)c(OCC(=O)N(C)Cc3ccccc3)c2n1;O=c1[nH]c(SCCOc2ccc(Cl)cc2)nc(O)c1Cc1ccccc1;CCOC1CC(NC(=O)COc2cc(Cl)cc(Cl)c2)(C(=O)[O-])C1(C)C;O=C(CC1=C(F)C=CC=C1F)NC1=CC(OCC2=CC=C(Cl)C=C2)=CC=N1;O=C([O-])COc1ccc(-c2cc(-c3ccccc3)c3cc(Cl)ccc3n2)cc1;CCOC(=O)C1=CSC(NC(=O)COC2=CC=C3C(C)=CC(=O)OC3=C2)=N1;CCOC(=O)C1CC2=C(NC3=CC=CC=C23)C(C2=CC=C(Cl)C=C2Cl)N1;Cc1cc(OCC(=O)N2CCN(c3ccccc3)CC2)ccc1Br;O=C1C=C(CN2CCN(C3=CC=CC(Cl)=C3)CC2)C2=CC(Cl)=CC=C2O1;O=C(COC(=O)C1COc2ccc(Cl)cc2C1)c1ccc2c(c1)OCCO2;COc1ccc(N2CCN(C(=O)Cc3ccc(Br)cc3)CC2)cc1;O=C(COC(=O)c1cccc2c1C(=O)c1ccccc1C2=O)c1ccccc1F;O=C(Cc1ccc(Cl)c(Cl)c1)NCCCOc1cccc2cccnc12;CC(C)(C)c1cc(OC(=O)c2ccc(Cl)cc2)n(-c2ccc(Cl)cc2)n1;COC(=O)C1=CC(COC2=CC3=C(C=C2Cl)C2=C(CCC2)C(=O)O3)=C(C)O1;CCOC(=O)C(C)Oc1ccc(Oc2ccc(C(F)(F)F)c(Cl)c2)cc1;CCCCOc1ccc(C=CC(=O)Oc2ccc(C)cc2Br)cc1;CC(=O)Nc1ccc(NC(=O)CN(C)c2nc3c(Cl)cccc3s2)cc1
m_b9f2b4,CCC(CC)c1cc(C(=O)NC2CCN(CC3(O)CCCCC3)CC2)on1;CCCCCCCCCCCCCCOc1ccc(CC(=O)[O-])cc1OC;CCCCCN(CCCCC)c1ccc(C=Cc2ccc(C(C)=O)cc2)cc1;CCCCCCCCCCCCOc1ccc(C=NNC(N)=O)cc1OC;CCCCCCCCCCCC(=O)Nc1ccccc1C=Cc1ccccc1;CCCCCCCCCCCC(CC(O)CC(=O)[O-])OCc1ccccc1;CCCCCCCCCCCCCCCc1c(O)cc(C)c(C(=O)[O-])c1O;CCCCC=CCCCCCCCCC(=O)NC(Cc1ncc[nH]1)C(=O)O;CCCCCCCCCCCCCCCCOc1ccc(OC(=O)[O-])cc1;CN(C)CCN(C)CC[C@@H]1CC[C@H](O)[C@@H](C(=O)N(C)CC2=CC=CC=C2)O1;CCCCCCCCCCCCCCC(Oc1ccc(OC)cc1)C(=O)[O-];O=C(CCCCCCCCCCOCCCCO)NN=Cc1cccnc1;CCCCCCC(CCC(C)(C)c1cc(O)c(C(C)(C)C)cc1O)C(=O)[O-];CCCCc1c(O)c(OC(=O)[O-])c(CCCC)c(CCCC)c1CCCC;COc1ccc(CCN(C)C(=O)NC2CC(C)(C)NC(C)(C)C2)cc1OC;CCCCCCCCCCCCCCCCC1=C([O-])C(=O)C=C(OC)C1=O;CCCCCC1CCC=C2C=CC(C=Cc3ccc(OCCCC)cc3)=NC21;CCCCCCCCCc1cc([O-])c(C(=O)CCCCCCCC)c(=O)o1;CCCCCCCCCC(=O)c1c([O-])cc(CCCCCCCC)oc1=O;CC(C)(CCCCOCCCCC(C)(C)C(=O)[O-])COCc1ccccc1;CCCCC(CC)COc1ccc(C(=O)[O-])c(OCC(CC)CCCC)c1;COc1cc(C[NH2+]CC(C)(C)C[NH+](C)C)ccc1OCc1c(C)noc1C;CCCCCCCCC(CCCCCCC)(Sc1ccccc1)C(N)=O;COc1ccc(C(CNC(=O)C2CCCCC2(C)[NH3+])[NH+]2CCOCC2)cc1;CCCCCCOCCCCC1C2CCC(O2)C1CC=CC=CCC(=O)[O-]
m_baccbd,c1nc(N2CCCC(c3nnc4n3CCCCC4)C2)c2[nH]cnc2n1;CCOc1ccc(C(=O)N2CCN(CCc3ccccc3)CC2)cc1;COC1=CC=CC(C(=O)N2CCN(CCCC3=CC=CC=C3)CC2)=C1;CCCCOc1ccc(C(=O)Nc2ccccc2N2CCCC2)cc1;CCCCCCCC(=O)NC1=CC=C(C(=O)NC2=CC=CC=C2)C=C1;CCCCOc1ccc(C(=O)N2CCN(c3ccccc3)CC2)cc1;CNC(=O)C1CCN(Cc2ccccc2OCc2ccccc2)CC1;CCCCNC(=O)c1ccc(C(=O)NCCCc2ccccc2)cc1;CN(C(=O)CN1CCC(O)CC1)C(c1ccccc1)c1ccccc1;Cc1ccc(C(=O)NCC2CCN(Cc3ccccc3)CC2)cc1O;CC(Oc1ccccc1)C(=O)NC1CCN(Cc2ccccc2)CC1;CCN1CCCN(C(=O)c2ccc(COc3ccccc3)cc2)CC1;CCOc1ccccc1N1CCN(C(=O)CCc2ccccc2)CC1;CCc1ccc(OCC(=O)Nc2ccccc2N2CCCCC2)cc1;COc1ccc(C(C)(C)C(=O)N2CCN(c3ccccc3)CC2)cc1;CCCCN1CCC(NC(=O)c2c(F)ccc(OC)c2OC)CC1;COc1ccccc1NC1CCN(C(=O)C(C)c2ccccc2)CC1;COc1ccc(CCC(=O)N2CCN(c3ccccc3C)CC2)cc1;COc1ccccc1CC(=O)NCCCN1CCc2ccccc2C1;CNC(=O)c1ccc(CN2CCC(c3cccc(OC)c3)CC2)cc1;CCOc1ccc(C(=O)NCCc2ccc(N3CCCC3)cc2)cc1;CCCCC1=CC=C(NC(=O)C2=CC=C(NC(=O)CCC)C=C2)C=C1;CCc1ccc(CCC(=O)NC(C)C(=O)NCc2ccccc2)cc1;O=C(CCCOc1ccccc1)Nc1ccccc1N1CCCCC1;CC(C)c1ccccc1NC(=O)c1ccc(CN2CCOCC2)cc1
m_bb75e4,COc1ncc(NCc2ccc(Cl)s2)cc1C(N)=O;O=C(O)CC(NCC(O)C(O)C(O)C(O)CO)C(=O)O;O=C(O)CC(NC(CO)C(O)C(O)C(O)CO)C(=O)O;CSCCC(NC(Cc1ccccc1)C(=O)O)C(=O)O;O=C(O)CCC(=O)NC1=CC=C(C(=O)C2=CC=CC=C2)C=C1;COC(=O)[C@H](C)NC(=O)C1=CC2=C(C=N1)NC1=CC=CC=C12;CC1=NC(C(=O)N[C@@H](C)C(=O)O)=CC2=C1NC1=CC=CC=C12;O=C(O)CCC(=O)NC1=CC=CC=C1C(=O)C1=CC=CC=C1;CCCCCCCCC(NC(=O)C1CCC(=O)N1)C(=O)[O-];O=C(NC=CC1CCCC1)NCCc1c[nH]c2ccccc12;O=C(COC(=O)c1c[nH]c2ccccc12)c1cccc(F)c1;O=C1OC2(CCCC2)OC(=O)C1=Cc1c[nH]c2ccccc12;O=C(COc1ccc(O)cc1)NCc1nc2ccccc2[nH]1;CN(CCC(=O)O)c1nnc(-c2ccccc2Cl)s1;COc1cccc(OCC(=O)Nc2nc3ccccc3[nH]2)c1;O=C(CN1CCCCC1)N1CCC2=C(C1)C1=CC=CC=C1N2;Cc1c(C(=O)NCCC(=O)O)oc2c1ccc1ccccc12;O=C(C1CCCC1)N1CCC(c2nc3ccccc3[nH]2)CC1;CC(=O)NC[C@@H]1C[C@@H]2C3=CC=CC4=C3C(=CN4)C[C@H]2N(C)C1;O=C(c1c[nH]c2ccccc12)N1CC(N2C(=O)CCC2=O)C1;COc1ccc(NC(=O)c2n[nH]c3ccccc23)cc1OC;O=c1[nH]c([O-])c(C=NCCc2c[nH]c3ccccc23)c(=O)[nH]1;COc1cccc(C(=O)NCc2nc3ccccc3[nH]2)c1O;COc1cc(C=CCNC(CCS)C(=O)O)ccc1O;O=C(O)CCNS(=O)(=O)c1ccccc1C(F)(F)F
m_bbb21f,O=C(NCc1ccc(C2CC2)cc1)C1CCCN1C(=O)C1CC1;COc1ccc2cc(C(=O)NCCCN3CCCC3)ccc2c1;CCCCCNc1ccc(NC(=O)c2cccc(OC)c2)cc1;COc1ccc(CCNC(=O)NCCc2cccc(C)c2)cc1;OC1CCN(c2ccccc2NCCOc2ccccc2)CC1;COc1ccc(CCNC(=O)NCCCc2ccccc2)cc1;CCCCCCOc1ccc(C=CC(=O)c2cnn(C)c2)cc1;CCN(CC)C(=O)c1cccc(NCc2ccccc2OC)c1;CNC(=O)C1CCCN(Cc2ccc3cc(OC)ccc3c2)C1;COc1ccc(CCNC(=O)C(c2ccncc2)C(C)C)cc1;COCCN1CCC(NC(=O)c2ccc3ccccc3c2)CC1;COc1ccccc1C(=O)Nc1ccc(NCCC(C)C)cc1;COc1ccccc1NCc1ccc(N2CCC(O)CC2)cc1;CCCCC(=O)Nc1ccc(NCc2ccccc2OC)cc1;COc1cccc(CCNC(=O)CCCc2ccc(C)cc2)n1;CCC(CC)C(=O)Nc1ccc(Nc2ccccc2OC)cc1;COC1=CC=CC=C1[C@H](CNC(=O)C1=CC=C(C)C=C1)N(C)C;COc1ccc(CNC(=O)CNc2ccc(C(C)C)cc2)cc1;COc1cccc(CC(=O)NC(c2ncccc2C)C(C)C)c1;CC(O)CN1CCN(C(=O)Cc2ccc3ccccc3c2)CC1;CC(C)Cc1ccc(C=CC(=O)NC2(C#N)CCOCC2)cc1;COc1ccc(CNC(=O)CNc2c(C)cc(C)cc2C)cc1;CCC(CC)C(=O)Nc1ccc(Nc2cccc(OC)c2)cc1;COc1ccccc1-c1ccc(C(C)NC(=O)C(C)(C)N)cc1;COc1ccccc1CC1CCCN(C(=O)C2(C#N)CCC2)C1
m_bbc0aa,CNC(=O)CC1(O)CCCN(CCC=Cc2ccccc2)C1;CCCCCCCNC(Cc1c[nH]c2ccccc12)C(=O)O;CCCCCC(C)NC(Cc1c[nH]c2ccccc12)C(=O)O;CC(C)(C)CC(=O)Nc1ccccc1C(=O)N1CCCCC1;CCCCOc1ccc(CC(=O)NC(C)(C#N)C(C)C)cc1;CC1(O)CCN(C(=O)c2ccccc2NC2CCCCC2)C1;CC(Oc1ccccc1)C(=O)NC1CC2CCCC(C1)N2C;NCC1CCN(C(=O)c2ccccc2OC2CCCCC2)C1;COC1=CC=C(CN2CC[C@H]3CN(C)CC[C@H]3CC2=O)C=C1;CC[C@@H](C)[C@@H](CO)NC(=O)CCC1=CN(C)C2=CC=CC=C12;CCOCC(O)CN1CCCCC1c1cc2ccccc2[nH]1;Cc1ccc(N2CCOCC2)c(NC(=O)C2CCCCC2)c1;CCC(C)C(CO)NC(=O)CCCc1c[nH]c2ccccc12;CCC(Cc1ccccc1)NC(=O)N1C2CCC1CC(O)C2;CC(C)OCCCNC(=O)CCCc1c[nH]c2ccccc12;NC(C(=O)N1CCC(OC2CCCC2)CC1)c1ccccc1;NC(=O)CC1(O)CCCN(Cc2ccc(C3CCC3)cc2)C1;CC1CN(Cc2ccccc2OC2CCCC2)CC1C(N)=O;CCCCCCN1C[C@@H]2OC3=CC=CC=C3C(=O)N(C)[C@@H]2C1;CCCCCCCCCCCC(=O)C1=NC2=NC=CC=C2O1;O=C(NC1CCN(c2ccccc2)CC1)C1(O)CCCCC1;Cc1ccc2[nH]cc(CCC(=O)NCCC(O)C(C)C)c2c1;C=C(C)CC(C)C(=O)N1CCC(O)(Cc2ccccn2)CC1;NC(C(=O)N1CCC(C2CCOCC2)CC1)c1ccccc1;Cc1ccc(C(=O)N2CCN(C3CCOCC3)CC2)c(C)c1
m_bcb981,CCN1CCOC(CNC(=O)c2cn[nH]c2C)C1c1ccccc1;O=C(O)CCC1=CC=C(O[C@@H]2O[C@H](CO)[C@@H](O)[C@H](O)[C@H]2O)C=C1;O=C(O)CCC1=CC=CC=C1O[C@@H]1O[C@H](CO)[C@@H](O)[C@H](O)[C@H]1O;CCOC(=O)C1=CC=C(O[C@@H]2O[C@H](CO)[C@@H](O)[C@@H](O)[C@@H]2O)C=C1;COC1=CC=C(C(C)=O)C(O[C@@H]2O[C@H](CO)[C@H](O)[C@H](O)[C@H]2O)=C1;O=C(O)CCC1=CC=CC(O[C@@H]2O[C@H](CO)[C@@H](O)[C@H](O)[C@H]2O)=C1;COC1=CC(C(C)=O)=CC=C1OC1O[C@H](CO)[C@@H](O)[C@H](O)[C@H]1O;C[C@@H](C(=O)O)C1=CC=C(O[C@H]2O[C@@H](CO)[C@H](O)[C@@H](O)[C@@H]2O)C=C1;CC(=O)C1=C(C)C=C(O[C@@H]2O[C@H](CO)[C@@H](O)[C@H](O)[C@H]2O)C=C1O;O=C(O[C@H]1O[C@@H](CO)[C@H](O)[C@@H](O)[C@@H]1O)[C@@H](CO)C1=CC=CC=C1;CCOC1=CC(C=O)=CC=C1OC1OC(CO)C(O)C(O)C1O;COCC(=O)C1=CC=C(O[C@@H]2O[C@H](CO)[C@@H](O)[C@H](O)[C@H]2O)C=C1;C[C@@H](C(=O)O[C@H]1O[C@@H](CO)[C@H](O)[C@@H](O)[C@@H]1O)C1=CC=C(O)C=C1;COC1=CC=C(C(=O)CO[C@@H]2O[C@H](CO)[C@@H](O)[C@H](O)[C@H]2O)C=C1;CC(=O)CC1=CC(O)=CC(OC2OC(CO)C(O)C(O)C2O)=C1;CC(=O)C1=C(C)C=C(O)C=C1O[C@@H]1O[C@H](CO)[C@@H](O)[C@H](O)[C@H]1O;CC(=O)C1=CC(OC2OC(CO)C(O)C(O)C2O)=CC(O)=C1C;CC(=O)OC1C(OC2=CC=CC=C2CO)OC(CO)C(O)C1O;O=C(O)[C@H](CO[C@H]1O[C@@H](CO)[C@H](O)[C@@H](O)[C@@H]1O)C1=CC=CC=C1;O=C(CCO[C@@H]1O[C@H](CO)[C@@H](O)[C@H](O)[C@H]1O)C1=CC=C(O)C=C1;OC/C=C/C1=CC=C(O)C(O[C@@H]2O[C@H](CO)[C@@H](O)[C@H](O)[C@H]2O)=C1;OC/C=C/C1=CC=C(O[C@@H]2O[C@H](CO)[C@@H](O)[C@H](O)[C@H]2O)C(O)=C1;CC(=O)OC[C@H]1O[C@H](OC2=CC=CC=C2CO)[C@H](O)[C@@H](O)[C@@H]1O;C[C@H](O)[C@H](O)[C@H](O[C@H]1O[C@H](CO)[C@@H](O)[C@H](O)[C@H]1O)[C@@H](O)CO;COC(=O)C(OC1OC(CO)C(O)C(O)C1O)c1ccccc1
m_bcd97d,CC(NC(=O)c1ccco1)c1ccc(F)cc1F;O=C(O)CC[C@@H](NC(=O)C1=CC=CC=C1)C(=O)O;O=C(O)CC(NC(=O)CC1=CC=CC=C1)C(=O)O;O=C(O)CCC(=O)NC1=CC=C(CC(=O)O)C=C1;COC(=O)C1=CC=CC=C1NC(=O)CCC(=O)O;O=C(O)CC(=O)NC(CC1=CC=CC=C1)C(=O)O;CC1=CC=C(C(=O)O)C=C1NC(=O)CCC(=O)O;COC1=CC(/C=C/C(=O)NCC(=O)O)=CC=C1O;O=C(O)CCC(=O)N[C@@H](C(=O)O)C1=CC=CC=C1;O=C(O)CCNC(=O)Cc1ccc2c(c1)OCO2;C[C@@H](CC(=O)O)C(=O)NC1=CC=CC=C1C(=O)O;CC(O)C(=O)OC(=O)CNC(=O)c1ccccc1;CC(=O)N[C@H](CC1=CC=C2OCOC2=C1)C(=O)O;CC(=O)NC(CC(=O)O)c1ccc2c(c1)OCO2;CCOC(=O)C(=O)Nc1ccccc1C(=O)OC;CCOC(=O)C(=O)NC(O)C(=O)c1ccccc1;COC1=CC(/C=C/C(=O)O)=CC=C1OCC(N)=O;C[C@@H](CC(=O)NC1=CC=CC=C1C(=O)O)C(=O)O;CCOC(=O)c1ccc(NC(=O)C(=O)OC)cc1;CCOC(=O)c1ccc(C(=O)OC)cc1C(N)=O;COC1=CC2=C(NC(C(=O)O)=C2)C(OC)=C1OC;COC(=O)[C@@H](NC(C)=O)C(=O)C1=CC=C(O)C=C1;CCOC(=O)C(=O)CC(=O)c1cc(OC)ccn1;C/C(=C\C(=O)NCC(=O)O)C1=CC=C(C)C(=O)O1;COC(=O)C1=CC=C(OCC2CN=C(O)O2)C=C1
m_bcdd81,Cc1cnn(C(C)(CC2CCOCC2)C(=O)O)c1;COc1ccc(CNCCCC(N)C(=O)O)cc1;COc1cc(CCNC(C)CC(N)=O)ccc1O;NCCCCNC(Cc1ccc(O)cc1)C(=O)O;CCCCC(Nc1ccccc1OC)C(=O)NO;CCOC(=O)CCCNc1ccc(N)c(OC)c1;NCCCCC(NCc1ccccc1O)C(=O)O;CCC(O)CCNC(=O)c1ccc(OC)c(N)c1;NCC(O)CCC(NCc1ccccc1)C(=O)O;COCCCNC(=O)NCCc1ccc(O)cc1;CCC(O)CCNC(=O)COc1ccc(N)cc1;CCC(O)CCNC(=O)Nc1cccc(OC)c1;CCCCNC(=O)COc1ccc(OC)cc1N;CCCCOc1ncccc1CNC(=O)C(C)O;CCCCCOc1nccc(C(=O)OCC)c1N;CCC(O)CNC(=O)CCOc1ccc(N)cc1;CCCCOCC(=O)Nc1ccc(N)cc1OC;COCC(C)C(Nc1ccc(OC)cc1)C(N)=O;CCCCNC(=O)COc1ccc(C)nc1CO;CCCCCCOc1nc(C(=O)OC)ccc1N;COc1cccc(CNC(=O)N(C)CC(C)O)c1;COc1ccc(CNC(=O)NC(C)C)cc1OC;CCOC(=O)CCCNc1cccc(OC)c1N;CCCC(O)CNC(=O)Nc1ccccc1OC;COCC(C)CC(=O)NCc1cc(N)ccc1O
m_bd0de9,O=C(Cn1cc(F)ccc1=O)Nc1ccccc1C(F)(F)F;Cc1nc(CCNC(=O)c2ccc(C(F)(F)F)cc2)cs1;CC(Cl)c1ccc(OCc2ccc(C(F)(F)F)cc2)cc1;O=C(Cc1ccc(F)cc1)Nc1cc(C(F)(F)F)c[nH]c1=O;Nc1ccc(C(F)(F)F)cc1C(=O)NCCc1cccs1;Cc1cnc(CCNC(=O)c2ccc(C(F)(F)F)cc2)s1;CC(C)c1ccc(Oc2ccc(C(F)(F)F)cc2Cl)cc1;CN(C)C(=O)Cc1csc(-c2cccc(C(F)(F)F)c2)n1;O=C(Nc1cccn(CC(F)(F)F)c1=O)c1ccc(F)cc1;Cc1nc(CNC(=O)c2ccc(C(F)(F)F)cc2)sc1C;Cc1nc(C)c(CCNC(=O)c2ccc(F)c(F)c2F)s1;O=C(NCC(F)(F)F)c1ccc(NCc2cccs2)cc1;Cc1nc(C(F)(F)F)c(C(=O)NCCc2ccccc2)s1;O=C(COc1cccc(C(F)(F)F)n1)Nc1cccc(F)c1;COc1ccc(C)cc1C(Cl)c1ccc(C(F)(F)F)cc1;O=C(CCc1ccccc1)NCCNC(=O)c1ccc(F)cc1;CC(C)NC(=O)c1sc(-c2ccccc2)nc1C(F)(F)F;Nc1c(C(=O)NC2CCC2)sc2ccc(C(F)(F)F)cc12;Cc1ccc(C(O)Cc2cccc(C(F)(F)F)c2)cc1Cl;O=C(NCCc1nccs1)c1ccc(Oc2ccccc2)o1;Cc1sc(C(=O)NCc2ccc(C(F)(F)F)cc2)cc1N;O=C(COc1ccc2ccccc2c1)NCc1csc(=O)[nH]1;Cc1cc(Cl)c(C(O)c2ccc(C(F)(F)F)cc2)cc1C;O=C(NCCCN1CCOCC1)c1ccc(OC(F)F)cc1;Cc1ccc(-c2csc(CCNC(=O)C(F)(F)F)n2)cc1
m_bd907b,CN(CC12CC3CC(CC(C3)C1)C2)C(=O)c1cnccn1;CCCCCCCCCC(=O)NC(CC(N)=O)C(=O)[O-];CCCCCCCCNC(=O)CCC(=O)NCC(=O)[O-];CCCCCCCCC(=O)N1C2CCC1CC(Cl)C2;CCCCCCC(=O)NCc1ccc(-c2ccn[nH]2)cc1;CCCCCCNC(=O)c1ccc(Cn2cccn2)cc1;CCCCCCNC(=O)c1ccc(-n2nccc2C)cc1;CCCCCCNC(=O)c1ccc2nc(C)c(C)nc2c1;CCCCCCCCNC(=O)c1ccc2cnncc2c1;CCCCCCCC=CCCCCCSCC(=O)[O-];CCCCCC1=CCCC1=NNC(=O)c1ccc(N)cc1;CCCCCNC(=O)c1ccc(-n2nc(C)cc2C)cc1;CCCCC(=O)NCc1c(C)nn(-c2ccccc2)c1C;CC(=O)NCCCCCC(=O)NC(CC(=O)[O-])C(C)C;CCCCCCCCC(=CC=Cc1ccccc1)C(=O)[O-];CCCCOc1cc(NCCC)nc(-c2ccccc2)n1;CC(C)CCCCNC(=O)NC(=O)CCCCC(=O)[O-];CCCCNC(=O)CCC(=O)NC(C(=O)[O-])C(C)CC;CCCCCNC(=O)c1ccc(Cn2ccnc2C)cc1;CCCCCNC(=O)c1cc(NCC)nc2ccccc12;CCCCc1ccc(CC(=O)Nc2c(C)n[nH]c2C)cc1;CCCCC(NC(=O)CCNC(=O)CC(C)C)C(=O)[O-];CCCC(=CCl)C/C=C/CCC(=O)NCCC(C)C;CCCCCNC(=O)c1cnc(NCC)c2ccccc12;Cn1ncc(Cl)c1C([NH3+])C(C)(C)N1CCCCCC1
m_bda18e,COCc1nc(C(=O)Nc2c(C)c(C)nn2C)cs1;CN1CC(NC(=O)CCc2cccc(Cl)c2)CC1=O;CC(C)NC(=O)c1ccc(Cl)cc1NC(=O)C1CC1;CC(=O)Nc1cc(Cl)ccc1C(=O)N1CCCCC1;O=C(Nc1nc(C2CC2)ns1)N1CCC2(O)CC2C1;O=C(NCCN1CCCCC1=O)c1ccc(Cl)cc1;CN1C(=O)c2cc(Cl)ccc2NC12CCC(O)CC2;Cc1ccc(C(=O)N2CC(C)C(C(N)=O)C2)c(Cl)c1;CC1(C(=O)[O-])CCN(C(=O)c2ccc(F)cc2O)CC1;CN1CC(CNC(=O)Cc2ccc(Cl)cc2)CC1=O;CN1C(=O)[C@@H](O)[C@H]2CN(CC3=CC=C(Cl)C=C3)C[C@H]21;CN(C(=O)c1cccc(OC(F)F)c1)C1(C#N)CCC1;C[C@]12C[C@H](O)[C@H](O)C[C@@H]1C1=CC(O)=CC(O)=C1C(=O)O2;O=C(C1CC(O)CN1)N1CCc2cc(Cl)ccc2C1;O=C(CCNC(=O)c1ccc(Cl)cc1)NCC1CC1;CC(=O)N1CCN(C(=O)Cc2ccc(Cl)cc2)CC1;CC1(O)CCCN(c2ncnc3c2NC(=O)CS3)C1;CC(CC(=O)[O-])CC(=O)N1CCc2sccc2C1C;CC(=O)N(CCNC(=O)c1ccc(Cl)cc1)C1CC1;O=C([O-])CC1(NC(=O)c2ccc(F)cc2O)CCCC1;CN1C(=O)CO[C@H]2CN(CC3=CC=C(Cl)C=C3)C[C@H]21;CC(NC(=O)C1CCCC(=O)N1)c1ccccc1Cl;COC1=CC(O)=C2C(=O)O[C@@]3(C)C[C@H](O)[C@H](O)[C@H]3C2=C1;O=C(c1cc(Cl)ccn1)N1CCOCC12CCCC2;Cc1cc(F)ccc1C(=O)N1CCC(O)(C(=O)[O-])CC1
m_bf639c,COc1ccc(F)cc1C(C)NC(=O)N1CCCC1C1CCCN1C;Cn1nccc1-c1ccc(CCNC(=O)c2ccc3c(c2)OCO3)cc1;CCOCCCNC(=O)C1CC[NH+](Cc2ccc3c(c2)OCO3)CC1;CO[C@@H]1C[C@@H](CC(=O)NCCC2=CC=C3OCOC3=C2)C[C@H](OC)C1;COC(=O)CC1C2=CC3=C(C=C2OC2=NC4=CC=CC=C4C=C21)OCO3;O=C(CN1CCCC(N2CCCC2)C1)NCCOc1cccc(F)c1;CC(O)(CNS(=O)(=O)Cc1ccccc1)c1ccc2c(c1)OCO2;O=C(Cc1n[nH]c2ccccc12)N1CCCC1c1ccc2c(c1)OCO2;O=C(Cc1c[nH]c2ncccc12)N1CCCC1c1ccc2c(c1)OCO2;O=C(C1=CC=C2OCOC2=C1)N1CCC(C2=NC3=CC=CC=C3N2)CC1;COc1cc(CN2CCC3(C=Cc4ccccc43)CC2)cc2c1OCO2;CN1CC2=C3OCOC3=CC(O)=C2C2=CC=C3C=C4OCOC4=CC3=C21;O=C(COC(=O)c1ccc2ccccc2c1)Nc1ccc2c(c1)OCO2;O=C1C=C(CCCCCCC2=CC=C3OCOC3=C2)NC2=CC=CC=C12;O=C(C=Cc1ccc2c(c1)OCO2)NCc1ccc(C(F)(F)F)cc1;CC[NH+](CC)CCCCNC(=O)CCC(=O)c1ccc2c(c1)OCO2;CN1C2=C(C=CC3=CC4=C(C=C23)OCO4)C2=CC=C3OCOC3=C2[C@@H]1O;O=C(Nc1ccccc1C(F)(F)F)C1(c2ccc3c(c2)OCO3)CC1;CCOC1CC(NC(=O)Cc2ccc3c(c2)OCO3)(C(=O)O)C1(C)C;C1=CC=C(C2=NN=C([C@H]3CCN(CC4=CC=C5OCOC5=C4)C3)O2)C=C1;O=C(NCC1=CC=C2OCOC2=C1)N1CCC2=C(C1)NC1=CC=CC=C21;O=C(OCc1ccccc1Oc1cccnc1)c1ccc2c(c1)OCO2;COCCNC(=O)N1CCCC(NC(=O)c2ccc3c(c2)OCO3)C1;COC1=C(O)C=CC2=C1C(=O)N(C)C1=C3C=C4OCOC4=CC3=CC=C21;CCN1CCN(c2ccc(F)cc2C(C)NC(=O)C2CCCO2)CC1
m_bf6cfe,O=C(NCc1ccc2c(c1)OCCO2)Nc1ccncc1;COc1ccc(C=CC(=O)Nc2cnc(OC)nc2)cc1;COc1ccc(C(=O)[O-])c(OCc2cc(C)cc(C)c2)c1;COc1ccc(C=CC(=O)N(CC#N)CC#N)cc1OC;CCCc1oc(-c2cccc(OC)c2)cc1C=CC(=O)[O-];CCOP(=O)(NC=Cc1ccc(OC)cc1)OCC;COC1=CC(/C=N/NC(=O)C2=CC=CC=C2N)=CC=C1O;O=C(C=Cc1cccc(F)c1)NCCc1ccc(O)cc1;CCCc1cccc2c(C=CC(=O)[O-])cc(OC)c(O)c12;CN1C(N)=C(C(=O)/C=C/C2=CC=CC=C2)C(=O)N(C)C1=O;COc1ccc(OC)c(C=CC(=O)N(CC#N)CC#N)c1;O=C(C=Cc1ccc(O)c(F)c1)NCCc1ccccc1;COc1ccc(C(=O)[O-])cc1OCc1cc(C)cc(C)c1;CC(=NNC(=O)c1ccc(N)cc1)c1ccc(O)cc1O;COc1ccc(OC)c(C(=O)NCCCCCCl)c1;COc1ccc2cc(C(=O)C(C)C(C)C(=O)[O-])ccc2c1;CCC(CC)(CCl)NC(=O)c1ccc(OC)cc1O;CCc1cccc(C(=O)[O-])c1COc1ccc(O)cc1C;COc1ccc(C=Cc2ccc3cc(C#N)ccc3c2)cc1;CCCOc1ccc(-c2cc(C=CC(=O)[O-])c(C)o2)cc1;COc1ccc(NC(=O)C=Cc2ccccc2OC)nn1;COc1ccc(N)c(C(=O)Nc2ccc(C(N)=O)cc2)c1;COc1ccc(C(=O)NC(CCl)CC(C)C)c(O)c1;COc1ccc(C(=O)NCCCC(C)Cl)c(OC)c1;CC(C)OCCCCNC(=O)c1cc(O)ccc1Cl
m_c1b10a,COc1ccc(C(Cc2ccccc2)NC(=O)N2CCC(O)(C3CC3)CC2)cc1;COC1=CC=C(CC(=O)NCCC2CCN(C(=O)C3=CC=C(C)C=C3)CC2)C=C1;COc1cc(C=CC(=O)Nc2ccc(N3CCCCC3)cc2)ccc1OC(C)C;CCCCC[C@H](C[C@H](CCC1=CC=C(OC)C(OC)=C1)OC(C)=O)OC(C)=O;COc1ccc(CC(=O)N2CCN(C(=O)C(c3ccccc3)C(C)C)CC2)cc1;COc1cc(CNC(=O)CCc2c[nH]c3ccccc23)ccc1OCCC(C)C;CCCCNC(=O)C1=CC=CC([C@@H]2CCCN(C(=O)C3=CC=C(OC)C=C3)C2)=C1;COC1=CC=C(CCC(=O)NCCC2=CN(C(C)C)C3=CC=CC=C23)C=C1OC;COC1=CC=C(CCNC(=O)CCC2=CN(C(C)C)C3=CC=CC=C23)C=C1OC;CCCCCCCCCCCCCCCC(=O)Oc1ccc(C(=O)Cl)cc1;COc1ccc(CNC(=O)C2CCC(C(=O)Nc3cc(C)ccc3C)CC2)cc1;CC(C)Oc1ccccc1NC(=O)c1ccc(C(=O)NC2CCCCCC2)cc1;CCc1cccc(CC)c1N1CC(C(=O)NCCc2ccc(OC)cc2)CC1=O;CCCCCNC(=O)C[C@H](C1=CC=C(OC)C(OC)=C1)C1=CNC2=CC=CC=C12;COc1cc2c(cc1OC)CN(C(=O)Cc1ccc(N3CCCCC3)cc1)CC2;Cc1ccc(CCC(=O)N2CCN(C(=O)COc3ccc(C)cc3C)CC2)cc1;COc1ccccc1C(=O)NC1CCN(C(=O)CCCc2ccc(C)cc2)CC1;CCCCCOc1ccc(C(=O)N2CCC(NC(=O)c3ccccc3)CC2)cc1;COc1ccc(CCC(=O)Nc2ccccc2C(=O)NC2CCCCC2)cc1C;COc1ccc(CC(=O)N(Cc2ccccc2)C(C)C(=O)NC2CCCC2)cc1;COc1cc(C(=O)N2CCN(c3ccccc3C)CC2)ccc1OC1CCCC1;COc1cc(CNC2CCCc3ccccc32)ccc1OCC(=O)N1CCCC1;CCOc1ccc(CC(=O)N2CCN(C(=O)C(C)(C)c3ccccc3)CC2)cc1;COC1=CC=CC=C1CCNC(=O)CC1CCN(C(=O)C2=CC=C(C)C=C2)CC1;CCCCCCOc1ccc(CC(NC(=O)OC(C)(C)C)C(=O)[O-])cc1OC
m_c1ec62,COC1CC(c2nc(C)c(C)[nH]2)N(Cc2ccncc2F)C1;CC(C)(C)C1CCC(OC(=O)c2ccc3c(c2)OCO3)CC1;CC(=O)OC1=C(O)C=C(O)C=C1C/C=C(\C)CCC=C(C)C;COC1=CC(C(=O)O[C@@H]2C[C@@H]3CC[C@@]2(C)C3(C)C)=CC=C1O;CCCCOc1ccc2c(C)cc(=O)oc2c1OCCCC;CCCCCCCCCC1=CC(=O)C2=C(O)C=C(O)C=C2O1;COC1=CC(C(=O)O[C@H]2C[C@@H]3C[C@@]2(C)CC3(C)C)=CC=C1O;COC1=CC2=C(C=C1O)[C@]1(C)CC[C@@H](O)C(C)(C)[C@@H]1CC2=O;CCCCC1=C(CO)C=C(CCC2=CC=C(O)C(OC)=C2)O1;C[C@]12CC[C@@H]3C4=CC=C(O)C=C4CC[C@@H]3[C@H]1[C@@H](O)[C@@H](O)[C@H]2O;CCCCCCCC(=O)CC(=O)C=Cc1ccc(O)c(O)c1;COc1ccc(C(=O)OCC=C(C)C)c(OCC=C(C)C)c1;COC1=CC(C(C)C)=C2C(=C1C)C(=O)C(C)(C)[C@H]2OC(C)=O;CCOC(=O)CCC1CCC(c2ccc3c(c2)OCO3)CC1;CC(=O)CC/C=C(/C)CO[C@@H]1O[C@H](CO)[C@@H](O)[C@H](O)[C@H]1O;C[C@]12CC[C@@H]3C4=CC(O)=C(O)C=C4CC[C@@H]3[C@H]1C[C@@H](O)[C@@H]2O;COc1cc(C(C)C)c2c(c1C)C(OC(C)=O)C(C)(C)C2=O;[NH3+]CCc1ccccc1-c1ccc(OCc2ccccc2)cc1;COC1=CC=C2C(=C1O)C(=O)C[C@H]1C(C)(C)[C@@H](O)CC[C@]21C;CC(C)=CCC/C(C)=C/COC1=CC(C)=C(C(=O)O)C(O)=C1;COC(=O)C1=CC=C(OCC=C(C)CCC=C(C)C)C(O)=C1;C=C(C)[C@H]1CC2=C(OC)C=C(CCCCC)C(C(=O)O)=C2O1;COc1cc(C(=O)OC2C3(C)CCC(C3)C2(C)C)ccc1O;COc1ccccc1OCCCC(C[NH3+])c1cccc(F)c1;COc1cccc(CCC(C)[NH3+])c1OCc1ccc(F)cc1
m_c2176f,Cc1cnc(C(=O)N2CCCC(c3nc(C(F)(F)F)cn3C)C2)cn1;COC1=CC=C(CCNC(=O)C2=CC=C(N3C=NN=N3)C=C2)C=C1OC;COc1ccc(OC)c(CC(=O)Nc2ccc(C)c(-n3cnnn3)c2)c1;COC1=CC=C(CCNC(=O)C2=CC=CC(N3C=NN=N3)=C2)C=C1OC;O=C1NCCN1C1CCN(CC(O)COc2ccc(Cl)cc2)CC1;COc1ccc2nc(O)c(C(=O)N3CCN(c4ncc[nH]4)CC3)cc2c1;COc1cc(N)c(Cl)cc1C(=O)NC1CCN(C(=O)C(C)C)CC1;Cc1ccc(C)n1-c1ccc(C(=O)OCCOc2ccc(F)cc2)cc1;COc1ccc2cc(CN(C)C(=O)c3ccc(OC)c(F)c3)ccc2c1;COc1ccc(CC(=O)NCc2nc(-c3cccnc3)n[nH]2)cc1OC;COC1=CC=C(CC(=O)NCC2=NN=NN2C2=CC=C(OC)C=C2)C=C1;COc1cccc2[nH]cc(CC(=O)N3CCN(C)c4ccc(F)cc43)c12;COc1ccc(OC)c(CC(=O)NCc2nc(-c3cccnc3)n[nH]2)c1;COc1ccc(NC(=O)COc2ccc(C)cc2)cc1-n1nnnc1C;COc1ccc(C(=O)Nc2cnc(-n3nc(C)cc3C)nc2)cc1OC;CCOc1cc(C(=O)Nc2cccc(-c3nnnn3C)c2)ccc1OC;COc1cc2oc(C)c(C)c2cc1C(C)=CC(=O)Nc1ccc(F)cc1;COc1ccc(CCNc2nc(=O)nc(-c3ccncc3)[nH]2)cc1OC;CCc1cc(C=C2N=C(CCc3cccc(F)c3)OC2=O)ccc1OC;COc1ccc(OC)c(C(=O)Nc2cc(-n3nc(C)cc3C)ncn2)c1;COC(=O)c1cnn(-c2cc(Oc3cc(C)ccc3C)nc(C)n2)c1N;COc1ccc(C(=O)Nc2cnc(-n3cnc(C)c3C)nc2)cc1OC;COc1cc(CNc2ccc(O)cc2)ccc1OCc1ccc(F)cc1;COc1ccc(OC)c(NC(=O)Cn2nnnc2-c2ccc(C)cc2)c1;COc1ccc(C(C)=NNC(=O)Cn2nnc3ccccc32)cc1OC
m_c2313f,CC(=O)NCC(=O)N1CCC(=Cc2cc(Cl)ccc2Cl)CC1;CCCCCOC(=O)CCCCCC(=O)Oc1ccc(Cl)cc1;COC(=O)CCCNC(=O)c1ccccc1NC(=O)c1ccccc1;CCCCCCOC(=O)CCCC(=O)Oc1cc(C)ccc1Cl;CCCCOc1ccc(C(=O)NCC(=O)NCc2ccccc2)cc1;CCCCCNC(=O)c1ccc(C(=O)Nc2ccc(OC)cc2)cc1;CCCOC(=O)CCCC(=O)Oc1c(F)c(F)c(F)c(F)c1F;CCCCCCCOC(=O)CCC(=O)Oc1ccc(C)cc1Cl;COc1ccc(C(=O)NCC(=O)NC(CCSC)C(=O)O)cc1;CCCCCCCCCCOC(=O)CCC(=O)OCC(F)(F)F;Cc1ccc(C(=O)NCC(=O)NCCCCOc2ccccc2)cc1;CCCCNC(=O)c1cccc(NC(=O)c2ccc(OCC)cc2)c1;O=C(NCCC[C@H](NC(=O)C1=CC=CC=C1)C(=O)O)C1=CC=CC=C1;CCCCCCC(NC(=O)c1cccc(Br)c1)C(N)=O;CCOC(=O)CCCCCCCCC(=O)Oc1cccc(Cl)c1;O=C(CCNC(=O)c1ccccc1)NCCCCOc1ccccc1;CCCCCCCOC(=O)CCC(=O)OCc1cccc(Cl)c1;CCCCOc1ccc(C(=O)Nc2ccc(C(=O)NCC)cc2)cc1;COC(=O)CCCCCNC(=O)Nc1ccc(-c2ccccc2)cc1;CCOC(=O)CCC(=O)NC1=CC=CC=C1C(=O)NC1=CC=CC=C1;CCCCCCCCCCCCOc1ccc(Br)cc1;CC(C)COC(=O)CCCCCC(=O)OCc1ccc(Cl)cc1;CCCCNC(=O)c1ccc(NC(=O)c2ccccc2OCC)cc1;O=C(O)c1ccc(CNC(=O)c2ccccc2N2CCOCC2)cc1;O=C(NCC(=O)N1CCOCC1)c1ccc(Oc2ccccc2)cc1
m_c30e40,CCN(CC)S(=O)(=O)c1ccc(C)c(C(=O)N2CCC3(CCCOC3)C2)c1;CCC1=CC2=C(C=C1O)OC(=O)C=C2CN1CCN(C2=CC=C(OC)C=C2)CC1;COC1=CC=C(C2=CC3=CC=C(OCCN4CCN(C)CC4)C=C3OC2=O)C=C1;COC1=CC=C(C2=COC3=CC(OCCN4CCN(C)CC4)=CC=C3C2=O)C=C1;O=C1C(C2=CC=CC=C2)=COC2=CC(OCCN3CCN(CCO)CC3)=CC=C12;NCC(=O)NC(CC1=CC=C(O)C=C1)C(=O)NC(CCCN=C(N)N)C(=O)O;CCOC(=O)C(Cc1c[nH]c2ccccc12)NC(=O)COc1ccc(CC)cc1;O=C(COc1ccc2c(c1)CCCC2)N1CCN(C(=O)c2ccccc2O)CC1;COc1ccc(OCCCC(=O)N2CCC(c3nc4ccccc4o3)CC2)cc1;COC(=O)C(CC1=CNC2=CC=CC=C12)NC(=O)C1=CC=C(OCC(C)C)C=C1;COC1=CC=C(C2=C(C)C3=CC=C(O)C(CN4CCN(C)CC4)=C3OC2=O)C=C1;CC1=CC(C)=CC(OC2=COC3=C(CN4CCN(C)CC4)C(O)=CC=C3C2=O)=C1;CCOC(=O)C1=C(C2=CC=CC=C2)OC2=CC=C(O)C(CN3CCN(C)CC3)=C12;CC(C)(C)C1=CC=C(OCC(=O)N[C@H](CC2=CNC3=CC=CC=C23)C(=O)O)C=C1;CC1=C(C2=CC=CC=C2)C(=O)OC2=C(CN3CCN(CCO)CC3)C(O)=CC=C12;CC(=O)CC1=CC(=O)C2=C(C)C=C(O[C@@H]3O[C@H](CO)[C@@H](O)[C@H](O)[C@H]3O)C=C2O1;COC1=CC(O)=CC(C2=CC=C(O[C@@H]3O[C@H](CO)[C@@H](O)[C@H](O)[C@H]3O)C(O)=C2)=C1;COC(=O)[C@H](C)NC(=O)CNC(=O)[C@H](C)NC(=O)[C@H](N)CC1=CC=C(O)C=C1;C[C@H](OC1=CC=C2C(C3=CC=CC=C3)=CC(=O)OC2=C1)C(=O)NCCCN(C)C;CC1=C(OCC(=O)NCCCN(C)C)C=CC2=C1OC(=O)C=C2C1=CC=CC=C1;COC1=CC=C(C2=C(C)OC3=C(CN4CCN(C)CC4)C(O)=CC=C3C2=O)C=C1;CCN1CCN(CC2=C(O)C=CC3=C2OC=C(C2=CC=C(OC)C=C2)C3=O)CC1;COC1=CC(O[C@@H]2O[C@H](CO)[C@@H](O)[C@H](O)[C@H]2O)=CC(C2=CC=C(O)C(O)=C2)=C1;CC1=C(C2=CC=CC=C2)C(=O)C2=CC=C(O)C(CN3CCN(CCO)CC3)=C2O1;CCOC1=CC=C(/C=C2\OC3=C(C=CC(O)=C3CN3CCN(C)CC3)C2=O)C=C1
m_c3e52e,O=C(NCC1CCCO1)Nc1cccnc1N1CCCC1;C[C@H](CCCCCC(=O)O)O[C@@H]1O[C@@H](C)[C@H](O)C[C@H]1O;CCCCCCCCC(=O)NCc1ccc(C(=O)[O-])cc1;CCCCCCCC(=O)NCCc1ccc(C(=O)[O-])cc1;C[C@@H]1O[C@@H](OCCCCCCCC(=O)O)[C@H](O)C[C@H]1O;CCCCCCCCC(=O)Nc1cccc(CC(=O)[O-])c1;CCCCCCCC(=O)NCCc1cccc(C(=O)[O-])c1;COC(=O)CCCC[C@@H](C)O[C@@H]1O[C@@H](C)[C@H](O)C[C@H]1O;CCCCCOC(=O)C(O)C(O)C(=O)OCCCCC;C=C[C@@H](CCCCC)O[C@@H]1O[C@H](CO)[C@@H](O)[C@H](O)[C@H]1O;N=C(N)NCCCC(NCC=Cc1ccccc1)C(=O)O;CCCCCCCCCC(CCC(=O)OO)C(=O)OO;O=C(CCCCC(=O)OCCCCO)OCCCCO;CCCCCCC(=O)COC1OC(C)C(O)C(O)C1O;CCCCCC(=O)NCC(Cc1cccc(C)c1)C(=O)[O-];CCCCCCCC(O)C(=O)C1OC(OC)C(O)C1O;CCCCCC(=O)NNC(=O)C=Cc1ccc(OC)cc1;CCCCCCCC(=O)Nc1c(C)cc(C)cc1C(=O)[O-];CCCCC(O)C(O)C(=O)C(=O)C(O)C(O)CCCC;CCCCCCC(=O)N(C)CCc1ccccc1C(=O)[O-];C=CC(CCCCC)C(Nc1ccc(OC)cc1)C(=O)[O-];CCC=CCCCNc1ccc(C(=O)NCC(=O)O)cc1;CCCCCCOC(=O)C(C)C1OCC(O)C(O)C1O;CCCC(C)NC(Cc1c[nH]c2ccc(O)cc12)C(=O)O;CCCCCCCCCC(=O)Nc1cccc(F)c1C#N
m_c50497,COc1ccc(Cl)cc1S(=O)(=O)Nc1cc(Cl)ccc1O;O=C1NC2=CC=CC=C2/C1=C/C1=CC=C(I)C=C1;COc1c(S(=O)(=O)Nc2cccc(O)c2)ccc(Cl)c1Cl;Cc1ccc(C(=O)N(C)Cc2ccc(OCC(=O)O)cc2)cc1Cl;Nc1n[nH]c(-c2ccc(Cl)cc2)c1-c1ccccc1Br;COC(=O)C1=CC=CC=C1OCC(=O)NCCC1=CC=CC(Cl)=C1;Clc1ccc(-c2nn3c(-c4ccncc4)nnc3s2)c(Cl)c1;Nc1ccc2c(c1)C1(OC2=O)c2ccc(O)cc2Oc2cc(O)ccc21;C=C(C)CN(C)S(=O)(=O)c1cc(Br)ccc1C(=O)O;CN(C)C(=O)CS(=O)(=O)CC(=O)c1cccc(Br)c1;O=C1C(Br)C2C=CC(O2)C1N1C(=O)c2ccccc2C1=O;COc1ccc(Cl)cc1C(=O)NCCc1ccc2c(c1)OCCO2;Nc1cc(-c2ccccc2Cl)nn1-c1ccccc1Br;CN(C1CC(C(=O)O)C1)S(=O)(=O)c1ccc(Br)cc1;NC1=CC=C2C(=C1)C(=O)OC21C2=CC=C(O)C=C2OC2=CC(O)=CC=C21;Cc1ccc(C)c(OC2CCN(C(=O)NC(C)C(=O)N(C)C)CC2)c1;CC(=O)NC(CNc1c(Cl)cc(Cl)c2nsnc12)C(=O)[O-];O=C(c1cccnc1)N1CCN(C(=O)c2ccc(Cl)c(F)c2)CC1;COC1=CC=C(C(=O)N2C(=O)OC3=CC(Br)=CC=C32)C=C1;Oc1ccccc1-c1nc(Nc2ccccc2Cl)c2ccccc2n1;O=C(OCCN1C(=O)c2ccccc2C1=O)c1cc(Cl)ccc1F;O=C(c1cc(Cl)ccc1Cl)N1CCC(Cc2ccccc2)CC1;CNc1nccc(C(=O)Nc2c(Cl)cc(Cl)cc2Cl)c1F;O=C1COc2cc(OC(=O)c3ccc(Br)cc3)ccc2N1;COc1cccc(C(CC(=O)O)NC(=O)c2ccc(Cl)cc2C)c1
m_c567df,Cc1ccc2oc(C(=O)N(Cc3cccc(F)c3)C3CCS(=O)(=O)C3)c(C)c2c1;CC(C)=CCNC1=NC=NC2=C1N=CN2[C@@H]1O[C@H](COP(=O)(O)O)[C@@H](O)[C@H]1O;COc1ccc(OC2OC(CO)C(O)C(O)C2N2C(=O)c3ccccc3C2=O)cc1;CCOC(=O)C(C)(C)OCC1OC(n2cnc3c(N)nc(Cl)nc32)C(O)C1O;COC(=O)c1ccc(-c2ccc(OC3OC(CO)C(O)C(O)C3O)c(C#N)c2)cc1;COC1=CC(/C=C/C(=O)NCC(=O)O)=CC2=C1OC(C1=CC=C(O)C(O)=C1)C2CO;Nc1nc(=O)c2ncn(C3OC(COC4OCC(O)C(O)C4O)C(O)C3O)c2[nH]1;OCC1OC(n2cnc3c(NC4CSc5ccccc5C4)ncnc32)C(O)C1O;COC(=O)C1(C(=O)OC)OC(=O)C2=CC3=C4C(=CC(OC)=C(OC)C4=C21)CCN3C;CC(NC(=O)COc1ccccc1)C(=O)Nc1ccc(N2CCCC2=O)c(Cl)c1;CCOC(=O)C1=CC=C(OC)C(OC)=C1OC1=C(OC)C=CC2=C1C(=O)N(C)CC2;COc1cc2c(N3CCOCC3)nc(-c3ccc(Cl)cc3)nc2c(OC)c1OC;COC1=CC=C(/C=N/NC2=NC3=C(N)N=CN=C3N2[C@@H]2O[C@H](CO)[C@@H](O)[C@H]2O)C=C1;COC1=CC=C(CC2=NN=C(NC(=O)C3=CC(OC)=C(OC)C(OC)=C3)S2)C=C1;COc1ccccc1N1CCN(C(=O)C2(C)Oc3ccc(Cl)cc3NC2=O)CC1;COc1ccc(NC(=O)c2csc(Nc3ccc(OC)c(OC)c3)n2)cc1OC;COc1cc2ncn(CCCC(=O)Nc3ccc(C)c(Cl)c3)c(=O)c2cc1OC;COc1cc2ncn(CCCC(=O)Nc3cccc(Cl)c3C)c(=O)c2cc1OC;COC1=CC=C(C(=O)NC2=CC=C(N3N=C(C)C4=CC=CC=C4C3=O)C=C2)C=C1OC;COC(=O)c1ccc(C)c(NC(=O)COC(=O)c2c(C=O)ccc(OC)c2OC)c1;COc1ccc(CCNC(=O)c2ccnn2COc2ccc(Cl)cc2)cc1OC;COC1=CC=CC=C1N1C=NC2=CC(C(=O)NCCC3=CC=C(O)C=C3)=CC=C2C1=O;CCCN(Cc1nnc(-c2ccccc2Cl)o1)C(=O)c1ccc(OC)c(OC)c1;COC1C(O)C(CO)OC1n1cnc2c(NC(=O)COc3ccccc3)ncnc21;COC(=O)c1cc(NC(=O)COC(=O)c2cc(C)ccc2OC)cc(C(=O)OC)c1
m_c57b9d,CN1C(=O)CC(CNC(=O)c2cn3c(n2)CCCC3)C1c1nccn1C;COC(=O)c1ccc(OCC(O)CCc2ccc(C(C)(C)C)cc2)cc1;COC1=CC=CC(O)=C1C(=O)CCCCCCCCC1=CC=C(O)C=C1;CC(C)CCNC(=O)c1ccc(C(=O)NCCc2ccc(F)cc2)cc1;CCCCOc1ccc(C(=O)OCc2ccccc2)cc1OCCCC;CCCCCNC(=O)c1ccc(C(=O)NCCc2ccccc2F)cc1;CCCCCCCOC(=O)c1ccc(OCCOc2ccccc2)cc1;CCOc1ccc(CCC(=O)Oc2ccc(C(C)(C)C)cc2)cc1OC;CC(C)(C)c1ccc(C(=O)NCC(=O)NCCc2ccccc2F)cc1;CCCCOc1cc(C(=O)OC)ccc1CCCc1ccc(OC)cc1;Cc1cc(C(=O)N2CCN(C(=O)C([NH3+])Cc3ccccc3)CC2)c(C)o1;C[NH+]=C(NCCc1ccc(C(=O)OC)cc1)NCc1ccc(OC)cc1;CC(C)Oc1ccc(C(=O)c2cc(OC(C)C)cc(OC(C)C)c2)cc1;CCOC(=O)CCCCCCCCC(=O)Oc1cccc2ccccc12;CCC[C@@H](O)CC(=O)CCC1=CC=C(O)C(OCCC2=CC=CC=C2)=C1;CCCCCCCOc1ccc(C(=O)Oc2ccc(OCC)cc2)cc1;COc1ccc(NC(=O)c2ccc(NC(=O)C([NH3+])C(C)(C)C)cc2)cc1;CCO[C@H](CCC1=CC=C(O)C(OC)=C1)CC(=O)CCC1=CC=CC=C1;COC1=CC(CCC2=CC=C(OCC=C(C)C)C=C2)=CC(OC)=C1OC;O=C(O)C[C@H](NC(=O)C1=CC=CC=C1NC(=O)C1=CC=CC=C1)C(=O)O;COc1ccc(C(=O)N(CCC[NH3+])Cc2ccccc2NC(C)=O)cc1;CCCCC(C(=O)OC)C(C)(O)c1ccc(OCc2ccccc2)cc1;CCCCCCCCC(=O)OCC(=O)c1ccc2cc(OC)ccc2c1;CC(C)(C)OC(=O)CC1=CC=C2C=C(CC(=O)OC(C)(C)C)C=CC2=C1;CCCCCCOc1ccc(OC(=O)c2ccc(OCCC)cc2)cc1
m_c63e89,CNC(=O)C(NC(=O)CCc1ccccc1C)c1ccc(F)c(F)c1;COC1=CC(O)=C(C(=O)CCC2=CC=C(OC)C(OC)=C2)C(OC)=C1;COC1=CC=C(CNC(=O)NC2=CC=C(OC)C=C2OC)C(OC)=C1;CC(O)CN1CCN(C(=O)Cc2ccc(OC(F)(F)F)cc2)CC1;CCCCCCCCCNC(Cc1c[nH]c2ccc(O)cc12)C(=O)O;COc1ccc(CC(=O)NC2CCN(c3ccc(F)cc3F)C2)cc1;CN(Cc1ccccc1)C(=O)CCCNC(=O)c1ccc(F)cc1F;COC1=CC=C(CCOC(=O)C2=CC(OC)=C(OC)C(OC)=C2)C=C1;COC1=CC=C(CCNC(=O)CN2C(C)=CC(O)=CC2=O)C=C1OC;CCCCOc1cccc(C(=O)Oc2ccccc2-c2ccccc2)c1;CC(Cc1c(F)cccc1F)NC(=O)N1CCc2ccc(O)cc2C1;O=C(CCCNC(=O)c1ccc(F)cc1F)NCCc1ccccc1;COc1ccc(CC(=O)N2CCN(c3c(F)cccc3F)CC2)cc1;COc1cc(NC(=O)CN2CCCC(C(F)(F)F)C2)cc(OC)c1;CNC(=O)C(CC(C)C)NC(=O)Cc1ccc(OC(F)(F)F)cc1;Cc1occc1C(=O)NCCCCCNC(=O)c1cc(O)cc(O)c1;CCCC(=C(c1ccc(O)cc1)c1ccc(O)cc1)c1ccc(O)cc1;COC1=CC=C(CCNC(=O)CN2C=C(OC)C(=O)C=C2CO)C=C1;COc1cc(CNCCc2c[nH]c3ccccc23)ccc1OC(F)F;CC(O)C1CCN(C(=O)NCCOc2ccc(C(F)(F)F)cc2)C1;COc1cc(OC)c(CCC(=O)c2ccc(O)c(OC)c2)c(OC)c1;COC1=CC(OC)=C(CCC(=O)C2=CC=C(OC)C(O)=C2)C(OC)=C1;COC1=CC=C(CCNC(=O)C2=CC(=O)C(OC)=CN2C)C=C1OC;CC(=O)NCCC(=O)NCc1ccc(OC(C)C)cc1C(F)(F)F;CCCCCCCOc1ccc(C(=O)Nc2ccc(Cl)nc2)cc1
m_c772b8,Cc1cc(NC(=O)C(C(C)C)N2CCCC2=O)nn1C;N=C(NCCCCN)NC(Cc1ccccc1)C(=O)O;N=C(NCCCC(N)C(=O)O)NCCc1ccccc1;N=C(NCCCCC(N)C(=O)O)NCc1ccccc1;NC(=O)CCC(NC(=O)CCc1ccccc1)C(=O)O;CC(C)CNC(=O)CCNC(=O)Nc1ccc(N)cc1;CC(CO)NC(=O)NCc1ccc(N2CCCC2)nc1;Cc1ccc(NC(=O)CCNC(=O)NCC(C)C)nc1;O=C(O)C(CC1=CC=C(O)C=C1)NC(=O)C1CCCN1;CCCC(=O)NCc1ccc(CNC(=O)CCC)nn1;CC(O)CNC(=O)NCc1ccc(N2CCCC2)nc1;CNC(=O)c1ccc(N)cc1NCC(=O)NCC(C)C;NC(CC1=CC=C(O)C=C1)C(=O)N1CCCC1C(=O)O;CCNC(=O)c1ccc(NC(C(=O)NC)C(C)C)nc1;CCCCCCCC(O)C(O)C(=O)C(O)C(O)CO;CCNc1ccc(C(=O)NCC(=O)NCC(C)C)nc1;CC(=O)C(Cc1ccccc1)NC(=O)C([NH3+])CC(=O)[O-];CCNc1cccc(C(=O)NCC(=O)NCC(C)C)n1;CCCCCCCC(Nc1ccccc1OC)C(=O)[O-];CCCNc1ccc(C(=O)NC(C)C(=O)NCC)nc1;O=C(O)C(Cc1c[nH]c2ccccc12)NCC(O)CO;CC(C)Cc1ccc(CNc2ccc(CC#N)cc2)cc1;CCOC(=S)CCCCC(CC)Cc1ccccc1;CCCCCCCC(Nc1cccc(OC)c1)C(=O)[O-];COC(=O)C(Cc1ccc(OC)cc1)[NH+]1CCCCC1
m_c886af,CCOC(=O)c1ccc(NS(=O)(=O)CCC(C)(F)F)c(O)c1;C[C@@H]1CC[C@@H]2C(=CC[C@H](O)C2(C)C)[C@]1(C)CC1=CNC2=CC=CC=C12;C[C@@H]1CC=C2[C@@H](CC[C@H](O)C2(C)C)[C@]1(C)CC1=CNC2=CC=CC=C12;C[C@@H]1CC=C2[C@@H](CC[C@H](O)C2(C)C)[C@]1(C)CC1=CC2=CC=CC=C2N1;O=C(O[C@@H]1OC(C(=O)O)[C@@H](O)[C@H](O)[C@H]1O)C1=CNC2=CC=CC=C12;O=C(O)[C@H]1O[C@@H](OC2=CN=C3C=CC=CC3=C2O)[C@H](O)[C@@H](O)[C@@H]1O;O=C(O)[C@H]1O[C@@H](OC2=CC(O)=NC3=CC=CC=C23)[C@H](O)[C@@H](O)[C@@H]1O;CC(=O)NC1(C(=O)NCCC(=O)NC2CCCC2)CCC(C)CC1;O=C(O)C(CCc1ccccc1)NS(=O)(=O)c1cccc(F)c1;COCC(=O)N[C@H]1C[C@H]2C(=O)NC3=CC(Cl)=CC=C3C(=O)N2C1;COC1=C(O)C(O)=C(C)C2=C1OC(=O)C2(C)NC(=O)/C=C/C(=O)O;O=C(CC1=CC2=CC=CC=C2N1)O[C@H]1[C@H](O)[C@@H](O)[C@H](O)[C@@H](O)[C@@H]1O;O=C(O)[C@H]1O[C@@H](OC2=CC=C3N=C(O)C=CC3=C2)[C@H](O)[C@@H](O)[C@@H]1O;O=C(NC1CCC(O)CC1)C1CC1c1ccc(Br)cc1;Cc1cc(CS(=O)(=O)N2CCN(S(C)(=O)=O)C(C)C2)on1;O=C(CC1=CNC2=CC=CC=C12)O[C@H]1[C@H](O)[C@H](O)[C@@H](O)[C@@H](O)[C@@H]1O;CC1=C(CCC(=O)NCC2=CC=CC=C2)C(=O)OC2=CC(O)=CC=C12;COc1cccc(C(CC(=O)O)NC(=O)c2c(Cl)cnn2C)c1;Cc1c(C(=O)N2CCOC(CC(=O)O)C2)sc2ccc(F)cc12;CC(=O)NCCNC(=O)NC(c1ccc(Cl)cc1)C(F)(F)F;Cc1ccc(S(=O)(=O)NC(Cc2ccc(F)cc2)C(=O)O)cc1;CC(=O)CCCC(=O)N(CCCC(=O)O)C(=O)c1ccccc1F;CN(Cc1ccc(OCC(=O)O)cc1)C(=O)c1c(Cl)cnn1C;COC(=O)C1CC(Oc2nc3cc(OC)ccc3nc2Cl)CN1;CCN(Cc1ccccc1Br)C(=O)NC1C2CNCC21
m_c8934f,CCCS(=O)(=O)Nc1ccccc1C(=O)NC1CC(O)C1(C)C;COCCNC1=NC2=C(N)N=CN=C2N1[C@@H]1O[C@H](CO)[C@@H](O)[C@H]1O;CC(C)(C)[Si](C)(C)OCC1CC(=O)C(n2ccc(=O)[nH]c2=O)O1;Cc1ccnc2c1ccn2C1OC(C(O)c2ccccc2)C(O)C1O;CNC(=O)c1[nH]nc2c1c(=O)nc(N)n2C1OC(CO)C(O)C1O;Cc1cc(F)ccc1-n1ccc(C(=O)NCc2nncn2C2CC2)n1;OCC1OC(n2cnc3c2N=CN([NH2+]C2CCOC2)C3)C(O)C1O;N[C@@H]1[C@H](O)[C@H](O[C@@H]2O[C@H](CO)[C@@H](O)[C@H](N)[C@H]2O)O[C@H](CO)[C@H]1O;O=C(NCc1nncn1C1CC1)Nc1ccc(F)c(-n2cccc2)c1;NC1C(OC2C(N)C(O)C(O)C(O)C2O)OC(CO)C(O)C1O;C[NH+](CCON)CC1OC(n2cnc3c(N)ncnc32)C(O)C1O;CON(C)c1nc(N)nc2c1ncn2C1OC(CO)C(C)(O)C1O;CCN1CCC2=C(NC3=CC=CC=C23)C1C1=C(O)NC(=O)N(C)C1=O;[N-]=[N+]=NC1(CO)OC(n2cnc3c(=O)nc(N)[nH]c32)C(CF)C1O;N[C@@H]1[C@@H](O)[C@H](O[C@@H]2O[C@H](CO)[C@@H](O)[C@H](O)[C@H]2N)[C@@H](CO)O[C@H]1O;CCc1c(-c2cccc3ccccc23)n(COCCO)c(=O)[nH]c1=O;CN1CCC2=C(NC3=CC=CC=C23)C1C1=C(O)N(C)C(=O)N(C)C1=O;CCC1OC(n2ccc(=O)[nH]c2=O)CC1O[Si](C)(C)C(C)(C)C;CCCn1c(N)c(N(CCOC)C(=O)C2CCCO2)c(=O)[nH]c1=O;Cc1c(C(=O)NCc2nncn2C2CC2)cnn1-c1ccc(F)cc1;Cc1oc(S(=O)(=O)N(C)C)cc1C(=O)N1CCC2CCCCC21;COC1=CC=C(CC(=O)N2CCC(=O)NC3=CC=CC=C32)C=C1OC;COCCCNc1ncnc2c1ccn2C1OC(CO)C(O)C1F;CN(C)S(=O)(=O)c1ccc(OCCN2CC3C(CO)C3C2)cc1;OCC1OC(N2C=[NH+]C3C(N[NH+]4CCCC4)=NC=NC32)C(O)C1O
m_c89ffd,O=C(O)C1CCC(CNS(=O)(=O)c2cccnc2)CC1;O=C1OC2=CC=CC=C2C(C2=CC=CC=C2)=C1C1=CC=CC=C1;CCn1ccc(-c2oc3ccccc3c(=O)c2OC(C)=O)n1;O=c1oc(-c2ccccc2)c2ccccc2c1-c1ccccc1;O=C(C=Cc1ccc(O)c(O)c1)NNC(=O)c1ccccc1;CCOC(=O)c1c(-c2ccccc2F)oc2ccc(C)cc12;Cc1cc(OCC(=O)Nc2ccc(O)c3ccccc23)no1;O=C1c2ccccc2C(=O)C1c1ccc(-c2ccccc2)cc1;C[C@H](CC(=O)O)OC(=O)C1=C(O)C=C(O)C=C1C[C@@H](C)O;CCOc1ccc(-c2c(C)c3cc(F)ccc3oc2=O)cc1;CC1=CC=CC(C)=C1O[C@@H]1O[C@H](C(=O)O)[C@@H](O)[C@H](O)[C@H]1O;COC1=CC=C(C2=C(C3=C(O)C(=O)C=C(C)O3)NC=N2)C=C1;CC(C)Oc1ccc2c(=O)c(-c3ccc(F)cc3)coc2c1;CC1=CC(C)=CC(O[C@@H]2O[C@H](C(=O)O)[C@@H](O)[C@H](O)[C@H]2O)=C1;CCOC(=O)C(Cc1cc(O)c(O)c(O)c1)C(=O)OCC;CC1=CC=C(O[C@@H]2O[C@H](C(=O)O)[C@@H](O)[C@H](O)[C@H]2O)C(C)=C1;CC1=CC=C(C)C(O[C@@H]2O[C@H](C(=O)O)[C@@H](O)[C@H](O)[C@H]2O)=C1;C[C@@H]1C[C@H](OC(=O)C2=CC(O)=CC=C2O)[C@H](O)[C@H](O)[C@@H]1O;O=C(c1ccccc1)c1oc(-c2ccccc2)c2ccccc12;O=C1C2=CC=CC=C2C(=CC2=CC=C(O)C=C2)C2=CC=CC=C12;CCOC(=O)C1=CC2=C(N=C1NC)C1=CC=CC=C1OC2=O;CC1=CC=C(O[C@@H]2O[C@H](C(=O)O)[C@@H](O)[C@H](O)[C@H]2O)C=C1C;CC1=CC=CC(O[C@@H]2O[C@H](C(=O)O)[C@@H](O)[C@H](O)[C@H]2O)=C1C;Cc1ccc(-c2cc3c(ccc4oc5ccccc5c43)o2)cc1;CC(=O)NC1=CC(C2=NC3=CC(CO)=CC=C3O2)=CC=C1O
m_c933b7,COC(C)CS(=O)(=O)N1CCC(Nc2ccccc2F)CC1;CCCCCCCC1=CC=C(C(=O)OC2=CC=C(Cl)C=C2)C=C1;Clc1ccc(OCCCCOc2ccc3c(c2)CCCC3)cc1;CCOc1ccc(NC(=O)N2CCC(c3cccs3)CC2)cc1;CCCCCCOc1ccc(C(=O)c2ccc(O)cc2O)c(O)c1;CCCCCCCC(=O)NC(Cc1c[nH]c2ccccc12)C(=O)O;CCCCCCOC(=O)c1ccccc1C(=O)OCc1ccco1;COC1=CC(CCCOC(=O)CCC2=CC=C(O)C=C2)=CC=C1O;CC(Oc1ccc(O)cc1)C(=O)OCCCOCc1ccccc1;CC(=O)OC1=CC=C2C(=C1)CCC1C2CCC2(C)C(O)C(O)CC12;O=C(COc1ccc(C(=O)NC2CCCC2)cc1)NC1CCCC1;Cc1cnc(C2CCN(C(=O)CCc3ccc(O)cc3)CC2)s1;O=C(NCCCOCCc1ccccc1)NCc1ccc(F)cc1;Oc1ccccc1OCCCCCCCCOc1ccccc1O;CC12CCC3C4=CC=C(O)C=C4CCC3C1CCC2(O)C#CCl;O=C(COc1ccc(C(=O)N2CCCC2)cc1)NC1CCCCC1;COc1ccc(CCNC(=O)N2CCC(c3cccs3)C2)cc1;Cc1ccc(CC(=O)N2CCN(C(=O)C3CCCCO3)CC2)cc1;CN1CCN(C(=O)c2ccc(CNC(=O)N3CCCC3)cc2)CC1;CCOc1ccccc1C(=O)NCCN1CCc2sccc2C1;Cc1ccc(OCC(=O)NCCNC(=O)c2ccc(F)cc2)cc1;COc1ccccc1C(=O)N1CCN(C(=O)Cn2cnnn2)CC1;C=C(C)C(=O)OCCOCCOCCOCCOC(=O)C(=C)C;O=C(NCCc1ccc(O)cc1)C(=O)NCCc1ccc(F)cc1;O=C(CCCCC1=CC=C(O)C(O)=C1)CCC1=CC=C(O)C(O)=C1
m_c9a4bc,O=C1CCCC(C(=O)Nc2ccn(-c3ccccc3Cl)n2)N1;O=C(c1ccccc1)c1cc(O)c(O)cc1C(=O)c1ccccc1;O=C(Cc1cccc(F)c1)NC(Cc1ccc(F)cc1)C(=O)[O-];CC(C)=CCC1=CC(CCC(=O)O)=CC(C/C=C(/C)CO)=C1O;Cc1ccc(CC(NC(=O)c2ccccc2)[P+]([O-])([O-])O)cc1;O=C(Cc1c(F)cccc1F)NC(Cc1ccccc1)C(=O)[O-];CC(=CCC1=C(O)C=C(C)C=C1O)CCC=C(C)CCC(=O)O;N#Cc1cc(C#N)cc(C(=O)NC(Cc2ccccc2)C(=O)[O-])c1;O=C(OC1=CC=C(OC(=O)C2=CC=CC=C2)C=C1)C1=CC=CC=C1;O=C(OC1=CC=CC=C1)C1=CC=CC=C1C(=O)OC1=CC=CC=C1;NC(=O)COC(=O)C(Cc1ccccc1)NC(=O)C(F)(F)F;O=C(Cc1ccc(F)cc1)NC(Cc1cccc(F)c1)C(=O)[O-];Cc1ccccc1S(=O)(=O)NC(Cc1ccccc1)C(=O)[O-];O=C(Oc1ccccc1OC(=O)c1ccccc1)c1ccccc1;CCCCCC(=O)C(Cc1ccccc1)C(=O)CCC(=O)OC;O=C(NC(Cc1ccccc1)[PH](=O)[O-])OCc1ccccc1;COC(=O)C(Cc1ccc(Cl)cc1)NC(=O)c1ccccn1;Cc1ccc(S(=O)(=O)CC(=O)C(O)Cc2ccccc2)cc1;O=C(Oc1ccccc1)c1cccc(C(=O)Oc2ccccc2)c1;O=C(Nc1cnc(N2CCOCC2)nc1)c1cccc(Cl)c1;O=C(CCc1cccc(F)c1)NC1CCN(C(=O)C2CC2)CC1;CCOCC(=O)NC(Cc1ccc(C(F)(F)F)cc1)C(=O)[O-];O=C(Cc1ccccc1)NC(c1ccccc1)P(=O)([O-])CO;O=C(OOC(=O)c1ccc(-c2ccccc2)cc1)c1ccccc1;CC/C=C/C/C=C/C/C=C/CCCCCCCC(=O)O.[Ca+2]
m_c9c302,COc1ccc(C)c2c1N(C(=O)C1CCN(C(=O)N(C)C)CC1)CCC2;NC(N)=NCCCCCCC(=O)NCC(O)CC(=O)NCCC(=O)O;CC(C)C[C@H](NC(=O)[C@@H](O)CC(=O)O)C(=O)NCCCCNC(=N)N;NCCCCC(NC(=O)C(CCCN=C(N)N)NC(=O)CN)C(=O)O;NCCCCC(NC(=O)CN)C(=O)NC(CCCN=C(N)N)C(=O)O;O=C(NC1CCCCC1)NC1CCN(C(=O)Cc2ccc(O)cc2)CC1;CC(C)C(N)C(=O)NC(CC(N)=O)C(=O)NC(CCCCN)C(=O)O;CNC(=O)C1CCC(NC(=O)N2CCC(c3ccc(OC)cc3)C2)CC1;O=C(Nc1ccccc1C(=O)N1CCOCC1)NC1CCCCCCC1;Cc1ccc(OCC(=O)NC2CCN(C(=O)NC3CCCC3)CC2)cc1;CC1(C)C(=O)NCCN1C(=O)CC1(O)CCCN(Cc2ccccc2)C1;COc1cccc(C(=O)NC2CCN(C(=O)NC3CCCCC3)CC2)c1;O=C(CC(=O)NC1CCCCCC1)Nc1ccccc1N1CCOCC1;Cc1ccc(CN(C(=O)CN2CCCC(O)(CC(N)=O)C2)C2CC2)cc1;COc1ccccc1C(=O)NC1CCCN(C(=O)NC2CCCCC2)C1;CCN1CCOC(C(=O)N2CCC(NC(=O)c3ccccc3C)CC2)C1;CCc1ccc(OCC(=O)N2CCC(NC(=O)N3CCCC3)CC2)cc1;CN1CCCC1CCNC(=O)N1CCC(c2ccccc2C(=O)O)CC1;NC(=O)c1cccc(CCNC(=O)N2CCC(OC3CCCC3)CC2)c1;CC(=O)Nc1ccc(C(C)=NOCC(=O)NC2CCCCCCC2)cc1;CC(C)(O)C1CN(C(=O)NC2CCN(C(=O)CCc3ccccc3)C2)C1;CC(C)CC1CC(NC(=O)Nc2cccc(C(=O)NC3CC3)c2)CCO1;NC(=O)COc1cccc(CNC(=O)N2CCC(C3CCCC3)CC2)c1;O=C(COc1ccccc1)NC1CCCN(C(=O)NC2CCCCC2)C1;COc1cccc2c1CCC2NC(=O)N1CCCC1CN1CCOCC1
m_c9c422,O=C(NC1(C(=O)O)CCSC1)c1ccc2c(c1)OCCCO2;COc1cc(S(=O)(=O)Nc2ccccc2O)c(OC)cc1C;COC(=O)C1=CC=CC(NC(=O)C2=CC3=CC=CC=C3OC2=O)=C1;CC(=O)c1ccc(OC(=O)c2cc(O)nc3ccccc23)cc1O;COc1ccc(S(=O)(=O)Nc2ccccc2)c(OC)c1OC;CCOC(=O)c1csc(-c2cc(OC)c(OC)c(OC)c2)n1;COc1ccc(S(=O)(=O)Nc2ccc(C)c(O)c2)cc1OC;COc1ccc(Cc2nnc3sc(-c4ccccn4)nn23)cc1;COc1ccc(C)cc1NCCCc1c(Cl)cccc1Cl;CC(=O)Nc1ccc(C(=O)c2cc3ccc(O)cc3oc2=O)cc1;CCCCOc1ccc(CNc2cc(Cl)cc(Cl)c2)cc1;CC(=O)c1ccccc1OC(=O)CN1C(=O)c2ccccc2C1=O;CCCCOc1ccc(NCc2cc(Cl)cc(Cl)c2)cc1;COC1=CC=C2C(=C1OC)C(=O)N1C2SC(C)(C)[C@H]1C(=O)O;CCCCOc1cccc(NCc2cc(Cl)cc(Cl)c2)c1;COC(=O)C1=CN(C(=O)C2=CC=C3OCOC3=C2)C2=CC=CC=C12;O=C(ON1C(=O)CCC1=O)C1=CC=C(C(=O)C2=CC=CC=C2)C=C1;COC1=CC=C(C(=O)NCCN2C=NC3=CC=CC=C3C2=O)C=C1;O=C(Nc1ccc(Nc2ccccc2)cn1)c1ccc(Cl)cc1;COc1ccc(C)cc1NCCCc1ccc(Cl)cc1Cl;O=C(Cc1ccc(Cl)cc1)Nc1cnc(-c2ccccc2)nc1;CCOc1ccccc1-c1nn2c(-c3ccncc3)nnc2s1;COc1cc(Cl)c(C)cc1NCCCc1cccc(Cl)c1;CCCCOc1ccccc1CNc1cc(Cl)cc(Cl)c1;COc1ccc(Cc2nn3c(-c4cccnc4)nnc3s2)cc1
m_cad5a6,CNS(=O)(=O)c1ccc2c(c1)CCN2Cc1cnc(C2CC2)s1;COC1=CC=C(C2=C(CC(=O)O)C3=C(O2)C2=CC=CC=C2NC3=O)C=C1;CC1=CC(=O)OC2=CC(OCCN3C(=O)C4=CC=CC=C4C3=O)=CC=C12;CC[C@H](C)[C@@H](CO)NC(=O)CC1=C(C)C2=C(O)C=C(O)C=C2OC1=O;COc1ccc(-c2nc(COc3ccc4ccc(=O)oc4c3)co2)cc1;O=c1c([O-])c(-c2ccc(O)cc2)oc2cc(CC3CCCCC3)ccc12;CCCCCCCCCCC(=O)NC(Cc1ccc(O)cc1)C(=O)O;O=C([O-])c1cc2ccccc2cc1OC1C(O)OC(CO)C(O)C1O;CC1=CC2=C(C=C1OCC(N)=O)C(C1=CC3=CC=CC=C3O1)=CC(=O)O2;CCOC1=CC=C2OC(C3=CC=CC=C3)=C(C(=O)N3CCCCC3)C2=C1;COC1=C(O)C=CC2=C1C(=O)N(C)C1=C3C=C4OCOC4=CC3=CC=C21;COC1=CC(OC)=C2C(C)=C(CC(=O)NC(C)(C)CO)C(=O)OC2=C1;O=C(O)C[C@H](NC(=O)CCN1C(=O)NC2=CC=CC=C2C1=O)C(=O)O;COc1ccc(-c2coc3cc(OCc4ccon4)ccc3c2=O)cc1;CC1=C(C2=CC=CC=C2)OC2=C(C(=O)NCCC(C)C)C=CC=C2C1=O;O=C1C(C2=CC=CC=C2)=COC2=CC(OCCN3CCCCC3)=CC=C12;COC1=CC2=C(C=C1O)C(=O)N(C)C1=C3C=C4OCOC4=CC3=CC=C21;CSCC[C@H](NC(C)=O)C(=O)OC1=CC=C2C(C)=CC(=O)OC2=C1;CCc1ccccc1S(=O)(=O)NC(Cc1ccc(O)cc1)C(=O)O;COc1ccc(-c2nc(COc3ccccc3C(F)(F)F)co2)cc1;COCc1c(C(=O)Nc2ccc(C(F)(F)F)cc2)oc2ccccc12;CN1C(=O)NC(=O)C2=C1N=C(NCCO)N2CC1=CC=C(Cl)C=C1;COC1=C(OC(C)=O)C=C2C(=O)N(C(C)=O)C3=C2C1=C1C=CC=CC1=C3;O=C(OCC1OC(n2ncc(=O)[nH]c2=O)C(O)C1O)c1ccccc1;O=C1c2ccccc2C(=O)N1CCCOc1cc(=O)oc2ccccc12
m_cc35ab,CC(C)CN1CC(C(=O)N2CCC(c3ccccn3)C2)CC1=O;O=C(CCc1c[nH]c2ccccc12)NCCCN1CCOCC1;CCCCCNC(=O)CC(=O)NCCc1c[nH]c2ccccc12;CC(O)C1CCN(C(=O)NCCc2c[nH]c3ccccc23)CC1;CCCC(=O)NC(Cc1c[nH]c2ccccc12)C(=O)NC(C)C;CCCN(CCC)C(=O)CNC(=O)Cc1c[nH]c2ccccc12;CC(C)CC(NC(=O)Cc1c[nH]c2ccccc12)C(=O)N(C)C;CC(=O)N(CCCNC(=O)Cc1c[nH]c2ccccc12)C(C)C;O=C(NCCCc1c[nH]c2ccccc12)NCC1(O)CCCC1;CCNC(=O)CN(CC)C(=O)CCCc1c[nH]c2ccccc12;COC1=CC=C2NC=C(CCNC(=O)NC3CCCCC3)C2=C1;O=C(NCCc1c[nH]c2ccccc12)c1ccc2ccccc2n1;CN(CC1CCCC1O)C(=O)NCCc1c[nH]c2ccccc12;O=C(NCCCOCC1CC1)NCCc1c[nH]c2ccccc12;Cc1ccc2c(CCNC(=O)N3CCC(C)C3CO)c[nH]c2c1;COC1CC(C(=O)NCCc2c[nH]c3cc(C)ccc23)N(C)C1;COC1CC(C(=O)NCCc2c[nH]c3cccc(C)c23)N(C)C1;C[C@@H](O)C1=NC(C(=O)NCCC2=CNC3=CC=CC=C23)=CS1;COC1CC(C(=O)NCCc2c[nH]c3c(C)cccc23)N(C)C1;O=C(NCCC1=CNC2=CC=CC=C12)C(=O)NCC1CCCO1;CC(C)C(O)CC(=O)N1CCC(c2c[nH]c3ncccc23)CC1;CCCCCCCCCCC(=O)NC(CCC(=O)O)C(=O)O;O=C(NCCc1c[nH]c2ccccc12)c1ccnc2ccccc12;Cc1cccc2[nH]cc(CCNC(=O)NC3CCC(O)CC3)c12;CC(=O)NC(Cc1c[nH]c2ccccc12)C(=O)N1CCC(O)C1
m_cc95e9,Cc1c(F)cccc1C(=O)NCCc1csc(-c2ccccc2)n1;COc1ccc(C(=O)NCC(=O)NC(CCSC)C(=O)O)cc1;O=C(NCCC[C@H](NC(=O)C1=CC=CC=C1)C(=O)O)C1=CC=CC=C1;Cc1ccc(CC(=O)NCCCCNC(=O)c2cccc(O)c2)cc1;O=C(CCCCCCCCCCBr)c1ccc(O)cc1;O=C(O)C(Cc1ccc(O)cc1)NCCc1c[nH]c2ccc(O)cc12;CCCCOc1ccc(C(=O)NCC(=O)NCc2ccccc2)cc1;CCCCCNC(=O)c1ccc(C(=O)Nc2ccc(OC)cc2)cc1;COc1ccccc1N1CCC(NC(=O)Cc2ccc(O)cc2)CC1;O=C(O)c1ccc(O)c(NC(Cc2c[nH]c3ccccc23)C(=O)O)c1;COc1ccc(C(=O)NCCNC(=O)CCc2ccc(C)cc2)cc1;O=C(CCNC(=O)c1ccccc1)NCCCCOc1ccccc1;COC(=O)C(Cc1ccccc1)NC(=O)c1ccc(NC(C)=O)cc1;COC(=O)c1ccc(CNC(=O)CCNC(=O)c2ccccc2)cc1;O=C1COc2ccc(C(=O)NCCc3cccc(C(=O)O)c3)cc2N1;O=C(NC(CO)Cc1ccc(O)cc1)c1ccc(C(F)(F)F)nc1;Cc1ccc(C(=O)NCC(=O)NCCCCOc2ccccc2)cc1;CCCCNC(=O)c1cccc(NC(=O)c2ccc(OCC)cc2)c1;O=C(N[C@@H]1CN(CC2=CC=CC=C2)CCC[C@H]1O)C1=CC=C(O)C=C1;CC(=O)NNC(=O)COC(=O)c1ccc(C(=O)c2ccccc2)cc1;CCCCOc1ccc(C(=O)Nc2ccc(C(=O)NCC)cc2)cc1;O=C(CCC(NCc1ccccc1)C(=O)O)NC(CS)C(=O)O;CCCCOc1ccc(C(=O)NCc2ccc(C(=O)NC)cc2)cc1;CCOc1ccccc1N1CCN(C(=O)Cc2ccc(O)cc2)CC1;COC1=CC=C(N2C(C)=NC3=CC=C(OCC(=O)O)C=C3C2=O)C=C1
m_cd50d8,Cc1cnn(C)c1S(=O)(=O)N1CC2(CCCC2)OCC1CN(C)C;COC1=CC=C(/C=C/C(=O)O)C=C1OC1OC(CO)C(O)C(O)C1O;CC1=C(C2=CC=CC=C2)C(=O)C2=CC=C(OC(=O)C3=CC=CC=C3)C=C2O1;COC1=CC(/C=C/C(=O)O[C@@H]2O[C@H](CO)[C@@H](O)[C@H](O)[C@H]2O)=CC=C1O;COC1=CC(/C=C\C(=O)O)=CC=C1O[C@@H]1O[C@H](CO)[C@@H](O)[C@H](O)[C@H]1O;COC1=CC=C(/C=C/C(=O)O)C(O[C@@H]2O[C@H](CO)[C@@H](O)[C@H](O)[C@H]2O)=C1;COC(=O)/C=C/C1=CC=C(O[C@@H]2O[C@H](CO)[C@@H](O)[C@H](O)[C@H]2O)C(O)=C1;CC1=CC=C(C(=O)OC2=CC=C3C(C4=CC=CC=C4)=CC(=O)OC3=C2)C=C1;COC1=CC=C(/C=C/C(=O)O[C@@H]2O[C@H](CO)[C@@H](O)[C@H](O)[C@H]2O)C=C1O;COC1=CC=C(/C=C/C(=O)OC2OC(CO)C(O)C(O)C2O)C(O)=C1;COC1=CC(/C=C/C(=O)O[C@H]2C(O)O[C@H](CO)[C@@H](O)[C@@H]2O)=CC=C1O;COC1=CC(/C=C/C(=O)[C@@]2(O)O[C@H](CO)[C@@H](O)[C@H](O)[C@H]2O)=CC=C1O;COC(=O)/C=C/C1=CC(O)=CC(O[C@@H]2O[C@H](CO)[C@@H](O)[C@H](O)[C@H]2O)=C1;COC1=CC(/C=C/C(=O)OC[C@H]2O[C@@H](O)[C@H](O)[C@H](O)[C@@H]2O)=CC=C1O;CC1=C(C2=CC=CC=C2)C(=O)OC2=CC=C(OC(=O)C3=CC=CC=C3)C=C12;COC1=CC(/C=C/C(=O)C(=O)[C@H](O)[C@@H](O)[C@H](O)[C@H](O)CO)=CC=C1O;COc1ccc(CCNC(=O)N2CCC(Oc3ncccn3)CC2)cc1;Cc1ccc(CC(=O)NCCCCCNC(=O)c2ccccc2F)cc1;O=C(COC1=CC=C2C(=O)C(C3=CC=CC=C3)=COC2=C1)C1=CC=CC=C1;CCCCCNC(=O)c1ccc(C(=O)NCCc2ccccc2F)cc1;COc1ccc(CCNC(=O)NC(c2ccc(F)cc2)C2CCC2)cc1;CCCCOc1cc(C(=O)OC)ccc1CCCc1ccc(OC)cc1;CC(C)CCNC(=O)c1ccc(C(=O)NCCc2ccc(F)cc2)cc1;COc1ccc(NCC(=O)N2CCC(Cc3ccc(F)cc3)CC2)cc1;CC1CC(NC(=O)COc2ccc(F)cc2)CCN1Cc1ccccc1
m_cd6458,O=C(O)C1Cc2ccccc2CN1C(=O)c1cnn(-c2ccc(Br)cc2)c1;COc1ccc(CCNC(=O)C(Br)Cc2ccccc2Cl)cc1OC;CCCCC(NC(=O)CNS(=O)(=O)c1cc(Cl)cc(Cl)c1[O-])C(=O)OC;O=C(OC1CCCCC1)c1ccc(NC(=O)c2c(Cl)ccc(Cl)c2Cl)cc1;COc1cccc(NC(=O)CCCOc2cc(C)c(Cl)c(C)c2Br)c1;O=C(COc1ccc(Br)cc1)Nc1ccccc1C(=O)Nc1cccnc1;CCOc1ccccc1CCCNC(=O)COc1ccc(Br)cc1Cl;Cn1c(SCC(=O)Nc2ccc(OC(F)F)c(Cl)c2)nc2ccccc2c1=O;CCCCOc1ccc(C(=O)Nc2c(C)cc(Br)cc2Cl)cc1OC;COC(=O)CS(=O)(=O)C1CCN(S(=O)(=O)c2ccc(OC)c(Cl)c2)CC1;CCOc1cc(C(=O)N2CCN(c3nccs3)CC2)cc(Br)c1OC;O=C(CSc1nc2ccccc2n1C(F)F)Nc1cc2c(cc1Cl)OCCO2;O=C(Nc1ccccc1C(=O)Nc1nc2ccc(F)cc2s1)c1ccc(Cl)cc1;COC1=CC=C(C2=C(S(=O)(=O)C3=CC=CC=C3)C(C(=O)C3=CC=CS3)=NO2)C=C1;CC(OC(=O)C1CC(=O)N(C)C1c1ccccc1)c1ccc(Cl)c(Cl)c1Cl;O=C(NCCOc1ccc(Cc2ccccc2)cc1Cl)OCCCBr;C[NH+](C)Cc1cn2c(=O)c([O-])c(C(=O)CCc3ccc(Cl)c(Cl)c3)nc2s1;COCc1cnc2c(c1SCc1ccc(Cl)cc1Cl)c(=O)n(C)c(=O)n2C;COc1cc(COC(=O)CN2C(=O)c3ccccc3C2=O)cc(Cl)c1OC(F)F;O=C(CN1C(=O)c2ccc(Br)cc2C1=O)NCCc1c[nH]c2ccccc12;O=C(COc1cccc(Br)c1)N1CCC(Oc2ccc(F)cc2F)CC1;CCCN(Cc1nnc(-c2cccs2)o1)C(=O)COc1cc(Cl)cc(Cl)c1;CCC(=O)NC(=S)Nc1ccc(NC(=O)c2cc(Cl)cc(Cl)c2OC)cc1;O=S(=O)(O)O/N=C(\CC1=CC=C(O)C=C1)S[C@@H]1O[C@H](CO)[C@@H](O)[C@H](O)[C@@H]1O;Cn1ccnc1S(=O)(=O)C1CCN(C(=O)Cc2ccc(Br)cc2)CC1
m_ce56d4,O=C1CCCN1c1cccc(-c2csc(-c3cnccn3)n2)c1;O=C(CC1=CNC2=CC=CC=C12)NC(CC1=CC=CC=C1)C(=O)O;O=C(CC1=CC=CC=C1)N[C@@H](CC1=CNC2=CC=CC=C12)C(=O)O;CCCCCC1=CC(OC)=C2C[C@@H](C(C)(C)O)OC2=C1C(=O)O;COc1cccc2[nH]cc(CC(=O)NC3CCC(F)(F)CC3)c12;COC(=O)C1=CC=CC=C1NC(=O)C1=CNC2=CC=CC=C2C1=O;N#Cc1ccc(C(=O)NC2CCC(Oc3ncccn3)CC2)cc1;O=C(Cc1c[nH]c2ccc(Cl)cc12)NCC1CCSCC1;CCCC(=O)NCCc1sc(-c2ccc(Cl)cc2)nc1C;CC(C)(Oc1cccc(CCCCCCCC(=O)O)c1)C(=O)O;CCCCCC1=CC(OC)=C2C[C@@H](O)C(C)(C)OC2=C1C(=O)O;CC(NC(=O)CCc1ccccc1Cl)C(=O)NC1CCCC1;CCCC(=O)Nc1ccc(Cl)c(C(=O)NC2CCCCC2)c1;CCCCCCCC(=O)C1=C(O)C=C(O)C=C1CC(=O)OCC;O=C(CCCCC(=O)OC(=O)C(O)CO)OC(=O)C(O)CO;O=C(/C=C\C1=CC=C(O)C=C1)NCCC1=CNC2=CC=C(O)C=C12;CC1=C(O)C=C(O)C2=C1C[C@@H](CCCCCCC(=O)O)OC2=O;CCOC(=O)C1=C(O)C=C(O)C=C1CCCCCCCC(C)=O;CCCCCCCCCC(=O)OOC(=O)c1ccccc1OC;O=C(CCCC1=CNC2=CC=CC=C12)NC1=CC=C2OCOC2=C1;CCCCCC(=O)c1c(O)cc(O)c(C(=O)CCCCC)c1O;O=C(O)/C=C/C1=CC=C2OC(C3=CC=CC=C3)=C(CC(=O)O)C2=C1;COc1ccc(NCCC(=O)Nc2ccccc2F)cc1Cl;Cc1ccn(Cc2ccc(OCC(F)(F)F)cc2)c(=O)c1C#N;CCCCCCC[C@@H]1CC2=C(C)C(O)=C(C(=O)O)C(O)=C2CO1
m_ced31c,Cc1noc(C2CC(=O)N(C3CN(c4nc(C)nc(C)c4F)C3)C2)n1;C/C(=C/CO[C@@H]1O[C@H](CO)[C@@H](O)[C@H](O)[C@H]1O)CC/C=C(/C)C(=O)O;C[C@H]1CC[C@@H]2[C@@H](CO[C@@H]3O[C@@H](CO)[C@H](O)[C@@H](O)[C@H]3O)COC(=O)[C@@H]21;CC1=C(C(=O)O)C(C)(C)CC[C@H]1O[C@@H]1O[C@H](CO)[C@@H](O)[C@H](O)[C@H]1O;CC1=C(C(=O)O[C@@H]2O[C@H](CO)[C@@H](O)[C@H](O)[C@H]2O)C(C)(C)CC[C@@H]1O;CC1(C)[C@@H]2C[C@@]1(O[C@@H]1O[C@H](CO)[C@@H](O)[C@H](O)[C@H]1O)CC(=O)[C@]2(C)O;C/C(=C\CO)CC/C=C(\C)C(=O)O[C@@H]1O[C@H](CO)[C@@H](O)[C@H](O)[C@H]1O;C[C@]1(CO)C(=O)[C@@]2(CO[C@@H]3O[C@H](CO)[C@@H](O)[C@H](O)[C@H]3O)CC[C@@H]1C2;CC1(C)CC(=O)C=C(CO)[C@H]1CO[C@@H]1O[C@H](CO)[C@H](O)[C@H](O)[C@H]1O;C[C@]1(CO)C(=O)[C@]2(C)C[C@H]1C[C@H]2O[C@@H]1O[C@H](CO)[C@@H](O)[C@H](O)[C@H]1O;CC1(C)CC(=O)C=C(CO[C@@H]2O[C@H](CO)[C@@H](O)[C@H](O)[C@H]2O)[C@H]1CO;C[C@H]1CC[C@@H]2C(CO)=CO[C@@H](O[C@@H]3O[C@H](CO)[C@@H](O)[C@H](O)[C@H]3O)[C@@H]21;CC1=C(C=O)C(C)(C)C[C@H](O)[C@@H]1O[C@@H]1O[C@H](CO)[C@@H](O)[C@H](O)[C@H]1O;CC1=C(C(=O)O)C(C)(C)C[C@@H](O[C@H]2O[C@@H](CO)[C@H](O)[C@H](O)[C@@H]2O)C1;CC1=C(C(=O)O)C(C)(C)C[C@H](OC[C@H]2O[C@@H](O)[C@H](O)[C@@H](O)[C@@H]2O)C1;C=C[C@@](C)(O)CC/C=C(\C)C(=O)O[C@@H]1O[C@H](CO)[C@@H](O)[C@H](O)[C@H]1O;CC1(C)CC(=O)[C@@H]2O[C@]2(C)[C@@H]1CO[C@@H]1O[C@H](CO)[C@@H](O)[C@H](O)[C@H]1O;CC=C(C)C(=O)OC1C(OC(=O)CC(C)C)OC(CO)C(O)C1O;Cc1c(OC2OC(CO)C(O)C(O)C2O)cccc1-c1ccccc1;C[C@H]1C(=O)OC[C@H]2[C@@H]1CC[C@@]2(C)O[C@@H]1O[C@H](CO)[C@@H](O)[C@H](O)[C@H]1O;CC1(C)[C@H]2CC(=O)[C@@](O)(CO[C@@H]3O[C@H](CO)[C@@H](O)[C@H](O)[C@H]3O)[C@@H]1C2;CC1=CO[C@@H](O[C@@H]2O[C@H](CO)[C@@H](O)[C@H](O)[C@H]2O)[C@@H]2[C@H](C)[C@@H](O)C[C@H]12;C/C(=C\C(=O)O)CC/C=C(\C)CO[C@@H]1O[C@H](CO)[C@@H](O)[C@H](O)[C@H]1O;C[C@@H]1[C@H]2C(=O)OC[C@H](C)[C@H]2C[C@H]1O[C@H]1O[C@@H](CO)[C@H](O)[C@@H](O)[C@@H]1O;CC1CC=C(C(=O)O)CCC1(C)OC1OC(CO)C(O)C(O)C1O
m_cfb3df,CCN(C1CCN(c2ccccc2)C1=O)S(=O)(=O)c1cccc2cnccc12;Cc1c(Cl)cccc1NC(=O)c1ccc(OCCCOc2ccccc2)cc1;Cc1ccc(OCCOc2ccc(C(=O)Nc3cccc(Cl)c3C)cc2)cc1;Cc1cccc(OCCOc2ccc(C(=O)Nc3cccc(Cl)c3C)cc2)c1;CC(C)COc1ccc(C(=O)Nc2ccc(Oc3ccc(Cl)cc3)cc2)cc1;CN1C(=O)c2ccc(C(=O)N3CCN(C(=O)c4ccccc4F)CC3)cc2C1=O;COc1ccc(NC(=O)c2cc(C(=O)Nc3ccc(F)cc3)ccn2)c(OC)c1;CCCCOC(=O)COc1ccc(C(=O)Nc2cccc(C(F)(F)F)c2)cc1;O=C(c1cccnc1)N1CCN(C(=O)c2nn(-c3ccc(F)cc3)cc2O)CC1;COc1ccc(NC(=O)c2cncc(C(=O)Nc3ccc(F)cc3)c2)c(OC)c1;Cc1cccc(-n2ccnc2SCC(=O)Nc2ccc3c(c2)OCCO3)c1C;O=C(Nc1ccccc1C(F)(F)F)C1CCCN1C(=O)Nc1ccc(F)cc1;COC1=CC2=C(C=C1OC)CN(C(=O)C1=C(C)N=C(C3=CC=NC=C3)S1)CC2;CCOc1ccc(C(=O)Nc2cccc(Cl)c2)cc1COc1ccccc1C;CCOc1ccc(C(=O)Nc2ccc(Cl)cc2)cc1COCc1ccccc1;O=C1CSc2ccc(C(=O)N3CCC(NC(=O)c4ccccc4)CC3)cc2N1;O=C(Nc1ccc(F)cc1)N1CCN(C(=O)c2cccc(C(F)(F)F)c2)CC1;CCc1cc(=O)n(CC(=O)Nc2ccc3c(c2)OCO3)c(-c2cccc(F)c2)n1;O=C(c1ccc2c(c1)OCO2)N1CCCCC1c1nc(-c2ccc(F)cc2)no1;CCCCc1ccc(NC(=O)c2csc(Nc3ccc4c(c3)OCO4)n2)cc1;Cc1ccc(OCCCC(=O)Nc2cc(Cl)ccc2Oc2ccccc2)cc1;CS(=O)(=O)c1ccc(C(=O)Nc2ccc(-c3cn4c(n3)CCCC4)cc2)cc1;O=C(c1cc(-c2ccc3c(c2)OCO3)on1)N1CCN(c2ccc(F)cc2)CC1;COc1ccc(C(=O)Nc2cccc(Cl)c2)cc1COc1ccc(C)c(C)c1;CCOc1cc(C(=O)Nc2cc(Cl)ccc2C)ccc1OCc1ccccc1
m_d01f54,CC(C)n1cnc(S(=O)(=O)Nc2cc(F)c(F)cc2Cl)c1;COc1ccc(Br)c(C(=O)NCCCC(C)(F)F)c1;CCCCCOc1cc(C(=O)[O-])c(Br)c2ccccc12;CCCCOC(=O)c1cn(-c2cccc(C)c2)c(=O)c2ccccc12;CCCCCOC1=CC=C(/C=C/C(=O)OC2=CC=C(C#N)C=C2)C=C1;COC1=CC=C(CNC(=O)CC2=CC=CC3=CC=CC=C23)C=C1OC;COc1ccc2cc(CNC(=O)CCc3ccccc3O)ccc2c1;CCCCc1ccc(C(=O)COC(=O)c2c[nH]c3ccccc23)cc1;CCCCNC(=O)COC(=O)c1c2ccccc2cc2ccccc12;COc1ccc(CCNC(=O)c2ccc3ccccc3c2)c(OC)c1;CCCCNC(=O)C1CC[NH+](Cc2ccc(OC)cc2OC)CC1;COC1=CC=C(CCNC(=O)COC2=CC=CC3=CC=CC=C23)C=C1;CCCCCCCCCCOC(C(N)=O)C(O)C(O)C(O)CO;COc1ccc(OC)c(CC(=O)NCc2ccc3ccccc3c2)c1;CCCCCCCOc1c([O-])c2cc(OCCO)ccc2oc1=O;CCCCC(Nc1cc(F)c(Br)cc1F)C(=O)OC;COC1=CC=C(C2=CC(C(=O)OCC(C)C)=C3C=CC=CC3=N2)C=C1;CCCCOC(=O)c1c(NC(=O)C2CCC2)sc2c1CCCC2;CCCCC(Nc1c(F)cc(Br)cc1F)C(=O)OC;CCCCCCCCC(=O)N(CCO)CC(O)C(O)C(O)CO;Cc1ccc(OCCCNC(=O)c2ccc3ccccc3c2O)cc1;CCCCCCCCCC(=O)NCCCOCCBr;CCCCCCCCCC(=O)N(C)CC(Br)COC;CCOc1ccc(CNC(=O)c2cc3ccccc3cc2OC)cc1;CCCCCCOc1cc(CCCCCCO)cc(OC)c1[N+]#N
m_d07b86,CC1CC(CNS(=O)(=O)c2cc(F)ccc2F)CCO1;NC1=C(OC2OC(CO)C(O)C(O)C2O)C(=O)NC(O)=N1;O=P(O)(O)OCCNC(CO)C(O)C(O)C(O)CO;O=P(O)(O)OCCNCC(O)C(O)C(O)C(O)CO;O=C(O)c1[nH]c(=O)[nH]c(=O)c1NCC(O)C(O)C(O)CO;CCCCO[C@@H]1O[C@H](CO)[C@@H](OC)[C@H](OC)[C@H]1NC(C)=O;CC(=O)NC1C(OC(C)(C)C(C)C)OC(CO)C(O)C1O;COC1=CC=C(C2=CC3=C(C#N)C(N)=NN3C(O)=C2C#N)C=C1;CC(=O)NN1C(=O)N[C@@]2(O[C@H](CO)[C@@H](O)[C@H](O)[C@H]2O)C1=O;CC1=C(C)C2=CC=C(OCC(=O)NCC(=O)O)C=C2OC1=O;COC(=O)CC1=C(C)C2=CC=C(OCC(N)=O)C=C2OC1=O;O=C(O)CCCNC(=O)COC1=CC=C2C=CC(=O)OC2=C1;COC1=CC=C2C(C)=C(CC(=O)NCC(=O)O)C(=O)OC2=C1;CC1=CC(=O)OC2=CC(OCC(=O)NCCC(=O)O)=CC=C12;CC1=CC(=O)OC2=CC(OCC(=O)N[C@H](C)C(=O)O)=CC=C12;COC1=CC=C2C(CC(=O)NCCC(=O)O)=CC(=O)OC2=C1;CC(O)C(NC(=O)c1cc(=O)c2ccccc2o1)C(=O)CO;CC1=C(CC(=O)N(C)CC(=O)O)C(=O)OC2=CC(O)=CC=C12;COC(=O)CNC(=O)COC1=CC=C2C(C)=CC(=O)OC2=C1;CC1=C(CC(=O)N[C@@H](C)C(=O)O)C(=O)OC2=CC(O)=CC=C12;CC1=C(CC(=O)NCCC(=O)O)C(=O)OC2=CC(O)=CC=C12;CCC1=CC(=O)OC2=CC(OCC(=O)NCC(=O)O)=CC=C12;O=C(O)CCCNC(=O)CC1=CC(=O)OC2=CC(O)=CC=C12;CC1=C(CCC(=O)NCC(=O)O)C(=O)OC2=CC(O)=CC=C12;CC1=CC(=O)OC2=CC(O[C@@H](C)C(=O)NCC(=O)O)=CC=C12
m_d1e5ef,O=C(CC1OCCc2ccccc21)NCc1ccc(OCc2ccccc2)cc1;CCCCCCCOC(=O)Nc1nc(=O)n(C2OC(C)C(O)C2O)cc1F;CCCCO[SiH](OCC1OC(n2cc(C)c(=O)[nH]c2=O)CC1O)N(C)C;CC(C)(C)[Si](C)(C)OCc1cn(C2OC(CO)C(O)C2O)c(=O)nc1N;CCCCCCCCCNC(Cc1ccc(OP(=O)(O)O)cc1)C(=O)O;CCCCCCCC(C)NC(Cc1ccc(OP(=O)(O)O)cc1)C(=O)O;Nc1nc(C#CCCC2CCCC2)nc2c1ncn2C1OC(CO)C(O)C1O;[NH3+]C1c2ncn(C3OC(CO)C(O)C3O)c2[NH+]=CN1C1CCc2ccccc21;CN(C)CCN(C)[C@@H]1[C@H](O)[C@H](CO)O[C@@H]1CNS(=O)(=O)C1=CC=CC=C1;O=c1[nH]c2c(n1C1CC(O)C(CO)O1)NC1=[NH+]CN(c3ccccc3)CN1C2;[NH3+]Cc1nc2c(NCc3ccccc3)ncnc2n1C1OC(CO)C(O)C1O;COc1ccc(NC(=O)NC2CCCN(c3cc(C)nn3C)C2=O)cc1OC;CCCCCCCC(=O)NCCOP(=O)(OC)Oc1cccc(CO)c1;CNCC1=CN(C[C@H]2O[C@@H](CC(=O)N3CCC4=CC=CC=C43)[C@H](O)[C@@H]2O)N=N1;CN1CCN([C@H]2[C@@H]3OCC(O3)[C@@H](NC(=O)NC3=CC=CC(C#N)=C3)[C@@H]2O)CC1;CC1=CC=C(N2C(=O)N[C@@H]3CCN(C(=O)CC(C)(C)CC(=O)O)[C@@H]3C2=O)C=C1;O=C(O)CC1(CNC(=O)CCN2C(=O)NC3=CC=CC=C3C2=O)CCCCC1;CC(C)C1=CC=C(N2C(=O)N[C@@H]3CCN(C(=O)CCCC(=O)O)[C@@H]3C2=O)C=C1;COCCCNc1nc2c(c(=O)[nH]c(=O)n2C)n1CCc1ccc(OC)cc1;CCOC(=O)CNC(=O)NC1CCN(c2nc3ccccc3n(C)c2=O)CC1;CCCCCOC(=O)c1ccc(C(=O)N(c2ccccc2)c2ccccc2)cc1;Cn1c(-c2ccc(Cl)cc2)nnc1N1CCN(C(=O)C2CCCCC2)CC1;CN(C)CC1=CN([C@H]2CO[C@H]3[C@@H]2OC[C@H]3OC(=O)NCC2=CC=CC=C2)N=N1;COc1cc(Nc2ccc(NC(=O)C3CCOCC3)nc2)cc(OC)c1OC;CCCCn1c(SCCCCCn2nnc(-c3ccccc3)n2)n[nH]c1=O
m_d1ecad,CCc1nnc2n1CC(NC(=O)CCc1ccc3c(c1)OCO3)CC2;O=C(NCCCCCNC(=O)c1cccc(O)c1)c1cccc(O)c1;C[C@@H](CCCC1=CC=C(O)C=C1)O[C@@H]1O[C@H](CO)[C@@H](O)[C@H](O)[C@H]1O;CC(C)(CCC1=CC=C(O)C=C1)O[C@@H]1O[C@H](CO)[C@@H](O)[C@H](O)[C@H]1O;COc1cc(CNCCc2c[nH]c3ccc(O)cc23)cc(OC)c1O;CCCCCC1=C(O)C=CC(O[C@H]2O[C@H](CO)[C@@H](O)[C@H]2O)=C1CO;COC1=CC=C(CC[C@@H](C)O[C@@H]2O[C@H](CO)[C@@H](O)[C@H](O)[C@H]2O)C=C1;COC1=CC=C(CCNC(=O)N[C@@H](CC2=CC=CC=C2)C(=O)O)C=C1;CCCCCC1=CC(O)=CC(O[C@@H]2O[C@H](CO)[C@@H](O)[C@H](O)[C@H]2O)=C1;O=C(Cc1ccc(O)cc1)NCCCCNC(=O)c1cccc(O)c1;COC1=CC(CCC(=O)/C=C/CCC2=CC=C(O)C(O)=C2)=CC=C1O;COC1=CC(CCC(=O)CC(=O)CCC2=CC=C(O)C=C2)=CC=C1O;CC(C)=CCC1=CC(C(=O)[C@@H](O)CC2=CC=C(O)C=C2)=C(O)C=C1O;Cc1cc(C(=O)N2CCN(C(=O)C(N)Cc3ccccc3)CC2)on1;COC(=O)[C@@H](CC1=CC=CC=C1)NC(=O)NCC1=CC=C(OC)C=C1;CC(O)CCCc1ccc(OC2OC(CO)C(O)C(O)C2O)cc1;Cn1ccc(N2CCCC(NC(=O)C(O)Cc3ccccc3)C2=O)n1;COC1=CC(CCCO)=CC=C1OC1OC(CO)C(O)C(C)C1O;COc1ccc(CC(=O)OCCOCCOCCOCCO)cc1;c1ccc(Oc2ccc(NCCCc3c[nH]c4ccccc34)cc2)cc1;COC1=CC(C(C)C)=CC(OC2OC(CO)C(O)C(O)C2O)=C1C;COc1ccccc1N1CCN(C(=O)Cc2ccc(O)c(O)c2)CC1;CC(C)=CCC1=CC(C[C@@H](O)C(=O)C2=CC=C(O)C=C2O)=CC=C1O;COc1ccc(N2CCN(C(=O)Cc3ccc(O)c(O)c3)CC2)cc1;COc1cc(C(C)C)c(OC2OC(CO)C(O)C(O)C2O)cc1C
m_d258c4,CC1CN(CC(=O)N2CCC(C(=O)N3CCCC3)CC2)C(C)CO1;Cc1nc2cc(NC(=O)c3ccccc3N3CCOCC3)ccc2o1;Cc1cc(OCCN2CCOCC2)nn1-c1ccc2ccccc2c1;O=C(Cn1nc2ncccn2c1=O)Nc1ccccc1C(F)(F)F;CC(C)C1(C)CC1C(=O)N1CCN(C(=O)CN2CCOCC2)CC1;COc1ncccc1CNC(=O)Nc1cnn(Cc2ccccc2)c1;O=C(c1ncccc1C(F)(F)F)N1CCN(c2cnccn2)CC1;CC(=O)NC1CCCN(C(=O)CN2CCC3(CCOCC3)CC2)C1;NC1(C(=O)Nc2ccc3nc(-c4ccccn4)[nH]c3c2)CCOCC1;O=C(Nc1ncc(Cc2ccccc2Cl)s1)N1CCOCC1;O=C(NCc1cc2ccccc2o1)c1ccc(N2CCOCC2)nc1;O=C(c1ccc(N2CCOCC2)cc1)N(Cc1ccccn1)C1CC1;COC1=CC=C2OC(C3=CC=CC=C3)=C(C(=O)N3CCOCC3)C2=C1;O=C(NCc1cnc(-c2ccc(Cl)cc2)s1)N1CCOCC1;Cc1c(C(=O)N2CCOCC2)cccc1-c1ccc2[nH]c(=O)[nH]c2c1;Cc1ncc(C(=O)Nc2cccc(Cl)c2N2CCOCC2)s1;CC1CCCCN1C(=O)CN1CCN(C(=O)C2CCOCC2)CC1;O=C(CCNc1ncc(C(F)(F)F)cc1Cl)N1CCOCC1;Cc1ccc(C)c(NC(=O)Nc2cccc(C(=O)N3CCCC3)c2)c1;CCOC(=O)c1ccc(NC(=S)NCCN2CCOCC2)cc1;CCOc1ccccc1NC(=O)Nc1ccc(-n2ccnc2C)nc1;O=C(Nc1ccc(CN2CCOCC2)cn1)c1cc2ccccc2o1;O=C(c1nnn(Cc2ccccc2)c1-n1cccc1)N1CCOCC1;Cc1cccc(NC(=O)Nc2ccc(C(=O)N3CCCC3)cc2)c1C;CCOc1ncccc1C(=O)Nc1cccc(-c2nncn2CC)c1
m_d274b6,COc1nc(C)cc(C)c1CNC(=O)NC1CCC2(CC1)CC2(F)F;CC(C)(C)NC(=O)CN1CCN(CCSc2ccc(F)cc2)CC1;Cc1ccc(-c2nc(-c3ccccc3)nc(-c3ccc(C)cc3O)n2)cc1;c1ccc(-c2[nH]c3ccccc3c2C(c2ccccn2)N2CCCC2)cc1;COc1ccc(C([NH3+])Cc2ncnn2Cc2ccc(C)cc2)cc1OC;Cc1ccc(C(C)Nc2ncnc3c2ncn3C2CCC(CO)O2)cc1;CCC1OC(n2cnc3c(N)ncnc32)C(OCCOCC[NH3+])C1O;COc1ccccc1-c1nc(C2CCN(CCn3cccn3)CC2)no1;Cc1ccc(Oc2ccc(OCC(=O)N3CC(C)CC(C)C3)cc2)cc1;CCOc1ccc(C(=O)N2CCCCC2)cc1COc1ccc(C)cc1;CCCC(C)C1=C(O)N=C(NC2=NC(C)=C3C=C(C)C=CC3=N2)N=C1O;CCN1c2ccccc2C2C(c3ccc(C)cc3)=NN(c3ccccc3)C21;Cn1nnc2c(N3C4CCC3CC(NC(=O)C3CC35CC5)C4)ncnc21;COc1ccc(NC(=O)COc2ccc(C)cc2)cc1-n1nnnc1C;COc1cccc(CNc2ncnc3c2cnn3C)c1OC1CCCC1;COc1ccc(C(=O)C[NH+]2CCN(C(=O)c3ccc(C)cc3)CC2)cc1;NC1=NC=NC2=C1N=CN2[C@@H]1O[C@H](CO)[C@@H](NC(=O)[C@@H](N)CO)[C@H]1O;Cc1ccc(OCCc2ccc(NC3CCN(C(=O)[O-])CC3)cc2)cc1;COc1ccc(NC(=O)C2(c3ccc(C)cc3)CCCCC2)cc1OC;O=C(NCCc1c(F)cccc1F)N1CCN(C2CCOCC2)CC1;CCC(C)NC(=O)CCn1cnc2c(cnn2-c2ccc(C)cc2)c1=O;COc1cccc(CCC(=O)N2CCC(Oc3ccc(C)cc3)CC2)c1;Cc1ccc(-n2nc(C)c(NC(=O)COc3ccccc3F)c2C)cc1;COC1CN(Cc2ncc(-c3ccc(C)cc3)o2)CC1c1cn(C)nn1;CCCN1CCN(C(=O)CCCNC(=O)c2ccc(F)cc2F)CC1
m_d3998e,Cn1cc(Cl)cc1C(=O)N1CCCC(CCC(=O)O)C1;O=C(Cc1ccccc1)NC(Cc1ccc(O)cc1)C(=O)[O-];C[C@@H]1C[C@H](OC(=O)C2=CC(O)=CC=C2O)[C@H](O)[C@H](O)[C@@H]1O;CCN(CC)C(=O)CCC(=O)Nc1cccc(Cl)c1O;O=C([O-])C(Cc1ccccc1)N=CCc1ccc(O)cc1O;COc1cc(Cl)ccc1CNC(=O)NCC1CCCO1;COc1ccc(Cl)cc1CN1CCN(CC(=O)O)CC1;O=C(O)CN1CCN(CCOc2ccc(Cl)cc2)CC1;O=C([O-])CCCc1ccc(NC(=O)c2ccccc2O)cc1;CN(C(=O)c1ccccc1)C(Cc1ccc(O)cc1)C(=O)[O-];COc1ccc(C(=O)NCCc2cccc(C(=O)[O-])c2)cc1;COc1ccc(CC(NC(=O)c2ccccc2)C(=O)[O-])cc1;COc1cc(Cl)ccc1CNC(=O)N1CCCC(O)C1;CCCNC(=O)CCNC(=O)COc1ccc(Cl)cc1;CC(CCOC(=O)C1=CC=C(O)C(O)=C1)C(O)CC(=O)O;C[C@H](CC(=O)O)OC(=O)C1=C(O)C=C(O)C=C1C[C@@H](C)O;CCNC(=O)C(C)NC(=O)COc1ccc(Cl)cc1C;CC(=O)C1=CC=C(O[C@H]2O[C@H](CO)[C@@H](O)[C@H]2O)C(C)=C1O;COc1cc(C(=O)NCC2CNCCCO2)ccc1Cl;[NH3+]C(COc1cccc(O)c1)c1ccc(C(F)(F)F)cc1;O=C(COc1ccc(C(=O)[O-])cc1)NCCc1ccccc1;O=C1OC2=CC=CC=C2C(C2=CC=CC=C2)=C1C1=CC=CC=C1;CC(=O)C1=CC=CC=C1O[C@@H]1O[C@H](CO)[C@@H](O)[C@H](O)[C@H]1O;CC1=CC=C(C)C(O[C@@H]2O[C@H](C(=O)O)[C@@H](O)[C@H](O)[C@H]2O)=C1;CC(NC(=O)c1cc(O)ccc1Cl)C(=O)NC(C)(C)C
m_d4c45b,COC(=O)c1ccc(C(=O)NC2CCCCC2OC)s1;COc1cc(C=CCNC(CCS)C(=O)O)ccc1O;O=C(O)CCC(=O)NC1=CC=C(C(=O)C2=CC=CC=C2)C=C1;CSC(C)C(=O)Nc1cc(C(=O)O)ccc1OC(C)C;COc1cccc(CN(C)C(=O)C2CCS(=O)(=O)C2)c1;COC1=CC2=C(C=C1O)C(C(=O)C1=CC=C(O)C=C1)=NCC2;C=CC1=CC=C(OC(=O)C2=CC=C(O)C(NC(C)=O)=C2)C=C1;O=CN(C=O)CCOc1ccc(C(=O)c2ccccc2)cc1;CCOC1CC(NC(=O)c2ccsc2)(C(=O)O)C1(C)C;CCOc1cccc(C(=O)N2CCC(S(C)(=O)=O)C2)c1;CC1(C)C2CCC1(C)C(Nc1cc(Cl)cc(Cl)c1)C2;CC1(C)C2CCC1(C)C(Nc1cc(Cl)ccc1Cl)C2;COC1=CC2=CC=NC([C@H](O)C3=CC=C(O)C=C3)=C2C=C1O;COc1ccc(C)cc1S(=O)(=O)N1CC(O)(C2CC2)C1;CCOC(=O)CSCC(=O)Nc1ccc(OCC)cc1;COc1cc2ncnc(Nc3ccc(O)cc3)c2cc1OC;CC(C)COC1CCN(C(=O)c2ccc(C(=O)O)s2)C1;COc1ccccc1CNC(=O)CC1CCS(=O)(=O)C1;COC1=CC=C(/C=C(\NC(=O)C2=CC=CC=C2)C(=O)O)C=C1;COCc1cccc(S(=O)(=O)N2CC3C(CO)C3C2)c1;O=C(O)c1coc(C(=O)N2CC3(CCC3)c3ccccc32)c1;COc1cccc(Cn2c(-c3ccc(O)cc3)n[nH]c2=O)c1;CC(C)c1ccc(C(=O)Oc2ccc3[nH]c(=O)oc3c2)cc1;CS(=O)(=O)c1ccc(OCC(=O)NC2CCCC2)cc1;COC1=CC=C2NC(=O)C(O)(CC(=O)C3=CC=CC=C3)C2=C1
m_d56a4e,Cc1cncc(C(=O)N2CCCC(n3cncn3)C2)c1;Cn1ccnc(N2CCN(c3ccccn3)CC2)c1=O;CCCNc1ccc(C(=O)NCc2ccncn2)nc1;Cc1cc(CNC(=O)c2cccnc2)nc(N(C)C)n1;CC(Cl)C(C)(C)Nc1nccn(C(C)(C)C)c1=O;Cn1c(CNC(=O)c2ccncc2)nnc1C1CCC1;CC(C)CCCNc1cnn(C(C)C)c(=O)c1Cl;Cc1cc(C(=O)NCCNc2cccnc2)nc(C)n1;O=C(Cn1cnnn1)NCC1CCCc2ccccc21;Cc1cccc(N2CCN(c3cnn(C)c3)C(=O)C2)n1;COC1=CC=CC=C1NC(=O)C1=CC=CC=C1C(=O)O;CC(C)CCCCCCNc1cn[nH]c(=O)c1Cl;Cn1nnc(C2(NC(=O)c3ccccc3)CCCC2)n1;CCCNc1cnc(C(=O)Nc2cccnc2C)cn1;Cc1cc(CNC(=O)c2ccncc2)nc(N(C)C)n1;CN1CCN(C(=O)c2ccncc2)CC1c1ncc[nH]1;CN(C)c1ccccc1NC(=O)c1ccc(NN)cn1;CNc1ccc(C(=O)Nc2ccccc2N(C)C)nn1;CCCN(C)c1cnn(CCCCCCl)c(=O)c1;COC1=CC=CC(C(=O)NC2=CC=C(C(=O)O)C=C2)=C1;COc1ccnc(N2CCN(c3cnccn3)CC2)c1;CCCNc1cnc(C(=O)Nc2cccc(C)n2)cn1;CCCCCCNc1cnn(CCC)c(=O)c1Cl;Cn1c(C(=O)NC2CCCC2)nnc1-c1cccnc1;COC1=CC=CC=C1C(=O)NC1=CC=CC=C1C(=O)O
m_d6c1c0,Cc1nn(C)cc1C1CCCN1C(=O)c1cc2cc(F)ccc2[nH]1;CCCCOC(=O)CCC(=O)Oc1ccccc1-c1ccccc1;CCCCCOC(=O)C1=CC=CC=C1C(=O)OCC1=CC=CC=C1;CCCCOC(=O)C1=CC=CC=C1C(=O)OCCC1=CC=CC=C1;Cc1ccc(OC(=O)CCCCC(=O)Oc2ccc(C)cc2)cc1;O=C(O)CCCCCCCC1=CC=C(CCCCC(=O)O)S1;CCCCCCOC(=O)c1ccccc1C(=O)Oc1ccccc1;CCOC(=O)c1cccc(C)c1-c1c(C)cccc1C(=O)OCC;CCOC(=O)C(c1ccccc1)C(C(=O)OCC)c1ccccc1;CCCCCOc1ccc(C(=O)c2ccccc2OC(C)=O)cc1;O=C(Cc1ccccc1)OCCCCOC(=O)Cc1ccccc1;CCCCC[NH2+]C(CC(=O)OCC)C(=O)c1ccc(Cl)cc1;CCCCOC(=O)c1ccccc1C(=O)Oc1cc(C)cc(C)c1;CCOC(=O)CC(=O)c1cccc(OCCCc2ccccc2)c1;CCCC(=O)NC1=CC=C(C(=O)NCC2=CC=C(OC)C=C2)C=C1;CCCCCCOC(=O)c1cccc(O)c1C(=O)c1ccccc1;CCCCCc1ccc(C(=O)Oc2ccc(C(=O)OC)cc2)cc1;CCOC(=O)CCCC(=O)Nc1ccc(Nc2ccccc2)cc1;COc1ccc(CCNC(=O)CCNC(=O)c2ccccc2)cc1;CCCCCCCCC(=O)OCC1COc2cscc2OC1;CCC(C)C(=O)Oc1ccc(CC(=O)c2ccc(OC)cc2)cc1;CCOC(=O)CC(CC(=O)c1ccc(OC)cc1)c1ccccc1;CC(C)=CCOC1=CC(O)=C(C(=O)CCC2=CC=CC=C2)C(O)=C1;CCCCc1ccc(C(=O)Oc2ccccc2OC(=O)CC)cc1;CCCCOc1ccc(C=CC(=O)c2ccc(O)cc2)cc1OC
m_d74296,COC(=O)C(NC(=O)CC(C)c1c[nH]c2ccccc12)c1ccc2c(c1)CCO2;COc1ccc(C(=O)NCC(=O)NC(C)c2cccc3ccccc23)cc1OC;COc1ccc(C(=O)NCC(=O)N(C)Cc2ccc3ccccc3c2)cc1OC;COc1ccc(CC(=O)NC(Cc2ccco2)C(=O)NCc2ccccc2)cc1;COc1ccc(CC(=O)NC(Cc2ccccc2)C(=O)NCc2ccco2)cc1;COC(=O)[C@H](CC1=CC=CC=C1)NC(=O)CCN1C=C(C(C)=O)C2=CC=CC=C21;O=C(NCCCOCCc1ccccc1)c1ccc(NC(=O)c2ccco2)cc1;Cc1ccc(OCC(=O)NC(Cc2ccccc2)C(=O)NCc2ccco2)cc1;CC(C)C(NC(=O)Cc1ccccc1)C(=O)NCc1cccc(C(F)(F)F)c1;O=C(NCCCCNC(=O)c1ncccn1)c1ccc(-c2ccccc2)c(F)c1;COc1ccc(OC)c(NCCC(=O)Nc2ccc(Oc3ccccc3)cc2)c1;O=C(CCCNC(=O)c1ccccc1)Nc1cccc(COCc2ccco2)c1;CC(C)Oc1ccc(CCNC(=O)c2ccc(NC(=O)c3ccco3)cc2)cc1;Cc1ccc2c(c1)C(=O)CC1(CCN(C(=O)CNC(=O)c3ccccc3)CC1)O2;COc1ccc2cc(CN(C)C(=O)CNC(=O)COc3ccccc3)ccc2c1;O=C(NCCCc1ccc(N2CCOCC2)cc1)c1cccc(C(F)(F)F)c1;COc1ccc(C(NC(=O)CCCNC(=O)c2ccco2)c2ccccc2)cc1;CC(C)(CNC(=O)CCNC(=O)c1ccccc1)c1cccc(C(F)(F)F)c1;O=C(COC1=CC=C2C=CC(=O)OC2=C1)NC1CCN(CC2=CC=CC=C2)CC1;Cc1cccc(CNC(=O)c2ccccc2NC(=O)C2=CC(=O)CC(C)(C)O2)c1;COC1=CC=C(CCNC(=O)CN2C=CC=C2C(=O)C2=CC=CC=C2)C=C1OC;CC(C)Oc1ccc(CCNC(=O)c2cccc(NC(=O)c3ccco3)c2)cc1;COC1=CC=C(C(=O)CNC(=O)C2=CN(CC(C)C)C(=O)C3=CC=CC=C23)C=C1;CC(=O)N1C=Cc2ccccc2C1CC(=O)NC(CCC(=O)O)c1ccccc1;COc1ccc(C(C(=O)NCc2ccccc2)N(Cc2ccco2)C(C)=O)cc1
m_d7ad1b,COCCn1c(SCc2ncc(-c3ccccc3)o2)nc2sc3c(c2c1=O)CCC3;CC1CCc2sc(-c3nnc(SCC(=O)c4ccc5c(c4)C(C)C(=O)N5)o3)cc2C1;O=C(C[C@@H]1NC(=O)C2=CC=CC=C2NC1=O)NCCC1=NC(C2=CC=CC=C2Cl)=NO1;CC1=CC=C(/C=C2\OC3=C(C=CC4=C3C(C3=CC5=CC=CC=C5NC3=O)CC(=O)O4)C2=O)O1;COc1cc(Br)c(CC2C3=C(CCN2C=O)CC(OC)(OC)CC3)cc1O;O=C1N=c2ccccc2=C1c1sc(=S)n(NC(=O)C23CC4CC(CC(C4)C2)C3)c1O;CC1CCC(C(C)C)C(OC(=O)C(=CBr)C(O)c2ccc([N+](=O)[O-])cc2)C1;CC(C)(C)OC(=O)N1c2ccccc2C2=CC(=O)CCC21c1ccccc1Br;COC1=C(CO)C(=O)C2=C(C=C(OC)C(CSC[C@@H](NC(C)=O)C(=O)O)=C2O)C1=O;CC(=O)N(OC1OC(CO)C(O)C(O)C1O)c1ccc(Oc2ccc(Cl)cc2)cc1;CCOC(Cc1ccc(OCC=C2c3sccc3CCc3ccsc32)cc1)C(=O)[O-];COc1ccc(Nc2nc(=O)c3c([nH]2)NC(=O)CC3C(=O)Nc2ccc(Cl)cc2)cc1;O=C(Oc1ccc2cc(C(=O)NCc3ccccc3)c(=O)oc2c1)c1cc2ccccc2o1;COC(=O)c1ccc(C2C(c3ccc(F)cc3)=C(O)C(=O)N2c2cc(F)ccc2F)cc1;Cc1cc(Cl)ccc1N1C(=O)C(O)=C(c2cccs2)C1c1ccc(OC(C)C)cc1;CC(C(=O)OC1CCCc2cc(Br)ccc2C1=O)N(C)C(=O)OC(C)(C)C;CC(O)C1C(=O)N2C(C(=O)[O-])=C(Sc3nc(C4=CC[NH2+]C(CF)C4)cs3)C(C)C12;CC(=O)OCC1OC(Sc2nc3ccccc3o2)C(O)C(OC(C)=O)C1OC(C)=O;O=C(COC(=O)c1ccc(S(=O)(=O)N2CCOCC2)cc1)c1ccc2ccccc2c1;CC1CC2CC(C1)CC(C)(C(=O)OC(CS(=O)(=O)[O-])(C(F)(F)F)C(F)(F)F)C2;O=C(Oc1ccc2c(c1)OCO2)C1CCN(S(=O)(=O)c2ccc3ccccc3c2)CC1;COc1ccc(Cl)cc1NC(=O)C1CC(=O)Nc2[nH]c(Nc3ccccc3)nc(=O)c21;CCOC(=O)C1=NN(c2ccccc2)C2(S1)SC(C(C)=O)=C(C)N2c1ccccc1;CC1=CC=C2C(C3=C(NC(=O)C4=CC=C5OCOC5=C4)C4=CC=CC=C4O3)=CC(=O)OC2=C1;C#CCOC1OC(COC(C)=O)C(OC(C)=O)C(OC(C)=O)C1NC(=O)C(F)(F)F
m_d7ecc5,CCOC(=O)c1cc(NC(=O)C(CC)OC)c2ccccc2n1;COc1ccc(CCNC(=O)Nc2ccc(O)cc2)cc1OC;COc1ccc(CNC(=O)COc2ccc(C)nc2)cc1OC;COc1ccc(NC(=O)NCCOc2ccccc2)c(OC)c1;COc1ccc(NC(=O)CNc2ccc(OC)cc2OC)cc1;CCOc1ccc(OCC(=O)Nc2ccc(N)cc2OC)cc1;COc1ccc(COc2ccc(NC(=O)N(C)OC)cc2)cc1;COC1=CC=C(C2=NOC([C@@H](C)NC3CCC3)=C2C(=O)O)C=C1;CCOC(=O)c1ccc(NCc2ccc(OC)c(OC)c2)cn1;CCOc1ccccc1NC(=O)Nc1ccc(OC)cc1OC;COc1ccccc1NC(=O)NC(CO)Cc1ccc(O)cc1;COC(=O)Nc1ccc(NCCOc2ccc(OC)cc2)cc1;O=C(NCCCCc1ccccc1)Nc1cc(O)c(O)c(O)c1;COc1cc(NCC(=O)Nc2ccccc2)cc(OC)c1OC;COc1cc(C(=O)Nc2cc(C)ccc2N)cc(OC)c1OC;NC1=CC=C(/N=N\C2=CC=C(/N=N/C3=CC=C(N)C=C3)C=C2)C=C1;COC1=CC=C(C2=NOC([C@H](C)O)=C2C(=O)N2CCCC2)C=C1;COCCn1c(C)cc(C)c(C(=O)Nc2ccc(O)cc2)c1=O;COc1ccc(OC)c(NCC(=O)Nc2ccccc2OC)c1;COc1cc(C(=O)Nc2cc(N)ccc2C)cc(OC)c1OC;CCOc1ccc(NC(=O)Nc2ccccc2O)cc1OCC;COc1ccccc1Oc1ccc(NC(=O)NCCCO)cc1;Cc1noc(C(C)C)c1C(=O)NC(Cc1ccccc1)C(=O)O;CC(C)(C)Nc1ccc(NC(=O)c2ccc(O)cc2O)c(O)c1;Nc1ccc(OCCCCCOc2ccc([N+](=O)[O-])cc2)cc1
m_d86693,Cc1ccccc1Nc1nc(Cn2ccc(C)c(C#N)c2=O)cs1;COc1ccc(Cl)cc1NCC(=O)NCCc1ccc(F)cc1;NC(=O)c1ccc(C(=O)NCCc2ccc(C(F)(F)F)cc2)cc1;O=C(OCC1=CC=C(COC(=O)C2=CC=CC=C2)O1)C1=CC=CC=C1;O=C(CNC(=O)c1ccc(F)c(F)c1F)NCCc1ccccc1;O=C(NCCOc1ccccc1Cl)NCCc1ccc(F)cc1;COc1ccc(CCNC(=O)CNc2ccc(F)cc2Cl)cc1;CC(CCCCCCCC(=O)O)OC(=O)c1ccccc1C(=O)O;O=C(Oc1ccccc1C(=O)OCCc1ccccc1)c1ccco1;NC(=O)C(CCc1ccccc1)NC(=O)c1c(F)cc(F)cc1F;CCOc1ccc(Cl)cc1NC(=O)NCCc1ccc(F)cc1;COc1ccc(CCCNC(=O)Nc2ccc(F)c(Cl)c2)cc1;CCOc1cccc(C(=O)NCCNc2ccc(F)c(Cl)c2)c1;NC(=O)C(Cc1ccccc1)NC(=O)c1cccc(C(F)(F)F)c1;O=C(NCCc1ccc(Cl)cc1)C(=O)NCCC1CCCCC1;O=C(CC(=O)Nc1c(F)cccc1F)NCCc1ccc(F)cc1;COc1cccc(CCNC(=O)CNc2ccc(F)c(Cl)c2)c1;CCCC(CCCCC(=O)O)COC(=O)c1ccccc1C(=O)O;Cc1nnc(-c2ccc(C(=O)NCCCc3ccc(O)cc3)cc2)[nH]1;COc1ccc(Cn2cc(C(=O)OC(=O)c3ccccc3)cn2)cc1;CC(C)(O)C1CCCN1Cc1csc(-c2ccc(Cl)cc2)n1;CCCC(=O)N1CCC(NC(=O)CCc2ccc(Cl)cc2)CC1;Cc1cccc(CNC(=O)NCCOc2ccc(F)cc2Cl)c1;O=C(NCCc1ccccc1)C(=O)Nc1ccc2oc(=O)ccc2c1;CCOC(=O)C1=CN=C2C=CC=CC2=C1NC1=CC=C(C(=O)O)C=C1
m_d90c36,CCc1n[nH]c(=O)c(CNC(=O)C(C)C(F)(F)F)c1CC;CC1=C(C)C2=CC=C(OCC(=O)NCC(=O)O)C=C2OC1=O;CCCCCCOc1ccc2c([O-])c(OCC)c(=O)oc2c1;O=C(O)CCCNC(=O)CC1=CC(=O)OC2=CC(O)=CC=C12;COC1=CC=C2C(CC(=O)NCCC(=O)O)=CC(=O)OC2=C1;COC1=CC=C2C(C)=C(CC(=O)NCC(=O)O)C(=O)OC2=C1;COc1cccc(OCCNC(=O)Nc2c(C)noc2C)c1;CC1=CC(=O)OC2=CC(OCC(=O)NCCC(=O)O)=CC=C12;CC1=C(CCC(=O)NCC(=O)O)C(=O)OC2=CC(O)=CC=C12;CCC1=CC(=O)OC2=CC(OCC(=O)NCC(=O)O)=CC=C12;CC1=C(CC(=O)N[C@@H](C)C(=O)O)C(=O)OC2=CC(O)=CC=C12;CC1=C(CC(=O)NCCC(=O)O)C(=O)OC2=CC(O)=CC=C12;O=C(O)CCCNC(=O)COC1=CC=C2C=CC(=O)OC2=C1;CC(CC(N)=O)NC(Cc1c[nH]c2ccc(O)cc12)C(=O)O;CC1=CC(=O)OC2=CC(OCC(=O)N[C@H](C)C(=O)O)=CC=C12;COC(=O)CNC(=O)COC1=CC=C2C(C)=CC(=O)OC2=C1;COC(=O)CC1=C(C)C2=CC=C(OCC(N)=O)C=C2OC1=O;CC1=C(CC(=O)N(C)CC(=O)O)C(=O)OC2=CC(O)=CC=C12;CC1=CC(=O)OC2=CC(O[C@@H](C)C(=O)NCC(=O)O)=CC=C12;CC(=O)NN=Cc1ccc(OCC(=O)N2CCOCC2)cc1;CCOC(=O)c1ccccc1NC(=O)CC1NCCNC1=O;COCCN1CCN(c2ccc(OC(F)(F)F)cn2)CC1;NC(=O)c1ccc(OCCC(=O)NC2CCCNC2=O)cc1;O=C(O)CN1CCCCC(NC(=O)Cc2cccnc2)C1=O;NC(=O)c1ccccc1OCC(=O)N1CCC(C(N)=O)CC1
m_daf5f1,N#Cc1ccc(NCC2CCN(CCC(=O)N3CCOCC3)C2)nc1;COc1cc(C)ccc1OS(=O)(=O)c1cccc2cc(C)cnc12;CCCCOc1ccc(C(=O)NCC([NH3+])c2ccccc2)cc1OC;C#CCNC(=O)c1ccc(OS(=O)(=O)c2cc(C)ccc2C)cc1;CCC[NH+](CCOc1ccccc1)CC(=O)Nc1ccccc1OC;Cc1ccc(NS(=O)(=O)c2ccc(C(=O)O)cc2Cl)c(F)c1;CCCCCOc1ccc(CCCNc2cccc(SC)c2)cc1;CCCCCOc1ccc(CCCNc2ccc(O)cc2)cc1OC;COCCCC[NH2+]Cc1cccc(NC(=O)c2ccc(OC)cc2)c1;COc1cccc(C(CNC(=O)COc2ccc(C)cc2)[NH+](C)C)c1;O=C(OCCC(O)C(F)(F)F)c1cc(S(=O)(=O)[O-])ccc1O;CCOc1ccccc1OCCCCCOc1ccc(C(N)=[NH2+])cc1;CCCCCCOc1ccc(-c2nc(N)nc(C)c2C(=O)NN)cc1;CCC[NH+](CC(=O)Nc1cc(OC)cc(OC)c1)Cc1ccccc1;COc1ccc2c(-c3ccc(CNS(N)(=O)=O)cc3)ccnc2c1;[NH3+]CCOc1ccc(CCCCNC(=O)OCc2ccccc2)cc1;COCC[NH2+]CC(=O)Nc1cccc(OCCCc2ccccc2)c1;CCCCOc1ccc(CNC(=O)c2ccc(C[NH3+])cc2)cc1OC;CCCCOc1ccc(NC(=O)N2CCC(n3ccnn3)CC2)cc1;CC(C)=CCCC(C)CNC(CCOC(=O)CCC(=O)O)C(=O)O;COc1ccccc1OCC[NH2+]CCCCNC(=O)c1ccccc1;O=C(COS(=O)(=O)c1cccc(Cl)c1)Nc1ccc(F)cc1;C[C@@H](OP(=O)(O)O)[C@H](NC(=O)CCCCCCS)C(=O)O;CCCS(=O)(=O)Oc1cc2ccccn2c(=O)c1-c1ccccc1;CCCCCCCOc1ccccc1-c1cc(C(=O)NN)nc(N)n1
m_db2018,CN(Cc1ccc(O)cc1)C(=O)Cc1c[nH]c2ncccc12;Nc1nc(Cc2ccc(O)cc2)c(Cc2ccc(O)cc2)[nH]1;COC1=CC=C(CNC(=O)NC2=CC=CC3=C2C=CN3)C=C1;COc1ccc(CCNc2nc3ccccc3c(=O)[nH]2)cc1;CC(NC(=O)N1CCOCC1)C(=O)Nc1ccccc1F;N=C1NC(CC2=CC=C(O)C=C2)=CN1CC1=CC=C(O)C=C1;Cc1ccc(CNC(=O)Cn2c(=O)[nH]c3ccccc32)cc1;COc1cc(F)cc(CNC(=O)NC2CC(=O)N(C)C2)c1;O=C(NCCCc1nc2ccccc2[nH]1)c1ccccc1O;O=c1[nH]c2ccccc2c(=O)n1CCCNc1ccccc1;COc1ccccc1CCNc1nc2ccccc2c(=O)[nH]1;Cc1cc(C)c(CNC(=O)c2c[nH]c3ccccc23)c(=O)[nH]1;O=C(NCCCn1cnc2ccccc21)c1ccccc1O;NCC1CN(c2ccc(N3CCOCC3)c(F)c2)C(=O)O1;O=C1[C@@H]2CC3=C(CN2C(=O)CN1C1CC1)NC1=CC=CC=C31;O=C1c2ccccc2C(=O)N1C1CCCCC1n1ccnc1;Cc1c(C(=O)NN)[nH]c2ccc(OCc3ccccc3)cc12;CC(C(=O)NC(N)=O)N1CCOC(c2ccc(F)cc2)C1;Cc1noc(C)c1NC(=O)NCc1ccc2ccccc2c1;O=c1[nH]c2cc(Nc3ccccc3)ccc2n1C1CCOC1;COc1ccccc1CCC(=O)Nc1nc2ccccc2[nH]1;Oc1ccc2nc(CN3CCC(c4cccnc4)C3)oc2c1;CCC(=O)Nc1cccc(OCc2cn3ccccc3n2)c1;COc1ccccc1OCc1cn(Cc2ccccc2)nn1;O=C(N[C@@H](CN1C=CC(=O)NC1=O)C(=O)O)C1CCCC1
m_db2c0e,O=C(CCc1nc(-c2ccsc2)no1)Nc1ncccc1O;COC1=C(C2=CC=C(O)C(O)=C2)OC2=CC(O)=CC(O)=C2C1=O;O=C1C(CO)=C(C2=CC=C(O)C(O)=C2)OC2=CC(O)=CC(O)=C12;COC1=CC(C2=C(O)C(=O)C3=C(O)C=C(O)C=C3O2)=CC=C1O;COC1=CC=C(C2=C(O)C(=O)C3=C(O)C=C(O)C=C3O2)C(O)=C1;COC1=C(C2=CC=C(O)C(O)=C2)OC2=C(O)C=C(O)C=C2C1=O;O=C(/C=C/C1=CC=C(O)C(O)=C1)OC1=CC=C(C(=O)O)C=C1O;COC1=CC=C(C2=C(O)C(=O)C3=C(O)C=C(O)C=C3O2)C=C1O;COC1=CC(C2=C(O)C(=O)OC3=CC(O)=CC(O)=C23)=CC=C1O;COC1=CC(O)=C2C(=O)C(O)=C(C3=CC=C(O)C(O)=C3)OC2=C1;COC1=CC(O)=CC2=C1C(=O)C(O)=C(C1=CC=C(O)C(O)=C1)O2;COC1=CC(O)=CC=C1C1=C(O)C(=O)C2=C(O)C=C(O)C=C2O1;COC(=O)C1=C(C2=CC=C(O)C(O)=C2)OC2=CC(O)=CC(O)=C12;COC1=CC(C2=CC(=O)C3=C(O)C=C(O)C=C3O2)=CC(O)=C1O;COC1=C(O)C=C(C2=CC(=O)C3=C(O)C=C(O)C=C3O2)C=C1O;COC1=CC(O)=CC2=C1C(=O)C(O)=C(C1=CC=C(O)C=C1O)O2;O=CC1=CC(C2CC(=O)C3=C(O)C=C(O)C=C3O2)=C(O)C=C1O;COC1=CC=C(OC2=C(O)C(=O)C3=C(O)C=C(O)C=C3O2)C=C1;COC1=CC(O)=C(O)C=C1C1=COC2=CC(O)=CC(O)=C2C1=O;COC1=C(O)C(O)=CC2=C1C(=O)C=C(C1=CC=C(O)C(O)=C1)O2;COC1=CC=C(OC2=CC(=O)C3=C(O)C=C(O)C=C3O2)C=C1O;COC1=C(C2=CC=C(O)C(O)=C2)OC2=CC(O)=C(O)C=C2C1=O;COC1=CC(O)=C2C(=O)C=C(OC3=CC=C(O)C(O)=C3)OC2=C1;COC1=C(O)C=CC(C2=COC3=CC(O)=CC(O)=C3C2=O)=C1O;COC1=CC2=C(C(O)=C1O)C(=O)C=C(C1=CC=C(O)C(O)=C1)O2
m_dbd1b2,CCn1cnnc1C1CN(C(=O)COc2ccccc2F)CCO1;CC1=CC2=CC=CC(C)=C2C=C1O[C@H]1O[C@H](CO)[C@H](O)[C@@H](O)[C@H]1O;COC1=CC(C[C@H](O)[C@@H](O)CC2=CC=C(O)C(OC)=C2)=CC=C1O;CCCCCCCCNC(=O)c1c[nH]c2ccc(Cl)cc2c1=O;COC1=C(O)C(OC)=CC(CCC2=CC(OC)=C(O)C(OC)=C2)=C1;OCC(O)Cc1ccc(O)c(-c2cc(CC(O)CO)ccc2O)c1;CC1CCC(NC(=O)C2CC(=O)N(c3ccc(Cl)cc3)C2)CC1;O=C(NCCC(=O)N1CCCCC1)C1CC1c1cccc(Cl)c1;CCOC1(C)CCN(C(=O)Cc2c[nH]c3cc(Cl)ccc23)CC1;CN(C(=O)c1cnn2ccccc12)C1CCN(c2ccccc2)C1=O;CC1CC=CC(O)C(O)CC=CCc2cc(O)cc(O)c2C(=O)O1;Cc1ccc(N2CC(C(=O)NC3CCCCC3)CC2=O)cc1Cl;Cn1cc(N2CCC(NC(=O)c3ccc4ccccc4c3)C2=O)cn1;COc1ccnc(CNC(=O)c2n[nH]c3c2CC(C)OC3C)c1F;Cc1ccc(F)c(OCC(=O)N2CCC(c3nc(=O)[nH][nH]3)CC2)c1;CCCCCCCCCC(=O)CC(=O)CCc1ccc(O)c(O)c1;OC[C@H](CC1=CC=C(O)C(O)=C1)[C@@H](CO)CC1=CC=C(O)C(O)=C1;Cc1ccc(C(=O)NC(C)c2ccc(-c3cncnc3)cc2)c(=O)[nH]1;COc1ccccc1-c1noc(CN(C)Cc2ccc(C#N)cc2)n1;O=C1OC2=CC(O[C@@H]3OC[C@@H](O)[C@@H](O)[C@@H]3O)=CC=C2C2=C1CCC2;O=C(NC1CCN(C(=O)c2ccc(Cl)cc2)CC1)C1CCCC1;O=C(COc1ccc(-c2ccccc2)cc1)N1CC(n2nccn2)C1;CCCCn1c(N)c(N(C)C(=O)c2cccc(F)c2)c(=O)[nH]c1=O;COC1=CC([C@@H](CO)[C@@H](OC)C2=CC=C(O)C(OC)=C2)=CC=C1O;COC1=CC([C@H](CO)CC2=CC(OC)=C(O)C(OC)=C2)=CC=C1O
m_dbd5d0,O=C(NCC(=O)N1CC2CNCC2C1)c1cnc2ccccc2c1O;Cc1cnc(CN2CCN(C(=O)c3ccc4c(c3)OCO4)CC2)nc1;CCCCCNC(=O)c1ccc(C(=O)Nc2ccc(OC)cc2)cc1;CCCCCCC(=O)NNC(=O)COc1cc(C)c(Cl)c(C)c1;COC(=O)C(Cc1c[nH]c2ccccc12)NC(=O)c1cc(C)nn1C;Cc1nc(N2CCCC2)nc(C)c1NC(=O)c1ccc2c(c1)OCO2;O=C(NCc1ccc2c(c1)OCO2)N1CCN(c2ccncc2)CC1;COc1ccc(NC(=O)C2CCCN2C(=O)Nc2cccnc2)cc1;COc1ccc(CCCC(=O)NC(Cc2ccccc2)C(=O)[O-])cc1;COc1ccc(CCNC(=O)N2CCCC(C)(O)CC2)c(Cl)c1;Cc1ncc2c(n1)CN(CC(=O)NCc1ccc3c(c1)OCO3)CC2;COC(=O)c1nn(C)cc1NC(=O)CCCc1c[nH]c2ccccc12;Cc1ccc2[nH]cc(CCC(=O)N3CCN4C(=O)NC(=O)C4C3)c2c1;COC1=CC(NC(=O)CC2=CNC3=CC=CC=C23)=CC(OC)=C1OC;CCCOc1ccc(NC(=O)N2CCC(C(C)O)CC2)cc1Cl;CCC(=O)NCCNC(=O)c1ccc(NC(=O)c2ccccn2)cc1;CC(C)=CCOC1=CC=C(C(=O)OC[C@@H](O)[C@H](O)[C@H](O)CO)C=C1;COc1ccc(NC(=O)C(NC2CCOCC2)C(C)C)cc1Cl;COc1ccc(Cl)cc1NCCC(=O)N1CCC(C(C)O)CC1;O=C(O)c1cnc(C(=O)Nc2ccc(CCN3CCCC3)cc2)cn1;COCCN1CCC(CNC(=O)COc2cccc(Cl)c2)CC1;NC(=O)c1ccc(NC(=O)N2CCC(Oc3ccccc3)CC2)cn1;CCOc1ccc(Cl)cc1CCNC(=O)NC1CCC(O)CC1;CCc1ccc(OCCC(=O)NC(Cc2ccccc2)C(=O)[O-])cc1;Cc1nccnc1N1CCN(C(=O)Cc2ccc(C(=O)O)cc2)CC1
m_dc5eb2,CC(NC(=O)c1ccoc1)C(=O)NC1CCCCCCC1;C[C@@H]([C@@H](O)C1=CC=CC=C1)N(C)CC(=O)N1CCOCC1;COC(=O)[C@@H](CC1=CC=CC=C1)NC(=O)[C@H](N)CC(C)C;CCOC(=O)NC(C(=O)NC(C)c1ccccc1)C(C)C;CC(C)C(NC(=O)CNCCCc1ccccc1)C(=O)O;CCCc1ccc(NC(=O)C(O)C(C)C(=O)N(C)C)cc1;CCOC(=O)C(C(=O)NC(C)c1cccnc1)C(C)(C)C;CC(O)CNC(=O)C(NC(=O)Cc1ccccc1)C(C)C;CCCC(NC(=O)Cc1ccccc1)C(=O)NCC(C)O;CNC(=O)c1ccc(CN(C)C(=O)CC(O)C(C)C)cc1;CCCCCCCNc1ccc(C(=O)NCC(=O)O)cc1;CCC(O)CCNC(=O)c1cccc(C(=O)N(C)CC)c1;CC(C)c1cccc(OC(=O)N(C)C(C(N)=O)C(C)C)c1;COCC(=O)N1CCN(c2ccccc2OC(C)C)CC1;CCOCCCNC(=O)C(=O)NCC(C)c1ccccc1;CCCCCNC(=O)NC(Cc1ccccc1)C(=O)OC;COC(C(=O)N(C)CCN1CCOCC1)c1ccccc1;CCCCCC(C)Nc1ccc(C(=O)NCC(=O)O)cc1;CCOc1ccc(NC(=O)N2CCC(C(C)O)CC2)cc1;Cc1ccc(OCCCC(=O)NCC(=O)NC(C)C)cc1;Cc1ccc(C(NC(=O)OC(C)(C)C)C(=O)N(C)C)cc1;CC(=O)NC(CCCCNCCc1ccccc1)C(=O)O;COc1ccc(CCC(=O)N(C)CC(=O)NC(C)C)cc1;CCN(CC(C)(C)O)C(=O)c1ccc(C(=O)N(C)C)cc1;CC(C)(C)[NH2+]CCC(=O)NC(Cc1ccccc1)C(=O)[O-]
m_dc7be7,O=C(c1ccc(-n2cncn2)nc1)N1CC2(CCCC2)c2ccccc21;COC1=CC=C(CCNC(=O)C2=CC(OC)=C(OC)C(OC)=C2)C=C1;COC1=CC=C(OC)C(C(=O)NCCC2=CC=C(OC)C(OC)=C2)=C1;COc1ccc(CCNC(=O)CCc2ccc(O)c(O)c2)cc1OC;COc1ccc(CCC(=O)NCCc2ccc(O)c(O)c2)cc1OC;CCOc1ccc(OCCNC(=O)c2ccc(OC)c(OC)c2)cc1;COC1=CC=C(OCC(=O)NCCC2=CC=C(OC)C(OC)=C2)C=C1;COC1=CC(C(=O)NCCOC2=CC=C(C)C=C2)=CC(OC)=C1OC;COc1ccc(CN(C)C(=O)c2ccc(OC)c(OC)c2)cc1OC;COC1=CC=C(NCCC(=O)C2=CC(OC)=C(OC)C(OC)=C2)C=C1;COC1=CC(OC)=CC(C(=O)NCCC2=CC=C(OC)C(OC)=C2)=C1;COC1=CC(CCC(=O)NCCC2=CC=C(O)C=C2)=CC(OC)=C1O;COc1cc(CC(=O)NCCc2ccc(OC)c(OC)c2)ccc1O;CCOc1cc(CNC(=O)c2ccc(OC)c(OC)c2)ccc1OC;CCOc1ccc(CNC(=O)c2cc(OC)c(OC)c(OC)c2)cc1;COC1=CC=C(CCNC(=O)COC2=CC=CC=C2OC)C=C1OC;CCCOc1ccc(NC(=O)c2cc(OC)c(OC)c(OC)c2)cc1;COc1ccc(CN(C)C(=O)c2cc(OC)c(OC)c(OC)c2)cc1;CCOc1ccc(C(=O)Nc2ccc(OC)c(OC)c2)cc1OCC;CCOc1ccc(C(=O)Nc2cc(OC)ccc2OC)cc1OCC;COc1ccc(OCC(=O)N(C)Cc2ccc(OC)c(OC)c2)cc1;CCCOc1ccc(OCC(=O)Nc2ccc(OC)cc2OC)cc1;COc1cccc(CCNC(=O)c2cc(OC)c(OC)c(OC)c2)c1;COC1=CC(C(=O)NC2=CC=CC=C2OC(C)C)=CC(OC)=C1OC;COC1=CC(C(=O)NCCOC2=CC=CC=C2C)=CC(OC)=C1OC
m_dd5487,N#CCCCOc1cccc(CNCC2CCCn3ccnc32)c1;O=C(CCCCC(=O)NCc1ccccc1)NCc1ccccc1;O=C(O)CCCCCCC/C=C\CC(=O)/C=C(O)/C=C/CCO;CCCCCCCCCC1=CC=C(OC(=O)C2=CC=CC=C2)C=C1;COC(=O)CCCCCCc1ccc(OCCOCCO)cc1;COC1=CC(CCC(=O)C[C@H](O)C[C@H](C)CCCO)=CC=C1O;C[C@@H](CCC(=O)O)[C@H]1CC[C@H]2[C@H](CCC(=O)O)C(=O)CC[C@]12C;CCCCCCCCCCCCNC(=O)c1cccnc1Cl;CCCCCCNC(=O)c1ccc(NC(=O)c2ccccc2)cc1;O=C(NCCCCCCNC(=O)c1ccccc1)c1ccccc1;CCc1ccc(CCC(=O)N2CCN(c3ncccn3)CC2)cc1;CCOC(=O)C1=C(O)C=C(O)C=C1CCCCCCC[C@H](C)O;CCCCCC/C=C\CCCCCC1=CC(O)=C(Cl)C(O)=C1;O=C(CCc1ccnc(N2CCCC2)c1)NCCc1ccncc1;CC1=CC=C(NC(=O)CCCCC(=O)NC2=CC=C(C)C=C2)C=C1;O=C(CCCc1ccccc1)N1CCC(Nc2cccnn2)CC1;CCCCCCCOc1ccc(C(=O)OCCOC)cc1OC;O=C(CCc1ccccc1)N1CCC(c2nncn2C2CC2)CC1;Cc1ccc(CCC(=O)NCCNC(=O)Cc2ccccc2)cc1;Cc1cccc(NC(=O)CCCCC(=O)Nc2cccc(C)c2)c1;O=C(CC1=CC=CC=C1)NCCCCNC(=O)CC1=CC=CC=C1;CCCCCCCCOc1c(OC)cc(C(=O)OC)cc1OC;CN(C(=O)CCc1ccccc1)N(C)C(=O)CCc1ccccc1;O=C(O)CCCCC=CC=CC=CC(O)C[C@@H]1C[C@@H](O)CCO1;O=C(CCCc1ccccc1)NNC(=O)CCCc1ccccc1
m_de93b1,Cc1ccc(S(C)(=O)=O)cc1S(=O)(=O)N(C)CC1(O)CCC1;O=C(O)C(Cc1ccccc1)N(C(=O)CCCCCO)C(=O)CCCCCO;O=C([O-])CCCCCCCCCCC(=O)OCC(O)C(O)C(O)C(O)CO;CC(=O)OCCCCCCCC=CC(=O)N[C@H](CO)CC1=CC(O)=CC=C1O;CC(C)(C)c1ccc(CCCNC(CCOC(=O)CCC(=O)O)C(=O)O)cc1;CCCCCCCCOC(=O)CCCCCC(=O)Oc1ccccc1[N+](=O)[O-];CCCCCC(=O)Nc1ccc(C(=O)CSc2ncnc3ccccc23)cc1;CCCCCCCCC(C)OC(=O)CCCC(=O)Oc1ccc([N+](=O)[O-])cc1;O=C(O)CN(CCN(CC(=O)O)CC(=O)O)CCN(CC(=O)O)CC(=O)O;CCCN(CCC)C1CC2=CC(OC)=C(OC)C=C2C1.O=C(O)/C=C\C(=O)O;CCCOC(=O)CCCCCCCCC(=O)OCCc1cccc([N+](=O)[O-])c1;CCCCCCCC(=O)NC(=S)Nc1cccc(C(=O)NCCCOC)c1;CCCCCC1SCC(C(=O)OCC(C)C)N1C(=O)c1ccccc1OC;CCCCOc1c(C)c(C=CCCCOc2ccc(F)cc2)nc2ccccc12;CCCCCCCC(=O)NC(=S)NNC(=O)c1ccc(OCC(C)C)cc1;CCOC(=O)CCCCOc1ccc(N(C)c2nc(C)nc3ccccc23)cc1;CCOc1ccccc1N1CCN(C(=S)NCCCCCC(=O)OC)CC1;CCCCC(NC(=O)OC(C)(C)C)C(=O)NC(Cc1ccc(O)cc1)C(=O)[O-];CCCCCCCC(=O)OCC1OC(n2cnc3c(=O)nc(N)[nH]c32)CC1O;CCCCCCCCCCSCC(=O)c1c([O-])c2cc(F)ccc2oc1=O;CCC(O)CCCCCNc1ncnc2c1ncn2C1OC(C=O)C(O)C1O;CCCCc1nnc(COC)n1Cc1ccc(-c2ccccc2C(=O)OC)cc1;CCOc1ccc(C=CC(=O)NC2CCN(C(=O)Nc3ccccc3)CC2)cc1;CCCCCCCCCCC(C(=O)[O-])(N1C(=O)CCC1=O)N1C(=O)CCC1=O;CCCCCC(C)=CCCC(C)=CCCCC(P(=O)([O-])[O-])S(=O)(=O)[O-]
m_ded5eb,CCn1nc(C(=O)N2CCC(OC)CC2)c2ccccc2c1=O;CCCCCCCCCCCC(=O)NC(CC(=O)O)C(=O)O;CCOC(=O)CCc1ccc(NC(=O)c2cc(C)n(C)n2)cc1;CCCCCCCCCCC(=O)NC(CCC(=O)O)C(=O)O;CCC=CCCCNC(CCOC(=O)CCC(=O)O)C(=O)O;CCCCCCCCCC(=O)NC(CCCC(=O)O)C(=O)O;CCCCC(CC)CNC(=O)CC(C)OC(=O)CCC(=O)O;CCCCOc1ccc(C(=O)NCCn2cnccc2=O)cc1;CCCCCCOc1ccc(NC(=O)c2ccc(F)cc2)cc1;NC(=O)NCCCCCC(=O)OCc1cccc2cccnc12;CCOC(=O)CCCNC(=O)COc1cccc2ccccc12;CCOc1ccc(Nc2ncccc2C(=O)NCC(C)O)cc1;CCCCOc1cccc(-c2cc(C(=O)OCC)nc(N)n2)c1;COC(=O)CCCCCNC(=O)c1cn[nH]c1-c1ccccc1;COC(=O)CCCNC(=O)N1CCC2=C(C1)NC1=CC=CC=C21;CCCCCC=CC=CC(=O)NC(Cc1ccccc1)C(=O)O;CCC(CC)C(=O)Oc1ccc(NC(=O)c2cnn(C)c2)cc1;CCCCCCCCCC(=O)CC(=O)NC(CCO)C(=O)O;CCCCCCOc1ccc(NC(=O)c2cccc(F)c2)cc1;Cc1nn(-c2ccccc2)c(C)c1CC(=O)NCCCC(=O)O;CCCCCCOc1cccc(NC(=O)c2ccccc2F)c1;CCC(O)CCNC(=O)c1ccc(=O)n(Cc2ccccc2)n1;COC(=O)CCCCCNC(=O)Nc1cccc2cccnc12;COc1ccc(CNC(=O)Cn2cnc(C(C)C)cc2=O)cc1;CCC(C)(C)C(=O)OCCCCOC(=O)CCCCC(=O)[O-]
m_e138be,CC(O)CN1CCN(c2cccc(F)c2C#N)CC1C;NC(=O)CN[C@@H](CN[C@@H](CC(=O)O)C(=O)O)C(=O)O;Nc1ccc(F)c(NC(=O)N2CC3CCCCC3C2)c1;O=C(NCCc1cc(F)cc(F)c1)c1ccccc1O;O=C(Nc1cc(F)ccc1N1CCCCC1)NC1CC1;CCn1c(CN2CCC(O)CC2)nc2cc(F)ccc21;CN(C)C(=O)N1CCN(C(=O)c2ccccc2O)CC1;O=C(NCCCCC(F)(F)F)c1ccc(O)cc1O;O=C(NC1CCC1)N1CCN(c2ccccc2F)CC1;CC1CN(c2ccccc2F)CCN1C(=O)NC1CC1;O=C(NCCCCNC(=O)C1CC1)c1cccnc1O;CCC(CC(C)CO)Nc1ncnc2ccc(F)cc12;Cc1ccc(O)c(C(=O)NCc2cc(F)ccc2F)c1;CN(C(=O)c1ccc(O)cc1O)C1CC2CCC(C1)[NH2+]2;CC(O)CN1CCN(Cc2ccc(F)cc2C#N)CC1;CC1CC2(CCC2)CN1C(=O)Nc1cc(N)ccc1F;O=C(Nc1cnc(N2CCNCC2)nc1)C1CCCO1;Nc1cccc(C(=O)NCC(=O)N2CCCCC2)c1O;CCOc1cccc(C(=O)Nc2cc(F)ccc2F)c1;COc1ccc2c(c1NC(=O)CCNC(N)=O)CCC2;Cc1ccc(N)c(C(=O)NCCCCCCC(=O)[O-])c1;CCCCc1nnc(NC(=O)c2ccccc2O)s1;NC(=O)N1CCC(NC(=O)C(O)Cc2ccccc2)C1;CC(NC(=O)c1cccnc1N1CCCCC1)C(=O)O;CCn1c(CC(C)C)c(N)c(=O)n1-c1ccc(F)cc1
m_e17598,CCCNC(=O)c1cccc(CNC2CCCc3oc(C)nc32)c1;Cc1nn(C(C)(C)C)c(C)c1S(=O)(=O)NCCC1CCCC1;COc1ccc(S(N)(=O)=O)cc1C(=O)NC1CCN(C)CC1;CCC(C)(C)C(=O)OCCCCc1ccc(S(=O)(=O)[O-])cc1;CC1CCCC(C)[NH+]1CC(C[NH3+])NS(=O)(=O)c1ccccc1;O=C1CCN(C(=O)NCC2CC23CCCc2ccccc23)CCN1;Cc1noc(C)c1NC(=O)N1CCc2ccc(C(C)(C)C)cc2C1;CCCCCCNP(=O)(OCCCC)Oc1ccccc1C;CCCCCCC(=O)Cc1cc(OCC)ccc1S(=O)(=O)[O-];COc1ccc2c(c1)C(C)CN(C(=O)Cc1c(C)n[nH]c1C)CC2;CCn1ccnc1C1CCCCN1C(=O)CCc1ccc(O)cc1;CCOC(=O)C(C)N1CCN(S(=O)(=O)c2cccnc2)CC1;CC(C[NH3+])NS(=O)(=O)c1ccc(OCC2CCCCC2)cc1;CCOC(=O)NS(=O)(=O)c1cnccc1NC1CCCCC1;C[NH2+]CCNS(=O)(=O)c1ccc(OCC2CCCCC2)cc1;CC1CN(C(C)C(=O)Nc2ccc(S(N)(=O)=O)cc2)CCO1;CCOc1ccccc1N1CCN(C(=O)C2(C#N)CCCC2)CC1;COCc1c(C(=O)N2CC(C)CC(C)C2)cnn1-c1ccccc1;CNS(=O)(=O)c1ccc(CNC(=O)N(CCO)C2CC2)cc1;O=S(=O)(NC1CCc2ccccc21)c1ccc2c(c1)CCCC2;Cc1c(C[S+](C)[O-])cccc1NC(=O)C1(c2ccccc2)CC1;CC(OS(=O)(=O)[O-])C(=O)OCCCCCCCCCCF;C1=CC=C(C2=CC(CC3(NCC4CCCCC4)COC3)=NO2)N=C1;Cc1ccccc1S(=O)(=O)N1CC[NH+](CCC[NH+](C)C)CC1;CCCCc1ccc(S(=O)(=O)N2CC[NH+](C)CC2)c(OC)c1
m_e1bfd4,CC(C1Cc2ccccc2O1)N(C)C(=O)c1c[nH]nn1;CCOC(=O)C([NH3+])c1ccccc1-c1ccc(O)cc1;O=C(C[NH2+]CCc1ccccc1)c1ccc(O)c(O)c1;CC(C)(C)OC(=O)C(=O)CC(=O)C(=O)OC(C)(C)C;COc1cc(C(=O)C[NH2+]Cc2ccccc2)ccc1O;CC(C)Nc1ncccc1C(=O)Nc1ncccc1O;CC1=C(C(=O)O)[C@H]([C@@H](O)CCCCC(C)O)OC1=O;CCO[C@@H](C1=CC(OC)=C(O)C(OC)=C1)[C@H](O)CO;O=C([O-])C=Cc1ccc(C(=O)N2CCCCCC2)cc1;[NH3+]CCC(=O)c1ccc(O)c(OCc2ccccc2)c1;CNC(=O)c1ccc(N(C)Cc2ccc(O)cc2)nn1;O=C([O-])C=Cc1ccc(CNC(=O)C2CCCC2)cc1;Cc1ccc(C=CC(=O)N2CCC(CC(=O)[O-])C2)cc1;CCc1ccc(C=CC(=O)N2CC(CC(=O)[O-])C2)cc1;COc1ccc(C(=O)Nc2cnc(N(C)C)nc2)cc1;O=C(Cn1cccn1)NCCNC(=O)c1ccccc1;CN(CC(=O)NCc1cccc(O)c1)c1cnccn1;O=C(C=Cc1ccccc1)NC1CCC(C(=O)[O-])CC1;O=C([O-])C=Cc1ccc(CN2CCCCCC2=O)cc1;COC1=CC(/N=N/C2=CC=C(N)C(OC)=C2)=CC=C1N;CC1(C(=O)Nc2cccc(C=CC(=O)[O-])c2)CCCC1;Cc1ccnc(NCc2cc(N)ccc2O)c1C(N)=O;Oc1ccc(SCCCCCc2ccccc2)cc1;COc1cccc(C(=O)NCCNc2cnccn2)c1;COC(=O)C([NH3+])Cc1ccc(-c2ccccc2O)cc1
m_e1d7ad,Cc1cc(N2CCOC(CCF)C2)nc(C2CCC2)n1;CCCCCC(=O)NC(Cc1ccc(O)cc1)C(=O)O;CCCCC(=O)NC(Cc1ccc(OC)cc1)C(=O)O;CN1CCN(CCCNC(=O)c2cccc(F)c2)CC1;O=C(CCCCCO)NC(Cc1ccccc1)C(=O)O;O=C(O)CCCCCCCNC(=O)c1ccccc1O;CCC(C)C(NC(Cc1ccccc1)C(=O)O)C(=O)O;CCOC1=CC=C(C(=O)N[C@H](CC(C)C)C(=O)O)C=C1;Cc1cc(F)ccc1N1CCCC(NC(=O)C(C)N)C1;CC(CNC(=O)c1cccc(F)c1)N1CCN(C)CC1;CCCCNC(=O)N1CCN(c2cccc(F)c2)CC1;CCCCCOC1=CC=C(C(=O)NCCC(=O)O)C=C1;COC(=O)CCCCCCC(=O)NC1=CC=C(O)C=C1;CC1CCCC(C)N1NCC(=O)Nc1ccc(F)cc1;CC(Cc1ccccc1)NC(CCCC(=O)O)C(=O)O;O=C(O)C(Cc1ccc(O)c(O)c1)NC1CCCCC1;CCOC(=O)CC(C)NC(=O)Cc1ccc(OC)cc1;CCc1ccc(NC(=O)Nc2c[nH]c3ccccc23)cc1;CC(C)(Cc1ccccc1)NC(CCC(=O)O)C(=O)O;CC(CN1CCCN(C(N)=O)CC1)c1ccc(F)cc1;CCCC1CCC(NC(=O)c2ccnc(N)c2F)CC1;CC(C)c1ccc(CNC(CCC(=O)O)C(=O)O)cc1;CCOC(=O)[C@H](CCC1=CC=CC=C1)N[C@H](C)C(=O)O;CC(C)CC(NC(Cc1ccccc1)C(=O)O)C(=O)O;CC1CCN(C(=O)Nc2cc(N)ccc2F)CC1(C)C
m_e1f9f4,CN1CCC(NC(=O)c2cc(F)cc(Cl)c2O)C1=O;O=C(O)C(Cc1c[nH]c2ccccc12)NC1CCCCC1;O=C(Nc1ccc(Cl)c(O)c1)c1c[nH]c2ccccc12;O=C(O)COC1=CC(O)=C2C(=O)C3=CC=CC=C3OC2=C1;O=C1C=C(C2=CC=C(O)C(O)=C2)OC2=CC(O)=C(O)C=C12;O=C1C=C(C2=CC=C(O)C=C2)OC2=CC(O)=C(O)C(O)=C12;O=C1C=C(C2=CC(O)=C(O)C(O)=C2)OC2=CC(O)=CC=C12;O=C(CCc1c[nH]c2ccccc12)NCC1CCCC1O;CCC(C)C(NC(=O)Cc1c[nH]c2ccccc12)C(C)=O;O=c1[nH]c2ccc(Cl)cc2c(=O)n1Cc1ccccc1;CCN(Cc1c[nH]c2ccccc12)C(=O)C1CCOCC1;O=C1C=C(C2=CC=CC=C2O)OC2=CC(O)=C(O)C(O)=C12;c1ccc2cc(NCCc3c[nH]c4ccccc34)ccc2c1;O=C1C=C(C2=CC=C(O)C=C2)OC2=C(O)C(O)=C(O)C=C12;Cc1ccc2c(CC(=O)NCC3CCCC3O)c[nH]c2c1;O=c1[nH]c(Cc2cccc(O)c2)nc2ccc(Cl)cc12;CC1=C(C(=O)O)C(O)=CC2=C1C1=C(C=O)C=C(O)C=C1O2;O=C(NOCC(F)(F)F)c1cc(=O)c2ccccc2[nH]1;Cc1cccc2[nH]cc(CC(=O)NCC3CCCC3O)c12;O=C1C=C(C2=CC=C(O)C(O)=C2)OC2=C(O)C=C(O)C=C12;COCC(C)C(CO)Cc1ccccc1Br;O=C1C=C(C2=CC=C(O)C(O)=C2)OC2=CC(O)=CC(O)=C12;O=C(CCCc1c[nH]c2ccccc12)N(CCO)C1CC1;O=C1C=C(C2=CC=C(O)C=C2O)OC2=C(O)C=C(O)C=C12;CCCCCCOc1ccc(Br)cc1CO
m_e2993b,CCC(CC)(CNC(=O)c1sccc1C)C(=O)O;COC(=O)c1ccc(C(=O)NCCCC(C)C)s1;COc1ccc(C(=O)NCCCSC)cc1OC;CC(Oc1ccc(F)cc1)C(=O)NCCCC(=O)O;COC1=CC=CC(NC(=O)CC(=O)C2=CC=CC=C2)=C1;CC(F)(F)C(C)(C)NC(=O)c1nc2ncccn2n1;CC(C)CCCCNc1nc(Cl)ccc1C(=O)[O-];CCCCCCn1c(N)nc2cc(Cl)c(F)cc21;CC(C)CCC(=O)Nc1ccccc1S(C)(=O)=O;CSCCCNC(Cc1ccc(O)cc1)C(=O)O;CCCc1nc2c(C)cc(C(C)(C)F)c(Cl)n2n1;Fc1ccc2nc(NCCCCCCCl)[nH]c2c1;CC(C)CCNC(=O)c1ccc(S(C)(=O)=O)cc1;CN1CCN(c2cc(Cl)nc(N)n2)C(C)(C)C1=O;CCc1ccc(S(=O)(=O)NCC2(O)CCC2)cc1;COc1ccc(NC(=O)C2(C)CC[NH2+]C2)cc1Cl;CCCC(CCC)C(=O)Nc1ccc(Cl)c(O)c1;Cc1ccccc1S(=O)(=O)N1CCC(C)(O)CC1;CCCCNC(=O)c1ccccc1S(=O)(=O)CC;CCCCCNC(=O)COc1cc(C)ccc1Cl;CC(C)CC(C)n1c(N)nc2cc(Cl)c(F)cc21;N[C@@H](CC1=CC=C(C(=O)C2=CC=CC=C2)C=C1)C(=O)O;CC(C)CCNC(=O)C(C)Oc1cccc(Cl)c1;COc1cc(S(=O)(=O)N2CCCC2)c(C)cc1C;CCCCCNC(=O)Cc1ccc(OC)cc1Cl
m_e3b936,O=C(c1ccc2[nH]c(=O)[nH]c2c1)N1CCNC(c2ccccc2Cl)C1;O=C(CCc1ccc(Cl)cc1Cl)N1CC(O)C(N2CCCC2)C1;CCCCCOC(COc1ccc(Cl)cc1Cl)Cn1ccnc1;CCCCNC(=O)C1CCN(C(=O)c2ccc(Cl)cc2Cl)CC1;CCCCNC(=O)C1CCCN(C(=O)c2ccc(Cl)cc2Cl)C1;OCCCCCCC(O)(Cn1ccnc1)c1ccc(Cl)cc1Cl;O=C(NCCc1ccc(Cl)cc1Cl)C(=O)NC1CCCCCC1;CC(C)CC(=O)NC1CCN(C(=O)c2ccc(Cl)cc2Cl)CC1;O=C(CCNC(=O)C1CCCC1)NCCc1ccc(Cl)cc1Cl;CCCCC(=O)N1CCCCC1C(=O)Nc1ccc(Cl)cc1Cl;CCCN(CCC)C(=O)C1CC(=O)N(c2ccc(Cl)cc2Cl)C1;O=C(COc1ccc(Cl)cc1)NC(Cn1nccn1)c1ccccc1;CC(C)CN1CC(C(=O)NCCc2ccc(Cl)cc2Cl)CC1=O;O=C(NCCOc1ccc(Cl)cc1)c1ccc(Cn2cncn2)cc1;CC(C)(C)C(=O)N1CCC(NC(=O)c2ccc(Cl)cc2Cl)CC1;O=C(Cc1ccc(Cl)cc1Cl)NCCCN1CCCCCC1=O;Cc1ccc(OCn2ccc(C(=O)Nc3ccc(Cl)cn3)n2)c(C)c1;CC(C)CC(=O)NC1CCN(C(=O)c2cc(Cl)ccc2Cl)CC1;CC(=O)N(CC(=O)NCCc1ccc(Cl)cc1Cl)C1CCCC1;Cc1nccn1-c1cc(CNC(=O)COc2ccc(Cl)cc2)ccn1;CN(CC1CCCCC1)C(=O)CNC(=O)c1ccc(Cl)cc1Cl;CCCCC(=O)N1CCC(C(=O)Nc2cc(Cl)ccc2Cl)CC1;CCc1nnc(CNc2ccccc2C(=O)Nc2ccc(Cl)cc2)o1;O=C(c1cc2cc(Cl)ccc2o1)N1CCC(Nc2cccnn2)CC1;CC(C)(C)NC(=O)C1CCN(C(=O)c2ccc(Cl)cc2Cl)CC1
m_e44302,O=C(c1cccc(Cl)c1)N1CC(S(=O)(=O)NCc2cccnc2)C1;NC1=NC(=O)N([C@@H]2O[C@H](COP(=O)(O)CC(=O)O)C(O)C2O)C=C1;O=C(Nc1ccccc1OCC1CCCO1)c1cc(Cl)cc(Cl)c1;Nc1nc(F)nc2c1ncn2C1OC(COP(=O)(O)O)C(O)C1O;Cn1c(=O)c2c(ncn2CC(=O)Nc2cc(Cl)ccc2F)n(C)c1=O;O=C(NC1CCCNC1=O)c1csc(COc2ccc(Cl)cc2)n1;COc1ccc(C)cc1C(=O)CCC(=O)Nc1cccc(Cl)c1Cl;COc1ccc(Cl)c(NC(=O)N(S)c2ccc(NC(C)=O)cc2)c1;COc1ccc(NC(=O)c2sc(N3CCCC3=O)nc2C)cc1Cl;COc1ccc(NC(=O)Cc2csc(N3CCCC3=O)n2)cc1Cl;COc1cc(C=CC(=O)Nc2ccc(Cl)cc2C)cc(Cl)c1OC;CS(=O)(=O)N1CCc2cc(NC(=O)Nc3ccccc3Cl)ccc21;COc1cc2c(cc1OC)CN(C(=O)c1cccc(Cl)c1Cl)CC2;O=C(COc1ccc(Cl)cc1)N1CCOC(c2ccc(Cl)cc2)C1;O=C(COc1cc(Cl)ccc1Cl)N1CCOC(c2ccccc2)C1;NC(=O)C1(O)CCCN(C(=O)c2csc(-c3cccc(Cl)c3)n2)C1;O=C(c1ccc(Cl)c(O)c1)N1CCC(Oc2ccc(Cl)cc2)CC1;COc1cc2c(cc1OC)C(c1ccc(Cl)cc1)N(C(=O)Cl)CC2;Cn1c(=O)c2c(nc(Cl)n2CC(=O)Nc2ccccc2F)n(C)c1=O;COc1cc2c(c(OC)c1OC)C(c1c(Cl)cccc1Cl)=NCC2;O=C(Nc1ccc(C(F)(F)F)cc1)c1coc(NC(=O)c2ccco2)n1;COc1cc(C)c(Cl)cc1NC(=O)N(S)c1ccc(C(N)=O)cc1;CCOC(=O)C1CCCN(C(=O)C=Cc2cccc(Br)c2)C1;COc1ccc(NC(C)=O)cc1NC(=O)CSc1ncccc1Cl;O=C(Nc1cccnc1C(F)(F)F)c1cccc(OCC(F)(F)F)n1
m_e4865d,O=C(NCC1CCCCCC1)NC1COCC1O;CCCCCC=CCNC(CCC(N)=O)C(=O)O;CC(=O)NC(CCCCNC1CCCC1)C(=O)O;O=C(O)CCCCCNC(=O)NC1CCCCC1;CC1(C)CCC(NC(=O)C(N)CCC(=O)O)CC1;CCCCCC=CC(=O)NC(CCCN)C(=O)O;CC(C)CCC(=O)N1CCN(CCC(=O)O)CC1;CC(C)=CCCC(C)CNC(CC(N)=O)C(=O)O;CC(C)C(NC(=O)CNC1CCCCC1)C(=O)O;CCCN1CCCCC1C(=O)N(C)CCC(=O)O;CCCCCNC(=O)CC(=O)NCC1CCCO1;CCCCCNC(=O)C1CC1C(=O)NCCOC;CC(CCCO)NC(=O)CNC(=O)C1CCCC1;COC(=O)CCCCCNC(=O)NC1CCCC1;CCOC(=O)CCCCCNC(=O)NCC1CC1;CC[C@H]1CN(C(=O)NC(C)C)CC[C@H]1CC(=O)O;CCCCCNC(=O)N1CCC2(CC1)OCCO2;COC(=O)CCCCCCCNC(=O)NC1CC1;CC(=O)NCCCCCC(=O)NCC1(CO)CC1;COC(=O)CCCCNC(=O)N1CCCC(C)C1;CCCCC(=O)NCC1CCN(C(=O)OC)CC1;CCCCCNC(=O)C(C)[NH2+]C1(C(=O)[O-])CCC1;CC(=O)NCCCCCC(=O)N1CCCC(O)C1;CCCCCNC(=O)C(C)[NH+]1CCCC1C(=O)[O-];CC(=O)NCC1CCN(C(=O)CCC(C)O)CC1
m_e5050e,O=C(Cc1ccc2c(c1)OCCO2)N1CCC(CN2CCOC2=O)C1;CCCCCCCCCNC(Cc1c[nH]c2ccc(O)cc12)C(=O)O;CCCCCCCC(C)NC(Cc1c[nH]c2ccc(O)cc12)C(=O)O;CCOC(=O)C(CC1=CNC2=CC=CC=C12)NC(=O)CCC(=O)OC;O=C(CCCCCCCCCO)NCCc1c[nH]c2ccc(O)cc12;CCCCCCC(O)CC(=O)NCCc1c[nH]c2ccc(OC)cc12;CCCCCCCC(O)CC(=O)NCCc1c[nH]c2ccc(O)cc12;O=C(NCCC1=CNC2=CC=C(O)C=C12)C1=CC=C2C=CC=CC2=C1O;COc1cc(CNCCc2c[nH]c3ccccc23)ccc1OC(F)F;COC1=CC=C(CNC(=O)NC2=CC=C(OC)C=C2OC)C(OC)=C1;O=C(NCCc1c[nH]c2ccccc12)C(c1ccccc1)n1cnnn1;CC1=NN=NN1C1=CC=C(C(=O)NCCC2=CNC3=CC=CC=C23)C=C1;COC1=CC=C(C2=NOC([C@@H](C)NC(=O)CC(C)C)=C2C(=O)O)C=C1;COc1ccc(C(=O)C(Cc2cccc(OC)c2)c2ccccc2)cc1;CC1=CC=C2NC=C(CCNC(=O)C3=CC=C(Cl)C=C3Cl)C2=C1;CC(NC(=O)Cc1c[nH]c2ccccc12)c1ccc(C(F)(F)F)cc1;COc1ccc(NCC(=O)Nc2cc(OC)c(OC)c(OC)c2)cc1;COc1ccc(OC(=O)c2ccc(CC(C)c3ccccc3)cc2)cc1;COC1=CC=C(C[C@H](C(=O)O)C2=CC=C(OC)C(OC)=C2)C=C1OC;O=C(NCCNC(=O)C1=CNC2=CC=CC=C12)C1=CNC2=CC=CC=C12;CC(Cc1ccc(O)cc1)[NH2+]CC(O)c1ccc(O)c(NC(=O)[O-])c1;CNC(=O)C(CC(C)C)NC(=O)Cc1ccc(OC(F)(F)F)cc1;COc1ccc(C(=O)Nc2ccccc2NC(=O)c2ccccc2)cc1;COC1=CC=C(CCNC(=O)CN2C=C(OC)C(=O)C=C2CO)C=C1;COc1ccc(NC(=O)NCC(O)c2cc(OC)ccc2OC)cc1
m_e58af8,COc1ccc(F)cc1CNC(=O)N1CCCC(C(F)(F)F)C1;O=[N+]([O-])c1ccc(NCc2ccc(OCc3ccccc3)cc2)cc1;O=[N+]([O-])c1ccc(CC(Cc2ccc(O)cc2)c2ccccn2)cc1;O=C(C1CC1)N1CCCN(c2ccc([N+](=O)[O-])cc2[N+](=O)[O-])CC1;CC(=O)c1ccc(N(C)Cc2ccc3ccccc3c2)c([N+](=O)[O-])c1;COc1ccc(CCNC(=O)c2c([N+](=O)[O-])cnn2C)cc1OC;Cc1cc(C(=O)NC(C)c2cccc3ccccc23)ccc1[N+](=O)[O-];CCOc1ccc(CNC(=O)Cn2cc([N+](=O)[O-])cn2)cc1OC;COc1ccc([N+](=O)[O-])cc1OCC(=O)Nc1c(C)nn(C)c1C;CCCOc1ccc(C=Cc2ccc3c([N+](=O)[O-])cccc3n2)cc1;Cc1c(C(=O)n2c3c(c4ccccc42)CCCC3)cccc1[N+](=O)[O-];Cc1cc(Cc2ccc([N+](=O)[O-])cc2)n(C)c1C(=O)c1ccccc1;COc1ccc(NC(=O)Cn2nc(C)c([N+](=O)[O-])c2C)c(OC)c1;C[NH+]=C(NCc1ccc([N+](=O)[O-])cc1)NCc1nc(C)c(C)s1;Cc1ccc(-c2noc(CNC(=O)OC(C)(C)C)n2)cc1[N+](=O)[O-];Cc1ccnn1CC(=O)NC(CO)C(O)c1ccc([N+](=O)[O-])cc1;Cc1ccc(-c2nc(C(N)=O)nn2C2OC(CO)C(O)C2O)cc1;COc1cc(NCC(C)c2ccccc2OC)c([N+](=O)[O-])cc1F;Cc1cc(C(=O)n2c3c(c4ccccc42)CCCC3)ccc1[N+](=O)[O-];[NH3+]N1C2C3N([NH3+])C4C(N(C=O)C1C(N2[NH3+])N4[N+](=O)[O-])N3[N+](=O)[O-];Cc1cc(C(=O)NC(CO)C(O)c2ccc([N+](=O)[O-])cc2)n(C)n1;CCc1ccc2c(nc(C(N)=O)n2C(=O)OC(C)(C)C)c1[N+](=O)[O-];CC12C=CC(=O)NC1CCc1cc(-c3cccc([N+](=O)[O-])c3)ccc12;CC1(C)Oc2ccc([N+](=O)[O-])nc2N(CC(=O)N2CCCC2)C1=O;CCOc1ccc(NC(=O)COc2cc(F)ccc2[N+](=O)[O-])cc1
m_e5b5fa,CC1(C)Cc2[nH]ncc2CN(CCOCC(F)F)C1;CCCCCC(=O)NC(CCCNC(N)=O)C(=O)O;CC(=O)NC(CCCCNC(C)CC(N)=O)C(=O)O;CC(=O)NCCCNCCCCNC(=O)CC(=O)O;CC(=O)NCCCCNCCCNC(=O)CC(=O)O;CCCCNC(=O)CNC(=O)C(CO)NC(=O)CC;CCCCCC(O)CC(=O)OC(CCC)CC(=O)[O-];CC(C)C[C@H](N)C(=O)N[C@@H](C)C(=O)N[C@@H](C)C(=O)O;CC(C)C(N)C(=O)NCC(=O)NC(C(=O)O)C(C)C;CCCC(O)CCCCOC(=O)CCCCC(=O)[O-];CCCC[NH+](C)CCC(=O)NC(CC(N)=O)C(=O)[O-];CCCCC(O)CCCCOC(=O)CCCC(=O)[O-];CCCNC(=O)CC(O)(CC(=O)NCCC)C(N)=O;CCCCCCCNc1ccc(C)c(C(F)(F)F)c1;CCCNC(=O)CCS(=O)(=O)c1ccc(F)cc1;CCCCCCC(C)n1cnc2c(C(=O)[O-])cccc21;CNC(=O)C(CCNC(=O)OC(C)(C)C)NC(C)=O;C=CCCOC(C)C(=O)NNC(=O)NCCCOC;CCCC(CCC(=O)[O-])OC(=O)CCCC(O)CC;COC(=O)N1CCN(C(=O)NCCCCCO)CC1;COC(=O)CCCCCNC(=O)c1ccc(Cl)o1;CCCCCCCCCNc1cc(F)cc(F)c1F;CCOC(=O)CCNC(=O)C(CC(C)C)NC(N)=O;CCC(CCNC(=O)CNC(=O)C[NH3+])CCC(=O)[O-];CCCCNC(=O)CS(=O)(=O)c1cccc(F)c1
m_e6b2c8,Fc1ccc(CN2CCCN(Cc3nnnn3C3CC3)CC2)cc1;O=C1NC(=O)N([C@H]2C[C@H](O)[C@@H](CO)O2)C=C1CCCC(O)CO;Cn1c(=O)[nH]c(=O)c2ncn(-n3cnc4c(=O)[nH]c(=O)n(C)c43)c21;CCCCCCCC(=O)NC(Cc1c[nH]c2ccccc12)C(=O)O;O=C(Nc1ccccc1C(=O)N1CCCCC1)C1CCC(O)CC1;CCOC(OC)n1c(=O)c(C)cn(C2CC(O)C(CO)O2)c1=O;Cc1ccc(C)c(C(=O)N2CCCCC2C(=O)N2CCOCC2)c1;COc1ccc(CC(=O)N2CCC(N3CCCCC3=O)CC2)cc1;OC1CC(Oc2nc(N3CCNCC3)nc3ccccc23)CC1O;CCN(C(=O)NC1CCC(O)CC1)C(C)c1cc2ccccc2o1;CCOc1ccc(N2CC(C(=O)NC3CCCCC3)CC2=O)cc1;Cn1c(=O)[nH]c2c(ncn2-n2cnc3c(=O)n(C)c(=O)[nH]c32)c1=O;CN(CC1CCCC1O)C(=O)C(=O)NCC1CC1c1ccccc1;COc1cccc(CCCNC(=O)N2CC3C4CCC(O4)C3C2)c1;CCC(COc1ccccc1)NC(=O)N1CC2C3CCC(O3)C2C1;O=C(COc1ccccc1)N1CCN(C(=O)C2CCCCC2)CC1;O=C(CNC(=O)C1=CC=CC=C1)OC[C@H]1CCCN2CCCC[C@@H]12;Cc1ccc(OCCNC(=O)C2CCCN(C(=O)C3CC3)C2)cc1;CC(O)CCCc1cn(C2OC(CO)C(O)C2O)c(=O)[nH]c1=O;CCc1oc2ccccc2c1CN(C)C(=O)C(N)C1CCOCC1;CCN(CC1CCCO1)C(=O)C1CCCN1C(=O)c1ccccc1;O=C(COc1ccc(C(=O)N2CCCC2)cc1)NC1CCCCC1;O=C(COc1ccc(C(=O)NC2CCCC2)cc1)NC1CCCC1;Cc1ccc(OCC(=O)N2CCN(C(=O)C3CCCC3)CC2)cc1;CN1CCCC(CN(C)c2nc3ccccc3c(=O)n2CCO)C1
m_e6bed4,Cc1cccc(C)c1CC(=O)N1CCCC(O)(C(N)=O)C1;CC(=O)Nc1ccc(O)c(C(=O)N2CCCCCCC2)c1;CC(CCN1CCCC1=O)NC(=O)Cc1ccccc1O;CCOC(=O)c1ccc(NC(=O)NC2CCCCC2)cc1;CC(=O)Nc1ccc(OCC(=O)N2CCCCCC2)cc1;Cc1ccc(O)c(C(=O)NCC(=O)NC2CCCCC2)c1;CCOC(=O)c1ccc(NC(=O)N2CCCCCC2)cc1;CC(=O)Nc1ccc(CC(=O)NC2CCC(O)CC2)cc1;CCC=CCCCNc1ccc(C(=O)NCC(=O)O)cc1;CC(C)CC(=O)N1CCN(C(=O)c2ccccc2O)CC1;CCCCNC(=O)c1ccc(NC(=O)C2CCCO2)cc1;CCC(O)CCNC(=O)c1ccc(NC(=O)C2CC2)cc1;Cc1ccc(Nc2ccc(Nc3ccccc3O)cc2)cc1;CC(=O)Nc1ccc(C(=O)NCC(O)C2CCCC2)cc1;COC(=O)CNc1ccc(C(=O)NC2CCCCC2)cc1;O=C(NCCCN1CCCCCC1=O)c1ccccc1O;CCCC(C)NC(Cc1c[nH]c2ccc(O)cc12)C(=O)O;COC(=O)c1ccc(NCC(=O)N2CCCCCC2)cc1;O=C(c1ccccc1O)N1CCN(CC2CCOC2)CC1;C=CCNC(=O)c1ccc(NC(=O)CC(O)C(C)C)cc1;CC(C)C(NC(=O)CNCC=Cc1ccccc1)C(=O)O;CCN(C(=O)c1ccc(O)c(C(N)=O)c1)C1CCCCC1;CC(=O)Nc1ccc(C(=O)NCC2CCCC(O)C2)cc1;CC(C)CC(NCCc1c[nH]c2ccc(O)cc12)C(=O)O;CCC(O)CC(=O)NCCc1c[nH]c2ccc(OC)cc12
m_e73d71,CCCNC(=O)C1CCCN(c2cc(C#N)c3ccccc3n2)C1;CCCCCCCOC(=O)CCC(=O)Oc1ccc(OC)cc1;CCCCCCCOC(=O)c1cccc(C(=O)OCCOC)c1;CCCCOCCOC(=O)c1ccccc1C(=O)OCCCC;CCCCCCCC(=O)C1=C(O)C=C(O)C=C1CC(=O)OCC;CCCCCOC(=O)COCC(=O)OCCCc1ccccc1;CCCCCCCOC(=O)COCC(=O)Oc1cccc(C)c1;CCCCCC(=O)c1c(O)cc(O)c(C(=O)CCCCC)c1O;CCOC(=O)C1=C(O)C=C(O)C=C1CCCCCCCC(C)=O;CC(C)(Oc1cccc(CCCCCCCC(=O)O)c1)C(=O)O;CCCc1c(OCCCCC(=O)OCC)ccc(C(C)=O)c1O;CCCCCCCCCC(=O)OOC(=O)c1ccccc1OC;COc1ccc(COCCCCCOC(=O)CCC(C)=O)cc1;CCCCC[C@H]1C[C@@H](OC(C)=O)C[C@@H](C2=CC=C(O)C(O)=C2)O1;CCCCCCOc1cccc(OC(=O)CC)c1OC(=O)CC;O=C(CCS)OCCCCCCCCOC(=O)CCS;CCCCCCCCOC(=O)Oc1ccccc1C(=O)OCC;CCOC(=O)C(CCCCOc1ccc(C)cc1)C(=O)OCC;CCCOC(=O)C1=CC=CC=C1C(=O)OCCC(C)CCOC;CCCCCC1=CC(OC)=C2C[C@@H](C(C)(C)O)OC2=C1C(=O)O;CCCCCCc1c(C)cc(C(=O)OCC)c(C(=O)OC)c1O;CCCCCOC(C)CCOC(=O)c1ccc(OC(C)=O)cc1;CCCc1cc(C(C)=O)c(O)cc1OCCCCCC(=O)OC;CC(C)CCCOC(=O)COCC(=O)OCCc1ccccc1;CCCC(CCCC(C)O)COC(=O)c1ccccc1C(=O)O
m_e77f56,OC1CCC(NCc2c[nH]nc2-c2ccc(C(F)(F)F)cc2)C1;CCCCCCCOC(=O)CN(C)C(=O)c1ccc(Cl)cc1;CCCCCCOc1ccc(CCc2ccc(C(=O)[O-])cc2)cc1;CCCCOC(=O)c1ccc(NC(=O)CCc2ccccc2)cc1;CCCCCCOC(=O)c1cccc(-c2ccccc2)c1C(=O)[O-];CCCCCCCCOc1ccc(-c2ccc(C(=O)[O-])cc2)cc1;O=C(O)c1ccc(C(=O)NC2CCN(c3ccncc3)CC2)cc1;CCCOC1CCCN(Cc2cc(C(=O)O)ccc2Cl)CC1;CCCCOc1ccccc1NC(=O)C=Cc1ccccc1OC;COC1=CC=C(C(=O)NCCC2=NC3=CC=CC=C3N2)C=C1OC;CCCCCCCCOc1cccc(-c2ccccc2)c1C(=O)[O-];CCn1nnc2cc(C(=O)OCCc3ccc(OC)cc3)ccc21;CCCCCCCCCOC(=O)CCNC(=O)c1cccs1;CCCOc1c(Cl)cc(C(=O)NC2CCCCC2)cc1OC;CCCCCOC(=O)c1ccc(C(=O)N(C)c2ccccc2)cc1;CCCCCOC1ON(Cc2ccccc2Cl)C(=O)C1(C)C;CCCCCCOc1ccc(CN(C)C(=O)CCCCl)cc1;Cc1ccc(CCC(=O)NCCOC(=O)c2ccc(C)cc2)cc1;CC(C)(CCCOc1ccc(C(=O)c2ccccc2)cc1)C(=O)[O-];CCCCCCCCOc1cccc(-c2ccc(C(=O)[O-])cc2)c1;CCCCCCOc1ccc(-c2nc3ccc(OC)cc3o2)cc1;Cc1cc(C(=O)CCCC(=O)[O-])ccc1OCCc1ccccc1;COc1ccc(CCNc2nc3ccccc3c(=O)[nH]2)cc1OC;CC(=O)c1ccc(OCCCC(=O)NCCc2ccccc2)cc1;COCCOC1CCN(C(=O)CCc2cccc(Cl)c2)CC1
m_e7af25,Cn1cnc(S(=O)(=O)N2CCN(C(=O)C3CC3)CC2(C)C)c1;COc1ccc2[nH]cc(CCNC(=O)Cc3ccc(F)cc3)c2c1;COc1cc(F)ccc1NC(=O)CCCc1c[nH]c2ccccc12;COc1ccc2[nH]c(C)c(CCNC(=O)c3ccc(F)cc3)c2c1;O=C(CC1=CNC2=CC=CC=C12)NC1=CC=C(C2=CC=CC=C2)C=C1;CNC(=O)C(CC(C)C)NC(=O)Cc1ccc(OC)cc1Cl;COc1cccc(CCNC(=O)Cc2c[nH]c3cc(F)ccc23)c1;Cc1cccc(OCC(=O)NCCc2c[nH]c3ccc(F)cc23)c1;O=C(O)CCCCCCCC1=CC=C(CCCCC(=O)O)S1;O=C(CCc1c[nH]c2ccccc12)NC(Cc1c[nH]cn1)C(=O)O;CCCCCCCC(=O)NNC(=O)c1ccc(Cl)cc1OC;COc1ccc2[nH]cc(CCNCc3ccc(O)c(OC)c3)c2c1;O=C(O)CCCCC(=O)NC1CCN(c2c(F)cccc2F)C1;CCCCOC(=O)CCC(=O)Oc1ccccc1-c1ccccc1;CCCCCC(=O)NNC(=O)COc1cc(C)c(Cl)c(C)c1;COC(=O)C(C)N1CCN(CCOc2ccc(Cl)cc2)CC1;Cc1ccccc1OCC(=O)NCCc1c[nH]c2ccc(F)cc12;COc1ccc(CCNC(=O)C2CC(OC)CN2C)c(Cl)c1;O=C(Cc1c[nH]c2ccc(F)cc12)NCCc1ccc(CO)cc1;COc1ccc(CCNC(=O)N2CCCC(CO)C2)c(Cl)c1;COc1cc(CNCCc2c[nH]c3ccccc23)cc(OC)c1O;CN1C(=O)C(=CNCCC2=CNC3=CC=CC=C23)C(=O)N(C)C1=O;Cc1ccc(OCCCC(=O)NCCNC(=O)C(C)Cl)cc1;CCOc1ccc(CC(=O)NCCNC(=O)CCCCl)cc1;CCOc1ccc(NC(=O)N2CCC(C(C)O)CC2)cc1Cl
m_e80818,Cn1cc(C2OCCCC2NC(=O)Nc2cccnc2)cn1;OCC(O)C(O)C(O)C(CO)NCCc1ccc(O)cc1;O=C(O)CCC(=O)OCCC(NC1CCCCC1)C(=O)O;CCCCCNc1ccc(C(=O)Nc2ccc(F)cc2)nc1;CC(C(=O)N1CCN(c2ccccc2O)CC1)n1cncn1;CC1CN(C(=O)Cc2ccc(-n3cnnn3)cc2)C(C)CO1;CCCn1c(C(=O)NCCCCC(=O)[O-])cc2ccccc21;CC(C)CCNC(=O)c1ccc(F)c(Oc2ccccc2)c1;O=C([O-])CCCCNC(=O)CCCc1c[nH]c2ccccc12;COc1cc(CCNCC(O)C(O)C(O)CO)ccc1O;CCCCCCc1sc(N)c(C(=O)c2ccccc2)c1C;CCCCCCOc1ccccc1-c1n[nH]c(C)c1C(=O)[O-];CC1CN(C(=O)Cn2nnc(-c3ccccc3)n2)CC(C)O1;CCCCC(=O)NCc1cccc(Oc2ccc(F)cc2)c1;CCc1ccc(-c2nnn(CC(=O)N3CCOCC3)n2)cc1;COc1cc(NC(=O)c2ccc(C[NH+](C)C)cc2)ccc1O;CC(C)Sc1ccc(CCCNc2ccc(O)cc2)cc1;CCCCCCn1c(=O)cc([O-])n(Cc2ccccc2)c1=O;O=C(Cn1ccccc1=O)NCc1nnc2n1CCCCC2;Cc1cccc2[nH]cc(CC(=O)NC(CC(C)C)C(=O)[O-])c12;COC(=O)C[C@@H]1O[C@H](CNC(=O)C2CCCC2)[C@@H](O)[C@H]1O;CCCCNC(=O)c1ccc(C)c(Nc2cn[nH]c(=O)n2)c1;CC(C)CN(CC(=O)[O-])C(=O)CCc1c[nH]c2ccccc12;Cc1ccc(-c2nnn(CC(=O)NCC3CCCO3)n2)cc1;Cc1n[nH]c(C)c1C1CCCN1C(=O)Cc1cccc(F)c1
m_e8359d,O=C(Nc1c(-c2ccccc2)[nH]c2ccccc12)C1CC2CCC1O2;COc1ccc(CCNC(=O)CNc2ccccc2F)cc1OC;COc1ccc(CCNC(=O)NCCOc2ccc(F)cc2)cc1;COc1ccc(NCC(=O)NCCc2ccc(F)cc2)c(OC)c1;O=C(NCCCc1ccc(O)cc1)NCc1ccc(F)c(CO)c1;COc1ccc(OC)c(NCCC(=O)NCc2ccc(F)cc2)c1;COc1cccc(CNc2ccccc2C(=O)Nc2ccccc2)c1;Cc1ccc(NC(=O)COc2ccc(Nc3ccccc3)cc2)cc1;NC(=O)CCC(NC(=O)C(N)CC1=CNC2=CC=CC=C12)C(=O)O;COc1ccc(CN(C)C(=O)NCCc2cccc(F)c2)cc1O;O=C(O)CCC1CCCCN1C(=O)Cc1c[nH]c2cc(F)ccc12;CC(Cc1ccc(O)cc1)NC(=O)NCC(O)c1ccc(F)cc1;O=C(NCCC(c1ccccc1)c1ccccc1)c1cncc(O)c1;NC(CCC(=O)NC(=O)C(N)CC1=CNC2=CC=CC=C12)C(=O)O;CC(=O)Nc1ccc(Nc2ccc(OCc3ccccc3)cc2)cc1;COCCOc1ccc(NC(=O)NCCc2ccc(F)cc2)cc1;NC(=O)CC[C@H](N)C(=O)N[C@@H](CC1=CNC2=CC=CC=C12)C(=O)O;COc1ccc(CNC(=O)NCc2ccc(F)c(C)c2)cc1OC;NC(=O)C(Cc1ccccc1)NC(=O)Cc1ccc2ccccc2c1;CCOc1cc(NC(=O)NCCc2cccc(F)c2)ccc1OC;O=C(CCNCc1ccccc1O)NC(Cc1cnc[nH]1)C(=O)O;COc1ccc(CNC(=O)CN(C)c2ccc(F)cc2)cc1OC;CCOc1ccc(NC(=O)c2ccccc2Nc2ccccc2)cc1;O=C(O)CCCCC=C1CC1OC1OC(CO)C(O)C(O)C1O;O=C(CCOc1ccccc1)Nc1ccc(Nc2ccccc2)cc1
m_e8d835,Cc1ccc2c(CC(=O)N3CCOCC3C(=O)O)coc2c1C;CCCCCCCC(O)CC(=O)NC(CCC(=O)O)C(=O)O;CCCCCCCCC(O)CC(=O)NC(CC(=O)O)C(=O)O;CCCCCCCNC(CCOC(=O)CCC(=O)O)C(=O)O;CCCCCC(C)NC(CCOC(=O)CCC(=O)O)C(=O)O;CC(CC(=O)N(C)CCC(=O)O)c1cccc(C(F)(F)F)c1;O=C(O)C(Cc1ccc(O)cc1)NCCc1ccc(O)c(O)c1;COC1=CC=C(C2=CC=C(CCC(=O)O)N2CCC(=O)O)C=C1;C[N+](C)(C)C(CCC(=O)[O-])OC(=O)CCCCCCC(=O)O;COc1ccc(CNC(Cc2ccc(O)c(O)c2)C(=O)O)cc1;COc1cc(CNC(Cc2ccc(O)cc2)C(=O)O)ccc1O;CN(CCC(=O)O)C(=O)c1ccc(C(C)(C)C(F)(F)F)cc1;Cn1c(=O)c(CNC(=O)NCCCC(=O)O)cc2ccccc21;COC(=O)CC=CC(C)C(O)CN1C(=O)c2ccccc2C1=O;CCCCC[C@H](O)CC(=O)[C@@H](C)NC(=O)CC[C@H](O)C(=O)O;CCCCOC(=O)CCC(=O)OC(CC(=O)OCC)C(=O)[O-];CCCCOC(=O)C1=C(C)N[C@@]2(O)C3=CC=CC=C3C(=O)[C@@]12O;CC(C)N(CCC(=O)O)C(=O)C1CC12CCS(=O)(=O)CC2;O=C(O)CCN(C(=O)c1coc2ccccc12)C1CCOCC1;COC1=C2C=C(OC[C@@H](O)C(C)(C)O)C=CC2=NC2=C1C=CO2;CCCCCNC(=O)COC(=O)c1cc2ccccc2oc1=O;COC1=CC(OC)=C2C(C)=C(CC(=O)NC3CC3)C(=O)OC2=C1;CCOC(=O)CCCCCNc1ccccc1SC(F)F;CCCCCCC=CC(O)c1[nH]c2ccc(F)cc2c(=O)c1C;CC(O)CCCC(=O)CCCC=Cc1cc2cc([O-])c1c(=O)o2
m_e993ec,NCC1CN(C(=O)c2ccc3c(c2)OCCO3)CCO1;COc1cccc(C(=O)NCC(=O)N2CCCC2)c1O;O=C(O)c1ccc(CNC(=O)N2CCCC(O)C2)cc1;NC(=O)CCC(NC(=O)CCc1ccccc1)C(=O)O;CC(C(=O)O)C(=O)N1CCN(c2ccccc2O)CC1;CCOc1ncccc1C(=O)N1CCCC(C(=O)O)C1;COC(=O)C(C)NC(=O)CNC(=O)c1ccc(C)cc1;Cc1cccn(CC(=O)N2CCCC(C(=O)O)C2)c1=O;Cc1cccn(CC(=O)N2CCC(C(=O)O)CC2)c1=O;NC(CC1=CC=C(O)C=C1)C(=O)N1CCCC1C(=O)O;COc1ccccc1C(=O)NCC(=O)N1CCOCC1;CN(C(=O)NCc1ccc(C(=O)O)cc1)C1CCOC1;NCC1CN(C(=O)c2cccc3c2OCCO3)CCO1;O=C(NCc1ccc(C(=O)O)cc1)NC1CCCOC1;CC(OC(=O)c1ccccc1N)C(=O)N1CCOCC1;COCc1ccccc1C(=O)N1CCOC(C(N)=O)C1;CC(C)(CC(=O)O)CC(=O)Nc1ccccc1C(N)=O;Cc1nc(C(=O)NC2CCOC2(C)C)ccc1C(=O)O;CN(C(=O)c1cccc(OCC(N)=O)c1)C1(CO)CC1;O=C(CCn1ccccc1=O)NC1CCCC1C(=O)O;CCOC(=O)C1CCCN(C(=O)c2cccnc2O)C1;Cn1cc(Cn2c(N)nc3cnc4ccccc4c32)cn1;CC1=CC2=C(C=C1C)N([C@H]1O[C@H](CO)[C@@H](O)[C@@H]1O)C=N2;CC(C)Oc1cccnc1C(=O)N1CCC(C(=O)O)C1;Cc1cccc(N)c1C(=O)OCC(=O)N1CCOCC1
m_ea2f71,Cc1c(C2CNCC2c2nc(-c3ccco3)no2)cnn1C;O=C(O)C(Cc1ccc(O)cc1)NCCCc1ccccc1;O=C(CC1CCC1)NC(Cc1c[nH]c2ccccc12)C(=O)[O-];CC(Cc1ccccc1)NC(Cc1ccc(O)cc1)C(=O)O;O=C(CCCc1c[nH]c2ccccc12)NCC1(C(=O)[O-])CC1;CC1CCC(C(=O)[O-])CN1C(=O)Cc1c[nH]c2ccccc12;O=C(O)C(Cc1ccccc1)NCC(O)C(O)C(O)CO;CC(C)=CC(=O)N(C)C(Cc1c[nH]c2ccccc12)C(=O)[O-];NC(=O)c1cncc(N2CCN(c3cccc(O)c3)CC2)n1;C=CCCCCCCCCC(=O)NC(CC(=O)O)C(=O)O;CCc1ccc(C(=O)NCCc2ccc(O)c(OC)c2)cc1;COC1=CC=C(C(=O)NCCNC(=O)C2=CC=NC=C2)C=C1;NC(=O)c1cncc(N2CCN(c3ccccc3O)CC2)n1;O=C([O-])C1CCCCN1C(=O)CCc1c[nH]c2ccccc12;CC1CN(C(=O)Cc2c[nH]c3ccccc23)CCC1C(=O)[O-];COc1ccc2c(CCNc3nc(=O)c(C)n[nH]3)c[nH]c2c1;NC(=O)Cn1cc(NC(=O)N2CCc3ccccc3C2)cn1;O=C([O-])CCCCCNC(=O)c1c[nH]cc1-c1ccccc1;COCCOCCOCCOC(=O)c1ccc(O)c(N)c1;O=C(Cc1c([O-])c2ccccc2[nH]c1=O)NC1CCCCC1;O=C(NC1CCCCCC1)c1c([O-])c2ccccc2[nH]c1=O;O=C(CCCC[n+]1ccccc1)Nc1ccccc1C(=O)O;CC1CCC(C(=O)[O-])CN1C(=O)c1cn(C)c2ccccc12;O=C1NC(CC2=CNC3=CC(O)=CC=C23)C(=O)N2CCCC12;Cc1ccc2[nH]cc(CCC(=O)NC(C(=O)[O-])C3CC3)c2c1
m_ea7270,N#CC1(C(=O)Nc2nc3c(s2)CC(c2ccccc2)CC3)CCC1;CCOC(=O)CNC(=O)CCCCSc1ncnc2nc[nH]c12;CSCc1nc2ccccc2n1CC(=O)N1Cc2ccccc2C1;CC(NC(=O)CSc1nccn1-c1ccccc1)c1ccccc1;Cn1c(CCc2ccccc2)nnc1SCC(=O)c1ccccc1;Cc1cccc(C)c1NC(=O)CSc1nc2ccccc2nc1C;O=C(NCCCc1ccccc1)c1csc(Nc2ccccc2)n1;COc1ccc(CCNC(=O)Nc2ccncc2)cc1OC(F)F;CCn1c(SCCCC(=O)N(C)C)nc2ccc(F)cc2c1=O;O=C(Cn1c(=O)cnc2ccccc21)N1CCC(O)(C(F)F)CC1;CCc1ccccc1NC(=O)CSc1nc2ccccc2nc1C;O=C1NCCCCC1Cc1nc(-c2ccccc2OC(F)F)no1;Cc1ccc(C)c(NC(=O)CSc2nnc(C)c3ccccc23)c1;COCCn1cc(CNC(C)c2ccccc2Cl)c(=O)[nH]c1=O;O=C(CCn1nc(-c2ccc(F)cc2)ccc1=O)Nc1ccccc1;COC(=O)c1cccc2[nH]c(NC(=O)C3CCC(F)(F)CC3)nc12;CN1CCCCC(c2nc(-c3ccccc3OC(F)F)no2)C1=O;CC1=CC=C2N=C(NC(=O)CN3CCC4=CC=CC=C4C3)SC2=C1;CCCCOc1ccc(C(=O)Nc2ccc(C(F)(F)F)cc2)cc1;O=C(c1c[nH]nc1-c1cccc(OC(F)F)c1)N1CCC(O)CC1;Cc1cccc(NC(=O)Cc2csc(Nc3ccccc3)n2)c1C;Cc1ccc(Cc2cnc(SCCc3ccccc3)[nH]c2=O)cn1;CCCCOc1cccc(NC(=O)c2ccccc2C(F)(F)F)c1;Cc1cc2nc(SCC(=O)N3CCc4ccccc43)[nH]c2cc1C;O=C(Nc1nc(C2CCNCC2)cs1)c1cccc2ccccc12
m_eaecd7,O=C(O)C1CCCN1C(=O)COCc1ccccc1Cl;CCCCCCC(=O)NCc1ccc(Br)cc1;CCCCCCC(=O)Nc1ccc(C)c(Br)c1;CCCCCCCNC(=O)c1ccccc1Br;Cc1ccc(C(=O)NCCCCCBr)c(C)c1;CCCCCNC(=O)c1ccc(NCc2ccccc2)cn1;CS(=O)(=O)Nc1ccccc1C(=O)NC1CNC(=O)C1;Cc1cc(Cl)ccc1OCC(=O)N1CCC(C(=O)O)C1;O=C(NCc1ccc(F)cc1)c1ccc(C(F)(F)F)cc1;COC(=O)c1cc(Cl)cc(C)c1NC(=O)C1CCCO1;CCCCCCCCCCNC(=O)c1ccc(F)c(F)c1;NC(=O)Cc1cc(F)ccc1-c1ccc(C(F)(F)F)cc1;CCCCCCNC(=O)c1ccccc1Nc1ccncc1;COc1ccc(Cl)cc1C(=O)N1CCCC(C(=O)O)C1;Cc1ccc(NC(=O)c2ccc(F)cc2)cc1C(F)(F)F;Cc1ccc(C(=O)N2CCC(O)(C(=O)O)CC2)cc1Cl;COc1ccc(CNS(=O)(=O)c2c(N)noc2C)cc1;CCCCCCNC(=O)c1cccc(CBr)c1;COCC1(C(=O)O)CCCN1C(=O)c1ccccc1Cl;O=C(CCCOc1ccccc1Cl)NC1(C(=O)O)CC1;COc1ccc(CCNC(=O)C2(C(=O)O)CC2)c(Cl)c1;CCCCCCC(=O)Nc1cc(C)cc(Br)c1;O=C(NCCc1ccc(F)cc1)c1ccc(F)c(F)c1F;O=C(CCC1CCCO1)Nc1ccc(C(=O)O)c(Cl)c1;COC(=O)CCNC(=O)C=Cc1cc(Cl)ccc1OC
m_ebcb8a,NC(=O)CCCC(=O)Nc1ccc(-n2ncc3ccccc32)cc1;CC(NC(=O)CCc1ccccc1Cl)C(=O)NC1CCCC1;CCC=CCCCC(=O)Oc1ccc(OC(=O)C(O)CO)cc1;CCCC(=O)Nc1ccc(Cl)c(C(=O)NC2CCCCC2)c1;CCCCC(=O)N1CCN(C(=O)Cc2ccc(Cl)cc2)CC1;CCCCNC(=O)C1CCN(C(=O)c2ccccc2Cl)CC1;CCCCC(=O)N1CCC(NC(=O)c2cccc(Cl)c2)CC1;O=C(CCCc1ccc(Cl)cc1)NCC(=O)N1CCCCC1;CCCCC(=O)NC1CCCN(C(=O)c2ccc(Cl)cc2)C1;CCCCCCCCCC(=O)OOC(=O)c1ccccc1OC;O=C(Cl)N1CCN(C(=O)CCCCCc2ccccc2)CC1;CCCCCCCC(=O)N1CCC(=NO)c2cc(Cl)ccc21;Cc1cc(C)n(Cc2ccc(C(=O)Nc3cnccc3O)cc2)n1;CCCC(=O)Nc1ccc(Cl)c(NC(=O)CC2CCCC2)c1;CCCCCNC(=O)C1CC(=O)N(Cc2ccccc2Cl)C1;CCCCCNC(=O)C1(C(=O)NCc2ccc(Cl)cc2)CC1;CC1CCN(C(=O)c2ccccc2NC(=O)CCCCl)CC1;O=C(CCCCC(=O)OC(=O)C(O)CO)OC(=O)C(O)CO;CCCCC(=O)N1CCN(C(=O)Cc2ccccc2Cl)CC1;CCSc1ccc(NC(=O)N2CCCC(NC(C)=O)C2)cn1;CCn1cnnc1-c1cccc(NC(=O)COc2ccccc2)c1;CC(=O)N(CCC(=O)Nc1ccc(C)c(Cl)c1)C1CCCC1;CC1=C(O)C=C(O)C2=C1C[C@@H](CCCCCCC(=O)O)OC2=O;Cc1c(Cl)cccc1NC(=O)CC(=O)NC1CCCCCC1;Cc1cc(Cl)ccc1C(=O)NCCCCCNC(=O)C1CC1
m_ec2936,O=C(Cn1cc(C2CC2)nn1)N1CCCN(CC2CCCCC2)CC1;O=C(O)C(Cc1ccc(O)cc1)NC(Cc1ccc(O)cc1)C(=O)O;COC1=CC(CCC(=O)NCCC2=CC=C(O)C=C2)=CC(OC)=C1O;N[C@@H](CCN1C(=O)C=CN([C@@H]2O[C@H](CO)[C@@H](O)[C@H]2O)C1=O)C(=O)O;O=C(O)C(Cc1ccccc1)NC(Cc1ccc(O)c(O)c1)C(=O)O;COC1=CC(C(=O)NCC2=CC=C(C(=O)O)C=C2)=CC(OC)=C1OC;COC1=CC=C(CCNC(=O)C2=CC(OC)=C(OC)C(OC)=C2)C=C1;CCCCCOc1ccc(C(=O)N2CCCC2C[NH+]2CCCC2)cc1;CN1C(=O)C(=CN[C@@H]2[C@@H](O)[C@H](O)[C@@H](CO)O[C@H]2O)C(=O)N(C)C1=O;CCCCCCCCCCCC(O)CC(=O)NC(CCO)C(=O)O;COC1=CC=C(OCC(=O)NCCC2=CC=C(OC)C(OC)=C2)C=C1;COc1ccc(CN(C)C(=O)c2cc(OC)c(OC)c(OC)c2)cc1;Cc1cn(C2CC(O)C(CO)O2)c(=O)nc1NC(=O)c1ccccc1;COC1=CC(C2CC(=O)OC3=C2C(=O)N(C)C(C)=C3)=CC(OC)=C1O;COC1=CC(NC(=O)COC2=CC=CC(C)=C2)=C(C(=O)O)C=C1OC;CCCCOc1ccc(C(=O)NC2CC[NH+](CC=C(C)C)CC2)cc1;CC(C)(O)CCc1ccc(C(=O)N2CCC([NH+]3CCCC3)CC2)cc1;COc1ccccc1-c1nn(C)cc1C(=O)N1CCOC(C(=O)O)C1;COC1=CC=C(OC)C(C(=O)NCCC2=CC=C(OC)C(OC)=C2)=C1;COC1=CC(C(=O)NCCOC2=CC=C(C)C=C2)=CC(OC)=C1OC;COC1=CC=C2C(C)=C(CC(=O)N3CCC[C@H]3C(=O)O)C(=O)OC2=C1;COC1=CC=C(CC(=O)NC2=CC(OC)=C(OC)C=C2C(=O)O)C=C1;CN1CCC(NC(=O)NC2CCN(CCc3ccncc3)CC2)CC1;COc1ccc2[nH]cc(CCn3c(O)c(CCC(=O)O)[nH]c3=O)c2c1;CC([NH3+])C1CCN(C(=O)c2ccc(OCC3CCCCC3)cc2)CC1
m_ec5045,Cc1c(NC(=O)CCN2CCCC2=O)noc1-c1ccccc1F;COc1cc(CCNC(Cc2ccc(O)cc2)C(=O)O)ccc1O;COc1ccnc(N2CCN(C(=O)c3ccc(F)cc3O)CC2)c1;COc1cc(CC(=O)Nc2nc3c(s2)CN(C)CC3)ccc1C;CNC(=O)C1CCCN1C(=O)Cc1coc(-c2ccc(F)cc2)n1;COC1=CC2=C(C=C1OC)C(/C=C/C1=CC=CC=C1)NCC2.Cl;COc1ccc(CNc2ccccc2Cl)cc1OC1CCCC1;CNC(=O)C12CCOCC1CN(C(=O)c1ccc(F)c(C#N)c1)C2;COC1=CC2=C(C=C1OC)C(C)N(CC1=CC=C(Cl)C=C1)CC2;Cc1ccc(CCCOC(=O)NCCc2ccccc2Cl)cc1;COC1=CC=C2C[C@@H]3C4=C(C=CC=C4C2=C1OC)CCN3C.Cl;CC(=O)Nc1nc2c(nc1Cc1ccccc1)-c1ccc(O)cc1C2;O=C(CCCCl)Nc1ccccc1OCCCc1ccccc1;Clc1ccc(COc2ccccc2CNCC2CCCO2)cc1;Cc1[nH]c(-c2ccccc2)cn2c(=O)c(Cc3ccc(O)cc3)nc1-2;CC(C)Oc1ccccc1NC(=O)CCCc1ccc(Cl)cc1;COc1cccc2c1CCCC(NC(=O)NCc1cscn1)C2;COc1ccc(CC(=O)NCCCc2ccc(Cl)cc2)cc1C;COc1ccc(C(N)=O)cc1NC(=O)NCCc1ccccc1F;C=CCOc1ccccc1CNC(=O)NCc1sc(C)nc1C;CCOc1ccc(CCCNC(=O)Cc2ccc(Cl)cc2)cc1;CC(C)(C)Oc1ccc(CC(=O)NCc2ccccc2Cl)cc1;OC1=CC=C(CCN2CCC(C3=CC=C(Cl)C=C3)CC2)C=C1O;COc1ccc(C(N)=O)cc1NC(=O)NCCc1cccc(F)c1;COC1=CC=C(CC(=O)NC2=CC(OC)=C(OC)C(OC)=C2)C=C1
m_ec755b,CCN(Cc1ccoc1)C(=O)c1cc2c(c(S(N)(=O)=O)c1)CCC2;O=C(Nc1cc(NC(=O)c2ccccc2)c(O)cc1O)c1ccccc1;COC(=O)Nc1cc(NC(=O)c2cc(OC)ccc2OC)ccc1F;COC1=CC(OC)=C2C(=C1)O[C@H](C1=CC=C(O)C(OC)=C1)[C@@H](O)[C@H]2O;COc1cc(C(=O)NNC(=O)c2ccc(F)cc2)cc(OC)c1OC;O=C(CCc1ncccn1)N1CCN(c2ccc(F)cc2Cl)CC1;COc1ccc2cc(S(=O)(=O)N3CCC(C(N)=O)CC3)ccc2c1;CCOC(=O)CC(=O)Cc1ccc(OCc2c(F)cccc2F)cc1;CC1=CC(O)=CC(OC2=CC(C)=C(C(=O)OCC(O)CO)C(O)=C2)=C1;CCC1=C(C)SC(NC(=O)C2=CC=C(OC)C(OC)=C2)=C1C(N)=O;O=C(/C=C/C1=CC=CC(F)=C1)C1=CC=C(OCC2=CC=CC=C2)C=C1O;CCCCOc1ccc(C(=O)OCCOc2ccccc2)cc1Cl;COc1ccc(C(=O)c2c(N)sc(C(=O)N(C)C)c2C)cc1OC;COC1=CC(OC)=CC(OC2=C(OC)C=C(OC(C)=O)C=C2OC)=C1;Nc1ccc(OC(=O)c2ccccc2C(=O)Oc2ccc(N)cc2)cc1;CN(CC(=O)NCc1ccc(Oc2ccccc2)cc1)S(C)(=O)=O;COc1ccc(C(=O)NNC(=O)COc2ccc(F)cc2)c(OC)c1;NC(=O)c1ccc(COC(=O)c2cccnc2Oc2ccccc2)cc1;COc1ccc(CCNC(=O)C(C)S(=O)(=O)c2ccccn2)cc1;COC(=O)Nc1cc(NC(=O)c2cccc(OC)c2OC)ccc1F;COc1ccc(CCNC(=O)CNC(=O)c2cccs2)cc1OC;COc1ccc(NC(=O)CCCNC(=O)c2cccs2)c(OC)c1;COc1ccc(OC(=O)c2cc(OC)c(OC)cc2OC)cc1OC;CCCCCCNC(=O)C1=C(O)C2=CC(OC)=C(OC)C=C2NC1=O;CC1=CC(O)=CC(OC2=CC(C)=C(C(=O)O)C(OCC(O)CO)=C2)=C1
m_ecbfb5,CC(NC(=O)c1cccc(N2CCCS2(=O)=O)c1)c1ccc(Cl)cc1;CN1C(=O)c2ccc(NC(=O)COc3ccc(C(F)(F)F)cc3)cc2C1=O;CN1C(=O)c2ccc(NC(=O)COc3cccc(C(F)(F)F)c3)cc2C1=O;COc1ccccc1OCC(=O)N1CCC(Cc2c[nH]c3ccccc23)CC1;C[N+]1=CN([C@@H]2O[C@H](COP(=O)(O)O)[C@@H](O)[C@H]2O)C2=C1C(O)=NC(=N)N2;O=C(CCc1c[nH]c2ccccc12)Nc1ccccc1S(=O)(=O)C(F)F;OCC1OC(Oc2ccc3[nH]cc(-c4nccs4)c3c2)C(O)C(O)C1O;CCOC(=O)P(=O)(OC)OCC1OC(n2ccc(=O)[nH]c2=O)CC1O;COC1=CC2=C(C=C1OC)CN(C(=O)CCCC1=CNC3=CC=CC=C13)CC2;O=C(O)CNC(=O)c1ccc(NCC(O)C(O)COP(=O)(O)O)cc1;COC1=CC2=C(C=C1OC)[C@@H](NC(=O)CCCC1=CNC3=CC=CC=C13)CC2;CN(Cc1c(F)cccc1Cl)C(=O)CNC(=O)c1ccc2c(c1)OCO2;O=c1ccn(C2CC(C=Cc3ccccc3)C(COSP)O2)c(=O)[nH]1;COc1ccc(NC(=O)CCc2c[nH]c3ccccc23)cc1OC1CCCC1;O=C(C=Cc1ccc(C(F)(F)F)cc1)NNC(=O)c1ccc2c(c1)OCO2;COC1=CC=C(C2(C(=O)NCCC3=CNC4=CC=CC=C34)CCOCC2)C=C1;Cc1c2cc(C3OC(CO)C(O)C3O)c(=O)nc-2[nH]c(C(F)(F)F)c1F;COC1=CC2=C(C=C1OC)C(C)N(C(=O)CCC1=CNC3=CC=CC=C13)CC2;COc1ccc(-c2nnc(NC(=O)C(=O)c3c[nH]c4ccccc34)s2)cc1;CCCCC(=O)N(CCc1c[nH]c2ccccc12)Cc1ccc2c(c1)OCO2;CC1=NC=C(COP(=O)(O)O)C(CN[C@@H](CCC(=O)O)C(=O)O)=C1O;O=C(COc1ccc(C(F)(F)F)cc1)NNc1cccc(C(F)(F)F)c1;O=C(CCn1cc(C(F)(F)F)ccc1=O)Nc1cccc(C(F)(F)F)c1;CCC(=O)Nc1c(-c2ccccc2OC(F)(F)F)c(=O)oc2cccnc12;CCCCC(=O)NC(CNC(Cc1ccccc1)C(=O)OC)C(=O)C(=O)O
m_ed201b,Cc1cc(NC(=O)N2CCC(F)(F)C2)nn1C1CCCCC1;CCCCCCCOC1=CC=C(C2=CC=C(C(=O)O)C=C2)C=C1;CN(C)CCn1cc(NC(=O)CNc2ccc(C#N)cc2)cn1;CCCCCCCCCCCOc1cscc1C(=O)OC;CCCCc1ccc(COc2ccc(C(=O)OCC)cc2)cc1;CCCCOc1ccc(NCC(=O)N(C)c2ccccc2)cc1;O=C(N1CCOCC1)N1CCN(C(=O)N2CCOCC2)CC1;COCCN1CCC(NC(=O)c2ccc3ccccc3c2)CC1;COc1ccc2cc(C(=O)NCCCN3CCCC3)ccc2c1;O=C(COc1ccccc1)N1CCN(c2ccccc2O)CC1;CCCCCCCOC(=O)c1ccc(-c2ccc(O)cc2)cc1;CCCCCCOc1ccc(C(=O)NCc2ccncc2)cc1;CCOc1ccc(NC(=O)c2ccc(NC(=O)CC)cc2)cc1;CCOc1ccc(C(=O)NCCCN(C)c2ccccc2)cc1;CC(C)CCCOc1ccc(C(=O)OCc2ccccc2)cc1;COc1ccccc1CN1CCCC(COc2ccncc2)C1;CCN(Cc1ccc2c(c1)OCCO2)C(=O)c1ccc(C)nc1;CCCCCCC1=C(C)C2=C(C=C(C)C3=C2OC=C3C)OC1=O;Cc1cc(CCCCCCCCOc2ccc(C#N)cc2)on1;CCNC(Nc1ccc(OC)c(OC)c1)=[NH+]CCCSC;OC1CCN(c2ccccc2NCCOc2ccccc2)CC1;CCCCOc1ccc(C(=O)Oc2ccc(C(C)C)cc2)cc1;CCn1cc(C2OCCCC2CNc2cnc(C#N)cn2)cn1;CCOc1ccc(C(=O)Nc2cccc(C(=O)N(C)C)c2)cc1;CCOc1ccccc1C(=O)Nc1ccc(C(=O)N(C)C)cc1
m_edaa12,COc1ccc(-n2c(CN3CCOCC3C)nc3ccccc32)cc1;COc1ccc(CCNCc2c[nH]nc2-c2ccc(OC)cc2)cc1;O=C(NCCc1ccc(O)cc1)NCc1cc(-c2ccccc2)on1;O=C(CC1=CNC2=CC=CC=C12)O[C@H]1[C@@H](O)[C@@H](O)[C@H](O)O[C@@H]1CO;CCN1CCN(c2ccc(C(=O)N(C)CCC(=O)O)cc2F)CC1;CCCCCCCCc1ccc(-c2ccc(C(=O)C(=O)[O-])cc2)cc1;O=C(NCCCOc1ccccc1)NCCc1c[nH]c2ccccc12;Cc1ccc(F)c(NC(=O)C(=O)NCCCN2CCC(O)CC2)c1;O=C(CC1=CNC2=CC=CC=C12)O[C@@H]1O[C@H](CO)[C@@H](O)[C@H](O)[C@H]1O;COC[C@H](O)CNC(=O)CC1=C(C)C2=C(O)C=C(O)C=C2OC1=O;N=C(N)NCCC[C@H](N)C(=O)N[C@@H](CC1=CC=C(O)C=C1)C(=O)O;N=C(N)NCCC[C@H](NC(=O)[C@@H](N)CC1=CC=C(O)C=C1)C(=O)O;O=C(CC1=CNC2=CC=CC=C12)OCC1OC(O)C(O)C(O)C1O;Cc1ccc(C(=O)NCCNC(=O)NC(C)C2CCCO2)cc1F;NC(=O)c1ccc(C(=O)Nc2ccc(CCN3CCCC3)cc2)cc1;O=C(NCc1ccc(-c2ccccc2)cc1)c1cc(Cl)ccc1O;CCN(C(=O)Nc1c(-c2ccccc2)[nH]c2ccccc12)C(C)CO;Cc1ccc(CNC(=O)NCc2ccccc2N2CCCC2=O)cc1;COc1c2ccc(C(=O)NCCCCc3ccccc3)cc2nn1C;CC1=CC(O)=C2C(C)=C(CC(=O)NCC3=CC=CC=C3)C(=O)OC2=C1;COc1ccc2ccccc2c1CNc1ccc(N(C)CCO)cn1;COc1ccc2c(c1)CCN(C(=O)Nc1ccc3c(n1)CCC3)CC2;CC1=C(CC(=O)NCCC2=CC=CC=C2)C(=O)OC2=CC(O)=CC=C12;O=C(CCc1ccncc1)NC(Cc1ccccc1)C(=O)NC1CC1;CCN1C(=O)Cc2cc(NC(=O)NCCCc3ccccc3)ccc21
m_edccdd,Cc1nc(C)c(C(=O)N2CCNC(=O)C2C(C)C)nc1C;Cc1ccc(NC(=O)CN2CCCN(C(N)=O)CC2)cc1;Cn1cc(C(=O)N2CCN(C(=O)C3CCCC3)CC2)cn1;CCC(O)CC(=O)NCCc1c[nH]c2ccc(OC)cc12;Cc1ccc(N)c(C(=O)N2CCCC(CNC(N)=O)C2)c1;O=C(CN1CCC2=CC=CC=C2C1)C1=CNC2=CC=CC=C12;COCC(O)CN1CCN(c2nc3ccccc3[nH]2)CC1;C=C(C)CNC(=O)N1CCN(c2cc(OC)ccn2)CC1;Cc1cnc(C(=O)NCCCN2CCCCCC2=O)cn1;COc1ccc2[nH]cc(CCNC(C(=O)O)C(C)C)c2c1;COCCCNC(=O)NCCn1c(C)nc2ccccc21;CNC(=O)N1CCCN(C(=O)Nc2ccc(C)cc2)CC1;CCOc1cccc(N2CCN(C(=O)NC3CC3)CC2)n1;COc1ccc(C(=O)C2([NH+]3CCOCC3)CCCC2)cc1;CCOc1ccc(C(=O)N2CCC(NC(C)=O)CC2)cc1;O=C1CCCCN1CC(=O)N1CCCCC1c1ncc[nH]1;COc1ccc(CCC(=O)N2CCN(C(C)=O)CC2)cc1;Cc1ccc(C(=O)N2CCN(C(=O)N(C)C)CC2)cc1N;CC(=O)N1CCCN(C(=O)NC(C)c2cccnc2)CC1;CC(=O)Nc1ccc(OCC(=O)N2CCCCCC2)cc1;O=C(NCCCN1CCCCCC1=O)Nc1cccnc1;CCCNC(=O)NC1CCN(C(=O)c2ccncc2)CC1;CCNC(=O)N1CCN(C(=O)c2cccc(N)c2C)CC1;Cc1n[nH]c(C)c1NC(=O)CN1CC2C3CCC(O3)C2C1;CNC(=O)NC1CCN(C(=O)c2ncc(C)cc2C)CC1
m_edd5cd,CCOC1CCCN(S(=O)(=O)c2ccc(C(F)(F)F)nc2)C1;O=C1O[C@H]([C@@H](O)CO)C(O)=C1O[C@@H]1O[C@H](CO)[C@@H](O)[C@H](O)[C@H]1O;O=C1O[C@H]([C@@H](O)CO)C(=O)[C@@H]1O[C@@H]1O[C@H](CO)[C@@H](O)[C@H](O)[C@H]1O;OCC(O)c1oc(O)c(OC2OC(CO)C(O)C(O)C2O)c1O;CC1=CC=CC2=C1C(O[C@@H]1O[C@H](CO)[C@@H](O)[C@H](O)[C@H]1O)=CC(=O)O2;CCOc1ccc(S(=O)(=O)C(C)C(=O)Nc2cc(C)no2)cc1;COC(=O)c1cc(S(=O)(=O)NCCc2ccc(N)cc2)c(C)o1;CC1=CC(=O)OC2=CC(O[C@@H]3O[C@@H](CO)[C@@H](O)[C@@H](O)[C@@H]3O)=CC=C12;OC[C@H]1O[C@H](OC2=CC(O)=C(O)C3=CC=CC=C23)[C@H](O)[C@@H](O)[C@@H]1O;CCCC(NS(=O)(=O)c1ccc(OC)c2cccnc12)C(=O)O;NCC1CCN(S(=O)(=O)c2ccccc2OC(F)(F)F)CC1;CC(C)C(NC(=O)CNC(CO)C(O)C(O)C(O)CO)C(=O)O;COC1(C(=O)[O-])CC(O)C(NC(C)=S)C(C(O)C(O)CO)O1;CNC1CCCN(S(=O)(=O)c2cccc(OC(F)(F)F)c2)C1;CC1=CC=CC2=C1C(=O)C=C(O[C@H]1O[C@@H](CO)[C@H](O)[C@@H](O)[C@@H]1O)O2;CC(C)CC(=O)Nc1cc(C(F)(F)F)ccc1NS(C)(=O)=O;NC(=O)C1=CC=CC=C1NC(=O)COC1=CC=C2C=CC(=O)OC2=C1;CNC1CCN(S(=O)(=O)c2ccccc2OC(F)(F)F)CC1;CNCC1CCN(S(=O)(=O)c2cccc(OC(F)(F)F)c2)C1;OC[C@H]1O[C@@H](OC2=CC=C(O)C3=CC=CC(O)=C23)[C@H](O)[C@@H](O)[C@H]1O;CNC1CCCN(S(=O)(=O)c2ccc(OC(F)(F)F)cc2)C1;OCC1OC(OC2=CC=CC3=C(O)C=CC(O)=C23)C(O)C(O)C1O;COc1ccc(S(=O)(=O)NC(C(=O)O)C(C)C)c2ncccc12;C/C=C(\C)C(=O)OC[C@H]1O[C@@H](OC2=CC=CC=C2)[C@H](O)[C@@H](O)[C@@H]1O;CNCC1CCN(S(=O)(=O)c2ccc(OC(F)(F)F)cc2)C1
m_eff2fa,CCC(C)NC(=O)c1cccc(CNC(=O)c2ccc3c(c2)NC(=O)C3(C)C)c1;COc1ccccc1N1CCN(CCCCN2C(=O)c3ccccc3C2=O)CC1;CCCCCCCC(=O)OCC1OC(n2cnc3c(=O)nc(N)[nH]c32)CC1O;Nc1ncnc2c1nc(OCCC1CCCCC1)n2C1OC(CO)C(O)C1O;CC1=C(C(=O)NCCC2=CNC3=CC=CC=C23)C(=O)N(CC2CCCO2)C(C)=C1;COC1=CC=C(CCNC(=O)C2=CC=C3C(=C2)N=CN3C2CCCC2)C=C1OC;Cc1ccc(N2CCC(Nc3cccc(C(=O)N4CCOCC4)c3C)C2=O)cc1;CC1=CC=C(NC(=O)[C@@H](CC2=CNC3=CC=CC=C23)NC(=O)OC(C)(C)C)C=C1;CCCCOc1ccc(NC(=O)N2Cc3[nH]c4ccccc4c3CC2CO)cc1;COc1ccccc1Oc1ccc(CNC2CC(Cn3ccnc3)CC2O)cc1;COC1=CC=C(CCNC(=O)NC2CCCC3=C2NC2=CC=CC=C32)C=C1OC;COc1ccccc1N1CC(C(=O)N2CCCN(c3ccccc3)CC2)CC1=O;CCC(O)CCCCCNc1ncnc2c1ncn2C1OC(C=O)C(O)C1O;CC1=CC=C(NC(=O)[C@@H](CC2=CNC3=CC=CC=C23)NC(=O)OCC(C)C)C=C1;NC(=O)C1CCN(c2ccccc2NC(=O)CC2CCOc3ccccc32)CC1;CC(CCC1=CC=CC=C1)NC(=O)CC[C@@H]1NC(=O)N(CC2=CC=CC=C2)C1=O;COC1=CC=CC(NC(=O)N2CC[C@H]3CC(=O)N(C4=CC=CC=C4)CC[C@H]3C2)=C1;Nc1ncnc2c1ncn2C1OC(COc2cccc3ccccc23)C(O)C1O;O=C(CN1CCC(NC(=O)Cc2ccc3c(c2)CCO3)CC1)Nc1ccccc1;CCOc1ccccc1C(=O)N1CCN(C2CCc3ccccc3NC2=O)CC1;Cc1ccc(N2C(=O)N(CC(=O)NC(C)CCc3ccccc3)C(=O)C2C)cc1;COc1ccc(CCNC(=O)CN(CCc2c[nH]c3ccccc23)C(C)=O)cc1;COc1ccc(CN2CCN(C(=O)c3ccccc3N3CCCC3=O)CC2)cc1;Cc1ccc(CNC(=O)C2CC(=O)N(c3ccccc3N3CCOCC3)C2)cc1;Cc1ccc(C(=O)N2CCN(C(=O)c3ccc(N4CCOCC4)cc3)CC2)cc1
m_f0bee0,CC1CC(NC(=O)NCc2cccc(C(=O)NCc3ccco3)c2)C1;COc1ccc(C(=O)NCCNC(=O)c2ccc(N(C)C)cc2)cc1;CCCCCNC(=O)c1cccc(C(=O)Nc2ccc(OC)cc2)n1;CCNC(=O)c1ccc(NCC(=O)NCc2ccc(OC)cc2)cc1;CC(C)(C)c1ccc(C(=O)NCCNc2ccc([N+](=O)[O-])cc2)cc1;COc1ccc(CCNC(=O)CNc2ccc(NC(C)=O)cc2)cc1;COC1=CC=C(/C=C/C(=O)NCCC2=CC=C(OC)C(OC)=C2)C=C1;COc1ccc(CCNC(=O)c2cccc(C(=O)NC(C)C)n2)cc1;CCOc1cc(C=CC(=O)NCc2ccc(OC)cc2)ccc1OC;CCCCCCCC1=CC=C(C(=O)OC2=CC=C([N+](=O)[O-])C=C2)C=C1;COc1ccc(CN(C)CC(=O)Nc2ccc(NC(C)=O)cc2)cc1;CCCCOc1cc(C(=O)[O-])ccc1CCCc1ccc(OC)cc1;CCCCCNC(=O)c1cccc(C(=O)Nc2cccc(OC)c2)n1;COc1ccc(NCc2ccc(N3CCCCC3)c([N+](=O)[O-])c2)cc1;COc1ccc(NC(=O)c2cncc(C(=O)NCCC(C)C)c2)cc1;COc1cccc(C(=O)NCCNC(=O)NCCc2ccccc2)c1;CCC(C)NC(=O)CCNC(=O)c1ccc(Oc2cccnc2)cc1;COc1cccc(C=CC(=O)NCCc2ccc(OC)c(OC)c2)c1;COc1ccc(CC(=O)N2CC(O)CC2c2cccc(OC)c2)cc1;Cc1cccc(OCC(=O)NCCCNC(=O)c2ccc(C)nc2)c1;COc1ccc(C(C)(C)NC(=O)Nc2cccc(NC(C)=O)c2)cc1;COc1ccc(N2CCCN(c3ccc([N+](=O)[O-])c(C)c3)CC2)cc1;COc1ccc(NC(=O)N2CCN(c3cccc(OC)c3)CC2)cc1;CCOc1ccc(C(C)=NNC(=O)CNc2ccc(OC)cc2)cc1;COc1ccc(C(=O)COc2cccc(C=CC(=O)[O-])c2)cc1OC
m_f10ba9,COC1CN(C(=O)c2c(C)coc2C)CC1c1cn(C)nn1;CC(=O)c1c(O)cc(O)c2c1OC(C)(CCC=C(C)C)CC2;CCOCCCNC(=O)CCn1nnc2ccccc2c1=O;COc1cc2c(N)nc(N3CCCC3)nc2c(OC)c1OC;COCCOC1=CC=C(C2=NOC([C@@H]3CCCN3C)=N2)C=N1;CC1CN(C(=O)Cc2noc(C3(C#N)CCCC3)n2)CCO1;COCCOC1=NC=CC=C1C1=NOC([C@@H]2CCCN2C)=N1;COCCC1(C(=O)Nc2ccc(C(C)(C)C(=O)[O-])cc2)CC1;CCCOc1ccccc1NC(=O)C1CCC(C(=O)[O-])CC1;CCOc1nc(C)ccc1-c1nc(C(C)(C)NC(C)=O)no1;COCCOC1=CC=NC(C2=NOC([C@@H]3CCCN3C)=N2)=C1;COC1=CC=CC(NC(=O)N2CCN3C(=O)N(C)C[C@H]3C2)=C1;CC1(C)CCC(CNC(=O)c2cc(Cn3cccn3)on2)O1;COCc1noc(-c2ccc(N3CCCCC3CO)nc2)n1;CCOc1cccc(C[NH+]2CCC(C(F)(F)F)CC2)c1O;COCCOC1=CC(C2=NOC([C@@H]3CCCN3C)=N2)=CC=N1;COc1ccc(CCC(=O)NCc2n[nH]c(C)n2)cc1OC;Cc1nn(C)c(C)c1C1OCCC1C(=O)Nc1cnoc1C;Cc1noc2ncc(NC(=O)CCCC(=O)NC(C)C)cc12;Cc1cc(CNC(=O)c2c3c(nn2C)C(C)OC(C)C3)on1;CC(=O)CC/C=C(/C)CO[C@@H]1O[C@H](CO)[C@@H](O)[C@H](O)[C@H]1O;CCOc1ccc(NC(=O)C2CCC(C(=O)[O-])CC2)c(C)c1;CCOc1cc(CCCCC(=O)[O-])ccc1NC(=O)C1CC1;CNc1cc(NCc2cc(OC)c(OC)c(OC)c2)ncn1;CCCOc1ccc(C(=O)[O-])cc1NC(=O)C1CCCCC1
m_f1a045,CC(C)n1ccc(C(=O)NC(Cc2ccncc2)C(=O)O)n1;CC([NH3+])CC(O)C1OC(n2ccc(=O)[nH]c2=O)C(O)C1O;OCC1OC(C[NH2+]Cc2ccccc2F)C(O)C(O)C1O;CCN(N=Cc1ccc(OC)cc1)c1cc(=O)n(C)c(=O)[nH]1;Cc1cn(CC(=O)NC(C)Cc2ccncc2)c(=O)[nH]c1=O;Cc1[nH]c(=O)n(CCC(=O)Nc2ccccc2C(N)=O)c1C;NC1CCN(C(=O)CCn2c(=O)[nH]c(=O)c3ccccc32)C1;CCCCn1c(=O)[nH]c(N)c(NC(=O)c2ccccc2)c1=O;CCOc1ccccc1NC(=O)NCCn1cnccc1=O;CC(=O)Cn1cnc2c1c(=O)[nH]c(=O)n2C(C1CC1)C1CC1;COc1cccc(C(=O)N2CCC(n3cn[nH]c3=O)CC2)c1;Cn1ccnc(NC(=O)NC(CO)Cc2ccccc2)c1=O;[NH3+]CCOCc1cn(C2CC(O)C(CO)O2)c(=O)[nH]c1=O;COc1ccc(NC(=O)N2CCc3nc[nH]c3C2)cc1OC;CN(C)c1ccc(NC(=O)CCn2ccc(=O)[nH]c2=O)cc1;CC(=O)N[C@@H]1[C@@H](O)CO[C@@H]1CN1C=C(C2=CC=CC=C2)N=N1;CC(C)NC(=O)CNC(=O)CN1C=NC2=CC=CC=C2C1=O;CC1(C)CC(NC(=O)Cn2cn[nH]c2=O)c2ccccc2O1;Cc1cc(NC(=O)N2CCN(c3cccc(O)c3)CC2)no1;O[C@@H]1[C@@H](N2C=CN=C2)[C@@H]2OCC(O2)[C@H]1NCC1=CC=CC=N1;CCOc1ncccc1NC(=O)Nc1cccnc1OCC;CC(C)NC(=O)CNC(=O)C1=NC2=CC=CC=C2C(=O)N1C;O[C@@H]1[C@@H](N2C=CN=C2)[C@@H]2OCC(O2)[C@H]1NCC1=CC=CN=C1;CC(C)C(=O)NCCNC(=O)C1=NC2=CC=CC=C2C(=O)N1;COc1ccccc1CNC(=O)Cn1c(N)nc(C)cc1=O
m_f22b14,CN(CC1CCCN(C)C1c1cncn1C)c1ccnc(C#N)c1;CC1=CC=C2C(=C1C)CC[C@@H]1[C@H]2CC=C2C[C@@H](C(=O)O)CC[C@@]21C;CC(=O)NCCCCCC(=O)OCC(=O)NC(C1CC1)C1CC1;CCC(=O)NC[C@H]1O[C@H](CC2=NOC(C(C)(C)C)=C2)CC[C@@H]1O;CCCCCCC(C)C(=O)c1ccc(-c2ccc(CO)cc2)cc1;CC(=O)OC1=CC2=C(CCC=C(C)C)C(C)=CC=C2C=C1C(C)C;CC(=C\C(=O)O)/C=C(\C)CC(C)CCCCC1OC(=O)C1CO;Cc1c(C(C)C=O)ccc2c1CC1C2CC=C2CC(O)CCC21C;C=C(C)Cc1[pH]c(CC(C)=CCC2C=CC=C2)c2c1CCCC2;CC(C)CCCC(C)C(=O)c1ccc(OCc2ccccc2)cc1;CCC#CC1=CCC2C3CCC4=CC(=O)CCC4(O)C3CCC12C;CC12CCC(=O)C=C1C=CC1C2CCC2(C)C1CCC21CCC1=O;CC1CC(C(=O)NCC(NC(=O)C2COC(C)C2)C2CC2)CO1;C[C@@H]1C[C@H](CC2=CC=CC=C2)[C@@H]2CC3=C(C(=O)O)CC[C@@]31C2(C)C;C[C@H](CCCC(=O)NC1=CC=CC=C1)CC(=O)NC1=CC=CC=C1;C=C=CC1(O)CCC2C3CCc4cc(OC)ccc4C3CCC21C;O=C(O)CCCCC=CC=CC=CC(O)C[C@@H]1C[C@@H](O)CCO1;CCOc1cccc2ccc(OCC=C(C)CCC=C(C)C)cc12;CCCCCC(=O)N(CCC(C)C)Cc1nc(C(=O)OC)co1;CC(=O)CCCCCCCCOc1ccc(-c2ccccc2)cc1;CNC(=O)CCCCCNC(=O)C=Cc1ccc2ccccc2c1;C#CC1(O)CCC2C3C=C(C)C4=CC(=O)CCC4(C)C3CCC21C;CC(C)(C)OCc1cc(C(=O)NCC2(O)CCCC2(C)C)no1;CC12CCC3C(C(O)CC4CC(O)(F)CCC43C)C1CCC2=O;COc1ccc(C(O)CCCCNC(=O)NC(C)C)cc1OC
m_f22bed,CCCn1nc(C(=O)N2CC(C)OC(c3ccccc3)C2)ccc1=O;CCC(=O)Nc1ccc(O)c(C(=O)N2CCC(n3cccc3)CC2)c1;CCCCCNC(=O)c1cccc(C(=O)Nc2cccc(OC)c2)n1;CCCCCNC(=O)c1cccc(C(=O)Nc2ccc(OC)cc2)n1;CCC(C)NC(=O)c1ccccc1NC(=O)Nc1ccccc1OC;COc1cccc(NC(=O)N2CCN(c3ccccc3OC)CC2)c1;COc1cccc(N2CCN(C(=O)c3ncc(C)cc3OC)CC2)c1;COc1ccc(NC(=O)N2CCN(c3ccccc3)CC2)cc1OC;COc1ccc(NC(C)=O)cc1NCC(=O)NCc1ccc(C)cc1;COC1=CC=C(NC(=O)C2=CC3=CC=C(O)C=C3OC2=O)C=C1OC;Cc1cccc(OCC(=O)NCCCNC(=O)c2ccc(C)nc2)c1;COc1cccc(C(=O)NCCNC(=O)NCCc2ccccc2)c1;Nc1ccccc1NC(=O)CCCCCC(=O)Nc1ccc(O)cc1;CCOc1ccccc1N1CCN(C(=O)c2ccc(=O)n(C)c2)CC1;COc1cc(C)cc(C)c1C(=O)N1CCN(C(=O)c2ccc[nH]2)CC1;Cc1nc(CC(C)C)oc1C(=O)N1CCCc2c(C(N)=O)cccc21;COc1ccc2cc(CNC(=O)C3CCCN(C(N)=O)C3)ccc2c1;O=C(Cc1noc(-c2ccc(OCC3CC3)cc2)n1)NC1CCCC1;Cc1ccc(C(C)C)c(OCC(=O)NNC(=O)Nc2ccccc2)c1;Cc1occc1C(=O)NC1CCN(C(=O)NCc2ccccc2)CC1;COc1cccc(CNC(=O)NCC(=O)Nc2c(C)cccc2C)c1;CC(C)Cn1ncc(C(=O)NCc2ccc(C(=O)O)cc2)c1C1CC1;Cc1ccc(C(=O)N2CCC(NC(=O)c3cc(C)on3)CC2)c(C)c1;COc1cn(CC(=O)N2CCN(c3ccccc3)CC2)c(C)cc1=O;COc1ccc(NC(=O)N2CCN(c3cccc(OC)c3)CC2)cc1
m_f24d72,COc1ccc(C)cc1S(=O)(=O)NCCc1cccc(C(=O)O)n1;COCCOCCOc1ccc(C=C2C(=O)NC(=S)NC2=O)cc1;N#Cc1cccc(C(=O)NCCOc2ccc(OC(F)(F)F)cc2)c1;CC1(C)S[C@@H]2[C@H](NC(=O)CC3=CC=C(O)C=C3)C(=O)N2[C@H]1C(=O)O;CC1(C)S[C@@H]2[C@H](NC(=O)COC3=CC=CC=C3)C(=O)N2C1C(=O)O;COCCOc1ccc(C(=O)Nc2ccc(S(N)(=O)=O)cc2)cc1;O=C(CCOc1ccc(Cl)cc1)NC1CCN(C(=O)C2CC2)CC1;CCOC(=O)Cc1csc(NC(=O)COc2ccc(OC)cc2)n1;COc1ccc(OCCC(=O)OCC(=O)c2ccc(F)c(F)c2)cc1;COCCOCCOCCOc1ccc2cc(C(C)=O)c(=O)oc2c1;COCCOCCCNC(=O)c1csc(-c2ccc(OC)cc2)n1;OC1COC(Oc2cccc(Cc3ccc(Cl)cc3)c2)C(O)C1O;O=S(=O)(CCCOc1ccc2c(c1)OCO2)NCc1ccncc1;O=C(C=C(O)c1ccc(OCCCCCCCl)cc1)C(F)(F)F;N#Cc1ccccc1C(=O)NCCOc1ccc(OC(F)(F)F)cc1;COc1ccc(OCCS(=O)(=O)Nc2ccc(C(N)=O)cc2)cc1;CCCCOCCOCCOCCn1nc(N)nc1Br;CC1=CC=C(OC(=O)C2=CC=CO2)C(C(=O)/C=C/C2=CC=C(F)C=C2)=C1;Cc1ccc(OCCNC(=O)NCc2cccc(OC(F)F)c2)cc1;CCOc1ccc(C(=O)COC(=O)c2cccc(OC(F)F)c2)cc1;O=C(OCc1ccccc1)c1ccc(OC(=O)c2ccccc2F)cc1;O=C(Nc1cccc(OCCO)c1)c1ccc(Nc2ncccn2)cc1;O=c1ccn(C2SC(CO)C(O)C2OCc2ccccc2)c(=O)[nH]1;CCOC(=O)c1ccc(OCC(=O)c2ccc(OC(F)F)cc2)cc1;CCOCCOCCOC(=O)CN1C(=O)NC(c2ccccc2)C1=O
m_f2d901,Cc1noc(C2COCCN2Cc2cccc(F)c2F)n1;OC[C@H]1O[C@@H](OC[C@H]2NC[C@@H](O)[C@@H]2O)[C@H](O)[C@@H](O)[C@@H]1O;OC[C@H]1NC[C@@H](O[C@@H]2O[C@H](CO)[C@@H](O)[C@H](O)[C@H]2O)[C@@H]1O;CCN(CC)C(=S)OC1C(O)C(O)OC(CO)C1O;CC(=O)NC1C(OCC(O)CO)OC(CO)C(O)C1O;[N-]=[N+]=NC1C(OCc2ccccc2)OC(CO)C(O)C1O;CC(=O)NC1C(O)C(O)C(CO)OC1C(O)C(O)CO;CCNc1ncnc2c1ncn2C1OC(CO)C(O)C1O;COC1C(C2=CCc3c2[nH]c(N)nc3=O)OC(CO)C1O;CNC1=NC(C)=NC2=C1N=CN2[C@@H]1O[C@H](CO)[C@H](O)[C@H]1O;CNc1ncnc2c(C3OC(CO)C(O)C3(C)O)coc12;CCN(CC)[N+]([O-])=NOC1OC(CO)C(O)C(O)C1O;CN(C)C1=NC=NC2=C1N=CN2[C@@H]1O[C@@H](CO)[C@@H](O)[C@H]1O;Cn1c(=O)c2ccn(C3CC(O)C(CO)O3)c2n(C)c1=O;CCc1nc2c(N)ncnc2n1C1OC(CO)C(O)C1O;CCC1(O)C(c2coc3c(N)ncnc23)OC(CO)C1O;Cc1nc(N)c2nc(C)n(C3OC(CO)C(O)C3O)c2n1;OCC1CN(c2ncnc3c(F)c(F)ccc23)CCC1O;Nc1ncc(-c2ccc(F)cc2OCc2ccccc2)cn1;CCNc1ncnc2c1cnn2C1OC(CO)C(O)C1O;CN(C)c1nncc2c1ncn2C1OC(CO)C(O)C1O;CCn1c(=O)c(C)cn(C2(C#N)CC(O)C(CO)O2)c1=O;CCOC1C(O)C(CO)OC1n1cnc2c(N)ncnc21;NCC(=O)NC(Cc1ccc(O)cc1)C(=O)NCC(=O)O;OCCNC1=NC=NC2=C1N=CN2[C@H]1C[C@@H](O)[C@@H](CO)O1
m_f55e93,O=C(NCC1CCC(F)(F)C1)c1ccc(Cn2nnc3ccccc32)cc1;COC1=CC=C(/C=C/CCO[C@@H]2O[C@H](CO)[C@@H](O)[C@H](O)[C@H]2O)C=C1OC;CC(=O)OC[C@H]1O[C@@H](O[C@H](C)CCC2=CC=C(O)C=C2)[C@H](O)[C@@H](O)[C@@H]1O;Cc1ccc(-c2cn(C3OC(CO)C(O)C3O)c3ncnc(N)c23)cc1C;CC1=CC=C(S(=O)(=O)NC[C@H]2O[C@@H](CO)[C@@H](O)[C@H]2N2CCCC2)C=C1;CC(=O)OC[C@H]1O[C@@H](OC2=CC(C(C)C)=C(O)C=C2C)[C@H](O)[C@@H](O)[C@@H]1O;O=S(=O)(NC[C@H]1O[C@@H](CO)[C@@H](O)[C@H]1N1CCCCC1)C1=CC=CC=C1;CC(C)CNS(=O)(=O)c1ccc(C(=O)N2CCC(CO)C(O)C2)cc1;Cc1ccc(S(=O)(=O)OCC(O)CCCC=CC[Si](C)(C)C)cc1;C/C(=C\CC1=CC(O)=C(C)C=C1O[C@@H]1O[C@H](CO)[C@@H](O)[C@H](O)[C@H]1O)CO;CCOC(=O)N1CCN(S(=O)(=O)c2cc(C(C)C)ccc2OC)CC1;CCOCC=CC1=CC=C(OC2OC(CO)C(O)C(O)C2O)C(OC)=C1;COCCOCC(=O)N1CCN(S(=O)(=O)c2ccc(C)cc2C)CC1;CCOc1ccccc1CNC(=O)Cn1c(CC)nc2onc(C)c2c1=O;COc1ccc(S(=O)(=O)NC2CCN(C(=O)OC(C)(C)C)CC2)cc1;CC1=CC(C(=O)CCCCCO)=C(O)C=C1O[C@H]1O[C@H](CO)[C@@H](O)[C@H]1O;COC1CC(CN(C)S(=O)(=O)c2cc(C(=O)O)c(C)cc2C)N(C)C1;CC(NC(CC1=CNC=N1)C(=O)O)C(NC(=O)C(N)CC(N)=O)C(=O)O;CCONC(=O)c1ccc(OC)c(S(=O)(=O)N2CC(C)CC(C)C2)c1;NC(=O)c1ccc(OCCC(O)N2CC=C(c3ccc(F)cc3)CC2)cc1;CCCCn1c2c(=O)n(C)c(=O)n(C)c2n2c(-c3ccc(F)cc3)nnc12;C=CC(CCCCC)O[C@@H]1O[C@H](COS(=O)(=O)O)[C@@H](O)[C@H](O)[C@H]1O;COC1=CC=CC=C1C1=CC=NC(N[C@H]2CO[C@H]3[C@@H]2OC[C@@H]3NC(C)=O)=N1;CCS(=O)(=O)N1CCC(NC(=O)Cc2ccc(OC)cc2OC)CC1;CCCc1cc(NC(=O)NC(c2ccc(OC)c(F)c2)C(F)F)n(C)n1
m_f5c42c,Cc1ccccc1C1(CNC(=O)NCC2(O)CCC2)CC1;CCCCCCNC(Cc1c[nH]c2ccccc12)C(=O)O;CCCCCCC(=O)NCCc1c[nH]c2ccc(O)cc12;COC1=CC(O)=C(C(=O)CCC2=CC=C(O)C=C2)C(O)=C1;CN1C2CCCC1CC(NC(=O)Cc1ccc(O)cc1)C2;COC1=CC=C(CCC(=O)C2=C(O)C=C(O)C=C2O)C=C1;CCC(C)C(C)NC(Cc1c[nH]c2ccccc12)C(=O)O;CCC(CC)C(=O)NCCC1=CNC2=CC(OC)=CC=C12;CC[C@@H](C)[C@@H](CO)NC(=O)CCC1=CNC2=CC=CC=C12;O=C(CCc1ccccc1)NNC(=O)CC1CCCCC1;COc1ccc(CCN2CCN(C(=O)C3CC3)CC2)cc1;COC1=CC(O)=C(CCC(=O)C2=CC=C(O)C=C2)C(O)=C1;CCOC(=O)CCCCCCNc1ccc2[nH]ccc2c1;CCCC(O)CNC(=O)CCCc1c[nH]c2ccccc12;CCCCCCCCc1nc2c(C(=O)OC)cccc2[nH]1;COC1=CC=C(/C=C/C(=O)NCCCN2CCCC2)C=C1;CC(CCO)CNC(=O)CCCc1c[nH]c2ccccc12;O=C(O)C1=CC(C2=CNC3=CC=CC=C23)=NC2=CC=CC=C12;COC1=CC(C(=O)OCCC2=CC=C(O)C=C2)=CC=C1O;COc1ccc(C(=O)NCC2CCN(C3CC3)CC2)cc1;COC1=CC([C@H]2N3C[C@@]4(C)C[N@]2C[C@@](C)(C3)C4)=CC=C1O;O=C(C(=O)C1=CNC2=CC=CC=C12)C1=CNC2=CC=CC=C12;COc1c(N)cccc1C(=O)N1CCCC2CCCCC21;COc1ccccc1C1CCN(C(=O)C2(N)CCCC2)C1;COC1=CC(O)=C(C(=O)O)C(CCC2=CC=C(O)C=C2)=C1
m_f7002e,O=C(NC1CCC(O)CC1)C1CC1c1cccc(Br)c1;CC1=CN([C@@H]2O[C@H](COP(=O)(O)O)[C@@H](O)[C@H]2O)C(O)=NC1=N;[NH3+]CP(=O)([O-])OCC1OC(n2ccc(=O)[nH]c2=O)C(O)C1O;O=C(CC1=CNC2=CC=CC=C12)O[C@@H]1O[C@H](CO)[C@@H](O)[C@H](O)[C@H]1O;COC1=CC(/C=C/CNCCCCNCCCN)=CC(OC)=C1O;N=C(N)NCCC[C@H](NC(=O)[C@@H](N)CC1=CC=C(O)C=C1)C(=O)O;CCCCCCCCCCCC(=O)NC(Cc1ncc[nH]1)C(=O)O;CCCCCCCCCCCC(=O)NC(Cc1c[nH]cn1)C(=O)O;O=C(COc1c(Cl)cccc1Cl)NCCCc1ccccc1;N=C(N)NCCC[C@H](N)C(=O)N[C@@H](CC1=CC=C(O)C=C1)C(=O)O;CC(C)C1=CC=C([C@@H](C#N)O[C@@H]2O[C@H](CO)[C@@H](O)[C@H](O)[C@H]2O)C=C1;O=C(CC1=CNC2=CC=CC=C12)O[C@H]1[C@@H](O)[C@@H](O)[C@H](O)O[C@@H]1CO;O=C(O)CCC(=O)OCCC(NCCCc1ccccc1)C(=O)O;CC(C)(C)OC(=O)NCCCOC1OC(CO)C(O)C(O)C1O;CC(C)C[NH2+]CC(O)COc1c(Cl)cc([N+](=O)[O-])cc1Cl;COC1=CC=C(C(=O)NCCNC(=O)C2=CNC3=CC=CC=C23)C=C1;COCCN(CC(=O)O)C(=O)c1ccc(-c2ccccc2Cl)o1;O=C(CCCOc1ccc(Cl)cc1)NCc1ccc(Cl)cc1;O=C(CCOc1ccc(F)cc1Cl)N1CC(F)(F)CC1CO;O=C(Nc1ccc2ccccc2c1)c1cc([N+](=O)[O-])cc([N+](=O)[O-])c1;O=C(COc1ccc(F)cc1)NNC(=S)Nc1ccccc1F;O=C(NCC(O)CCc1ccccc1)c1c(Cl)cccc1Cl;COc1ccc(Cl)cc1C(=O)NCCCc1cccc(Cl)c1;CCCCCCCCC[P+](O)(O)C=C1OC(CO)C(O)C1O;O=P([O-])([O-])Nc1cccc(O)c1C(O)CCc1ccc(O)cc1
m_f7302f,CC(C)n1ncc(C(=O)N2CCNCC2)c1C(F)(F)F;COC1=CC=CC=C1NC(=O)N1CCN2C(=O)NC[C@H]2C1;COC1=CC=C(CCNC(=O)CC2=NNC=N2)C=C1OC;COC1=CC=CC(NC(=O)N2CCN3C(=O)NC[C@H]3C2)=C1;CNc1ncnc(Nc2ccc(OC)c(OC)c2)c1OC;COc1ccc(OCCNc2ncnc(OC)c2N)cc1;COCCCNc1nc(=O)n(-c2ccc(C)cc2)c(=O)[nH]1;CCOc1ncnc(Nc2ccc(OC)cc2OC)c1N;CNc1ncnc(Nc2ccc(OC)cc2OC)c1OC;Cc1cccc(OCCNc2c(N)n(C)c(=O)[nH]c2=O)c1;COCCNC(=O)NCc1nc2ccccc2c(=O)n1C;COc1cnc(C(=O)NC2CC(=O)N(C3CC3C)C2)nc1;CCCC1[NH2+]N(C2OC(CO)C(O)C2O)C(=O)NC1=O;COc1ccc(CNC(=O)Cn2cc(N)cn2)c(OC)c1;COCCOc1ccc(C(=O)NCCn2nccn2)cc1;COCCn1cc(NC(=O)c2ccc(N)c(OC)c2)cn1;COc1ccc(CNC(=O)c2c(N)n[nH]c2C)cc1OC;COc1cc(Nc2nc(N)ncc2C)cc(OC)c1OC;COC1(C)CN(C2OC(CO)C(O)C2O)C(=O)[NH+]=C1N;COc1cc(C(=O)N2CCN3C(=O)NCC3C2)ccc1N;COc1ccc(C(C)Nc2c(N)n(C)c(=O)[nH]c2=O)cc1;CCCCNC(=O)c1cnc2c(c1)c(=O)n(C)c(=O)n2C;CN(CCO)c1c(N)n(Cc2ccccc2)c(=O)[nH]c1=O;COCC1=CN(C2OC(CO)C(O)C2O)C(=O)NC1[NH3+];COCCOc1cccc(NC(=O)c2n[nH]c(C)c2N)c1
m_f82743,Cn1cc(CC(=O)N2CCCC2(C)Cc2cccc(F)c2)cn1;CCOC(=O)c1cn(C2OC(CO)C(O)C2O)c(=O)nc1N;COC(C)C1OC(n2cc(C(N)=O)c(=O)[nH]c2=O)C(O)C1O;Cc1cn(C2OC(CO)C([N+](=O)[O-])C2CCO)c(=O)[nH]c1=O;CCCCCCC1OC(n2cc(F)c(N)nc2=O)C(O)C1O;COC1(F)C(O)C(CO)OC1n1cnc2c(=O)nc(N)[nH]c21;CN1CN(C2OC(CO)C(O)C2O)c2[nH]c(N)nc(=S)c21;Nc1ncnc2c1ncn2C1OC(CO)C(O)C1(O)OCF;O=C(O)[C@H](CN1C=C(Cl)C(=O)NC1=O)NC1CCCCC1;CCOC(=O)CCn1cc(N(CCO)CCO)c(=O)[nH]c1=O;CN(C)c1ncnc2c1ncn2C1C2CC3C(COC31)C2CO;O[C@@H]1[C@@H](N2C=NC3=CC=CC=C32)[C@@H]2OCC(O2)[C@H]1NC1CCC1;[N-]=[N+]=NCC(CO)C1(O)COC(n2ccc(=O)[nH]c2=O)C1F;Cc1cnn(C2CC3CCC(C2)N3c2cc(=O)n(C)c(=O)[nH]2)c1;[N-]=[N+]=NCCC1(CO)OC(n2ccc(=O)[nH]c2=O)C(F)C1O;c1nc(N2CCOCC2C2CCCO2)c2ncn(C3CC3)c2n1;COCCn1c(=O)[nH]c(=O)c2c(-c3ccc(F)cc3)ccnc21;Nc1cc(C2CC(O)C(CO)O2)ccc1OCc1ccccc1;C=C1C(CC)C(O)CC1n1cnc2c(C)nc(NC(C)=O)nc21;CC(C)(CNC(=O)Cn1c(=O)[nH]c(=O)c2ccccc21)C1CC1;Cc1cn(Cc2ccc(CCCCC(N)=O)cc2)c(=O)[nH]c1=O;CC(C)NC(=O)NC[C@H]1O[C@@H](CC(=O)NC2CC2)[C@H](O)[C@@H]1O;CCc1c(Cc2ccccc2)c(=O)[nH]c(=O)n1N1CC[NH2+]CC1;CCCCCCNC(=O)n1cc(-c2ccccc2)c(=O)[nH]c1=O;O=C(N[C@H]1CO[C@@H](CN2CCOCC2)[C@@H]1O)N1CCOCC1
m_f858ee,CCOc1nc(C(=O)N2CCCc3c2cccc3C(F)(F)F)co1;COC1=CC=C(N2C(C)=NC3=CC=C(OCC(=O)O)C=C3C2=O)C=C1;Cc1ccc(NC(=O)c2ccc(-n3nc(C)c(Cl)c3C)cc2)nc1;CCN1C(=O)C(/C(C)=N/C2=CC=C(Cl)C=C2)=C(O)C2=CC=CC=C21;O=C(O)c1ccc(O)c(NC(Cc2c[nH]c3ccccc23)C(=O)O)c1;COc1cc(OC)c(C=NN2C(=O)c3ccccc3C2=O)c(OC)c1;COC1=CC=C(NC(=O)COC2=CC=C3C(C)=CC(=O)OC3=C2)C=N1;Cc1nn(-c2ccc(C(=O)NCc3ccncc3)cc2)c(C)c1Cl;O=C(c1n[nH]c2ccccc12)N1CCN(c2ccc(Cl)cc2)CC1;Cc1cc(C)cc(NC(=O)c2sc(-c3ccc(F)cc3)nc2C)c1;Cc1ccc(CC(=O)NCCCCNC(=O)c2cccc(O)c2)cc1;CCOc1nc2cccc(C(=O)O)c2n1Cc1ccc(C(=O)O)cc1;CCCCCCCCCCOc1ccc(C=O)cc1Br;CNc1ccc(C(=O)N2CCn3c(cc4c(Cl)cccc43)C2)cn1;O=C(O)COc1cccc(NC(=O)CN2Cc3ccccc3C2=O)c1;O=C(c1ccc2cc[nH]c2c1)N1CCN(c2ccncc2Cl)CC1;COC(=O)c1cc(C#N)c(=O)n(CC(=O)c2cc(C)ccc2OC)c1;CN(CCc1ccc(Cl)cc1)C(=O)c1cccc(-n2cncn2)c1;CCOC(=O)c1cccc(NC(=O)Cn2c(=O)oc3ccccc32)c1;Cn1c(=O)cc(C(=O)NCCc2ccc(Cl)cc2)c2ccccc21;Cc1cc(=O)c(OCC(=O)Nc2ccc3c(C)cc(=O)[nH]c3c2)co1;Cc1ccc(NC(=O)c2c(C)nn(Cc3ccccc3)c2Cl)nc1;COc1cc2c(c(OC)c1OC)C(C#N)N(c1ccc(O)cc1)C2=O;CCN(C)C(=O)c1cccc(OCC(=O)Nc2cc(C)cc(C)c2)c1;COc1cccc(C(=O)OCc2nc(-c3ccccc3OC)no2)c1
m_f866a0,Cn1nc2c(c1NC(=O)C1CCN(S(=O)(=O)c3cccs3)CC1)CCC2;CCCCCCCCCCC[C@H](C(=O)O)[C@@](O)(CC1=CC=C(O)C=C1)C(=O)O;COC1=CC(O)=CC(C2=CC=C(O[C@@H]3O[C@H](CO)[C@@H](O)[C@H](O)[C@H]3O)C(O)=C2)=C1;O=C(NC1=CC=CC=C1C(=O)N[C@@H](CC1=CC=C(O)C=C1)C(=O)O)C1=CC=CO1;COC1=CC(O[C@@H]2O[C@H](CO)[C@@H](O)[C@H](O)[C@H]2O)=CC(C2=CC=C(O)C(O)=C2)=C1;O=C(c1ccc(O)cc1)c1ccc(-c2ccc(C(=O)c3ccc(O)cc3)cc2)cc1;O=C(CCc1ccco1)c1c(O)cccc1OC1OC(CO)C(O)C(O)C1O;COC(=O)C1=C(C(=O)OC)[C@@H]2O[C@H]1C(C1=CC=C(O)C=C1)=C2C1=CC=C(O)C=C1;CC(=O)C1=C(C)C=C2C=C(O)C=C(O[C@@H]3O[C@H](CO)[C@@H](O)[C@H](O)[C@H]3O)C2=C1O;O=C(O)[C@H]1O[C@@H](OC2=CC=C3C=CC4=CC=CC5=CC=C2C3=C45)[C@H](O)[C@@H](O)[C@@H]1O;O=C(c1ccccc1)c1cc(O)ccc1-c1ccc(O)cc1C(=O)c1ccccc1;CC(=O)CC1=CC(=O)C2=C(C)C=C(O[C@@H]3O[C@H](CO)[C@@H](O)[C@H](O)[C@H]3O)C=C2O1;CC/C=C\CCO[C@@H]1O[C@H](CO[C@@H]2OC[C@@H](O)[C@H](O)[C@H]2O)[C@@H](O)[C@H](O)[C@H]1O;CCC/C=C\C=C\CCC1=CC(O)=C([C@@H]2O[C@H](CO)[C@@H](O)[C@H](O)[C@H]2O)C(O)=C1;CC/C=C\CCO[C@@H]1O[C@H](CO)[C@@H](O)[C@H](O)[C@H]1O[C@@H]1OC[C@@H](O)[C@H](O)[C@H]1O;CCC/C=C/CO[C@@H]1OC[C@H](O)[C@H](O)[C@H]1O[C@@H]1O[C@H](CO)[C@@H](O)[C@H](O)[C@H]1O;CC(=O)OC1C(OC(=O)C=Cc2ccccc2)OC(CO)C(O)C1OC(C)=O;CC(=O)CC1=CC(O[C@@H]2O[C@H](CO)[C@@H](O)[C@H](O)[C@H]2O)=CC2=C1C(=O)C=C(C)O2;NC(=O)NCCCC(NC(=O)Cc1csc(-c2ccccc2F)n1)C(=O)O;CCC/C=C/CO[C@@H]1O[C@H](CO[C@@H]2OC[C@H](O)[C@H](O)[C@H]2O)[C@@H](O)[C@H](O)[C@H]1O;CCCCCCCCC(=O)OCC1OC(OC(CO)CO)C(O)C(O)C1O;C=C(C)CCO[C@@H]1O[C@H](CO)[C@@H](O[C@@H]2O[C@@H](C)[C@H](O)[C@@H](O)[C@H]2O)[C@H](O)[C@H]1O;CCCCO[C@@H]1[C@H](O)[C@@H](COP(=O)(O)O)O[C@H]1N1C=C(C)C(O)=NC1=O;CC/C=C\CCO[C@@H]1O[C@H](CO[C@@H]2OC[C@](O)(CO)[C@H]2O)[C@@H](O)[C@H](O)[C@H]1O;COC(=O)[C@H](C)NC(=O)CNC(=O)[C@H](C)NC(=O)[C@H](N)CC1=CC=C(O)C=C1
m_f8bf38,COC1(C(=O)O)CCN(C(=O)c2cccc(C)n2)C1;NC(=O)CC[C@H](NC(=O)CC1=CC=CC=C1)C(=O)O;CCCCCCCCCCC(Br)CO;CCOC(=O)CCC(=O)Nc1ccccc1C(N)=O;CCCCNC(=O)NC(=O)CSCC(O)CO;CCCCCCCCCCCC(O)Br;CCCCCC(Cl)C(OC(C)=O)C(=O)OCC;CCOC(=O)CCNC(=O)c1ccc(C(N)=O)cc1;CCOC(=O)CCC(=O)Nc1ccc(C(N)=O)cc1;CCCCCCCCOC(=O)C(C)P(=O)([O-])[O-];CCC(O)CCCCCCCCCBr;CCCCNC(=O)C(O)C(O)C(O)C(O)C(=O)[O-];CCCCCC(O)c1cc(F)ccc1C(F)(F)F;COc1ccnc(C(=O)NC(CC2CC2)C(=O)O)c1;CCOC(=O)CC(=O)Nc1ccc(NC(C)=O)cc1;COC(=O)c1cccc(C(=O)NC2CCOCC2)n1;CCCCCCCCOC(C)(C)CBr;OCCCCCCCCCCCCBr;O=C(NC(Cc1ccncc1)C(=O)O)C1CCOC1;N#CCCOC1=CC=C([C@@H](O)[C@@H](CO)NC=O)C=C1;COc1ncccc1C(=O)NC1(C(=O)O)CCCC1;CCNC(=O)COC(=O)c1cccc(NC(C)=O)c1;CCC(=O)NCC(=O)Nc1ccccc1C(=O)OC;COc1ccccc1OCC(=O)NC1CNC(=O)C1;CC(CO)NC(=O)CCn1c(=O)oc2ccccc21
m_f8d39e,CCCN(C(=O)c1cc(C)cc(O)n1)C1CCc2ccccc2C1;C[C@H](O)[C@H](CCO[C@@H]1O[C@H](CO)[C@@H](O)[C@H](O)[C@H]1O)C(C)(C)O;CC1CCN(c2ccccc2NC(=O)COc2ccccc2)CC1;CCCCOOC1C(O)OC(CO)C(O)C1OOCCCC;Cc1cccc(OCC(=O)Nc2ccccc2N2CCCC2)c1C;CCOC(=O)C1=C(O)C=C(O)C=C1CCCCCCC[C@H](C)O;Cc1cccc(C)c1OCC(=O)Nc1ccccc1N1CCCC1;Cc1ccc(C)c(OCC(=O)Nc2ccccc2N2CCCC2)c1;CCc1ccccc1OCC(=O)Nc1ccccc1N1CCCC1;CCCCCC/C=C\CCCCCC1=CC(O)=C(Cl)C(O)=C1;Cc1ccc(OCC(=O)Nc2ccc(NC3CCCC3)cc2)cc1;Cc1ccc(CNC(=O)N2CCC(c3ccc(O)cc3)CC2)cc1;COc1cc(CCNC(=O)NC2CCCCC2CO)ccc1F;COc1cc(CNC(=N)NCCCCC(N)C(=O)O)ccc1O;CC(C)(CCO)NC(=O)Nc1ccc(OC2CCCC2)c(F)c1;CC1CCN(C(=O)COc2ccc(Nc3ccccc3)cc2)CC1;Cc1ccc(-c2ccc(C(=O)NC3CCC(O)CC3)cc2)c(C)n1;COC(C(=O)N1CCC(Nc2ccccc2)CC1)c1ccccc1;CN(C)c1cccc(C(=O)N2CCC(c3ccc(O)cc3)CC2)c1;CCCCC[NH2+]CC(O)COC1OC(CO)C(O)C(O)C1O;O=C(NC1CCCCC1)OCC1CN(C2CCCCC2)C(=O)O1;Cc1cc(C)cc(CCNC(=O)NC2c3ccccc3CC2O)c1;Cc1nc(CC2CC2)oc1C(=O)N1CCCC(c2ccccc2)C1;CCCCCC(=NNC(=O)COc1ccccc1)c1ccccc1;CCC1OC(OC2C([NH3+])CC([NH3+])C(O)C2O)C(O)C(O)C1O
m_f8ef30,O=C(CCc1nccs1)N1CCN(CCO)CC1;N[C@@H](CC1=CC=C(C(=O)C2=CC=CC=C2)C=C1)C(=O)O;O=C(NCCOC(=O)C1=CC=CC=C1)C1=CC=CC=C1;CCCCCCCCOC(=O)c1ccc(Cl)nc1;CCCCCCCCOC(=O)c1cc(Cl)ccn1;CCCCCCCOC(=O)Nc1ccc(Cl)cc1;CCCCCCCCOC(=O)c1cnccc1Cl;CCCCCCCCOC(=O)c1cccc(Cl)n1;O=C(O)C(Cc1ccccc1)NCC(O)C(O)CO;CCOC(=O)CCCCCNc1cccc(Cl)c1;O=C(CCCCCl)NCCCOc1ccccc1;CCCCNC(=O)OCCCc1ccc(Cl)cc1;O=C(CNC(=O)c1ccccc1)NCc1ccncc1;CC(=O)Oc1ccc(CNC(=O)c2ccccc2)cc1;CC(C)N(C(=O)COc1ccc(Cl)cc1)C(C)C;O=C(N[C@@H](CC1=CC=CC=C1)C(=O)O)C1=CC=CC=C1;CCOC(=O)Nc1ccc(C(=O)c2ccccc2)cc1;CCCCCC(C)OC(=O)c1ccc(Cl)c(N)c1;COC1=CC(CCNCC(=O)O)=CC(OC)=C1OC;COCCOC(=O)c1ccc(OCCCO)c(N)c1;CCCCOc1ccccc1-c1ccccc1C(=O)[O-];COc1cc(CNCCCC(=O)O)cc(OC)c1O;CCCCCCOc1cccc(CNC(=O)Cl)c1;COC1=CC=CC(NC(=O)CC(=O)C2=CC=CC=C2)=C1;COc1cc(OC)c(N)c(C(=O)OCCCCO)c1
m_fb2bcc,CCOC1CC(CC(=O)Nc2c(C(=O)OC)n(C)c3ccccc23)C1;COC1=CC(C(=O)O)=CC=C1O[C@@H]1O[C@H](C(=O)O)[C@@H](O)[C@H](O)[C@H]1O;O=C(CCc1ccccc1C(=O)O)NC1CCN(C(=O)C2CC2)CC1;COC1=CC(C(=O)OC2O[C@H](C(=O)O)[C@@H](O)[C@H](O)[C@H]2O)=CC=C1O;O=C(O)c1cccc(C(=O)NC2CCN(C(=O)C3CCCCC3)C2)c1;O=C(COC(=O)c1ccc(N2CCCC2=O)cc1)NC1CCCCC1;CCOC(=O)c1c(C)[nH]c(C(=O)NCCc2ccc(OC)cc2)c1C;CCOc1ccc(C(=C(CC)c2ccccc2)c2ccc(O)cc2)cc1;CCCN(C(=O)c1cc2cc(OC)ccc2cc1O)N1CCOCC1;CCOc1ccccc1NC(=O)CCNc1cc(OC)ccc1OC;CCOC(=O)c1c(C)[nH]c(CCC(=O)Nc2cccc(OC)c2)c1C;CCOc1ccc(NCCC(=O)Nc2ccc(OC)cc2OC)cc1;CCOc1ccc(CNC(=O)Nc2cccc(OC)c2)cc1OCC;O=C(O)c1cccc(CCNC(=O)C2CC(=O)N(C3CCCC3)C2)c1;COC1=CC=C(C(=O)OC2O[C@H](C(=O)O)[C@@H](O)[C@H](O)[C@H]2O)C=C1O;O=C(O)c1ccccc1C1CCN(C(=O)CN2CCCCC2=O)CC1;CCOc1ccc(NCCC(=O)Nc2cc(OC)ccc2OC)cc1;CC(CCc1ccc(C(N)=O)cc1)NCC(O)c1ccc(O)c(O)c1;COc1ccc(CNC(=O)NCCc2ccc(OC)c(OC)c2)cc1;CCOc1cc(C(=O)NCc2ccccn2)cc(OCC)c1OCC;O=C(NC1(C(=O)O)CCCCC1)c1ccc(CN2CCCC2=O)cc1;CC(=O)c1ccc(Oc2ccc(CCCCc3ccccc3)cc2)cc1;O=C(O)C1=CC(OC2OC(CO)C(O)C(O)C2O)=CC(C(=O)O)=C1;COc1ccc(CNC(=O)CCNc2ccc(OC)cc2OC)cc1;CCOC(=O)c1ccccc1NC(=O)Cc1oc(C(C)(C)C)nc1C
m_fb6996,CCOC(=O)c1ccc2c(c1)N(CC(=O)NC1CCN(C(C)=O)CC1)CCO2;COc1ccc(C(NC(=O)C2CCCN(C(=O)N3CCCC3)C2)C(=O)O)cc1;CCOC(=O)N1CCC(NC(=O)C2CC(=O)N(c3ccccc3OC)C2)CC1;COC1=CC2=NC(O)=C(C(=O)NCCCN3CCCCC3)C(O)=C2C=C1OC;COc1ccc(CN(C)C(=O)CC(c2ccccc2)c2ccccc2)cc1OC;COC1=CC=C2C(=C1)C=C(C(=O)N[C@@H](CC(C)C)C(=O)N[C@@H](C)C(=O)O)N2C;COC1=CC2=C(C=C1OC)[C@@H](CC1=CC=C(OCC3=CC=CC=C3)C=C1)NCC2;COCCN1CCC(N2CCCN(C(=O)c3ccc4c(c3)OCO4)CC2)C1=O;COC1=CC=C(CCN2C(=O)N[C@@H](CCC(=O)N3CCCC3)C2=O)C=C1OC;COc1ccc(C(Cc2ccncc2)c2ccc(O)cc2)cc1OC1CCCC1;NC(=O)NC(=O)C1CCC(NC(=O)c2cccc(OCC3CCCO3)c2)CC1;CCOc1ccc(C(=O)NC2CCCC2)cc1COc1ccc2ccccc2c1;COc1cc(C)ccc1OCC(=O)NCCC(c1ccccc1)c1ccccc1;COc1ccc(S(=O)(=O)NCC(c2ccccc2)[NH+]2CCCCCC2)cc1;O=C(NC1=CC=CC=C1)N[C@H]1CO[C@H]2[C@@H]1OC[C@H]2OC(=O)NC1CCCCC1;C[NH+]=C(NCc1ccccc1NS(C)(=O)=O)NCC(C)c1ccc(C)cc1;COc1cccc(C(C)[NH2+]C2CCC(c3ccc(NS(C)(=O)=O)cc3)C2)c1;CCN(Cc1ccc(OC)c(OC)c1)C(=O)C(c1ccccc1)c1ccccc1;CCC(C)[C@H](NC(=O)[C@H](CC(C)C)N1C(=O)NC2=CC=CC=C2C1=O)C(=O)O;CCCCc1ccc(NS(=O)(=O)c2cc3c(cc2OC)CC[NH2+]CC3)cc1;COC1=CC=C(NC(=O)C[C@@H](C2=CC=CC=C2)C2=CC=C(OC(C)C)C=C2)C=C1;COc1ccc(CNCCC(=O)N2CCN(c3ccc(F)cc3)CC2)cc1F;COc1cc(C)c(C)cc1S(=O)(=O)NCC(c1ccccc1)[NH+]1CCCC1;COc1cccc(NC(=O)N2C3CCC2CC2(C3)CN(C)C(=O)CO2)c1OC;CC(C)C[C@@H](NC(=O)[C@H](CC(C)C)N1C(=O)NC2=CC=CC=C2C1=O)C(=O)O
m_fbf20a,CC1(C(N)=O)CCCCN1CC(=O)NC1CCOCC1;O=C(O)C(CO)NCC(O)C(O)C(O)C(O)C(=O)O;COCC(=O)N1CCC(NC(=O)NC2CCCC2)CC1;NOC(=O)[C@]1(O)C[C@@H](O)[C@@H](O)[C@@H]([C@H](O)[C@H](O)CO)O1;CNC(=O)C1CCCN1C(=O)NCCC1CCCCO1;CC(C)NCC(O)CC(c1ccccc1)c1ccccc1;NC1=NC2=C(C(=O)N1)N(C1OC(CO)C(O)C1O)C=N2;CCCCCCCc1ccc(Oc2ccc(N)cc2)cc1;CCCCCCNc1ccc(-c2ccc(OC)cc2)cc1;C[S@H+]([O-])/C=C/CO[C@@H]1O[C@H](CO)[C@@H](O)[C@H](O)[C@H]1O;CC(C)OC(=O)N1CCC(NC(=O)N(C)C2CC2)CC1;COCCNC(=O)N1CCC(NC(=O)C=C(C)C)CC1;NC(=O)C1CCN(C(=O)NCCC2CCCCO2)CC1;CC(O)CCCCCc1ccc(Nc2ccccc2)cc1;CCCCCOc1ccc(NCCc2ccccc2)cc1;CC(C)OC(=O)N1CCC(NC(=O)N2CCCC2)CC1;O=C([O-])c1ccc(C2OC(CO)C(O)C(O)C2O)cc1;O=C(CNC(=O)NC1CCOCC1)NC1CCCCC1;COCCNC(=O)NC1CCN(C(=O)C=C(C)C)CC1;C[NH2+]CCN(CC(O)C(O)CO)CC(O)C(O)CO;CC(C)N1CCC(NC(=O)NCCC2CC(O)C2)C1=O;Cc1cccc(NCC(O)c2ccc(C(C)C)cc2)c1C;NN1C=NC2=C(N=CN2C2OC(CO)C(O)C2O)C1=O;Cn1cc(CCC(CO)CNC(=O)OC(C)(C)C)cn1;CC1C(=O)NCCCN1C(=O)NCCC1CCCCO1
m_fd4556,CN(C)c1ccncc1C(=O)NC1CCN(C2CCOCC2)C1=O;CC(C)(c1ccc(O)cc1)c1ccc(C(=O)Oc2ccccc2)cc1;CC(CCc1ccc(O)cc1)[NH2+]CC(O)COc1ccc(O)cc1;COC1=CC(C=CC2=CC=CC=C2)=CC(O)=C1CC1=CC=C(O)C=C1;COc1cc(C[NH2+]C(C)CCc2ccc(O)cc2)cc(OC)c1O;COc1cccc(CNc2ccccc2C(=O)Nc2ccccc2)c1;COc1cccc(Nc2ccc(NC(=O)Cc3ccccc3)cc2)c1;CCCCC1CCC(C(=O)Nc2cc(CC(=O)[O-])ccc2O)CC1;CC(=O)C1=CC(O)=CC(OCC2=CC=CC=C2)=C1CC1=CC=CC=C1;Cc1ccc(NC(=O)COc2ccc(Nc3ccccc3)cc2)cc1;CCc1ccc(C(=O)Oc2ccc(-c3ccc(OC)cc3)cc2)cc1;COC1=CC(O)=CC(/C=C/C2=CC=CC=C2)=C1CC1=CC=C(O)C=C1;COC1=CC(O)=C(CC2=CC=C(O)C=C2)C(/C=C/C2=CC=CC=C2)=C1;COc1ccc(CC(C)(CC([NH3+])O)c2ccc(O)cc2)cc1OC;COc1ccc(CC(c2ccc(C)cc2)c2ccc(OC)cc2)cc1;Cc1ccc(C)c(COC(=O)c2ccc(-c3ccc(O)cc3)cc2)c1;CC(C)Oc1ccc(C(=O)Oc2ccccc2-c2ccccc2)cc1;CC(C)c1ccc(COc2ccc(OCc3ccccc3)cc2)cc1;CCOC(=O)c1ccc(OCc2ccc(-c3ccccc3)cc2)cc1;COc1cc(C(=O)Cc2ccccc2)ccc1OCc1ccccc1;COc1ccccc1COc1cccc(C(=O)Cc2ccccc2)c1;CC(C)COc1ccc(CC(=O)N2CCC(CC(=O)[O-])CC2)cc1;COc1ccc(CC(Cc2ccc(OC)cc2)c2ccccc2)cc1;Cc1cc(O)cc(C)c1-c1cccc(C)c1-c1c(C)cc(O)cc1C;Cc1cc(C)cc(OCc2ccc(C(=O)Oc3ccccc3)cc2)c1
m_fd693e,CCN(C)C(=O)NCCOc1ccc(C(F)(F)F)cn1;CCC1CCCC(Oc2cc3c(cc2C(=O)[O-])OCO3)C1;COC1CS(=O)(=O)CC1NC(=O)C1CCOC(C)C1;COC(=O)C[C@H]1C(=O)NCCN1C(=O)NC1=CC=CC=C1;CC1=CC(C)C(c2ccc3[nH]c(C(F)(F)F)cc3c2)C=C1;CC1(C)OCC(Nc2cccc3c(=O)[nH][nH]c(=O)c23)CO1;Cn1c2ccccc2c(=O)c2ccc3c(c21)C=CC(C)(C)O3;CC1(C)C(=O)NCCN1C(=O)c1cc2c(cc1N)OCO2;COc1cccc(C=NNC(=O)C(=O)N2CCOCC2)c1;CC1NC(=O)CCC1NC(=O)c1cc2c(cn1)OCCO2;COCC(=O)N1C[C@@H]2OC3=NC=CC=C3C(=O)N(C)[C@@H]2C1;O=C1C=CC(CCCCCn2ccc(=O)[nH]c2=O)C(=O)N1;CC(C)[NH2+]CCc1nc(-c2ccc3c(c2)OCO3)cs1;Cc1[nH]nc(C(F)(F)F)c1C(=O)N1CCCOC(C)C1;Cc1cccc2c1N=CC2=Cc1c(-c2ccco2)[nH][nH]c1=O;CC1OCCC1CNc1cc2c(cc1[N+](=O)[O-])CC(=O)N2;COCCNC(=O)C1=C([C@H](C)O)ON=C1C1=CC=CN=C1;CC(Cc1cccs1)[NH2+]CCc1ccccc1[N+](=O)[O-];Cc1nc(C)c(C[NH2+]C(C)c2ccc3c(c2)OCO3)s1;N#CC1(C2C=CC=CC2)CC2=CCC(C(F)(F)F)=CC2C1;CNC(=O)COc1cc2cc(N)c(OC)cc2n(C)c1=O;COc1cccc2c1C=CC(c1c[nH]c3ccccc13)C2O;CCC(C)NC(=O)C(=O)NN=Cc1ccc2c(c1)OCO2;CCc1ncc(C[NH2+]C(C)c2ccc3c(c2)OCO3)s1;Cn1cc(-c2ccccc2)c2cc(F)c3c(c21)C1C=CC3O1
m_fe6eaa,O=C(Nc1nnc(Cc2ccccc2)s1)N1CCCC1C(F)F;OC[C@H]1O[C@H](OC2=CC(O)=C(O)C3=CC=CC=C23)[C@H](O)[C@@H](O)[C@@H]1O;COC(=O)CCC(=O)OC1=CC=C(OC(=O)CCC(=O)OC)C=C1;CC1=CC(=O)OC2=CC(O[C@@H]3O[C@@H](CO)[C@@H](O)[C@@H](O)[C@@H]3O)=CC=C12;Cn1ccc(C(=O)Nc2cc(F)ccc2Oc2ccccc2)cc1=O;OC[C@H]1O[C@@H](OC2=CC=C(O)C3=CC=CC(O)=C23)[C@H](O)[C@@H](O)[C@H]1O;CC1=CC=CC2=C1C(O[C@@H]1O[C@H](CO)[C@@H](O)[C@H](O)[C@H]1O)=CC(=O)O2;OCC1OC(OC2=CC=CC3=C(O)C=CC(O)=C23)C(O)C(O)C1O;CC(C(=O)O)C(=O)N1CCCN(C(=O)c2ccccc2Cl)CC1;OCC1OC(OCc2ccc(C(F)(F)F)cc2)C(O)C(O)C1O;Cn1cc(C(=O)Nc2cc(F)ccc2Oc2ccccc2)ccc1=O;CNC(=O)c1ccccc1NC(=O)c1ccc(-c2ccc(F)cc2)o1;O=C(/C=C/C1=CC=C(O)C=C1)OC1[C@H](O)CC(O)(C(=O)O)C[C@H]1O;O=C(Nc1ccc(=O)n(Cc2ccccc2)c1)c1cc(F)ccc1O;O=C(COc1ccccc1)Nc1ccc(Oc2ccc(F)cc2)nc1;COc1ccc(-c2noc(-c3cccc4[nH]c(=O)[nH]c34)n2)cc1OC;NC(=O)c1ccccc1NC(=O)COC(=O)c1n[nH]c2ccccc12;Cn1ccc(C(=O)Nc2c(F)cccc2Oc2ccccc2)cc1=O;CC1=CC=CC2=C1C(=O)C=C(O[C@H]1O[C@@H](CO)[C@H](O)[C@@H](O)[C@@H]1O)O2;CNC(=NCCCC(N)C(=O)O)N(C)Cc1ccc(O)c(OC)c1;O=C(O)CNC(=O)c1cccc(NC(=O)c2n[nH]c3ccccc23)c1;CC1=CC=CC2=C1C(OC[C@H]1O[C@@H](O)[C@H](O)[C@@H](O)[C@@H]1O)=CC(=O)O2;COc1ccccc1C(=O)Nc1ccc(Oc2ccc(F)cc2)nc1;COc1ccc(-c2cc(C(=O)OC(C)C)n(CCO)n2)c(Cl)c1;CCOC(=O)c1cc(-c2cc(C)c(Cl)cc2OC)nn1CCO
m_fe9649,CN(C)C(CNc1cc(N2CCOCC2)ncn1)c1ccc(F)cc1;CC(=O)NC(CCC(=O)O)C(=O)NC(CCCNC(=N)N)C(=O)O;CN(C(=O)CCC(=O)c1ccc2c(c1)OCCO2)C1CCCCCC1;CC1CCCCC1N(C)C(=O)CCC(=O)c1ccc2c(c1)OCCO2;COC1=CC=C2C(CC(=O)N(CC(C)C)CC(C)C)=CC(=O)OC2=C1;CCOC(CN(CC)C(=O)C([NH3+])Cc1ccc(F)c(F)c1)OCC;COc1ccnc(N2CCN(C(=O)NCc3cccc(F)c3)CC2)n1;COCCn1cc(NC(=O)NC2CCCN(c3ncccn3)C2)cn1;CCNC(NCCCS(C)(=O)=O)=[NH+]Cc1c(CC)noc1CC;CC(C)(C)OC(=O)NC1(c2ccc(C(=O)[NH+]=C(N)C3CC3)cn2)CC1;COc1ccc(N2CC[NH+](C(C)C(=O)Nc3cc(C)no3)CC2)cc1;CC(N)C(=O)NC(CCC(N)=O)C(=O)NC(CCCCN)C(=O)O;CN1C(=O)C(=CN[C@@H]2[C@@H](O)[C@H](O)[C@@H](CO)O[C@H]2O)C(=O)N(C)C1=O;Cc1ccc(Nc2ccnc(N3CCN(c4ccccc4)CC3)n2)cc1;COc1cccc(N2CCC([NH2+]CCOc3ccccc3F)CC2)c1;Cc1ccc(C(=O)CCC(=O)NC2CCCN(C(=O)N(C)C)C2)cc1;CC(C)NC(=O)NC[C@H]1O[C@@H](CC(=O)N2CCOCC2)[C@H](O)[C@@H]1O;CNC(=N)[N+]1=CCC[C@@]2(C1)[C@@H]1CC[C@@H](C)[C@]23C[C@H](O)C(C(=O)[O-])=C3C1;COc1ccc(CC(=O)NCC2(O)CCCc3occc32)cc1OC;CC(C)NC(=O)C[C@@H]1O[C@H](CNC(=O)N2CCOCC2)[C@@H](O)[C@H]1O;Cc1ccccc1Nc1ccnc(N2CCN(c3ccccc3)CC2)n1;CC(C)c1cc(=O)oc2cc(OCC(=O)N(C(C)C)C(C)C)ccc12;COC1=CC=C(NCCC(=O)C2=CC(OC)=C(OC)C(OC)=C2)C=C1;COC1=CC=C(CCNCC(O)COC2=CC=CC(C)=C2)C=C1OC;COC1=CC=C(/C=C/C(=O)N2CC[C@@]3(O)CCCC[C@H]3C2)C=C1OC
m_fea652,Cc1ccc(-c2nc(CCNC(=O)N(C)Cc3ccco3)co2)cc1;CCCCNc1nc2c(ncn2C2OC(CO)C(O)C2O)c(=O)[nH]1;CCN(CCO)C1=NC=NC2=C1N=CN2C1OC(CO)C(O)C1O;CCCCOc1nc(N)c2ncn(C3OC(CO)C(O)C3O)c2n1;OCC[C@H]1N[C@H](CO)[C@@H](O)[C@@H]1O[C@@H]1O[C@H](CO)[C@@H](O)[C@H](O)[C@@H]1O;CCN(CC)c1nc(O)c2ncn(C3OC(CO)C(O)C3O)c2n1;CCCCOc1nc2c(N)ncnc2n1C1OC(CO)C(O)C1O;CC(C)CSCC1OC(N2C=NC3=C(N)N=CN=C32)C(O)C1O;NCC1OC(OC2C(N)C(O)C(O)C(O)C2O)C(N)C(O)C1O;COCC1OC(n2cnc3c(NCC(C)O)ncnc32)C(O)C1O;CC(=O)NC1C(Oc2ccc(C(C)=O)cc2)OC(CO)C(O)C1O;COCC1OC(n2cnc3c(NC(C)CO)ncnc32)C(O)C1O;NCC1OC(OC2C(O)C(O)C(N)C(O)C2O)C(N)C(O)C1O;OCC1OC(N2C3=CC=CC=C3C3(O)CCOC23)C(O)C(O)C1O;OCCC1=CNC2=CC=C(O[C@H]3O[C@H](CO)[C@@H](O)[C@H](O)[C@H]3O)C=C12;NC(=O)c1ccccc1N1CCC(NC(=O)Cc2ccccc2O)C1;CC(=O)NC1C(CC(=O)c2ccc(O)cc2)OC(CO)C(O)C1O;COc1ccc(C2CCN(C(=O)Nc3ccc(C(N)=O)cc3)C2)cc1;O=C(C=Cc1ccc(O)c(O)c1)NCc1ccc(N2CCCC2)nc1;CC(=O)NC1=CC=C(NC(C)=O)C(N[C@@H]2O[C@H](CO)[C@H](O)[C@H]2O)=C1;Cc1ccc(C(=O)NC2CCN(C(=O)c3ccncc3)CC2)c(O)c1;Cc1ccc(C(=O)N2CCC(NC(=O)c3ccncc3)CC2)c(O)c1;CCNC(=O)NC(=O)CNc1cc(F)ccc1OCC1CCCO1;NC(=O)c1ccc(OCC(=O)Nc2ccc(N3CCCC3)cc2)cc1;COc1ccc(CNC(=O)NCc2c[nH]c3ccccc23)cc1OC
m_feb5c1,O=C(Nc1ccc(-c2ccc(Cl)s2)nc1)N1CCC2CCC(O)C21;COc1cccc(Cl)c1C(=O)Nc1ccc(OCCCC(=O)O)cc1;COC(=O)C1=CC=CC=C1OCC(=O)NCCOC1=CC=C(Cl)C=C1;CCCCCN(C(=O)c1ccccc1Cl)C(=O)c1ccccc1Cl;CCCCOc1ccccc1C=CC(=O)Nc1ccc(Cl)c(Cl)c1;CCCCOc1ccccc1NC(=O)C=Cc1ccc(Cl)c(Cl)c1;COc1ccccc1OCCNC(=O)COC(=O)c1ccccc1Cl;COc1ccc(C(=O)NCC(=O)OCCOc2ccc(Cl)cc2)cc1;COc1ccc(C(=O)OCC(=O)NCCOc2ccc(Cl)cc2)cc1;CCCCOc1ccc(NC(=O)C=Cc2c(Cl)cccc2Cl)cc1;CCOC(=O)c1cc(NC(=O)c2ccc(OC)c(OC)c2)ccc1Cl;COC(=O)c1cccc(OCC(=O)NCCOc2ccc(Cl)cc2)c1;CCOC(=O)COc1ccc(C(=O)Nc2ccc(OC)c(Cl)c2)cc1;COc1ccc(C(=O)OCC(=O)NCCc2cccc(Cl)c2)c(O)c1;CCCCCN1C(=O)C(c2cc(Cl)c(Cl)cc2O)c2ccccc21;CCOc1ccccc1C(=O)OCC(=O)Nc1ccc(OC)c(Cl)c1;COc1cccc(C(=O)OCC(=O)NCCc2cccc(Cl)c2)c1O;Cc1ccc(C)c(OCCNC(=O)C=Cc2ccc(Cl)cc2Cl)c1;COc1cccc(CCCNC(=O)C=Cc2ccc(Cl)cc2Cl)c1;COc1ccc(C(=O)Nc2cccc(F)c2Cl)cc1N1CCNC1=O;COc1ccc(OC)c(C(=O)OCC(=O)NCc2cccc(Cl)c2)c1;CCOc1cccc(OCC(=O)Nc2cc(C(=O)OC)ccc2Cl)c1;CCOc1ccc(C(=O)Nc2cc(C(=O)OC)ccc2OC)cc1Cl;CCOC(=O)c1cccc(OCC(=O)Nc2cc(Cl)ccc2OC)c1;CCOC(=O)c1cc(NC(=O)COc2ccccc2OC)ccc1Cl
m_ff32bb,O=C(Nc1cnn(-c2ncccn2)c1)c1ccc(F)cc1;CCOC(=O)c1c(NC(=O)CO)sc2c1CCCC2;CC(C)(C(=O)N1CCOC(C(=O)O)C1)c1cccs1;CC(Cc1cccs1)C(=O)N1CCOC(C(=O)O)C1;Cc1ccc(CC(=O)N2CCC(O)(C(=O)O)CC2)s1;COC(=O)c1scc(C)c1NC(=O)C1CCCCO1;COCc1ccsc1C(=O)N1CCCC(C(=O)O)C1;COCCC1(NC(=O)c2ccc(C(=O)O)s2)CCC1;Cc1ccc(C(=O)O)cc1S(=O)(=O)N1CCCCC1;O=C(O)C(CCS)NC(Cc1ccccc1)C(=O)O;O=C(O)CC(NC(=O)C1CCCCO1)c1cccs1;CCOC(=O)CN1C(=O)SC(=C2CCCCC2)C1=O;CCOCC1CCN(C(=O)c2ccc(C(=O)O)s2)C1;Cc1ccc(C(=O)NC2CCOC2)cc1S(C)(=O)=O;CCN(CC1CCCO1)C(=O)c1ccc(C(=O)O)s1;O=C(O)CN(C(=O)Cc1cccs1)C1CCOCC1;O=C(COc1ccccc1)NC1CCS(=O)(=O)CC1;CCc1ccc(C(=O)N2CCOCC2CC(=O)O)s1;O=C(O)c1ccc(S(=O)(=O)NC2CCCCC2)cc1;CCc1cc(C(=O)N2CCOCC2C(=O)O)sc1C;O=C(COC1CCCCC1)Nc1cc(C(=O)O)cs1;O=C(O)C1COCCN1C(=O)CCCc1cccs1;Cc1ccc(C(=O)NCC2(C(=O)O)CCOCC2)s1;O=C(O)CC1CN(C(=O)CCc2cccs2)CCO1;Cc1cc(C(=O)N2CCOC(CC(=O)O)C2)c(C)s1
m_ff4ed5,CCc1ccc(C(CO)NC(=O)c2ncccc2Br)cc1;COc1ccc(OC(=O)c2ccc(OC(=O)c3ccccc3)cc2)cc1;CCc1ccc(NC(=O)c2ccc(OC)c(Br)c2)cc1N;COc1cc(COC(=O)c2cc(OC)c(O)c(OC)c2)cc(OC)c1;O=C(OC1=CC=C2OC(C3=CC=CC=C3)=CC(=O)C2=C1)C1=CC=CS1;COc1ccc(C(=O)Oc2ccccc2)cc1C(=O)Oc1ccccc1;COC1=CC(CC(CO)C2=CC(C(=O)O)=CC(OC)=C2O)=CC=C1O;CCCCOc1ccc(NC(=O)c2cncc(Br)c2)cc1;COc1cc(C(=O)NNC(=O)c2ccc(F)cc2)cc(OC)c1OC;COc1ccc(C(=O)OCC(=O)c2ccc(OC)c(OC)c2)c(F)c1;COc1cc(C(=O)Nc2cccc(F)c2)cc(OC)c1OCC(N)=O;CC(=O)OC1=C(O)C(=O)C2=C(OC(C)=O)C=CC(OC(C)=O)=C2C1=O;CNc1ccc(C(=O)Nc2ccc(Br)c(OC)c2)cc1C;O=C(OC1=CC=C2C(=O)C(C3=CC=CC=C3)=COC2=C1)C1=CC=CS1;COC1=CC(C(=O)[C@H](CO)C2=CC(OC)=C(O)C(OC)=C2)=CC=C1O;O=C(OC1=CC=C2C=C(C3=CC=CC=C3)C(=O)OC2=C1)C1=CC=CS1;CCOc1c(Cl)cc(C(=O)Nc2ccc(C(=O)[O-])cc2)cc1OC;O=C(Nc1cc(NC(=O)c2ccccc2)c(O)cc1O)c1ccccc1;COC(=O)Nc1cc(NC(=O)c2cc(OC)ccc2OC)ccc1F;CC(=O)Oc1ccc(C(=O)COC(=O)c2cc(Cl)ccc2O)cc1;COc1cc(C(=O)NC(C)c2cccc(Br)c2)ccc1N;CCOc1ccc(C(=O)Nc2cc(N)ccc2C)cc1Br;COC(=O)c1ccc(OC(=O)c2ccc(O)cc2-c2ccccc2)cc1;O=C(Nc1ccc(CN2CCCC2)cc1)c1coc(Br)c1;COC(=O)c1ccc(NC(=O)COC(=O)c2cccnc2Cl)cc1
m_ff5db9,Cc1n[nH]c(C2OCCC2NS(=O)(=O)c2ccc(F)cc2F)n1;O=C(O)CCCN1CCN(C(=O)c2ccc(Cl)cc2Cl)CC1;Cc1cccc(-n2ccnc2SCC(O)c2ccc(Cl)cc2)c1;CC(C)CSc1nc2ccccc2c(=O)n1-c1ccccc1Cl;COc1ccc(-c2nc(SC)n(C)c2-c2ccc(Cl)cc2)cc1;Cc1ccc(NC(=O)CSc2nnc(-c3cccs3)n2C)cc1;Nn1c(SCC(=O)Nc2ccccc2F)nc2ccccc2c1=O;Cc1ccc(Nc2nnc(SCc3cccs3)n(C)c2=O)cc1;NNC(=O)CSc1nc2ccc(F)cc2c(=O)n1-c1ccccc1;CNC(=O)NCC(=O)NC1CCN(c2ccc(Cl)cc2Cl)C1;Cn1nc(-c2ccccc2)c(CO)c1SCc1ccc(Cl)cc1;CC1CCc2c(sc3ncn(Cc4ccc(Cl)cc4)c(=O)c23)C1;CCC(=O)N1CCN(C(=O)COc2ccc(Cl)cc2Cl)CC1;Cn1c(=O)c2cc(NC(=O)c3ccc(Cl)cc3)cnc2n(C)c1=O;Cc1cc(C)c(SCC(=O)Nc2cc(Cl)ccc2C#N)c(C)c1;Cn1c(=O)c2c(NC(=O)c3ccc(Cl)cc3)ccnc2n(C)c1=O;Cc1cc(C)c2nc(NC(=O)CCc3ccc(Cl)cc3)sc2c1;Cc1ccc2nc(SCC(=O)Nc3ccccc3F)nc(=O)n2c1;Cc1ccc(Cc2nnc(SCc3ccc(Cl)cc3)o2)cc1C;CC(=O)N1CCCN(C(=O)COc2ccc(Cl)cc2Cl)CC1;CCN(C(=O)Cc1ccc(C)cc1)c1nc2cc(Cl)ccc2s1;Cn1c(=O)c2c(ncn2Cc2csc3c(F)cccc23)n(C)c1=O;Cn1ccnc1SCc1csc(CC(=O)Nc2ccccc2)n1;NC(=O)CSc1nnc(-c2cccs2)n1CCc1ccccc1;CCNC(=O)C1CCN(C(=O)COc2ccc(Cl)cc2Cl)C1
m_ff7740,Cc1cnc(CCNS(=O)(=O)Cc2cc(Cl)ccc2F)s1;COC1=CC(CCCC2=C(OC)C=C(O)C(OC)=C2OC)=CC=C1O;COC1=CC(C[C@H](CO)[C@H](CO)CC2=CC=C(O)C(O)=C2)=CC=C1O;COC1=CC(C(O)C(CO)OC2=CC=C(CCCO)C=C2)=CC=C1O;COC1=CC(C[C@H](CO)OC2=CC=C(CCCO)C=C2O)=CC=C1O;COC1=CC(CCC2=CC(OC)=C(OC)C(OC)=C2)=CC(O)=C1OC;OC1=CC=C(CC[C@@H](O)C[C@H](O)CCC2=CC=C(O)C(O)=C2)C=C1O;CCCCOc1ccc(-c2cccc(-c3ccc(O)c(OC)c3)c2)cc1;COC1=CC(C(=O)[C@H](CO)C2=CC(OC)=C(O)C(OC)=C2)=CC=C1O;COC1=CC(CC(CO)C2=CC(C(=O)O)=CC(OC)=C2O)=CC=C1O;Oc1ccccc1OCc1ccc(OCCCCc2ccccc2)cc1;CCCCCCNC(=O)C1=C(O)C2=CC(OC)=C(OC)C=C2NC1=O;COC1=CC(CCCO)=CC=C1O[C@H](CO)[C@@H](O)C1=CC=C(O)C=C1;COC1=CC([C@H](O)[C@@H](CO)OC2=CC=C(C=O)C=C2OC)=CC=C1O;COC1=CC=CC=C1CC(=O)NCCC1=CC=C(S(N)(=O)=O)C=C1;COc1ccccc1Oc1c(Cl)nc(-c2ncccn2)nc1Cl;COC1=CC=C(CCNC(=O)C2=CC=C(NC3=NC=CC=N3)C=C2)C=C1;COC1=CC(OC)=C2C(=C1)O[C@H](C1=CC=C(O)C(OC)=C1)[C@@H](O)[C@H]2O;O=C(NCCc1ccc(F)cc1)C(=O)NCCc1ccc(Cl)cc1;CCO[C@@H](C1=CC=C(O)C(OC)=C1)[C@@H](CO)C1=CC=C(O)C(OC)=C1;COC1=CC2=C(C3=CN=CC4=CC(O)=C(OC)C=C34)C=NC=C2C=C1O;CC(C)(C)c1ccc(CCC(=O)NCCc2c[nH]c3ccccc23)cc1;NS(=O)(=O)c1ccc(CCNC(=O)CCc2ccc(O)cc2)cc1;Cc1c(N)cc(Br)cc1C(=O)NCCc1ccc(O)cc1;CCOC(=O)CCc1cn(Cc2ccc(O)c(OC)c2)nc1OCC
m_ff926d,CN(Cc1cccc2c1OC(C)(C)C2)Cc1ncnn1C;CCC([NH2+]CC(O)c1ccccc1)c1ccc(OC)cc1;CC(CC[NH2+]CC(O)c1ccccc1)c1cccc(O)c1;CC(C)c1ccc(C(O)C[NH2+]Cc2ccc(O)cc2)cc1;COCCCC[NH2+]C(c1ccccc1)c1ccc(O)cc1;CCC([NH2+]CCOc1cccc(C)c1)c1ccc(O)cc1;CC(CO)C(C)[NH2+]C(c1ccccc1)c1ccc(O)cc1;CC(C)C[NH2+]CC(O)c1cccc(Oc2ccccc2)c1;CCOc1ccccc1OCCCC([NH3+])c1ccccc1;COc1ccc(-c2ccc(C(O)C[NH2+]C(C)C)cc2)cc1;COc1ccc(C)cc1C[NH2+]C(C)C(O)c1ccccc1;Cc1ccc(C(Cc2ccccc2)c2ccc(C)cc2)cc1;C[NH+](C)CCC(O)c1ccc(OCc2ccccc2)cc1;CC[NH2+]C(CCO)c1ccc(OCc2ccccc2)cc1;CC([NH2+]CCOCc1ccccc1)C(O)c1ccccc1;OCC(O)C[NH2+]CCC(c1ccccc1)c1ccccc1;COc1ccc(C(O)C[NH2+]CCCc2ccccc2)cc1;CCOc1ccccc1C(C)[NH2+]CC(O)c1ccccc1;CCNc1ncnc(Nc2ccc(C(C)C)cc2)c1OC;CCC([NH2+]C(CO)c1ccccc1)c1ccc(OC)cc1;CC([NH2+]C(C)(CO)CO)c1ccc(-c2ccccc2)cc1;CNc1ncnc(NCC(O)c2ccccc2)c1C(C)C;Cc1cc(C(O)C[NH2+]C(C)Cc2ccccc2)ccc1O;CC(C)c1ccc(OCC([NH3+])(CO)c2ccccc2)cc1;CC[NH2+]C(COc1ccc(OCC)cc1)c1ccccc1
