molecule_id,smiles
m_005e53,CCOC(=O)C1(C2=NCCc3c2[nH]c2ccc(Br)cc32)CCC1;CCC1CCC(CNS(=O)(=O)c2cc(Br)ccc2N)CC1;O=C(COc1ccc(Br)cc1)Nc1ccccc1N1CCCC1;CC1CCN(C(C)CNS(=O)(=O)c2cccc(Br)c2)CC1;Cc1c(N)cc(Br)cc1S(=O)(=O)N1CCC(C(C)C)CC1;CCC1(CC)CCN(S(=O)(=O)c2cc(N)ccc2Br)CC1;COc1ccc(C2CCCN2C(=O)Nc2ccc(Br)cc2)cc1;O=C(NC1=[NH+]CCS1)c1ccc(F)c(S(=O)(=O)N2CCOCC2)c1;COc1ccc(Br)cc1C(=O)Nc1cccc(N2CCCC2)c1;CCCN1C(=O)c2ccccc2NC1c1ccc(OC)c(Br)c1;Cc1ncccc1CN1CC(C(=O)O)C(c2ccc(Br)cc2)C1;Nc1nc(=O)c2c([nH]1)CC[NH+](Cc1c[nH]c3ccc(Br)cc13)C2;Cc1cc(Br)c(N)cc1S(=O)(=O)NC1CCCCCCC1;COc1ccc(Br)cc1C(=O)NCCN1CCc2ccccc21;CCC1CCC(CNS(=O)(=O)c2ccc(N)cc2Br)CC1;CCOC(COc1ccc2cc(Br)ccc2c1)Cn1ccnc1;COCc1nc2n(n1)CCCC2NS(=O)(=O)c1c(F)cccc1Cl;CCCCS(=O)(=O)N1CCN(c2ccc(C)c(Br)c2)CC1;Cc1cc(S(=O)(=O)NC2CCCN(c3cnn(C)c3)C2)sc1Cl;NS(=O)(=O)c1ccc(-c2nn(CC(=O)[O-])cc2-c2ccc(F)cc2)cc1;Cc1c(N)cc(Br)cc1S(=O)(=O)N(C)C1CCCCCC1;Cc1c(N)cc(Br)cc1S(=O)(=O)N(C)CC1CCCCC1;COc1cccc(C2CCCN2C(=O)Nc2ccccc2Br)c1;Cc1cc(Br)c(N)cc1S(=O)(=O)NC1CCC(C)C(C)C1;CC(C)C1CCCCC1NS(=O)(=O)c1ccc(N)cc1Br
m_006153,COc1cccc2c1ccn2CC(=O)Nc1n[nH]c(C2CCCO2)n1;CC1=CC=C(C)C(NC(=O)CN2C=NC3=C2C(=O)N(C)C(=O)N3C)=C1;CC1=CC=C(NC(=O)CN2C=NC3=C2C(=O)N(C)C(=O)N3C)C=C1C;COc1cccc(OCC(=O)NCc2nnc3nc(C)cc(C)n23)c1;CC1=CC=CC(C)=C1NC(=O)CN1C=NC2=C1C(=O)N(C)C(=O)N2C;CC1=CC=CC(NC(=O)CN2C=NC3=C2C(=O)N(C)C(=O)N3C)=C1C;CN1C(=O)NC(=O)C2=C1N=C(N1CCOCC1)N2CC1=CC=CC=C1;COc1ccc(N2CCCn3c2nc2c3c(=O)n(C)c(=O)n2C)cc1;COc1ccc(CCNC(=O)Cn2cnc3c(cnn3C)c2=O)cc1;COc1ccc2c(NC(=O)c3c4n(c(=O)n3C)CCCC4)n[nH]c2c1;C=CCn1c(NCc2ccc(OC)cc2)nc2c1c(=O)[nH]c(=O)n2C;Cc1ccc(OCc2cc(C(=O)N(C)Cc3nccn3C)no2)cn1;CC1=CC=C(CNC(=O)CN2C=NC3=C2C(=O)N(C)C(=O)N3C)C=C1;CN(C)C1=NC2=C(C(=O)N(C)C(=O)N2C)N1CC(=O)C1=CC=CC=C1;CCC1=CC=CC=C1NC(=O)CN1C=NC2=C1C(=O)N(C)C(=O)N2C;Cc1cc(C)cc(NC(=O)Cn2cnc3c2c(=O)n(C)c(=O)n3C)c1;Cc1cc2c(cc1-c1nccn1CCc1n[nH]c(=O)n1C)OCCO2;Cc1ccc(C)c(NC(=O)Cn2cnc3c(=O)n(C)c(=O)n(C)c32)c1;COc1ccc2c(c1)C(C(=O)NCc1nnc3n1CCC3)CC(=O)N2;CCOc1ccc(N2CCn3c2nc2c3c(=O)n(C)c(=O)n2C)cc1;Cc1cc(C)nc(NNC(=O)COc2ccc3c(c2)CCC(=O)N3)n1;COCCNC(=O)Cn1cnc2c(cnn2-c2ccccc2C)c1=O;C[C@@H](NC(=O)CN1C=NC2=C1C(=O)N(C)C(=O)N2C)C1=CC=CC=C1;CCc1ccc(NC(=O)Cn2cnc3c2c(=O)n(C)c(=O)n3C)cc1;COCC(C)NC(=O)Cn1cnc2c(cnn2-c2ccccc2)c1=O
m_00b5aa,COc1ccnc(CN2CCOCC3(CCCC3)C2)c1OC;COc1cccc(CNCC2CN(C3CC3)CCO2)c1OC;COc1cccnc1CC(=O)NCCOC1CCCCC1C;COc1cccc(CNC2CC2)c1OCC(=O)NC(C)(C)C;COc1ccccc1CC(C)(C)CNC(=O)C1COCCN1;COc1cccc(OC(C)CNC(=O)N2C(C)CCC2C)c1;COc1c(C)cnc(CN(C)C(=O)C2CCCOC2C)c1C;CC[NH2+]C(CSC(C)(C)C)Cc1nc2ccccc2n1C;COc1ccc(CNC(=O)N2C(C)CCCC2C)cc1OC;CCN(CC(C)(C)O)C(=O)NC1CCc2c(OC)cccc21;COc1cc(CCC(=O)N2CCCC(C)C2)cc(N)c1OC;CNCC1CCN(C(=O)c2ccc(OC(C)C)c(OC)c2)C1;COc1c(C(=O)NCCNC(C)=O)cc(C)cc1C(C)(C)C;O=C(NCC1C[NH2+]CC1O)c1ccnc(N2CCCCC2)n1;COc1ccnc(C(=O)NC2CC(C)(C)CCCC2C)c1O;CCCCC(=O)Nc1ccc(NC(=O)CC(C)C)cc1OC;COc1ccc(CCNC(=O)NC2CCCC2)c(OC)c1C;CCC(C)(CCNC(=O)N1CC(O)C1)c1ccccc1OC;COc1ccc(CCCCNC(=O)N2CCCC(O)C2)cc1;CCCC(CCC)=NNC(=O)Cc1ccc(OC)c(OC)c1;CCCC(C)C(=O)NNC(=O)C(C)Oc1cccc(C)c1C;COc1ccc(C=CCC(C)N(C)C(=O)OC(C)(C)C)cn1;COc1ccc(CCC[NH+]2CCC(N(C)C(=O)[O-])CC2)cc1;Cc1ccc(OCC(=O)NCCNC(=O)CC(C)C)cc1C;CC(c1ccccc1)[NH+]1CCC(c2nc3ccccc3[nH]2)CC1
m_01e922,C=CCOc1cccc(NC(=O)OC(C)(C)C)c1;COC1CCC(NC(=O)Oc2ccccc2)CC1;CCCCOC(=O)Nc1cccc(CCC=O)c1;CCOc1ccc(NC(=O)OC(C)C2CC2)cc1;O=C(Nc1ccccc1)OC1CCCCCC1O;O=C(NCCOC1CCCC1)Oc1ccccc1;C=CCOc1ccc(NC(=O)OC(C)C)cc1C;COc1cccc(NC(=O)CC2CCOCC2)c1;CCc1ccc(NC(=O)OC(C)(C)C)cc1C=O;COc1cccc(CNC(=O)OC2CCCC2)c1;Cc1cccc(OC(=O)CNC(=O)CC(C)C)c1;COc1cc(C)ccc1OC(=O)NC1CCCC1;COc1ccc(C)cc1NC(=O)OC1CCCC1;CC1CCCC(NC(=O)Oc2ccccc2O)C1;CCCOc1cccc(NC(=O)CCC(C)=O)c1;CC(=O)Oc1cccc(C(=O)NCCC(C)C)c1;COc1cc(NC(=O)C2(C)CCCC2)ccc1O;Cc1cccc(NC(=O)OC2CCOCC2)c1C;C=C(C)Oc1ccccc1OC(=O)NCCCC;CCc1cc(C=O)cc(NC(=O)OC(C)(C)C)c1;CC1CCCCC1OC(=O)Nc1ccccc1O;COc1cccc(CNC(=O)OC(C)C2CC2)c1;CC(=O)c1cccc(CNC(=O)OC(C)(C)C)c1;CCC(CC)C(=O)Nc1cccc(C(=O)OC)c1;CCc1cccc(C)c1N1CCC(CO)OC1=O
m_0259d4,CCNC(=O)CCNc1c(-c2cccc(OC)c2)nc2cnccn12;CCNC(=O)CCc1nc2c(C)nn(-c3ccccc3)c2n(C)c1=O;Cn1cc(CCC(=O)Nc2n[nH]c(C3CCCO3)n2)c2ccccc21;N#Cc1c(CCCNC(=O)C2CCCO2)nn(-c2ccccc2)c1N;CCCCCNC(=O)Cn1cnc2c(cnn2-c2ccccc2)c1=O;CCOc1nccc2[nH]nc(-c3ccnc(N4CCCOCC4)c3)c12;COc1ccccc1NC(=O)NCCCc1cnc2cc(C)nn2c1;CCCCn1ncc(C)c1NC(=O)COc1ncnc2ccccc12;O=c1c2ccccc2nc(N2CCC(c3ncc[nH]3)CC2)n1CCO;COCCCNc1ncnc(Oc2cccc3ccc(C)nc23)c1N;COc1ccc(-c2nc(N3CCOCC3)n(C)n2)c2ccc(C)nc12;Cc1[nH]n(C)c2nc(=O)c(CCC(=O)NCc3ccccn3)c(C)c1-2;COc1ccccc1CNC(=O)Nc1cnc2c(cnn2C(C)C)c1;Cc1nc(-c2cccc(NC(=O)NCCc3cnn(C)c3)c2)oc1C;COc1c(C(=O)NC(C)CNc2ccccc2)cnc2c1cnn2C;COc1cccc2c(NCCCNC=O)ncc(-c3cnn(C)c3)c12;COC1=CC=CC(C2=CNC([C@@H]3COCCN3CC3=CNC=N3)=N2)=C1;CCCn1ccnc1CNC(=O)c1cc(-c2cccc(OC)c2)n[nH]1;CCNC(=O)N1CCOC(C)(c2nc3c(cnc4ccccc43)[nH]2)C1;COCCNC(=O)c1cnc(NCCc2c[nH]c3ccccc23)cn1;CCOCCCNC(=O)c1ccc(C)c(-n2nnc3cccnc32)c1;Cn1ccnc1C1CCN(c2nc3ccccc3c(=O)n2CCO)C1;CC(C)CNC(=O)CCn1cnc2c(cnn2-c2ccccc2)c1=O;CCN(C)c1ncc(C(=O)NCCOC)c(-c2ccc(C#N)cc2)n1;COCCNC(=O)Cn1c(NCc2ccccn2)nc2ccccc21
m_02d188,CCC(C)NC(=O)c1cncc(C(=O)Nc2ccc(C)c(Cl)c2)c1;Cc1ccc(-c2nc3nc(=O)cc(NC(=O)c4ccccc4)n3[nH]2)cc1;Cc1ccc(NC(=O)c2cc(C(=O)NC(C)(C)C)ccn2)cc1Cl;COc1cccc(-c2ccc3nc(NC(=O)c4cccnc4)nn3c2)c1;COC1=CC(NC(=O)COC2=CC=CC(C)=C2)=C(C(=O)O)C=C1OC;Cc1ccc2nc(-c3ccccc3NC(=O)c3cccc(F)c3)[nH]c2c1;Cc1ccc(Cl)c(C(=O)N(NC(=O)c2ccccn2)C(C)(C)C)c1;Cc1nc(-c2cccc(C(=O)NCC(=O)NC(C)C)c2)ccc1Cl;CCCc1nnc2sc(NC(=O)COc3cc(C)ccc3C)nn12;CC(=O)N1CCN(C(=O)c2cc3cc(C)cc(C)c3nc2Cl)CC1;Cc1cc(C)c(NC(=O)c2ccnc(C(=O)NC(C)C)c2)c(Cl)c1;COC(=O)C1=CC(OC)=C(OC)C=C1NC(=O)C1=CC=CC(OC)=C1;Cc1ccc(Cl)cc1NC(=O)c1cccc(NC(=O)NC(C)C)c1;CCN(CC)C(=O)c1cc(C(=O)Nc2ccc(C)c(Cl)c2)ccn1;CC(Oc1ccccc1F)C(=O)NCc1nc(-c2cnn(C)c2)no1;Cc1cc(C)c(NC(=O)c2cncc(C(=O)NC(C)C)c2)c(Cl)c1;Cc1nc2ncnn2cc1C(=O)Nc1ccc(Oc2ccccc2)cc1;Cc1ccc(Oc2ccc(C=NNc3cccc(C(=O)[O-])c3)cc2)cc1;COc1cccc(NC(=O)c2ccc(-n3nnc4cccnc43)cc2)c1;COc1ccccc1C(=O)Nc1ccc(-c2ccc3nncn3n2)cc1;CCNC(=O)c1cccc(NCC(=O)Nc2ccc(C)c(Cl)c2)c1;COc1cc(C)c(C=NNC(=O)c2cccnc2Cl)cc1C(C)C;COc1ccc(OC)c(NC(=O)COC(=O)c2ccc(C)cc2O)c1;Cc1ccc2[nH]nc(C(=O)Nc3cccc(Oc4cccnn4)c3)c2c1;O=C(NC(Cc1ccc(-c2ccccc2)cc1)C(=O)[O-])c1cccnc1
m_0318b5,CS(=O)(=O)N1CCc2cc(C(=O)N3CC[NH+](C4CCCC4)CC3)ccc21;COc1cccc2c(NC3CCN(CCS(C)(=O)=O)CC3)cc(C)[nH+]c12;CS(=O)(=O)N1CCc2c(NC(=O)C3CCC[NH+]3C3CCCC3)cccc21;Cc1c(CO)nc(Nc2ccc(F)cc2)nc1N1CCc2ccccc2C1C;CC(=O)N1CCc2ccc(S(=O)(=O)N3C4CC[NH2+]CC3CC4)cc2CC1;O=C(Nc1ccc2c(c1)S(=O)(=O)CC2)N1CCCCC1C1CCC[NH2+]C1;Cc1ccc(C(=O)N2CCC3C[NH2+]CC32)cc1S(=O)(=O)N1CCCCC1;CCc1[nH+]ccn1CC1CCN(S(=O)(=O)c2ccc(OC)c(C)c2)CC1;N#Cc1cc2c(nc1N1CCCN(C(=O)c3cccc(F)c3)CC1)CCCC2;O=C(CC[NH+]1CCN(C2CCS(=O)(=O)C2)CC1)N1CCc2ccccc21;Cc1ccc(C(=O)N2CCN(c3nc4c(cc3C#N)CCCC4)CC2)cc1F;Cc1cc(NC(=O)c2nn(-c3ccc(F)cc3)c3c2CCC3)ccc1N(C)C;Cc1nn(-c2ccc(F)cc2)c(C)c1C(=O)NC1CCCc2cc(N)ccc21;Cc1ccc(-n2nc(C(=O)NCCc3ccc(N)cc3)c3c2CCC3)c(F)c1;Cc1cc(C)n(-c2ccc(C(=O)N3CCN(c4ccccc4F)CC3)cc2)n1;O=C(c1cccnc1N1CCCCC1)N1CCc2[nH]c3ccc(F)cc3c2C1;CC(=O)N1CCc2ccc(S(=O)(=O)N3CCC([NH2+]CC4CC4)CC3)cc21;CC(Nc1nc(C(C)(C)C)ns1)c1cc(F)ccc1N1CCC(O)CC1;COc1ccc2[nH]c(C[NH+]3CC4CCC3CN(S(C)(=O)=O)C4)c(C)c2c1;O=S1(=O)CCC(C[NH+]=C(NCC2CCCO2)N2CCc3ccccc32)C1;Cc1cc(C(=O)N2CCN(c3ccccc3C)CC2)n(-c2cccc(F)c2)n1;Cc1ccc(N2CCN(C(=O)c3cc(-c4ccc(F)cc4)n[nH]3)CC2)c(C)c1;CNS(=O)(=O)c1ccc2c(c1)N(C(=O)C1CC3CCCC(C1)C3[NH3+])CC2;COC(C(=O)Nc1ccnn1C1CCN(CC(F)F)CC1)c1ccccc1;CN1CCCN(C(=O)CCc2cnn(-c3ccccc3)c2)c2cc(F)ccc21
m_043e86,CSC(CO)C(C)[NH2+]Cc1cccc([N+](=O)[O-])c1F;O=[N+]([O-])c1ccccc1-c1ccc(C[NH2+]CC2CC2)s1;[NH3+]Cc1cccc(SCCc2ccccc2[N+](=O)[O-])c1;CC1C[NH2+]CC(COc2cc(F)cc(F)c2[N+](=O)[O-])O1;COC(=O)CCC[NH2+]Cc1cc([N+](=O)[O-])c(F)cc1F;O=[N+]([O-])c1cccc(C[NH2+]CCSc2ccccc2)c1;O=[N+]([O-])c1cccc(C[NH2+]C2CCCc3sccc32)c1;[NH3+]C(Cc1ccccc1[N+](=O)[O-])c1cc2c(s1)CCC2;CC([NH3+])c1ccc(SCc2ccccc2[N+](=O)[O-])cc1;CN(CCC[NH3+])c1ccc(S(N)(=O)=O)cc1[N+](=O)[O-];CN1CCNC1(Cc1ccccc1[N+](=O)[O-])C(F)(F)F;CC(CCS(C)=O)[NH2+]Cc1cc(F)ccc1[N+](=O)[O-];CC[NH2+]CCNc1ccc(S(N)(=O)=O)cc1[N+](=O)[O-];CC(=C1SC(N2CCOCC2)=[NH+]C1=O)c1ccccc1;CC(CC[NH2+]Cc1cc(F)ccc1[N+](=O)[O-])S(C)=O;O=[N+]([O-])c1cc(F)cc(C[NH2+]CCSCCCO)c1;COCc1oc(-c2ccc(C)c([N+](=O)[O-])c2)cc1C(C)=O;CNS(=O)(=O)c1ccc(N(C)CC[NH3+])c([N+](=O)[O-])c1;CC1(C)CC(=O)C(Cc2cc([N+](=O)[O-])ccc2[O-])=C([O-])C1;CC(C)C([NH3+])CNS(=O)(=O)c1ccc([N+](=O)[O-])nc1;O=CC1C(c2ccccc2[N+](=O)[O-])C2CCCC1(O)C2=O;COc1cc(OCc2ccccc2)c([N+](=O)[O-])cc1OC;CC(=O)OC(c1ccccc1[N+](=O)[O-])C1CCC=CC1=O;C[NH2+]C(C)c1ccc(Sc2ccc([N+](=O)[O-])cc2)cc1;O=[N+]([O-])c1ccc(CO)cc1OCCOc1ccccc1
m_050bf1,CC1CCCCC12NC(=O)N(CC(=O)NC1COCC1O)C2=O;Cc1noc(C2CC(O)CN2C(=O)C2(OC(C)C)CCOC2)n1;COCc1nc(C2COCCN2C(=O)C2CCCOC2C)no1;COCc1nc(C2COCCN2C(=O)CC2(OC)CCC2)no1;CCCC(=O)OCC(=O)NN1C(=O)NC2(CCC(C)CC2)C1=O;COC1COCCC1CC(=O)N1CCC(c2n[nH]c(=O)o2)CC1;CCc1noc(COCC(=O)N2CC(C)(C)OC3COCC32)n1;COCc1nc(C2COCCN2C(=O)CCC2CCCO2)no1;[O-][N+]12CCC(CC1)C1(C[NH+]=C(Nc3cc4ccccc4cn3)O1)C2;O=C(NCCC1(O)CCOCC1)c1ccc2c3c(cccc13)CC2;Cc1noc(C[NH+]2CC(O)C(Cc3ccnc4ccccc34)C2)n1;CCCCC(=O)NCC1OC(n2cc(C)c(=O)[nH]c2=O)CC1O;CCc1cnc(N2CCN(C(=O)C3([NH3+])CCOCC3)CC2)s1;CCCCC(=O)Nc1ccn(C2OC(CO)C(O)C2C)c(=O)n1;O=C(Cc1cccc2ccccc12)N1CC2COCCC2(CO)C1;CCOC(=O)N1CCC(Nc2c(NCCOC)c(=O)c2=O)CC1;COc1ccc(F)cc1C(=O)NCC(C)(C)C1(O)CCOCC1;COCCOC[C@]1(CNC(=O)C2=CN=CC=N2)C[C@@H](O)[C@@H](O)C1;CC(C)NC(=O)COC(=O)CN1C(=O)NC2(CCCCC2)C1=O;N#CC1(c2nc(-c3cccc(C[NH+]4CCOCC4)c3)no2)CCC1;C[NH+]1CCOCC1C(=O)NCCc1csc(N2CCCC2)n1;O=C(COc1ccc2ccccc2c1)NC1CCC12CCOCC2;CCCc1noc(CCCC(=O)N2CCOC(CC(=O)O)C2)n1;CN(C)C(=O)COC(=O)CCCN1C(=O)NC2(CCCC2)C1=O;[NH3+]CCCNC(=O)C1CCc2nc(N3CCOCC3)sc2C1
m_05b52e,COc1cccc(-c2nnn(CC(=O)Nc3ccc(Cl)cc3)n2)c1;Cc1nccn1-c1ncc(NC(=O)COc2ccc(Cl)cc2)cn1;COc1ccc(NC(=O)Cn2nnnc2-c2ccc(Cl)cc2)cc1;O=C(Cn1nnc(COc2ccccc2)n1)Nc1cccc(Cl)c1;Cc1ccc(NC(=O)COc2ccc(Cl)cc2)cc1-n1cnnn1;COc1ccc(Cl)cc1CC(=O)Nc1cccc(-n2cnnn2)c1;N#Cc1nccnc1OC1CCN(C(=O)Nc2ccc(Cl)cc2)C1;Cc1nccn1-c1cc(NC(=O)COc2cccc(Cl)c2)ncn1;COc1ccc(Cl)cc1C(=O)Nc1ccc(-n2cnnn2)c(C)c1;CCOc1cc(Cl)ccc1C(=O)Nc1cccnc1-n1cncn1;COc1cccc(Cl)c1CC(=O)Nc1cncnc1-n1cccn1;O=C(NCCc1nnc(-c2ccccn2)o1)Nc1ccc(Cl)cc1;C[S+]([O-])c1ccc(NC(=O)c2ccn(-c3ccccc3F)n2)cc1;COc1ccc(Cl)cc1-c1cc(NC(=O)c2ccnc(C)n2)[nH]n1;CC(Oc1ccc(Cl)cc1)C(=O)Nc1ccc(-n2cnnc2)nc1;O=C(NCc1cccnc1)c1nn(-c2ccc(Cl)cc2)nc1CO;Cc1[nH]nc(-c2ccc(Cl)cc2)c1NC(=O)Cc1ccc(F)cc1;Cc1nc(-c2ccc(NC(=O)c3ccc(=O)n(C)c3)cc2Cl)n[nH]1;Cc1nc(-c2ccc(NC(=O)c3ccn(C)c(=O)c3)cc2Cl)n[nH]1;CC1(C)Oc2ccc(Nc3[nH]c(Cl)nc4nccc3-4)cc2NC1=O;CCOc1ccc(Cl)c(C(=O)Nc2cccc(-c3ncn[nH]3)c2)n1;COc1ccc(NC(=O)Cn2nnc(-c3ccccc3)n2)c(Cl)c1;COc1ccc(C=C2NC(c3ccc(Cl)cc3)=[NH+]C2=O)c(OC)c1;Cc1[nH]c(Nc2ccc(F)cc2)nc(=O)c1Cc1ccc(Cl)cc1;O=C(COc1ccc(Cl)cc1-n1cnnc1)NCc1cccnc1
m_068354,CCCCNc1cncc(C(=O)NCc2ccc(OC)cc2)c1;CCCCCOc1ccc(CNC(=O)c2cccnc2N)cc1;COc1ccc(CCC(=O)NCc2cc(C3CC3)n(C)n2)cc1;COc1ccc(CCC(=O)Nc2ccnn2C(C)C2CC2)cc1;CCCCNc1ccccc1C(=O)NCC(O)c1ccncc1;CCCCNC(=O)c1cncc(Nc2ccccc2OCC)c1;CCCCCNC(=O)c1ccc(Nc2ccc(OC)cc2)nc1;CCOc1cc(C)ccc1CNC(=O)c1cnn2c1CCCC2;CCOc1ccc(Nc2ncccc2C(=O)NC(C)CC)cc1;CCCNc1cncc(C(=O)NCCc2cccc(OC)c2)c1;CCC(C)Nc1cc(C(=O)NCc2ccc(OC)cc2)ccn1;CCCCCNc1ccc(C(=O)Nc2ccc(OC)cc2)cn1;COc1cccc(-c2[nH]ncc2C(=O)NC2CCC(C)CC2)c1;CCC(C)NC(=O)NCc1cccnc1-c1ccc(OC)cc1;CCOc1ccccc1C(=O)NCCn1ncc2c1CCCC2;Cn1cc(C(=O)NCC(O)C2CCCC2)c(-c2ccccc2)n1;CCCCNc1cc(C(=O)NCc2ccccc2OC)ccn1;CCOc1ccc(CNC(=O)c2cnc(C(C)C)nc2C)cc1;COc1ccc(C(=O)Nc2ccc(NCCC(C)C)cn2)cc1;CC(C)Oc1ccccc1NCCC(=O)NCc1cccnc1;COc1ccc(CC(=O)N2CCCC(c3[nH]ncc3C)C2)cc1;COc1ccc(CCCN(C)C(=O)Nc2ncccc2C)cc1;Cn1cc(CCC(=O)NCC2CCCO2)c(-c2ccccc2)n1;CCCCCNC(=O)c1ccc(Nc2ccccc2OC)nc1;COc1cccc(-c2n[nH]c(CC(C)C)c2NC(=O)C2CC2)c1
m_06e13d,O=C1NC(=S)N(C2OC(CO)C(O)C2O)C1c1ccc(Cl)cc1;O=c1on(S(=O)(=O)c2ccc(Cl)cc2)c(=O)n1C1CCCCC1;O=c1[nH]c(=O)n(-c2ccc(F)cc2)c([O-])c1C=Nc1ccc(Cl)cc1;CC(C)SCc1cc(=O)nc(SCc2c(F)cccc2Cl)[nH]1;O=c1[nH]c(=O)n(-c2ccc(Cl)cc2)c([O-])c1C=Nc1ccccc1F;O=c1nc(CSc2nccn2-c2cccc(F)c2)[nH]c2ccsc12;O=C([O-])C1CCc2[nH]c3c(-c4ccc(Cl)cc4)ccc(Cl)c3c2C1;Cc1c(C(=O)O)cc(Cl)cc1S(=O)(=O)N1CC(=O)N(C2CC2)C1;O=C(NCC1CCOC1c1ncn[nH]1)c1cc(F)c(Cl)cc1Cl;NC(=O)C1CCS(=O)(=O)C12CN(C(=O)c1ccc(Cl)c(O)c1)C2;Fc1cc2c(cc1Br)[nH]c(=S)n2CC[NH+]1CCCCC1;C=CCN1C(=O)C(=Cc2coc3ccc(F)cc3c2=O)C(=O)NC1=S;Cn1c(SCc2ccc(C(F)(F)F)cc2)nc2c(c1=O)SCC2;COCCN1C(=O)[NH+]=C(N)C1c1cc(Br)c(O)c(OC)c1;O=C(Cc1csc(-c2ccccc2)n1)Oc1cc(F)ccc1[N+](=O)[O-];CCOC(=O)c1ccc(OS(=O)(=O)c2c(C)nn(C)c2Cl)cc1;Fc1ccc(-c2nc(Oc3ccc(F)cc3F)c3sccc3n2)cc1;O=c1[nH]c2ccc(Cl)cc2cc1CNc1cc(Cl)c2nc[nH]c2c1;Fc1ccc(Oc2nc(-c3ccccc3)nc3ccsc23)c(F)c1F;O=C1COC(=O)N1CC1CN(S(=O)(=O)Cc2ccc(Cl)cc2)C1;C=CCN1C(=O)C(=Cc2ccc(F)cc2C(F)(F)F)C(=O)NC1=S;NC(=S)c1ccc(N2CCC(OCCO)CC2)c(Br)c1;COCc1cc(C(=O)NS(=O)(=O)Cc2ccc(Cl)nc2)c(C)o1;CS(=O)(=O)c1cccc(Cl)c1C(=O)NCCN1C(=O)CCC1=O;CC[NH+]1CCC(Cn2c(=S)[nH]c3cc(Br)c(F)cc32)C1
m_06f339,CC(C)NC1CCCN(CCc2nc(-c3cccc(Cl)c3)no2)C1;Cc1noc(C)c1C[NH+]1CCN(C(=O)COc2ccccc2F)CC1;Cc1noc(C)c1CCC(=O)N1CCC[NH+](Cc2cccs2)CC1;Cc1cc(C)cc(C2CCN(C(=O)Nc3cnn(CC(F)F)c3)C2)c1;Cc1nn(C)c(C)c1NC(=O)C(C)Sc1nnc2n1CCCCC2;Cc1noc(C)c1CN1CC(F)CC1CNC(=O)c1nccnc1N;OC1CC(c2cc(F)ccc2F)N(Cc2nnc3n2CCCCC3)C1;Cc1cc(C(=O)NC2CC[NH+](CCOc3ccc(F)cc3)CC2)no1;Cc1noc(C)c1CC(=O)NCC1CCC[NH+](Cc2ccsc2)C1;COC(=O)C1CC[NH+](C(C)c2nc(-c3ccc(C)c(F)c3)no2)CC1;Cc1cc(COC(=O)C(C)[NH+]2CCN(c3ccc(F)cc3)CC2)no1;COC1CCN(Cc2nc(C(=O)NCCc3c(C)noc3C)co2)C1;Cc1noc(C(C)N2CCN(c3nc(C4CCCC4)ns3)CC2)n1;OC1CC(c2ccc(F)c(F)c2)N(Cc2nnc3n2CCCCC3)C1;CN(C)C(=O)Cn1nc2n(c1=O)CC[NH+](Cc1nc(C3CC3)no1)C2;Cn1cnnc1C1CCCN1C(=O)NCc1csc(C(C)(C)C)n1;CCn1cnnc1C1CCN(C(=O)CCc2cccc(F)c2F)CC1;Cn1ccnc(N2CCCC(Nc3nc(C(C)(C)C)ns3)C2)c1=O;OC1CC(c2cccc(F)c2)[NH+](Cc2noc(C3CCOCC3)n2)C1;Cn1cnnc1C1CCN(C(=O)Nc2ncc(C(C)(C)C)s2)CC1;CC(C)n1cnnc1SCC(=O)N1CCCCC1c1ccnn1C;CC[NH+](CC)Cc1nc(CCn2cnc3c2c(=O)[nH]c(=O)n3C)no1;CC(NC1CCCN(Cc2ccc(F)cc2F)C1=O)c1ccnn1C;Cc1cc(C(=O)NC2CCCN(Cc3c(F)cccc3F)C2)n(C)n1;CCc1ncnc(N2CCOC(CNc3nccn(C)c3=O)C2)c1F
m_070985,O=c1ccn(C2OC(CO)C(O)C2OOCF)c(=O)[nH]1;COP(=O)([O-])COC(CO)Cn1ccc(N)nc1=O;Cc1nc(=O)n(C2OC(CO)C(O)C2(C)Cl)cc1F;CC(F)C1(CO)CC(Cl)C(n2ccc(=O)[nH]c2=O)O1;CN1C(=O)Cc2cc(S(=O)(=O)n3ccc(N)n3)ccc21;Cn1nccc1S(=O)(=O)Nc1ccccc1OCC#N;Nc1nnc(S(=O)(=O)NCCOC2CCCC2)s1;NC(=O)c1ccccc1NS(=O)(=O)c1ccc(N)nc1;Nc1ncnc2nc(-c3ncccc3C(F)(F)F)cnc12;Nc1nnc(S(=O)(=O)N2CCCCCC2CO)s1;CCC(C)(CO)NS(=O)(=O)c1ccc(Cl)cc1N;Nc1nnc(S(=O)(=O)NCCC2CCCCO2)s1;NC(=O)c1ccc(S(=O)(=O)Nc2ccc(N)nc2)cc1;C=CCC(=O)c1cnn(-c2ccccn2)c1S(N)(=O)=O;Cc1ccn(C2OC(CO)(CF)C(O)C2F)c(=S)n1;COCC1CCCN(S(=O)(=O)c2nnc(N)s2)C1;Cn1ccc(NS(=O)(=O)c2cncc(C#CCO)c2)n1;CC(C)C(O)CNS(=O)(=O)c1ccc(Cl)cc1N;Cc1nnc(NC(=O)COc2ccc(C(N)=O)cc2)s1;CC(C)(CNC(=O)c1csc(N)n1)NS(C)(=O)=O;CC(C)C(O)CNS(=O)(=O)c1c(N)cccc1Cl;CN(C)C(=O)CCNc1snc(N)c1S(C)(=O)=O;Cc1c(N)cc(S(=O)(=O)NCC(C)CO)cc1Cl;CCNC(=O)CCNc1snc(N)c1S(C)(=O)=O;Nc1ccc(C(=O)Nc2cccc(S(N)(=O)=O)c2)nc1
m_074e83,CCCCCCCCCCCC=CCCCOC(=O)c1ccccc1C(=O)[O-];CCOc1ccccc1C(=O)N1CCCC1C(=O)N1CCC(CN(C)CC)C1;CCOc1cc(C[NH2+]CCC[NH2+]C)ccc1OCC(=O)Nc1ccc(C)cc1;CCCCCCCCCCCCC=CCCOC(=O)c1ccccc1C(=O)[O-];CCCCCCC1(C)NC(=O)N(CC(=O)NC(C)c2ccc(CC)cc2)C1=O;CC[NH+](CC)CCOc1cc(NC(=O)C([NH3+])c2ccc(C)cc2)ccc1OC;CCCCCCCC(=O)N=Nc1c(O)n(CCCCC)c2ccc(OC)cc12;COc1ccc(-c2noc(CCCC(=O)NCCCCCCC(C)C)n2)cc1;CCc1ccc(OCC(=O)NC2CCCN(C(=O)NC3CCCCC3)C2)cc1;CCOc1ccccc1OC1CCN(C(=O)NC2CCN(C3CC3)CC2)CC1;CCc1ccc(OCC(=O)NC2CCN(C(=O)N3CCC(C)CC3)CC2)cc1;CCCCn1c(C2CCCN(C(=O)OC(C)(C)C)C2)nc2c(OC)cccc21;CCC1CCCCN1C(=O)N1CCCC(NC(=O)Cc2ccc(OC)cc2)C1;COc1cc(C(=O)Nc2cc(C(C)(C)C)nn2C(C)(C)C)ccc1OC(C)C;CCCC(CCC)Oc1nc(C)c(-c2ccc(OCC)cc2OC)nc1NC;CCCCCCCCNC(=O)C(=O)Nc1ccccc1C(=O)NC1CCCC1;CCc1ccc(OCC(=O)N2CCC(NC(=O)N3CCC(C)CC3)CC2)cc1;CCCCNC(=O)c1ccccc1NC(=O)C1CCN(C(=O)C(C)(C)C)CC1;CCOc1cccc(C(=O)NC2CCN(C(=O)N3CCCCC3CC)CC2)c1;CCOc1cccc(C(=O)NC2CCN(C(=O)NC3CCCCC3C)CC2)c1;CCc1cccc(OCC(=O)NC2CCCN(C(=O)NC3CCCCC3)C2)c1;COc1ccccc1N1CCN(C(=O)C2CCCN(C(=O)C(C)(C)C)C2)CC1;CCCCCCNC(=O)C(Cc1c[nH]c2ccccc12)NC(=O)OC(C)(C)C;CC(C)NC(=O)Cc1ccc(NC(=O)N2CCC(OC3CCCC3)CC2)cc1;CC(C)Cc1ccc(C(C)CNc2ccc(OCCc3ccccc3)cc2)cc1
m_089267,Cc1c(CCC(=O)NCCC[NH+]2CCOCC2)c(=O)oc2cc(O)ccc12;COc1ccccc1C(NC(=O)NCCN1CCOCC1)c1noc(C)n1;CC(=O)N1CCC(NC(=O)c2nccnc2C(=O)N2CCCCC2)C(O)C1;CC(=O)N1CCN(C(=O)C2=CC=CN2C)C[C@H]1C(=O)N[C@H]1CCCNC1=O;CC(C)N1CC(C(=O)OCC(=O)N2CCN(c3ncccn3)CC2)CC1=O;CCCCCC(=O)N1CCCC1C(=O)NC(Cc1ccc(O)cc1)C(=O)[O-];COc1ccc(C2C(C(C)=O)=C(O)C(=O)N2CCC[NH+]2CCOCC2)cc1;O=C(Nc1cnn(CC(F)(F)F)c1)N1CCCC(CN2CCOCC2)C1;CC(CC(=O)Nc1ccc(N(C)C)cc1)=NNC(=O)C(=O)N1CCOCC1;CCCn1c(=O)[nH]c(=O)c2cc(C(=O)N(C)CC(=O)N(CC)CC)cnc21;CCOc1ccc(C2=C([NH+](C)CCO)C(=O)N(CC3CCCO3)C2=O)cc1;Cn1c(=O)c2c(ncn2CCC(=O)N2CCOCC3(CCC3)C2)n(C)c1=O;C=C1C(CO)C(OC(=O)C(CC)CC)CC1n1cnc2c(=O)[nH]c(N)nc21;Cc1cc(OC(C)C(=O)NCC[NH+]2CCOCC2)c2c(C)cc(=O)oc2c1;COc1cc2nc(NCCCNC(=O)C3CCCO3)nc(N)c2cc1OC;CCCCn1c(C)c(C)n2c3c(=O)n(CCC(=O)OC)c(=O)n(C)c3nc12;CCCCOCc1cc2cn(CC(=O)N3CCN(C)C(=O)C3)c(=O)nc2[nH]1;O=C(Cn1cc(NC(=O)N2CC3C4CCC(O4)C3C2)cn1)N1CCOCC1;CCN(CC)C(=O)CCNC(=O)NCCNc1ncccc1C(F)(F)F;CCCCCCC#Cc1nc(N)c2ncn(C3OC(CO)C(O)C3O)c2n1;CCC1(CC)NC(=O)N(CC(=O)Nc2ccc(N3CCOCC3)nc2)C1=O;N=C(NCCCCC(N)C(=O)O)NC(Cc1c[nH]c2ccccc12)C(=O)O;CCc1cc(=O)oc2cc(OC(C)C(=O)NCC[NH+]3CCOCC3)ccc12;CCOC(=O)c1ccc(N2C(=O)CC([NH+]3CCCCC3CCO)C2=O)cc1;CCN1CC2(CCN(C(=O)c3cnc(N4CCOCC4)nc3)CC2)OC1=O
m_08d7f1,O=C(Nc1ccc(Cl)c(C(F)(F)F)c1)c1ncn[nH]1;Nc1nc(Oc2cncc(Cl)c2)cc(C(F)(F)F)n1;O=c1nc[nH]c(Nc2ccc(C(F)(F)F)nc2)c1Cl;O=C([O-])CC(c1c[nH]c2ccc(Cl)cc12)C(F)(F)F;COC(=O)NCCNC(=O)c1cc(Cl)ccc1Cl;NC(=O)c1ccc(Oc2ccc(C(=O)[O-])c(Cl)c2)cc1;CCn1ccnc1C(NN)c1cc(Cl)sc1Cl;CCSCC(C)Nc1nc(N)ncc1Br;O=c1[nH]cc(-c2nc(-c3ccc(Cl)cc3)no2)c(=O)[nH]1;O=C(c1nc(Cl)ccc1Cl)N1CCOC(CO)C1;O=C(Nc1nnc[nH]1)c1cc(Cl)cc(C(F)(F)F)c1;CC([NH2+]CC(=O)Nc1cccc(Cl)c1Cl)C(=O)[O-];Cc1[nH]c2ccc(Br)cc2c1-c1[nH]ncc1N;OC1=NN=C(C(F)(F)F)/C1=N/NC1=CC=C(Cl)C=C1;NC(=O)NCCCOC(=O)c1ccc(Cl)c(Cl)c1;Oc1ccccc1OCc1csc2ccc(Cl)cc12;Oc1cccc(OCc2csc3ccc(Cl)cc23)c1;CCOC(=O)NNC(=O)Cc1ccc(Cl)c(Cl)c1;Cc1ccc2oc(C(=O)Cc3ccc(Cl)s3)cc2c1;Oc1ccccc1OCc1csc2cccc(Cl)c12;COC(=O)c1nc(-c2cc3ccccc3s2)sc1N;NC(=O)c1ccccc1Oc1cc(Cl)ccc1C(=O)[O-];Nn1c(SCc2cccc(Cl)c2)nnc1C(F)F;COC(=O)C(C)NC(=O)Nc1cccc(Cl)c1Cl;Oc1cccc(OCc2csc3cc(Cl)ccc23)c1
m_0a8bf5,O=C(c1cccc2cccnc12)N1CCN(c2ccccc2O)CC1;COc1ccccc1C1CCN(C(=O)c2nccc3cccnc23)C1;COc1ccccc1-c1nc(CN2CCCOC(CN)C2)cs1;COc1ccc2c(c1)CN(C(=O)Nc1cccc3cccnc13)CC2;O=C(c1ccn(C2CCC[NH2+]C2)n1)N1CCC(O)(C(F)(F)F)C1;CC(O)CC1COCCN1c1ncnc2sc3c(c12)CCCC3;CCc1cc2c(=O)n(CC(=O)N3CCCCCC3)c(C)nc2s1;CCCc1cc(C(=O)N2CCCC(c3nc(C)no3)C2)sc1C;O=C(c1ccc(=O)[nH]n1)N1CCCC1Cc1cccc2ccccc12;Cn1cc(C(=O)N2CCC(C)(O)C(Oc3cccc(F)c3)C2)cn1;CC1=CC=CC(O[C@H]2COCCN(CC3=C(C)N=C(C)S3)C2)=N1;COc1ccccc1Cc1nnc(SCC2CCCN(C)C2)o1;O=C(c1cccc2ccccc12)N1CCC(Oc2ncccn2)CC1;CCSC1CCCCN(c2nc(-c3cccc(OC)c3)no2)C1;O=C(c1cccc2nccnc12)N1CCC(c2ccccc2)C(O)C1;CC(C)(C)OC(=O)N1CCCC(Nc2nsc3ccccc23)C1;O=C(c1cccc2ccccc12)N1CC(O)C(Cc2cnccn2)C1;Cc1nc(C2CCCC2)sc1C(=O)N1C2CCC1CC(=O)NC2;O=C(c1cccc2ncccc12)N1CC(O)C(Cc2ccncc2)C1;Cc1nc2ccccc2n1CCC(=O)N1CCS(=O)CC(C)C1;CC1(C)Oc2ccc(N)nc2N(Cc2cccc3ccccc23)C1=O;Cc1noc(C)c1CC(=O)N1CCCN(Cc2cccs2)CC1;O=C(c1cccc2cn[nH]c12)N1CCCC2(C1)OCc1ccccc12;CC(C)(C)OC(=O)N1CCCC1CSc1nc2ccccc2[nH]1;O=S(=O)(NCc1ccccc1Cn1cccn1)C1CCCCC1
m_0af51a,Cc1oc(-c2ccccc2)nc1CS(=O)(=O)c1ccccc1Cl;Cc1oc(-c2ccccc2)nc1CS(=O)(=O)c1cccc(Cl)c1;COc1cc(F)c([N+](=O)[O-])c(Sc2nnc(-c3ccccc3)o2)c1;COc1ccc(-c2nnc(Sc3ccc(F)cc3[N+](=O)[O-])o2)cc1;COc1ccccc1C(=O)Cn1cnc2nc(SC)sc2c1=O;Cc1nn(CCc2nnc(-c3ccncc3)o2)c(C)c1Br;Cc1ncc(C[NH2+]CC(O)COc2ccc(Cl)cc2Cl)s1;COc1cccc(-c2nc(SC)nc3sc(C(=O)O)c(N)c23)c1;O=S(=O)(Cc1coc(-c2ccccc2)n1)Cc1ccccc1Cl;CCn1c(SCc2ccccc2[N+](=O)[O-])nc2ccsc2c1=O;CCOC(=O)c1cnc(SC)nc1Sc1nc2ccccc2o1;CCOC(=O)c1cc2c(=O)nc(SC)nc-2[nH]c1-c1cccs1;CCCSc1nnc(NC(=O)c2cc3ccccc3oc2=O)s1;N#CC1CNCCN1Cc1nnc(-c2ccc(Br)cc2)o1;CCSc1nsc(NC(=O)c2cc(=O)c3cc(C)ccc3o2)n1;CCOC(=O)C(Sc1nc2cc(Cl)ccc2o1)c1ccccc1;Cc1occc1-c1nnc(SCc2cn3cc(Cl)ccc3[nH+]2)o1;COc1ccccc1S(=O)(=O)Nc1nc(-c2ccccc2)ns1;COc1ccc(SCC(=O)Nc2nnc(-c3ccsc3)o2)cc1;CC(=O)c1sc2nc(CSc3cccc[n+]3[O-])[nH]c(=O)c2c1C;O=S(=O)(Cc1ccccc1)Cc1coc(-c2cccc(Cl)c2)n1;CSc1nnc(NC(=O)c2cc(=O)c3cc(C)cc(C)c3o2)s1;Cc1ccc(C[NH2+]Cc2coc(-c3ccc(Br)cc3)n2)o1;CC(C)Sc1nnc(NC(=O)c2cc3ccccc3oc2=O)s1;Cc1occc1C(=O)NNC(=O)CSc1nc2ccccc2s1
m_0c4e10,Cc1cc(N2CCOCC2)ccc1NC(=O)NCCOC1CCCC1;CCOc1ccc(C(=O)NC2CCN(CCN3CCOCC3)C2)cc1;O=C(NCCCOC1CCCCC1)c1cccnc1N1CCOCC1;Cc1nc(N2CCOCC2)ccc1C1CCCN1C(=O)OC(C)(C)C;COc1ccc(N2CCOCC2)cc1NC(=O)NC1CCCCCC1;CCN(CC)C(=O)C(C)(C)C(=O)Nc1ccccc1N1CCOCC1;CC(C)(O)CN1CCN(C(=O)c2ccccc2N2CCOCC2)CC1;CCOc1ccccc1N1CCN(C(=O)NCCC2CCCO2)CC1;CC(C)(C)NC(=O)C(=O)NCCCc1ccc(N2CCOCC2)cc1;COC1CCCN(C(=O)NC(C)c2ccc(N3CCOCC3)cc2)C1;O=C(NCC(O)c1ccc(N2CCOCC2)cc1)NC1CCCCC1;Cc1cc(CCNC(=O)N2CCC(N3CCOCC3)C2)cc(C)c1O;CCOc1ccccc1N1CCN(C(=O)NCC2CCCCO2)CC1;CN(Cc1ccccc1N1CCOCC1)C(=O)CNC(=O)C(C)(C)C;CC(=O)N(CCNC(=O)CC(C)C)c1ccccc1N1CCOCC1;CN(CC1CCCCO1)C(=O)NCc1ccc(N2CCOCC2)cc1;CC(NC(=O)N(C)CC1CCCO1)c1ccc(N2CCOCC2)cc1;CC(=O)N(CCNC(=O)C(C)(C)C)c1ccccc1N1CCOCC1;CC(=O)NC(C(=O)N(C)Cc1ccccc1N1CCOCC1)C(C)C;COCC1(C(=O)N(C)Cc2ccccc2N2CCOCC2)CCCN1;CC[C@@H]1CN(C(=O)NC2=CC=CC=C2)[C@H](CO)[C@@H]1CN1CCOCC1;CC1CCN(c2ccc(NC(=O)NCCC(=O)OC(C)C)cc2)CC1;COc1ccccc1C(CNC(=O)N1CCOCC1C)N1CCCC1;CC(NC(=O)NCCCN1CCCC1=O)Oc1ccccc1C(C)C;Cc1ccnc(N2CCOC3(CCN(C(=O)OC(C)(C)C)CC3)C2)c1
m_0cc9ea,CN1CCN(C(=O)c2ccc(Br)o2)c2nc3ccccc3nc21;O=C(CCn1nnc2ccccc2c1=O)Nc1cccc(Br)c1;O=C(CCn1nnc2ccccc2c1=O)Nc1ccc(Br)cc1;COc1ccccc1C(=O)Cn1nnc(-c2ccc(Br)cc2)n1;COc1ncccc1NC(=O)c1ccc(-n2cc(Br)cn2)cc1;O=C(Nc1cccc(Cl)c1-n1cncn1)c1cc2cc(Cl)ccc2o1;O=C(CCn1cnc2ccc(Br)cc2c1=O)Nc1ccncc1;NNC(=O)c1cc(-c2ccc(Oc3ccc(Br)cc3)cc2)n[nH]1;O=C(c1ccc(Br)cc1Cn1cncn1)c1cnoc1C1CC1;Cn1cc(Br)cc1C(=O)NNC(=O)c1ccc2ccccc2n1;COc1ncccc1NC(=O)c1cnn(-c2cccc(Br)c2)c1;COC(=O)c1cccc(Cn2nnc(-c3ccccc3Br)n2)c1;Cc1nc2ccc(Br)cn2c1CN1C(=O)COc2cccnc21;Cn1c(CNC(=O)c2cc3oc(Br)cc3[nH]2)nc2ccccc21;O=C(c1ccc2nc[nH]c2n1)N1CCOc2ccc(Br)cc2C1;COc1cccc(-c2cc(C(=O)Nc3ccc(Br)cn3)[nH]n2)c1;O=S(=O)(c1ccc(Cl)c(Cl)c1)N1CCN(c2cccnn2)CC1;O=S(=O)(c1cccc(Cl)c1Cl)N1CCN(c2ncccn2)CC1;CCC(C)C1NC(=O)CCN(c2cccc(Cl)c2Br)C1=O;O=S(=O)(c1c(Cl)cccc1Cl)N1CCN(c2ncccn2)CC1;O=Cc1ccc(Oc2ccc3c(nnn3CC3CC3)c2Br)nc1;O=C(NCCc1nnc(-c2ccncc2)o1)c1cccc(Br)c1;Cc1ccc(NC(=O)c2nc(=O)n(-c3ccccc3)[nH]2)c(Br)c1;O=C(Cc1c[nH]c2ccccc12)NNC(=O)c1cncc(Br)c1;CCC(C)C1NC(=O)CN(Cc2ccc(Br)cc2Cl)C1=O
m_0d08be,COc1ccc(F)cc1C(=O)NC1(c2nc(C)c[nH]2)CCOC1;COc1cc(C(=O)NC2(c3nc(C)c[nH]3)CCOC2)ccc1F;CC1(C2CC2)NC(=O)N(CC(=O)NCc2ccccc2F)C1=O;O=C(COc1ccc(F)cc1)Nc1cnn(C2CCOCC2)c1;COc1cccc(C(=O)NC2(c3nc(C)c[nH]3)CCOC2)c1F;O=C(NC1(CO)CCOCC1)c1ccn(-c2cccc(F)c2)n1;Cc1c(C(=O)N2CCOC(C)(C(N)=O)C2)[nH]c2ccc(F)cc12;Cc1cc(C)n(CC(=O)NC(Cc2ccc(F)cc2)C(=O)O)n1;Cc1cc(F)ccc1-n1cc(O)c(C(=O)NCC2(O)CCC2)n1;O=C(NCCN1CCOCC1)c1c[nH]c2c(F)cccc2c1=O;COC(=O)c1c(C)nn(CC(=O)NCc2ccccc2F)c1C;Cc1nc(C2(NC(=O)COc3ccccc3F)CCCC2)no1;Cc1ccc(F)c(OCC(=O)NC2(c3ncc[nH]3)CCOC2)c1;O=C1CCN(CC(=O)N2CCC(c3ccc(F)cc3)C2)C(=O)N1;Cn1cc(C2OCCC2NC(=O)c2ccc(CO)c(F)c2)cn1;NC(=O)N1CCC(NCc2ccc(F)c(C(F)(F)F)c2)CC1;Cn1cc(C2(C)CN(C(=O)c3c(O)cccc3F)CCO2)cn1;COc1ccc(F)c2[nH]c(C(=O)N3CCNC(=O)C3(C)C)cc12;Cc1c(C(=O)NOC2CCCCO2)cnn1-c1ccc(F)cc1;Cn1c(C(=O)N2CCOC(C)(C(N)=O)C2)cc2cc(F)ccc21;Cn1cc(C(=O)NC2CCOCC2Oc2cccc(F)c2)cn1;NC(=O)N1CCCN(Cc2ccc(F)cc2C(F)(F)F)CC1;CC(CO)(NC(=O)c1nn(-c2ccc(F)cc2)cc1O)C1CC1;O=C1CN(CC(=O)NC2(c3ccc(F)cc3)CCCC2)C(=O)N1;O=C(CC1NC(=O)NC1=O)NC1(c2ccc(F)cc2)CCCC1
m_0d2197,O=C(NCc1nc(-c2ccco2)n[nH]1)N1CCCCC1CCO;COCC1=CN(C[C@H]2OC[C@H](O)[C@H]2NCC2=CC=CN=C2)N=N1;CC(C)c1nc(CNC(=O)c2ccc(NCCCO)nc2)no1;COCCNc1nncc(NCc2ccc(OC)c(OC)c2)n1;O=CN1CCN(C(=O)c2cnc(NCC3CCCO3)cn2)CC1;CC1(C)NC(=O)N(CC(=O)Nc2ccnn2C2CCCC2)C1=O;CC1=NC=CN1[C@H]1[C@@H]2OCC(O2)[C@@H](NCC2=CN(C)N=C2)[C@@H]1O;Cc1ncc(NC(=O)NCC(=O)N2CCOCC2)c(C2CC2)n1;CCn1cccc1-c1noc(CNC(=O)NCC2CCCO2)n1;Cc1nccn1CC(=O)NN1C(=O)NC2(CCC(C)CC2)C1=O;Cc1ccc(CNC(=O)N2CCN3C(=O)NCC3C2)c(=O)n1C;COc1nccc(NC(=O)NC2CCN(C(=O)C3CC3)CC2)n1;COc1cnccc1C(C)NC(=O)N1CCN2C(=O)NCC2C1;O=C1CNC(=O)N1CC(=O)N1CCCCC1CCn1ccnc1;CC(C)(C)OC(=O)N1CCCC(Cc2cccnc2)(C(=O)[O-])C1;COCc1noc(CNC(=O)CCc2n[nH]c3c2CCCC3)n1;CCCCC(C(=O)N1CCC(c2ccccn2)C1)C(O)C(=O)[O-];COc1cccc(OCC(=O)NCCc2nnnn2C(C)C)c1;Cc1nc(N2CCOCC2)ccc1NC(=O)NC1(C(N)=O)CC1;CN1C(=O)N(CC(=O)Nc2ccnn2C)C(=O)C12CCCCC2;COCc1noc(N2CCC(Cn3nc(C)ccc3=O)CC2)n1;Cc1noc(C2CCN(C(=O)COc3c(C)nn(C)c3C)C2)n1;CCn1cc(-c2nn(C)cc2C(=O)N2CCOC(CO)C2)cn1;CC(C)c1cc(C(=O)NC2COCC2Oc2cn[nH]c2)n(C)n1;Cc1n[nH]c(C)c1CC(=O)NC1COCC1Oc1cnn(C)c1
m_0d3550,COc1ccc(CCNC(=O)NCCC(C)C)cc1OC;COc1ccc(OC)c(NCCC(=O)NCCC(C)C)c1;COc1ccc(CNC(=O)N(C(C)C)C(C)C)cc1OC;CCN(C(=O)NCc1ccc(OC)c(OC)c1)C(C)(C)C;CCCCN(C)C(=O)CCNc1cc(OC)ccc1OC;CCC(CC)NC(=O)NCCc1ccc(OC)c(OC)c1;COc1ccc(OC)c(CN(C)C(=O)C(N)C(C)(C)C)c1;COc1ccc(OC)c(CCNC(=O)NCC(C)(C)C)c1;CCC(C)C(O)CNC(=O)NCCc1cccc(OC)c1;CCCCCNC(=O)C(C)Nc1ccc(OC)cc1OC;COc1ccc(CNC(=O)NC(CO)CC(C)C)cc1C;COc1cccc(CCNC(=O)NCCCOC(C)C)c1;CCCCN(CCC)C(=O)Nc1ccc(OC)cc1OC;COc1ccc(NC(C)C(=O)NCCC(C)C)c(OC)c1;CCOc1cc(CNCC2CN(C)CCO2)ccc1OC;CCN(CC)C(=O)NCCc1cc(OC)c(OC)cc1C;CCOc1ccc(CNCC2CN(C)CCO2)cc1OC;COc1cccc(CNC(=O)NCC(C)(C)CC(C)O)c1;COc1cc(C)ccc1CNC(=O)NCCC(O)C(C)C;CCCCOc1ccc(CCC(=O)NCCOC)cc1N;CCC(NC(=O)N(C)CCC(C)O)c1ccc(OC)cc1;CCC(O)CCNC(=O)NCCc1cc(C)ccc1OC;CCC(C)(CCO)NC(=O)NCc1ccc(OC)c(C)c1;CCOc1cccc(CNC(=O)N(CC)CC(C)(C)O)c1;CCCC(C)NC(=O)C(C)Nc1cc(OC)ccc1OC
m_0d463f,CCc1nnc(NS(=O)(=O)c2ccc(-c3ccncc3)cc2)s1;Cc1cc2sc(NC(=O)NCCNS(C)(=O)=O)nc2cc1F;CCCS(=O)(=O)c1c(N)nsc1N(C)Cc1csc(C)n1;CC(=NNc1nc2ccccc2s1)c1ccc(S(N)(=O)=O)cc1;COc1ccc(F)cc1S(=O)(=O)NCCSc1n[nH]c(C)n1;Cc1nc(Nc2ccncc2)sc1-c1ccc(S(N)(=O)=O)cc1;Cc1nc(Nc2cccnc2)sc1-c1ccc(S(N)(=O)=O)cc1;CN1CCC(c2nc(-c3ccnc(OC(F)F)c3)no2)S1(=O)=O;CSC1CCC(NS(=O)(=O)c2c(N)nc3sccn23)CC1;Cc1nn2c(S(=O)(=O)N3CCSCC3)c(C(C)C)nc2s1;C[NH2+]CC(=O)NS(=O)(=O)c1nc2ccc(OCCO)cc2s1;CSC1CCCC(NS(=O)(=O)c2c(N)nc3sccn23)C1;O=S1(=O)CCCN1c1ccc(Nc2ncnc3sccc23)cc1;O=S(=O)(Nc1cccc(-c2nnc3n2CCC3)c1)c1cccs1;COc1ccnc(Sc2nc3sc4c(c3c(=O)n2C)CCC4)n1;CS(=O)(=O)Nc1ccc(-c2csc(Nc3ccccn3)n2)cc1;Cc1cnc(CNS(=O)(=O)c2cnc(-c3ccccc3)nc2)s1;Cc1cc(Nc2ccc(NS(=O)(=O)c3cccs3)cc2)ncn1;CC(C)n1cc(S(=O)(=O)N(C)Cc2cccs2)cc1CCl;CCC1CN(S(=O)(=O)c2c(NC)nc3sccn23)CCS1;COc1cccc(-n2c(SCC(N)=O)nnc2-c2cccs2)c1;Cc1cc(Nc2cccc(NS(=O)(=O)c3cccs3)c2)ncn1;O=C(NS(=O)(=O)c1ncccc1F)c1ccc(-n2cccc2)nc1;Nc1ncnc2c(C3OC(COS(N)(=O)=O)C(O)C3O)coc12;CN1CCC(c2nc(-c3ccc(OC(F)F)cn3)no2)S1(=O)=O
m_0ea8a3,CC(CNS(=O)(=O)CC1CCCCO1)C[NH+]1CCN(C)CC1;CN1CC[NH+](CCNS(=O)(=O)CC2CCCCO2)CC1(C)C;CC1CCN(S(=O)(=O)NCC(C(C)C)[NH+]2CCOCC2)CC1;COCC1CCCN1S(=O)(=O)NCC1([NH+](C)C)CCCCC1;COCCN(C)S(=O)(=O)C1CCCN(CC2(C)CC[NH2+]C2)C1;CC(C)(C[NH+]1CCCC(CNS(C)(=O)=O)C1)N1CCOCC1;CCC1CCC[NH+](C(C)(C)CNC(=O)C(C)NS(C)(=O)=O)C1;CC(CC[NH+]1CCN(C)CC1)NS(=O)(=O)CC1CCOCC1;CN(C1CCCCC1)S(=O)(=O)NCC(C)(C)[NH+]1CCOCC1;CCCC(CCC)C(=O)NCC[NH+]1CCN(S(C)(=O)=O)CC1;CN(C1CCCCC1)S(=O)(=O)NCC[NH+]1CCOC(C)(C)C1;CCC(C)(CNS(=O)(=O)N1CCCC(C)C1)[NH+]1CCOCC1;COC1CCN(S(=O)(=O)N2CC(C(C)C)C([NH+](C)C)C2)CC1;COCC(C)[NH+]1CCN(S(=O)(=O)N2CC(C)CC(C)C2)CC1;CCCS(=O)(=O)N1CCC(CCC(=O)NCC[NH+](C)C)CC1;CCN(CC)S(=O)(=O)NCC1CCC[NH+](C2CCOCC2)C1;CC(C)C([NH3+])CCN(C)C(=O)CCCS(=O)(=O)N1CCCC1;CC1CN(S(=O)(=O)NCCC[NH+]2CCCCC2C)CC(C)O1;CC1(C)CCN(S(=O)(=O)NCCC[NH+]2CCCC(O)C2)CC1;CCn1c(CN2CCN(Cc3ccccc3)CC2)nc2ccccc21;CCCNC(=O)C(C)[NH+]1CCCC(CNS(=O)(=O)C(C)C)C1;CCN(CCCNC(=O)CC(C)C1CC[NH2+]CC1)S(C)(=O)=O;CCCS(=O)(=O)N1CCCCC1C(=O)NCC([NH3+])(CC)CC;CC(C[NH+]1CCOCC1)N(C)S(=O)(=O)N(C)C1CCCCC1;CCCCS(=O)(=O)N1CCC(C(=O)NCC(C)[NH2+]CC)CC1
m_0ee46b,COC1=CC2=C(C=C1O)[C@@H](CC1=CC=C(O)C=C1)N(C)CC2;CCc1ccc(C(C)NC(=O)COc2ccccc2O)cc1;CC(C)C(C)Nc1c(O)ccc(C(=O)c2ccccc2)c1O;COC1=CC2=C(C=C1O)CCN(C)[C@@H]2CC1=CC=C(O)C=C1;CCOc1ccccc1C(=O)NC(C)c1ccc(OC)cc1;Cc1ccc(NC(=O)COc2ccc(C(C)C)cc2)c(O)c1;COC1=CC=C(CC(=O)N[C@@H](C)C2=CC=CC=C2)C=C1OC;COC1=CC=C2CCN(C)[C@@H](CC3=CC=C(O)C=C3)C2=C1O;Cc1cc(CC(=O)N(C)C)cc(C)c1Oc1ccc(O)cc1;CCN1CC(Cc2cccc(OC)c2)Oc2ccc(O)cc21;Cc1cc(C(=O)c2ccc(NCC(C)O)cc2)cc(C)c1O;COC1=CC2=C(C=C1OC)[C@H](CC1=CC=C(O)C=C1)NCC2;COc1ccc(C)cc1C(C)NC(=O)Cc1ccc(O)cc1;Cc1cc(OCC(=O)Nc2ccccc2O)ccc1C(C)C;Cc1cccc(C(=O)N(C)C(CCO)c2ccccc2)c1O;COc1cccc(CCC(=O)N(C)Cc2ccccc2O)c1;CCC(C)c1ccccc1OCC(=O)Nc1ccc(O)cc1;CCc1ccc(C(=O)NCCc2ccc(O)c(OC)c2)cc1;CCOc1ccc(CC(=O)NCCc2ccc(O)cc2)cc1;CCc1cccc(OCC(=O)NCCc2ccc(O)cc2)c1;CCc1ccc(C(C)NC(=O)Oc2ccc(OC)cc2)cc1;COC1=CC2=C(C=C1O)[C@H](CC1=CC=CC(O)=C1)N(C)CC2;Cc1cccc(C)c1OCC(=O)N(C)Cc1ccc(O)cc1;CCCc1ccc(OCC(=O)Nc2ccc(C)cc2O)cc1;COC1=CC=C(C[C@@H]2NCCC3=C2C=CC(OC)=C3O)C=C1
m_0f05e7,COc1ccc(OCCN(C)C(=O)C(F)(F)F)cc1;COc1ccc(CNC(=O)Nc2nc(C)cs2)cc1;COc1ccc(C(=O)N(CCO)CC(F)(F)F)cc1;COC(=O)c1sc(N(C)Cc2ccncc2)nc1C;CC(C(=O)O)N(C)Cc1cccc(OC(F)(F)F)c1;COc1ccc(C(=O)N(C)CCC(F)(F)F)cc1O;COc1ccc(CNC(=O)c2ccc(F)cc2F)cc1;COc1ccc(C(=O)N(C)CC(O)C(F)(F)F)cc1;CN(C)CCN1C=NC2=C1C(=O)NC(=O)N2.Cl.O;CSCCN(C)C(=O)c1n[nH]c(=O)c2ccccc12;COc1ccc(CNC(=O)Nc2ncc(C)s2)cc1;CN(CCO)C(=O)Cc1ccc(OC(F)(F)F)cc1;COc1ccc(CC(=O)Nc2ccc(F)cc2F)cc1;Cc1nnc(SCC(=O)N(C)Cc2ccccc2)o1;COc1ccc(CC(=O)Nc2ccc(F)c(F)c2)cc1;CN(Cc1ccc(O)cc1)C(=O)c1cccc(F)c1F;CN(Cc1ccccc1)S(=O)(=O)c1ccnc(N)c1;COc1ccc(CNC(=O)NCc2cscn2)cc1;CCc1nc(SCC(=O)c2ccc(OC)cc2)n[nH]1;COc1ccc(CCNC(=O)Nc2nccs2)cc1;COc1ccc(OC)c(-c2nnnn2CCC(=O)[O-])c1;COC1=CC=C(CCNC(=O)C2=C(C)N=NS2)C=C1;COc1ccc(CCNC(=O)c2csc(N)n2)cc1;COc1ccc(Cn2ccnc2SCC(N)=O)cc1;CNc1ncc(C(=O)NCc2cccc(OC)c2)s1
m_0fe9d9,CCCCc1nnc(NC(=O)c2ccc(F)cc2)s1;O=C(NCCc1ccc(F)cc1F)c1ccc(F)cc1;O=C(CSc1ccc(F)cc1)NCCc1cnc[nH]1;CC(C)c1nnc(NCC(=O)c2ccc(F)cc2)s1;N#CSCC(=O)N1CCN(c2ccc(F)cc2)CC1;Fc1ccc(NCCOCc2ccc(Cl)cc2)cc1;Nc1ncc(CNC(=O)CCc2ccc(F)cc2)s1;CC(CNc1ccc(F)cc1)Oc1ccc(Cl)cc1;Cc1csc(NC(=O)CN(C)c2ccc(F)cc2)n1;CSC1(C#N)CCN(C(=O)c2cncc(F)c2)CC1;CC(O)CCNC(=O)c1ccc(F)c(C(F)(F)F)c1;Cc1nc(CN(C)C(=O)c2ccc(F)c(N)c2)cs1;CCOCCNC(=O)c1ccc(F)c(C(F)(F)F)c1;CCNC(=O)Cc1csc(Nc2ccc(F)cc2)n1;COc1ccc(F)cc1NCCc1ccc(Cl)cc1;CCc1nc(NC(=O)c2ccc(F)c(N)c2)sc1C;CSc1nc(N)cc(CCOc2ccc(F)cc2)n1;CCC(O)(Cc1ccc(Cl)cc1)c1ccc(F)cn1;CNC(=O)c1sc(NCc2ccc(F)cc2)nc1C;O=C(NCCc1ccc(F)c(F)c1)c1cccc(F)c1;CC(c1ccc(F)cc1)N(C)C(=O)c1csc(N)n1;Cc1ncsc1CNC(=O)NCc1ccc(F)cc1;Cc1cn(-c2ccc(F)cc2)c(=NC(=O)N(C)C)s1;O=C(NCCc1cccc(F)c1)c1cc(F)cc(F)c1;Cc1ncsc1CN(C)C(=O)c1ccc(F)c(N)c1
m_108fdb,Cc1n[nH]c(C)c1CCC(=O)N1CCCC1c1ccc2c(c1)OCO2;NC(=[NH+]Cc1ccc2c(c1)OCO2)N1CCN(c2ncccn2)CC1;Cc1cc(C)n(CC2CCN(C(=O)c3ccc4c(c3)OCO4)CC2)n1;CCCN(CCC)c1cncc(C(=O)Nc2ccc3c(c2)OCO3)c1;Cc1cc(C)n(CC2CCCCN2C(=O)c2ccc3c(c2)OCO3)n1;CC(C)CCNc1ccc(C(=O)NCc2ccc3c(c2)OCO3)nc1;CC(C)CCNC(=O)c1ccc(NCc2ccc3c(c2)OCO3)nc1;c1cc2c(cc1-c1noc(CC3CCN(C4CCC4)CC3)n1)OCO2;CC1(Cc2ccc3c(c2)OCO3)CCC(=O)N(CCn2cccn2)C1;CCCc1[nH]nc(-c2ccc3c(c2)OCO3)c1NC(=O)C1CCCC1;CC(C(=O)N1CCCC(c2ccn[nH]2)C1)c1ccc2c(c1)OCCO2;Cc1cnn(CCC(=O)N2CCCC2c2ccc3c(c2)OCCO3)c1;CC(C)(C)c1ncncc1CNC(=O)CCc1ccc2c(c1)OCO2;CC(C)(CNC(=O)NCCc1ccccn1)c1ccc2c(c1)OCO2;Cc1cnn(CC2CCCN2C(=O)CCc2ccc3c(c2)OCO3)c1;Cc1[nH]ncc1CCCNC(=O)C1CC1c1ccc2c(c1)OCCO2;CC(NC(=O)c1ccn(C2CCCCC2)n1)c1ccc2c(c1)OCO2;Cc1cn[nH]c1CC1CCCN(C(=O)c2ccc3c(c2)OCCO3)C1;C1=CC2=C(C=C1C1=CN=C3CO[C@@H](CNC4CCCC4)CN13)OCO2;CC(C)Cc1[nH]nc(-c2ccc3c(c2)OCO3)c1NC(=O)C1CCC1;CC1(Cc2ccc3c(c2)OCO3)CCCN(C(=O)Cn2ccnc2)C1;NC(=[NH+]C1COc2ccccc21)N1CCN(c2ccc(F)cc2)CC1;Cc1cc(C)n(CC2CCCN2C(=O)c2ccc3c(c2)OCCO3)n1;Cc1nn(Cc2ccc3c(c2)OCCO3)c(C)c1C1CCCC(=O)N1;Cc1cc(C(=O)N2CCCC2c2ccc3c(c2)OCCCO3)n(C)n1
m_12945e,NC(=O)C1CCC(c2ccc(OCc3ccccc3F)cc2)N1;COc1cccc2c1CCC2(N)C(=O)NCc1cccc(F)c1;O=C(Nc1cccc(COc2cccc(F)c2)c1)C1CCNC1;CC(=O)NCc1ccc(C(=O)NCCc2ccccc2F)cc1;O=C(NC1CCCC1)c1cccnc1OCc1ccccc1F;O=C(COc1ccnc2c1CCCC2)NCc1ccccc1F;CN(CCOc1ccc(F)cc1)C(=O)c1ccc2c(c1)CCN2;Cc1cccc(CNC(=O)CC(=O)NCc2ccccc2F)c1;CCCCNC(=O)c1cc2occc2n1Cc1cccc(F)c1;O=C(CNC(=O)Cc1ccccc1)NCCc1ccccc1F;NC(=O)c1ccc(CN2CCC(Oc3ccc(F)cc3)C2)cc1;O=C(NCc1ccc(N2CCOCC2)cc1)c1ccc(F)cc1;CCCCn1c(C(=O)NCc2ccc(F)cc2)cc2occc21;O=C(NCc1ccc(F)cc1)c1ccnc(OC2CCCC2)c1;Cc1cccc(CC(NC(=O)Cc2cccc(F)c2)C(N)=O)c1;O=C(NCc1ccc(N2CCOCC2)cc1)c1cccc(F)c1;CC(=O)Nc1ccc(CC(=O)NCCc2cccc(F)c2)cc1;CCC(C)NC(=O)c1cc2occc2n1Cc1cccc(F)c1;C=C(NNC(=O)COc1c(C)cccc1C)c1ccc(F)cc1;Cc1cccc(C)c1NC(=O)CC(=O)NCc1ccc(F)cc1;CC(C)C1Oc2ccc(N)cc2N(Cc2ccc(F)cc2)C1=O;O=C(Cc1cccc(F)c1)N1CCC(O)(c2ccccn2)CC1;O=C(Cc1ccc(F)cc1)Nc1ccccc1N1CCOCC1;CN(Cc1ccccc1F)C(=O)CNC(=O)Cc1ccccc1;O=C(CNC(=O)Cc1cccc(F)c1)NCCc1ccccc1
m_13152b,COc1cccc2c1C1(CCN(C(=O)c3c[nH]c(=O)[nH]3)CC1)OCC2;COc1ccccc1C(C)=CC(=O)N1CCC2(CC1)NC(=O)NC2=O;CC(=O)NCC1(O)CCN(C(=O)c2cccc3ncccc23)CC1O;O=C(c1ccc2[nH]c(=O)c(=O)[nH]c2c1)N1CCC(C2CCCO2)CC1;Cc1noc(C2CN(C(=O)COc3cccc4c3OC(C)(C)C4)C2)n1;Cc1oc2ccc(NC(=O)N3CCC4OCC(=O)NC4C3)cc2c1C;Cc1noc(C2C(C)OCCN2C(=O)C2Cc3cccc(C)c3O2)n1;CC1Oc2c(cccc2C(=O)N2CCCC3(CNC(=O)C3)C2)NC1=O;COC(=O)N1CCCCC1c1cc(C(=O)NCc2ccccc2)no1;Cc1noc(COC2CN(C(=O)C3Cc4cc(C)c(C)cc4O3)C2)n1;Cc1ncn(CCNC(=O)C2Oc3ccccc3OC2C)c(=O)c1C;Cc1nc(C2CCCN2C(=O)C(C)c2ccc3c(c2)OCCO3)no1;CC1(c2ccc(C(=O)N3CCOC(C4CC4)C3)cc2)NC(=O)NC1=O;Cc1noc(C2CCCN(C(=O)Cc3ccc4c(c3)OCCO4)C2)n1;COC12CCC(O)CC1N(C(=O)c1nc3ccccc3[nH]c1=O)CC2;COc1ccc(F)c(F)c1COC1CCN(C(=O)OC(C)(C)C)C1;COc1cccc(C(=O)N2CCCC(Oc3ncccn3)C2)c1OC;CCc1noc(COC2CN(C(=O)C3Cc4cccc(C)c4O3)C2)n1;Cc1c(NC(=O)CC2CC(C)OC2=O)c(=O)n(-c2ccccc2)n1C;Cc1noc(C2CCCN(C(=O)CCc3ccc4c(c3)OCO4)C2)n1;COC(=O)C1(NC(=O)c2nn(C)c(=O)c3ccccc23)CCCCC1;COc1ccc2[nH]c(=O)c(CCC(=O)N3CCN(C=O)CC3)cc2c1;COc1cc2cc(C(=O)N3CCC4(CNC(=O)C4)C3)[nH]c2cc1OC;CCOC1CC(NS(=O)(=O)c2cn(C)nc2C)C12CCOCC2;CC(C)c1nc(C2CCCN(C(=O)c3cccc4c3OCO4)C2)no1
m_134d4a,c1cc2c(cc1C1CCCN1c1nc(C3CC3)no1)OCCO2;CC(C)Nc1cc(C(=O)Nc2ccc3c(c2)OCCO3)ccn1;CCCNc1cc(C(=O)Nc2ccc3c(c2)OCCO3)ccn1;O=C(Nc1nccn1CC1CC1)c1ccc2c(c1)OCCCO2;O=C(c1cc2ccccc2o1)N1CCC(N2CCNC2=O)CC1;Cn1ccnc1C(=O)N1CCCC1c1ccc2c(c1)OCCO2;CCCCNc1cc(C(=O)Nc2ccc3c(c2)OCO3)ccn1;O=C(c1ccc2c(c1)OCCO2)N1CCCC1Cn1cccn1;CCCC(=O)Nc1ccc(Nc2ccc3c(c2)OCCO3)nc1;CN(CCc1ccccn1)C(=O)Nc1ccc2c(c1)OCCO2;CC(C)(C)c1ncc(NC(=O)c2cccc3c2OCCO3)cn1;CC(C)(C)Nc1ccc(NC(=O)c2ccc3c(c2)OCO3)nc1;CCCNC(=O)c1ccc(Nc2ccc3c(c2)OCCO3)cn1;Cn1nccc1CNC(=O)C1CC1c1ccc2c(c1)OCCO2;CN(Cc1ccn[nH]1)C(=O)C1CC1c1ccc2c(c1)OCCO2;COc1cccc(NC(=O)c2ccnc(N3CCOCC3)c2)c1;CN(CC1CC1)C(=O)c1cn[nH]c1-c1ccc2c(c1)OCCO2;CCC(C)Nc1cc(C(=O)Nc2ccc3c(c2)OCO3)ccn1;O=C(CCNc1ccc2c(c1)OCCO2)NCc1ccccn1;CC(C)CNC(=O)c1ccnc(Nc2ccc3c(c2)OCO3)c1;CCCOc1ccc2c(c1)OCC(C(=O)Nc1cnn(C)c1)=C2;c1nc(N2CCOCC2)c2cc3c(cc2c1NC1CC1)OCO3;CC(C)NC(=O)c1ccc(Nc2ccc3c(c2)OCCO3)cn1;COc1ncnc2c1CN(Cc1ccc3c(c1)OCCO3)CC2;CC(C)C(=O)Nc1ccc(Nc2ccc3c(c2)OCCO3)nc1
m_145679,COC(=O)C(CC(C)C)NC(=O)N1CC(=O)Nc2ccccc21;COC(=O)CCCCCNC(=O)N1CC(=O)Nc2ccccc21;CCCCOC(=O)NCC(C(=O)NCC#N)c1ccc(O)cc1;COC(=O)CCNC(=O)N1c2ccccc2NC(=O)C1C(C)C;CC(=O)NCCCNC(=O)CCN1C(=O)COc2ccccc21;CC(C)NC(=O)c1ccccc1NC(=O)C(=O)N1CCOCC1;CC(=O)N1CCN(C(=O)C(CC(C)C)NS(C)(=O)=O)CC1;CCN(CCO)C(=O)NCCCN1C(=O)c2ccccc2C1=O;CCOC(=O)c1c(C)nn(-c2ccccc2OCCOC)c1N;COc1ccccc1CC1(C)NC(=O)N(CC(=O)N(C)C)C1=O;CCCCCCCCCC(=O)NCCCCCBr;CCCCCCCNC(=O)CCCCCCCBr;COCCCNC(=O)Nc1ccc2c(c1)C(=O)N(C(C)C)C2=O;CCOC(=O)c1ccc(CNC(=O)N2CCN(C=O)CC2)cc1;CCCNC(=O)CNC(=O)CN1C(=O)C(C)Oc2ccccc21;CC[C@@H](C)[C@@H](CO)NC(=O)CN1C(=O)NC2=CC=CC=C2C1=O;COCCCNC(=O)CC[C@@H]1NC(=O)C2=CC=CC=C2NC1=O;CC(C)N1C(=O)C(NC(=O)C(=O)NCCCO)c2ccccc21;CC(CNC(=O)OC(C)(C)C)Nc1ccc2c(c1)C(=O)NC2=O;CC(C)CC(NC(=O)OCCCCCCO[N+](=O)[O-])C(=O)[O-];CCOC(=O)c1cccc(N(C(N)=O)C2CCCCNC2=O)c1;CCCOc1ccccc1NC(=O)CN1C(=O)NC(C)(C)C1=O;COc1ccc(C2(C)NC(=O)N(CCCC(N)=O)C2=O)cc1C;CCCCCCCC(=O)NCC(C)(C)CCCBr;CCOC(=O)CN1C(=O)Nc2ccccc2C(=O)N1C(C)(C)C
m_153108,O=C(Nc1ccccc1-n1cncn1)c1ncccc1Br;O=C(Nc1ccccc1-n1ccnn1)c1cncc(Br)c1;Cc1ccc(Nc2nc(Cl)c(C=NNC(N)=O)s2)cc1Cl;O=C(Nc1cccc(Br)c1)c1ccc(-n2ccnc2)nn1;O=C(Nc1ccccc1-n1cncn1)c1cncc(Br)c1;O=C(Nc1cc(Br)cnc1-n1cccn1)c1ccncc1;O=C(Nc1ncccc1Br)c1cnn(-c2ccccc2)n1;CCOc1c(Br)cc(Cl)cc1NCc1cn[nH]c1C;O=C(Nc1cccnc1)NC(c1ccccc1)C(Cl)(Cl)Cl;O=C(Nc1cccc(Br)c1)c1ccnc(-n2cnnc2)c1;O=C(Nc1cc(Br)ccc1-n1cccn1)c1cnccn1;Nc1cncc(C(=O)Nc2cccc3cc(Br)cnc23)n1;O=C(Nc1cc(-c2ccccc2Br)[nH]n1)c1cnccn1;O=c1[nH][nH]c(-c2ccccn2)c1N=Nc1ccc(Br)cc1;O=C(Nc1ccncc1Br)c1cnn(-c2ccccc2)n1;CCOc1c(Cl)cc(Cl)cc1C(=O)Nc1c[nH]c(=O)[nH]c1=O;O=C(Nc1ccccc1-n1cncn1)c1ccc(Br)nc1;Nc1cnc(C(=O)Nc2cccc3cc(Br)cnc23)cn1;COCCn1c(CBr)nnc1-c1ccc(C)c(Cl)c1;CCn1ncnc1CNC(=O)NCc1ccsc1Br;CCc1nn(CC)c(COc2cncc(Br)c2)c1Cl;Cn1cc(Cl)c(C(=O)NNC(=S)Nc2cccc(Cl)c2)n1;NC(=O)NCCNC(=O)Nc1ccc(Br)cc1C(=O)[O-];Cc1c(CS(C)(=O)=O)cccc1NC(=O)c1ccc(Cl)s1;O=C(Nc1ccc(-n2cccn2)nc1)c1ccc(Br)nc1
m_156305,CC(C)c1[nH+]ccn1CCCNC(=O)Cc1ccc2c(c1)OCO2;CCCNC(NCCc1ccco1)=[NH+]Cc1ccc2c(c1)OCO2;CCC[NH+](C=C(C#N)C(=O)NCc1ccc2c(c1)OCO2)CCC;CC(C)(C)n1ncc2c(=O)[nH]c(N3CCN(C4CC4)C(=O)C3)nc21;CCc1cc(=O)nc(NCCNC(=O)c2nn(C)c3c2CCC3)[nH]1;Cc1cc(C)n2nc(C(=O)NCC(C)N3CCCCC3=O)nc2n1;CC(C)c1nc(C[NH+]2CCCC2c2ccc3c(c2)OCCO3)no1;COc1ncccc1CNC(=O)NCc1nnc2n1CCCCC2;Cn1c(C2CCCN2C(=O)Cn2cn[nH]c2=O)nc2c1CCCC2;O=C(c1c[nH]nc1C1CCOCC1)N1CCCC(n2ccnn2)C1;Cn1cc(C2OCCC2C[NH2+]Cc2ccc3c(c2)OCCO3)cn1;CC(C)(C#N)C(=O)N1CC[NH+](Cc2ccc3c(c2)OCCO3)CC1;CCc1[nH+]ccn1CC(=O)N(CC)Cc1ccc2c(c1)OCCO2;OC(Cn1cccn1)C[NH+]1CCCC1c1ccc2c(c1)OCCO2;CCn1ccnc1C1OCCCC1[NH2+]Cc1cccc2c1OCO2;C[NH+]=C(NCc1cccc2c1OCO2)N1CC2C3CCC(O3)C2C1;COC(=O)N(c1ccc2c(c1)C(=CC1C[NH+]=CN1)CCO2)C(C)C;Cc1noc(C2CCCN(C(=O)NC3CCc4nc[nH]c4C3)C2)n1;CC(C#N)CCCCn1c(=O)c2c(nc3n2CCCN3)n(C)c1=O;O=C(c1cnn2c1CCCC2)N1CCCC(O)(Cn2ccnn2)C1;CCCn1cc(C(=O)NC2CCCN(c3ncc[nH]c3=O)C2)cn1;Cc1nc(C2CCCN(C(=O)Nc3cn(C)c(=O)cc3C)C2)n[nH]1;COc1ccc(NC(=O)N2CCCC(c3n[nH]c(C)n3)C2)c(C)n1;CCC(=O)N1CC[NH+](Cc2cc3cc(OC)ccc3[nH]c2=O)CC1;CC(CNC(=O)c1c[nH]c2ccccc2c1=O)[NH+]1CCOCC1C
m_15dab4,Cc1nc(Oc2ccc(S(C)(=O)=O)cc2)c2c(CC(C)C)csc2n1;COCCSc1nc2sc(C)c(-c3cc(C)ccc3OC)c2c(=O)[nH]1;CN(CCCOc1ccc(S(C)(=O)=O)cc1)c1nc2ccccc2s1;Cc1cc(OS(=O)(=O)c2ccc(F)cc2)n(CCOc2ccccc2)n1;CC(c1ccc(F)cc1)N(C)C(=O)CN1C(=O)c2ccccc2S1(=O)=O;CC(=O)c1c(-c2ccccn2)n(S(=O)(=O)c2ccccc2)c2ccccc12;CCOc1ccc2nc(NS(=O)(=O)c3c(C)cc(C)cc3C)sc2c1;COc1ccc2[nH]c(C3CCCN(S(=O)(=O)c4cccs4)C3)cc2c1;COc1ccc(OC)c(NC(=O)CSc2nc3[nH]c(N)nc(=O)c3[nH]2)c1;CS(=O)(=O)c1ccc(CSc2[nH]c(=O)c(C=N)c3c2CCCC3)cc1;CCOc1ccc(S(=O)(=O)NCc2cccnc2-c2ccco2)cc1F;CCn1c(=NS(=O)(=O)c2ccc(C)cc2)sc2c(C)ccc(OC)c21;Cc1ccc(C)c(S(=O)(=O)NCCc2nc(-c3cccs3)oc2C)c1;Cc1ccc(-c2nnc(NS(=O)(=O)c3c[nH+]c4n3CCC4)s2)c(C)c1;Cc1ccc(Sc2ncccc2C(=O)NC2CCS(=O)(=O)C2)cc1C;Cc1ccc(C)c(S(=O)(=O)Nc2ccc3c(c2)sc(=O)n3C(C)C)c1;CCOC(=O)C(C)(C)n1c(CC)nc2scc(-c3cccs3)c2c1=O;COc1ccc2[nH]c(=O)c(CNS(=O)(=O)Cc3ccc(F)cc3)cc2c1;Cc1ccc(C=C2C(=O)c3cccnc3N2S(=O)(=O)c2ccccc2)cc1;CC(=O)N1CCc2cc(S(=O)(=O)N3CCOc4cccc(F)c43)ccc21;COc1ccc(F)cc1S(=O)(=O)N(Cc1ccccn1)Cc1ccco1;CCn1c(=O)sc2cc(S(=O)(=O)NC(C)c3ccc(C)cc3)ccc21;O=S(=O)(Nc1ccc(Oc2ccccc2)cc1)c1cccc2cnccc12;O=c1nc(SCc2ccccc2)c2c(n1C1CCS(=O)(=O)C1)CCC2;O=C1CCCc2cc(S(=O)(=O)N3CCCC3c3cccs3)ccc2N1
m_163bfd,Cn1c(C(F)(F)F)nn(CC(=O)NCCc2ccccc2)c1=O;Cn1cnnc1CCNC(=O)COc1ccc(C(F)(F)F)cc1;O=C(Nc1ccn(CCc2ccncc2)n1)c1ccc(F)cc1F;CN(Cc1cnn(C)c1)C(=O)Nc1ccc(OC(F)F)c(F)c1;Cc1cc(-n2cc(C(=O)NCc3ccc(F)cc3)nn2)ccc1F;Cn1nccc1CCNC(=O)Nc1cc(F)ccc1OC(F)F;CCOc1ncccc1CNC(=O)c1cn(C)nc1C(F)(F)F;COc1cccc(NC(=O)NCCn2ccc(C(F)(F)F)n2)c1;Cc1nn(CC(O)c2ccc(C(F)(F)F)cc2)c(N)c1C(N)=O;Cn1cc(-c2ccc(CNC(=O)c3ccc(F)c(F)c3)cn2)cn1;Cc1cc(NC(=O)Cn2nc(C(F)(F)F)c3c2CCCC3)no1;Cc1cc(C(F)(F)F)c2c(=O)n(CC(=O)NC3CC3)n(C)c2n1;CC(CCNC(=O)c1nc(=O)[nH][nH]1)c1cccc(C(F)(F)F)c1;COc1ccc(C(NC(=O)Nc2ccn(C)n2)C(F)(F)F)cc1;CN(Cc1cnn(C)c1)C(=O)c1ccc(OCC(F)(F)F)nc1;Cc1nn(C)c(C)c1OCC(=O)Nc1cc(C(F)(F)F)ccn1;COCCNC(=O)Nc1cnn(-c2cccc(C(F)(F)F)c2)c1;O=C(NCCc1ccn(-c2ccc(F)cc2)n1)c1ccc(F)cn1;O=C(CCc1ccc(F)c(F)c1)Nc1ccc(-n2cccn2)nc1;CCn1cnnc1-c1ccc(C(=O)Nc2ccc(F)cc2F)cc1;CC(C(=O)NCCn1cccc1)n1nc(C(F)(F)F)ccc1=O;COc1ccc(CNC(=O)C(C)n2cncn2)c(C(F)(F)F)c1;Cc1cc(NC(=O)CCn2nc(C(F)(F)F)cc2C2CC2)no1;O=C(Nc1ccn(CCc2ccncc2)n1)c1ccc(F)c(F)c1;Cc1nc(C(=O)NC(CCO)C(F)F)nn1-c1ccc(F)cc1
m_163da0,Cc1nc2c(c(C)nn2C)c(C)c1CCC(=O)NCc1cccs1;CN(C)c1ccc(CNc2cc(-c3cccs3)nn2CCO)cc1;CSc1ccc(C)c(C(=O)NCC2CCCN2c2cccnn2)c1;Cc1cc(C(=O)NCCOc2ccccc2F)c2c(C)nn(C)c2n1;CCCCNc1nc2ccccc2n1CC(=O)NCc1cccs1;CCC[NH+]1CCN(S(=O)(=O)c2ccc(OC)c(C(N)=O)c2)CC1;Cc1ccsc1CN(C)C(=O)c1cc2cnn(C(C)C)c2nc1C;CCn1c(CCNC(=O)c2ccc(OC)c(F)c2)nc2cccnc21;Cc1cc2nc(C)c(CCC(=O)NCCc3cccs3)c(C)n2n1;O=C(NC1CCCN(c2cccnn2)C1)C1CCCc2sccc21;COCCCNC(=O)c1cnn(-c2ccc(F)cc2)c1-n1cccc1;COc1ccc(S(N)(=O)=O)cc1C(=O)NCCC1CCC[NH2+]C1;CSc1ncccc1C(=O)NCCc1nc(C)c2c(n1)CCCC2;O=C(NCC1CCN(c2cnccn2)CC1)C1(c2cccs2)CC1;O=C(NC1CCN(c2ccccn2)C1)c1scnc1C1CCCC1;Cc1[nH]c2nc(-c3cccs3)nc(NC3CCC(O)CC3)c2c1C;O=C(C1CCCN(c2cnccn2)C1)N(Cc1cccs1)C1CC1;COc1cccc(C(=O)NCCS(=O)(=O)N2CC[NH+](C)CC2)c1;CCOCCCNc1nc(-c2cccnc2)nc2sc(CC)cc12;CCC(C)NC(=O)CCc1nc2cccnc2n1Cc1cccs1;Cc1ccc(NC2CCN(C(=O)c3sccc3C3CC3)CC2)nn1;O=C(NC1CCN(c2ncnc3c2CCCC3)CC1)c1cccs1;CN(Cc1ccc(C#N)cc1)C(=O)NCc1csc(C(C)(C)C)n1;Cc1ccc(N2CCC(CNC(=O)C=Cc3cccs3)CC2)nn1;CCOc1ccc(S(=O)(=O)N2CC[NH+](C)CC2)cc1NC(C)=O
m_1700bc,COc1ccc(CN2CCN(c3nnc(C4CC4)s3)CC2)cc1;COc1ccc(CNC(=O)N(C)c2ccc(OC)c(OC)c2)cc1;CCN(Cc1ccc(OC)cc1)C(=O)CCNC(=O)c1ccco1;COC1=CC(C(=O)N(C)CCC2=CC=CC=N2)=CC(OC)=C1OC;COC(=O)c1c(C)[nH]c(C(=O)N(C)Cc2ccc(OC)cc2)c1C;COc1cc(OC)c(C(=O)N(C)CCc2ccccn2)cc1OC;CCCCn1c(SCCCC#N)nnc1-c1ccc(OC)cc1;CCN(Cc1ccc(OC)cc1)C(=O)C(C)NC(=O)c1ccco1;COc1ccc(CN(C)C(=O)CNC(=O)c2cc(C)oc2C)cc1;C=CCN(CC(C)Nc1ccc(Cl)cc1)c1ccc(OC)cc1;CCOc1cccnc1NC(=O)CCCOc1ccc(OC)cc1;CCOC(=O)c1ccc(NCc2ccc(OC)cc2)nc1OCC;COc1ccc(OCCNC(=O)c2cccn(C(C)C)c2=O)cc1;COC(=O)CCCN(C)C(=O)c1cc2ccc(OC)cc2nc1C;CCN(CC)c1nc(N)c(C(=O)N(C)C(C)CCSC)s1;CN(Cc1ccccn1)C(=O)CNC(=O)NCc1ccc(F)cc1;CCOc1ccc(OCNC(=O)NCc2ccc(OC)cc2)cc1;COc1ccc(CNC2CCC(C(F)(F)F)N(C(C)=O)C2)cc1;CCc1ccsc1C(=O)N1CCC(N(C)Cc2ncccn2)C1;CCCc1nc(C)c(C(=O)N2CCN(c3ccccn3)CC2)s1;COCCOc1ccc(CC(=O)NCc2ncccc2OC)cc1;CCOC(=O)c1c(C)[nH]c(C(=O)NCc2ccc(OC)cc2)c1C;CC(C)n1cnnc1SCC(=O)N(Cc1ccccc1)C1CC1;CCCCN(C)C(=O)C(Cc1ccccn1)c1ccc(Cl)cc1;COc1cccc(CSc2nnc(N3CCCC3)n2C2CC2)c1
m_1712db,Cc1[nH]ncc1CNC(=O)N1CCCC1C1CCOCC1;C1COC(Cn2c(C3CCC3)nnc2N2CCOCC2)C1;CCCCN(C)c1ncc(C(=O)NCC2CCCO2)cn1;CCCOc1nc(C2CC2)nc(NCC2CCCO2)c1N;Cc1cc(N2CCN(C(=O)C3CCCOC3C)CC2)n[nH]1;COc1cc(N2CCN(CC3CCCCO3)CC2)ncn1;CC(C)c1ncc(N)c(C(=O)NCCC2CCCCO2)n1;CCCNc1cncc(C(=O)N(CC)CC2CCCO2)n1;COC1(CNc2nccc(NC3CCCOC3)n2)CCC1;CCCNc1ccc(C(=O)N(CC)CC2CCCO2)nn1;O=C(NCCO)NCc1ccc(N2CCCCCC2)nc1;COc1cc(N2CCN(CCC3CCCO3)CC2)ncn1;CCn1ccnc1C(C)NC(=O)N1CCOCC1C1CC1;Cn1ncc2c1CCCC2NC(=O)NCCC1CCOC1;CCCc1[nH]nc(C(=O)N2CCOC3CCCCC32)c1N;CCn1ccc(CNC(=O)N2CCCC2C2CCCO2)n1;CC1(NC(=O)Nc2ccnn2CC2CCOC2)CCCC1;COC1CC(C(=O)Nc2cc(C3CCCC3)[nH]n2)N(C)C1;CN(CC1CCCCC1O)C(=O)C1CCc2n[nH]nc2C1;CN(CC1CCOC1)C(=O)NCCCNc1cccnc1;CC(C1CC1)n1nccc1NC(=O)NCC1CCCOC1;CC1(O)CCCN(C(=O)NC2CCCc3cn[nH]c32)CC1;Cc1cc(N2CCC(NC(=O)C3COC(C)C3)CC2)n[nH]1;CCCCNC(=O)c1cc(NCC2CCCO2)nc(C)n1;Cn1nc(C2CCC2)cc1NC(=O)NC1(C)CCOCC1
m_1777b7,CS(=O)(=O)CCN1CCC(NC(=O)c2cc3ccccc3[nH]2)CC1;O=C(c1cccnc1C1CC1)N1CCCC(N2CCCS2(=O)=O)C1;O=C(c1cc(=O)[nH]c2ccccc12)N1CCCC(Oc2ccncc2)C1;Cc1cccc(N2CC(CNC(=O)c3c[nH]c4ccccc34)OC2=O)c1;CN(C)C=[NH+]c1nc(=O)n(C2OC(CO)C(O)C2O)c2ccccc12;O=C(Cn1c(=O)[nH]c2ccccc2c1=O)Nc1cccc2c1CCCC2;CS(=O)(=O)NCC1CCCN(C(=O)Cc2c[nH]c3ccccc23)C1;O=C(Nc1ccccc1N1CCOCC1)C(=O)c1c[nH]c2ccccc12;COc1ccc2cc(C(=O)Nc3ccccc3N3CCCC3=O)[nH]c2c1;CS(=O)(=O)N1CCC(C(=O)NCCc2c[nH]c3ccccc23)CC1;CC1CCCCC1CNC(=O)c1cc2c(=O)n(C)c(=O)n(C)c2s1;CN(CC(=O)N1CCCCC1c1cc2ccccc2[nH]1)S(C)(=O)=O;COC(=O)[C@H](CCSC)NC(=O)NCCC1=CNC2=CC=CC=C12;Cc1ccc(OC2CCN(C(=O)c3cc(=O)[nH]c4ccccc34)C2)nc1;CC1CCCN(C(=O)c2ccc(CSc3nccn3C)o2)C1CO;CCCCCNC(=O)c1ccc2c(=O)n(CCOC)c(=S)[nH]c2c1;O=C(C1=CC=C2OCOC2=C1)N1CCC(C2=NC3=CC=CC=C3N2)CC1;CCn1c(=O)[nH]c2cc(C(=O)NC3CCc4ccccc43)ccc2c1=O;COC(=O)C1=CC=C(NC(=O)N2CCC3=C(C2)NC2=CC=CC=C32)C=C1;CCCS(=O)(=O)NC(Cc1c[nH]c2ccccc12)C(=O)NC1CC1;O=C(Nc1ccc(N2CCOCC2)cc1)c1cc2ccccc2[nH]c1=O;O=C(NC1CCC(C(=O)N2CCSCC2)CC1)c1cccc(=O)[nH]1;O=C(c1c[nH]c2cccnc12)N1CCCC1c1ccc2c(c1)OCCO2;Cc1[nH]c2ccccc2c1C(=O)NCCS(=O)(=O)N1CCCCC1;CCCS(=O)(=O)N1CCCC1C(=O)Nc1c(C)[nH]c2ccccc12
m_1813a1,Cc1cc(NC(=O)CNc2ccccc2N2CCCCCC2)on1;O=C(NCCCC1CCCCC1O)c1ccc(-n2ccnn2)cc1;COc1ccccc1CCC(=O)N1CCCCC1c1n[nH]c(C)n1;COc1cc(C(=O)NCCc2nnc3n2CCCCC3)ccc1C;CC(C)CC(c1nc(Cc2cccnc2)no1)N1CCCCC1=O;CCCN(CCC)c1c(-c2ccccc2)nn(C)c(=O)c1C=NO;CCc1onc(C)c1NC(=O)c1ccnc(N2CCCC(C)C2)c1;COc1cc(C)ccc1CNC(=O)N1CCCCC1c1cn[nH]c1;Cc1cc(C=NNC(=O)Cn2ccccc2=O)c(C)n1CC(C)C;CCCOc1ccc(C(C)=NNC(=O)Cn2nc(C)cc2C)cc1;CC(C)N1CCC(CCNC(=O)c2cc(-c3cccnc3)on2)C1;Cc1ccc(OCCC(=O)N2CCCCC2c2ncn[nH]2)cc1C;COc1ccc(C)cc1NCCC(=O)Nc1c2c(nn1C)CCC2;COCC(NC(=O)N1CCCCC1c1ncc[nH]1)c1ccccc1;Cc1cc(CNC(=O)N2CCN(c3cccc(C)c3C)CC2)no1;CCc1cnc(N2CCCC(COc3cccc(OC)n3)C2)nc1;Cc1cccc(CCNC(=O)Nc2cnn(CC3CCCO3)c2)c1;CCC(C)Nc1ncc(C(=O)NCCc2ccccc2OC)cn1;CCCCCCOc1ccc(C=NNc2nc(=O)cc(C)[nH]2)cc1;Cc1ccc(CCNC(=O)C2CCc3nn(C)c(=O)n3C2)c(C)c1;Cc1ccc([N+](=O)[O-])cc1-n1nc(C(C)(C)C)c2c1NCCCC2;Cc1noc(CCCC(=O)Nc2cccc(N3CCCCC3)c2)n1;Cc1noc(C)c1CCC(=O)Nc1cccnc1N1CCCCC1;COc1cccc(C2CCCN2C(=O)NCCc2cnn(C)c2)c1;COCc1n[nH]c(C2CCCCN2C(=O)c2cc(C)ccc2C)n1
m_18f297,CCn1cc(NC(=O)NCc2cccnc2N2CCOCC2)cn1;CCn1cc(NC(=O)NCc2ccc(N3CCOCC3)nc2)cn1;NC(Nc1ccccn1)=[NH+]Cc1cc(F)ccc1N1CCOCC1;COCC(=O)N1CCCN(c2ccc3nnc(C4CC4)n3n2)CC1;Cn1cc(CCNC(=O)Nc2ccc(N3CCOCC3)nc2)cn1;Cn1ncc2c(N3CCN(C(=O)CC4CCOC4)CC3)ncnc21;O=C(Cn1ncc2c(N3CCCCC3)ncnc21)N1CCOCC1;CCn1cc(C(=O)N2CCOC(c3ccnc(N(C)C)n3)C2)cn1;Cc1nnc2ccc(N3CCCN(C(=O)C4CCOC4)CC3)nn12;Cn1cc(C(=O)N2CCCC2c2nc(C3CCOCC3)n[nH]2)cn1;COCC(=O)NC1CCN(c2ccc3nnc(C4CC4)n3n2)CC1;CC(C)c1cc(C(=O)NCc2cccc(N3CCOCC3)n2)no1;O=C(CCc1nnc2ccc(N3CCOCC3)nn12)N1CCCC1;CC1(NC(=O)C2CCN(c3ccc4nncn4n3)CC2)CCOC1;Cc1cnn(CC(=O)N2CCC(c3cc(O)nc(N(C)C)n3)C2)c1;CC1CC(c2nc(-c3ccc(N4CCOCC4)nc3)no2)CCO1;Cc1c(CC(=O)NC2CCOCC2Nc2ccncn2)cnn1C;Cc1nc2ccc(N3CC(C)C(C(=O)N4CCOCC4)C3)nn2n1;COc1cc(C(=O)N2CCN(c3cc(C4CC4)[nH]n3)CC2)nn1C;Cn1ncc2c(N3CCC(C(O)C(=O)NC4CC4)CC3)ncnc21;CCn1cc(C(=O)NC2CCCN(c3nccn(C)c3=O)C2)cn1;Cn1ncc2c1CCCC2NC(=O)c1cn(C2CCOCC2)nn1;CC1CN(c2ccc(CNC(=O)NCc3cc[nH]n3)cn2)CCO1;Cc1cc(N2CCCC(C(=O)N3CCOCC3)C2)n2ncnc2n1;CCn1ccnc(N2CCC(c3cc(O)nc(N(C)C)n3)C2)c1=O
m_1a0749,Cc1nc2ccccc2n1CC(=O)NN=Cc1ccc(Br)cc1F;CCCOc1ccc(Br)cc1C=CC(=O)c1ccc2c(c1)OCO2;O=C(Nc1cccc(F)c1)Nc1cnn(Cc2ccc(Br)cc2)c1;Cc1nc(-c2cccc(NC(=O)Cc3cc(Br)ccc3F)c2)n[nH]1;Cc1nc(C)n(-c2ccc(C(=O)Nc3ccc(Br)cc3F)cc2)n1;O=C(C=Cc1cc(Br)ccc1F)NCCc1nnc2ccccn12;O=C(NCc1cc(Br)ccc1F)c1ccc(Cn2cncn2)cc1;CCn1cnnc1-c1cccc(NC(=O)c2ccc(Br)cc2F)c1;O=C(NCCNc1ncnc2c(F)cccc12)c1ccc(Br)cc1;O=C(c1cc(Br)ccc1F)N1CCCC1c1nnc2ccccn12;NCC(F)(F)CNC(=O)CCn1cnc2ccc(Br)cc2c1=O;Cc1nc2ccccc2n1CCNC(=S)Nc1cccc(Br)c1;CN(Cc1ccccc1F)C(=O)c1cn(-c2cccc(Br)c2)nn1;O=C(Nc1ccccc1)Nc1nn(Cc2ccccc2F)cc1Br;Cc1ccc(Oc2ncnc(Nc3ccc(Br)cc3F)c2N)cc1;Cc1cc(Br)ccc1N(C)C(=O)c1ccc(-n2cncn2)c(F)c1;Cc1cc(Br)cn2cc(CNC(=O)c3ccc4c(c3)OCO4)[nH+]c12;Cc1n[nH]c(-c2ccc(NC(=O)Cc3cc(F)ccc3Br)cc2)n1;NC(=O)c1c(F)cc(Br)cc1NCc1ccc(-n2ccnc2)cc1;CN1c2c(F)cccc2CCN1C(=O)c1cc2ccc(Br)cn2n1;Cc1c(C(=O)NCc2ccc(Br)cc2)[n+](=O)c2ccccc2n1O;Cc1nc(-c2cccc(NC(=O)Cc3ccc(F)cc3Br)c2)n[nH]1;Cc1nc(-c2cccc(NC(=O)Cc3cc(F)ccc3Br)c2)n[nH]1;Cn1cc(Br)c(-c2cccc(NC(=O)Nc3ccc(F)cc3)c2)n1;O=C(NCc1cn2cc(Br)ccc2[nH+]1)C1COc2ccccc2O1
m_1a8b29,CCc1[nH+]ccn1CCCNC(=O)c1ccco1;c1coc(-c2noc(C[NH+]3CCCCCC3)n2)c1;c1coc(-c2nnc(C[NH+]3CCCCCC3)o2)c1;CC1CCC[NH+](Cc2nnc(-c3ccco3)o2)C1;CC(C)[NH2+]Cc1cncc(OCc2ccco2)n1;COCC[NH2+]Cc1cc(C)nc(-c2ccco2)n1;CCn1cnnc1CNC(=O)C(C)n1cccn1;[NH3+]CC1CCC(c2nnc(-c3ccco3)o2)CC1;CCc1[nH]nc(C(=O)NCCn2cccn2)c1N;[NH3+]CC1(c2nc(-c3ccco3)no2)CCCCC1;CN(C)c1nc(N)nc(N(C)Cc2ccco2)n1;CC(C(=O)NCCCc1ncn[nH]1)n1cccn1;Cn1ccnc1C([NH2+]C1CC(O)C1)c1ccco1;CC(C)n1nccc1NC(=O)Cn1cc(N)cn1;COc1[nH+]ccc(N(C)C)c1NCc1ccco1;c1coc(-c2cc(CN3CCC[NH2+]CC3)no2)c1;c1coc(CCc2nc(C3CCC[NH2+]C3)no2)c1;CCn1cc(CNC(=O)Cn2ccc(N)n2)cn1;CCCCCOc1nc(N)nc(-n2cccn2)n1;CC(C)(C)n1ncnc1NC(=O)Cn1cccn1;CC(Nc1cnn(CC(N)=O)c1)c1nccn1C;Cc1cnn(CCNC(=O)c2cc(N)nn2C)c1;CCc1nc(C(=O)NC(C)Cn2cccn2)n[nH]1;Cc1[nH]ncc1CCCNC(=O)Cn1ccnn1;Cn1cc(CCNC(=O)Cn2ccc(N)n2)cn1
m_1b1573,CC1CCN(C(=O)NCc2ccc(-n3cccn3)cc2)CC1;CC1(C)CCCN1C(=O)NCc1ccc(-n2cccn2)cc1;CCC1CCN(C(=O)NCc2ccc(-n3cccn3)cc2)C1;CC(NC(=O)NCCc1ccc(-n2cccn2)cc1)C1CC1;c1cnc(-n2cccn2)c(CNC2CCOC23CCCC3)c1;CC(=O)N1CCC(NCc2ccccc2-n2cccn2)CC1;Cc1c(NC(=O)NCC2(C)CCC2)cnn1-c1ccccc1;Cc1cc(NC(=O)C2CCN(C)CC2)nn1-c1ccccc1;Cc1nn(-c2ccccc2)cc1NC(=O)N1CCC(C)(C)C1;O=C(Cc1ncn(-c2ccccc2)n1)NC1CCCCCC1;O=C(Nc1ccccc1-n1cccn1)NC1CCCCCC1;O=C(NCc1ccccc1Cn1cccn1)NC1CCCC1;Cc1cc(C(=O)NCC2CCN(C)C2)nn1-c1ccccc1;O=C(CNc1ccccc1-n1cccn1)NC1CCCCC1;CCC1(NC(=O)Nc2cn(-c3ccccc3)nc2C)CCC1;Cc1cc(C(=O)NCC2CCNCC2)nn1-c1ccccc1;O=C(NCCN1CCCCC1)c1ccccc1-n1cccn1;CN(Cc1cnn(-c2ccccc2)c1)C(=O)NC1CCCC1;CC(C)c1ccc(-n2ncnc2CN2CCCCC2=O)cc1;CCN1CCCN(Cc2ccn(-c3ccccc3)n2)CC1=O;Cc1nn(-c2ccccc2)c(C)c1CNC(=O)NCC1CC1;CC(CC(=O)Nc1cccc(N2CCCC2)c1)n1cccn1;CCC1CCCN(C(=O)Nc2ccccc2-n2cccn2)C1;Nc1c(N2CCCCCCC2)cnn(-c2ccccc2)c1=O;CCc1ccc(-n2cc(C(=O)N3CCCCCC3)nn2)cc1
m_1b27e6,Cc1cc(C)c2c(n1)sc1c(=O)n(CC(=O)c3ccc(F)cc3)cnc12;Cc1nc(-c2cccc(-c3noc(COc4ccc(F)cc4)n3)c2)cs1;O=c1c2ccccc2ncn1Cc1csc(COc2ccc(F)cc2)n1;O=Cc1c(-c2ccc(F)cc2)nc2sc(CCOc3ccccc3)nn12;O=C(COc1ccc(F)cc1)Nc1nc(-c2c[nH]c3ccccc23)cs1;O=C(CSc1ccc(NC(=O)c2ccccc2)nn1)c1ccc(F)cc1;Cc1cc2nc3sc(C(=O)Nc4ccc(F)cc4)cc(=O)n3c2cc1C;COc1cccc(-c2csc(Cc3nc(-c4ccc(F)cc4)no3)n2)c1;Cc1nn(-c2ccc(F)cc2)c2sc(C(=O)Nc3ccc(O)cc3)cc12;Cc1nn(-c2ccc(F)cc2)c2sc(C(=O)Nc3ccccc3O)cc12;COc1ccc2nc(NC(=O)c3cc4ccc(F)cc4nc3C)sc2c1;COc1ccc(Nc2ncnc3scc(-c4ccc(F)cc4)c23)cc1O;Cc1cccc(-c2noc(CSc3ncc(-c4ccc(F)cc4)o3)n2)c1;Cc1sc(NC(=O)Cc2noc3ccccc23)nc1-c1ccc(F)cc1;O=C(c1cc(Cl)ccc1F)N1CC[NH+](Cc2ccc(Cl)cc2)CC1;O=C(OC1CN(c2nc3ccc(F)cc3s2)C1)c1c[nH]c2ccccc12;O=C(COc1cccc(F)c1)Nc1nc(-c2c[nH]c3ccccc23)cs1;Nc1nccn1-c1c(F)cc(C(F)(F)F)cc1C(=O)c1ccc(F)cc1;O=S(=O)(c1ccc(Cl)cc1)N1CCCCC(c2ccc(F)cc2)C1;O=S(=O)(c1ccc(F)cc1)N1CCCCC(c2ccc(Cl)cc2)C1;CC(OC(=O)CCNC(=O)c1ccc(Cl)cc1)c1cc(F)ccc1F;O=C(Cn1cnc2c(sc3cccc(F)c32)c1=O)NCc1ccccc1;O=C(Nc1nc(=O)n(C2CCC(CO)O2)cc1F)c1ccc(Cl)cc1;COc1ccccc1-c1csc(NC(=O)c2cc3c(F)cccc3[nH]2)n1;Cn1c(SCc2coc(-c3cccc(F)c3)n2)nc2ccccc2c1=O
m_1beae5,CC(C)Cc1ccc(S(=O)(=O)NC2CCCC[NH2+]C2)cc1;CC(C)Cc1ccc(S(=O)(=O)NC2CC[NH2+]CC2C)cc1;CC(C)Cc1ccc(S(=O)(=O)N2CCC(C)C([NH3+])C2)cc1;CC(C)Cc1ccc(C(C)NC(=O)Cn2cnnc2C#N)cc1;CC(C)Cc1ccc(S(=O)(=O)N2CCCC(C[NH3+])C2)cc1;C[NH2+]CC1CCCN1S(=O)(=O)c1ccc(CC(C)C)cc1;CC(C)Cc1ccc(S(=O)(=O)N(C)CC2CCC[NH2+]2)cc1;CCC[NH2+]C(C)c1ccc(S(=O)(=O)NC2(C)CCC2)cc1;CC(C)c1ccc(S(=O)(=O)NCC(C)[NH+]2CCCC2)cc1;CCS(=O)(=O)N1CCC([NH2+]C(C)c2ccc(C)cc2)CC1;CC(C)c1ccc(CNS(=O)(=O)CC2CCC[NH2+]C2)cc1;CC(C(=O)NC1CCN(c2ccccn2)CC1)c1cncnc1;CCC(C)c1ccc(S(=O)(=O)N2CC(C)[NH2+]C(C)C2)cc1;CC(C)c1ccc(S(=O)(=O)NCCC[NH+]2CCCC2)cc1;CC(C)c1ccc(CNS(=O)(=O)CCC[NH2+]C2CC2)cc1;Cc1cc(C[NH3+])ccc1S(=O)(=O)NC1CCC(C)C(C)C1;CC(C)(CCc1ccccc1)NS(=O)(=O)C1CC[NH2+]CC1;C[NH2+]CC1CCCN(S(=O)(=O)c2ccc(C(C)C)cc2)C1;CCCS(=O)(=O)NCC(Cc1ccccc1)[NH+]1CCCC1;CC(C)c1ccc(S(=O)(=O)N2CCC([NH3+])C(C)(C)C2)cc1;CC[NH2+]C(Cc1ccc(S(=O)(=O)NC2CC2)cc1)C(C)C;CCC[NH2+]C(CC)c1cccc(S(=O)(=O)NC2(C)CC2)c1;CCC(C)c1ccc(S(=O)(=O)NC2CCCC[NH2+]C2)cc1;CC(C)CCN(C1CC1)S(=O)(=O)c1ccc(C(C)[NH3+])cc1;CC[NH2+]C(CCN1CCS(=O)(=O)CC1)c1ccc(C)cc1
m_1d7bdd,O=C(CO)CCCCCNC(=O)C=CC=Cc1c[nH]c2ccccc12;CCC(CO)N(Cc1ccco1)C(=O)CCc1c[nH]c2ccccc12;COc1cc(OC)c(OC)cc1CNCCc1c[nH]c2ccccc12;CCC1C(=O)N2CCc3c([nH]c4ccccc34)C2CC1CC(=O)OC;C[NH+]=C(NCCc1c[nH]c2ccccc12)NCc1ccc(C(N)=O)o1;O=C(O)[C@H]1[C@@H](O)CCC2CN3CCC4=C(NC5=CC=CC=C45)[C@@H]3C[C@@H]21;CCOC1CC(NC(=O)c2c[nH]c3ccccc3c2=O)C12CCCC2;CCOC(=O)C1CC(C)C(=O)N2CCc3c([nH]c4ccccc34)C12C;CCCCCN1C(=O)C(O)=C(C(=O)CC)C1c1c[nH]c2ccccc12;O=C(NCC1CCC2(CCCCC2)O1)c1c[nH]c2ccccc2c1=O;C/C=C(/CO)[C@@H]1C[C@H]2C3=C(CCN2C(=O)[C@H]1CO)C1=CC=CC=C1N3;Cc1cc(CC(=O)N2CC[NH+](Cc3nc4ccccc4[nH]3)CC2)no1;CCC(C)[NH+](Cc1nc(=O)c2ccccc2[nH]1)Cc1ccccc1F;CC(O)C1CCN(C(=O)CNC(=O)Cc2cccc3ccccc23)C1;CC[C@]1(CCC(=O)OC)CCCN2C(=O)C3=C(C4=CC=CC=C4N3)[C@@H]21;O=C(c1cc(=O)[nH]c2ccccc12)N1CCC(O)C(C2CCCC2)C1;Cc1nc(CC2CCC[NH+](Cc3nc(=O)c4ccccc4[nH]3)C2)no1;CCC1CCC2N(C1)C(=O)Cc1c([nH]c3ccccc13)C21OCCO1;CN(CCO)C(=O)C1CCCN(C(=O)c2cccc3ccccc23)C1;CCC1CNC2CC3=C(NC4=CC=CC=C34)C(=O)CC1C2C(=O)OC;COC(=O)CCCCCNC(=O)c1cc(C2CC2)nc2ccccc12;CC(=O)Nc1ccc(OCC(O)CN2CCc3c(C)cccc32)cc1;Cc1ccc2[nH]cc(C(=O)N3CCC4(CCOCC4)CC3)c(=O)c2c1;CC(C)c1[nH+]ccn1CCCNC(=O)c1nc2ccccc2[nH]c1=O;C/C=C1/CN2CC[C@@H]1[C@](CO)(C(=O)OC)C1=C(C2)C2=CC=CC=C2N1
m_1de28b,O=C(NCC1CCCO1)NC1CCCN(c2ncccn2)C1;Cc1cc(O)cc(C)c1C[NH+]1CCCC2(CN(C)C(=O)O2)C1;CCN1CCN(C2CCN(c3cc(=O)nc(C)[nH]3)CC2)C1=O;CN(C)c1nccc(N2CCC3(CC2)CC(O)CNC3=O)n1;CCCn1c(=O)nc(NCCO)c2[nH]c(C3CCCC3)nc21;CN(C)c1ncccc1CNC(=O)NC1CCCCNC1=O;Cc1cc(C2CCCN(C(=O)CN3CCCNC3=O)C2)[nH]n1;O=C(NCc1ccn(C2CCCC2)n1)NC1CCCNC1=O;COC(=O)C1CC[NH+](CC(=O)Nc2cccc(C)c2C)CC1;C=CCn1c(NCCCCCC)nc2c1c(=O)[nH]c(=O)n2C;CCCn1c(N2CCCC(C)C2)nc2c1c(=O)[nH]c(=O)n2C;Cn1cnc2c1CCN(CC(=O)NC1CCCCNC1=O)C2;O=C(NCC(=O)N1CCCCC1)NC1CCc2[nH]cnc2C1;CONCc1nc2c(N)nc(C)c(C)c2n1CC1(O)CCC1;CCn1cnnc1CNC(=O)NC1C2CCOC2C12CCC2;CCCn1c(N2CCC(C)CC2)nc2c1c(=O)[nH]c(=O)n2C;CC(C)n1ncnc1NC(=O)NC1C2CCOC2C12CCC2;CC1CC(=O)NC(C(=O)N2CCn3c(nnc3C(C)C)C2)C1;C[NH2+]Cc1c(S(=O)(=O)N(C)CCC[NH+](C)C)n[nH]c1C;CNC(=O)C12CCOCC1CN(c1ccnc(N(C)C)n1)C2;COCc1cc(NCC2(C)CCCCC2O)n2ncnc2n1;CCCCCN1CCCn2c1nc1c2c(=O)n(C)c(=O)n1C;CCCCN(CCO)C(=O)Nc1cnc2c(c1)c(C)nn2C;COCc1cc(NN2NCC3(CC4CCC3CC4)O2)ncn1;CCc1cc(C(=O)N2CCN(C(=O)N(C)C)CC2)c(C)nn1
m_1f86e6,CCn1c(SCc2c(F)cccc2Cl)nnc1C(C)Oc1ccc(Cl)cc1C;Nn1c(SCC(=O)NCc2cccc(Cl)c2)nnc1-c1ccc(OC(F)F)cc1;C=CCn1c(SCc2cccc(C(F)(F)F)c2)nnc1-c1cc(Cl)ccc1OC;COc1cc(C2C(=C([O-])c3ccc(Cl)cc3)C(=O)C(=O)N2c2cc(C)on2)ccc1O;O=C(NCc1ccc(F)cc1)c1cc(-c2ccccc2Cl)nn1-c1ccc(Cl)cc1;CC(C)(Cc1ccc(Cl)cc1Cl)C(O)C(Oc1ccc(Cl)cc1)n1cncn1;COC(=O)C1=NN(C(C)(C)CC(C)=O)C2C(=O)N(c3cc(Cl)cc(Cl)c3)C(=O)C12;COc1cc(CCNc2ncnc(C(F)F)c2Cl)ccc1Oc1ccc(Cl)cc1;COc1cc(C(=O)N2CCN(c3ccc(Cl)cc3[N+](=O)[O-])CC2)cc(Cl)c1OC;NC1=NC2=C(N=C(SCC3=CC=C(Cl)C=C3)N2[C@@H]2O[C@H](CO)[C@@H](O)[C@H]2O)C(=O)N1;COc1ccc(C[NH+](C)Cn2[nH]c(-c3ccc(Cl)cc3Cl)nc2=S)cc1OC;COc1ccc(Cl)cc1N1C(=O)C(O)=C(c2ccc(Cl)cc2)C1c1cccc(C)c1;C=CCc1cc(C=C2C(=O)NC(=O)N(c3ccc(Cl)cc3)C2=O)ccc1OCC(=O)[O-];COc1cccc(C(=O)CSc2nnc(-c3ccco3)n2-c2cc(Cl)ccc2C)c1;O=C1CC(c2noc(-c3ccc(C(F)(F)F)cc3)n2)CN1Cc1ccc(F)c(Cl)c1;COc1ccccc1C1C(c2ccc(C)cc2)=C(O)C(=O)N1c1ccc(Cl)cc1Cl;Cc1nn(CC(C)C(=O)Nc2nn(Cc3ccc(Cl)cc3)cc2Cl)c(C)c1Cl;COc1ccc(Cl)cc1NS(=O)(=O)c1cn(-c2ccccc2)nc1-c1ccccc1;COc1ccc(C)cc1NC(=O)Cn1cnc2scc(-c3ccc(Cl)cc3)c2c1=O;CN1C(=O)C2CCC(CCCc3ccc(Cl)cc3)C(Br)=NC2N(C)C1=O;Cc1ccccc1CN1C(=O)C(O)(CC(=O)c2ccc(Cl)cc2Cl)c2ccccc21;CC(C)(CCl)C(OC(=O)CCl)C(Oc1cccc(C(F)(F)F)c1)n1cncn1;O=C1CC(c2nc(-c3ccc(C(F)(F)F)cc3)no2)CN1Cc1ccc(F)c(Cl)c1;CCOC(=O)CCNC(=S)N1CCCN1C(=O)c1cnc(Cl)nc1C(F)(F)F;COc1ccc(Cl)cc1N(CC(=O)NN=Cc1ccc2c(c1)OCO2)S(C)(=O)=O
m_20b8f2,COc1cc(C=CC(=O)NN)ccc1-n1cnc(C)c1;CC(C)c1cc(C(=O)NN=Cc2ccc(O)cc2)n[nH]1;CC(C)c1cc(=O)nc(NN=Cc2ccc(O)cc2)[nH]1;C[NH+]1CCc2cccc(O)c2C1c1ccc(O)c(O)c1;Cc1ccnc(NCc2cc(N)ccc2O)c1C(N)=O;Nc1ccc(O)c(CNc2nccn(C3CC3)c2=O)c1;COc1ccc(C=CC(=O)NC(C)c2ncn[nH]2)cc1;CCNc1cncc(C(=O)Nc2ccc(OC)cc2)n1;Cc1cc(C)n(CC(=O)NN=Cc2cccc(O)c2)n1;O=C(C[NH2+]CCc1ccccc1)c1ccc(O)c(O)c1;COc1ccc(C=NNc2ccc(N)cn2)cc1OC;Cc1cncn(CCNC(=O)Nc2ccccc2)c1=O;NNc1cnccc1C(=O)NCCOc1ccccc1;Cc1ccc(OCCNC(=O)c2nccnc2N)cc1;Cc1ccc(C(=O)NCCNc2ccncc2)c(=O)[nH]1;CC(C)Nc1ncccc1C(=O)Nc1ncccc1O;COc1cccc(C=CC(=O)NC(C)c2ncn[nH]2)c1;CCCNC(=O)c1nc(-c2ccccc2)cn(O)c1=N;CCOc1n[nH]c(NC(=O)C=Cc2cccc(C)c2)n1;COCC(O)C[NH+](C)CC(=O)c1cc(F)ccc1O;CCc1cc(=O)nc(NN=Cc2ccc(OC)cc2)[nH]1;COc1ncccc1NC(=O)NC(C)c1cccnc1;CNc1ccc(OCC(=O)NNc2ccccn2)cc1;COc1ncccc1NC(=O)NCc1ccncc1C;Cc1noc(C(C)Nc2ccc3c(c2)C(=O)NCC3)n1
m_20c386,Nc1nsc(N2CCN(C(=O)CCc3cnc[nH]3)CC2)n1;CC1C2COCC1(CO)OC2n1cnc2c(=O)nc(N)[nH]c21;CCCCOC(=O)NC(CNC(=O)c1ccccc1)C(=O)[O-];CCCC(NC(=O)CNC(=O)COc1ccccc1)C(=O)[O-];CCOC(=O)NC(CCCNC(=O)c1ccccc1)C(=O)[O-];Cc1nnn(C2CC(n3ccc(=O)[nH]c3=O)OC2CO)c1C;CC(=O)Nc1nc(=O)c2c(ncn2CCCCOC(C)=O)[nH]1;COCCNC(=O)CCNc1cc(C(F)(F)F)nc(N)n1;Cn1cc(Cl)cc1C(=O)NCCC[NH2+]Cc1cccnc1;CCOc1ccccc1C(=O)NCC(=O)NC(CC)C(=O)[O-];Cc1cccc(OCC(=O)Nc2cccc(-c3cnc[nH]3)c2)c1;COc1cncc(OC2CCN(C(=O)N3CCNC3=O)C2)n1;COc1ccccc1NC(=O)c1nc(N)nn1COCCO;Cc1cccc(OCC(=O)Nc2ccc(-c3cnc[nH]3)cc2)c1;CCN(CC)c1ncc(C[NH2+]CCCS(N)(=O)=O)s1;O=c1c2ncn(C3CC(O)C(CO)O3)c2nc2n1CCCN2;CCc1ccc(OCCC(=O)NC(CC(N)=O)C(=O)[O-])cc1;CCOc1ccccc1C(=O)NCC(=O)NCCCC(=O)[O-];CCC(OC(=O)NN)(OC(=O)NN)c1c[nH]c2ccccc12;CCOC(=O)C[NH2+]CC(O)CN1C(=O)c2ccccc2C1=O;CCC[NH2+]Cc1cn[nH]c1S(=O)(=O)NC(C)CSC;COCC([NH3+])C(=O)NCCc1ccc(OC(F)(F)F)cc1;CCCCC(NC(=O)COc1ccc(C(N)=O)cc1)C(=O)[O-];COCC(O)C[NH+](C)CCCCc1nc(CCl)cs1;O=C(NCC(n1cncn1)C(F)(F)F)C1(O)CCCNC1
m_214040,O=C(NCc1noc(-c2cccc(Br)c2)n1)c1c(O)cc(F)cc1F;Cc1sc2ncn(CC(=O)Nc3ccc(Br)cc3F)c(=O)c2c1C;O=C1Nc2ccc(Br)cc2C12NN=C(c1cccc3ccccc13)S2;O=C(CC(=O)Nc1ccccc1Cl)NN=Cc1cc(Br)ccc1O;O=C(COc1cccc(F)c1)Nc1ccnn1Cc1cc(Br)cs1;O=C(CNC(=O)c1ccccc1Cl)NN=Cc1cc(Br)ccc1O;NC(=O)COc1ccc(C=NNC(=O)c2ccc(Br)cc2)cc1Cl;OCCc1csc(Nc2ncc(Br)cc2Oc2ccc(F)cc2)n1;CCOC(=O)c1c(NC(=O)CC#N)cc(Cl)n1-c1ccc(Br)cc1;O=C(CNc1ccc(Br)cc1)NN=Cc1cc2c(cc1Cl)OCO2;Cn1nnn(-c2ccc(NS(=O)(=O)c3ccc(Br)cc3)cc2)c1=O;O=C(Nc1ccc(Br)cc1)c1cccnc1-c1nc2ccccc2s1;CS(=O)(=O)c1ccc2ncnc(NCc3cc(F)cc(Br)c3)c2c1;COC(=O)c1ccc(OCC(=O)Nc2ccc(Br)cn2)c([N+](=O)[O-])c1;Nc1c(C(=O)c2cccc(Br)c2)sc2nc(-c3cccnc3)ccc12;O=C(Nc1cc(Br)c[nH]c1=O)C1CC(=O)N(c2cccc(Cl)c2)C1;Fc1ccc(CNC(=S)NN=Cc2cc3c(cc2Br)OCO3)cc1;CC(C)OCCOCC(O)CNc1cc(Br)ccc1Br;N#Cc1ccccc1Sc1ccccc1C(=O)Nc1ccc(Br)cn1;COc1cc(F)ccc1C(Br)C(=O)c1c[nH]c2cc(C)c(Cl)cc12;Cc1c(NS(=O)(=O)c2ccc(F)cc2Br)n[nH]c1-c1ccccc1;O=C(CNC(=O)c1cccc(Cl)c1)NNC(=O)c1ccc(Br)cc1;O=C(Nc1ccc(Br)cc1F)c1ccn(Cn2cnc([N+](=O)[O-])n2)n1;CCOC(=O)C(C#N)C(c1ccc(Br)cc1)c1ccc(Cl)c(F)c1;CS(=O)(=O)c1ccc2ncnc(NCc3ccc(F)cc3Br)c2c1
m_217b19,O=C(c1ccccn1)N1CCCC(S(=O)(=O)NC2CCCC2)C1;NC(=O)N1CCC(CNS(=O)(=O)c2ccc3c(c2)CCCC3)C1;CC(=O)N1CCc2ccc(S(=O)(=O)N3CCCCC3CN)cc21;CC(C)(C)CC(=O)Nc1cccc(S(=O)(=O)NC2=NCCC2)c1;CC(=O)N1CCCN(S(=O)(=O)c2ccc3c(c2)N(C)CC3)CC1;CC1Cc2cc(S(N)(=O)=O)ccc2N1CC(=O)N1CCCCC1;NS(=O)(=O)c1cc(C(=O)N2CCC(CC3CCCC3)C2)ccn1;CC(=O)N1CCCc2ccc(S(=O)(=O)N3CCNCC3C)cc21;CS(=O)(=O)N1CCC(CNC(=O)C2CCCc3cccnc32)C1;CCCCOc1ccc(S(=O)(=O)NCCCn2ccnc2)cc1;CCS(=O)(=O)NCCN1CC(=O)Nc2cccc3c2C1CCC3;O=C(Nc1ccc(S(=O)(=O)N2CCCCC2)cc1)N1CCCC1;O=C(Nc1ccc(S(=O)(=O)N2CCCC2)cc1)N1CCCCC1;O=S(=O)(NC(CCO)C1CCCCC1)c1cnc2[nH]cccc1-2;COCCNS(=O)(=O)c1cn(-c2ccccc2)nc1C(C)(C)C;CC1CCC(NS(=O)(=O)CC(=O)N2CCc3ccncc32)CC1;NCC1CCCCC1NS(=O)(=O)c1ccc2c(c1)C(=O)NCC2;CC1CCCN(S(=O)(=O)c2ccc3c(c2)C(=O)NCC3)C1CN;CCOc1cc(C)c(C)cc1S(=O)(=O)NCCCn1ccnc1;CS(=O)(=O)NCC1CCCCN1C(=O)N1CCc2ccccc21;CN(CC(=O)NCC1(C2CC2)CCC1)S(=O)(=O)c1cccnc1;NS(=O)(=O)c1ccc2c(c1)CCN(C(=O)N1CCCCC1)CC2;CCNS(=O)(=O)c1ccc(C(=O)N2CC3CN(C)CC3C2)cc1;Cc1ccc(-n2cc(S(=O)(=O)NCCC(O)C(C)C)cn2)cc1;CCc1ccc(S(=O)(=O)N2CCC3(CC2)CNC(=O)N3C)cc1
m_21cd44,Cc1cc(C(=O)Nc2ccc([N+](=O)[O-])cc2)c2c(C)nn(C)c2n1;Cn1cc(C(CNc2ncc([N+](=O)[O-])cc2Cl)[NH+](C)C)cn1;Cc1cc([N+](=O)[O-])nc(C)c1Oc1ccnc(-c2cnn(C)c2)c1;CCOc1ccc(C=NNc2nc3ccccc3[nH]2)cc1[N+](=O)[O-];COc1cc(-c2nn(-c3ccc([N+](=O)[O-])cc3)cc2N)ccc1N;CCn1ncc(C=Cc2nc(-c3ccc([N+](=O)[O-])cc3)no2)c1C;Cc1cccc(C)c1-n1nnnc1COc1ccc([N+](=O)[O-])cc1;Cc1cccc(C)c1-n1nnnc1COc1cccc([N+](=O)[O-])c1;O=[N+]([O-])c1cnc(N2CCC(c3nc4ccccc4o3)CC2)nc1;CN1CCC(Nc2cc(C#N)c3cc([N+](=O)[O-])ccc3n2)CC1=O;CCC(NC(=O)c1ccc2nncn2c1)c1cccc([N+](=O)[O-])c1;COc1cccc2c1CCC2Nc1ccc2ncc([N+](=O)[O-])n2n1;Cc1cc(Cn2nnnc2-c2ccc([N+](=O)[O-])cc2)cc(C)c1O;Cc1cc(C)n(-c2cc(Oc3cccc([N+](=O)[O-])c3)nc(C)n2)n1;Cc1cc2c([N+](=O)[O-])cccc2c(C(=O)NCc2nccn2C)n1;CC(C)n1c(=O)ccc2cnc(Nc3cccc([N+](=O)[O-])c3)nc21;N#Cc1cc(NCC(=O)N2CCCC2)nc2ccc([N+](=O)[O-])cc12;CC(C)(C)OC(=O)N1CC(CC(=O)[O-])(n2cc([N+](=O)[O-])cn2)C1;C[NH+](C)Cc1ccccc1-c1ccc([N+](=O)[O-])c(C(F)(F)F)c1;O=[N+]([O-])c1ccc(N2CCC(c3ccncc3)CC2)c2nonc12;Cc1ccc(CNc2c([N+](=O)[O-])nn(-c3ccccc3)[n+]2[O-])cc1;COc1ccc(N=Nc2c(C)nc3ccc(C)cn23)cc1[N+](=O)[O-];CC(C)c1nc2c(O)cccn2c1N=Nc1cccc([N+](=O)[O-])c1;Cc1ccc(NC(=O)CN(C)c2ccc([N+](=O)[O-])c(C#N)n2)cc1;CC(C)(C(=O)Nc1nc2ccc([N+](=O)[O-])cn2n1)c1ccccc1
m_2363c0,Nc1ncnc2c1ncn2C1OC(CO)C(O)C1NC(=O)c1cccc(Cl)c1;COc1ccc(C(=O)OCC2OC(n3cnc4c(Cl)ncnc43)CC2O)cc1;COc1ccc(-n2c(=O)[nH]c3c(-c4ccc(C(F)(F)F)cc4F)ncnc32)cc1;NCC(=O)O[C@H]1[C@@H](O)[C@H](N2C=NC3=C(N)N=CN=C32)O[C@@H]1COP(=O)(O)O;NC(=O)C(Cc1cccc(C(F)(F)F)c1)NC(=O)c1ccccc1C(F)(F)F;O=C(NCCc1ccc(-c2ccncc2)cc1Cl)c1ccccc1C(F)(F)F;O=C(Cc1ccc(C(F)(F)F)cc1)N1CC(Oc2ncccc2C(F)(F)F)C1;N#CCc1nc2c(C(F)(F)F)cccc2c(=O)n1NC(=O)Cc1ccc(F)cc1;NC(=O)C(Cc1ccccc1C(F)(F)F)NC(=O)c1cccc(C(F)(F)F)c1;CC1(C)C(=O)N(c2ccc(C#N)c(C(F)(F)F)c2)C(=S)N1c1ccc(N)cc1;O=C(NCCc1ccc(-c2ccccn2)cc1Cl)c1ccccc1C(F)(F)F;O=C(NC1(c2cccc(C(F)(F)F)c2)CCC1)c1cnc(-c2ncccn2)s1;O=C(Nc1ccc(NCc2ccccc2)c(Cl)c1)c1ccccc1C(F)(F)F;COC(=O)c1cnc(NC(=O)N2CCC(c3noc4ccc(F)cc34)CC2)s1;Nc1nc(=S)c2ccn(C3OC(COC(=O)c4ccccc4)C(O)C3F)c2[nH]1;CCn1cnc2c(=O)n(-c3ccc(F)cc3)c(Oc3cc(F)c(F)cc3F)nc21;O=C(NNC(=S)Nc1ccccc1C(F)(F)F)c1ccc(-n2cccc2)cc1;CC(=O)Oc1c(C(=O)N(C)c2ccccc2C(F)(F)F)c(=O)[nH]c2ccccc12;CC(=O)Nc1ccc(-c2csc(NN=Cc3ccccc3C(F)(F)F)n2)cc1;Cc1ccc(N2C(=S)N(c3cnc(C#N)c(C(F)(F)F)c3)C(=O)C2(C)C)cc1;CN(CC(=O)Nc1ccc(F)c(F)c1F)C(=O)Cc1cccc(C(F)(F)F)c1;CN(CC1C[NH2+]CC1c1ccc(Cl)c(Cl)c1)c1ccc(C(F)(F)F)cn1;COc1ncnc(OC)c1C(=O)Nc1nc(CCOc2ccc(F)cc2)cs1;O=C1CSC(c2ccc(C(F)(F)F)cc2)N1c1ccc(Cn2cncn2)cc1;Nc1ncnc2c1nc(NCC[NH3+])n2C1OC2COP(O)(=S)OC2C1O
m_23ff71,CCN(c1cc2nc(C)sc2cc1N)C(C)COC;COCCCn1ccnc1NC(C)c1ccc(C)s1;COCC(C)Nc1nccn1Cc1cc(C)c(C)s1;COCC(O)CCNc1nc(N)nc(-n2cccn2)n1;CCc1ccsc1Cn1ccnc1NC(C)COC;COCC(C)n1ccnc1NCc1cc(C)c(C)s1;COCCNC(=O)CNc1nc(N)c2cnn(C)c2n1;Cc1csc2c(NCCCOCC(C)C)ncnc12;Cc1nc(-c2nc(N3CCC(C)C([NH3+])C3)n[nH]2)cs1;Nc1nc(NCCCOCCO)nc(-n2ccnc2)n1;Cc1cccc(C(C)C)c1NC(=O)CCNC(N)=S;COCC(CNc1nc(N)nc(-n2cccn2)n1)OC;CCCNc1nc(OCCOC)nc(-n2cncn2)n1;COCC(CCO)Nc1nc(N)nc(-n2cccn2)n1;OCCOC1CCN(c2nc3ccc(F)cc3[nH]2)CC1;COCC(C)Nc1nccn1-c1ccc(F)cc1OC;CCC(c1cccs1)n1ccnc1NCCCOC;COCC(O)CCNc1c(F)cc(N)c2cccnc12;CCc1cc2c(OCCCC(C)C)nc(N)nc2s1;Cc1nc2cc(N(CCCO)C(C)C)c(N)cc2s1;CCNc1nc(OC(C)COC)nc(-n2cncn2)n1;CN(Cc1cccc(C(N)=S)c1)C(=O)NC(C)(C)C;COCC([NH3+])C(=O)NCCn1c(=O)[nH]c2ccccc21;CCc1cc2c(OCCC(C)C)nc(NC)nc2s1;CCN(C)C(=O)C(C)Nc1ccc(C)cc1C(N)=S
m_254f59,CN(CCCNC(=O)OC(C)(C)C)c1ncc(F)cn1;COC(=O)C[NH+](CCCOc1ccc(F)cc1)C(C)C;CCC[NH2+]C(CCOc1cc(F)ccc1C)C(=O)OC;CC[NH2+]C(C)(CCOc1cccc(F)c1)C(=O)OCC;CCOC(=O)C(CCOc1ccc(F)cc1)[NH2+]C(C)C;COC(=O)C(CC(C)C)[NH2+]CCOc1ccccc1F;CCOC1C[NH+](CCCOc2ccc(F)cc2)CC1O;CC1C[NH+](CC(O)COc2cccc(F)c2)CC(C)O1;CC[NH2+]C(C)(CCOc1cc(F)ccc1C)C(=O)OC;CCCCOC(=O)COc1ccc(F)cc1CC(C)[NH3+];Cc1cccc(CNC(=O)CN2CCn3cncc3C2)c1;CCOC(=O)C(C)([NH3+])CCCCOc1ccc(F)cc1;C[NH+](CCOc1ccc(F)cc1)CC1(O)CCOCC1;CCC[NH2+]C(C)c1ccc(F)cc1OCCC(=O)OC;CCOC(=O)COc1ccc(F)cc1C[NH2+]CC(C)C;CCC[NH2+]C(C)(CCOc1ccccc1F)C(=O)OC;CCn1nccc1CNc1cccc(OCCCC#N)c1;CCOc1cc(NCCNC(=O)N(C)C)c(N)cc1F;CCC1COCC[NH+]1CC(O)COc1ccc(F)cc1;CN(C)c1ccc(NC(=O)CCc2ccccc2N)cn1;C[NH+](CC(O)COc1ccc(F)cc1)CC1CCOC1;COc1ccccc1-c1nc(C)nc(N2CCCC2)c1N;OCCC[NH2+]C1CCCC(Oc2cccc(F)c2)C1O;CN(CC1=CC=CC=C1)C(=O)[C@@H]1CC2=C(CN1C)N=CN2;CCOC(=O)C(C)([NH3+])CCCOc1ccc(F)cc1C
m_25a38e,COC1=C(C)C=NC(CSC2=NC3=CC=C(O)C=C3N2)=C1C;COc1ccc2nc(SCc3cc(OC)c(C)cn3)[nH]c2c1;COc1cc(N)ccc1NC(=S)NC(=O)c1ccccc1C;COc1ccc(NC(=S)NN=C(C)c2ccc(O)cc2)cc1;COc1cc(C=Nc2ccc3c(c2)OCO3)cc(OC)c1OC;CCn1ccnc1SCc1ncc(-c2ccccc2OC)o1;COc1cc(-c2ccccc2C=C[N+](=O)[O-])cc(OC)c1OC;COc1cc(-c2nc3cc(CO)ccc3o2)cc(OC)c1OC;COC1=CC(O)=C2C(=O)C3=CC=C(OC)C(OC)=C3N(C)C2=C1;COc1cccc(-c2nc(-c3cn(C)nc3C)cs2)c1OC;CCCn1c(=O)nc(N)c2c(-c3ccc(OC)cc3)csc21;COc1ccc(C)cc1NC(=S)NN=Cc1ccccc1O;COc1ccc(CNC(=S)Nc2ccccc2C(N)=O)cc1;COc1ccc(-c2nc(-c3cnn(C)c3)sc2C)c(OC)c1;COc1ccc2nc(S(=O)c3ccc(C)c(N)c3C)[nH]c2c1;COc1ccc(-c2cc3ncnc(NCCCO)c3s2)cc1;COc1ccccc1NC(=S)NN=C(C)c1ccccc1O;CCOc1ccc(-c2ccc(C(=O)NNC(N)=S)cc2)cc1;COc1ccc(-c2cc(N[O-])c(C(=O)NC3CC3)c(=O)o2)cc1;COc1cccc(C=NNC(=S)Nc2ccccc2C)c1O;COc1ccc(F)cc1-c1ccc(OCC2CC2C(=O)[O-])cc1;COC1=CC=C(N[C@@H]2OC(=O)C3=C2C=CC(OC)=C3OC)C=C1;COC1=CC=C2N=C(SCC3=C(C)C(=O)C(C)=CN3)NC2=C1;COc1cc(O)c(-c2n[nH]c(C)c2-c2csc(C)n2)cc1C;COc1ccc(OCC(=O)c2cc(C)ccc2C)c([N+](=O)[O-])c1
m_25cfa1,COc1ccc(CCNc2cnnc(NCC[NH+](C)C)n2)cc1OC;COc1ccc(C)cc1C(=O)N1CCCN(C(=O)NC(C)(C)C)CC1;CCNC(NCCc1ccc(OC)c(OC)c1)=[NH+]Cc1ncnn1C;CCN(CC)C(=O)CN1CCCN(C(=O)c2ccccc2OC)CC1;COc1ccc(CNC(=O)NCCC(=O)N2CCCCCC2)cc1C;COc1ccccc1OCC(=O)N1CCN(C2CCCN(C)C2)CC1;CCC(C)(CCNC(=O)N1CCNC(=O)CC1)c1ccccc1OC;COc1ccc(CN2CCN(C(=O)NC3CCCCC3)CC2)cc1O;COc1ccc(C(C)C)cc1C(=O)N1CCN(C(=O)NC(C)C)CC1;COc1ccccc1N1CCN(C(=O)C(C)(C)C(=O)NC(C)C)CC1;Cc1ccc(OCCCN(C)C(=O)C2CCCN(C(N)=O)C2)c(C)c1;COc1cccc(CCNC(=O)C2CCN(C(=O)NC(C)C)CC2)c1;COc1ccc(N2CCOCC2)cc1NC(=O)NC1CCCCCC1;COc1ccccc1CCNC(=O)NC1CCN(C(=O)C(C)C)CC1;COc1ccccc1CCNC(=O)C1CCN(C(=O)NC(C)C)CC1;CCN(CC)C(=O)N1CCCC(C(=O)NCc2ccccc2OC)C1;COc1ccccc1N1CCN(C(=O)CCCCCNC(C)=O)CC1;CCNC(=[NH+]CCc1ccc(O)c(OC)c1)N(C)Cc1ncnn1C;COc1ccccc1CC(=O)NC1CCN(C(=O)NC(C)(C)C)CC1;COc1cc2c(cc1OC)CN(CCNC(=O)C1CCCC1N)CC2;COc1ccccc1N1CCN(C(=O)CCC(=O)NC(C)(C)C)CC1;CCCCNC(=O)C1CCC(C)N(C(=O)Nc2ccccc2OC)C1;COc1ccccc1CCNC(=O)NC(C)C(=O)N1CCCCC1C;COc1ccccc1CCC(=O)N1CCCN(C(=O)NC(C)C)CC1;CCCCC(=O)N1CCC(NC(=O)NCc2ccccc2OC)CC1
m_26bf54,CC(O)C1CCCN(C(=O)Nc2cccnc2)C1;COc1ncccc1NC1CCN(C(C)=O)CC1;COc1cnccc1C(C)NC(=O)N1CCCC1;COc1ncccc1NC(=O)N1CCC(C)CC1;CN(CCc1ccncc1)C(=O)NC1CCCO1;COCCNC(=O)N(Cc1cccnc1)C1CC1;CCCCN(C)C(=O)CNC(=O)c1cccnc1;CCN(CC)C(=O)CN(C)C(=O)c1cccnc1;NC(=O)C1(O)CCCN(CCc2ccncc2)C1;COCCN(CCC#N)Cc1cccnc1OC;COC1CC(C(=O)NCc2cccnc2)N(C)C1;CN(CCc1ccncc1)C1(CC(=O)[O-])C[NH2+]C1;O=C([O-])C[NH+]1CCN(CCc2cccnc2)CC1;CN(Cc1cccnc1)C(=O)NC1CCOCC1;CC(Oc1cccnc1)C(=O)N1CCCC(N)C1;COCC1CCCN(C(=O)Nc2cccnc2)C1;CC1CCCN(C(=O)Nc2ccncc2)C1CO;COC(=O)N1CCCC(CNc2cccnc2)C1;CC(Oc1cccnc1)C(=O)N1CCNCC1C;CCOCCC(=O)NN=C(CC)c1ccncc1;CCCCN(C)C(=O)C(=O)NCc1ccncc1;CC1(CO)CCCN1C(=O)NCc1cccnc1;COCCC(=O)NC1CCN(c2ccccn2)C1;CCN(CC)C(=O)CC(=O)NCc1ccncc1;CN(C(=O)CCC1CCOCC1)c1cnccn1
m_273696,O=C(Nc1cccnc1)NC1CC(=O)N(c2ccc(Cl)cc2)C1;O=C(c1ccncc1)N1CCN(C(=O)c2ccc(Cl)cn2)CC1;CCOC(=O)CNc1c(-c2cccnc2)nc2ccc(Cl)cn12;O=C(c1c(Cl)nc2ccccn12)N(CCO)Cc1cccnc1;COCCNC(=O)c1cnn2c(-c3ccc(Cl)cc3)ccnc12;CCOc1c(Cl)cccc1NC(=O)c1cnc2[nH]c(C)nc2c1;CC(CC(=O)Nc1ccccc1Cl)=NNC(=O)c1ccccn1;CN(CCc1nc2ccc(Cl)cc2[nH]1)C(=O)c1ccncc1O;O=C(Nc1ncccc1Cl)C1CCCN1C(=O)c1ccccn1;CN(C)c1cc2[nH]c(=O)[nH]c2cc1NC(=O)c1ccccc1Cl;COc1ccc(Cl)cc1NC(=O)c1cnn(C)c1-n1cccc1;CN(C(=O)c1nccnc1C(=O)Nc1ccc(Cl)cc1)C1CC1;CC(NC(=O)Cc1coc(-c2ccc(Cl)cc2)n1)c1ncc[nH]1;O=C(Nc1ccncc1)NC1CCN(c2ccccc2Cl)C1=O;COc1ccc(NC(=O)c2cnn3c(C)cc(C)nc23)cc1Cl;Cc1noc(C)c1C(=O)Nc1cnn(Cc2ccc(Cl)cc2)c1;CCOC(=O)c1cnc2c(-c3ccc(Cl)cc3)c(C)nn2c1N;O=C(NCCNc1cnccn1)C1=Cc2cc(Cl)ccc2OC1;Cn1cc(CNC(=O)Cc2coc(-c3ccc(Cl)cc3)n2)cn1;COc1cc(Cl)ccc1CNc1ncccc1-c1nc(C)no1;Cc1nc2c(C)cc(NC(=O)COc3ccc(Cl)cc3)cn2n1;COc1ccc(Cl)cc1N(C)C(=O)c1cnc2[nH]c(C)nc2c1;CCOc1cccnc1NC(=O)c1c(C)nc2cc(Cl)ccn12;Cc1n[nH]cc1CNC(=O)Cc1coc(-c2ccc(Cl)cc2)n1;O=S(=O)(NCCn1ccnc1-c1ncccn1)c1cccnc1
m_27df2d,COc1ccc(C)cc1NC(=O)CSc1nc(C)c(C)c(C)n1;CC(C)n1c(SCC(=O)N2CCCC2)nc2ccccc2c1=O;CCCOc1ccnc(SCC(=O)Nc2cccc(C)c2C)n1;CCC(C)n1c(SCC(=O)NC2CC2)nc2ccccc2c1=O;CCn1c(=O)c(SCC(=O)N2CCCCC2)nc2ccccc21;CC1CC(C)CN(C(=O)CSc2nc(=O)c3ccccc3[nH]2)C1;CCSc1nc(C)cc(C(=O)NCCc2ccc(OC)cc2)n1;CCCCNC(=O)CSc1nc2ccccc2c(=O)n1C1CC1;CNC(=O)CSc1nc2ccccc2c(=O)n1C1CCCCC1;CCCn1c(SCC(=O)NCC2CC2)nc2ccccc2c1=O;CCc1ccc(NC(=O)CSc2nc(=O)c(CC)c(C)[nH]2)cc1;CCCc1cc(=O)nc(SCC(=O)Nc2ccc(CC)cc2)[nH]1;CON(C)C(=O)CSc1nc2c(n1-c1ccccc1)CCCC2;C=CCSc1nc2ccccc2c(=O)n1CCCCCC(N)=O;CCc1c(C)[nH]c(SCC(=O)Nc2cc(C)ccc2C)nc1=O;CCc1[nH]c(SCC(=O)Nc2ccc(C)cc2C)nc(=O)c1C;Cc1ccc(SCC(=O)N2CCCC(c3nc(C)no3)C2)cc1;Cc1ccc(SCCCN(C)C(=O)Cn2cccnc2=O)cc1;CCCCc1ccc(C(=O)CSc2n[nH]c(=O)n2C2CC2)cc1;CCc1c(C)[nH]c(SCC(=O)NCCc2ccccc2)nc1=O;CCCCc1cc(=O)nc(SCC(=O)Nc2ccccc2C)[nH]1;O=c1nc(SCc2cccnc2)c2c(n1CCCO)CCCC2;CCn1c(SC(C)C(=O)N2CCCC2)nc2ccccc2c1=O;CC(Sc1nc2ccccc2c(=O)n1C)C(=O)NC1CCCC1;Cc1cc(C)nc(SCc2ccc(C(=O)NC3CCCC3)o2)n1
m_293ec0,COc1ccc(C)cc1NC(=O)CSc1nnc(-c2cccnc2)n1N;CCOc1ccc(NC(=O)CSc2nnc(-c3ccccn3)n2N)cc1;CCCc1c(C(=O)Nc2cccc(OC)c2)nnn1-c1ccc(Cl)cc1;COc1cccc(Cn2cc(NC(=O)Nc3ccc(C)c(Cl)c3)cn2)c1;O=C(COc1cccc(-n2cnnn2)c1)NCC(=O)Nc1ccc(F)cc1;COc1c(Cl)cccc1NC(=O)NCc1cccc(Cn2cccn2)c1;Cc1[nH+]c(S(=O)(=O)Nc2cccc(-c3cn4cccnc4[nH+]3)c2)cn1C;CN(C)c1ccc(NC(=O)CSc2nnnn2-c2ccc(O)cc2)cc1;COc1ccc(CNC(=O)c2nc(-n3nc(C)cc3C)ccc2Cl)cc1;Cc1cc(-c2cccnc2)nn1CCNC(=O)COc1ccc(Cl)cc1;COCCn1c(SCC(=O)Nc2ccncc2)nnc1-c1ccncc1;Cc1cccc(OCCNC(=O)c2nc(C)n(-c3ccc(Cl)cc3)n2)c1;CC1Cc2cc(S(N)(=O)=O)ccc2N1Cc1nnnn1-c1ccccc1;COc1ccc(-c2noc(C3CCN(c4ccc(Cl)cn4)CC3)n2)cc1;CCOc1ccc(NC(=O)Cn2nc(-c3ccncc3)n(N)c2=S)cc1;CCOc1ccc(S(=O)(=O)NCC(=O)OC(C)C(=O)NC2CC2)cc1;Cc1nnsc1CNC(=O)N1CCCC1c1nc(-c2ccccc2)no1;CCCOc1ccc(NC(=O)c2cncc(-c3cnn(C)c3)c2)cc1Cl;COc1ccc(Cl)cc1NC(=O)Nc1cnn(Cc2ccc(C)cc2)c1;COc1cccc(CNc2nc(Nc3cccc(OC)c3)ncc2Cl)c1;CC(=O)Nc1ccc(NC(=O)CSc2nnc3nc(C)cc(C)n23)cc1;COc1ccc(NC(=O)NCCc2cnn(-c3ccccc3)c2)c(Cl)c1;COc1ccc(Nc2nc(C(=O)NCc3nncn3C3CC3)cs2)cc1;O=C(COCCn1cc(-c2ccc(Cl)cc2)cn1)NCc1cccnc1;COc1cccc(N2CCOC2c2cn(Cc3ccccc3Cl)nn2)c1
m_2a0e17,CCCCOc1cc(NC(=O)OC)n(O)c(=NC(=O)OC)n1;CC(C)n1nnnc1SCCOc1cccc2ccccc12;C[NH2+]CCCCOc1cccc2sc3ccccc3c(=O)c12;CCCCN(CCO)C(=O)NCc1nc(C)c(C(=O)[O-])s1;NC(=O)C1CN(C(=O)COc2ccc3ccccc3c2)CCO1;COCCc1nsc(N2CCc3[nH]c4ccccc4c3C2)n1;CCOCCN(CC)C(=O)NCc1nc(C)c(C(=O)[O-])s1;CCC(=O)NCCc1csc2nc(-c3cccc(C)c3)nn12;COCCN(C(=O)NC(C)c1nc(C(=O)[O-])cs1)C(C)C;COc1ccccc1OCC(CO)C1CCS(=O)(=O)CC1;COc1ccccc1-c1nnc2n1N=CC=C(C(C)(C)C)S2;CC(Oc1ccc(F)cc1Cl)C(=O)N(C)C1CCNCC1;CCOC(=O)Nc1cn(CC2COC(C)(C)O2)nc1[N+](=O)[O-];COCCN(C(=O)NCCc1nc(C(=O)[O-])cs1)C(C)C;CCN(C(=O)C(C)OC(=O)c1ccc[n+]([O-])c1)c1ccccc1;CCC(C(=O)N(C)Cc1nc2ccccc2s1)n1cccn1;Cc1nc(C(=O)N(C)CCCc2nc3ccccc3[nH]2)cs1;CCCCN(Cc1cccc(Cl)c1)C(=O)NCCSC;Cc1cc(Oc2cnc3ccccc3c2)nc(-c2ccncc2)n1;CCc1cnc(C(C)NC(=O)N(CCOC)CC(=O)[O-])s1;CCN(Cc1cc(=O)n2nc(C)sc2n1)c1cccc(C)c1;O=C(Cc1cccc2ccccc12)NOC(=O)N1CCOCC1;COc1c(CO)c(C(C)C)nn1-c1ccc(C(F)(F)F)cc1;Cc1cc(=O)n2nc(NC(C)CCc3ccccc3)sc2n1;CCCCOCCNC(=O)NC(C)c1nc(C(=O)[O-])cs1
m_2aa8ea,Cc1cccc(OCC(=O)N2CCCN(C(=O)CN3CCCCC3=O)CC2)c1;CC(C)OCCCNC(=O)c1ccc(CN2CC(=O)N3CCCC3C2=O)cc1;CCc1noc(N2CCC(CCCOc3ccc(C(=O)OC)c(C)c3)CC2)n1;COc1ccc(CCNC(=O)CN2C(=O)NC(C)(C3CCCCC3)C2=O)cc1;CC1(OC(=O)N2CCC(COc3ccc(N4CCCCC4=O)nc3)CC2)CC1;CC1(C)C(=O)NCCN1C(=O)C1CCCN(C(=O)CCOc2ccccc2)C1;COC1=CC=C(C(=O)N2CCN3C(=O)N(C4CCCCC4)C[C@H]3C2)C=C1OC;C[NH+]=C(NCCCOc1ccc(F)cc1)N1CCN(c2ccccc2O)CC1;CC(C)OCCCNC(=O)COC1=CC=C2N=C3CCCCCN3C(=O)C2=C1;O=C(Nc1ccc(OCC2CCCO2)cc1)N1CCN(C2CCCC2)C(=O)C1;CC(C)N1CC(C(=O)N2CCN(C(=O)CCOc3ccccc3)CC2)CC1=O;COc1ccc(CCCC(=O)N2CCCN(C(=O)C3CCC(=O)N3)CC2)cc1;CCNC(=O)N1CC[C@@H](CC(=O)O)[C@@H](CC2=NCCC3=CC(OC)=CC=C23)C1;CCCN1CC(C(=O)N2CCN(C(=O)CCOc3ccccc3)CC2)CC1=O;CCCCN1C(=O)[C@@H]2C[C@@H](O)CN2C2(CN(CC3=CC=CC(OC)=C3)C2)C1=O;CCN(CC)C(=O)c1ccc2c(c1)N(CC(=O)N1CCCCCC1)C(=O)CO2;CC(C)(C)C1Cc2ccccc2N(CC(=O)N2CCCC2)C(=O)C1OC(N)=O;CCOC(=O)C1=C(NN(C)c2cccc(OC)c2)C(=O)N(C2CCCCC2)C1;CCNC(=O)N1CC[C@@H](CC(=O)O)[C@@H](CC2=NCCC3=CC=C(OC)C=C23)C1;O=C1CC(C2CCCCN2C(=O)Nc2ccc(OCC3CCCO3)cc2)CN1;CCCOc1ccc(C(=O)N2CCC(c3nc(C)no3)CC2)cc1OCCC;O=C(NCCOc1ccccc1)C1CCC(=O)N(CCCN2CCCC2=O)C1;CC(C)(C)C1(OC(N)=O)CCc2ccccc2N(CC(=O)N2CCCC2)C1=O;O=C(CNC(=O)N(Cc1ccc2c(c1)OCO2)C1CCCCC1)N1CCCC1;COc1cc(C=NN2C(=O)NC3(CCCCC3)C2=O)ccc1OCCC(C)C
m_2ac2ed,COC(=O)C(Cc1ccc(C#N)cc1)NC(=O)Cc1c(F)cccc1F;COC(=O)Nc1nc(CC(=O)NCCc2c[nH]c3ccccc23)cs1;COc1ccc2[nH]cc(CC(=O)Nc3cc(C)c(Cl)cc3OC)c2c1;CS(=O)(=O)N(CCC(=O)NCc1cccnc1)c1ccc(C#N)cc1;COC1=CC=C2NC=C(CCNC(=O)C3=CC(Cl)=CC=C3OC)C2=C1;COc1cc(NC(=O)CCc2c[nH]c3ccccc23)c(OC)cc1Cl;N#CCn1c(COC(=O)c2c[nH]c3ccccc23)nc2ccccc2c1=O;COc1cc(OC)c(NC(=O)CCc2c[nH]c3ccccc23)cc1Cl;COC1=CC=C2C(CCNC(=O)COC3=CC=C(Cl)C=C3)=CNC2=C1;Cc1cc(OCCOc2cccc(CNC(=O)CC#N)c2)ccc1Cl;Cn1ccnc1S(=O)(=O)C1CCN(C(=O)c2ccc(C#N)cc2)CC1;CCOc1cc(CNC(=O)CC#N)ccc1OCc1ccccc1Cl;COc1ccc(OCCNC(=O)c2[nH]c3ccc(Cl)cc3c2C)cc1;N#Cc1ccc(S(=O)(=O)NCCn2nc3c(cc2=O)CCCC3)cc1;COc1ccc(CCNC(=O)c2[nH]c3ccccc3c2Cl)cc1OC;N#CCC(=O)NCCc1cc(Cl)ccc1OCCOc1ccccc1;COC1=CC=C(C(=O)NCCC2=CNC3=CC=C(Cl)C=C23)C=C1OC;CCOc1ccc(-c2n[nH]c(=S)n2CC(=O)NCc2ccco2)cc1;N#CCC(=O)NCCc1ccc(OCCOc2ccc(Cl)cc2)cc1;CCn1cc(C2CS(=O)(=O)CCN2C(=O)c2cccc(C#N)c2)cn1;N#Cc1cccc(C(=O)N2CCOC(c3cccc(OC(F)F)c3)C2)c1;CCOc1ccccc1OCCCC(=O)Nc1ccc(Cl)c(C#N)c1;CC(Oc1cccc(C#N)c1)C(=O)N(C)CCOc1cccc(Cl)c1;COc1cc(C#N)cc(Cl)c1OCC(=O)NCCCc1ccccc1;CCCOc1ccc(C(=O)Nc2ccc(Cl)c(C#N)c2)cc1OCC
m_2b524a,CCCOc1nc(NC2(C)CCCCC2)ccc1N;CCC(C)(C)CNc1ccc(N)c(OCC2CC2)n1;CC(CC(N)=[NH2+])[NH+](C)CC1CCOc2ccccc21;CCCn1cc(N)cc1C(=O)NCC1CCCCC1;CCC(CC)CNc1ccc(N)c(OCC2CC2)n1;CCCn1cc(N)cc1C(=O)NCCC1CCCC1;CC(C)C1CCCN(C(=O)c2cc(N)cn2C)CC1;CC(C)n1cc(N)cc1C(=O)NCC1(C)CCCC1;CCCNc1ccc(C(=O)N(C)C(C)CCC)cn1;CC(C)(C)C1CCC(C(=O)NCc2cnc[nH]2)CC1;CCn1cc(N)cc1C(=O)NC1CCC(C)(C)CC1;CCC1(CC)CC(n2ccnc2NC2CC2)CCO1;CCCn1cc(N)cc1C(=O)N1CCCC1C(C)C;CCCc1c(N)[nH]c(C2CCC(C)(C)CC2)nc1=O;CCCNc1cc(C(=O)NC(C)(CC)CC)ccn1;CCCC1(CNC(=O)c2cc(N)cn2C(C)C)CC1;CC(C(N)=[NH+]O)[NH+]1CCC(Cc2ccccc2)CC1;NC(=[NH2+])CC(c1ccccc1)[NH+]1CCC(CCO)C1;CSCC(C)[NH+](C)CCCC(C)(C)C(N)=[NH+]O;CCCCCCNc1ccc(N)c(OCC2CC2)n1;CCCNc1cccc(NCCC2CCCCO2)n1;CCCNc1ccnc(C2(OC)CCC(C)CC2)n1;CCCOc1nc(N2CCCC(C)CC2)ccc1N;CCC1(CC)CC(Nc2nccn2C2CC2)CCO1;Cc1cnc(N)nc1OC1CC(C)CCC1C(C)C
m_2b7513,CC(C)(C)OC(=O)N1CCOc2c(cccc2C2(O)CCC2)C1;CCCC([NH3+])C(=O)Nc1ccc2nc(N3CCOCC3)oc2c1;CCC1(c2ccc(OC)c(OC3CCCC3)c2)CCNC(=O)O1;CCC1(CC)CC(=O)N(CC(O)COc2ccc(C)cc2)C1=O;COc1ccc2c(c1)CCCC2CC(=O)NCC1COCCO1;COC1=CC=C(C2(C(=O)NC[C@H]3CCCO3)CCOCC2)C=C1;CCCCOC1CN(C(=O)OCc2ccccc2)C2CCOC12;CCCC1(CCC)C(=O)OCC1NC(=O)OCc1ccccc1;CC(C)(C)OC(=O)N1CCC(=O)C(CC(O)c2ccccc2)C1;Cc1cccc(CC(=O)C2COCCN2C(=O)OC(C)(C)C)c1;COC(=O)C1(NC(=O)COc2cc(C)ccc2C)CCCCC1;CC1(C)COCCN1C(=O)c1ccc(OCC2CCCO2)cc1;O=C(COCc1ccccc1)N1CCC2(CC1)OCCCC2O;CCOC(=O)COCCN1CCC(c2ccccc2)CCC1=O;COc1cccc(C2(C(=O)OCCC(=O)N(C)C)CCCC2)c1;COCCn1c(C2CCC[NH2+]C2)nc2c(OC(N)=O)cccc21;CCOC(=O)N1CCCCC1CC1(c2ccccc2)OCCO1;CC(C)(C)c1ccccc1OCC(=O)N1CCC(C(=O)O)CC1;CC(C(=O)Nc1ccc2[nH]c(=O)[nH]c2c1)[NH+]1CCOC(C)(C)C1;Cc1cc(O)ccc1C(=O)N1CCC2(CC1)CC(C)(O)CCO2;CCOCC1CCN(C(=O)C2CCOC(c3ccccc3)O2)C1;CCCCOCCCC(=O)N1C(=O)OCC1Cc1ccccc1;CC1C[NH+](CCC(=O)Nc2ccc3[nH]c(=O)[nH]c3c2)CC(C)O1;CC1(C)NC(=O)N(CC2C[NH+](Cc3ccncc3)CCO2)C1=O;CC(C)(C)COC(=O)NCC1OCCc2ccc3c(c21)CCO3
m_2c1f87,Cn1nc(C2CC2)nc1Cn1cnc2c1c(=O)n(C)c(=O)n2C;O=C(Cn1cncn1)N1Cc2cnc(N3CCOCC3)nc2C1;COc1nc(C)cc(N(C)Cc2nnc3c(=O)n(C)ccn23)n1;CC(C)C1CCN(c2ncc3c(=O)c(C(=O)[O-])cn(C)c3n2)C1;Cc1nnc2n1CC(Nc1c(C#N)c(=O)n(C)c(=O)n1C)CC2;CC(C)c1nc(C2CCCN2c2nc3[nH][nH]cc-3c(=O)n2)no1;COc1ccnc(N2CCN(C(=O)c3nccnc3N)CC2)n1;Cc1nc2n(n1)CC(Nc1c(C#N)c(=O)n(C)c(=O)n1C)CC2;O=C(NCC(=O)N1CCCC1)Nc1cccnc1-n1cncn1;CCOC(=O)CCn1cc(N(CCO)CCO)c(=O)[nH]c1=O;NC(=O)c1ncn(C2CCCN(C(=O)Nc3ccncc3)C2)n1;Cc1noc2nc(C(C)C)cc(C(=O)NCc3nnn(C)n3)c12;CCn1ncc2ccc(NC(=O)N3CCCC(C(=O)[O-])C3)cc21;Cc1cc(C(=O)N2CCC(C)(C(=O)[O-])C2)c2c(C)nn(C)c2n1;Cc1cccc(C(=O)N2CCN(C(=O)Cn3cnnn3)CC2)n1;CCCCn1c([O-])c(C(C)=NNc2ccccc2)c(=O)[nH]c1=O;Cc1nc(C(=O)N(C)CC(=O)[O-])nn1-c1ccccc1C(C)C;Cc1cc2c(cc1C)N1CCOC13C(=O)N(C)C(=O)[NH+]=C3N2C;COc1ccc2[nH+]c3c(c(N(C)C)c2c1)c(=O)n(C)c(=O)n3C;CCn1ncc2ccc(NC(=O)N3CCC(C(=O)[O-])CC3)cc21;CC(O)c1nc(C2CCOCC2)nn1-c1ccc2nncn2n1;Cc1nc(C(=O)NCCC(=O)[O-])nn1-c1ccccc1C(C)C;Cc1nn(-c2ccccc2)c(C)c1NC(=O)N(C)CCC(=O)[O-];CNC(=O)c1ccc(N2CCN(c3cnn(C)c3)C(=O)C2)nn1;CC(C)(O)C(C)(C)Nc1nc(Cl)nc(N2CCOCC2)n1
m_2c2340,CCn1nnc(C)c1CN1CCC(O)(CN2CCCCC2)CC1;CCCCOc1cc(OC)ccc1C(C[NH3+])N1CCCCC1C;CCCCCCC[NH2+]CCCC(CC)c1ccc([N+](=O)[O-])cc1;CCCCCCC[NH2+]CC(=O)Nc1cccc(OCCCC)c1;CCCCCCC(O)C[NH+]1CCN(c2ccc(OC)cc2)CC1;CCCCCCCOc1ccc(NC(=O)C[NH2+]CCCC)cc1;CCCCOc1c(OC)cccc1C(C[NH3+])N1CCCCCC1;CCCCCCCCCCCc1cc(C(N)=[NH+]O)ccc1OC;CC(CCC(=O)Nc1c[nH+]c2n1CCCC2)[NH+]1CCN(C)CC1;CCCCCCCCCCC(O)CN(OCCO)OCCO;CCCC[NH2+]CC(c1ccc(OC)c(OC)c1)N1CCCCC1;CCCCCCOc1ccc(C(O)CCN2CC[NH2+]CC2)cc1;CCCCCOc1ccccc1N1CCC(C[NH2+]CC(C)O)C1;CCCCCCCOc1cccc(NC(=O)C[NH2+]C(C)CC)c1;CCNC(=[NH+]CC1(C)CC1)N1CC[NH+](Cc2cc(C)on2)CC1;CC(=CC(=O)NC1CC[NH+](CC2(O)CCCCC2)CC1)C1CC1;COc1ccccc1CN1CC[NH+](CC(C)(C)C)C(CCO)C1;CCCCCOc1ccccc1NCC1CC[NH+](CCOC)C1;CCCN1CCCN(C(=O)Nc2c(C)nn(C(C)C)c2C)CC1;CCOc1cc(CCC[NH+]2CCCC(C)C2)cc(N)c1OCC;CC[NH+](CC)CCCCNC(=O)c1ccc(OCC(C)C)cc1;Cc1nn(C)cc1C[NH+]1CCC(C(N)=O)([NH+]2CCCCC2)CC1;CCOc1c(N)cc(C(C)(C)C)cc1CCC[NH+]1CCOCC1;CCCCCCC[NH+](CC)CCCCc1ccc([N+](=O)[O-])cc1;O=C(COCC12CCCC1C[NH+](C1CCCC1)C2)N1CCCC1
m_2d1eba,NC(=O)C1CCN(c2nc(-c3cccnc3)cs2)CC1;O=C(NCc1nnc2n1CCC2)c1sccc1C1CC1;Nc1ccccc1C(=O)N1CCN(c2nccs2)CC1;Cc1nnc(N2CCN(C(=O)c3ccccc3)CC2)s1;Cc1ccc(N2CCCC2)c(C(=O)Nc2nncs2)c1;Cc1ccc(N2CCN(C(=O)c3cccs3)CC2)nn1;Cc1nnc2n1CCN(C(=O)c1sccc1C1CC1)C2;O=C(CN1CCCC1c1ccccc1)Nc1nncs1;Cc1nc(N2CCNC(=O)C2)c2c3c(sc2n1)CCC3;Nc1nc(C2CCN(C(=O)c3cccnc3)CC2)cs1;CC(=O)N1CCCC(c2nc(-c3cnccn3)cs2)C1;O=C(Nc1ccccn1)c1csc(NC2CCCC2)n1;Cc1scnc1C(=O)N1CCN(c2ccccn2)CC1;CCn1c(NC2CCCC2)nc2c(C#N)csc2c1=O;O=C(Nc1cnc(N2CCCCC2)nc1)c1cccs1;CC(C(=O)Nc1nncs1)N1CCc2ccccc2C1;Cc1ccccc1N1CCN(C(=O)c2cnns2)CC1;Cc1nsc(NC2CCCN(c3ccccc3)C2=O)n1;Cc1nc(C(=O)Nc2ccc(N3CCCC3)cn2)cs1;O=C(NCc1nccc(N2CCCC2)n1)c1cccs1;O=C1NCCCCC1Sc1nncn1-c1ccccc1;O=C(Nc1nnc(-c2cccnc2)s1)C1CCCCC1;O=C(c1ccsc1)N1CCC(Nc2cccnn2)CC1;S=C1Nc2[nH]c3ccccc3c2NN1CC1CCCO1;CCCCOc1ccc2[nH]nc(Nc3nccs3)c2c1
m_2e265c,CC(C)(CNC(=O)c1cc2ccccc2cc1O)[NH+]1CCOCC1;CCn1cc(C2OCCCC2NC(=O)Nc2ccc(C)nc2)cn1;COc1ccc(C(=O)Nc2cccc(C[NH2+]CC(C)(C)O)c2)cc1;COc1ccc(C(CNC(=O)Cc2ccc(O)cc2)[NH+](C)C)cc1;CCOc1ccc(NC(=O)N2CCCCC2c2ccnn2C)cn1;COCC1(C)CCN(C(=O)Nc2ccc(-n3cccn3)nc2)CC1;CCCOc1cccc(NC(=O)N2CCCn3nc(N)cc3C2)c1;COc1cccc(NC(=O)NCCc2nnc3n2CCCCC3)c1;COc1ccccc1OCC(=O)NCC(c1ccccc1)[NH+](C)C;CC(C)(C)OC(=O)NCC(C)(O)C1CC2(CCC1=O)OCCO2;COc1cc(CNc2ccccc2C[NH+]2CCOCC2)ccc1O;CNc1ccc(C(=O)NCC2CCCOC2c2ccnn2C)cn1;CC(Cc1ccc(O)cc1)N(C)C(=O)NC1CCCn2ncnc21;COc1ccccc1N1CCC(NC(=O)c2nc(C)nn2C)CC1;Cc1nc(-c2ccc(NCC3CN(C)CCO3)nc2)[nH]c(=O)c1C;CCCOc1cccc(NC(=O)N2CCC(n3cncn3)CC2)c1;COc1ccc(CC(=O)N2CCC(c3nc(N)n[nH]3)CC2)c(C)c1;CCOc1ccccc1NC(=O)NCc1cc(C)nc(N(C)C)n1;CC1(C)CCC(CCNC(=O)c2cccc(-n3cnnn3)c2)OC1;Cc1ccc(CNC(=O)Nc2ccc(N3CCOCC3)nc2)n1C;COc1ccccc1CCNc1cnnc(NCC2CCCO2)n1;COCCCOc1cccc(NC(=O)C(C)([NH3+])c2ccccc2)c1;CN1CCN(CCOc2ccc(NC(=O)c3cnc[nH]3)cc2)CC1;Cc1cc(NC(=O)N(C)CC2CCN(C)C2c2cccnc2)no1;COc1ccc(Oc2cccc3c2OCC3[NH2+]C(C)(C)C)c(C)n1
m_2efd6f,COc1cccc(SCc2ccc(C(N)=O)cc2)c1;COc1ccc(SCc2ccc(C(N)=O)cc2)cc1;COc1cccc(SCc2cccc(C(N)=O)c2)c1;COc1ccc(COc2ccc(C(N)=S)cc2)cc1;CC(C)C(C)Sc1ccc(C(N)=[NH+]O)c(Cl)c1;NC(=S)c1ccc(OCc2ccc(CO)cc2)cc1;NC(=S)c1ccc(COc2ccc(CO)cc2)cc1;CC(C)CSCc1ccc(C(N)=[NH+]O)cc1Cl;NC(=S)c1cccc(COc2ccccc2CO)c1;NC(=O)c1cc(F)ccc1OCC(=O)c1ccccc1;CCCCCSc1ccc(C(N)=[NH+]O)cc1Cl;NC(=O)c1cccc(OCC(=O)c2cccc(F)c2)c1;CSc1ccc(C(=O)NCc2ccc(O)cc2)cc1;CCC(C)CSc1cc(Cl)ccc1C(N)=[NH+]O;NC(=O)C(OC(=O)c1ccc(F)cc1)c1ccccc1;CC(=O)c1ccc(N(C)CCS(C)(=O)=O)c(F)c1;NC(=O)CSCc1ccc(Oc2ccccc2)cc1;COCCN(CCO)C(=O)c1cc(Cl)ncc1N;COC(=O)c1ccc(C=NNc2nc(=O)cn[nH]2)cc1;Cc1ccc(Oc2ccc(CO)cc2)c(C(N)=S)c1;COC(=O)c1ccc(S(=O)(=O)NN(C)C)c(N)c1;CN(C(=O)c1cc(Cl)ccc1F)C1C[NH2+]CC1O;O=C(NC(C(=O)O)c1ccccc1)c1ccc(F)cc1;Cc1cccc(N)c1S(=O)(=O)NCCOC(N)=O;COc1ccc(C=O)cc1NC(=O)c1ccc(F)cc1
m_2f1128,CCCCNC(=O)c1csc(Nc2ccc(OC(F)F)cc2)n1;Cc1nc(NC(=O)N(CCC(F)(F)F)CC(O)CO)sc1C;O=C(NCCCc1ccc(O)cc1)c1ccc(F)c(C(F)(F)F)c1;O=C(CN1C(=O)COc2ccccc21)NN=Cc1ccc(O)cc1O;Cc1nc(CNC(=O)NCCOc2ccc(F)cc2F)sc1C;CCc1cccc(NC(=O)c2c[nH]c(=S)n2-c2ccc(F)cc2)c1;CC1=NN=C(NC(=O)CCCC[C@@H]2SC[C@@H]3NC(=O)N[C@@H]32)S1;Cc1ccc(CNC(=O)c2c[nH]c(=S)n2-c2ccccc2)cc1F;CCCCNC(=S)Nc1cccc(-c2nc3ccccc3s2)c1;Cc1nnc(NCC2CC[NH+](C)C2c2ccc(Cl)c(F)c2)s1;Cc1ncc(CNC(=O)NCC(C)(O)c2ccc(F)cc2F)s1;Cc1ccc(-c2ncccc2NC(=O)N(CCO)CC(F)F)s1;CCc1ccc(NC(=O)c2c[nH]c(=S)n2-c2ccc(F)cc2)cc1;CN1C(=O)NC2CN(C(=O)c3ccc(SC(F)F)cc3)CCC21;CN(C(N)=[NH2+])C(=O)c1cc2c(Cl)ccc(OCC(O)CO)c2[nH]1;Cc1ccc(C(=O)OCC(=O)Nc2ccc3[nH]c(=O)[nH]c3c2)c(O)c1;Cc1nc(C)c(CNC(=O)NCc2cccc(OC(F)F)c2)s1;Cc1cc(NC(=O)CCNC(=O)c2ccc(C(F)(F)F)cc2)no1;Cc1[nH]c(=O)[nH]c(=O)c1CCC(=O)Nc1cccc(C(F)(F)F)c1;Cc1ccc(NC(=O)c2c[nH]c(=S)n2-c2ccc(F)cc2)cc1C;O=C(Cn1c(SC(F)F)nc2ccccc21)N1CCC(CO)C1;O=C(Cn1c(SC(F)F)nc2ccccc21)N1CCCC1CO;C=C1NC(=S)NC(c2ccccc2OC(F)F)C1C(=O)N(C)C;C[NH2+]C(c1c[nH]c(=S)[nH]c1=O)N(C)OCc1c[nH]c(=O)[nH]c1=O;O=C(Nc1ccc2c(c1)N(CC(F)F)C(=O)CS2)N1CCCC1
m_2f9ab1,O=C(CCCCCl)NCc1cccc([N+](=O)[O-])c1;O=C(CCCCCl)NCc1ccccc1[N+](=O)[O-];CC(C)CCNC(=O)c1ccc([N+](=O)[O-])c(Cl)c1;CCCNC(=O)CSc1nc(N)ccc1[N+](=O)[O-];CC(CCCCl)NC(=O)c1ccccc1[N+](=O)[O-];O=C(NCCCO)C(=O)NCc1ccc(Cl)cc1;CCNC(=O)CSc1nc(NC)ccc1[N+](=O)[O-];Cc1cccc(C(=O)NCCCCCl)c1[N+](=O)[O-];CC(C)CCNC(=O)c1ccc([N+](=O)[O-])cc1Cl;CCCCC(=O)NNC(=O)c1cc(Cl)ccc1O;O=C(CCOc1ccccc1F)NC(CO)C(=O)[O-];COCCNC(=S)NNc1ccccc1[N+](=O)[O-];Cc1ccc(C(=O)NC(C)CCCl)cc1[N+](=O)[O-];CC(O)C1CCN(c2ccc(Cl)cc2[N+](=O)[O-])C1;CSCC(C)NC(=O)c1cc([N+](=O)[O-])cnc1N;CC(CNC(=O)CCCl)c1ccc([N+](=O)[O-])cc1;O=[N+]([O-])c1cccc(Cl)c1NC1CCCCC1O;CCC(CC)NC(=O)c1ccc([N+](=O)[O-])c(Cl)c1;CC(=O)NCCNC(=O)COc1ccc(Cl)cc1;Cc1cc([N+](=O)[O-])ccc1C(=O)NCCCCCl;CC1CCN(c2ccc(Cl)cc2[N+](=O)[O-])C1CO;COCCNS(=O)(=O)Nc1nc2ccccc2[nH]1;[NH3+]C(CCC(=O)[O-])C(=O)NCc1ccc(Cl)cc1;Cc1ccc(Cl)cc1NC(=O)C(=O)NCCCO;CC1(O)CCN(c2ccc([N+](=O)[O-])cc2Cl)CC1
m_30024e,C[NH+]1CCc2c(n(CCc3ccccc3)c3ccccc23)CC1;Cc1cccc2c3c(n(CCc4ccccc4)c12)CC[NH2+]C3C;Cc1ccc(CCn2c3c(c4ccccc42)C[NH+](C)CC3)cc1;O=C(NCC1CCCO1)N1CC[NH+](Cc2cccnc2)CC1;CCCCCOC(=O)CCCC(=O)NC(C)c1ccccc1;C[NH+]=C(NCC(=O)NCc1ccccc1)NCC1CCCO1;CCOC(=O)CCN(CC(C)C)C(=O)CCc1ccccc1;COCC1(O)CCN(C(=O)CCc2ccccc2)CC1(C)C;CC1OCC[NH2+]C1C(=O)NCc1ccc(N2CCCC2)nc1;CNC(=O)NC(=O)C(C)[NH+]1CCN(Cc2ccccc2)CC1;CCCCCCCC(=O)NCCc1ccc2c(c1)OCCO2;CCOCCC(=O)N1CCC(OCCc2ccccc2)CC1;CC1OCC[NH2+]C1C(=O)NCc1ccnc(N2CCCC2)c1;CCCC(C)C(=O)C(O)CCC(=O)NC(C)c1ccccc1;CCCc1ccc(C(=O)N2CCC(OCCCO)CC2)cc1;CC[NH+]1CCN(C(=O)C(=O)N(C)CCc2ccncc2)CC1;COc1ccc2[nH]c(=O)n(CC[NH+](C)C3CCCCC3)c2n1;COc1ccc(CCNC(N)=[NH+]CC(=O)N2CCCC2)cc1;CC(NC(=O)C1(C)CCCC[NH2+]1)c1ccc(NC(N)=O)cc1;Cc1cccnc1C([NH2+]CC(=O)N1CCNC(=O)C1)C(C)C;CCCCCCCCCC(=O)NCc1ccc2c(c1)OCO2;CCOc1ccc(CCC2CCN(C(=O)COC)CC2)cc1;CCOC1CC(O)C12CCN(Cc1cccc(OC)c1)CC2;COc1ncc(C)cc1NC(=O)N1CCCC2(CC[NH2+]C2)C1;CCCN(CC(C)C(=O)OC)C(=O)CCc1ccc(C)cc1
m_31ebaa,C#CCOc1cccc(-c2noc(C3CCCN(C(=O)C4CC4)C3)n2)c1;CCOc1ccc2ccccc2c1C(=O)N1CCCC1c1nc(C)no1;Cc1noc(C2CCN(C(=O)COc3ccc4ccccc4c3)CC2)n1;CC(C(=O)Nc1nccs1)[NH+]1CCC(c2nnc(CO)n2C)CC1;Cc1noc(C)c1C(=O)N1CCCC(c2nc(-c3ccccc3)co2)C1;CCCC(=O)N1CCCC(C(=O)N2CCOC(c3nccs3)C2)C1;CC(=O)N1CCCC(C(=O)NNC(=O)C(C)Oc2ccccc2F)C1;CCc1c[nH]c2c(Oc3ccccc3)ncc(C(=O)N3CCOCC3)c12;Cc1cccc(OCc2nc(-c3ccc(N4CCOCC4)cc3)no2)c1;Cc1ccc(C2CCCCCN2C(=O)c2n[nH]c3ccccc3c2=O)o1;CCC1CN(C(=O)c2cc(-c3ccccc3)nc3onc(C)c23)CCO1;Cc1noc(C)c1CC(=O)N1CCCC1c1nc(-c2ccccc2)co1;CCCNC(=O)C1CCCN1c1cc(C(F)(F)F)nc2ccccc12;CC(C)c1noc(C2CN(C(=O)COc3ccc4ccccc4c3)C2)n1;CS(=O)(=O)N1CCCC(C(=O)Nc2ccc(N3CCCC3)cc2)C1;CCOC(=O)C1CCCN(c2nc(-c3ccco3)nc3ccccc23)C1;CCCCNC(=O)COc1ccccc1-c1nc(-c2ccccc2)no1;CC(=O)c1ccc(-c2cccc(C(=O)N3CCCC(C(N)=O)C3)c2)nc1;CCOc1ccc(-c2nc(-c3ccc(N4CCOCC4)cc3)no2)cc1;Cc1ccc(Cl)c(NC(=O)N2CCCC(N3CC[NH2+]CC3=O)C2)c1;O=C(NCCc1ccco1)C1CCC(=O)N1Cc1c[nH]c2ccccc12;CCOC(=O)c1ncc2[nH]c3ccc(C(=O)N4CCCC4)cc3c2c1C;CC(C)c1nc(C2CCCN2C(=O)c2ccc3ccccc3c2O)no1;COc1ccc2cccc(CC(=O)N3CCCCC3c3ncon3)c2c1;COc1ccc(OCC(=O)N2CCCC2c2nc3ccccc3[nH]2)cc1
m_328338,O=C(CN1CSCC1=O)NCCc1ccccc1;CCOCCCNC(=O)C(C#N)=Cc1ccsc1;CCOCCCNC(=O)C(C#N)=Cc1cccs1;CC(=O)NC(=O)N[C@@H]1O[C@H](CO)[C@@H](O)[C@H](O)[C@H]1O;Cc1nc2cc(CCNC(=O)CCS)ccc2o1;N#Cc1ccc(CSCC(=O)NCCCO)cc1;CC(=O)N[C@]1(C(N)=O)O[C@H](CO)[C@@H](O)[C@H](O)[C@H]1O;O=C(Cc1cc(=O)[nH]c(=O)[nH]1)NCCc1ncn[nH]1;O=C(CCc1nc2ccccc2s1)NCCCO;O=c1[nH]c2ccccc2c(=O)n1CCCCCS;CC(O)CNC(=S)NC(=O)C=Cc1ccccc1;C#CCSCCNC(=O)c1cc(N)ccc1OC;NC(=O)NCCNc1cc(N)nc(C(F)(F)F)n1;CCCCCNC(=O)c1cc(-c2cccs2)on1;O=S(=O)(CCc1ccccc1)NCc1cc[nH]c1;CSCCCNC(=O)COc1ccccc1C#N;C#CCSCCNC(=O)c1ccc(N)c(OC)c1;Cn1ncc(CNC(=O)c2cc(=O)[nH]c(=O)[nH]2)c1N;O=C(NCCCO)c1cc(=O)[nH]c2cc(F)ccc12;C#CCSCCNC(=O)COc1ccc(N)cc1;CCOc1cccc(NC(=O)C(=S)NC2CC2)c1;CC(O)c1cccc(SCC(=O)NCCC#N)c1;C#CCSCCNC(=O)c1cccc(N)c1OC;Cc1ccc(CNC(=O)CN2CCSC2=O)cc1;Nc1ccc(C(=O)[N-]C(=O)C(=O)NCCCO)cc1
m_347e26,O=C(NCC(O)c1ccc(F)cc1)c1ccc(OCC2CC2)cc1;O=C(NCC(O)c1ccc(F)cc1)c1ccccc1OC1CCC1;COCCOCCOCCOCCOc1ccc([N+](=O)[O-])cc1;CC(C)(C)OC(=O)NC(C[NH+]1CCC1)c1ccc(F)c(Cl)c1;Nc1ccc2c(c1)CCCC2NC(=O)CCn1cc([N+](=O)[O-])cn1;O=C(COc1ccc2c(c1)CCC2)NCC(O)c1ccccc1F;COc1ccc(C(O)CNC(=O)CC=Cc2cccc(F)c2)cc1;COc1ccc(CCNc2ncc([N+](=O)[O-])c(NC3CC3)n2)cc1;COc1ccc(C(O)CNC(=O)C2CC2c2cccc(F)c2)cc1;CCOc1ccccc1C=CC(=O)NCC(O)c1ccc(F)cc1;O=[N+]([O-])c1ccc(COc2ccccc2C[NH+]2CCOCC2)cc1;Cc1cc([N+](=O)[O-])ccc1NC(=O)N1CCC(c2cnn(C)c2)C1;COc1ccc(CNc2ncnc(N3CCCC3)c2[N+](=O)[O-])cc1;Cn1cc(C(=O)NC2CCN(c3ccc([N+](=O)[O-])cc3)CC2)cn1;COc1ccccc1C1(CNc2ncc([N+](=O)[O-])c(N)n2)CCC1;CCC1CCCCN1c1ncnc(Oc2cccnc2)c1[N+](=O)[O-];CCOc1ccc(CC(=O)N2CCC(c3ccsc3)CC2)cc1;Nc1nc(NCC2CCCOC2c2ccccc2)ncc1[N+](=O)[O-];CCCNc1ccc(CNc2ncc([N+](=O)[O-])cc2C(N)=O)cc1;COC(=O)c1ccc(C[NH+](C)C(C)c2cccc([N+](=O)[O-])c2)cc1;CC1CC[NH+](CC(=O)NCC(O)c2ccc(Cl)c(F)c2)CC1;CC(C)(C)OC(=O)N1CCC([NH2+]Cc2ccc(Cl)c(F)c2)C1;COc1cccc(C(O)CNC(=O)C(C)=Cc2ccc(F)cc2)c1;Cc1cc(NC(=O)N2CCC(c3cnn(C)c3)C2)ccc1[N+](=O)[O-];CCn1ccnc(N2CCN(c3ccc([N+](=O)[O-])cc3)CC2)c1=O
m_34c00a,CCOC(=O)CCCCCOC(=O)c1c(N)cccc1Cl;CCOC(=O)CCCCCOC(=O)c1cc(N)cc(Cl)c1;CCOC(=O)CCCCCOC(=O)c1ccc(Cl)c(N)c1;CCOC(=O)CN(C)C(=O)CCc1ccc(OC)c(Cl)c1;CCOC(=O)CCN(C)C(=O)CCOc1ccccc1Cl;CCCN(CC(=O)OC)C(=O)CCOc1ccccc1Cl;CCOC(=O)c1ccc(C(F)(F)C(=O)N2CCOCC2)cc1;CCCCCCNC(=O)COC(=O)c1cc(Cl)ccc1O;O=C(O)C1CN(C(=O)CCCc2ccc(F)c(F)c2)CCO1;COC(=O)C(C)CN(C)C(=O)CCOc1ccccc1Cl;CN(CC1(O)CCOCC1)C(=O)COc1ccc(Cl)cc1;COc1ccc(CCC(=O)N2CCOCC2CO)cc1Cl;CCOC(=O)CCN(CCCO)C(=O)c1ccc(Cl)cc1;CCOC(=O)CCN(CCOC)C(=O)c1ccccc1Cl;O=C(C=Cc1ccc2c(c1)OCO2)NCCc1ccc(F)cc1;COC(=O)CCN(C)C(=O)CCc1ccc(OC)c(Cl)c1;COc1ccc(CCC(=O)N2CCOC(CO)C2)cc1Cl;CC(C)(Oc1ccc(Cl)cc1)C(=O)N1CCOCC1CO;CCOC(=O)CCCNC(=O)Cc1cc(Cl)ccc1OC;CCCN(CC(=O)OCC)C(=O)COc1ccccc1Cl;NS(=O)(=O)c1ccc(CCNC(=O)NC2CCOC2)cc1;O=C(COCc1ccc(F)cc1)NCC#Cc1ccc(O)cc1;O=C(O)CCN(Cc1ccc(F)c(F)c1)C(=O)C1CCCO1;O=C(O)CC1CN(C(=O)CCc2cc(F)ccc2F)CCO1;O=C(C=Cc1ccc(F)cc1)NCC(=O)OCc1ccccc1
m_34c315,Cc1cc(C(=O)NCCC(=O)N2CCN(c3ccccc3)CC2)[nH]n1;Cc1cccc(C)c1NC(=O)CN1CCN(c2ncc[nH]c2=O)CC1;Cc1cccc(NC(=O)CC(=O)N2CCC(c3ncn[nH]3)CC2)c1C;COc1ccc(C[NH+]2CC(=O)N(c3ccccc3C)C(C)C2)cc1O;CN1CCCC1C(=O)NCC1CN(C(=O)c2n[nH]c3ccccc23)C1;O=C(c1ccccc1N1CCOCC1)N1CCCC(c2ncn[nH]2)C1;COCCn1ccc2c(C(=O)Nc3n[nH]c(CC(C)C)n3)cccc21;COc1ccccc1C(=O)NCc1cccc(C[NH+]2CCOCC2)c1;Cc1ccc(C(=O)NCC2C[NH+](Cc3ccccc3)CCO2)c(O)c1;COc1ccccc1C(=O)NCCNc1cc(N2CCCC2)ncn1;COc1ccccc1CNC(=O)c1cnc(N2CCCCC2)nc1N;Cc1ccc(C(=O)NCC2CCC(c3nc(C4CC4)n[nH]3)O2)c(C)n1;COC1CC(c2ncn[nH]2)N(CC(=O)N2CCc3ccccc3C2)C1;Cc1cc(C(=O)Nc2ccccc2C(=O)N2CCCN(C)CC2)[nH]n1;CCn1cnnc1CCNc1cc(C)c2cc(OC)c(OC)cc2n1;CNC(=O)c1cn[nH]c1C1(C)CCCN(C(=O)c2ncccc2C)C1;COc1ccc(-c2ccccc2)cc1C(=O)NCC[NH+]1CCOCC1;Cc1cccc(C)c1Nc1nncc(N2CCC3(CC2)OCCO3)n1;CCc1ccc(O)c(C(=O)Nc2cccc(C[NH+]3CCOCC3)c2)c1;COCCCNC(=O)Cn1nc(-n2cccc2)c2c(C)cc(C)nc21;CC1CCN(c2ncc(NC(=O)c3noc4c3CCCC4)cn2)CC1;CCOc1cccc(NC(=O)c2cccc(C[NH+]3CCOCC3)c2)c1;CCCNC(=O)c1c(N)n(CCCOC)c2nc3ccccc3nc12;COc1cccc(C(=O)NCCNc2cc(N3CCCC3)ncn2)c1;O=C(NCC1COc2ccccc2C1)c1ccc(C[NH+]2CCCC2)o1
m_36d3ce,CN(C(=O)c1cccc2ccccc12)C1CCS(=O)(=O)C1;COc1ccc(C#N)cc1OC(=O)c1cccc2ccccc12;COC(=O)c1ccccc1-c1nc2c(ccc3ccccc32)o1;CS(=O)(=O)C1CCN(C(=O)c2ccc3ccccc3c2)C1;COc1ccc2ccccc2c1CNC1C=CS(=O)(=O)C1;O=C(CS(=O)(=O)Cc1cccc2ccccc12)N1CCC1;O=C(/C=C/C1=CC=C([N+](=O)[O-])C=C1)C1=CC=CC2=CC=CC=C12;COC(=O)CCSCC(=O)Nc1ccc2ccccc2c1;COc1cccc2c(=O)oc(-c3ccc4ccccc4c3)nc12;CN(C(=O)c1ccc2ccccc2c1)C1CCS(=O)(=O)C1;CCCOc1cccc2c1ccn2CCSC(F)(F)F;CC(C(=O)NC1CC1)S(=O)(=O)c1ccc2ccccc2c1;CC(CN(C(=O)c1cc2ccccc2s1)C1CC1)C(=O)O;O=C1c2ccccc2C(=O)C1(O)Nc1cccc2ccccc12;O=CC1CCCCN1S(=O)(=O)c1cccc2ccccc12;COc1cccc2c(=O)oc(-c3cccc4ccccc34)nc12;O=S(=O)(NC1C=CC(CO)C1)c1cccc2ccccc12;O=CC1CCCN(S(=O)(=O)c2cccc3ccccc23)C1;N#Cc1cccc(OC(=O)COc2ccc3ccccc3c2)c1;N#Cc1ccc(OC(=O)COc2cccc3ccccc23)cc1;COC(=O)C1=CCC(=O)c2nc3ccc4ccccc4c3cc21;COc1cccc2c1CCS(=O)(=O)N2Cc1ccccc1;O=C(O)CC1CCCCN1C(=O)c1cccc2ccsc12;O=C(O)c1ccccc1OCCN1CCc2sccc2C1;COc1ccc2c(c1)SCCC2=CCN1C(=O)CCC1=O
m_370436,Cc1ccc2c(c1)cc(C(=O)NCCc1ccccc1)n2C;Cc1ccc2c(C)c(C(=O)NCCc3ccccc3)[nH]c2c1;Cc1ccc(CCNC(=O)c2cccc3c2ccn3C)cc1;Cn1cc(C(=O)NCCCc2ccccc2)c2ccccc21;CCCc1nc2ccccc2c(=O)n1CCc1ccccc1;CCC(C=Cc1ccccc1)=NNC(=O)c1ccc(C)cc1;Cc1ccc(C(C)NC(=O)CCc2ccc(C#N)cc2)cc1;CC1=CC=C(C(=O)NCCC2=CNC3=CC=C(C)C=C23)C=C1;CCN(CCc1ccccc1)C(=O)c1cc2ccccc2[nH]1;CCC1(CC)NC(=O)CN(CCc2cccc(F)c2)C1=O;Cn1c(C(=O)NCCCc2ccccc2)cc2ccccc21;CC1=CC=CC(C(=O)NCCC2=CNC3=CC=C(C)C=C23)=C1;Cc1c(C(=O)NCCc2ccccc2)n(C)c2ccccc12;Cc1ccc(CCC(=O)N(C)Cc2ccc(C#N)cc2)cc1;CC1=CC=C(C(=O)NCCC2=C(C)NC3=CC=CC=C23)C=C1;CC(C)CC1NC(=O)CN(CCc2ccc(F)cc2)C1=O;O=C(NCc1ccccc1)N1C=CC1CCc1ccccc1;Cc1ccc(CC(=O)NN=CC=Cc2ccccc2)c(C)c1;CC1=CC=C2OC([C@H]3CCN(CC4=CC=CC=C4)C3)=NC2=C1;Cc1cccc(-n2[nH]c(C)c(CCc3ccccc3)c2=O)c1;CC(CCC1=CC=CC=C1)NC(=O)C1=CNC2=CC=CC=C12;O=C(CCc1ccc(F)cc1)NCCN1CCCCC1=O;CC(C=NNC(=O)c1ccc(C)cc1C)=Cc1ccccc1;N#CCCN(CCc1ccccc1)CC(=O)c1ccccc1;O=C(CCc1ccccc1)NCCc1ccc2[nH]ccc2c1
m_3883ef,CCc1nc(NC(=O)CN2CCCC(Cn3cncn3)C2)sc1C;CC(C)NC1CCCN(CCc2nc(-c3cccc(Cl)c3)no2)C1;Cc1nn(C)c(C)c1NC(=O)CN1CCN(c2nccs2)C(C)C1;COCC(C)(O)C(=O)N1CCC(S(=O)(=O)N2CCCCC2)CC1;CCSc1nnc(-c2nn(C)c3c2CN(C(=O)C(C)C)CC3)n1C;CCCC[NH+]1CCCN(S(=O)(=O)c2cccc3cnccc23)CC1;O=S(=O)(c1ccc2ccn(C3CC[NH2+]CC3)c2c1)N1CCCCC1;Cn1cccc1C[NH2+]Cc1ccc(S(=O)(=O)N2CCCCC2)cc1;Cn1ccnc(N2CCCC(Nc3nc(C(C)(C)C)ns3)C2)c1=O;Cc1cc(C(=O)NC2CC[NH+](CCOc3ccc(F)cc3)CC2)no1;CC(C)c1nc(N2CCN(C(=O)Cn3cccn3)CC2)[nH]c(=O)c1F;C=C1CCN(C(C)C(O)(Cn2cncn2)c2ccc(F)cc2F)CC1;CCc1nn(C)cc1NC(=O)N1CCCC(c2ccc(F)c(F)c2)C1;CS(=O)(=O)CC1CCC[NH+](Cc2cccc(Cn3cccn3)c2)C1;CC1CCC(C)[NH+]1C1CCCN(S(=O)(=O)c2ccc(C#N)cc2)C1;Cn1ncnc1C1(O)CCN(c2nc(C3CCCCC3)ns2)CC1;Cc1cc(C)n(CC2CCCCN2CC(=O)Nc2nnc(C)s2)n1;Cc1cc(C(=O)NC2CCCN(Cc3c(F)cccc3F)C2)n(C)n1;CCCCC1C[NH2+]CCN(S(=O)(=O)c2cccc3cnccc23)C1;Cc1cccc(S(=O)(=O)N2CCCC(c3[nH+]ccn3C(C)C)C2)c1;CCCS(=O)(=O)N1CCC(n2c(C)c[nH+]c2-c2ccccc2)CC1;Cn1nccc1N1CCCC(NC(=O)c2snnc2C(C)(C)C)C1;CC(OCC1CCCCO1)C(=O)N1CCN(S(C)(=O)=O)C(C)C1;Cc1ccc(S(=O)(=O)n2cnc(C(C)(C)[NH+]3CCCCC3)c2)cc1;O=C(CCn1cncn1)N1CCCC(CCc2ccc(F)c(F)c2)C1
m_38941f,O=C(NC(Cc1c[nH]c2ccccc12)C(=O)N1CCCCC1)C1CC1;CCOc1ccc(C2CC(C(=O)NCc3ccc(C)cc3)NN2)cc1;COc1ccccc1NC(=O)NCc1ccc(N2CCCCC2)cc1;COc1ccc(C)cc1NC(=O)CCc1ccnc(N2CCCC2)c1;COc1cccc(CCC(=O)Nc2ccc(N3CCCCC3)nc2)c1;C=CCc1cc(CC2CCN(C(=O)c3cnc[nH]3)CC2)ccc1OC;CCOc1ccc(C2CC(C(=O)NCc3ccccc3C)NN2)cc1;COc1cccc(NC(=O)CNc2ccccc2N2CCCCC2)c1;COc1cccc(CCNC(=O)Nc2cccc(N3CCCC3)c2)c1;COc1ccccc1NC(=O)NCCc1ccc2c(c1)CCCN2C;CCCCNC(=O)c1ccccc1NC(=O)CCc1ccc(N)cc1;COc1ccc(C2CC(C(=O)NCCc3ccc(C)cc3)NN2)cc1;COc1cccc(C2CC(C(=O)NCCCc3ccccc3)NN2)c1;CCc1ccc(CNC(=O)C2CC(c3cccc(OC)c3)NN2)cc1;O=C(NCCc1c[nH]c2ccccc12)C1(C(=O)NC2CCCC2)CC1;CCCC(=NNC(=O)CNc1ccc(OCC)cc1)c1ccccc1;CN(Cc1ccccc1)c1ccccc1NC(=O)NCC1(O)CCC1;O=C(CNc1ccccc1N1CCC(O)CC1)NCc1ccccc1;O=C(NCC(O)Cc1ccccc1)Nc1ccccc1N1CCCC1;COc1ccccc1CC1CCCN(C(=O)c2n[nH]c3c2CCC3)C1;Cc1ccc(CCNC(=O)Nc2ccccc2N2CCOCC2)cc1;CCOc1ccccc1NC(=O)c1ccc(N2CCCCCC2)nc1;Cc1cccc2c(CC(=O)N3CCC(NC(=O)C4CC4)CC3)c[nH]c12;O=C(Cc1c[nH]c2ccccc12)N1CCN(C(=O)C2CCCC2)CC1;Cc1ccc2[nH]cc(CCC(=O)N3CC(NC(=O)C4CCC4)C3)c2c1
m_3a5731,Cc1nc2ncnn2c(C)c1CCC(=O)Nc1nc2ccccc2[nH]1;Cc1nn2cnnc2c(C)c1CCC(=O)Nc1nc2ccccc2[nH]1;COC(=O)c1ccc(-c2nc3ccc(C4=[NH+]CCCN4)cc3[nH]2)cc1;N#Cc1nc(NC(=O)c2ccc(N3CCCCCC3)nc2)[nH]c1C#N;CSCCCC(=O)N1CCC(c2nc3ccc(F)cc3[nH]2)CC1;CC1=C(C(=O)C2=CC=CC=C2)OC2=CC(NC(=O)C(C)(C)C)=CC=C12;CC1=C(C(=O)C2=CC=CC=C2)OC2=CC=C(NC(=O)C(C)(C)C)C=C12;COc1cccc(CCCOC(=O)Nc2ccc3ccccc3c2)c1;COC(=O)NCc1cc(C(=O)N2CCCCC2C(=O)OC)ccn1;Cc1nc2c3ccccc3nn2c(C)c1CCC(=O)Nc1ncn[nH]1;C[NH+](C)CC(C)(C)CNC(=O)c1ccc2c(=O)[nH]c(=S)[nH]c2c1;NC(=O)C1Cc2ccccc2C[NH+]1Cc1nc2ccccc2[nH]c1=O;Cc1ccc(C(=O)[O-])cc1N=Nc1c(C(C)C)nc2c(C)cccn12;Cc1ccc2nc(C(C)C)c(N=Nc3cc(C(=O)[O-])ccc3C)n2c1;CC=CCOc1cc2c(cc1OC)C(C(=O)c1ccccc1)=NCC2;NC(=[NH2+])N(CC[NH+]1CCC(Cl)C1)C(=O)c1cc2ccccc2[nH]1;C[NH2+]CCN(C)C(=O)CCSCc1nc(=O)c2ccccc2[nH]1;CC1=CC=C(/N=N/C2=C(N)N(C(=O)C3=CC=CC=C3N)N=C2N)C=C1;O=C(CSc1nc2ccccc2[nH]1)NCCC[NH+]1CCOCC1;C[NH2+]CC1CCN(C(=O)CCc2nc(-c3cccs3)no2)CC1;COC1=CC(O)=C2C(=O)NC(C3=CC=CC=C3)=CC2=C1CC=C(C)C;O=C(NC1CCC(C(=O)O)CC1)c1csc(C2CCCCC2)c1;Cc1ccc(C(=O)NNc2ncnc(Nc3ccccn3)c2N)cc1;CCNC(=O)O[C@@H]1CO[C@H]2[C@@H]1OC[C@@H]2NC(=O)NC1=CC=CC=C1;C[NH2+]CC1CCCN(C(=O)CCc2nc(-c3cccs3)no2)C1
m_3aa487,COc1ccc(C(=O)NCC2CCOC2c2cnn(C)c2)cc1F;COc1ccc(CCC(=O)NC2CC(O)C2n2cccn2)cc1F;O=C(NCC(O)COc1ccc(F)cc1)c1n[nH]c2c1CCCC2;COc1ccc(CC(=O)NC2CCOC2c2ccnn2C)cc1F;CCOc1c(F)cccc1C(=O)Nc1cc(C2CCOCC2)[nH]n1;COc1ccc(CCC(=O)N2CCc3c(O)nn(C)c3C2)cc1F;COCc1ccc(C2CCCN2C(=O)NCc2ncccc2F)o1;COc1ccc(CNC(=O)NCCCOc2ccccc2F)cn1;Cc1c(C=CC(=O)NCC(O)COc2ccc(F)cc2)cnn1C;COCCCNC(=O)NCc1ccnc(Oc2ccc(F)cc2)c1;COc1cccc(CCC(=O)NC2CC(O)C2n2cccn2)c1F;O=C1COC2CCN(C(=O)NC3CC3c3ccc(F)cc3)CC2N1;Cc1nc(C(C)(C)C)[nH]c(=O)c1C(=O)NCc1ccc(O)c(F)c1;COc1cccc(F)c1C(=O)N1CC(O)C(Cc2cc(C)[nH]n2)C1;O=C(NCC1CCCOC1c1ccn[nH]1)c1ccc(CO)c(F)c1;Cc1nc(C(=O)NCc2ccc(OC(C)C)c(F)c2)c(=O)[nH]c1C;COc1ccc(-c2cn(C(=O)N(C)C3CCOCC3)cn2)cc1F;COc1ccc(C(=O)NC2CCC(Cc3nnc(C)o3)C2)cc1F;Cc1ccc(F)c(OCC(=O)NC2CCOC2c2ccnn2C)c1;Cc1nc2ccc(F)cc2c(=O)n1CC(=O)NCC1CCOCC1;O=C(NC1CC1)C(O)C1CCN(c2nc3cc(F)ccc3o2)CC1;COc1cc2ccnc(N3CCCC(O)(CC(N)=O)C3)c2cc1F;CC1(C2CC2)NC(=O)N(CC(=O)NCCc2ccc(F)cc2)C1=O;Cc1ccc(C(=O)NN2C(=O)NC3(CCC(C)CC3)C2=O)cc1F;COc1ccc(CNC(=O)N(C)CCOc2ccc(F)cc2)cn1
m_3ae355,Cc1ccc2nc(N3CCN(c4ncccc4Cl)CC3)[nH]c2c1;Nc1nc(NC2CCN(c3cccnn3)CC2)nc2sccc12;Cc1nc(N2CCN(c3ccncc3)C(C)C2)c(Cl)cc1C#N;Nc1ccc(-c2nnc3n2-c2cccnc2Nc2ccccc2-3)cn1;O=C(NC1CCN(c2ccc3nncn3n2)C1)c1ccncc1F;CN(c1cccnn1)C1CCN(c2ccc(Cl)cc2C#N)CC1;Cc1ccc(Cl)cc1N1CCN(c2nccn3nccc23)CC1;Cc1cc(N2CCN(c3ccc(C#N)c(Cl)c3)CC2)nc(C)n1;c1cncc(-c2c[nH]c3ncnc(Nc4ccc5[nH]ncc5c4)c23)c1;CCN(Cc1ccc2nc(N)nc(N)c2c1)c1ccc(Cl)cc1;c1cc(-c2c[nH]c3ncnc(Nc4ccc5[nH]ncc5c4)c23)ccn1;CS(=O)(=O)N(CCNC(=O)c1cccnc1)C1CCOCC1;CC(c1ccc(Cl)cc1)N1CCN(c2nccnc2C#N)CC1;Cc1ccc(N2CCCN(c3ccc(C#N)c(Cl)c3)CC2)nn1;O=C(c1ccncc1F)N1CCN(c2cncc3ncnn23)CC1;Cc1ccccc1-c1nc2sc3c(c2c(=O)n1N)CC[NH+](C)C3;OCCn1ncc2c1CCCC2Nc1nccc(C(F)(F)F)n1;CS(=O)(=O)NCCC(=O)N1CCC(Oc2ccncc2)CC1;CCOc1ncccc1NC(=O)C1CCN(S(C)(=O)=O)CC1;Cc1cc(Cl)ccc1-n1ncc2c(N3CCCCC3)ncnc21;CN1CCC(CNc2ncc(C#N)cc2Cl)C1c1cccnc1;Cn1nccc1C1CCN(c2ncnc3cc(Cl)ccc23)CC1;c1ccc(N2CC[NH+](Cc3coc(-c4cccs4)n3)CC2)nc1;Cc1ccncc1-c1cnc2n[nH]c(-c3nc4ncccc4[nH]3)c2c1;CCOC(=O)c1cccnc1NCC1CCN(S(C)(=O)=O)C1
m_3aecdc,COc1ccc(Cl)cc1C(=O)N1CCC(Nc2nc3ccccc3o2)C1;O=C1COc2cc(NC(=O)N3CCCC3c3ccccc3Cl)ccc2N1;COc1ccccc1C(=O)N1CCC(Nc2nc3ccc(Cl)cc3o2)C1;COc1ccc(NC(=O)C(=O)NCCc2c[nH]c3ccccc23)cc1Cl;COc1ccc(-n2cnc3[nH]c(N4CCOCC4)nc(=O)c3c2=S)cc1;COc1ccc(-c2cc(=O)n(CCNC(=O)c3snnc3C)cn2)cc1;O=C(Nc1cc(Cl)ccc1N1CCSCC1)N1CC(O)C(CO)C1;O=C1COc2c(cc(Cl)cc2NC(=O)C2CCCN2c2ccccc2)N1;COC(=O)CC1C=CC(NS(=O)(=O)c2cccc(OC)c2)C(CO)O1;Cc1nc(COc2ccc(C=CC(=O)N3CCCC3C(=O)[O-])cc2)cs1;COc1ccc(NC(=O)C2CCCN2c2nn3c(=O)ccnc3s2)cc1;Cc1ccc(OCC(=O)NCCc2nc(-c3ccc(Cl)cc3)no2)cc1;O=C1COc2cc(NCC(=O)N3CCc4ccccc4C3)c(Cl)cc2N1;COCC1(C(=O)O)CCCN1S(=O)(=O)c1cccc2c1OCCCO2;COc1ccccc1OCCNC(=O)c1ccn(-c2ccccc2Cl)n1;Cc1cc(C)n2nc(SCC(=O)Nc3ccc4c(c3)OCCO4)nc2n1;COc1ccc(Cl)cc1NC(=O)C(=O)NCCc1c[nH]c2ccccc12;COc1cnc(N2CCOCC2)c2sc(NC(=O)c3ccncc3)nc12;CCOc1ccccc1-n1nnnc1SCC(=O)Nc1ccc(O)cc1;O=C(COc1ccc(Cl)cc1)Nc1ccc2nc(C3CCCO3)[nH]c2c1;Cc1ccc(Cl)cc1NC(=O)C(C#N)=Cc1ccc(N2CCOCC2)o1;COc1cc(NC(=S)NCCCN2CCCC2=O)c(OC)cc1Cl;COc1ccc(OCC(=O)Nc2ccnn2Cc2ccc(Cl)cc2)cc1;Cc1c(NC(=O)COc2ccc(Cl)cc2)c(=O)n(-c2ccccc2)n1C;O=C(NC1CCN(C(=O)c2ccccn2)C1)C1Cc2cc(Cl)ccc2O1
m_3ba5ce,C[NH+]1CCC23CCCCC2C1Cc1cc([N+](=O)[O-])ccc13;CCCCOCC[NH2+]CC(O)Cn1cc([N+](=O)[O-])cn1;CCOC(C)(C)C[NH2+]CC(O)Cn1cc([N+](=O)[O-])cn1;O=[N+]([O-])C(COC1CCCCO1)C(O)C1CCCCC1;CCC(C)(CCO)[NH2+]CC(O)Cn1cc([N+](=O)[O-])cn1;CC(C)CC(CO)[NH2+]CC(O)Cn1cc([N+](=O)[O-])cn1;COCC(C)[NH2+]CC(O)Cn1nc(C)c([N+](=O)[O-])c1C;Cc1c(C[NH2+]C(C)C2CC3C=CC2C3)cccc1[N+](=O)[O-];CCCCCC(O)(CC(=O)OC(C)C)C(C)=C[N+](=O)[O-];Cn1nccc1CCC(=O)N1CCCCC1c1ncc[nH]1;COc1ccnc(CN2CCCCC2c2n[nH]c(C)n2)c1;CC[C@](C)(O)[C@@H](O)C(=O)OC[C@@H]1CC[N@@+]2([O-])CCC[C@@H]12;CCc1cc(N2CCCC2c2noc(C(C)C)n2)ncn1;Cc1ncc(C)c(N2CCCC(Cc3noc(C)n3)C2)n1;Cc1cnn(CC(=O)Nc2cc(C3CCCCC3)[nH]n2)c1;CCOc1ccc(-c2nnnn2CC2CCCC2)cc1N;CNC1=CC=C(C2=NOC([C@@H]3CCCN3C(C)C)=N2)C=N1;CCOc1c(N)cccc1-c1nnnn1C(C)CC1CC1;CCOc1cc(N2CCC(Cn3cccn3)CC2)ncn1;CCOc1c(N)cccc1-c1nnnn1C1CCC(C)C1;Cc1cnn(CCC(=O)Nc2cc(C3CCCC3)[nH]n2)c1;COCCn1cncc1Cn1cc(C2CC=CCC2)nn1;CC(C)c1cc(C2CCC[NH+]2Cc2ccc(O)cc2)no1;Cc1nc(C2CCCCN2C(=O)c2ccc(C)n2C)n[nH]1;Cc1cc(C2CCCCC[NH+]2Cc2ccc(O)cc2)no1
m_3ce578,O=C(Nc1ccc(C(=O)N2CCCC2)cc1)c1cc(-c2ccccc2Cl)n[nH]1;Cc1[nH]c(N2CCOCC2)nc(=O)c1CCC(=O)Nc1ccc(Cl)cc1F;CCCCCCOc1ccc(NC(=O)CNc2ccc(Cl)cc2Cl)cc1;CCCCCCOc1ccc(NCC(=O)Nc2cccc(Cl)c2Cl)cc1;Cc1c(C(=O)Nc2ccc(C(=O)NC3CC3)cc2)cnn1-c1ccccc1Cl;CCCCCCOc1cccc(NCC(=O)Nc2ccc(Cl)c(Cl)c2)c1;O=C(Nc1ccnn1Cc1ccc(Cl)cc1)c1ccc(NC(=O)C2CC2)cc1;O=C(Nc1ccc(OCc2ccc(Cl)cc2)cc1)c1cnc(NC2CC2)cn1;Cc1c(C(=O)Nc2ccc(N3CCCC3=O)cc2)cnn1-c1cccc(Cl)c1;O=C(COc1ccc(F)c(Cl)c1)Nc1cnn(CC(=O)NC2CCCC2)c1;Cc1c(C(=O)Nc2ccccc2C(=O)NC2CC2)cnn1-c1cccc(Cl)c1;O=C(NNC(=O)c1cc2ccccc2nc1N1CCCC1)c1ccc(Cl)cc1;O=C(Nc1ccc(C(=O)N2CCCC2)cc1)c1cc(-c2cccc(Cl)c2)n[nH]1;Cc1nn(-c2ccccc2)c(Cl)c1C(=O)Nc1cccc(OCCCC#N)c1;Cc1cn(-c2ccccc2Cl)nc1C(=O)Nc1ccc2c(c1)CCCC(=O)N2;Cn1c(N2CCC(C(=O)Nc3ccc(F)c(Cl)c3)CC2)cc(=O)n(C)c1=O;Cc1cccc(NC(=O)CC2C(=O)Nc3c(-c4ccc(Cl)cc4)c(C)nn32)c1;CC(=O)N1CCc2cc(NC(=O)c3cnn(-c4cccc(Cl)c4)c3C)ccc21;COCCn1ccc2cc(NC(=O)c3cnn(-c4ccccc4Cl)c3)ccc21;Cc1cc(C(=O)Nc2ccc3c(c2)C(=O)N(C)CC3)nn1-c1cccc(Cl)c1;COc1cccc(NC(=O)Cn2cnc3c(nnn3-c3ccc(F)cc3)c2=O)c1;CCc1nn2c(c1-c1cccc(Cl)c1)NC(=O)C2CC(=O)Nc1ccccc1;CCn1c(-c2cc(NC(=O)COc3ccc(Cl)cc3)n[nH]2)cc2ccccc21;Cn1c(CCCNC(=O)c2c[nH]c3ccc(Cl)cc3c2=O)nc2ccccc21;Cc1ccc(NC(=O)CC2C(=O)Nc3c(-c4cccc(Cl)c4)c(C)nn32)cc1
m_3d62dd,CC(C)Nc1cccc(C(=O)NCCCN2CCC(O)CC2)c1;CC(C)Nc1cccc(CNC(=O)N2CCCCC2CCO)c1;CC(C)Nc1cccc(CNC(=O)N2CCC(C(C)O)CC2)c1;CCCN(CC)C(=O)NC1CCCN(c2cccc(OC)c2)C1;Cc1cccnc1C(NCC(=O)N1CC(C)OC(C)C1)C(C)C;CC(C)Nc1cccc(CNC(=O)N(C)CC2CCOCC2)c1;COc1ccc(N2CCN(C(=O)NCCCC(C)C)CC2)cc1;COCCNC(=O)N1CCN(c2ccc(C(C)(C)C)cc2)CC1;C=CCn1c(C)c(N2CCOCC2)c(C)c1C(=O)NCC(C)C;Cc1ccc(CNC(=O)N2CCCC2C(C)(C)O)c(N(C)C)c1;Cc1ccc(CNC(=O)N2CCCC(C(C)O)C2)c(N(C)C)c1;CCOc1ccccc1N1CCN(C(=O)NCCC(C)C)CC1;CC(CNC(=O)OC(C)(C)C)Nc1ccccc1N1CCCC1;CC(C)C(C)(C)NC(=O)N1CCCC(OCc2cccnc2)C1;Cc1cncc(NC(C)CC2CCCN2C(=O)OC(C)(C)C)c1;CC(C)(C)C(O)CNC(=O)NC1CCCN(c2ccccc2)C1;Cc1cc(N(C)C)cc(C)c1NC(=O)N1CCCC1C(C)(C)O;CC(O)C1CCCN(C(=O)Nc2cccc(N(C)C(C)C)c2)C1;CCC(CC)NC(=O)CNc1ccccc1N1CCC(O)CC1;CCC(C)C1CCCCN1C(=O)NCc1noc2c1CCCC2;CC(C)(C)C(O)CNC(=O)Nc1ccccc1N1CCCCC1;CC(C)CCNC(=O)CCNc1ccccc1N1CCOCC1;COCCN(CCC1CCCCC1)C(=O)NCc1ccncc1;CC1CN(CCN(C)C(=O)c2ccccc2N(C)C)CC(C)O1;C=CCn1c(C)c(N2CCOCC2)c(C)c1C(=O)N(C)CCC
m_3db789,CS(=O)(=O)CCn1ccc(NC(=O)c2ccc3ccccc3c2)n1;CCCCS(=O)(=O)NCCn1c(=O)c(=O)[nH]c2cc(F)ccc21;COc1cc(F)ccc1NC(=O)Cn1c(=O)[nH]c2ccccc2c1=O;CCCn1c(CO)nnc1S(=O)(=O)Cc1ccc(OC)c(F)c1;[NH3+]Cc1ccc(-c2ccc(=O)n(Cc3ccc(Cl)cc3F)c2)cc1;CCN(Cc1cccc(F)c1)S(=O)(=O)c1ccc2ccccc2c1;CS(=O)(=O)Cc1cc(F)ccc1NC(=O)NNC(=O)C1CCC1;Cc1cc(NC(=O)COC(=O)c2cc3ccc(F)cc3nc2C)on1;CN1CCCc2c(-c3ccnc(Cl)n3)c(-c3ccc(F)cc3)nn21;CS(=O)(=O)C(=O)NCC(=O)N1CCN(c2cccc(F)c2)CC1;COCC(O)CN(C)S(=O)(=O)c1ccc(-n2cccn2)c(F)c1;Fc1ccccc1CNc1nncc(NCc2ccc(Cl)cc2)n1;Cc1ccc(NC(=O)c2cn(C)c3ccccc23)cc1S(N)(=O)=O;COc1cccc(NC(=O)Cn2c(=O)c(=O)[nH]c3cc(F)ccc32)c1;CN(C)S(=O)(=O)c1ccc(=O)n(Cc2cccc3cccnc23)c1;O=c1cccnn1CCCNS(=O)(=O)c1ccc2ccccc2c1;CS(=O)(=O)N1CCN(C(=O)c2ccc(F)cc2)CC(C(N)=O)C1;CS(=O)(=O)NCCNC(=O)C1CC(=O)N(c2ccc(F)cc2)C1;COC(=O)c1cccc(NC(=O)Cn2c(=O)[nH]c3cc(F)ccc32)c1;CCn1c(NC(=O)c2ccc(S(C)(=O)=O)cc2)nc2ccccc21;O=C(C1CCCO1)N1CCN(S(=O)(=O)c2cncc(F)c2)CC1;Fc1ccc(CCNc2cnnc(Nc3cccc(Cl)c3)n2)cc1;Cn1ccc2cccc(C(=O)NCc3ccc(S(N)(=O)=O)cc3)c21;CS(=O)(=O)N(CC(=O)NC1CCCNC1=O)c1cccc(F)c1;COC(=O)CCCNC(=S)NNC(=O)COc1cccc(F)c1
m_3dc915,CCC(Oc1cccc(OC)c1)C(=O)NCCC1CC[NH+](C)CC1;CCOc1ccc(CC(=O)NCC2CC[NH+](CCOC)CC2)cc1;COc1ccc(C(=O)NCC2CC[NH+](C)CC2)c(OCC(C)C)c1;COc1cccc(OCCCNC(=O)CC(C)C2CC[NH2+]CC2)c1;COCC[NH+]1CCC(CNC(=O)COc2ccc(C)c(C)c2)CC1;COc1cccc(CNC(=O)C(C)[NH+](C)CC2CCCCC2O)c1;CCCCNC(=O)C1CC[NH+](Cc2ccc(OC)cc2OC)CC1;CCC[NH+]1CCC(CNC(=O)c2ccccc2OCCOC)CC1;CCOCCCNC(=O)C1CC[NH+](Cc2cccc(OC)c2)CC1;COc1cccc(C[NH2+]C2(C)CCN(C(=O)OC(C)(C)C)CC2)c1;COc1ccc(OCCNC(=O)C2CC[NH+](CC(C)C)CC2)cc1;CCOc1cccc(CNC(=O)CCC(C)(C)[NH+]2CCOCC2)c1;CCN(CC)C(=O)C1CCC[NH+](Cc2ccc(OC)cc2OC)C1;CCOc1ccccc1C[NH+]1CCC(O)C(NC(=O)C(C)C)CC1;COc1cccc(OCCCNC(=O)CC2(C[NH3+])CCCCC2)c1;COC(C)C(=O)NCCCOc1cccc(C(C)[NH+]2CCCC2)c1;COc1ccc(OC)c(C(C)NC(=O)C[NH+]2CC(C)CC(C)C2)c1;CCC(O)C1CCCC[NH+]1CC(=O)NCCc1ccccc1OC;COc1ccc(OCCCNC(=O)CC(C)C2CC[NH2+]CC2)cc1;COc1cccc(C(C)(C)[NH+]2CCN(C(=O)OC(C)(C)C)CC2)c1;COc1ccc(N2CC[NH+](CC(O)COC3CCCC3)CC2)cc1;CCC[NH+]1CCC(NC(=O)CCCOc2ccc(OC)cc2)CC1;Cc1cccc(OCCCNC(=O)C[NH+]2CCCC(C)(CO)C2)c1;CCC(CC)C(CNC(=O)c1cccc(OC)c1)[NH+]1CCOCC1;CCOc1ccc(OCC(=O)NCC(C)(C)[NH+]2CCCCC2)cc1
m_3f6bab,COc1ccc(NC(=O)CN2C(=O)CN(C)C2=O)c([N+](=O)[O-])c1;CCOC(=O)C(=Cc1cc(OC)c(OC)c([N+](=O)[O-])c1)N=[N+]=[N-];CCNC(=O)NNC(=O)c1cc2cc([N+](=O)[O-])cc(OC)c2o1;CC[NH2+]CCNS(=O)(=O)c1cc(F)c(OC)c([N+](=O)[O-])c1;NC(=[NH+]OCC(=O)Nc1ccc([N+](=O)[O-])cc1)c1nonc1N;NC(=O)c1cc([N+](=O)[O-])cnc1NCc1ccc(C(F)F)cc1;CC(CC(=O)[O-])[NH2+]Cc1cc([N+](=O)[O-])cc2[nH]c(=O)c(=O)[nH]c12;Cc1c(C2(c3c(F)cccc3F)CC2)[nH]c(N[N+](=O)[O-])nc1=O;COCC[NH2+]CCNS(=O)(=O)c1cc([N+](=O)[O-])ccc1F;O=C(CN1C(=O)COc2ccc([N+](=O)[O-])nc21)N1CCOCC1;CC(C)N1C(=O)CC(Nc2ccc([N+](=O)[O-])cc2[N+](=O)[O-])C1=O;COc1ccc(C=C2NC(SCC(N)=O)=[NH+]C2=O)cc1OC;CCCc1nc(Cn2cc([N+](=O)[O-])cc(C(=O)OC)c2=O)no1;CC(O)C[NH2+]CCNS(=O)(=O)c1ccc([N+](=O)[O-])cc1F;CC1=NN(c2ccccc2)C(=O)C1=Cc1cc([N+](=O)[O-])ccc1[O-];COc1ccc(OCCN(CCC(=O)[O-])c2nncs2)cc1;O=C(CCn1cc([N+](=O)[O-])cn1)N1CCC(O)(C(F)(F)F)C1;COc1cccc(Nc2nc3ccc(-c4nccs4)cc3[nH]2)c1;COc1cccc(CNC(=O)CNc2ccc(F)cc2Cl)c1;O=C(NCC(=O)N1CCCC1)c1cc([N+](=O)[O-])cc([N+](=O)[O-])c1;COc1ccc(Nc2nc3ccc(-c4nccs4)cc3[nH]2)cc1;COc1ccc(-n2cnnc2SCc2cccc(C#N)c2)cc1;C=C1CCNc2cc3oc(-c4ccc(F)cc4)c(C(=O)[O-])c3cc21;Cc1ccc([N+](=O)[O-])cc1NC(=O)CSc1nnc(C)n1N;CNc1cc(Cl)nc(NCc2ccc(OC)cc2)c1[N+](=O)[O-]
m_3f8028,CCN(Cc1ccccc1)C(=O)Nc1cccnc1;CCN(C)c1ccc(C(=O)Nc2cccnc2)cc1;CN(Cc1ccccc1)C(=O)Nc1cccc(N)c1;Cc1cccc(NC(=O)N(C)Cc2ccncc2)c1;CN(C(=O)Nc1ccccc1)N(C)c1ccccc1;CN(C)C(=O)c1cccc(NCc2ccncc2)c1;Cc1cccc(NC(=O)c2cccc(N(C)C)n2)c1;Cc1ccc(NC(=O)c2cccc(N(C)C)n2)cc1;CN(C)c1ccc(N=Nc2cccc(CO)c2)cc1;CN(C)c1cccc(NC(=O)Cc2ccccn2)c1;CCN(Cc1ccccc1)C(=O)c1cccnc1N;Cc1cccc(NC(=O)c2ccnc(N(C)C)c2)c1;Cc1cnccc1C(=O)Nc1ccc(N(C)C)cc1;COc1ccc(N=Nc2ccc(N(C)C)cc2)cc1;CN(C)C(=O)c1ccc(NCc2ccccn2)cc1;CN(C)C(=O)c1ccc(N)cc1Nc1ccccc1;CN(C)C(=O)c1ccc(NCc2ccncc2)cc1;CN(C)c1cc(C(=O)NCc2ccccc2)ccn1;Cc1cc(C)c(C(=O)N(C)c2ccccn2)cc1N;COc1ccccc1N=Nc1ccc(N(C)C)cc1;Cc1ccnc(C(=O)Nc2ccc(N(C)C)cc2)c1;CCN(CC)C(=O)c1ccc(-c2ccccn2)nc1;Cc1cccc(NC(=O)N(C)c2ccc(N)cc2)c1;Cc1cc(C(=O)Nc2cccnc2)ccc1N(C)C;COc1ccc(N=Nc2ccccc2)c(N(C)C)c1
m_3ff7be,CCC(C)N(Cc1ccccc1)C(=O)Cc1cccc(C(F)(F)F)c1;Cn1cc(C2OCCC2CNC(=O)c2ccc(C(C)(F)F)cc2)cn1;CN(Cc1cccc(F)c1)C(=O)c1nn(-c2ccccc2)c2c1CCC2;CN(Cc1ccccc1)C(=O)c1nn(-c2ccc(F)cc2)c2c1CCC2;CC([NH2+]CCCc1cccc(C(F)(F)F)c1)c1[nH]nc2cccnc12;CC(OCC(F)(F)F)C(=O)N1CCCC(c2noc(C(C)C)n2)C1;Cc1cc2ccccc2nc1NC1CCN(Cc2ccc(F)cc2)C1=O;CCCC(CC)NC(=O)c1ccccc1-c1ccc(C(F)(F)F)cc1;CC(C)(C)OC(=O)NCC1CCC(c2nc(C(F)(F)F)no2)CC1;O=C(c1ccc(Cn2cccn2)cc1)N(Cc1cccc(F)c1)C1CC1;C[NH+]=C(NCC#Cc1cccc(C(F)(F)F)c1)NCCn1cccc1;CC(O)CCN(C)C(=O)c1nn(-c2ccc(F)c(F)c2)c2c1CCC2;FC(F)(F)c1cccc(C2NNC3C[NH2+]C(c4cccnc4)CC32)c1;CCn1c(SCCOc2ccc(F)cc2)nnc1C1CCCCC1;CCN(C(=O)Cc1ccccc1C)C(C)c1cccc(C(F)(F)F)c1;COCc1nn(C)cc1C(=O)N1CC(C)(C)OC(C)(C(F)(F)F)C1;O=C(c1ccc(Cn2cccn2)cc1)N(Cc1ccc(F)cc1)C1CC1;CC(C)(C)OC(=O)NC1CCCc2c1cnn2-c1ccc(F)cc1F;Cc1cc(C(=O)N2CCC(F)(F)C(COCc3ccccc3)C2)n[nH]1;Cc1cc(N2CCCC(C(=O)c3ccccn3)C2)nc2ccc(F)cc12;CC(C)C(=O)N1CCN(C(=O)C2CCCN2C(=O)C(F)(F)F)CC1;CC(C)n1cc(C2CN(C(=O)COCC(F)(F)F)CC2CO)cn1;O=C(c1ccc(Cn2cccn2)cc1)N1CCCC1c1ccc(F)cc1;Cc1cc(C)n(C2CCCN(C(=O)COc3ccc(F)cc3F)C2)n1;Cc1ccc(CN(C(=O)c2ccn(-c3ccccc3F)n2)C2CC2)cc1
m_402004,CN1N=C(c2nc(CC(=O)N(C)C3CCCCC3)no2)CCC1=O;Cc1noc(C2CCN(C(=O)NC3CCC(=O)NC34CCC4)C2)n1;C=C1C(COCCCC)C(O)CC1n1cnc2c(=O)nc(N)[nH]c21;Nc1ncnc2c1n(OCCC1CC1)c(=O)n2CC1CCOCC1;O=C(CN1CCCCC(O)C1=O)N1CCN(c2cccnn2)CC1;CC(C)(C)OC(=O)NC1CCN(c2ncnc3c2CC(=O)N3)CC1;CCOc1ccnc(N2CCN(C(=O)C3CCCC(=O)N3)CC2)n1;CCCn1c(=O)c2[nH]c(C3CCCC3)nc2n(CCC(N)=O)c1=O;Cn1ccc(N2CCCC(NC(=O)N3CC4CCC(C3)O4)C2=O)n1;Cc1nc(C2CCCN2C(=O)NC2CCC(=O)NC23CCC3)no1;CCOC(=O)N1c2nc(CC(=O)N3CCCC3)nc(N)c2CC1C;Cn1cc(N2CCC(NC(=O)NC3CC4OCCCC34)C2=O)cn1;Cn1cnnc1CC1(O)CCCN(CC(=O)NCc2ccco2)C1;O=C(CN1CCCCCC1=O)NC1CCN(c2ncc[nH]c2=O)C1;Cc1cc(N2CCC(NC(=O)C3CC(=O)NC(C)C3)C2=O)n(C)n1;O=C1N(C2CCOCC2)CCCC12CCN(c1ncccc1F)C2;CCC1CCCCC1NC(=O)Nc1ccc2c(c1F)CCNC2=O;O=C(NCc1cccnn1)N1CCCC(O)(C(=O)N2CCCC2)C1;CCCN1C(=O)NC(CC(=O)N2CCCn3nc(C)cc3C2)C1=O;CC(C)(O)CCN1CCCCC1c1nnc(-c2ccccc2F)o1;CCC1CCCCN1c1ncnc(Nc2cc(F)ccc2F)c1N;CCOC1CC(Nc2ccc3ncc([N+](=O)[O-])n3n2)C1(CC)CC;Cc1cc(NC2CCC(F)(F)CC2)nc(-n2cc3c(n2)CCC3)n1;O=[N+]([O-])c1c(C=C[NH+]2CCCC2)cccc1COC1CCCCO1;CC1CCCCC1(C)NC(=O)Nc1ccc2c(c1F)CCNC2=O
m_417c79,CC(=O)OCC1=CN([C@@H]2O[C@H](CO)[C@@H](O)[C@H](O)[C@H]2O)C2=CC=CC=C12;COC(=O)CC1=CN([C@@H]2O[C@H](CO)[C@@H](O)[C@H](O)[C@H]2O)C2=CC=CC=C12;CCCC=CSc1nc2c(N)ncnc2n1C1CC(O)C(CO)O1;CC(C)NC(=O)C1CC2CN(C(=O)Nc3ccc(Cl)cc3)CC1O2;Cn1nc(N)c2[nH]n(C3OC(CO)C(O)C3O)c3nc(=NN)nc1c23;COCC(O)CNC(=O)Cc1c(C)nn(-c2ccc(Cl)cc2)c1C;O=C(CCc1c[nH]c2ccccc12)OC1OC(CO)C(O)C(O)C1O;O=C(Nc1ccc(Cl)cc1)N1CCCC(C(=O)N2CCOCC2)C1;Nc1ncnc2c1nc(C#Cc1ccccc1)n2C1CC(O)C(CO)O1;COC1=CC(OC)=C2C(C)=C(CC(=O)NC[C@@H](O)CO)C(=O)OC2=C1;CSCC1CC(OC(=O)C(C)C)C(n2cnc3c(N)ncnc32)O1;O=C(NCC1CN(c2cccc(Cl)c2)C(=O)O1)NC1CCCCC1;COC1=CC2=CC=NC=C2C(O[C@@H]2O[C@H](CO)[C@@H](O)[C@H](O)[C@H]2O)=C1C;C=CCNC(=O)Cc1csc(NC(=O)N2CCN(C(C)=O)CC2)n1;CC(C)CC1NC(=O)N(CC(=O)NCCc2ccc(Cl)cc2)C1=O;O=C(Cc1ccc(-n2ccc(=O)[nH]c2=O)cc1)Nc1cc(C2CC2)[nH]n1;Cn1[nH]c(C[NH+]2CCCC(C(=O)Nc3ccc(Cl)cn3)C2)nc1=O;CCC(NC(=O)N1CCC2OCC(=O)NC2C1)c1cccc(Cl)c1;O=C(NCCN1Cc2cc(Cl)ccc2OCC1=O)NC1CCCC1;N=C(N)NCCCC(N)C(=O)N[C@@H](/C=C\CP(=O)(O)O)C(=O)O;Cc1c(Cl)cccc1NC(=O)CC(=O)NC1(C(N)=O)CCCCC1;CCOC(=O)c1ccc(NC(=O)Cn2nnc(-c3ccccc3)n2)cc1;CCOC(=O)c1ccc(NC(=O)Cn2nnnc2-c2ccccc2)cc1;O=C(Nc1cc(Cl)ccc1OCC1CCC1)NC1CCCNC1=O;NC(=O)c1ccc(OCC(=O)NCc2ccc(-n3cncn3)cc2)cc1
m_43683b,CCC1(NC(=O)c2cc(C)cc(C=CC(=O)[O-])c2)CCC1;Cc1cccc(C=CC(=O)N2CCCC(C)(C(=O)[O-])C2)c1;COC1(c2noc(-c3ccc(C#N)[nH]3)n2)CCC(C)CC1;CCC1(C(=O)[O-])CCN(C(=O)C=Cc2ccc(C)cc2)C1;Cc1ccc(C=CC(=O)N2CCC(C)(C(=O)[O-])CC2)cc1;CN(Cc1cccc(C=CC(=O)[O-])c1)C(=O)C1CC1(C)C;C=CCC(NC(=O)C=Cc1ccc(C(C)C)cc1)C(=O)[O-];CC1(C(=O)Nc2ccc(C=CC(=O)[O-])cc2)CCCCC1;CC(=O)Nc1ccc(NC(=O)CN2CC(C)(C#N)C2)cc1;CCC(C)NC(=O)C(C#N)=CNc1ccc(C(N)=O)cc1;O=C([O-])CC1(NC(=O)CCC=Cc2ccccc2)CCC1;Cc1cc(CNC(=O)c2cc(C3CC3)[nH]c(=O)c2)n(C)n1;COC1(c2noc(-c3cc(C#N)c[nH]3)n2)CCCCCC1;CC1CCCC(C)N1C(=O)c1cccc(C=CC(=O)[O-])c1;CC12CCC(C(=CN=Nc3ncccn3)C(=O)O1)C2(C)C;Cc1ccc(C(=O)NCC2CC2(C)C)cc1C=CC(=O)[O-];Cc1ccc(C=CC(=O)NC2(CC(=O)[O-])CCC2)c(C)c1;CC1CN(C(=O)C(C#N)=CNc2ccccn2)CC(C)O1;Cn1c(COc2cc(C#N)ccc2C(C)(C)C)n[nH]c1=O;CC(=O)N(C=C(C#N)C(=O)NC(C)C)c1cccc(N)c1;COc1cccc2c1CCC2(N)C(=O)Nc1ccn(C)n1;CC1(C)OCC2CC21NC(=O)c1cnn2ccc(N)cc12;CC(=O)OC(C=C(C)C1OCC(C)(C)CO1)OC(C)=O;Cc1cc(Oc2cccc3c2OC(C)(C)C3)nc(NN)n1;Cc1noc(C)c1Cc1noc(C2(C#N)CCCCC2)n1
m_436a8d,COCCNC(=O)c1nn(-c2ccccc2Cl)c2c1CCCC2;CC(O)CC1CCCN1C(=O)c1ccn(-c2ccccc2Cl)n1;Cc1cc(C(=O)N2CCCC2(C)CO)nn1-c1ccccc1Cl;CC(=O)NCC1CN(c2ccc(-n3ccc(N)n3)c(F)c2)C(=O)O1;COc1cc(Cl)ccc1C(=O)N1CCC(c2ccn(C)n2)CC1;CC1CCC(CO)CN1C(=O)c1ccn(-c2ccccc2Cl)n1;O=C(c1ccn(-c2ccccc2Cl)n1)N(CCCCO)C1CC1;CC1CCCN(C(=O)c2cc(-c3ccc(Cl)cc3)n[nH]2)C1CO;Cn1cc(C(=O)N2CCC(CCO)C2)c(-c2ccccc2Cl)n1;COc1cncc(N2CCN(c3ccc(F)cc3[N+](=O)[O-])CC2)n1;Cc1c(Cl)cccc1OCC(=O)N1CCCC(c2ccn[nH]2)C1;Cc1[nH]nc(C(=O)N2CCC(Oc3ccccc3Cl)CC2)c1C;CC(C)CCNC(=O)Cn1nc(-c2ccccc2Cl)ccc1=O;CC(C)(O)C1CCCN1C(=O)c1cc(-c2ccccc2Cl)n[nH]1;COc1ccc(Cl)cc1C(=O)N1CCCC(c2cc(C)[nH]n2)C1;COCCn1ccc(C(=O)N2CCCCc3c(Cl)cccc32)n1;Cc1nccn1CCCC(=O)NC1CCOc2c(Cl)cccc21;Cc1cc(CC(=O)N2CCC(Oc3ccccc3Cl)CC2)n[nH]1;Cc1cn(-c2ccccc2Cl)nc1C(=O)N1CCOCCC1C;COc1cc(Cl)ccc1C(=O)N1CCCC(c2cc(C)[nH]n2)C1;CC(O)C1CCN(C(=O)c2cn(C)nc2-c2ccccc2Cl)C1;Cc1nn(-c2ccc(C(=O)NCC3CCCO3)cc2)c(C)c1Cl;Cn1cc(C(=O)Nc2ccc(Cl)cc2O)c(C2CCCCC2)n1;COCC(NC(=O)c1cc(C)n(-c2ccc(Cl)cc2)n1)C1CC1;Cc1cc(C(=O)NC2CCCCC2O)nn1-c1cccc(Cl)c1
m_436c77,CCCCCCCCCCCCCCCCNCCP(=O)(O)O;C[NH+]=C(NCCCC(=O)NC1CC1)N(C)Cc1cn(C)nc1C(C)C;CCCCCCCCCCC=CCNC(Cc1cncn1C)C(=O)O;CCCC([NH2+]CC1CC[NH+](C(C)C)CC1)c1ccc(C(=O)NO)cc1;CCO[Si](C)(C)CCCNCC[NH2+]CCC[Si](C)(C)OCC;CCCCCCN[C@@H]1C[C@@H](O)[C@H](CO)[C@H]1CC1=CC=NC(C(C)C)=N1;CCNC(NCCC(=O)N1CCCCC1C)=[NH+]CCCn1cccn1;CC[NH2+]CCC(=O)NCCCOc1cccc(C(C)[NH+]2CCCC2)c1;CCC(C)NC(=O)CCNC(=[NH+]C)N1CCC(C)C(n2ccnc2)C1;CCCC(CC1CCCCC1)C(=O)N1CCC2(CC1)CNC(=O)N2C;CC(=O)NC[C@@H]1C=C(C)[C@H](CC(=O)N2CCN(C)CC2)C[C@H]1C(C)C;CCNC(=O)NC[C@@H]1C=C(C)[C@H](CC(=O)N2CCCC2)C[C@H]1C(C)C;CCCCCC1OC(C=CCCCCCCCCC(=O)[O-])=C(C)C1C;CC1CCCN(C(=O)CCCNC(=O)N2CCC3CCCCC3C2)C1;CC(C)(C)c1n[nH]c(CNC(=O)N2CCCCC2C2CCC[NH2+]C2)n1;CC(O)CN(Cc1ccccc1)NCCC(C)(C)C(=O)NC(C)(C)C;CCCCCCCCC=CCCCCCCCC(=O)C=C(C)C(=O)[O-];CCCCCCOc1ccccc1C(=O)N1CC[NH+](CCC[NH3+])CC1;CCCCC(C[NH3+])NC(=O)c1ccc(C[NH+]2CC(C)OC(C)C2)cc1;O=C(CCCNC(=O)N1CCC2CCCCC2C1)N1CCCCCC1;CCNC(=[NH+]CCCC(C)(C)C)N1CCN(c2cnn(C)c2)C(=O)C1;CC(C)CCNNC(Cc1ccccc1)C(O)CC(=O)NC(C)(C)C;Cc1ccc(C(C(=O)NCCCOC2CC[NH+](C)CC2)[NH+](C)C)cc1;C[NH+]=C(NCC(C)(C)CC(C)C)N1CCN(c2cnn(C)c2)C(=O)C1;CC1CC[NH+](C(C)CNC(=O)N2CCCC(Cn3ccnn3)C2)CC1
m_43e809,Cc1ccc(Cn2nccc2NC(=O)COc2ccc(F)cc2)cc1;COc1ccc(CNC(=O)CCn2cc(C)cn2)cc1OC(F)F;O=C(CC(O)c1cccc(F)c1)Nc1ccnn1Cc1ccccc1;Cc1nc(COc2cccc(C(=O)N3CCc4[nH]ncc4C3)c2)no1;Cc1ccccc1OCC(=O)Nc1cnn(Cc2ccc(F)cc2)c1;Cn1ccnc1C(NC(=O)Cc1ccc(O)cc1)c1ccc(F)cc1;CCOc1cn(-c2ccc(F)cc2)nc1C(=O)NCc1ccccc1;COc1cn(-c2ccccc2)nc1C(=O)NCc1ccc(C)c(F)c1;COc1ccc(C(=O)NCc2ccc(-n3ccnc3C)cc2)cc1F;Cc1cnn(-c2ccc(C(=O)NCC(O)c3ccc(F)cc3)cc2)c1;CN(Cc1nc(-c2ccc(F)c(F)c2)no1)C1(CO)CCOCC1;CCc1[nH]nc(NS(=O)(=O)c2cnn(C3CCOCC3)c2)c1C;COc1ccc2c(c1)CCN2C(=O)C1(S(C)(=O)=O)CC[NH2+]CC1;COc1ccc(F)cc1C(=O)NCCc1ccc(-n2cccn2)cc1;COc1cc2c(cc1OC)-c1[nH]nc(NCc3ccc(F)cc3)c1C2;Cc1ccc(C(=O)NCc2ccc(-n3ccnc3C)c(F)c2)c(O)c1;O=C(Nc1ccccc1N1CCOCC1)c1c[nH]c2ccc(F)cc12;Cc1cccc(OC(F)F)c1NCc1noc(C2CCOCC2)n1;COc1ccc(C(=O)NCCc2ccc(-n3cccn3)cc2)cc1F;CCOC(=O)c1cc(C(F)c2ccc(-n3cccn3)cc2)c(C)cn1;CCCn1c(SCC(=O)Nc2cc(C(C)(C)C)no2)n[nH]c1=O;COc1cccc2c1OCCCN(C(=O)c1nc3ncccn3n1)C2;CCOCCCNC(=O)CN(C)c1nn2c(=O)cc(C)nc2s1;CCOc1ccc(C(=O)Nc2cnn(Cc3ccc(F)cc3)c2)cc1;COc1cccc(CNC(=O)COc2ccc(-n3cnnn3)cc2)c1
m_444a56,Cc1nn(C2CCN(C(=O)N(C)C)CC2)c(N)c1[N+](=O)[O-];CCC(C)NC(=O)CCNc1nc(NC)ncc1[N+](=O)[O-];CCN(CC)C(=O)CCNc1nc(NN)ccc1[N+](=O)[O-];CC1CCCN(c2nc(N)c([N+](=O)[O-])c(NCCO)n2)C1;CCN(CC)C(=O)CCNc1nc(N)nc(C)c1[N+](=O)[O-];CC1CCN(c2nc(NCCO)nc(N)c2[N+](=O)[O-])CC1;Cc1nc(NN)nc(NCC2CCC(O)CC2)c1[N+](=O)[O-];CCOC1CC(Nc2nc(NN)ncc2[N+](=O)[O-])C1(C)C;CNc1ncnc(NCCC(=O)NCC(C)C)c1[N+](=O)[O-];COCCCNc1nc(N)c([N+](=O)[O-])c(N2CCCC2)n1;CCN(CC)C(=O)C(C)Nc1ncnc(NC)c1[N+](=O)[O-];CCNc1ccc([N+](=O)[O-])c(NCCNC(=O)N(C)C)n1;Cc1cccc(C2CN(Cc3ccccc3)CC2[N+](=O)[O-])c1;CCC(C)NC(=O)CCNc1cc([N+](=O)[O-])cc(NN)n1;Cc1nc(NN)nc(N(CCCO)C2CCC2)c1[N+](=O)[O-];CC(C)CNC(=O)C(C)Nc1cc([N+](=O)[O-])cc(NN)n1;CCNc1ncnc(NCC(=O)NCC(C)C)c1[N+](=O)[O-];Cc1nc(N)nc(NC(C)C(=O)NCC(C)C)c1[N+](=O)[O-];CCNC(=O)CN(CC)c1ncnc(NCC)c1[N+](=O)[O-];CCNc1nc(C)c([N+](=O)[O-])c(NCCCCC(N)=O)n1;O=C(C[NH+](CCO)C1CCCCC1)c1cc([N+](=O)[O-])c[nH]1;CCCNc1ncnc(NC(C)C(=O)NCC)c1[N+](=O)[O-];CC1CCC(CO)(Nc2nc(NN)ncc2[N+](=O)[O-])CC1;CCCNc1nc(C)c([N+](=O)[O-])c(NCCCC(N)=O)n1;CCNc1ncnc(NC(C)C(=O)N(C)CC)c1[N+](=O)[O-]
m_44cb82,CC(C)C(=O)NC(Cc1c[nH]c2ccccc12)C(=O)N1CCCCC1;CC(C)C(=O)N1CCN(C(=O)CCCC2=CNC3=CC=CC=C23)CC1;CC(C)NC(=O)C1CCCN(C(=O)CCc2c[nH]c3ccccc23)C1;CC(C)CC(=O)N1CCN(C(=O)CCc2c[nH]c3ccccc23)CC1;CC(C)CCNC(=O)CCC(=O)N1CCC2=C(C1)C1=CC=CC=C1N2;CC(C)C[C@@H]1N[C@H](C(=O)N2CCOCC2)CC2=CNC3=CC=CC1=C23;O=C(CCN1CCCCC1c1cc2ccccc2[nH]1)N1CCOCC1;CC(C)(C(=O)NCCc1c[nH]c2ccccc12)C(=O)N1CCCCC1;CC(C)(C)C(=O)N1CCCN(C(=O)Cc2c[nH]c3ccccc23)CC1;CCCCC(=O)N1CCCN(C(=O)Cc2c[nH]c3ccccc23)CC1;CCCCC(=O)N(Cc1nc(=O)c2ccccc2[nH]1)C1CCCCC1;CC(=O)NC(C(=O)N1CCC(c2c[nH]c3ccccc23)CC1)C(C)C;Cc1c(C(=O)N2CCOCC2)c(CC(C)C)nn1Cc1ccccc1;CCC1CCC(NC(=O)C(=O)NCCc2c[nH]c3ccccc23)CC1;Cc1ncc2n1CC(C(=O)NCc1cccc(OCC(C)C)c1)CC2;Cc1[nH]c2ccccc2c1C(=O)N1CCN(C(=O)CC(C)(C)C)CC1;COC1=CC=CC2=C1C=C(C(=O)NC[C@@H]1CCCN3CCCC[C@H]13)N2;CC(C)CCNC(=O)C1(C(=O)NCCc2c[nH]c3ccccc23)CC1;O=C(NC(Cc1ccccc1)C1CC1)N1CCN(C(=O)C2CC2)CC1;O=C(Cc1ccc2c(c1)CCCC2)N1CCC(N2CCNC2=O)CC1;O=C(NCCN1CCCOCC1)c1cc2ccccc2n1CC1CC1;O=C(C1CC(O)C[NH2+]1)N1CC[NH+](Cc2cccc3ccccc23)CC1;CCN(CC)C(=O)C1CCN(C(=O)Cc2c[nH]c3ccccc23)CC1;O=C(CCNC(=O)N1CCC2CCCC=C2C1)NCc1ccccc1;CCC(C)n1ncc(C(=O)NCC(O)Cc2ccccc2)c1C1CC1
m_451ad6,CCCCC1C(=O)N(C)CCN1C(=O)CCc1n[nH]c(C)n1;CCCCNc1nc2c(c(=O)[nH]c(=O)n2C)n1CCC(C)C;COc1ccc(OCCCC(=O)N2CCCCC2C[NH3+])cc1;CCCCCCCCn1c(NC)nc2c1c(=O)[nH]c(=O)n2C;COc1cc(CN2CCOC3C[NH2+]CC32)ccc1OC(C)C;O=C(c1nc(=O)[nH][nH]1)N1CCCN(CC2CCCCC2)CC1;COc1cc(C(=O)N2CCCCC2CC[NH3+])cc(OC)c1C;CCCc1n[nH]c(C2CN(CC(=O)N3CCCC3)CCO2)n1;CC(C)Cn1c(C2CCCO2)nnc1N1CCNC(=O)C1C;COc1cc(C)ccc1OCC(=O)N1CCCCC1C(C)[NH3+];CCCCOc1c(OC)cccc1C(=O)N1CCC([NH3+])CC1;COCCN1CCCN(C(=O)c2cnc(N(C)C)cn2)CC1;COc1nn(C)cc1NC(=O)NCC1CCCCN1C1CC1;O=C(Nc1nc2n(n1)CCCC2)N(CCO)C1CCCCC1;CCC(C)NC(=O)CN1CCN(c2cncc(OC)n2)CC1;CCCOc1ccc(OCC(=O)N2CCCCC2C[NH3+])cc1;Cn1cc(N2CCCC(NC(=O)NCC(O)C3CC3)C2)cn1;Nc1n[nH]c(CCC(=O)N2CCCC(CO)(CC3CC3)C2)n1;CC1(CNC(=O)NC2CCCn3ncnc32)CCCCC1O;COc1nccc(C(=O)NCC(C)(C)N2CCN(C)CC2)n1;C[NH2+]C1CCCN(C(=O)CCc2ccc(OC)c(OC)c2)C1;CCCCC(NC(N)=O)C(=O)N1CCCC(c2ccn[nH]2)C1;CCCOc1ccc(OC)c(C(=O)CCN2CC[NH2+]CC2)c1;Cc1nc(C)n(C2CCCN(CC(=O)N3CCOCC3)C2)n1;CCOc1ccc(OCCCC(=O)N2CCCC([NH3+])C2)cc1
m_45d613,O=C1Nc2ccc(F)cc2C1=C[NH+]1CCN(c2ccccn2)CC1;BCC1CN(c2cc(F)c(N3CCNOCC3)c(F)c2)C(=O)O1;CC(C)C(NC(=O)N1CCC(C(=O)[O-])C1)c1ccc(F)cc1F;Fc1ccc(-n2nc(-c3cccc(F)c3)c3c2NCCCC3)cc1;OCCN1CCN(c2ccnc3cc(C(F)(F)F)ccc23)CC1;C=C1[NH2+]C2(c3ccc(F)cc3F)COC(CO)CC2C(=O)N1C;CC1CC(C(=O)[O-])CN(C(=O)NC(C)c2ccc(F)cc2F)C1;Fc1cccc(F)c1-c1nc(N2CCCCC2)c2ccccc2n1;Cc1c[nH]nc1CN1CCOC(c2cccc(C(F)(F)F)c2)C1;O=c1cc(-c2ccc(F)cc2)nc2ccc(N3CC[NH2+]CC3)cn12;COc1ccc2c(N3CCCC(C)C3)nc(C(F)(F)F)nc2c1;Cc1c[nH]nc1CN1CCOC(c2ccccc2C(F)(F)F)C1;COc1ccc2c(N3CCCCCC3)nc(C(F)(F)F)nc2c1;Cc1oc(-c2cccc(F)c2F)nc1C[NH+]1CCC(O)C(O)C1;CCC(NC(=O)N1CCC(C(=O)[O-])CC1)c1ccc(F)cc1F;COc1ccnc(CNC(=O)N2CCC(C)(C(=O)O)CC2)c1F;FC(F)(F)C1CN(Cc2nccn2Cc2ccccc2)CCO1;COc1cccc(NCC(O)Cn2cnc3ccccc3c2=O)c1;COc1ccc(C2=CCN(C(=O)Cn3cccnc3=O)CC2)cc1;O=C1CSC(c2ccc(F)cc2)N1CCC[NH+]1CCOCC1;Cn1ccc(CN2CC(O)CC2c2ccc(C(F)(F)F)cc2)n1;CCOc1ccccc1N1CC(C(=O)Nc2ccncc2)CC1=O;CN(Cc1nc(=O)[nH][nH]1)CC1CC(F)CN1Cc1cccs1;CCOC(=O)N1CCN(C(=O)Nc2ccc(OC)c(F)c2)CC1;OC1CCC(NCc2c[nH]nc2-c2ccc(C(F)(F)F)cc2)C1
m_466863,COC(=O)c1cn(Cc2nc(-c3cccnc3)no2)cc2c(=O)[nH]nc1-2;COCc1nc2ncc3c(=O)n(-c4ccc([N+](=O)[O-])cc4)ccc3n2n1;CC(C)Cn1c(-c2ccco2)nc2sc3ccccc3c(=O)c2c1=O;COc1ccc(-c2csc(NC(=O)c3ccc4c(c3)CCO4)n2)cc1;CCC(C)n1c(-c2ccco2)nc2sc3ccccc3c(=O)c2c1=O;O=C(Cc1ccc2c(c1)OCCO2)Nc1nc(-c2ccccc2)cs1;O=[N+]([O-])c1cccc(Nc2nc3nc4cc5c(cc4n3[nH]2)OCCO5)c1;O=c1c(SCc2ccccc2)nccn1-c1ccc2c(c1)OCCO2;COc1ccc(-c2nc(-c3ccc4c(c3)N(C)C(=O)CO4)cs2)cc1;O=C1C(=Cc2ccc3c(c2)OCO3)NC(=S)N1CCc1ccccc1;O=C(C=Cc1ccc2c(c1)OCCCO2)Nc1nc2ccccc2s1;Cc1cccc(C(=O)Nc2nc(-c3ccc4c(c3)OCO4)cs2)c1C;CCCC(=O)N=c1sc2cc3c(cc2n1CCSC)OCCO3;Cc1cccc(-c2nc(CC(=O)Nc3ccc4c(c3)OCO4)cs2)c1;OCC1OC(c2nc(-c3ccc4c(c3)OCO4)no2)C(O)C(O)C1O;CC(C)c1nc2sc3ccccc3c(=O)c2c(=O)n1Cc1ccco1;COc1ccc(-c2csc(C)n2)cc1S(=O)(=O)N1CCCCC1;Cc1cc2ccccc2nc1SCC(=O)Nc1ccc2c(c1)OCO2;Cc1ccc(C(=O)Nc2nc(-c3ccc4c(c3)OCCO4)cs2)cc1;Cc1cc(NC(=O)NNC(=O)c2csc(N3CCOCC3)n2)no1;O=C(Cc1csc(-c2ccccc2)n1)NCc1ccc2c(c1)OCO2;O=C(NNc1ncnc(Oc2cccnc2)c1[N+](=O)[O-])c1ccccc1;Cc1nc(-c2cccc(NC(=O)c3cccc4c3OCCO4)c2)cs1;COc1cc([N+](=O)[O-])ccc1NC(=O)CCn1nc(C)c(Cl)c1C;CC(=O)c1cccc(NC(=O)C2(c3cc(-c4cccs4)on3)CC2)c1
m_4690d3,CCOc1ccccc1CNC1CCN(c2ccccn2)C1;COc1ccc(C(C)N(C)c2nc(C)nc3c2CCC3)cc1;COCCNC(=O)CC[NH2+]C(C)c1ccc(O)c(OC)c1;COCCC[NH2+]CC(=O)NCc1ccc(OC)c(OC)c1;COCCNC(=O)C[NH2+]CC(O)c1cc(C)ccc1OC;CCOC(=O)NCC(c1ccc(OC)c(OC)c1)[NH+](C)C;CCCn1c(C#N)cc(N)c1Oc1cc(C(C)C)ccc1C;CC(C)CCNC(=O)c1nn(C)c2c1CCc1ccccc1-2;CCOc1cccc(C[NH2+]CC(=O)NCCOC)c1OC;CCOc1cc(C[NH2+]CCOC)ccc1OC(C)C(N)=O;COCC[NH2+]CC(=O)Nc1cc(OC)ccc1OC(C)C;CCCNC(=O)C[NH2+]Cc1cc(OC)c(OC)c(OC)c1;CC(CCc1ccccc1)NC(=O)c1n[nH]c2c1CCCC2;Cc1cc(C(=O)N2CCC(C)(C)CC2)ccc1-n1cccn1;Cc1cc(NCC2CCOc3ccccc32)nc(C(C)C)n1;COc1cc(C(C)[NH2+]CC(=O)N(C)C)cc(OC)c1OC;Cc1cc(N)cnc1Oc1ccc(N(C)C)c2c1CCCC2;COCCNC(=O)C[NH2+]CC(O)COc1ccc(C)cc1;COc1ccccc1N1CCC(Nc2cc(C)ccn2)CC1;COCCNC(=O)CC[NH2+]Cc1cccc(OC)c1OC;CCC(C)NC(=O)c1ccc(-c2cc(C)ccc2C)nc1N;COCCNC(=O)COc1cc(CC(C)[NH3+])ccc1OC;COc1cc(C(C)[NH2+]C(C)CC(N)=O)cc(OC)c1OC;COc1ccc(C[NH+]2CCC(C)(C(N)=[NH+]O)CC2)c(F)c1;COCCN(C)CC[NH2+]CC(O)c1ccc2c(c1)OCO2
m_471696,Cc1onc(C(=O)NC2CC3CCC(C2)[NH+]3C)c1COc1ccccc1F;COc1ccccc1-c1noc(C(C)NC(=O)N2CCC(C(C)O)CC2)n1;CCOC(=O)c1cccnc1N1CC[NH+](Cc2cc(F)ccc2OC)CC1;CC(Oc1ccccc1F)C(=O)N1CC[NH+](Cc2cnoc2C2CC2)CC1;O=C(c1cc(C[NH+]2CCC(O)CC2)on1)N1CCC(c2ccccc2F)C1;O=C(C1CCC[NH+](Cc2cc(=O)c3cc(F)ccc3[nH]2)C1)N1CCOCC1;COc1ccc(F)cc1C[NH+]1CCN(CCc2ccc([N+](=O)[O-])cc2)CC1;COCc1cccnc1N1CC[NH+](CC2COc3ccc(F)cc3O2)CC1;CNC1=CC=C(C2=NOC([C@@H]3CCCN3CC3=CNC4=CC=CC=C34)=N2)C=N1;Cc1noc(C)c1C[NH+]1CCC2C(CCC(=O)N2CCc2cccs2)C1;Cc1noc(C)c1C[NH+]1CCN(C(=O)C(C)SCc2ccccc2)CC1;Cc1cc(C2CCC[NH+]2CC(=O)N2CCOC(c3ccc(F)cc3)C2)on1;COc1ncc(C(C)NC2CCN(CCc3ccncc3)CC2)cc1Cl;Cc1noc(C)c1C[NH+]1CCN(C(=O)c2ccc(SC(C)C)cc2)CC1;CC1CCC[NH+](Cc2csc(NC(=O)c3ccccc3OC(C)C)n2)C1;CCc1ccc(C[NH2+]C2CCN(c3ncccc3C(=O)OC(C)C)C2)s1;Cc1noc(C)c1C[NH+]1CCc2c(C(=O)NC3(C)CCCC3)csc2C1;CCOc1ccc(CNC(=O)N2CCCC(c3nc(C)no3)C2)cc1OC;CCc1ccc(C2C[NH2+]CCN2C(=O)CSCc2c(C)noc2C)cc1;Cc1nc(CC[NH+]2CCCC2)sc1C(=O)Nc1ccc(OC(C)C)cc1;CCCCN(C)S(=O)(=O)N1CC[NH+](Cc2ccc(OC)c(F)c2)CC1;Cc1ccccc1C1CCN(S(=O)(=O)c2cn3c([nH+]2)CCCC3C)CC1;Cc1ccc2nc(C3CCCN(c4ncccc4-c4nc(C)no4)C3)[nH]c2c1;Cc1ccc(S(=O)(=O)N2CCC(c3[nH+]cc4n3CCCC4)CC2)cc1C;CCCCN(C)S(=O)(=O)N1CC[NH+](CC(=O)Nc2cc(C)on2)CC1
m_47617a,Nc1c(NCC[NH+]2CCCCC2)ncnc1N1CCN(c2ccccn2)CC1;CCc1cc(N2CCC(NC(=O)N3CC4C5CCC(C5)C4(C)C3)CC2)ncn1;CCc1cc(N2CCCC(NC(=O)N3CC4CC5CC(C4)CC3C5)C2)ncn1;CC(C)c1ocnc1CN1CCN(c2nc(C(C)(C)C)nc3c2CCC3)CC1;Cc1nn(C(C)(C)C)cc1C(C)NC(=O)N1CCCC(Nc2ccccc2)C1;Cc1cc(C)cc(CC(C)NC(=O)N2CCCC(Cn3nc(C)nc3C)C2)c1;CN(CC12CC3CC(CC(C3)C1)C2)C(=O)NC1CCN(c2cccnn2)CC1;Cc1cc(N2CCCC(NC(=O)N(C)C(c3ccccc3)C(C)C)C2)n(C)n1;CN1CC[NH+](C2c3ccccc3C3(CC[NH+](Cc4ncc[nH]4)CC3)C2O)CC1;CCC(C)C(=O)N1CCC(C2CCCN(c3nc(C)cc(C#N)n3)CC2)CC1;OC1CCCCCCCNc2ncc(-c3ccccn3)c(n2)NCCCCC1;CN(C)c1ccc(C2CCCN2CC(=O)NC2C3CC4CC(C3)CC2C4)nn1;c1cncc(-c2noc(C3CCC[NH+](C4CCC5(CC[NH2+]CC5)CC4)C3)n2)c1;CCn1cnnc1C1CCCN(CC(=O)N(Cc2ccccc2)C(C)(C)C)C1;CCCCCCCCc1ccc(-c2noc(CC3CCCN3C(=N)N)n2)cc1;O=C(NCC1CCCC[NH+]1Cc1ccccc1)N1CCCC(c2[nH]cc[nH+]2)C1;Cc1cc2nc(C3CCCCN3C(=O)CCC3C(C)NNC3C)[nH]c2cc1C;Cc1nc2c(c(N3CC[NH+](CCC[NH+](C)C)CC3)n1)Cc1ccccc1OC2;CC(C)(C)C(Cn1ccnc1)NC(=O)Nc1ccccc1N1CCCCCC1;CCC1c2nnc(C)n2-c2cnc(N3CC[NH+](C)CC3)nc2N1C1CCCC1;CC(C)(C)c1cc(NC(=O)N2CCC(Nc3ccccc3)C2)n(C(C)(C)C)n1;CC1=NN(C)C2=NC(C(C)C)=CC(C(=O)NC[C@@H]3CCCN4CCCC[C@H]34)=C12;CCC1c2nncn2-c2c(C)nc(N3CC[NH+](C)CC3)nc2N1C1CCCC1;CC1=CC=C(CN2CCC3(CC2)N(CC2CC2)C(=O)[C@H]2CN(C)CCN23)C=N1;CC(C)n1nc(-c2ccccc2)cc1NC(=O)NC1CCN(C(C)(C)C)CC1
m_478c2e,COc1cccc(NC(=O)NCCn2cnc(C)cc2=O)c1OC;COc1ccc(NC(=O)NCCn2cnc(C)cc2=O)cc1OC;COc1ccc(CCCNC(=S)Nc2cc[nH+]cc2)cc1OC;COc1cc(NC(=O)CCNc2ncccn2)cc(OC)c1OC;CCOc1ccccc1NC(=O)CNC(=O)c1cn(C)nc1OC;CCc1cc(=O)n(CC(=O)Nc2ccc(OC)c(OC)c2)c(N)n1;COc1ccc(NC(=O)C(=O)NCCCn2ccnc2)cc1OC;COc1ccc(CCC(=O)Nc2c(C(N)=O)n[nH]c2C)cc1OC;COc1ccc2[nH]cc(NC(=O)N3CCC(O)C(C)C3)c(=O)c2n1;COc1cc(NC(=O)NCc2cnc(C)cn2)cc(OC)c1OC;NC(=O)NCCC[C@@H](NC(=O)CN1C=CC2=CC=CC=C21)C(=O)O;COCCNC(=O)c1ccnc(Nc2cc(OC)ccc2OC)n1;COCCNC(=O)c1ccnc(Nc2ccc(OC)cc2OC)n1;CC(=O)Nc1cccc(OCCNC(=O)NCc2cc(C)on2)c1;CCCOc1ccc(OC)cc1C(=O)Nc1cnc(OC)nc1N;COCCNC(=O)c1cnc(Nc2cc(OC)ccc2OC)cn1;Cc1cc(NC(=O)CNC(=O)Nc2ccccc2OC(C)C)no1;COCCNC(=O)c1cnc(Nc2ccc(OC)c(OC)c2)cn1;COc1ccc(N)c(NC(=O)CN2C(=O)NC3(CCCC3)C2=O)c1;COC(=O)COc1ccc(NC(=O)NCc2c(C)n[nH]c2C)cc1;COc1ccc(NC(=O)CNC(=O)c2cc(C)nn2C)cc1OC;COc1cc(CNC(=O)CN2C(=O)NC3(CCCC3)C2=O)ccn1;COc1ccc(C=NNc2nc(=O)c(CCO)c(C)[nH]2)cc1OC;CCN(CC)c1cccnc1CNC(=S)Nc1cccc(F)c1;COCCNc1cc(C(=O)Nc2ccc(OC)cc2OC)ncn1
m_47ae67,CCn1cc(CNC(=O)N2CCC(O)(Cc3ccccc3F)CC2)cn1;COCc1nn(C)cc1C(=O)N1CCCN(Cc2ccc(F)cc2)CC1;COc1c(C(=O)NC2CCN(Cc3ccc(F)cc3)CC2)c(C)nn1C;CC(C)(C)C1CN(C(=O)Nc2ccnn2Cc2ccc(F)cc2)CCO1;CC(C)C(=O)NCC1CCCN(Cc2nc(-c3ccc(F)cc3)no2)C1;COCCc1cc(NC(=O)N2CCCC2Cc2ccc(F)cc2)n(C)n1;COc1ccc(C[NH+](Cc2ccccc2F)CC2CCCO2)cc1OC;CN(Cc1cn[nH]c1-c1ccc(F)cc1)C(=O)NCCC1CCCOC1;C[NH+]=C(NCc1ccc(C)c(F)c1)NC1CCN(c2ncccc2F)C1;CN(CCCC1CCCO1)C(=O)NCc1cnn(-c2ccc(F)cc2)c1;Cc1nn(-c2ccc(F)cc2)c(C)c1CNC(=O)N(C)C1CCOCC1;O=c1n(CC[NH+]2CCN(c3ccc(F)cc3)CC2)c([O-])c2n1CCCC2;CN1C(=O)C2CCNN2C2CCC(C(=O)NCc3ccccc3F)CC21;COCCc1cc(NC(=O)N2CCCC2Cc2cccc(F)c2)n(C)n1;COCCOc1ccc(C[NH+]2CCC(O)(c3ccc(F)cc3)CC2)cc1;CCNC(NC1CCN(CC(F)(F)F)C1)=[NH+]Cc1cccnc1OC;CCc1nn(C)cc1CNC(=O)C(NC(=O)c1ccc(F)cc1)C(C)C;COc1cc(CCC(C)[NH+]2Cc3cccc(F)c3C2)ccc1OCCO;CCCc1c(COC)[nH]c(N2CCN(c3ccc(F)cc3)CC2)nc1=O;Cc1nc(COc2ccccc2C(=O)NCCCN2CC[NH2+]CC2)no1;C=CC(C)(O)C[NH+](Cc1ccc(F)cc1)Cc1ccc(OC)c(OC)c1;CCC(C)n1nc(NC(=O)N2CCOC(c3ccc(F)cc3)C2)cc1C;CNC(=O)C1CCC2C(C1)N(Cc1ccc(F)cc1)C(=O)C1CCNN12;Cc1ccc(C(=O)N2CCN(Cc3nc(CC(C)C)no3)CC2)cc1F;CC(C)(C)Cc1nnc(C2CCCN(C(=O)Nc3ccc(F)cc3)C2)o1
m_47e099,CS(=O)(=O)N1CCN(C(=O)N2CCOCC2)C[C@H]1C(=O)N[C@H]1CCCNC1=O;CCCCOc1ccc(NC(=O)N2CCN(S(=O)(=O)c3ccccc3)CC2)cc1;CCOc1ccccc1N1CCN(C(=O)c2ccc(S(=O)(=O)N(C)C)cc2)CC1;CC(C)[NH+]1CCN(CCC(=O)Nc2cc(S(=O)(=O)N(C)C)ccc2Cl)CC1;COc1ccc(CCC2CCN(C(=O)Nc3ccc(S(N)(=O)=O)cc3)CC2)cc1;CCOC(=O)C1CCCN(C(NCCN(C)S(=O)(=O)c2cccs2)=[NH+]C)C1;CS(=O)c1ccc2c(c1)C([NH+]1CCN(CCCO)CC1)Cc1ccccc1S2;COc1cccc(N2CCN(C(=O)c3cc(S(=O)(=O)N(C)C)ccc3C)CC2)c1;CCOc1ccccc1NC(C)C(=O)N1CCN(S(=O)(=O)c2ccccc2)CC1;CCCOc1ccc(S(=O)(=O)N2CCC(S(=O)(=O)CC(C)C)CC2)cc1C;COc1ccc(N2CCC(NC(=O)c3ccc(S(=O)(=O)N(C)C)cc3)CC2)cc1;COc1ccc(CN(C)S(=O)(=O)c2ccc(NC(=O)N3CCCCC3)cc2)cc1;CCNC(=O)c1cc(S(=O)(=O)N2CCN(c3ccccc3OC)CC2)ccc1C;COc1ccc(S(=O)(=O)N2CCCCC2)cc1C(=O)Nc1ccc(N(C)C)cc1;CCc1cccc(NC(=O)c2cc(S(=O)(=O)N(C)C)ccc2N2CCOCC2)c1;CCCNS(=O)(=O)c1ccc(OCC(=O)N2CCN(c3ccccc3)CC2)cc1;CCOc1ccccc1NC(=O)N1CCC(NS(=O)(=O)c2ccc(C)cc2)CC1;CN(C)S(=O)(=O)c1ccc(SCC(=O)NCC(C)(C)[NH+]2CCOCC2)nc1;Cc1ccc(S(=O)(=O)N2CCCC2C(=O)NCc2cccnc2OC(C)C)cc1;CCOc1ccc(S(=O)(=O)N(C)CC(=O)N2CCN(c3ccccc3)CC2)cc1;COc1ccccc1NCC(=O)N1CCN(S(=O)(=O)c2ccc(C)c(C)c2)CC1;COc1ccccc1N1CCN(C(=O)CN(C)S(=O)(=O)c2ccc(C)cc2)CC1;CCOc1ccc(NC(=O)CN(C)c2ccccc2)cc1S(=O)(=O)N1CCCC1;COc1ccc(S(=O)(=O)NC(C)C(=O)NCc2ccccc2N2CCCC2)cc1;COc1ccccc1NC(=O)CCN1CCN(S(=O)(=O)Cc2ccccc2)CC1
m_48bfe1,COCC1CN(Cc2ccccc2)[S+](=O)([O-])c2cccnc2O1;COc1ncccc1C(=O)NCCCS(=O)(=O)c1ccccc1;COc1ccc(N(CC(N)=O)S(=O)(=O)c2ccc(C)cc2)cc1;COc1ccc(S(=O)(=O)N(CC(N)=O)c2ccc(C)cc2)cc1;CCOc1ccc(S(=O)(=O)NC(C(N)=O)c2ccccc2)cc1;COc1ccc2ccc(S(=O)(=O)N(C)C3CCNC3=O)cc2c1;COc1cccc(CNC(=O)C(C)S(=O)(=O)c2ccccn2)c1;COc1cc(C)c(S(=O)(=O)N2CCc3cnccc32)cc1OC;Cc1ccc(S(=O)(=O)NCCC(=O)OCc2ccccn2)cc1;COc1ccc(C)cc1S(=O)(=O)N1CC(Oc2ccccn2)C1;COc1ccc(S(=O)(=O)NCCNC(=O)c2ccccc2)cc1;CNC(=O)COc1ccc(S(=O)(=O)Nc2cccc(C)c2)cc1;COc1ccc(C)cc1S(=O)(=O)N1CCOc2ncc(C)cc21;Cc1ccc(OCCNC(=O)c2ccc(S(N)(=O)=O)cc2)cc1;COC(=O)CCCc1ncccc1NS(=O)(=O)c1ccccc1;COc1ccc(S(=O)(=O)N2CCC(Oc3ccncc3)C2)cc1;COc1ccccc1N(CC(N)=O)S(=O)(=O)c1ccc(C)cc1;COc1ccc(NS(=O)(=O)c2ccc3c(c2)CCN3)c(OC)c1;COc1ccc(C)cc1S(=O)(=O)N1CC(Oc2cccnc2)C1;COc1cccc(CNC(=O)NS(=O)(=O)c2ccc(C)cc2)c1;COc1ccc(OC)c(S(=O)(=O)N2CCNc3ccccc32)c1;Cc1ccc(OS(=O)(=O)c2c[nH]c(C(=O)N3CCCC3)c2)cc1;CN(C)C(=O)COc1ccc(S(=O)(=O)N(C)CCO)cc1F;CCOC(=O)CN(Cc1ccccn1)S(=O)(=O)c1ccccc1;Cc1ccc(OC(=O)[N-]S(=O)(=O)c2ccc(CC[NH3+])cc2)cc1
m_4b55af,CCOc1ccc(NC(=O)CNc2cc(F)ccc2C)cc1;COc1ccc(C)cc1NC(=O)CCNc1ccc(F)cc1;CCCOc1ccc(NC(=O)CNc2ccccc2F)cc1;CCOc1ccc(C(=O)NCCc2ccc(F)cc2)cc1N;CCOc1ccc(CCC(=O)Nc2ccccc2F)cc1N;Oc1ccc(NCc2ccccc2N2CCOCC2)cc1F;COc1ccc(NC(=O)CCCCc2ccc(F)cc2)cn1;CCOc1cccc(NC(=O)NCCc2ccc(F)cc2)c1;CCOc1ccc(NC(=O)NCc2cc(F)ccc2C)cc1;CCCOc1cccc(NCC(=O)Nc2ccccc2F)c1;Cc1cc(Oc2ccc(NC(=O)CC(C)C)cn2)ccc1F;CCCOc1cc(C(=O)NCc2ccc(F)cc2)ccc1N;CC(C)Oc1ccccc1NC(=O)CNc1ccc(F)cc1;CCOc1ccccc1NC(=O)CNc1ccc(C)cc1F;CC(C)Oc1ccc(NC(=O)CNc2cccc(F)c2)cc1;CC(C)Oc1ccccc1NCC(=O)Nc1cccc(F)c1;CCOc1ccccc1NC(=O)CNc1ccc(F)cc1C;COc1ccc(CCN(C)C(=O)Nc2ccc(F)cc2)cc1;CCCOc1cc(C=NNc2ccc(F)cc2)ccc1OC;CCOc1cc(F)ccc1NC(=O)NCCc1ccccc1;CCOc1ccc(NC(=O)NCc2ccc(F)cc2)c(C)c1;CCN(C(=O)Nc1ccc(F)cc1)C(C)c1cccc(O)c1;COCC(=O)Nc1cccc(NCc2cc(F)ccc2C)c1;CCOc1cc(F)ccc1NC(=O)NCc1ccccc1C;CCOc1ccccc1NC(=O)C(C)Nc1ccc(F)cc1
m_4b86b5,CCc1nc2ccc(C(=O)Nc3ccc4c(c3)OCO4)cn2c1C;CCCS(=O)(=O)CC(=O)NCCn1c(C)nc2ccccc21;CCCc1nc2ccccn2c1C(=O)Nc1ccc2c(c1)OCO2;COc1ccc(C)cc1S(=O)(=O)NCCCn1ccnc1C;CCN(CCO)C(=O)CCc1nc2sc(C)c(C)c2c(=O)[nH]1;COc1ccc(OC)c2sc(NCCN3CCOCC3)nc12;CCCn1cnc2sc(C(=O)NCCCOC)c(C)c2c1=O;Cc1cccc2c1cnn2CCC(=O)Nc1ccc2c(c1)OCO2;CCN1C(=O)COc2ccc(NC(=O)NCCCSC)cc21;Cc1cc(C(=O)NCCCOCCO)c(C)n1-c1nccs1;CCCCS(=O)(=O)Nc1cnn(Cc2cccc(OC)c2)c1;COc1cccc(NC(=O)c2nn(-c3ccccc3)cc2OC)c1;CCCn1c(CO)nnc1S(=O)(=O)Cc1c(C)cccc1C;COC(=O)c1cccc(NC(=O)c2c(C)nc3c(C)cccn23)c1;Cc1ccc2oc(N3CCC(CNS(C)(=O)=O)CC3)nc2c1;C[NH+]1CCC(NC(=O)c2ccc(Cn3cc(Cl)cn3)o2)CC1;NC(=O)c1c(NC(=O)CN2CCOCC2)sc2c1CCCC2;Cc1cccc(C(C)C)c1NCc1nc(CS(C)(=O)=O)no1;CCCCS(=O)(=O)NCCc1nc(-c2ccc(C)cc2)no1;CCOc1ccc(C)cc1S(=O)(=O)N(C)Cc1cn[nH]c1C;COc1cccc(NC(=O)c2ccn(COc3ccccc3)n2)c1;Oc1cc2c(cc1CNc1cnn(Cc3ccccc3)c1)OCO2;CCCn1c(NC(=O)c2cccc3c2OCO3)nc2ccccc21;CCCS(=O)(=O)NC1CCN(c2nc3ccccc3o2)CC1;CCc1noc(-c2ccc(NC(=O)c3ccccc3OC)cc2)n1
m_4bb17c,CCCNC(=O)C1CCCN(c2nc3c(cnn3C)c(=O)[nH]2)C1;CC(C)(C)n1cc(C(=O)Nc2ccnn2CC2CCOC2)nn1;CC(C)(C)n1ncc2c(=O)[nH]c(N3CCCC(C(N)=O)C3)nc21;CCCC1CC(=O)N(CC(=O)Nc2cccc(C(C)=O)c2)C[NH2+]1;CC(C)(C)n1cc(C(=O)N2CCCCCC2c2ncon2)nn1;CCCCCC(C)NC(=O)Cn1nc(-n2cncn2)ccc1=O;C[NH+]1CCN(C(=O)COc2cccc(N3CCCC3=O)c2)CC1;CC(C)COCCCNC(=O)Nc1cccc(-n2cnnn2)c1;COCCn1ccc(C(=O)N2CCCC(c3n[nH]c(C)n3)C2)n1;CC(CC(=O)Nc1ccc2oc(=O)n(C)c2c1)C1CCC[NH2+]C1;CN(C)c1ncc(NC(=O)NCC2CC(=O)N(C3CC3)C2)cn1;COCCNC(=O)C1CCCN(c2ccc3nnc(C)n3n2)C1;CCc1c(C(=O)N2CCn3c(n[nH]c3=O)C2)cnn1CC(C)C;CCn1cc(C2OCCCC2CNC(=O)c2cnnn2C)cn1;Cc1nc(C2CCCN2C(=O)Nc2cnn(CC(C)C)c2)no1;CCc1nnc(CN(C)c2nccc(N3CCCC(O)C3)n2)o1;O=C(CCn1cnnc1)N1CCCC(c2ccn(CCO)n2)C1;C[NH+](C)Cc1c[nH+]c(C2CCN(C(=O)c3ccccc3F)C2)[nH]1;CCc1nc(C2CN(C(=O)CCCn3ccnc3)CCO2)n[nH]1;CN1CC(NC(=O)COc2cnn(C)c2)C(c2cncn2C)C1;Cn1ncc2c(=O)[nH]c(N3CCN(CC4CCCO4)CC3)nc21;COCCn1ccc(NC(=O)N2CCCCC2c2ncc[nH]2)n1;NC(=O)N1CCCC1C(=O)NC1CCCN(c2ncccn2)C1;Cc1nonc1C(=O)NCC1CCCN(C)C1c1cncn1C;CC(=O)N1CCN(c2nc3c(cnn3C(C)(C)C)c(=O)[nH]2)CC1
m_4bc064,O=C(COC1OC(CO)C(O)C(O)C1O)NCC(O)O;COc1ccc2oc(C(N)=O)c(OCc3ccccc3)c2c1;Cn1cc(OC2OC(CO)C(O)C2O)c2ccc(F)cc21;COC1=NC(N)=NC2=C1N=CN2[C@@H]1O[C@H](CO)[C@@H](O)[C@@H]1O;COc1cccc(NC(=O)CC2CCS(=O)(=O)CC2)c1;COc1ccc(OC)c(NC(=O)c2cc3ccccc3o2)c1;COc1ccc(OCC(=O)OCc2ccc(C#N)cc2)cc1;COc1ccc(COC(=O)COc2ccccc2C#N)cc1;COc1cc(C=CCNC(CCS)C(=O)O)ccc1O;COC(=O)C(CCSC)NC(=O)OCc1ccccc1;COc1ccc(NC(=O)C(C)S(=O)CCC(C)=O)cc1;CC(=O)OCc1ccc(OCc2ccc(N=C=O)cc2)cc1;COC(=O)c1ccc(OC)cc1OCc1ccc(C#N)cc1;COc1ccc(CNC(=O)COC(=O)CCSC)cc1;CCOC(=O)CSCC(=O)Nc1ccc(OCC)cc1;COC(=O)COc1cccc(NC(=O)CSC(C)C)c1;COc1ccc2c(c1)C(=O)C(O)(C(=O)Nc1ccccc1)C2;COc1cc(C#CC(=O)OCc2ccccc2)cnc1OC;COC1=NC(N)=C2N=CN([C@H]3O[C@H](CO)[C@@H](O)[C@@H]3O)C2=N1;COc1ccc2c(c1)C(=O)c1cc(NC(C)=O)ccc1CO2;COC1=CC2=C(C=C1O)C(C(=O)C1=CC=C(O)C=C1)=NCC2;COc1cc(C(=O)OCC#N)ccc1OCc1ccccc1;COc1ccc(NC(=O)CCC2CCS(=O)(=O)C2)cc1;COC1=CC=C2NC(=O)C(O)(CC(=O)C3=CC=CC=C3)C2=C1;COc1ccc(OC)c(NC(=O)NCCOCC(=O)[O-])c1
m_4fb975,Cc1nccn1CCC1CCN(C(=O)C(c2cccc(F)c2)[NH+](C)C)CC1;CCS(=O)(=O)N(C)C1CCN(CCC(=O)NCC2CCCCC2)CC1;CCN(C1CCN(CCC(=O)NCC2CCCCC2)CC1)S(C)(=O)=O;CC1CCN(CC2CCCN(C(=O)NCc3cccc4c3OCO4)C2)CC1;O=C(NCCCOc1cccnc1)C1CCC(=O)N(CC2CCCCC2)C1;COc1ccc2c(c1)CCCC2CNC(=O)N(C)CC1CCN(C(C)=O)C1;CC1CCN(CCNC(=O)N2CCCC2c2cccc3c2OCCO3)CC1;O=C(NCc1cccc2c1OCO2)N1CCCC(CN2CCCCCC2)C1;COc1ccc(CN2CCN(C(=O)C3CCCN3C(=O)C(C)C)CC2)cc1;COc1ccc(CNC(=O)NC2CCN(C(=O)C3CCCCC3)CC2)cc1;COc1cccc(NC(=O)N2CCCC(C(=O)NC3CCCCC3C)C2)c1;CCCC[NH+](C)CC1CCN(c2nccc(Oc3ccc(F)cc3)n2)CC1;CC1CN(Cc2cccc(CNC(=O)CN3CCCCCC3=O)c2)CCO1;CCOc1ccc2nc(C(=O)N3CCC(CC(O)(CC)CC)CC3)[nH]c2c1;CCC1CCCCN1C(=O)N1CCCC(NC(=O)COc2ccccc2)C1;CC(C)(C)CC1CCN(C(=O)NCC2CCN(S(C)(=O)=O)C2)C1(C)C;CCCCC1CCC(C(=O)NC2CCN(S(=O)(=O)N(C)C)CC2)CC1;COc1ccc(C[NH+]=C(NCc2nnc(C)n2C)NCC2CCOC2)cc1;CC(C)C[NH+]1CCCn2nc(CNC(=O)CCc3ccc(F)cc3)cc2C1;CCOCC1CCCN(C(=O)NCCc2c[nH]c3cccc(OCC)c23)C1;COCCCc1ccnc2[nH]c(C3CCCN(C(=O)OC(C)(C)C)C3)cc12;COCCN1CCC(NC(=O)C2CCCN(C(=O)c3ccccc3)C2)CC1;CC(C)C[NH+]1CCC(CNC(=O)c2cc(-c3ccc(F)cc3)n(C)n2)CC1;Cn1cc(C[NH+](C)CC(=O)N(Cc2ccc(F)cc2)C2CCCCC2)cn1;COc1ccc(CCC2CCN(C(=O)CN3CCN(C)C(=O)C3)CC2)cc1
m_517c87,CCOC(C)(C)[C@@H](O)CC1=C(OC)C(OC)=CC2=C1OC(=O)C=C2;O=C(NCc1cnn2ccccc12)NCC1Cc2ccccc2CO1;COC1=CC=C2N=C([C@H]3CCN(C(=O)NC4=CC=CC=C4)C3)NC2=C1;COC1=CC=C2C=CC(=O)OC2=C1C[C@H](O)C(C)(C)OC(C)(C)O;COc1ccccc1C1(NC(=O)c2cnn3cccnc23)CCCC1;COc1ccccc1-c1ccc2c(NC(=O)N3CCCC3)n[nH]c2c1;Cc1cccc(NC(=O)CCNC(=O)c2cccc3c2ccn3C)n1;CCOC(C)(C)C(O)CC1=C(OC)C=C2OC(=O)C=CC2=C1OC;COc1ccc(-c2ccc3c(NC(=O)N4CCCC4)n[nH]c3c2)cc1;Cn1ccc(C(=O)N2CCCC2c2nc3ccccc3n2C)cc1=O;Cn1cc(C(=O)N2CCCC(c3ccnc(=O)[nH]3)C2)c2ccccc21;Cc1ccc(NC(=O)c2ccc3c(c2)[nH]c(=O)n3C2CCCC2)nc1;CCCc1cc(=O)n2nc(NCC3(C)CCCCC3O)sc2n1;O=C(NC1CCCN(C(=O)Nc2ccc(F)cn2)C1)C1CCCO1;COC1CC[NH+](CC(=O)NC(=O)Nc2ccc3c(c2)OCO3)CC1;CCOC(C)(C)[C@H](O)CC1=C(OC)C=C(OC)C2=C1OC(=O)C=C2;CN1CCOC(C(=O)Nc2cccc(-c3nc4ccccc4[nH]3)c2)C1;Cc1cccc(NC(=O)N2CCC(Oc3cccc(C#N)c3)CC2)n1;COc1ncccc1C(=O)Nc1nc2ccccc2n1C1CCCC1;Cc1ccccc1C(=O)NC1CCCN(c2nc3ncccc3o2)C1;CCO[C@H](CC1=C(OC)C=C(OC)C2=C1OC(=O)C=C2)C(C)(C)O;COc1ccc(CNC(=O)Cn2nc(C)nc2-c2ccccc2)cc1;C=CCSc1nc2c(c(=O)[nH]c(=O)n2C)n1CCCCCCC;O=C(NC1(c2ccccc2)CCCCC1)c1cccn2c(=O)[nH]nc12;Cn1cc(-c2cc(C(=O)NCC3CCCO3)c3ccccc3n2)cn1
m_53dfe2,O=C(Cc1ccccc1)N1CCC(c2ccc(=O)[nH]c2)C1;O=C(C=Cc1cccnc1)N(CCO)Cc1ccccc1;CSCC(C)(O)CNC(=O)NCCc1ccccc1;COc1ccc(CCN2C(=O)NCc3ccccc32)cc1;CN(CCc1cccc(O)c1)C(=O)C=Cc1cccnc1;COC(=O)c1sc(NC2CCCCCCC2)nc1C;CSC1(CN2CC(=O)NC3(CCCC3)C2=O)CCC1;O=C(CCC(=O)c1cccnc1)NCCc1ccccc1;COCC1CCCN(CC(=O)NCc2cccs2)C1;CC(=CC(=O)NCCc1ccc(O)cc1)c1cccnc1;O=C(c1cccnc1)N1CCC(OCc2ccccc2)C1;O=C(C=Cc1cccnc1)NCC(O)Cc1ccccc1;O=C(CCc1ccccc1)N1CC(Oc2cccnc2)C1;O=C1CN(CC2CCSCC2)C(=O)C2(CCCC2)N1;CCN(CCO)C(=O)c1sc(C2CCCC2)nc1C;CCN(CCO)C(=O)Nc1ccc(CCSC)cc1;O=C(NCc1cccnc1)c1ccc2c(c1O)CCCC2;O=C1NCCN1Cc1ccc(OCc2ccccc2)cc1;O=C(c1ccccc1)N1CCC(O)(c2cccnc2)CC1;O=C(NCCc1cccs1)N1CCCC1CCCO;CCS(=O)(=O)NCCc1ccc(N2CCCC2)cc1;O=C1CN(CC2CCCCS2)C(=O)C2(CCCC2)N1;Cc1ccc(N(C)S(=O)(=O)CCN2CCCC2)cc1;COc1ccc(N)c2c1C(=O)N(CCc1ccccc1)C2;O=S(=O)(NCC1CCCCCCC1)c1cccnc1
m_55fde0,CS(=O)(=O)CCCc1nc(-c2ccc(N3CCCCC3)cc2)no1;CCS(=O)(=O)c1nc2ccccc2n1CC(=O)N1CCCCCC1;Cc1cc(S(=O)(=O)NC2CCN(Cc3ccncc3)CC2)c(C)o1;CN(CC(=O)N1CCCCC1c1cc2ccccc2[nH]1)S(C)(=O)=O;CSC1=[N+](Cc2ccc(Cl)cc2)C(C)(C)CC(N2CCCC2)=C1;Cc1nc(C2CCCCCN2S(=O)(=O)Cc2ccccc2C)no1;O=C1Nc2cc(S(=O)(=O)N3CCCCC3)ccc2N2CCCCC12;Cc1[nH]c2ccccc2c1C(=O)NCCS(=O)(=O)N1CCCCC1;CCCCNC(=O)C1CCCN(C2=NS(=O)(=O)c3ccccc32)C1;CN(C)c1ncc(C[NH2+]C2CC(=O)N(Cc3ccc(F)cc3)C2)s1;Cc1ccc(S(=O)(=O)N=C2N(C)CC(=O)N2C2CCCCC2)cc1;O=C(NCC1CCCCS1(=O)=O)N1CCC=C(c2ccncc2)C1;CCC1CCCCN1C(=O)Cn1c(S(C)(=O)=O)nc2ccccc21;CS(=O)(=O)CCN1CCC(NC(=O)c2cc3ccccc3[nH]2)CC1;COCCNC(=O)C1CCCN(c2nc3ccc(OC)cc3s2)C1;O=S(=O)(N1CCOCC1)N1CCCCC1c1cc2ccccc2[nH]1;Cn1ccnc1C(O)C1CCCN(c2ccc(S(C)(=O)=O)cc2)C1;CCCc1noc(C2CCCCN2S(=O)(=O)Cc2ccccc2)n1;O=S(=O)(NC1CCCC1)C1CCCN(c2nccc3occc23)C1;CS(=O)(=O)CCN1CCC(NC(=O)c2ccc3cc[nH]c3c2)CC1;CC(C)(C(=O)C1CCCCC1)S(=O)(=O)c1ccc2nc(N)[nH]c2c1;COc1ccc(C)cc1S(=O)(=O)N1CCCCC1c1cc(C)n[nH]1;O=S1CCN(c2nc(N3CC[NH2+]CC3)cc3c(F)cccc23)CC1;CC(C)CC(N=C1NS(=O)(=O)c2ccccc21)C(=O)N1CCCC1;Nc1nc(NCc2ccncc2)nc2c1ncn2Cc1ccc(F)cc1
m_5667e2,CC(O)C1CCCN(C(=O)Nc2ccc(COC3CCCC3)cc2)C1;CC(C)(CNC(=O)N1CCCC(C2(C)OCCO2)C1)c1ccccc1;CC(CNC(=O)N1CCOC2(CCCC2)C1)COCc1ccccc1;CCCC(NC(=O)Cc1ccccc1)C(=O)N1CCCC(OC)CC1;CCCCC(=O)NC1CCCN(C(=O)COc2cccc(CC)c2)C1;COC1(C(=O)Nc2ccc(CN3CCCC(C)C3)cc2)CCOCC1;CCC(C)(CCO)NC(=O)C1CCCN(C(=O)Cc2ccccc2)C1;CCOC1CCOC2(CCN(C(=O)Nc3cccc(CC)c3)CC2)C1;COc1cccc(CC(=O)N2CCCC(CNC(=O)C(C)(C)C)C2)c1;COC(C)c1cccc(NC(=O)C2CCCN(C(=O)C(C)(C)C)C2)c1;CCc1cccc(OCC(=O)N2CCC(NC(=O)CC(C)C)CC2)c1;CC(C)Oc1ccccc1NC(=O)C1CCCN(C(=O)C(C)(C)C)C1;CC(C)(C)C1CCN(C(=O)Nc2ccccc2OC2CCOC2)CC1;Cc1cccc(C)c1OCCNC(=O)C1CCCN(C(=O)C(C)C)C1;CC(C)(C)c1ccc(OCCCC(=O)N2CCCC(C(N)=O)C2)cc1;CC(C)CCCCCCOC1=CC=C(C2(C)N=C(O)N(C)C2=O)C=C1;CC(C)(C)OC(=O)NC(Cc1ccccc1)C(=O)N1CCCCCC1;O=C(C1CCCCN1Cc1ccccc1)N1CCCC(OCCO)C1;CCOC(C)C(=O)NC1CCN(C(=O)C(CC)c2ccccc2)CC1;CCOc1cccc(CCNC(=O)N2CCC(C3CCCO3)CC2)c1;COCCCNC(=O)C1CCN(C(=O)CC(C)c2ccccc2)CC1;CC(C)(C)C(=O)N1CCCC(C(=O)NCCc2ccc(CO)cc2)C1;CCCCC(=O)NC1CCCN(C(=O)CCCOc2ccccc2)C1;CC(C)(C)C(=O)N1CCC(C(=O)NCCC(O)c2ccccc2)CC1;CC(C)(C)CC(=O)NCC1(NC(=O)OCc2ccccc2)CCCC1
m_568a04,Cc1nn2c(S(=O)(=O)Nc3ccc(C)c(F)c3)c(C(C)C)nc2s1;O=S(=O)(NCc1ccccc1N1CCCC1)c1ccc(F)c(Cl)c1;Cc1nn(CC(=O)Nc2nc3ccc(F)cc3s2)c(=O)c2ccccc12;O=S(=O)(NCc1nccc(N2CCOCC2)n1)c1ccc(Cl)cc1;Cc1nc2ccc(F)cc2c(=O)n1CC(=O)Nc1nc2ccccc2s1;COc1ccc(-c2[nH]ncc2C(=O)Nc2nc3ccc(F)cc3s2)cc1;Cc1noc(-c2c(C)[nH]c(C)c2S(=O)(=O)Nc2ccc(F)c(F)c2)n1;O=S(=O)(c1ccc(Cl)cc1)N1CCCC(Nc2ccc(F)cc2)C1;CN1C(=O)NCC12CCN(S(=O)(=O)c1ccc(Cl)cc1C#N)CC2;Cc1cc(S(=O)(=O)N2CCN(c3ccc(F)cc3)CC2)ccc1Cl;Cc1nnc(-c2c(C)[nH]c(C)c2S(=O)(=O)Nc2ccc(F)c(F)c2)o1;Cc1cc(S(=O)(=O)NC2CCCc3cc(N)ccc32)c(Cl)cc1F;CC1(C)NC(=O)N(CC(=O)OCc2cc(Cl)c3c(c2)OCCO3)C1=O;O=S(=O)(Nc1cc(F)ccc1N1CCCCC1)c1ccccc1Cl;O=S(=O)(c1ccc(F)cc1)N1CCC(Nc2ccccc2Cl)CC1;CN1C(=O)NCC12CCN(S(=O)(=O)c1ccc(C#N)c(Cl)c1)CC2;Cc1ccc(NS(=O)(=O)c2c(C(C)C)nc3sc(C)nn23)c(F)c1;CCn1nc(C(=O)Nc2nc3ccc(F)cc3s2)c2ccccc2c1=O;CS(=O)(=O)c1ccccc1NC1CCN(c2ccc(F)c(Cl)c2)C1;COc1ccc(Cl)cc1S(=O)(=O)Nc1cnc(N2CCCC2)nc1;O=S1(=O)CCC2(CCCN(c3ccnc4cc(F)c(Cl)cc34)C2)C1;O=c1[nH]ncc(NCc2ccc(S(=O)(=O)N3CCCC3)cc2)c1Cl;CCCNC(=O)NS(=O)(=O)c1ccc(Nc2cccc(Cl)c2)nc1;COc1ccc2nc(NC(=O)c3cncn3-c3ccc(F)cc3)sc2c1;O=C(Nc1nc2ccc(F)cc2s1)C1=NN(c2ccccc2)C(=O)CC1
m_56bcbe,Clc1cnc2nc(N3CCC(c4ncc[nH]4)CC3)ccc2c1;O=C(c1cc(Cl)ccc1F)N1CCC([NH+]2CCOCC2)C1;Cc1cc(Cl)ccc1-n1ncc2c(N3CCCC3)ncnc21;CCOc1c(Cl)cc(C(=O)N2CCOC(C)C2)cc1OC;COc1ccc(Cl)cc1C(=O)N1CC(CO)OC(C)(C)C1;N#Cc1cccc(Cl)c1NC1CCN(c2ncccn2)CC1;O=C(COc1ccc(F)cc1Cl)N1CCC2CCC(C1)[NH2+]2;CCc1ccc(C2(O)c3ccc(Cl)cc3C3=[NH+]CCN32)cc1;Clc1ccccc1-n1ncc2c(N3CCCCC3)ncnc21;O=C(COc1ccc(F)c(Cl)c1)N1C2CC[NH2+]CC1CC2;COc1ccc(CCC(=O)N2CCOC(CO)C2)cc1Cl;COc1cc(C(=O)N2CCC(O)C(C)C2)cc(Cl)c1OC;C[NH+]1CCCN2C(=O)c3ccccc3C21c1ccc(Cl)cc1;O=C(c1ccccc1F)N1CCC(c2ccc3c(c2)OCO3)C1;COc1cc(C(=O)N2CCC(CO)CC2)cc(Cl)c1OC;[NH3+]C1CCC2CN(C(=O)COc3ccc(F)c(Cl)c3)CC12;O=C(c1cccc(F)c1)N1CCC(c2ccc3c(c2)OCO3)C1;Clc1ccc(N2CCN(c3ncnc4[nH]ccc34)CC2)cc1;Cc1ccc(Cl)c(OCC(=O)N2CC(C)OC(CO)C2)c1;N#Cc1ccc(N2CCC(Nc3ccc(Cl)cn3)CC2)nc1;COc1ccc(Cl)cc1C1[NH2+]CCc2c1[nH]c1ccccc21;C[NH+](C)CN1C(=O)C(=Cc2ccccc2)c2ccc(Cl)cc21;CCOCC1CN(Cc2cc(C(=O)O)ccc2Cl)CCO1;CNc1c(Cl)ncnc1N1CCc2c([nH]c3ccccc23)C1;C[NH+]1CCOC2CN(C(=O)c3ccc(F)c(Cl)c3)CC2C1
m_572a36,CCc1ccc(NC(=O)CO[NH+]=C(N)Cc2nc3ccccc3s2)cc1;COc1ccc(NC(=O)CNC(=O)C2CCCCC2)cc1S(N)(=O)=O;COc1ccc(C(=O)NCCS(=O)(=O)N2CCC(C(N)=O)CC2)cc1;COc1cccc(OCC(=O)NCCn2nc(-c3ccco3)ccc2=O)c1;COc1ccc(CSc2nnc(NN=C(C)c3ccncc3)n2N)cc1;C[NH+]=C(NCc1ccsc1)NCc1cccc(NC(=O)c2ccco2)c1;COc1cc(OC)cc(C(=O)NCCn2nc(-c3ccco3)ccc2=O)c1;COc1ccc(NC(=O)CCn2c(=O)[nH]c3ccccc3c2=O)cc1OC;NC(Nc1cccc2c1CCCC2)=[NH+]CCc1nc(C(F)(F)F)cs1;CC(C)c1ccc(NC(=O)c2nnn(Cc3cccc(Cl)c3)c2N)cc1;Cc1noc(C)c1S(=O)(=O)NC(CC(C)C)C(=O)NCc1ccco1;COc1ccc(-c2noc(CNC(=O)COc3ccccc3)n2)cc1OC;COc1cccc(-c2noc(C(=O)NCc3ccc(OC)c(OC)c3)n2)c1;CN1CCOC(C(=O)Nc2cc(S(=O)(=O)N3CCCC3)ccc2O)C1;Cc1ccc(NC(=O)NCC2COCCO2)cc1N1CCCS1(=O)=O;COc1cccc(NC(=O)C(=O)NCC2CCN(S(C)(=O)=O)CC2)c1;COc1ccc(N2CCOCC2)cc1NC(=O)c1cc(-c2ccco2)on1;Cc1cccc(Cn2nccc2NC(=O)CSc2nc(N)cc(N)n2)c1;Cc1nn(-c2ncc(NC(=O)CCc3cccc(Cl)c3)cn2)c(C)c1C;COCC[NH2+]Cc1ccc(C(=O)Nc2cnc(-c3ccncc3)s2)cc1;CC(=O)NCCNC(=O)c1ccc(S(=O)(=O)NCC2CCCO2)cc1;COC1=CC=CC(NC(=O)CN2N=CC3=CC=C(OC)C(OC)=C3C2=O)=C1;COc1ccc(C(=O)NCc2nc(-c3cc(OC)cc(OC)c3)no2)cc1;COc1cc(CNC(=O)c2cc(-c3cccnc3)on2)cc(OC)c1OC;CC(C)NC(=O)CNC(=O)c1ccc(S(=O)(=O)N2CCOCC2)cc1
m_57bec0,COc1cccc(-c2nnc(NC(=O)c3ccc(N(C)C)cc3)o2)c1;CN(C)C(=O)CN1C(=O)C(=Cc2ccncc2)Oc2ccc(N)cc21;CC1=C(C)CN(C(=O)Nc2ccc(S(=O)(=O)N(C)C)cn2)CC1;C=CCOc1ccc(C2Nc3nonc3NC3=C2C(=O)CCC3)cc1;CN(C)c1ccc2[nH]c(=O)c(C(=O)Nc3ccccn3)c(CO)c2c1;COC(=O)c1nc2n(n1)C(c1ccccc1C)C1C(=O)CCC=C1N2;COc1ccccc1-c1nnc(C(=O)Nc2ccc(N(C)C)cc2)o1;COc1cccc(-c2nnc(C(=O)Nc3ccc(N(C)C)cc3)o2)c1;COc1cc[nH]c2ncc(C(=O)C(=O)N3CCC(=CC#N)CC3C)c1-2;Cn1c2c(c(=O)n(C)c1=O)C(c1ccccn1)C1=C(CCCC1=O)N2;COCc1cn(C2=NCC(=O)N3CCc4c(O)cccc4C3=C2)cn1;COc1ccc(-c2nc(C=[N+]([O-])c3ccc(N(C)C)cc3)no2)cc1;CN(C)c1ccc(NC(=O)CCN2C(=O)c3cccnc3C2=O)cc1;CC1(C)CC(=O)C2=C(C1)C(c1cccnc1)c1c([nH]c(=O)[nH]c1=O)N2;NNC(=O)CCN1C(=O)C(=Cc2ccccc2)Oc2ccc(N)cc21;COc1ccc(CCC(=O)OCc2nnnn2-c2ccccc2)cc1;COC1CC=C2NN(c3cncnc3)C(=O)CC2(c2ccccc2)O1;CN(C)c1cccc(C(=O)NNC(=O)COc2ccc(C#N)cc2)c1;Cc1ccc(NC(=O)Cn2c(=O)c(C#N)c3n(c2=O)CCC3)cc1C;CC(=O)O[C@@H]1C(=O)C(C)=CC[C@]12[C@H]1[C@H](C)COC(=O)[C@H]1O[C@@]2(C)O;CN(C(=O)c1ccc2c(c1)CCCC2)c1ccc(OCC(=O)[O-])cc1;O=C(NCC1CCCO1)c1ccc2nn(-c3ccc[n+]([O-])c3)cc2c1;Cc1nn(-c2ccccc2)c(C)c1C=C1C(=O)N(C)C(=O)N(C)C1=O;COc1ccc(OC)c(C=c2c(=O)nc3[nH]c4c(nn2-3)CCCC=4)c1;COc1ccc2cc(C3CC(=O)Nc4c3cnn4C)c(=O)n(C)c2c1
m_57f31b,CC(N)C1CCCN(C(=O)COc2cccc(C(F)(F)F)c2)C1;Cc1c(C(=O)Nc2ccc3c(c2)OCO3)nnn1C1CC[NH2+]CC1;CCCC(NC(=O)C1CNCCO1)c1cccc(C(F)(F)F)c1;CC(=O)N1CCC(Nc2ccc(C)cc2OCC(F)(F)F)CC1;CC(Cc1ccccc1C(F)(F)F)NC(=O)N1CCCC1CO;Cn1cc[nH+]c1C(CC(=O)[O-])c1ccc(OC2CCCCO2)cc1;CC(N)C1CCCCN1C(=O)c1ccc(OCC(F)(F)F)cc1;CCOC1CCCN(C(=O)Nc2cc(C)cc(C(F)(F)F)c2)C1;COc1cccc(NC(=O)CN2CCC(C(F)(F)F)C2(C)C)c1;Cc1nc(C2CCC3CN2C(=O)N3[NH2+]OCc2ccccc2)no1;COc1ccccc1CNC1CCC(C(F)(F)F)N(C(C)=O)C1;COc1ccc2onc(CC(=O)N3CCOC4CCCCC43)c2c1;CC1CC1N1CC(NS(=O)(=O)CCC2CCOCC2)CC1=O;CC1CCN(C(=O)Nc2ccccc2CCC(F)(F)F)CC1O;CC1(COC(=O)c2ccc3c(c2)[nH]c(=O)n3C2CCCC2)COC1;CC(Oc1ccc(C#N)cc1)C(=O)N1CCCCC1C1OCCO1;CCOCc1c(C(=O)NC2CCCCNC2=O)oc2ccccc12;CCc1ccc(N2CC(C(=O)OCC(=O)NC3CC3)CC2=O)cc1;CC1COCC[NH+]1Cc1nnnn1C1=CC=C(C(F)(F)F)CC1;O=C(NC1CC1)c1cccc(C(=O)N2CCC3(CC2)OCCO3)c1;COCCN1C(=O)COC2CN(C(=O)C=Cc3ccccc3)CC21;CC(C)n1cc(C2(O)CCCN(c3cccc(C(=O)[O-])n3)C2)nn1;O=C(C[NH+]1CCCC(n2cncn2)C1)Nc1ccc2c(c1)OCO2;COc1cccc(CNC2CCC(C(F)(F)F)N(C(C)=O)C2)c1;CCCc1ccccc1NC(=O)N1CCC(O)(C(F)(F)F)CC1
m_59b1bd,COc1ccc(CCc2cc(CO)c(CO)c(OC)c2)c(N)c1O;CC1=CC(=O)OC2=CC(OCC(=O)NCCCOC(C)C)=CC=C12;COC1=CC(CCNCC(O)C2=CC=C(O)C(OC)=C2)=CC=C1O;CCC(C)NC(=O)CCc1ccc(OCC(F)(F)F)c(OC)c1;CCOCCCNC(=O)c1ccc(COc2ccccc2OC)o1;COC1=CC=C(C(O)CNCCC2=CC=C(O)C(OC)=C2)C=C1O;COC1=CC=C(CCNC[C@H](O)C2=CC=C(OC)C(O)=C2)C=C1O;COc1ccc(CC(=O)NCC(C)(O)Cc2ccco2)cc1OC;COC1=CC=C2C(C)=C(CC(=O)NCC(C)C)C(=O)OC2=C1OC;COC1=CC=C(CCNC[C@H](O)C2=CC=C(O)C(OC)=C2)C=C1O;CC[C@@H](C)[C@@H](CO)NC(=O)CC1=C(C)C2=CC=C(O)C=C2OC1=O;CCOC(=O)C1CCN(C(=O)CCc2ccc(OC)cc2)CC1=O;COC1=CC=C(CC(=O)[C@@H](C)C(=O)N2C(=O)OC[C@@H]2C(C)C)C=C1;COc1ccc(NC(=O)C23CCC(C)(C(=O)O2)C3(C)C)c(OC)c1;COc1ccc(C(=O)OCC(=O)NCCC2=CCCCC2)c(O)c1;CC1=C(CC(=O)NCCCOC(C)C)C(=O)OC2=CC(O)=CC=C12;COCCOCCOc1ccnc(CO)c1OCc1ccccc1;COc1cccc(CN(CC2CCCO2)C(=O)C2CC2C(=O)O)c1;CC(C)(C)C(CCO)NC(=O)Cc1ccc(OC(F)(F)F)cc1;COCCN(Cc1ccoc1)C(=O)Cc1ccc(OC)c(OC)c1;COc1ccc2c(CC(=O)OCC(=O)NCCC(C)C)coc2c1;COc1cc(CCNCc2cc(OC)c(O)c(OC)c2)ccc1O;CCCC(C)NC(=O)COC(=O)Cc1coc2cc(OC)ccc12;CCCOC1OC(C)C(OC(=O)c2c[nH]c3ccccc23)CC1O;CCOc1ccc(C(=O)NCC(O)c2ccc(C)o2)cc1OCC
m_59bced,CCOC(=O)N1CCN(c2ccc(Br)cc2C)CC1;COc1ccc(Br)cc1NC(=O)N1CCCCCC1;CCc1c(C)nn(C(=O)COc2cccc(Cl)c2Cl)c1C;COc1ccc(Br)cc1NC(=O)N1CCCC(C)C1;Cc1cc(Br)ccc1N1CCN(C)C(=O)C1CCO;COc1ccc(Br)cc1CNC(=O)C1CCNCC1;CC(Oc1ccc(Br)cc1N)C(=O)N1CCCCC1;CNC1CCN(C(=O)c2ccc(Br)cc2OC)CC1;CC(Oc1ccc(Br)cc1)C(=O)N1CCC(CN)C1;Nc1cc(Br)ccc1OCC(=O)N1CCCCCC1;O=C(NCCOc1ccc(Br)cc1)NC1CCCC1;CN(C)C(=O)OC1CCN(c2ccc(Br)cc2)CC1;CC(Oc1cc(N)cc(Br)c1)C(=O)NC1CCCC1;CC(O)C1CCN(C(=O)Nc2ccc(Br)cc2)CC1;Cc1ccc(Br)cc1CNC(=O)N1CCC(C)(O)C1;NC1CCN(C(=O)CCCOc2ccc(Br)cc2)C1;COc1ccc(Br)cc1CCC(=O)N1CCNCC1;O=C(NCCOc1ccccc1Cl)Nc1ccc(F)c(F)c1;CC(C)Oc1cc(Br)ccc1C(=O)N1CCC(N)C1;Cc1cc(Br)ccc1N1C(C)CNC(=O)C1CCO;CC(O)C1CCN(C(=O)c2cc(Br)ccc2N)CC1;Cc1cc(Br)ccc1N1CC(C)CNC(=O)C1CO;CC(C)(C)Oc1nc(Oc2ccc(Cl)cc2Cl)ccc1N;Cc1cc(Br)ccc1N1CC(CC(=O)[O-])[NH2+]CC1C;O=C(COc1cc(C(F)F)nc2ccc(Cl)cc12)NC1CC1
m_5ae66f,CCc1ccc(OCCCCNC(=O)c2ccc(NN)nc2)cc1;CCCOc1cccc(NC(=O)NCc2cn3c(n2)CCCC3)c1;CCCOc1ccc(C(=O)N2CCCC(c3nncn3C)C2)cc1;CCCOc1ccc(C(C)=NNC(=O)Cn2nc(C)cc2C)cc1;CCOc1ccc(CN2CCN(C(=O)c3cnn(C)c3)CC2)cc1;CCCOc1cccc(C(=O)NCc2nnc3n2CCCCC3)c1;CCCCN(C)c1ccc(C(=O)Nc2ccccc2OCC)nn1;CCCOc1cccc(C(=O)N2CCN(c3nccn3C)CC2)c1;O=C(CCCn1cc(COc2ccccc2)nn1)NC1CCCC1;CCCCCCOc1ccc(C=NNc2nc(=O)cc(C)[nH]2)cc1;CCCCN(C)c1ncc(C(=O)Nc2ccccc2OCC)cn1;CCOCCNC(=O)Nc1c(C)c(C2CC2)nn1-c1ccccc1;CCCOc1ccc(-n2cc(C(=O)NC3CCCCC3)nn2)cc1;CCCCOc1ccc(C(=O)N2CCCC(n3cncn3)C2)cc1;COc1cccc(NC2CCN(C(=O)c3n[nH]c(C)c3C)CC2)c1;CN1CCN(CCOc2ccc(NC(=O)c3ccc[nH]3)cc2)CC1;CCOc1ccc(C(=O)N2CCC(c3nncn3C)CC2)cc1C;Cn1cnnc1C1CCN(C(=O)CCCOc2ccccc2)CC1;CCOc1cccnc1C(=O)N1CCC(c2cnn(CC)c2)CC1;CCOc1ccccc1CCC(=O)N1CCn2c(CC)nnc2C1;CCOc1ccc(CN2CCN(C(=O)c3cn[nH]c3C)CC2)cc1;CCOc1ccc(CC(=O)N2CCC(c3nncn3C)CC2)cc1;CCCCOc1ccc(-c2nc(N)nc(C)c2C(=O)NCC)cc1;CCOc1ccccc1CNC(=O)NCc1cn2c(n1)CCCC2;CCc1nn(C)cc1CNC(=O)C1(N)CCc2c(OC)cccc21
m_5bfac3,O=C(c1cccc([N+](=O)[O-])c1)N1CC[NH+](CCc2ccncc2)CC1;O=[N+]([O-])c1cccnc1N1CC[NH+](Cc2ccc3c(c2)CCO3)CC1;O=C(NC1CCC[NH2+]C1)c1ccc(Nc2ccccc2)c([N+](=O)[O-])c1;O=C(Nc1ccc(C[NH+]2CCCC2)cc1)Nc1ccccc1[N+](=O)[O-];Cn1nccc1C1CCCCN1C(=O)NCc1ccc(C(=O)[O-])cc1;O=C(CCc1cccc([N+](=O)[O-])c1)N1CC[NH2+]CC1c1cccnc1;C[NH+]=C(NCc1cccc([N+](=O)[O-])c1)NC1CCOc2ccccc21;Cc1n[nH]c(C)c1CCNC(=O)COc1cccc(-n2cnnn2)c1;C[NH+]1CCN(c2ccc(NC(=O)c3cccc([N+](=O)[O-])c3)cc2)CC1;CCCCCCOc1ccc(NC(=O)c2ccc3c(c2)OCO3)cc1;CN1CC[NH+](Cc2ccc(C(N)=O)cc2[N+](=O)[O-])Cc2ccccc21;C[NH+]1CCN(C(=O)c2ccc(Nc3ccccc3)c([N+](=O)[O-])c2)CC1;CNS(=O)(=O)c1ccc(C(=O)NCCC2CCC[NH+](C)C2)cn1;COc1cccc(NC(N)=[NH+]CC2CCCCN2S(C)(=O)=O)c1;NS(=O)(=O)c1ccc(NC(=O)NCCC[NH+]2CCCCC2)cc1;CCCS(=O)(=O)N1CC[NH+](CCNC(=O)c2ccncc2)CC1;CC1CN(C(N)=[NH+]CCS(=O)(=O)NCc2ccccc2)CCO1;CS(=O)(=O)Nc1cccc(OCCNC(N)=[NH+]CC2CCC2)c1;O=[N+]([O-])c1cc(C[NH2+]CCO)ccc1C=CN1Cc2ccccc2N1;O=C(Nc1ccccn1)N1CC[NH+](Cc2ccc3c(c2)OCO3)CC1;CON1COC(c2cc3c([nH]c2=O)CC[NH+](Cc2ccccc2)C3)=N1;Cn1c(C(=O)NC2CC3CCC2[NH2+]3)ccc1-c1cccc([N+](=O)[O-])c1;C[NH+]=C(NCC(=O)Nc1ccccc1)NCc1ccc2c(c1)OCO2;CCCCCCCC1=CC=C(C(=O)OC2=CC=C([N+](=O)[O-])C=C2)C=C1;[NH3+]C1CCN(C(=O)c2ccc(Nc3ccccc3)c([N+](=O)[O-])c2)CC1
m_5c710b,Cc1ccc(NC(=O)NCc2nnc(C3CC3)n2C)cc1Cl;COc1ccc(NC(=O)CCn2ccc(=O)[nH]c2=O)c(OC)c1;Cc1n[nH]nc1C(=O)NC1CCCN(c2ccccc2Cl)C1;Cc1nc(=O)c2c([nH]1)CC[NH+](Cc1ccc(F)c([N+](=O)[O-])c1)C2;O=C(NCc1ccccc1Cl)c1cn(C2CCNCC2)nn1;O=c1[nH]ncc(NCc2ccnc(N3CCCCC3)c2)c1Cl;COc1ccc(CCNC(=O)c2cc(=O)[nH]c(=O)[nH]2)cc1OC;COC(=O)CC(C)NC(=O)Cn1c(=O)[nH]c2ccccc2c1=O;COc1ccc(NC(C)=O)cc1NC(=O)COc1cc(C)on1;CC(C)[C@H](NC(=O)CN1C(=O)NC2=CC=CC=C2C1=O)C(=O)O;Cc1cc(CNC(=O)Nc2cccc(Cl)c2)nc(N(C)C)n1;O=C(NCc1cc[nH]n1)N1CCN(c2ccccc2Cl)CC1;Cc1ccc(NC(=O)NCc2ccnc(N(C)C)n2)cc1Cl;CCc1c(C(=O)N2CCNCC2)nnn1-c1cccc(Cl)c1;Nc1nc(Cl)c(C=NO)c(NCCCCc2ccccc2)n1;CCc1ccc(C)[n+](CC(=O)Nc2ccc(OC)c(Cl)c2)c1;COc1ccc(OC)c(CCNC(=O)c2cc(=O)[nH]c(=O)[nH]2)c1;O=C(Cn1ccc(=O)[nH]c1=O)Nc1ccc2c(c1F)CC[NH2+]C2;COc1ccc(NC(=O)NCCCC(=O)[O-])cc1-n1cnnn1;Cc1ccc(Cl)cc1N1CCC(CNC(=O)c2c[nH]nn2)C1;CCc1ccc(C)[n+](CC(=O)Nc2cc(Cl)ccc2OC)c1;COc1ccc(C(=O)OCC(=O)Nc2cc(C)[nH]n2)c(OC)c1;O=C(NCc1cc[nH]n1)N1CCN(c2cccc(Cl)c2)CC1;Cc1nc(C(=O)N2CCNCC2C)nn1-c1ccccc1Cl;COc1cccc(C=NOCC(=O)Nc2cc(C)on2)c1OC
m_5c8d41,COc1ccc(NC(=O)c2cccc(NC(C)C)n2)cc1Cl;COc1ccc(NC(=O)c2ccnc(NC(C)C)c2)cc1Cl;CCOc1ccc(NC(=O)NCCc2cccnc2)cc1Cl;COc1ccc(CCNC(=O)Nc2ccc(N)c(Cl)c2)cc1;CC(C)n1ccc(C=NNC(=O)COc2ccc(Cl)cc2)c1;CCCNc1ccc(C(=O)Nc2cc(Cl)ccc2OC)nc1;CCCNC(=O)c1cncc(Nc2ccc(OC)c(Cl)c2)c1;Cc1cccc(OCNC(=O)Nc2ccc(N)c(Cl)c2)c1C;Cc1ccc(C(=O)Nc2ccc(Cl)c(CN(C)C)c2)c(=O)[nH]1;CC(C)Oc1ncccc1NC(=O)NCc1ccccc1Cl;CCCNc1cncc(C(=O)Nc2cc(Cl)ccc2OC)c1;COc1ccc(Nc2ccnc(C(=O)NC(C)C)c2)cc1Cl;COCCCNc1cc(C(=O)Nc2ccc(Cl)cc2)ccn1;CCCc1ccc(OCNC(=O)Nc2ccc(Cl)cn2)cc1;COc1ccc(Cl)cc1NC(=O)c1ccnc(NC(C)C)c1;COCCCNc1ccc(C(=O)Nc2ccc(Cl)cc2)cn1;COc1ccc(Cl)cc1Nc1cncc(C(=O)NC(C)C)c1;COc1ccc(NC(=O)N(C)CCc2ccccn2)c(Cl)c1;Cc1ccc(NC(=O)N(CCO)Cc2cccnc2)cc1Cl;COc1cc(CNC(=O)NCCc2cccc(Cl)c2)ccn1;CC(CNC(=O)NCc1ccncc1)Oc1ccc(Cl)cc1;Cc1cc(OCCNC(=O)NCc2ccccn2)ccc1Cl;Cc1cc(Cl)ccc1OCCNC(=O)NCc1ccccn1;COCCCNc1cncc(C(=O)Nc2ccccc2Cl)c1;CCC(=O)Oc1ccc(Nc2nc(C)cc(C)c2N)cc1Cl
m_5da1ef,COc1ccc(C=CC(=O)NCCc2c(C)nn(C)c2C)cc1;CCCOc1ccc(C=CC(=O)NCCCn2ccnc2)cc1;CCCOc1ccc(C=CC(=O)Nc2ccnn2CCC)cc1;CC(C)(C)C(O)CNC(=O)C=Cc1ccc(-n2ccnc2)cc1;Cc1ccc(C=CC(=O)NCC(C)(O)c2cnn(C)c2)c(C)c1;CCN(CC)c1ccc(NC(=O)c2ccccc2OC)cc1N;CC(C)C(C)(O)CNC(=O)C=Cc1cnn(-c2ccccc2)c1;COc1cc(C=NNc2ccccn2)ccc1OCCC(C)C;Cc1ccc(C)c(C(=O)CCC(=O)N(C)Cc2cnn(C)c2)c1;COCCNC(=O)c1ccc(Nc2c(C)cc(C)cc2C)cn1;CC(C)(CCO)CNC(=O)C=Cc1cnn(-c2ccccc2)c1;CC(=NNC(=O)COc1cc(C)ccc1C)c1c(C)c[nH]c1C;CC(O)CC(C)CNC(=O)C=Cc1cnn(-c2ccccc2)c1;COc1cc(C)ccc1C(=O)NN=Cc1cc(C)n(C(C)C)c1;COc1ccc(C)cc1NC(=O)c1ccc(NCC(C)C)nc1;COc1ccc(C2CCCN2C(=O)Cc2cnn(C)c2)cc1C;O=C(NC1CC1)NC1CCN(C(=O)C=Cc2ccccc2)CC1;COc1ccccc1CCNC(=O)NCc1ncc(C)cc1C;COc1ccccc1C(=O)Nc1ccc(NCCC(C)C)nc1;COc1ccc(C)cc1NC(=O)NCc1ccc(N(C)C)cc1;CCN(CC(=O)Nc1ccc(OC)c(N)c1)c1cccc(C)c1;Cc1ccc(OCC(=O)Nc2ccc(NCC(C)C)cn2)cc1;CCC(C)Nc1cc(C(=O)Nc2cc(C)ccc2OC)ccn1;COc1cccc(CCNC(=O)NCc2ncc(C)cc2C)c1;CCN(CC)c1ccc(N)cc1NC(=O)c1ccccc1OC
m_5dda21,COc1ccc(-c2csc(CCC(=O)NCC3CCCO3)n2)cc1;Cc1cccc(CCC(=O)NC(C)c2ccc(S(N)(=O)=O)cc2)c1;COc1ccc(CCNC(=S)Nc2cc(C)ccc2O)cc1OC;COc1ccc(OCC(=O)NCCc2nc3c(s2)CCCC3)cc1;CCCCNC(=O)COc1ccc(-c2nc(C)c(C(C)=O)s2)cc1;COc1cccc(C(C)NC(=S)Nc2ccc(OC)cc2OC)c1;Cc1cccc(C(=O)NCCCc2ccc(NS(C)(=O)=O)cc2)c1;Cc1ccc(CCCNC(=O)c2cccc(NS(C)(=O)=O)c2)cc1;COc1cccc(NC(=S)NC(C)c2ccc(OC)c(OC)c2)c1;CCC(=NNS(=O)(=O)c1cc(C)ccc1C)c1ccc(OC)cc1;COc1ccc(CCNC(=O)CCCNC(=O)c2cccs2)cc1;COc1cccc(C(N)=O)c1OCC(=O)NC(C)c1ccc(F)cc1;COc1ccccc1OCC(=O)NC(C)c1nc2c(s1)CCCC2;Cc1ccc(C)c(S(=O)(=O)NCC(=O)NCCc2ccccc2)c1;Cc1ccc(CC(=O)NCCc2ccc(S(N)(=O)=O)cc2)c(C)c1;Cc1ccc(NC(=O)c2ccc(CCNS(C)(=O)=O)cc2)cc1C;COc1ccc(-c2nc(C)c(C(=O)N3CC(C)OC(C)C3)s2)cc1;COc1ccc(C)cc1S(=O)(=O)Nc1ccc2c(c1)N(C)CCC2;COc1cc(C)ccc1OCC(=O)NNC(=O)Cc1ccc(F)cc1;COc1ccc(NC(=S)NC(C)COc2ccccc2OC)cc1;COc1ccc(-c2nc(C(=O)NC3CCC(CO)CC3)cs2)cc1;COc1ccc(C)cc1CCNC(=O)CCNC(=O)c1cccs1;Cc1ccc(S(=O)(=O)NCC(=O)NCCc2ccccc2)c(C)c1;COc1cccc(CNC(=O)c2cc3c(C)nc4ccccc4c3o2)c1;COc1cccc(NC(=S)NCCc2cccc(OC)c2OC)c1
m_5fef1c,O=C(NCCc1ccccc1)N1CCN(C(=O)C2CCCCC2)CC1;CCCC1CCCCN1C(=O)NC1CCN(Cc2ccccc2)C1=O;O=C(CCc1ccccc1)N1CCN(C(=O)NC2CCCCC2)CC1;NC(=O)c1ccc(CN2CCCC(C(=O)NC3CCCCC3)C2)cc1;O=C(NCCc1ccc(N2CCCC2)cc1)C(=O)NC1CCCCC1;CCCCN(CC=Cc1ccccc1)C(=O)C1CCCN(C(N)=O)C1;CCCCCCCCCNC(=O)Cn1nc(C)c2ccccc2c1=O;Cc1nc(CC2CCN(CC(OC(C)C)c3ccccc3)CC2)no1;O=C1NCCCCC1NC(=O)N1CCC(CCc2ccccc2)CC1;O=C(CCc1ccccc1)NC1CCN(C(=O)NC2CCCC2)CC1;O=C(Cc1ccccc1)NC1CCN(C(=O)N2CCCCCC2)CC1;O=C1N(C2CCOCC2)C[C@H]2CN(CCCC3=CC=CC=C3)CCN12;C=CCNC(=O)C(=O)NCCCc1ccc(N2CCCCCC2)cc1;CCCC(CCc1ccccc1)NC(=O)N1CCCC2C(=O)NCC21;O=C(Cc1ccccc1)N1CCC(NC(=O)N2CCCCCC2)CC1;O=C1CCN(C(=O)NCCc2ccc(C3CCCCC3)cc2)CCN1;CC(NC(=O)NCCCN1CCCC1=O)c1ccc2c(c1)CCCC2;CC1CCCN(CC(=O)Nc2ccccc2C(=O)NC2CCCC2)C1;CC(=O)N1CCN(C(=O)CCc2ccc(N3CCCCC3)cc2)CC1;Cc1ccc(CCC(=O)NC2CCCN(C(=O)N3CCCC3)C2)cc1;Cc1ccccc1NC1CCN(C(=O)CN2CCCCCC2=O)CC1;CCCCc1ccc(NC(=O)C2CCN(C(=O)NC3CC3)CC2)cc1;COC1=CC=CC(CN2CCN3C(=O)N(C4CCCCC4)C[C@H]3C2)=C1;O=C(CCc1ccccc1)N1CCCN(C(=O)NC2CCCC2)CC1;CCC(C(=O)N1CCC(N2CCN(CC)C2=O)CC1)c1ccccc1
m_6007c7,Cn1cc(CCC[NH+]2CCN(c3nccnc3-c3ccc(F)cc3)CC2)cn1;CCC(=O)OCC(c1ccc(F)cc1)[NH+]1CCN(C(=O)OC(C)(C)C)CC1;Cc1nc(C2CCC[NH+](Cc3nn(-c4ccc(F)cc4)c4c3CCC4)C2)n[nH]1;CC(OCC1CCCO1)C(=O)NCC(c1ccc(F)cc1)[NH+]1CCOCC1;Cc1nn(-c2ccc(F)cc2)c(C)c1C[NH2+]C1CCCN(c2ncccn2)C1;O=C(Nc1ccc(Cn2cccn2)cc1)N1CCC(N2CCCCC2=O)CC1;O=C(CNC(=O)c1n[nH]c2c1CCCC2)Nc1ccc(N2CCCCC2)cc1;CCCCn1nnnc1NCc1ccc(OCc2cccc(C)c2)c(OC)c1;NC(NCCC(c1ccc(F)cc1)c1ccccn1)=[NH+]CCCc1cnc[nH]1;CCCn1nnnc1NCc1ccc(OCc2ccc(C)cc2)c(OCC)c1;CN(Cc1n[nH]c2c1CCCC2)C(=O)NCc1ccc(N2CCCC2=O)cc1;Cc1ccc(Cn2c(N3CCCC(C)C3)nc3c2c(=O)n(C)c(=O)n3C)cc1;C[NH+](C)CCCNc1nc(NCc2ccc(F)cc2)cc(-c2cccnc2)n1;O=C(NCc1ccnc(-n2cccn2)c1)C1CCCN1C(=O)C1CCCCC1;Cc1ccc(NC(=O)C[NH+]2CCN(c3ncnc4c3nnn4C)CC2)cc1C;CCn1nnc2c(N3CC[NH+](CC(=O)NCc4ccccc4)CC3)ncnc21;CC1(C)CN(C(=O)Nc2ccc(-n3cccn3)nc2)CC2(CC3CCC2C3)O1;O=C(NCc1ccc(C(=O)N2CCCCC2)cc1)N1CCC(n2cccn2)C1;Cc1cnn(CCCNC(=O)CCc2nc(-c3ccc(C(C)C)cc3)no2)c1;CCCCn1nnnc1NCc1cccc(OC)c1OCc1cccc(C)c1;COCCCNC(NCCc1cc(F)ccc1F)=[NH+]Cc1nnc(C)n1C;C[NH+]1CCN(c2ccc(NC(=O)c3ccn(CCn4cccn4)n3)cn2)CC1;CN1CCCCC1[NH+](C)Cc1cc(F)cc(-c2ccc3ncnc(N)c3n2)c1;CN(C)C(=O)CN1CCN(c2ccnc(C(=O)NCc3ccccc3)c2)CC1;CC1(C)CC2CC(C)(CN2c2ncnc(NCc3ccccc3)c2[N+](=O)[O-])C1
m_60e7b1,CN(c1cccnc1N1CCCC1)S(=O)(=O)c1cnn(C)c1;CCCNC(=O)CSc1nnc(-c2ccc(OC)cc2)n1N;Cn1cc(CC2CCN(c3ncccc3S(N)(=O)=O)C2)cn1;CC1CCN(c2ccc(C=NNC(N)=S)cc2[N+](=O)[O-])CC1;COCCCNC(=O)CSc1nnnn1-c1ccc(C)cc1;CCS(=O)(=O)N1CCCCC1c1nc(-c2cccnc2)n[nH]1;NS(=O)(=O)c1cccnc1NCc1ccn(C2CCCC2)n1;O=S(=O)(NC1CC1)C1CCN(Cc2cnc3cnccn23)C1;CCc1nnsc1C(=O)NC1CCCOC1c1cnn(C)c1;Cn1cnc(S(=O)(=O)NC2CCCN(c3ccccn3)C2)c1;Cc1ccncc1S(=O)(=O)N1CCN(c2nccn2C)CC1;CS(=O)(=O)c1ccc(N2CCCC(n3ccnn3)CC2)nc1;CN(C1CCCN(c2ncnc3cnccc23)C1)S(C)(=O)=O;COCCNC(=O)CSc1nnnn1-c1c(C)cccc1C;Cc1cccc(C)c1-n1nnnc1Cn1c(=O)oc2ccccc21;Cc1nn2cccnc2c1C(=O)OCCn1ncc2ccccc21;Cn1cc(C2OCCCC2NC(=O)NCc2cscn2)cn1;CCc1nnc(NC(=O)C2CCCOC2c2ccnn2C)s1;CCn1cnnc1C1CCCCN1S(=O)(=O)c1cccnc1;Cn1nncc1S(=O)(=O)NC1CCCN(c2ccccc2)C1;COCCn1nnnc1NC(=O)C1COc2cc(F)ccc2C1;CCc1cc(NCCNS(=O)(=O)c2cccnc2)nc(C)n1;O=[N+]([O-])c1ccc(-n2nc(Cc3ccccn3)c3c2NCC3)cc1;Cc1cc2c(N3CCN(S(=O)(=O)C4CC4)CC3)nccn2n1;Cc1nnc2n1CCC(N(C)S(=O)(=O)c1cccnc1)CC2
m_6105c1,CC(C)[NH+]1CCC(NC(=O)c2cc3ccccc3oc2=O)CC1;COc1cccc(C)c1NC(=O)N1CCCC(n2cncn2)C1;CC(C)C[NH+]1CCN(C(=O)c2cc3ccccc3oc2=O)CC1;O=C(NCCCC1C[NH2+]CCO1)c1cc2ccccc2cc1O;O=C(NCCOc1ccccc1)c1ncn(C2CCCNC2)n1;CCNC(=O)N1CCCCCC1c1nc(-c2ccncc2)no1;C[NH2+]CCC1CCN(C(=O)c2cc3ccccc3oc2=O)CC1;C=CCN1CCCC1CNC(=O)C1=CC2=C(C=C1OC)NN=N2;O=C(NCCC[NH+]1CCOCC1)c1c(O)ccc2ccccc12;CCNC(=O)N[C@H]1C[C@@H](C2=NC(C3=CC=CC=C3)=NO2)N(C)C1;COc1ccccc1C(=O)Nc1cnc(N(C)C)nc1N(C)C;O=C(NCCCn1ccnn1)c1ccccc1N1CCOCC1;O=C(Cn1ccccc1=O)NCc1nncn1C1CCCCC1;CCOC(=O)N1CC[NH+](Cc2c(O)ccc3ccccc23)CC1;Cn1c(-c2ccccn2)nn(CCNC(=O)C2CCCC2)c1=O;COc1ccc(NC(=O)N2CCCC(Cn3cncn3)C2)cc1;Cc1cc(C(=O)NC2CCCCNC2=O)c2c(C)nn(C)c2n1;CN1CCOC(C(=O)NCCc2nc(-c3ccccc3)n[nH]2)C1;COc1cccc(N2CCCC(NC(=O)c3cnnn3C)C2)c1;CCC1(O)C[NH+]2CCc3c([nH]c4cccc(OC)c34)C2CC1=O;CCn1cc(NC(=O)N2CCCC2c2cccc(OC)c2)nn1;CC(C)n1ncc2cc(C(=O)NC3CCCCNC3=O)cnc21;Cc1cc(=O)nc(NC(=O)NCCCN(C)c2ccccc2)[nH]1;COc1ccc(CNC(=O)N2CCC(c3nccn3C)C2)nc1;Cn1nccc1C(=O)NCC1(O)CCCN(c2ccccn2)C1
m_610a9f,CCCCCNc1cc(C(=O)NCc2ccc(OC)cc2)ncn1;CCCCCNc1nccc(C(=O)NCc2ccc(OC)cc2)n1;N#Cc1ccccc1OCCN1CCN(CC(=O)NC2CC2)CC1;CCCCNc1cc(C(=O)NCc2ccc(OC)cc2)nc(C)n1;CCCCNc1cc(C(=O)NCCc2ccc(OC)cc2)ncn1;CCCCNc1nccc(C(=O)NCCc2ccc(OC)cc2)n1;CCCCNc1ccc(C(=O)NCCc2ccc(OC)cc2)nn1;COc1cccc(CCNc2ccc(NC(=O)NC(C)C)nc2)c1;CCCCCNc1cc(C(=O)NCc2ccccc2OC)ncn1;COc1cccc(NC2CCN(C(=O)c3n[nH]c(C)c3C)CC2)c1;COCCCn1c(NN=C2CCCCC2)nc2ccccc2c1=O;CCCCN(C)c1ccc(C(=O)NCc2ccc(OC)cc2)nn1;COc1ccc(CCNc2ccc(NC(=O)NC(C)C)nc2)cc1;CCCCCNC(=O)c1cc(Nc2ccc(OC)cc2)nc(C)n1;CCCCCNc1nc(C)cc(C(=O)Nc2ccccc2OC)n1;CCN(CC)c1cnc(C(=O)NCCc2cccc(OC)c2)cn1;COc1cccc(-c2cc(NC(=O)N3CCC(C)CC3)n(C)n2)c1;COCCCNc1ncc(C(=O)Nc2ccccc2C(C)C)cn1;CCCCCOc1cccc(-c2cc(C(=O)NCC)nc(N)n2)c1;COc1cc(CN2CCC3C(C2)NC(=O)N3C(C)C)ccc1C#N;CCCCNC(=O)c1ccc(NCCc2cccc(OC)c2)nn1;COc1ccc(CNC(=O)NCCn2ncc3c2CCCC3)cc1;COc1cccc(-c2cnnc(N(C)CCC3CCOCC3)n2)c1;CCC(C)Nc1cnc(C(=O)NCCc2cccc(OC)c2)cn1;COCCCNc1cc(C(=O)NCc2cccc(C)c2)nc(C)n1
m_612431,CC(CNC(=O)c1nc2ccccc2[nH]1)CN1CCN(C)CC1;Cc1nc2cccnc2n1CCCNC(=O)NC1CCCCC1;NC(=O)C1CN(c2nccc3ccccc23)CC[NH+]1CCC[NH3+];CCn1c(CNC(=O)CN2CCN(C)CC2)nc2ccccc21;CC(CO)([NH2+]Cc1cc2ccccc2[nH]c1=O)C1CCCCC1;CCC[NH+](CCC)Cc1c(C)[nH]c2ccc(C(C)=O)cc2c1=O;Cc1c(C(=O)NCCC[NH+]2CCCCCC2)oc2ccccc12;Cc1[nH]c(C[NH+]2CCC(CNC(=O)c3ncccc3C)C2)c[nH+]1;CC1CCCC[NH+]1CCCCNC(=O)c1cc2ccccc2o1;COCCN1CC[NH+](CCOc2cccc3ccccc23)CC1;CC(C)(C)C1CC(C(=O)NCCn2cnc3ccccc32)NN1;CC(C)N[C@@H]1C[C@@H](C2=NC(C3=CC=CN=C3)=NN2C)CC[C@H]1O;CNC1CCCN(C(=O)c2cc3cnn(C(C)C)c3nc2C)C1;C[NH+]1CCN(c2cccc3ccc(OCCCCO)cc23)CC1;CN1CCN(CC(O)CN(C)c2cnc3ccccc3n2)CC1;CCCCOc1ccc2[nH]cc(C(=O)CC3CC[NH2+]CC3)c2c1;CCCOc1ccc2ccccc2c1C(C[NH3+])N1CCOCC1;CC(C)C1CCCC(NC(=O)c2cnc3c(c2)nnn3C)CC1;CCC(C)n1ncc(C(=O)N2CCC(c3cnc[nH]3)CC2)c1C;CCOCC1CCC[NH+]1CCc1cc2c(C)cccc2c(=O)[nH]1;CCc1cncc2cccc(OC3CCC([NH2+]CCO)CC3)c12;O=C(NC1CCC([NH+]2CCCC2)C1O)c1ccc2c(c1)CCC2;CC(C)N(C)CC(=O)N1CCN(c2cccc3[nH]ncc23)CC1;CCCCCC(C)NC(=O)NCc1ccc(-n2ccnc2)nc1;Cc1nccnc1C(C)[NH2+]Cc1ccncc1OC1CC[NH2+]C1
m_62973b,[NH3+]CCC(=O)NCC(O)COc1ccc(F)c(F)c1;COCCNC(=O)CNc1nc(NN)c(F)cc1F;CC(=O)NCCSC(=O)CC(O)C=CCC(C)O;CC(C)(C)CCS(=O)(=O)NC(CO)c1ccco1;CC([NH3+])C(=O)NCC(O)COc1ccc(F)c(F)c1;CCCCCNS(=O)(=O)c1c(C)oc(C)c1CO;CCOC(=O)Cc1nc(C(F)F)c(C[NH3+])cc1OC;CCOC(=O)CCNC(=O)C(=O)C=Cc1ccccc1;CCCCOC(=O)c1nc(OC)c2ccccc2c1O;CCOC(=O)Cc1c(OC)ncc(C(F)F)c1C[NH3+];C=CCOC1CCC2C1OCCN2S(=O)(=O)CC;COCC(CO)[NH2+]CC(=O)Nc1c(F)cccc1F;CCCCOCCNc1c(N)cc(N)c(Cl)c1F;CCC(C)CNS(=O)(=O)c1c(C)oc(C)c1CO;CCOC(=O)Cc1ncc(C(F)F)c(C[NH3+])c1OC;CCOC1CCC2C1OCCN2S(=O)(=O)C1CC1;CCC(C)([NH2+]CC(O)COc1cnsn1)C(N)=O;CCOCCCS(=O)(=O)N(C)Cc1ccoc1C;CC(C)CC(O)CNc1c(N)cc(N)c(Cl)c1F;CCOC(=O)CN(C(=O)NCC(O)C(=O)[O-])C(C)C;CC(O)CCCNC(=O)c1cc(=O)c2ccccc2o1;Cc1[nH]nc(S(=O)(=O)N2CCOC(C)C2)c1C[NH3+];CC1CN(S(=O)(=O)CC2CCCCO2)CCC1=O;CS(=O)(=O)CCC(=O)N1CCOC2CCCCC21;CCOC(=O)CC(=O)SC(C)CNC(=O)C(C)C
m_62dd85,Nc1nc(N2CCC2)c2ncn(C3OC(CO)C(O)C3O)c2n1;C=CCNc1nc2c(=O)nc(N)[nH]c2n1C1CC(O)C(CO)O1;Cc1cc(NC(=O)N2CCC(n3cncn3)C2)cnc1C(F)F;C=CCOC1C(O)C(CO)OC1n1cnc2c(N)nc(N)nc21;O=C(Nc1ccc(OCC2CCCO2)cc1)N1CCSCC1;CCOc1ccc(NC(=O)N2CCC3(CC2)OCCS3)cc1;CCCNC(=O)C1OC(n2cnc3c(N)ncnc32)C(O)C1O;CSCC(=O)Nc1ccc(OCC(=O)N2CCCCC2)cc1;COc1cc(F)c(C[NH+]2CCc3[nH]c(C)nc(=O)c3C2)c(F)c1;Cc1cccc(N2CCN(C(=O)C3CCS(=O)(=O)C3)CC2)c1;CCNC(=O)C1OC(n2cnc3c(NC)ncnc32)C(O)C1O;O=C(Nc1ccc2c(c1)CCCC2)N1CCCS(=O)(=O)CC1;CC(O)CC[NH+](C)Cc1nnc2n(C)c(=O)c3sccc3n12;O=C(COc1ccc(F)cc1)N1CCC(N2CCOC2=O)CC1;Cc1cn(COC(CF)COCc2ccccc2)c(=O)[nH]c1=O;Cc1ccc(C(=O)OCC(=O)NC(=O)NC2CCCC2)cc1F;COc1ccc(F)c(C(=O)N2CCCC3C(=O)NCC32)c1OC;COC(C)C(=O)Nc1cc(C(=O)N2CCSCC2)ccc1C;Cn1cc(Cl)cc1C(=O)N1CCC(c2nc(N)n(C)n2)CC1;O=C(c1ccc(N2CCCCC2)cc1)N1CCS(=O)(=O)CC1;CCN(CCNS(=O)(=O)c1cccc2cnccc12)C(N)=[NH2+];CCOC(=O)c1c(NC(=O)N2CCCC2)sc2c1CCCC2;O=C(NCc1ccc(C2CC2)cc1)NC1CCCS(=O)(=O)C1;O=C(NC1CCCS(=O)(=O)C1)N1CCCC1c1ccccc1;O=C1C2=CC=CC=C2N=C(/C=C/C2=CC=CC=C2O)N1CCCO
m_637284,CCNC(=O)C1CCCN(c2ccc(C#N)cc2C(F)(F)F)C1;CC(=O)NC1CCC(C(F)(F)F)N(Cc2cccc(C#N)c2)C1;CN(C)C(=O)C1CCCN(c2ccc(C(F)(F)F)cc2C#N)C1;CC(=O)NCC1CCCN(c2ccc(C#N)cc2C(F)(F)F)C1;Cc1nccn1CC1CN(Cc2ccc(OC(F)(F)F)cc2)C1;CC(C(=O)Nc1ccc(C#N)cc1)N1CCCC(C(F)(F)F)C1;CC(=O)N1CC(NCc2ccc(C#N)cc2)CCC1C(F)(F)F;CC(=O)NCC1CCCN(c2ccc(C(F)(F)F)cc2C#N)C1;Cn1cncc1CN1CC(O)CC1c1cccc(C(F)(F)F)c1;N#CC1CCN(C(=O)NCCc2ccc(C(F)(F)F)cc2)CC1;OCCn1nc(CC2CC2)nc1Cc1cccc(C(F)(F)F)c1;CCNC(=O)C1CCCN(c2ccc(C(F)(F)F)c(C#N)c2)C1;Cc1c[nH]nc1CN1CCOC(c2cccc(C(F)(F)F)c2)C1;N#Cc1ccc(C(=O)N(CCC(F)(F)F)C2CCCCC2)nc1;CN1CC(C(=O)N(C)Cc2cccc(C#N)c2)C(C(F)(F)F)C1;CCC(C)n1nccc1NC(=O)Cc1cccc(C(F)(F)F)c1;CCOCCc1nn(-c2cccc(C(F)(F)F)c2)c2c1CCN2;Cc1c(CCC(=O)NCc2cccc(C(F)(F)F)c2)cnn1C;N#Cc1coc(N(Cc2ccc3c(c2)OCO3)C2CCCCC2)n1;Cc1nn(C)c(C)c1CC(=O)NCc1cccc(C(F)(F)F)c1;CCOc1ccc(OCCNC(=O)Nc2cccc(C#N)c2)cc1;Cc1cc(C(F)(F)F)ccc1CNC(=O)c1c(C)nn(C)c1C;OCCN1CCN(c2ccnc3cc(C(F)(F)F)ccc23)CC1;CCc1c(C)nn(C)c1NC(=O)Cc1ccc(C(F)(F)F)cc1;N#Cc1ccc(NC(=O)N2CCCC2CC(O)c2ccco2)cc1
m_64030c,CCN(CC)c1ccc(C(=O)NCCC(O)c2ccccc2)cn1;CCN(C)c1ccccc1NC(=O)NCC(O)c1ccccc1C;CC(CCO)NC(=O)Nc1ccccc1N(C)Cc1ccccc1;CCN(CC(O)c1ccc(C)cc1)C(=O)c1n[nH]c2c1CCCC2;CCCCNc1ccc(C(=O)Nc2ccccc2OC(C)C)cn1;CCN(CC(O)c1ccc(C)cc1)C(=O)NCc1ncccc1C;CCOC1CC(CC(=O)NCc2ccc(-n3cccn3)cc2C)C1;Cc1cc(NC(=O)NCCC(O)c2ccccc2)ccc1N(C)C;CCCC(O)CNC(=O)c1cc2ccccc2nc1N1CCCC1;CCC(C)NC(=O)C1CC(=O)N(CCc2c[nH]c3ccccc23)C1;CCCNC(=O)c1ccc(NCC(CCO)c2ccccc2)nc1;O=C(CCCc1c[nH]c2ccccc12)NCCCN1CCCC1=O;CCOc1ccccc1NC(=O)CCNc1ccc(N(C)C)cc1;Cc1ccc2c(CCNC(=O)N3CCOCC4(CC4)C3)c[nH]c2c1;CC(C)(Cc1nc2ccccc2[nH]1)C(=O)N1CCOCC2(CC2)C1;CCCC(C)NC(=O)C1CCC(=O)N1Cc1c[nH]c2ccccc12;Cc1cccc2c(CCNC(=O)N3CCOCC4(CC4)C3)c[nH]c12;Cc1cccc2[nH]cc(CCNC(=O)N3CCOCC4(CC4)C3)c12;Cc1ccc(-c2ccc(=O)n(CC(=O)NCCC(C)C)n2)cc1C;CCCCNC(=O)c1cc(Nc2ccccc2OC(C)C)ccn1;CC(=O)N(CCC(=O)NCCC(C)C)c1cccc2cccnc12;CCN(CC(O)c1ccc(C)cc1)C(=O)c1cccnc1N(C)C;CCOc1ccc(NC(=O)c2ccc(NCCC(C)C)nc2)cc1;CCN(c1cccc(C)c1)c1ccc(C(=O)NCCCOC)cn1;COC1CC(c2ncc[nH]2)N(C(=O)CCc2ccc(C)cc2C)C1
m_64306c,COc1nc(CNS(=O)(=O)c2ccc(C)c(C)c2)nc(N2CCOCC2)n1;CC(C)Cc1ccc(S(=O)(=O)N2CCN(C(=O)c3nonc3N)CC2)cc1;CCOc1ccc(S(=O)(=O)NC2CCCN(c3cc(C)nn3C)C2=O)cn1;Cc1nn(C)c(C)c1NC(=O)Nc1cccc(S(=O)(=O)N2CCOCC2)c1;CCOc1ccc(NC(=O)CCNc2ncccn2)cc1S(=O)(=O)N(C)C;COc1cccc(NC(=O)N2CCCN(S(=O)(=O)c3cn(C)cn3)CC2)c1;COc1cccc(NC(=O)N2CCCN(S(=O)(=O)c3cnn(C)c3)CC2)c1;CC(C)n1cnnc1C1CCCN(c2ccc([N+](=O)[O-])c(S(C)(=O)=O)c2)C1;CCn1c(-c2nonc2N)nc2cncc(S(=O)(=O)NC3CC[NH2+]CC3)c21;CC1=NN2C(=C1)N(C)C(=O)CC21CCN(S(=O)(=O)C2=C(C)ON=C2C)CC1;COCCn1cc(NC(=O)N2CCN(S(=O)(=O)c3ccccc3)CC2)cn1;CCOc1ccc(C(=O)N2CCCN(S(=O)(=O)c3cn(C)cn3)CC2)cn1;Cc1nn(C)c(C)c1S(=O)(=O)N1CCCC(Oc2ccnc(C(N)=O)c2)C1;CCOc1ccc(S(=O)(=O)NC2CCCN(c3ccnn3CC)C2=O)cn1;CN(Cc1cnn(C)c1)c1ccc(S(=O)(=O)N2CCCCC2)cc1[N+](=O)[O-];COc1ccc(NC(=O)CSc2nnc(N3CCOCC3)n2C)c(OC)c1;COc1ccccc1N1CCN(C(=O)CN(C)S(=O)(=O)c2cnc[nH]2)CC1;CCNC(=O)c1cc(C)n(-c2ccc(S(N)(=O)=O)cc2C(=O)NC(C)C)n1;CN(CC(=O)NCCn1nc(C2CC2)n(-c2ccccc2)c1=O)S(C)(=O)=O;Cn1cc(S(=O)(=O)N2CCCCC2)cc1C(=O)NCc1nc(C2CC2)no1;Cc1nn(C)c(NCC2CCN(S(=O)(=O)c3ccccc3)CC2)c1[N+](=O)[O-];CCc1nn(C)cc1CNc1ccc([N+](=O)[O-])cc1S(=O)(=O)N1CCCC1;Cc1noc(C)c1C(=O)NCCS(=O)(=O)N1CCN(c2ccccn2)CC1;CCN(c1cnnc(Nc2ccc(OC)c(OC)c2)n1)C1CCS(=O)(=O)C1;CS(=O)(=O)NC1=CC(C2=NOC([C@@H]3CCCN3C3CCOCC3)=N2)=CC=N1
m_65a7ff,COC1=CC=C(C2=CN3C[C@H](CNC(=O)C4=CC=CN=C4)OCC3=N2)C=C1;COc1ccc(NC(=O)c2cccnc2N2CCOCC2)c2cccnc12;Cc1cc2c(nc1N1CCC(Oc3cccc(C#N)c3)C(O)C1)CNC2=O;CCOc1ccc(NC(=O)Nc2c3c(nn2-c2ccccc2)COC3)cc1;N#Cc1cccc(Nc2cc(C(=O)N3CCC4(CC3)OCCO4)ccn2)c1;N#CCc1ccc(NC(=O)COC(=O)c2cccnc2N2CCCC2)cc1;N#Cc1cccc(Nc2ccnc(C(=O)N3CCC4(CC3)OCCO4)c2)c1;N#Cc1ccc(NC(=O)CC(=O)Nc2ccccc2N2CCOCC2)cc1;COc1cc(NC(=O)NCc2ccnc(-c3cccnc3)c2)cc(OC)c1;COc1ccc(CNc2ccc(NC(=O)c3cccnc3)nc2)cc1OC;COc1ccc(OCCNc2ccc(NC(=O)c3cccnc3)cn2)cc1;COc1cccc(NC(=O)CCCn2nc(-c3cccnc3)ccc2=O)c1;O=C(Nc1cc(-c2ccccc2)on1)Nc1ccccc1N1CCOCC1;COc1cccc(Nc2nc(C)cc(NCc3ccc4c(c3)OCO4)n2)c1;O=C(CN1C(=O)NC2=CC=CC=C2C1=O)N1CCCC[C@@H]1C1=CC=CN=C1;COc1cccc(CCNc2ccnc(Nc3ccc4c(c3)OCO4)n2)c1;C[NH+](C)CCCNC(=O)Nc1ncccc1Oc1ccc(N)c(Cl)c1;COc1ccc(CNc2ccc(NC(=O)c3cccnc3)cn2)cc1OC;COc1ccc(OC)c(NC(=O)c2ccc(NCc3cccnc3)nc2)c1;COc1cccc(CCNc2nccc(Nc3ccc4c(c3)OCO4)n2)c1;CC1(C)Cc2cccc(OCC(=O)Nc3ccccc3-n3cncn3)c2O1;COc1ccc(CNc2ncnc3c2[nH]c2cc(OC)c(OC)cc23)cc1;O=C(CN1N=C(C2=CC=CO2)C=CC1=O)N1CCCC[C@H]1C1=CC=CN=C1;O=c1cc2c(nn1CC1CCCN1c1ncccc1C(F)(F)F)CCC2;CCn1cc(NC(=O)c2cccc(OC)c2)c(C(=O)Nc2ccccc2)n1
m_6817b1,Cc1ccc(Nc2ccn(C3CC(O)C(CO)O3)c(=O)n2)cc1;Nc1nc(=O)n(C2CC(O)C(CO)O2)cc1Cc1ccccc1;Nc1ccn(C2CC(OCc3ccccc3)C(CO)O2)c(=O)n1;CN(C)C(=O)c1cn(C2CCN(c3ccccc3F)C2=O)nn1;C[Si](C)OC(CCO)(n1cc(F)c(=O)[nH]c1=O)C(C)(C)C;O=C(c1cnccn1)N(Cc1c(F)cccc1F)C1CCCC1;O=C1NCCN1C(=O)N1CC(n2cc(Cn3nccn3)nn2)C1;O=C(CCn1cncn1)NC1CCN(c2ccccc2F)C1=O;O=C([O-])Cn1cc(CNC(=O)c2ccnn2C2CCCC2)nn1;O=C(Cn1nc(C(F)(F)F)cc1C1CC1)NCC1CCCO1;Cc1ccc(Cn2ccc3nc(-c4ccccc4F)nc-3c2)cc1;NC(=O)C1CC(F)CN1C(=O)c1cn(Cc2ccccc2)nn1;CN1CCC(NC(=O)c2ccccn2)C1c1ccc(F)c(F)c1;O=C(Nc1cccc(F)c1)N1CCN(c2ccccc2F)CC1;CN(CC1CCCO1)C(=O)Cn1c(=O)[nH]c(=O)c2ccccc21;O=C(NC1CC[NH2+]CC1)c1cn(-c2cccc([N+](=O)[O-])c2)nn1;Cc1c(NC(=O)C2CC(=O)N(c3ccccc3F)C2)nnn1C;Cn1cc2c(nc1=O)Nc1c(OCC[NH+]=C(N)N)cccc1O2;CN(CC1CCCO1)C(=O)Cn1c(=O)[nH]c2ccccc2c1=O;Cc1ccccc1Cn1ccc2nc(-c3ccccc3F)nc-2c1;NC(=O)c1cccc(OCC2CCN(CC(F)(F)F)CC2)n1;O=C(Nc1cccnc1)N1CCC(c2ccc(F)c(F)c2)CC1;C[NH2+]Cc1ccc(S(=O)(=O)NC2(C)CCOC2C)c(F)c1;CC1CN(S(=O)(=O)c2ccc(CO)cc2F)CC(C)[NH+]1C;CC(=O)OCCCCn1cc(Nc2ccccc2)c(=O)[nH]c1=O
m_6b66aa,Cc1nc(NS(=O)(=O)c2ccc(F)cc2)sc1C(N)=O;O=S(=O)(Nc1ccccc1CO)c1ccc(F)cc1Cl;O=S(=O)(Nc1ccccc1CO)c1ccc(F)c(Cl)c1;CC(=O)c1csc(NS(=O)(=O)c2cc(F)ccc2N)n1;O=S(=O)(Nc1ccccc1Cl)c1cc(F)ccc1CO;Cc1cccc(O)c1NS(=O)(=O)c1cc(F)ccc1Cl;Cc1noc(NS(=O)(=O)c2ccc(CC(=O)[O-])s2)c1C;NS(=O)(=O)c1ccc(OCc2ccc(Cl)cc2)c(F)c1;Cc1sc(C(=O)[O-])cc1S(=O)(=O)N1CCOC(C#N)C1;NS(=O)(=O)c1ccc(OCc2cccc(Cl)c2)c(F)c1;O=S(=O)(Nc1cc(F)ccc1Cl)c1ccccc1CO;Cc1nc(-c2cncc(F)c2)sc1C(=O)NS(C)(=O)=O;O=S(=O)(Nc1ccccc1F)c1cc(CO)ccc1Cl;Cc1ncsc1C(=O)Nc1cc(S(N)(=O)=O)ccc1F;O=C1CN(S(=O)(=O)c2ccc(F)c(C(=O)[O-])c2)CC(=O)N1;COc1ccc(Cl)cc1S(=O)(=O)Nc1ccccc1F;O=S(=O)(Nc1cccc(Cl)c1F)c1ccc(CO)cc1;O=S(=O)(Nc1ccc(F)cc1Cl)c1ccc(CO)cc1;O=S(=O)(Nc1cccc(F)c1)c1cc(CO)ccc1Cl;COCCNS(=O)(=O)c1ccc(OC(F)F)c(Cl)c1;O=[N+]([O-])c1cccc(F)c1NS(=O)(=O)c1ncccc1F;CC(CS(C)(=O)=O)NS(=O)(=O)c1ncn(C)c1Cl;Cc1c(S(=O)(=O)NC2CCC2)sc2ccc(Cl)cc12;O=S(=O)(Nc1cccc(Cl)c1)c1ccc(F)c(CO)c1;COc1cccc(NS(=O)(=O)c2cc(Cl)ccc2F)c1
m_6d224e,CCCN(CCC)C(=O)c1ccc(Cl)c(NC(=O)c2cccs2)c1;CCN1CCN(C(=O)Cc2csc(NC(=O)c3cccs3)n2)CC1;CC(=NNc1ccc(S(=O)(=O)N2CCCCC2)cn1)c1cccs1;CC(C)c1nnc(NC(=O)C2CCCN(C(=O)c3cccs3)C2)s1;CC(C)Cc1nnc(NC(=O)C2CCCN2C(=O)c2cccs2)s1;CCCCc1nnc(NC(=O)C2CCCN2C(=O)c2cccs2)s1;COc1cc(C(=O)NCCNC(=O)c2cccs2)cc(OC)c1OC;O=C(NCCCC(=O)N1CCCc2cc(F)cc(F)c21)c1cccs1;O=C(c1cccs1)c1ccccc1C(=O)N1CCN(CC(F)F)CC1;COC(=O)c1cc(CN(C)C(=O)CCNC(=O)c2cccs2)oc1C;Cc1c(Cl)cccc1NC(=O)N1CCC(C(O)c2cccs2)CC1;CC(C)C(=O)N1CCC(C(=O)Nc2nc(-c3cccs3)ns2)CC1;CC(C)C(NC(=O)c1cccs1)C(=O)NCc1cn(CC(=O)[O-])nn1;COc1cc(CCC(=O)NNC(=O)c2cccs2)cc(OC)c1OC;O=C(CCCCc1cccs1)NCC(=O)NCc1ccc(Cl)cc1;CC[N+]1=C(C)C(C)(CCc2cccs2)c2cc(S(=O)(=O)O)ccc21;CCOc1ccc(Cl)c(C(=O)NC(c2cccs2)C2CCCC2)n1;O=C(CSc1nc(=O)c(-c2cccs2)n[nH]1)NC1CCCCCC1;CC(c1ccc(Cl)cc1)N(C)C(=O)CCCNC(=O)c1ccsc1;Cn1c(SCC(=O)N2CCOCC23CCC3)nnc1-c1cccs1;CC(C(=O)NCC1CC2CCC1O2)n1c(-c2cccs2)n[nH]c1=S;Cc1cccc(N2CCC(CNS(=O)(=O)c3ccc(Cl)cc3)C2)c1;O=C(NC1CCN(C(=O)Cc2cccs2)CC1)c1ccc(F)cc1F;CC(=O)N1CCN(C(=O)CCc2sc(N)nc2-c2cccs2)CC1;C#CC(C)(CCCc1sccc1-c1ccccc1)c1ccc(Cl)cc1
m_6d3dc0,NS(=O)(=O)CC1CCN(C(=O)NCc2cccc(F)c2)CC1;NS(=O)(=O)N1CCC(C(=O)NCCc2cccc(F)c2)CC1;NC(=O)CCN1CCC(NS(=O)(=O)c2ccc(F)cc2)CC1;CN(Cc1cccc(F)c1)C(=O)C1CCN(S(N)(=O)=O)CC1;CN(C)S(=O)(=O)N1CCN(C(=O)Cc2cccc(F)c2)CC1;CCS(=O)(=O)NCC(=O)N1CCN(c2ccc(F)cc2)CC1;NC(=O)c1ccccc1NC(=O)C(=O)NCCc1ccc(F)cc1;Cc1c(NC(=O)c2ccc(COc3ccc(F)cc3)o2)cnn1C;COc1cc2c(=O)nc(N)n(Cc3ccc(F)cc3)c2cc1OC;CS(=O)(=O)NC1CCN(C(=O)NCc2cccc(F)c2)CC1;CCOC(=O)Cc1cn(Cc2ccc(F)cc2)c2ccc(F)cc12;CS(=O)(=O)N1CCC(CNC(=O)NCc2ccc(F)cc2)C1;CCOC(=O)n1c(=O)[nH]c2cc(NCc3ccc(F)cc3)ccc21;CCOc1ccc(C(=O)NCc2cn[nH]c2-c2ccc(F)cc2)o1;COc1cc(-c2n[nH]c(=O)n2CCc2ccccc2F)ccc1O;CCS(=O)(=O)N1CCN(C(=O)Nc2cc(F)ccc2C)CC1;CCn1cc(COc2ccc(F)cc2)c2c(C(=O)NO)nccc21;O=C(COc1ccc(F)cc1)N1CCN(c2cccnc2)C(=O)C1;C#CCN(Cc1ccc(F)cc1)C(=O)CCOc1ccc(F)cc1;CS(=O)(=O)NC1CCCN(C(=O)NCc2cccc(F)c2)C1;CCCS(=O)(=O)N1CCC(NC(=O)Nc2ccc(F)cc2)C1;O=C(CNC(=O)C1CC1)Nc1ccc(Oc2ccc(F)cc2)cn1;O=C(COc1ccc(F)cc1F)N1CC=C(c2ccccc2)CC1;CCS(=O)(=O)NCC(Cc1cccc(F)c1)N1CCNC1=O;COc1ccc(C)nc1Cn1c(Cc2ccc(F)cc2)noc1=O
m_6d9287,O=C(Cc1cccnc1)NCCCc1ccccn1;Cc1ccc(NCC(=O)NCc2cccnc2)cc1;CCCN(Cc1ccncc1)C(=O)c1cccnc1;CCc1cccc(NC(=O)NCc2cccnc2)c1;CC(=O)Nc1ccc(NCCc2ccccn2)cc1;CCN(CCc1ccncc1)C(=O)c1cccnc1;CNc1ccccc1C(=O)NCCc1cccnc1;CCN(Cc1ccccc1)C(=O)Nc1cccnc1;Cc1ccc(CNC(=O)NCc2cccnc2)cc1;CCNc1ccc(C)cc1C(=O)Nc1cccnc1;O=C(CCCCc1cccnc1)Nc1cccnc1;Cc1ccc(NC(=O)NCCc2cccnc2)cc1;Cc1ccccc1CNC(=O)NCc1cccnc1;CCCNC(=O)c1cccc(Nc2cccnc2)c1;Cc1ccc(C)c(NCC(=O)Nc2cccnc2)c1;Cc1ccc(CCNC(=O)Nc2ccccn2)cc1;CC(C)(NC(=O)Nc1ccccc1)c1cccnc1;CCN(C)c1ccc(C(=O)Nc2cccnc2)cc1;Cc1cccc(NC(=O)NCc2cccnc2)c1C;O=C(NCCCc1ccccn1)Nc1ccccc1;Cc1ccc(N)c(C(=O)N(C)Cc2cccnc2)c1;Cc1cc(C(=O)Nc2cccnc2)ccc1N(C)C;CC1CCc2nn(Cc3cccnc3)c(=O)cc2C1;CNC(=O)c1cccc(CCNc2ccccn2)c1;CC(=O)Nc1cccc(NCCc2ccncc2)c1
m_6e1c94,Oc1c2c(c(O)n1-c1n[nH]c(Cc3ccc(F)cc3)n1)CCCC2;COc1cccc(NCc2nc(=O)n(Cc3ccc(F)cc3)[nH]2)c1;O=C(NC1CN(c2ccc(F)cc2)C1=O)C1CCc2cn[nH]c2C1;COc1ccc(F)cc1-c1c[nH]c2ncnc(N3CCOCC3)c12;COc1cccc(NCc2nc(=O)n(Cc3cccc(F)c3)[nH]2)c1;COc1ccc(NCc2nc(=O)n(Cc3cccc(F)c3)[nH]2)cc1;Cc1nn(-c2ccc(F)cc2)c(C)c1-c1nc(C2CCOC2)no1;O=C(CN1CCN(c2ccc(F)cc2)C1=O)NCc1cccnc1;O=C1CCN1c1cc(Cc2n[nH]c(=O)c3c2NCCC3)ccc1F;CCn1nc(C2CC2)cc1C(=O)N1CC(=O)Nc2c(F)cccc21;Cc1nnc(-c2cc(C)n(CC(=O)Nc3cccc(F)c3)c2C)o1;CCONC(=O)c1cc(-c2cccn2C)nn1-c1ccc(F)cc1;O=C1CC(C(=O)NCCNc2cccnc2)c2cc(F)ccc2N1;Cc1ncc2c(n1)CCCN(CC(=O)Nc1ccc(F)cc1)C2=O;CN1CCn2nc(NC(=O)C3CC3c3ccc(F)cc3)cc2C1=O;O=C(CN1CCN(c2ccc(F)cc2)C1=O)NCc1ccccn1;Cc1cccnc1NC(=O)CN1CCN(c2ccc(F)cc2)C1=O;Cc1n[nH]c(=O)c(C(=O)NCCc2c[nH]c3ccc(F)cc23)c1C;O=c1nc(Cc2ccccc2F)nc2n(C3CCCOC3)[nH]cc1-2;O=C(CN1CCN(c2ccc(F)cc2)C1=O)NCc1ccncc1;OCc1cccc(-c2c[nH]c3ncnc(N4CCOCC4)c23)c1F;O=C(NN=Cc1ccc(N2CCOCC2)c(F)c1)c1ccccn1;COCCNC(=O)c1cnc2c(-c3ccc(F)cc3)cnn2c1C;COCCn1cc(NC(=O)c2cc3ccc(F)cc3nc2C)cn1;Nc1ccc(Oc2cc(N3CCOCC3)cn3nccc23)c(F)c1
m_6ebcf9,CC(C)c1ccc(CNC(=O)C2CCN(c3cn[nH]c(=O)c3)C2)cc1;CCc1ccc(NC(=O)C2CCC(=O)N(C)C2c2cnn(C)c2)cc1;CC(C)c1ccc(NC(=O)c2cnc(NCC3CCCO3)nc2)cc1;CCc1ccc(C(=O)NCC2(O)CCCN(c3ncccn3)C2)cc1;CCn1cc(C2=NOC(C(=O)Nc3ccc(C(C)C)cc3)C2)c(C)n1;CC(C)c1ccc(C(=O)NC2CCN(c3cccnn3)CC2)c(O)c1;CC(C)c1ccc(N2CC(C(=O)NCCc3cnc[nH]3)CC2=O)cc1;Cc1cc2n(CCNC(=O)COc3ccc(C(C)C)cc3)ccn2n1;Cc1nc(N2CCOCC2)ncc1C(=O)Nc1ccc(C(C)C)cc1;CCCc1cc(CNC(=O)c2ccc(N3CC4CCC3C4)nc2)on1;CCc1ccc(NC(=O)c2cc(NC(=O)C3CCCC3)n(C)n2)cc1;Cc1cnn(CCC(=O)Nc2ccc(C(=O)NC3CCCC3)cc2)c1;CCc1ccc(CNC(=O)C(C)N2C(=O)CCn3nc(C)cc32)cc1;CC(C)c1ccc(OCC(=O)N2CC(n3cc(C4CC4)nn3)C2)cc1;CCc1ccc(OCC(=O)N2CCCN(c3cccnn3)CC2)cc1;CC(C)c1ccc(Nc2cnc(C(=O)NCC3CCCO3)cn2)cc1;CCCCn1nccc1NC(=O)c1ccc(CN2CCCC2=O)cc1;CCc1ccccc1NC(=O)Cn1c(N2CCCC2)nc(C)cc1=O;CCc1ccnc(C(=O)Nc2cccnc2N2CCC(CO)CC2)c1;CCc1cc(C(=O)Nc2cccc(CN3CCCCC3=O)c2)n(C)n1;CC(C)c1ccc(C(=O)N2CCCC(c3cc(C(N)=O)[nH]n3)C2)cc1;CCOCCCNC(NC1CCN(c2ncccc2Cl)C1)=[NH+]C;CCc1cc(NC(=O)C2CCC(=O)N2Cc2ccc(C)cc2)n(C)n1;O=C(CCCNC(=O)c1ccccc1)Nc1ccnn1C1CCCC1;Cc1n[nH]c(C(C)C)c1C(=O)NCc1ccc(C(=O)NC2CC2)cc1
m_6f127a,CC(C)c1ccc(-c2ccc(N3CC(CO)OC3=O)cc2F)cn1;Cc1ccc(CSCCN=Cc2c(CO)cnc(C)c2O)cc1;COc1cccc(C(=O)N2CCC(O)(c3cccnc3F)CC2)c1;COc1ccc(CNc2cc(N3CCOC3=O)ccc2C)cc1F;Cc1ncccc1C(=O)NC1CCOCC1Oc1cccc(F)c1;COc1cccnc1CC(=O)NC1CCCOc2cc(F)ccc21;CC(NC(=O)NCCc1ccccc1F)c1ccc2c(c1)OCO2;COc1ccccc1N1CCN(C(=O)Oc2cccc(F)c2)CC1;Cc1cc(C(=O)N2CCC3(CC2)OCCO3)c2cc(F)ccc2n1;CC(Cc1ccccc1F)NC(=O)NCc1ccc2c(c1)OCO2;CCOc1ncccc1C(=O)N1CCOC(c2ccc(F)cc2)C1;COc1ccccc1CCNC(=O)CC(=O)Nc1cccc(F)c1;CCOc1ccccc1C(=O)NCC(=O)Nc1c(C)cccc1F;Cc1cccc(O)c1C(=O)Nc1ccc(F)c(N2CCOCC2)c1;CC(CCc1cccc(F)c1)C(=O)Nc1cc2c(cc1N)OCO2;Cc1c(C(=O)NCCOc2ccccc2F)[nH]c2c1C(=O)CCC2;Cc1cnccc1OC1CCN(C(=O)c2cccc(F)c2O)CC1;O=C(CCNc1ccc2c(c1)OCO2)NCCc1ccccc1F;COc1ccccc1CCNC(=O)CNC(=O)c1ccc(F)cc1;CC(C)Oc1ncccc1C(=O)NC1CCOc2ccc(F)cc21;O=C(NCCc1cccc(F)c1)Nc1ccc2c(c1)OCCCO2;CCOc1ccccc1CCNC(=O)Nc1cccc(SC)c1;Fc1cccc(NCC2(c3ccc4c(c3)OCO4)CCOCC2)n1;COc1ccc2c(c1)CC(NC(=O)Nc1ccc(C)c(F)c1)CO2;CC(C)(NC(=O)NCc1ccc2c(c1)OCO2)c1ccc(F)cc1
m_6f3a5c,CN1CCCCC1C(=O)Nc1cccc(OCc2ccccn2)c1;COc1ccc(C)cc1NC(=O)C1CCCN1Cc1ccccn1;Cc1n[nH]c(C)c1C1CCCN1C(=O)Cc1ccc2c(c1)CCO2;Cc1cc(C2CCCN(C(=O)Cc3ccc4c(c3)CCO4)C2)n[nH]1;CC1(C)CC(NC(=O)NCCc2ccccn2)c2ccccc2O1;COc1cccc(C2CCCN2C(=O)c2n[nH]c3c2CCCC3)c1;Cc1nn(CC(O)c2ccc(CC(C)C)cc2)c(=O)c(C#N)c1C;CC(C)(O)C1CCCN1C(=O)Nc1cccnc1-c1ccccc1;CC(C)c1ccc(NC(=O)c2cccnc2N2CCOCC2)cc1;COc1ccccc1C1CCCN1C(=O)c1[nH]nc2c1CCCC2;Cn1nc(C2CCC[NH+](Cc3ccc(F)cc3)C2)c2cccnc21;Cn1nc(C(=O)NC2CCCCCC2)c2c1-c1ccccc1OC2;CC(C)c1ccc(NC(=O)CN2CCOc3ccc(N)cc32)cc1;COc1ccc(C2CC2C(=O)N2CCCC(c3ccn[nH]3)C2)cc1;COc1ccccc1C1CC1C(=O)N1CCCC(c2ccn[nH]2)C1;O=C(NCC1CCCOC1c1cn[nH]c1)c1cccc2c1CCC2;Cc1cc(NC(=O)N2CCCC2C2CCCO2)c2ncccc2c1;N#Cc1cccnc1N1CCC[NH+](Cc2nc(C3CC3)no2)CC1;O=C(c1n[nH]c2c1CCC2)N1CCCC(COc2ccccc2)C1;CC(C)Cn1cc(NC(=O)C2CC23CCOc2ccccc23)cn1;Cc1nn(C)c(C)c1CCNC(=O)C=Cc1ccc2c(c1)CCO2;CC1(C)CCc2ccccc2C(NC(=O)c2cc3n(n2)CCO3)C1;Cc1nn(C)c(C)c1C1CCCN1C(=O)C1Cc2ccccc2O1;Cc1cnn(CC2CCCN2C(=O)Cc2ccc3c(c2)CCO3)c1;Cc1n[nH]c(C)c1C1CCCN1C(=O)c1cccc2c1OC(C)C2
m_6f414f,COc1ccc2c(c1)C(NC(=O)n1sc3ncccc3c1=O)CC2;Cc1nc(-n2cccc2)sc1C(=O)Nc1ccc2c(c1)OCCO2;NS(=O)(=O)Cc1ccc(NC(=O)c2ccc3ncccc3c2)cc1;Cc1ccc2nc(SCC(=O)Nc3ccc4c(c3)OCO4)[nH]c2c1;Cc1cc(C)c2c(N)c(C(=O)Nc3ccc4c(c3)OCO4)sc2n1;O=S1(=O)CCn2ccc(-c3ccc(Oc4ccccn4)cc3)c2N1;COc1ccccc1C(=O)Nc1cnc2sc3c(n2c1=O)CCC3;O=C(Nc1cnn(COCC(F)(F)F)c1)c1nc2ncccn2n1;O=C(NCCc1nc2ccccc2s1)Nc1ccc2c(c1)OCO2;CN(Cc1nc2ccccc2s1)C(=O)Nc1ccc2c(c1)OCO2;COCC(=O)Nc1cccc(-n2c(=S)[nH]c3ccccc3c2=O)c1;O=C(NC1CCN(c2nccs2)C1)c1cc(=O)c2ccccc2o1;O=C(Cc1ccc2c(c1)OCO2)Nc1nnc(-c2ccc(F)cc2)o1;CS(=O)(=O)c1ccc(NC(=O)c2cccc(-n3cccn3)c2)cc1;CSc1cccc(NC(=O)Cn2c(=O)[nH]c(=O)c3ccccc32)c1;CCOc1ccc(NC(=O)c2ccc3c(=O)[nH]c(=S)[nH]c3c2)cc1;Cc1cc(C)c(C#N)c(SCC(=O)Nc2ccc3c(c2)OCO3)n1;CS(=O)(=O)c1cccc(C(=O)Nc2ccccc2-n2cccn2)c1;O=C1CCc2cc(S(=O)(=O)NC3CCCNC3=O)c(F)cc2N1;CC(=O)c1sc(NC(=O)Cn2ccc3ccccc3c2=O)nc1C;O=C(CCn1c(=S)[nH]c2ccccc2c1=O)Nc1ccccc1O;COC(=O)c1ccsc1N1CCC(Nc2ccc(C#N)cc2)C1=O;Cc1c(C(=O)OCc2ccccn2)sc2nc3n(c(=O)c12)CCC3;O=C(Nc1nnc(-c2ccc3c(c2)OCCO3)o1)c1cccc(F)c1;Cc1ccc(-c2nnc(SCC(=O)Nc3cccc(O)c3)o2)cc1
m_6f45e5,CCOc1ccc(C(=O)NCCCN2CC[NH+](Cc3ccccc3)CC2)cc1;COc1ccc(N2CC[NH+](Cc3ccc(C(=O)NCC(C)C)cc3)CC2)cc1;O=C(NC1CCN(CCc2ccccc2)CC1)N1CCCC(n2cncn2)C1;COc1ccc(N2CCN(C(=O)CC[NH2+]CCCc3ccccc3)CC2)cc1;CCC(C)CCNc1ccc(C(=O)N2CCCN(c3ncccn3)CC2)cn1;Cn1nccc1C1CN(C(=O)CCN2CCN(c3ccccc3)CC2)CC1N;CCc1ccc(OCC(=O)N2CCN(c3cccc(C[NH+](C)C)c3)CC2)cc1;CCCN1CCC(CNC(=O)N2CCn3c(nnc3-c3ccccc3)C2)CC1;CC(C)C([NH3+])CCN(C)C(=O)C(Cc1ccccc1)NC(=O)c1ccccc1;CCCC(NC(=O)C(C)[NH+]1CCN(c2ccc(O)cc2)CC1)c1ccccc1;COc1cccc(N2CC[NH+](CC(=O)NC(c3ccccc3)C(C)C)CC2)c1;COc1ccccc1N1CC[NH+](Cc2ccc(C(=O)NCC(C)C)cc2)CC1;CC[NH+](CC)C(C(=O)N1CCN(c2ccc(OC)cc2)CC1)c1ccccc1;Cc1ccc(C(=O)NC(C(=O)NCC[NH+](C)Cc2ccccc2)C(C)C)cc1;CCCCC(=O)N(c1ccccc1F)C1CCN(CCc2ccccc2)CC1;CC(C)NC(=O)c1ccc(N(C)CC(c2ccccc2)[NH+]2CCC(O)C2)cc1;COc1ccc(N2CC[NH+](CC(=O)NC(C)CCc3ccccc3)CC2)cc1;O=C(NC1CC1)c1ccc(C[NH+](CCN2CCCCC2)Cc2ccco2)cc1;COc1cccc(N2CC[NH+](C(C)C(=O)Nc3ccc(C(C)C)cc3)CC2)c1;CCC(Oc1ccccc1C)C(=O)NCc1ccc(N2CC[NH+](C)CC2)cc1;Cc1cccc(OCC(=O)N2CCN(c3cccc(C[NH+](C)C)c3)CC2)c1C;CC(C)CNC(=O)c1ccccc1NC(=O)C[NH+](C)CCCc1ccccc1;CCCCCCC[NH2+]CC(=O)Nc1cccc(C(=O)NCc2ccccc2)c1;COc1ccc(N2CC[NH+](CCNC(=O)CCCc3ccccc3)CC2)cc1;CC[NH+]1CCN(c2ccc(NC(=O)c3ccc(OCC(C)C)cc3)cc2)CC1
m_70464b,Nc1ncnc2c1ncn2C1OC(CO)C(F)C1F;Nc1nc(F)nc2c1ncn2C1CC(F)C(CO)O1;Nc1nc(F)nc2c1ncn2C1CC(O)C(CF)O1;NC1=NC(=O)c2[nH]cc(C3OC(CO)C(O)C3F)[n+]21;Nc1nc(=O)c2ncn(C3CC(F)(CO)C3F)c2[nH]1;Nc1cccc(CCc2ccc3c(Cl)c[nH]c3c2)n1;CCCS(=O)(=O)NCC(=O)c1ccc(OC)cc1;O=C(NOC(=O)c1ccccc1)OCc1ccccc1;Cc1ccc(F)cc1NC(=O)c1nc2ncccn2n1;CNc1ccc(Cl)c(C(=O)NCCNC(N)=O)n1;Nc1ccc(F)c(NC(=O)c2cnn3ccncc23)c1;N#Cc1cc(Nc2cc(C(N)=O)c(N)cn2)ccc1F;Cc1cc2ncn(-c3c(N)cccc3Cl)c2cc1C;O=S(CC1NC(CO)C(O)C1O)c1ccccc1;C[NH2+]C1CCN(c2ccc3c(c2)OC(F)(F)O3)C1=O;Nc1cccc(F)c1Oc1nnnn1-c1ccccc1;N#Cc1cc(F)ccc1Nc1nc(C(N)=O)ccc1N;Nc1ncnc2c1ncn2CC(=O)c1ccccc1F;CSc1nc(N)cc(NCc2ccc(C#N)cc2)n1;Cc1c(N)c(=O)n(Cc2ccc(F)c(F)c2F)n1C;COc1ccsc1C(=O)N1CC(CO)OCC1C;Cc1nc(C(=O)N2CCOC(C(N)=[NH+]O)C2)cs1;COC(=O)C(CO)NC(=O)COc1cccc(F)c1;Nc1n[nH]c(-c2ccco2)c1N=Nc1cccc(F)c1;NC(=O)c1ccc2c(c1OCc1ccccc1)OCO2
m_70fe91,Cn1ccnc(NC2CCN(c3ccc(Br)cc3)C2)c1=O;Cc1nc(C(=O)N2CCN(c3cccc(Br)c3)CC2)c[nH]1;Cc1c(C(=O)N2CCNCC2)cnn1-c1cccc(Br)c1;O=C(c1cn[nH]c1)N1CCN(Cc2ccc(Br)cc2)CC1;Cc1nc(C2CCN(C(=O)c3ccc(Br)cc3)CC2)n[nH]1;Cc1ccc(Br)cc1C(=O)N1CCCC1c1nncn1C;Cn1ncc2c1CCCC2NC(=O)c1cc(Br)ccc1N;Nc1cc(Br)cc(Cn2ncc(N3CCCC3)cc2=O)c1;O=c1cc(N2CCCCC2)cnn1Cc1ccc(Br)cn1;CCn1cnnc1CNC(=O)C1CC1c1cccc(Br)c1;Nc1ccc(Br)cc1C(=O)N1CCCC(c2ccn[nH]2)C1;Cn1ncc2c1CCCC2NC(=O)c1ccc(Br)cc1N;COc1ccc(Br)cc1-c1nc2c(c(NN)n1)CCCC2;Cn1nncc1C(=O)N1CCC(C)(C)c2ccc(Br)cc21;COc1ccc(N2CCN(c3ncncc3Br)CC2)cc1;NC(=O)C1CCCN(c2ccc(N)c3cc(Br)cnc23)C1;O=C(Cn1ccnn1)N1CCC(c2cccc(Br)c2)CC1;Cc1cc(N2CCOC(c3ccc(Br)cc3)C2)nc(N)n1;O=C(Cn1cc(Br)cn1)N1CCNCC1c1ccccc1;CCCn1nc(-c2ccncc2Cl)n(-c2ccc(Cl)cc2)c1=O;Cn1ccnc(NC2CCN(c3ccccc3Br)C2)c1=O;Cc1c(C(=O)NC2CC(c3ccc(Br)cc3)C2)nnn1C;COc1nc(N2CCN(c3ccccc3)CC2)ncc1Br;Cn1cnc(C(=O)N2CCCC2Cc2ccc(Br)cc2)n1;Cn1nncc1C(=O)NC1(c2ccc(Br)cc2)CCCC1
m_70ff2a,CC(C)(C)CC1CN(C(=O)Nc2ccc(C(N)=O)cc2)CC1C#N;CC(C)NC(=O)Nc1ccc(CNC(=O)C2(C#N)CCCC2)cc1;N#Cc1ccc(NC(NC2CCCCCCC2)=[NH+]CC(=O)[O-])cc1;CC(C)(C)C(=O)Nc1cccc(C(=O)NCCCn2ccnc2)c1;CC(C)Oc1ccc(NC(=O)c2cnc(NC(C)(C)C)nc2)cc1;CC(=O)c1ccc(NC(=O)Nc2cc(CC(C)(C)C)[nH]n2)cc1C;Cc1ccnc(-c2ccc(NC(=O)NCC(O)C(C)(C)C)cc2)n1;CC(C)C(C)(C#N)NC(=O)CNc1ccc(NC(=O)C2CC2)cc1;N#CCNC(=O)C(CC1CCCCC1)NC(=O)c1ccc(N)cc1;Cc1cc(C)cc(C(=O)OC2CCN(C(=NC#N)N(C)C)CC2)c1;CN(C)C(=O)C1CCC(C2CCN(c3ccncc3C#N)CC2)O1;CCN1CCC(N(C)C(=O)CNC(=O)c2ccc(C#N)cc2)CC1;CCCNC(=O)c1cccc(NCC(=O)NC(C)(C#N)C2CC2)c1;CCCCNC(=O)c1cnc(Nc2ccc(OC(C)C)cc2)nc1;N#Cc1ccc([NH+]=C(N)N(CC(=O)[O-])C2CCCCCCC2)cc1;CCCN1C(=O)CCc2cc(NC(=O)NC(CC)CC#N)ccc21;CCC(C)(CCO)NC(=O)Nc1ccc(-c2nccc(C)n2)cc1;CNC(=O)c1[nH]c(C(C)(C)C)cc1NC(=O)Nc1ccc(C)cc1;C[N+]1=C(N)C(=Nc2ccc(N3CCCCC3)cc2NC(N)=O)C=N1;N#Cc1ccc(N2CCC(NC(=O)NCC3(O)CCC3)CC2)cc1;COCCCNc1ncc(C(=O)Nc2ccc(C(C)C)cc2)cn1;Cc1nn(C)c(C)c1C(=O)Nc1cccc(NC(=O)C(C)(C)C)c1;CC(C)Oc1ccc(NC(=O)c2cc(NC(C)(C)C)ncn2)cc1;CC(C)c1ccc(NC(=O)NCC(C)(C)c2ccc(F)cc2)cc1;CC(C)Cc1cc(C(=O)Nc2ccc(C(=O)NC(C)C)cc2)n[nH]1
m_7108be,CCCCCCCC(=O)N1CCOCC1C(=O)OC;CC(O)CC1COCCN1C(=O)C1CCCOCC1;CCOC(=O)C(C(=O)N1CCCOCC1)C(C)(C)C;CCCCC(CC)C(=O)N1CCOCC1C(=O)OC;CC(C)(C)OC(=O)N1CCC(O)C(C2CCOC2)C1;COC1C[NH+](CC2(C(=O)[O-])CCOCC2)CCC1C;COC(=O)CCN(CCC(C)C)C(=O)C1CCCO1;CC(COC1CCOC1)NC(=O)C1CCCOCC1;CC1CN(C(=O)OC(C)(C)C)CC2(CCOCC2)O1;CC1CCC(OCC(=O)N(C)C2COCC2O)CC1;COCC1COCCN1C(=O)C1OCCC1C(C)C;CC[NH2+]C(COC)Cc1nc(N2CCOCC2)no1;CC(C)C[NH+](CC(=O)[O-])C1CCC2(CC1)OCCO2;CC(C[NH+](C)C1CCOC2(CCOCC2)C1)C(=O)[O-];CC(C)(C)OC(=O)N1CCOCC1C(O)C1CCC1;CCC1OCCC1C(=O)NC(CC(C)C)C(=O)OC;CCOC(=O)CCC(=O)NCC1(O)CCC(C)CC1;CCC1CCC(O)(CNC(=O)C2COCCO2)CC1;CCC(OC1CCCC1)C(=O)NC1(CO)CCOC1;COC(=O)C(CC(C)C)NC(=O)CCC1CCCO1;COCCOC1CCN(C(=O)CC2CCOC2)CC1;CCCCCCC(NC(=O)C1CCCO1)C(=O)OC;CCC[NH+](C1CCCOCC1)C1COCC1C(=O)[O-];CC(C)[NH+](CCC(=O)[O-])C1CCOC2(CCOC2)C1;C[NH2+]C(C)c1nnc(N(C)CC2(O)CCOCC2)o1
m_7125ae,CC(C(=O)Nc1cc(N)ccc1F)[NH+]1CCCOCC1;Cn1cc(CNC(=O)C2(C(N)=[NH+]O)CCOCC2)cn1;CCNC(=O)C1COCC[NH+]1Cc1c(N)cccc1F;Cc1noc(C(C)C)c1C(=O)NCC1(O)CCOCC1;CCn1nc(C)cc1C(=O)N1CCOC(C(N)=[NH+]O)C1;Cc1cc(OCC(=O)NCC2(O)CCCC(C)C2)no1;CCC1OCCCC1C(=O)NCCN1C(=O)CCC1=O;CCCCc1c(C2CCN(C(=O)OC)CC2)o[nH]c1=O;NC(=[NH+]O)c1c(F)cccc1N1CCCCC1CCO;CN(CC1CCOCC1)c1cccc(F)c1C(N)=[NH+]O;Cc1noc(C)c1CCC(=O)NC1(CO)CCOCC1;COC(=O)CCCCCNC(=O)Cc1c(C)noc1C;COC1CCC(NC(=O)CCc2c(C)noc2C)C1O;Cc1cc(OCC(=O)NCC2(O)CCC(C)CC2)no1;CCc1cc(C(=O)NC2CCCCC(OC)C2O)no1;CN(CCC(=O)O)C(=O)C1CC(=O)N(C2CCCC2)C1;CC(C)C(C(=O)N1CCC(C(=O)O)C1)N1CCCC1=O;COc1ccc(CCC(=O)NCCCON)cc1OC;COCc1cc(C(=O)NCC(O)C2CCCCC2)no1;Nc1cc(F)ccc1NC(=O)CC[NH+]1CCCOCC1;O=C(COCC1CCOC1)NC1CC(=O)N(C2CC2)C1;COc1cc(NC(CCO)C(C)(C)C)ccc1[N+](=O)[O-];CC([NH3+])C(c1ccccc1F)N1CCOCC1C(N)=O;CC(C)c1cc(C(=O)NCC(O)COCC2CC2)no1;CCC1C[NH+](CC(=O)Nc2ccc(F)c(N)c2)CCO1
m_741f2c,Nc1cc(Br)ccc1N1CCC2NC(=O)CCC2C1;Cc1nn(CCCOc2ccccc2N)c(C)c1Br;CCCN(CCO)c1ccc(N)c2cc(Br)cnc12;CCC(C)n1ccc(COc2c(N)cccc2Br)n1;COCCCNc1ncc(Br)c2c(N)cc(C)cc12;COCCC1(Cn2c(N)nc3cc(Br)ccc32)CC1;Cc1cc(N2CCCC3C(=O)NCC32)c(Br)cc1N;CCCCn1cnc(-c2cc(Br)ccc2OC)c1N;CCCn1c(C)nc(-c2cc(Br)ccc2OC)c1N;Nc1nc2ccc(Br)cc2n1CCOC1CCCC1;CCOCCCNc1nccn1-c1ccc(Br)cc1;Cc1ccc(Br)c(C(=O)N2CC(N)C3(CCC3)C2)n1;CC(C1CCOCC1)n1c(N)nc2ccc(Br)cc21;Nc1nc2cc(Br)ccc2n1CCC1CCCCO1;COc1ccc(Br)cc1CNCCCn1ccnc1;Cc1ccc(Br)c(C(=O)N2CC3CCCC3(N)C2)n1;CC(C)c1c(N)c(=O)n(Cc2ccc(Br)cc2)n1C;Cc1cc(C)c(OCc2c(Br)c(C)nn2C)cc1N;CCn1nc(C)cc1CC(O)c1cc(Br)ccc1N;CCC(C)(CO)Nc1ccc(N)c2cc(Br)cnc12;O=C(CNc1cccc(Br)c1)NNC1=CCCCC1;Nc1ccc(N2CCC3NC(=O)CCC3C2)c(Br)c1;CCCc1nn(C)c(OCc2ccc(Br)cc2)c1N;COCCCNc1nccn1-c1ccc(Br)cc1C;CCCc1nc(-c2cc(Br)ccc2OC)c(N)n1C
m_75100f,COc1cc([N+](=O)[O-])ccc1NC(=O)C[NH+]1CCC(Cc2ccccc2)CC1;CCOc1ccc([N+](=O)[O-])cc1C[NH2+]Cc1cccc(NC(=O)C2CCC2)c1;COc1ccc([N+](=O)[O-])cc1C(=O)N1CCC[NH+](Cc2ccc(C)cc2)CC1;COc1ccc([N+](=O)[O-])cc1NC(=O)c1ccc(C[NH+]2CCCCCC2)cc1;CN1CC[NH+](Cc2ccccc2CNC(=O)Nc2cccc([N+](=O)[O-])c2)CC1;COc1ccc([N+](=O)[O-])cc1C(=O)NCc1ccccc1C[NH+]1CCCCC1;NC(=O)C1([NH2+]Cc2ccc(OCc3cccc([N+](=O)[O-])c3)cc2)CCCCC1;CCOc1ccc(C(=O)N2CCC[NH+](Cc3ccccc3)CC2)cc1[N+](=O)[O-];COc1cc([N+](=O)[O-])ccc1NC(=O)C[NH+](Cc1ccccc1)C(C)C1CC1;CC(Oc1ccccc1[N+](=O)[O-])C(=O)NC1CC[NH+](Cc2ccccc2)CC1;CC(Oc1ccccc1)C(=O)N1CCC[NH+](Cc2ccc([N+](=O)[O-])cc2)CC1;CN(C)C(=O)CNC(NCCc1ccccc1)=[NH+]Cc1ccc([N+](=O)[O-])cc1;COc1ccc([N+](=O)[O-])cc1NC(=O)C(C)[NH+]1CCC(c2ccccc2)CC1;COc1ccc(C[NH+]2CCC(NC(=O)c3ccccc3C)CC2)cc1[N+](=O)[O-];COc1ccc(C(=O)NC2CC[NH+](Cc3ccccc3C)CC2)cc1[N+](=O)[O-];Cc1ccc(CNC(NCC(=O)N(C)C)=[NH+]Cc2ccc([N+](=O)[O-])cc2)cc1;CC(=O)Nc1ccc(OCC[NH+]2CCc3ccc([N+](=O)[O-])cc3CC2)cc1C;COc1ccc(C(CNC(=O)c2ccccc2[N+](=O)[O-])[NH+]2CCCCC2)cc1;CN(C(=O)C[NH+]1CCC(C(O)c2ccccc2)CC1)c1ccc([N+](=O)[O-])cc1;Cc1ccc(OCC(=O)NC2CC[NH+](Cc3ccccc3)CC2)c([N+](=O)[O-])c1;COc1ccc(C(CNC(=O)c2ccc(C)c([N+](=O)[O-])c2)[NH+]2CCCC2)cc1;CCc1cc(N2CCC(Nc3ccc([N+](=O)[O-])cc3C(=O)NC)CC2)ncn1;COc1cccc(N(C(C)=O)C2CC[NH+](Cc3cccc([N+](=O)[O-])c3)CC2)c1;C=CCOc1ccccc1CNC(NCCNc1ccc([N+](=O)[O-])cc1)=[NH+]C;NC(=O)c1cc([N+](=O)[O-])cnc1NCc1ccccc1C[NH+]1CCCCCC1
m_75dece,COc1ccc(NC(=O)CCn2nc(C)c(C)c2C)cc1;COc1ccc2c(c1)CC(Nc1cnn(CCO)c1)CC2;COc1ccc2ccnc(NCCC(=O)NC(C)C)c2c1;CCCn1ncnc1CC1(O)CCc2ccc(OC)cc21;COc1ccc(-n2ccnc(NCCC(C)C)c2=O)cc1;CNc1cc(Oc2ccc(OC)cc2C(C)(C)C)ncn1;COc1ccc(OCCCN2CCCc3[nH]ncc32)cc1;CCc1c(C)nn(C(=O)CNc2ccc(OC)cc2)c1C;COc1ccc(CNC(=O)CCn2nc(C)cc2C)cc1;COc1ccc(N(C)c2ccc(N)c(OC(C)C)n2)cc1;COc1ccc(Oc2ncnc(N)c2C)c(C(C)(C)C)c1;COc1ccc2nc(N3CCCC(O)CC3)c(C)nc2c1;CN(C)c1ccc(C=CC(=O)NC2CCC(=O)NC2)cc1;CCOc1ccc(NC(=O)CCn2nc(C)cc2C)cc1;COc1ccc(CNc2ccc(N)c(OC(C)C)n2)cc1;CC1(C)Cc2cc(CNc3cnn(CCO)c3)ccc2O1;CC(C)(C)c1ccc(OCc2nnc3n2CCOC3)cc1;COc1cc(C=CCN(C)CCc2c[nH]cn2)ccc1O;COc1ccc2c(c1NCc1nnc(C(C)C)o1)CCC2;CC(C)NC(=O)CN(C)c1nc2ccccc2cc1CO;Cc1ccc(OCC(=O)Nc2ccnn2C(C)C)cc1C;CCOc1ccc(CC(=O)Nc2ccnn2C(C)C)cc1;COc1ccc2[nH]c3c(c2c1)CCN(C(=O)NC(C)C)C3;CCOc1ccc(NC(=O)c2cc(CC(C)C)n[nH]2)cc1;CCOc1ccc(N(CC)C(=O)c2cn(C)nc2C)cc1
m_762dcf,COCCN1CC2=C(C1=O)C(c1ccccc1)NC(=O)N2;O=C1NC(=O)C2(CCN(C(=O)Cc3ccccc3)CC2)N1;Cc1ccccc1C1NC(=O)NC2=C1C(=O)N(CCO)C2;CC(CCc1ccco1)Nc1cc2[nH]c(=O)oc2cc1N;Cc1ccc(C(=O)N2CCCC3(C2)NC(=O)NC3=O)cc1;CC1(C)NC(=O)N(CCCOc2cccc(C#N)c2)C1=O;CC1OCCC1(O)CNC(=O)c1cnc2ccccc2n1;CC1(C(N)=O)CN(C(=O)c2cc3ccccc3[nH]2)CCO1;CC1C(O)CCCN1C(=O)c1nnc(-c2ccccc2)o1;NC(=O)C1(O)CCN(C(=O)c2cccc3cc[nH]c23)CC1;O=c1nc[nH]c(NCCCOC2CC[NH2+]CC2)c1Cl;COc1cc2nc(N)n(CCc3ccco3)c2cc1OC;NC(=O)c1ccc(CN2C(=O)NC3(CCCC3)C2=O)cc1;[NH3+]C1CCC(OCCNc2[nH]cnc(=O)c2Cl)CC1;CCC1(C)C(=O)NC(=O)N1Cc1cc(C#N)ccc1OC;CCOC(=O)c1cnc2nc[nH]c(C3=CCC(O)CC3)c1-2;Cc1[nH]c2ccccc2c1C(=O)N1CCOC(C(N)=O)C1;Cc1nc2cc(C(=O)N(C)C3(CO)CC3)ccc2c(=O)[nH]1;CC1CCN(C(=O)Cn2c(=O)[nH]c(=O)c3ccccc32)C1;CC(C)(O)C[NH+]1CCN(c2[nH]cnc(=O)c2Cl)CC1;COc1ccc(N)c(NC(=O)c2noc3c2CCCC3)c1;O=C1NC2(CC2)C(=O)N1Cc1ccc(OCC2CC2)nc1;O=C(NCCc1cnc[nH]1)c1ccc2c(c1)OCCCO2;NC(=O)N1CCCC1COC(=O)c1cc2ccccc2[nH]1;O=C1NC(=O)C(CC(=O)N2CCCC2c2ccccc2)N1
m_76b47b,CC(C)NC(=O)C(Cc1c[nH]c2ccccc12)NC(=O)CCc1ccco1;COC1=CC=C(CCNC(=O)NCCC2=CNC3=CC=CC=C23)C=C1OC;COc1ccc(CNC(=O)NC(CO)Cc2c[nH]c3ccccc23)cc1C;CC(C)C(=O)NC(Cc1c[nH]c2ccccc12)C(=O)N(C)Cc1ccco1;COc1ccc(C(C)NC(=O)NCCc2c[nH]c3ccccc23)cc1OC;CCOC(=O)C1=C(C)C(C(=O)NCCC2=CNC3=CC=CC=C23)=C(C)N1C;CCOc1cccc2[nH]cc(CCNC(=O)Nc3cc(OC)ccc3C)c12;CC(=O)Nc1ccc(O)c(C(=O)N(C)Cc2ccccc2N2CCCC2)c1;O=C(Nc1ccc(F)cc1)N1CC[NH+](CCc2c[nH]c3ccccc23)CC1;CC(=O)Nc1cccc(OCC(=O)Nc2ccc(N3CCCCC3)cc2)c1;CCOc1ccccc1NC(=O)C1CCCN1C(=O)NCc1ccccc1;O=C(Nc1cccc(F)c1)N1CC[NH+](CCc2c[nH]c3ccccc23)CC1;CC(=O)Nc1ccc(N2CCN(C(=O)COc3ccc(C)cc3)CC2)cc1;CCOc1ccc(NC(=O)CC(=O)Nc2ccc(N3CCCC3)cc2)cc1;NC(=O)c1ccccc1OCC(=O)Nc1ccc(N2CCCCCC2)cc1;COc1ccc(C)cc1NC(=O)CC(=O)Nc1ccc(N2CCCC2)cc1;CC1CCN(c2ccc(NC(=O)NCc3ccc4c(c3)OCO4)cc2)CC1;CCCOc1c[nH]c(Cn2cc(CCNC(C)=O)c3ccccc32)cc1=O;CCOc1ccccc1NC(=O)C1CCCN1C(=O)Nc1ccc(C)cc1;COc1ccc(NC(=O)CC(=O)Nc2ccc(N3CCCCC3)cc2)cc1;COc1c(Cc2c[nH]c3ccccc23)[nH]c(=O)c(CC2CCCCC2)[n+]1[O-];COC1=CC=C([C@H]2NC3=CC=CC=C3C(=O)N2CC(=O)NCC(C)C)C=C1;COc1cccc(CNC(=O)C2CCCN(C(=O)Nc3ccccc3)C2)c1;CC(C)Oc1ccc(Cn2c(-c3ccc(O)c(C(C)C)c3)n[nH]c2=O)cc1;O=C(NCc1ccnc(N2CCOCC2)c1)c1cc2c(cc1O)CCCC2
m_76ffc5,O=C(CCc1ccccc1)NN=Cc1cc(Br)c(O)c2ncccc12;Cc1cc(Br)ccc1NC(=O)CC(=O)Nc1cccc2cccnc12;O=C(CCNC(=O)c1ccc(Br)cc1)Nc1cccc2cccnc12;COc1ccccc1NC(=O)c1cccnc1Nc1ccccc1Br;COc1cccc(Nc2ncccc2C(=O)Nc2ccc(Br)cc2)c1;COc1ccccc1Nc1ncccc1C(=O)Nc1ccccc1Br;CC(=NNC(=O)COc1cccc2cccnc12)c1ccc(Br)cc1;Nc1ccc(COc2ccc(Br)cc2C(=O)Nc2cccnc2)cc1;Nc1ccccc1COc1ccc(Br)cc1C(=O)Nc1cccnc1;COc1ccccc1Nc1ccnc(C(=O)Nc2ccccc2Br)c1;Nc1ncccc1C(=O)NCc1ccc(Oc2cccc(Br)c2)cc1;COc1ccccc1NC(=O)c1ccc(Nc2ccc(Br)cc2)cn1;COc1cccc(NC(=O)c2cc(Nc3ccccc3Br)ccn2)c1;COc1ccccc1Nc1ccc(C(=O)Nc2ccc(Br)cc2)nc1;CCCNC(=O)CSc1nc2ccc(Br)cc2c(=O)n1CCC;NC(=O)C(Cc1ccc(Br)cc1)NC(=O)c1cccc2cccnc12;C=CCOc1ccccc1C=Nn1c(C)nc2ccc(Br)cc2c1=O;COc1ccccc1Nc1cc(C(=O)Nc2cccc(Br)c2)ccn1;CCNC(=O)CSc1nc2ccc(Br)cc2c(=O)n1CC(C)C;COc1ccccc1Nc1ccc(C(=O)Nc2cccc(Br)c2)cn1;O=C(Nc1ccccc1C(=O)NC1CC1)c1cc2ccc(Br)cc2[nH]1;COc1ccc(NC(=O)c2ccc(-c3cccc(Br)c3)nc2C)cn1;Cc1ccccc1COc1cccnc1NC(=O)c1cncc(Br)c1;O=C(CCCC[C@@H]1SC[C@@H]2NC(=O)N[C@@H]21)NC1=CC=CC(Br)=C1;COc1ccc(NC(=O)c2ccc(Nc3ccc(Br)cc3)cn2)cc1
m_773a95,C#CCCCCNS(=O)(=O)c1ccc(F)cc1N;Nc1cccc(F)c1S(=O)(=O)NC1CC=CCC1;C#CC(CCC)NS(=O)(=O)c1ccc(N)c(F)c1;C#CC(CCC)NS(=O)(=O)c1c(N)cccc1F;C#CC(NS(=O)(=O)c1cc(F)ccc1N)C(C)C;C#CCCCCNS(=O)(=O)c1ccc(N)c(F)c1;CC1=CCCN(S(=O)(=O)c2ccc(F)cc2N)C1;C#CCC(CC)NS(=O)(=O)c1ccc(F)cc1N;CC1=CCN(S(=O)(=O)c2cc(F)ccc2N)CC1;CC1=CCCN(S(=O)(=O)c2ccc(N)c(F)c2)C1;Nc1c(F)cccc1S(=O)(=O)NC1CC=CCC1;C=CCN(CC=C)S(=O)(=O)c1cc(F)ccc1N;Nc1ccc(F)c(S(=O)(=O)NC2CC=CCC2)c1;C#CC(C)NS(=O)(=O)c1c(C)cc(F)c(N)c1C;CC1=CCN(S(=O)(=O)c2cccc(F)c2N)CC1;Nc1ccc(F)c(S(=O)(=O)N2CC3CCC2C3)c1;C#CCN(CCC)S(=O)(=O)c1c(N)cccc1F;C#CC(C)(C)NS(=O)(=O)c1cc(N)cc(F)c1C;C#CCN(CC)S(=O)(=O)c1cc(N)c(C)cc1F;Cc1cc(F)cc(C)c1S(=O)(=O)NCCCC#N;CCC(CC#N)NS(=O)(=O)c1ccc(C)c(F)c1;C=CCN(C1CC1)S(=O)(=O)c1cc(N)ccc1F;CCC(CC)NS(=O)(=O)c1ccc(F)c(C#N)c1;CCC(C)(C#N)NS(=O)(=O)c1cc(F)ccc1C;C#CC(C)(C)NS(=O)(=O)c1cc(N)cc(C)c1F
m_77b2b0,CC1(C)C=CC(C)(C)c2nc(-c3cccc(C(F)(F)F)c3)nnc21;CCC[NH+]=C(NC(=O)c1cccc(C(F)(F)F)c1)OCCOC;COCCCNC(=O)NCc1ccnc(Oc2ccc(F)cc2)c1;CCO[Si](CCCCCc1cccc(C(F)(F)F)c1)OCC;O=C(Nc1ccc(F)c(N2CCCNC2=O)c1)C1CC12CCOC2;COC1(CNC(=O)c2cncn2-c2ccc(F)cc2)CCOCC1;COc1ccc(CNC(=O)NCCCOc2ccccc2F)cn1;NC(=O)CN1CCC(NCc2ccc(F)c(C(F)(F)F)c2)CC1;CN(CC1(O)CCOCC1)C(=O)c1cncn1-c1ccc(F)cc1;Cc1nc(C=Cc2cccc(C(F)(F)F)c2)cc(N2CCCC2)n1;CC(NC(=O)NC(C)c1ccc(F)cc1)C(=O)NCc1ccco1;COc1ccc(CNc2ccc(C(=O)Nc3ccccc3)cn2)cc1;CC[NH+]1CCC(NC(=O)Nc2cc(C(F)(F)F)c[nH]c2=O)CC1;FC(F)(F)c1ccc(N=Nc2ccc(N3CCCCC3)cc2)cc1;CCCN1C(=O)NC2(CCN(C(=O)c3cccc(F)c3)CC2)C1=O;COc1ccccc1C(=O)NCCc1cnc(-c2ccccc2)nc1;Cc1ccc(C(=O)NN2C(=O)NC3(CCC(C)CC3)C2=O)cc1F;CC(C(=O)NCc1ccccc1)n1nc(-c2ccccc2)ccc1=O;O=C(NCC1(O)CCOCC1)Nc1cc(-n2cccc2)ccc1F;CC1(C2CC2)NC(=O)N(CC(=O)NCCc2ccc(F)cc2)C1=O;O=C(C[NH+]1CCC(O)C1)NCCOc1cccc(C(F)(F)F)c1;CC(C)c1cc(CNC(=O)CCNC(=O)c2ccccc2F)no1;CCC(=O)N1CCC2(CC1)NC(=O)N(Cc1ccc(F)cc1)C2=O;COCCOc1ccc(CNC(=O)NCc2ccccc2F)cn1;CCCn1nc(C(=O)NCC(C)(O)c2ccc(F)cc2)ccc1=O
m_7874d0,Cc1noc(C2CCCN(C(=O)Nc3cc(-c4ccccc4F)on3)C2)n1;Cc1cc(NC(=O)N2CCCC(c3nc(-c4cccc(F)c4)no3)C2)no1;O=C(CCn1cnc2c(cnn2-c2ccc(F)cc2)c1=O)N1CCOCC1;NC(=O)c1ncn(OC2OC(CO)C(O)C2O)c1C1N=C(N)NC(N)=[NH+]1;Cc1noc(C2CCN(C(=O)c3nn(-c4ccccc4F)cc3O)CC2)n1;Cn1c(-c2ccccn2)nn(CCNC(=O)COc2ccccc2F)c1=O;COc1cccc(-c2ncc3c(n2)n(C)c(=O)n3C(=O)N2CCCC2)c1F;Cc1cc(NC(=O)N2CCCC(c3nc(-c4ccc(F)cc4)no3)C2)no1;O=C(NC1CC1)c1noc(C2CCCN2Cc2nc3cc(F)ccc3o2)n1;CCC(CNC(=O)c1ccnc2c(C(N)=O)cnn12)Oc1ccccc1F;CCC(CNC(=O)c1ccnc2c(C(N)=O)cnn12)Oc1cccc(F)c1;CNOCC1OC(OC2C(CO)OC(O)C(O)C2O)C(O)C(O)C1O;O=C1CCNC(=O)N1c1cc(Cc2n[nH]c(=O)c3c2NCCC3)ccc1F;O=C1NCCOc2ccc(F)cc2C(CCO)Nc2ccn3ncc1c3n2;O=C(Nc1ccc(F)cc1-c1nc(C2CC2)no1)N1CC(=O)N(C2CC2)C1;Cc1cc(NC(=O)C2CCN(C(=O)c3cc4nc[nH]c4cc3F)CC2)no1;CN(CCCc1ccccc1)C(=O)On1nnn(-c2cccc(F)c2)c1=O;Cc1cc(C(=O)NCCCOc2ccc(F)cc2)nn1-c1ccccc1F;N[C@H]1[C@@H](OC[C@H](O)[C@H]2O[C@H](O)[C@@H](O)[C@@H](O)[C@@H]2O)O[C@H](CO)[C@@H](O)[C@@H]1O;O=C(CN1C(=O)CCC1=O)N1CCN(c2ncnc3cccc(F)c23)CC1;Cc1cc(NC(=O)COc2ccccc2F)n(-c2nc(=O)c(C)c(C)[nH]2)n1;CCOC(=O)N1CCC(Nc2nc3cccnc3n2Cc2cccs2)C1;COc1ccc(-c2nnn(C(C)C(=O)Nc3ccccc3F)n2)cc1OC;O=C(NCc1noc(-c2cccc(F)c2)n1)N1CCC(c2ccon2)CC1;OCC1OC(n2cnc3c(NN=Cc4cccnc4)ncnc32)C(O)C1O
m_78c402,CCCn1cc(Cl)cc1C(=O)NCCCC(C)O;CCSCCC(C)Nc1nn(C)c(=O)n(C)c1=O;CCCCn1c(SCC(=O)NCCC)n[nH]c1=O;CCCCOCCNC(=O)c1sc(NC)nc1N;CCc1c(Cl)[nH]c(=O)n(CCCCC(C)C)c1=O;CCCCCNC1(S(C)=O)N=CC(C(N)=O)=CN1;CCCc1cc(NS(=O)(=O)N2CCCCC2)n[nH]1;CCOCCNC(=O)c1sc(NC(C)C)nc1N;CC(CO)CCCNC(=O)c1cc(F)c(F)cc1N;CCCn1c(N)c(NC(C)CSC)c(=O)[nH]c1=O;CN(C)c1nc(N)c(C(=O)NCCCCCO)s1;CC=CCCCCC(=O)NC(CCSC)C(=O)[O-];O=C(c1cccn1CC(F)F)N1CCCCC1CO;COCC1(O)CCN(c2c(F)cc(N)cc2F)CC1;O=C(NC1CCCN(c2ncccn2)C1)c1ccco1;CCCN(CCO)C(=O)c1sc(NCC)nc1N;COCCOCCNC(=O)c1ccnc(NN)c1F;NC(=O)C1CCCN(C(=O)c2n[nH]c3ccccc23)C1;CCCOCCCNC(=O)Nc1c(F)cccc1F;Nc1cccc2cc(C(=O)NC3CCCNC3=O)[nH]c12;Nc1nc2ccccc2c2c1[nH]c(=O)n2CCCCO;CC(C)n1ccc(NS(=O)(=O)C2CCCNC2)n1;CC(N)C1CCCN(S(=O)(=O)c2cnn(C)c2)C1;Cc1cc(C(=O)NC2CCCC2)c2cccc(F)c2n1;Cc1nc(C2CCN(C(=O)Cc3ccncc3)C2)no1
m_78cd05,CCCCOc1ccc2ccncc2c1[N+](=O)[O-];CCOC(=O)c1c(C)[nH]c(-c2ccccn2)c1O;COc1ccc(N2C(=O)C3(CC3)C(C)=[N+]2[O-])cc1;COc1nc(N)nc(Nc2ccccc2)c1N[O-];Cc1ncccc1Oc1nccnc1C(N)=[NH+]O;NC(=[NH+]O)c1cccc(NC(=O)c2ccn[nH]2)c1;COc1cccc(Cc2ncc(CO)c(=O)[nH]2)c1;COC1=CC(CO)=NC(C2=CC=CC=N2)=C1OC;COc1ccc(NC(=O)c2noc(C)c2C)cc1;COc1ccc(-c2ncc(OCCO)cn2)cc1;CCc1c(CO)c(C)nc2ccc([N+](=O)[O-])cc12;COc1ccc(CCNC(=O)c2ccno2)cc1;COc1ccc(NC(=O)c2c(C)noc2C)cc1;CC(C)COc1ccc([N+](=O)[O-])c2cccnc12;COc1cccc(NC(=O)Cc2cc(C)on2)c1;CCOc1ccccc1C(=O)Nc1cc(C)on1;CCOC(=O)c1c(C=NO)c2ccccc2n1C;COc1ccc(C(=O)O)cc1-n1nc(C)cc1C;CCOC(=O)c1cccc(Cc2cnc[nH]2)c1O;Cc1ccc(Oc2nnccc2C(N)=[NH+]O)cn1;COc1ccc(C2(c3onc(C)c3N)CO2)cc1;CCc1ccc(-c2c(C(=O)OC)noc2N)cc1;Cc1cc(CNC(=O)c2cccc(C)c2O)no1;NC(=[NH+]O)c1ccc(NC(=O)c2ccn[nH]2)cc1;CCOc1ccc(NC(=O)c2conc2C)cc1
m_79cf07,CCOC1=[NH+]C(C)(C)N=C(c2nccnc2C(N)=O)N1;COC(=O)C1CCCN1C(=O)c1ccc(N(C)C)nc1;COc1cccc(CN2CCC(=O)NC(C)(C)C2=O)n1;Cc1noc(C2CN(C(=O)C3(C)CC4CCC3O4)C2)n1;O=C(C1CC12CCOC2)N1CCCCC1c1ncon1;CNC(=O)C1CCCCN1C(=O)c1ccc(C)[nH]c1=O;COC(=O)C1CCCN1C(=O)c1ccnc(N(C)C)c1;Cc1cc(=O)[nH]c2c1c(=O)[nH]n2C1CCOC(C)(C)C1;CCOC(=O)c1ccc(N)c(N2CCCNC(=O)C2)c1;O=C(COC1CCCC1)N1CCc2[nH]cnc(=O)c2C1;CCOC(=O)c1cc(N)cnc1NC1CC2CCC1O2;COc1ncccc1NC(=O)N1CCOCC2(CC2)C1;Cc1ccnc(C(=O)N2CC(C)OC3(CCOC3)C2)n1;O=C(CC1C=CCCC1)N1CCOCC1c1ncon1;COC1COC2(CCN(C(=O)c3ncccn3)CC2)C1;CCC(=NO)c1ccccc1OCCN1CCNC1=O;COC(=O)C1CCCCN1C(=O)c1cc(N)cc(N)c1;Cc1ccc([N+](=O)[O-])c(NC(=O)N2CCCC(C)C2)c1;Cc1ccc([N+](=O)[O-])c(NC(C)C(=O)N2CCCC2)c1;CCOC(=O)c1cc(N)cnc1N1CC2CCC(C1)O2;Cc1cnc(C(C)N2CC(=O)NC3(CCCC3)C2=O)o1;CCCC(OC)c1noc(COc2cccc(N)c2)n1;CCOC(C)(C)c1noc(COc2ccccc2N)n1;Cc1cc(=O)nc(C2CCCN2C(=O)C2CCOC2)[nH]1;Cc1cc(CN2CCC(=O)N3CCCCC3C2=O)no1
m_7b993b,O=C(NC1CCCCC1)N1CCN(Cc2ccc3c(c2)OCO3)CC1;CC(NC(=O)CN1CCN(Cc2ccc3c(c2)OCO3)CC1)C1CC1;O=C(NC1CCCCCC1)N1CCN(c2ccc3c(c2)OCO3)CC1;C[NH+]=C(NCCCCn1cnnc1)NCCc1ccc2c(c1)OCO2;CCc1nncn1CCNC(=[NH+]C)N(C)Cc1ccc2c(c1)OCO2;CC1CN2CCCC2CN1C(=O)NCc1ccc2c(c1)OCCCO2;O=C(NCCc1ccc2c(c1)OCCO2)NC1CCN2CCCCC12;COC1=CC=CC(CN2CCN3C(=O)N(C4CCOCC4)C[C@H]3C2)=C1;Cc1noc(C)c1C(=O)NCCC[NH+]1CCN(c2ncccn2)CC1;O=C(NCc1cccc2c1OCO2)N1CCC(CN2CCCC2)CC1;C[NH2+]CC(=O)N1CC(c2ccc3c(c2)OCO3)C2C1C1CC[NH+]2CC1;COC1=CC=C(CN2CCN3C(=O)N(C4CCOCC4)C[C@H]3C2)C=C1;CN1CCC2CN(CC(=O)Nc3ccc4c(c3)OCCCO4)CC2C1;Cc1noc(C)c1CCC(=O)Nc1cnc(N2CC[NH+](C)CC2)nc1;CCc1[nH+]ccn1CC[NH+]1CCC(c2ccc3c(c2)OCO3)C(O)C1;COC1=CC=CC=C1CN1CCN2C(=O)N(C3CCOCC3)C[C@H]2C1;NC(=O)CC1(O)CCCN(C(=O)c2cccc(CN3CCCC3)c2)C1;CC1=C(C(=O)NCc2cccnc2N2CCCCCCC2)OCCO1;CCCCC(=O)N1CCN(CC(=O)N2CCOc3ccccc32)CC1;Cc1[nH+]c(C(=O)[O-])cn1CCCC[NH+]1CCN(c2ncccn2)CC1;CC1CN(C2CCOCC2)CCN1Cc1ccc2c(c1)NC(=O)CO2;O=C(NC1CCOc2ccccc21)N1CCN(CC2CCCO2)CC1;COc1ccc(Nc2ncnc(N3CC[NH+](C)CC3)c2N)c(OC)c1;CC(C)CC(=O)N1CCN(CC(=O)N2CCOc3ccccc32)CC1;COc1ccccc1N1CCN(C(=O)CC(=O)NC2CCCC2)CC1
m_7d4c58,C[NH+]1CCC2(CC1)OCc1c2ccc2c1OCCCO2;C[NH+]1C2CC3OC3C1CC2OC(O)Cc1ccccc1;Cc1ccc(N2CCC3(CC2)OCC(=O)NC3C)nn1;C=CCCCCn1cnc2c1c(=O)n(C)c(=O)n2CC;Cn1cc(CCN2CCC(=O)NC(C3CC3)C2=O)cn1;Cc1cccc2c1OC(=O)C(C)(C)C2[NH+]1CCOCC1;O=C(C[NH+]1CCCCC1)c1ccc2c(c1)OCCCO2;COC1CC[NH+](CC(=O)c2ccc3c(c2)CCO3)CC1;CC(=O)CC(c1ccc2c(c1)OCCO2)[NH+]1CCCC1;Cn1cc(CN2CCC(=O)NC(C)(C3CC3)C2=O)cn1;O=C(C[NH+]1CCC(CCO)C1)c1ccc2c(c1)CCO2;O=C(Cc1ccn[nH]1)N1CCCN(C(=O)C2CC2)CC1;CC(C)C1CC[NH+](CC(=O)c2ccc3c(c2)OCO3)C1;CC1C[NH+](CC(=O)c2ccc3c(c2)CCO3)CC(C)O1;CCC1C[NH+](CC(=O)c2ccccc2OC)CCC1=O;CC(=O)N1CCOC2CCN(c3cnccn3)CCC21;Cc1cc(C)c(C(=O)N2CCC3C(C2)NC(=O)N3C)[nH]1;O=C(CC[NH+]1CCCC1)c1ccc2c(c1)OCCCO2;Oc1ccc(C2CCCC=C2[NH+]2CCOCC2)c(O)c1;CC([NH2+]C1CC2CCC1O2)c1ccc2c(c1)OCCO2;COC(=O)c1cnc(N2CCC3CCN(C)CC32)nc1;Cc1cnc(N2CCC3(CC2)OCC(=O)NC3C)nc1;C=C(C)CCOc1cc2c(cc1C[NH2+]C1CC1)OCO2;Cn1ccc(CN2C(=O)C(C3CC3)NC(=O)C2(C)C)n1;COC(=O)C1CCC[NH+]1CC1CCOc2ccccc21
m_7e912f,O=C1CC(NC(=O)C2(c3ccccc3)CCC2)CN1CCN1CCOCC1;Cc1ccc(C2OCCCC2CNC(=O)N2CCCC3C(=O)NCC32)cc1;CC(C)C1N(C(=O)NC2CCN(c3ccccc3)C2=O)CC12CCOCC2;CC1(C)CN(C(=O)Nc2cccc(CN3CCCCC3=O)c2)C2COCC21;C[C@H]1C[C@@H]2[C@@H](CC(=O)N2CC2=CC=CC=C2)[C@@H]1CNC(=O)N1CCOCC1;O=C1CC(C(=O)N2CCCC2c2ccccc2)CN1CCN1CCOCC1;O=C(NCC(=O)N1CCN(Cc2ccccc2)CC1)C1CC12CCOCC2;Cc1c(CNC(=O)N2CCCC2C2COCCC2O)n(C)c2ccccc12;CC1(C)CN(C(=O)Nc2cccc(C(=O)N3CCCCC3)c2)C2COCC21;CC(NC(=O)N1CC(C)(C)C2COCC21)c1cccc(N2CCCC2=O)c1;CC(C)CN1CC(CNC(=O)CCCc2c[nH]c3ccccc23)OCC1=O;O=C(c1ccccc1NC(=O)N1CCCC1C1CCOCC1)N1CCCC1;CC(C)COc1cn(-c2ccccc2)nc1C(=O)N1CCCCC1CCO;O=C(CCc1ccccc1)N1CCC(NC(=O)N2CCC3(COC3)C2)CC1;CCOC1CC2(CCN(C(=O)C3CCCCN3C(=O)c3cccnc3)C2)C1;CC(=O)Nc1cccc(OCCNC(=O)N2CCCC3(CC=CCC3)C2)c1;CCNC(=[NH+]CCCOC1CCOCC1)N(C)Cc1cc(Cl)cn1C;O=C(NC1CCN(Cc2ccccc2)C1=O)N1CCC(C2CCOCC2)C1;CC(C)C1N(C(=O)Nc2cccc(C(=O)N3CCOCC3)c2)CC12CCC2;O=C1CCC(C(=O)NC2CCOC3(CCN(Cc4ccccc4)CC3)C2)N1;O=C(NC1CC1)c1cccc(CNC(=O)N2CCC(C3CCOCC3)C2)c1;CC1CCCCN1C(=O)c1ccc(NC(=O)N2CCC3(CCOC3)C2)cc1;C[NH+]=C(NCCCOCC1CCOCC1)N(C)Cc1cc(Cl)cn1C;Cc1ccc2c(CCNC(=O)N3CCOC4(CCOCC4)C3)cn(C)c2c1;COc1cccc2cc(C(=O)N3CCN(CC4CCCCN4C)CC3)oc12
m_7ee70f,Cn1ncc2c1OCC(NC(=O)OC(C)(C)C)C(=O)N2;CCCCOC(=O)NCCNC(=O)c1ccc(=O)[nH]n1;Cc1noc(COCC(=O)NC2CCCN(C)C2=O)n1;CCNc1ncc([N+](=O)[O-])cc1C(=O)N(C)CC(C)O;Cc1noc(COCC(=O)N2CCCNC(=O)C2C)n1;CCC(C(=O)NCCc1nc(=O)o[nH]1)N1CCCC1=O;CCCCOc1cc(NC(C)=O)n(O)c(=NC(C)=O)n1;CNC(=O)OC1CN(C)C(=O)N1c1cc(C(C)C)on1;CN1NC(=O)C(CC(=O)N2CCC(C(N)=O)CC2)C1=O;CON=CC1CC(n2cc(C)c(N)nc2=O)OC1CO;COCCNC(=O)COC(=O)CN(C)c1ncccn1;CC(O)CCCCn1c(=O)c2[nH]c(=O)[nH]c2n(C)c1=O;CCOC(=O)c1cc(N)cnc1NCCOCC(N)=O;CN1CCC(NC(=O)CN2C(=O)NC(=O)C2(C)C)C1=O;CCOC(=O)C1CCCN1c1nn(C)c(=O)n(C)c1=O;COCCCNc1nc(C2CC2)nc(OC)c1[N+](=O)[O-];COc1nccc(NC(=O)N2CC(C)OC(CO)C2)n1;CC(O)C1C(=O)N2C(C(=O)[O-])=C([NH2+]CCN=CN)CC12;CCOC(=O)c1nnn(CC(=O)N2CCOCC2)c1C;COC(=O)C12CCOCC1CN(C(=O)CCN=[N+]=[N-])C2;O=C(Cn1cn[nH]c1=O)N1CCOCC1C1CCCO1;CCCCC1NC(=O)N(c2cccc3ccccc23)C1=O;CCNC(=O)C1COCCN1C(=O)C1=NNC(=O)CC1;CN(CC1(O)CCOCC1)c1nc(N)ccc1[N+](=O)[O-];CC(C)C1C(=O)NC(=O)N1C1(C(C)C)NC(=O)NC1=O
m_80401f,Cc1csc(NC(=O)NCCCN2CCCC2=O)n1;O=C([O-])Cn1cc(CNC(=O)NC2CCOCC2)nn1;CN(Cc1ncn[nH]1)C(=O)N1CCOCC1CC(=O)[O-];O=C(NCCn1cc(C(=O)[O-])nn1)NC1CCCOC1;CC1OCCC1NC(=O)NCc1cn(CC(=O)[O-])nn1;CC1COCCN1C(=O)NCCn1cc(C(=O)[O-])nn1;C=C(CN1C(=O)NC2(CCOCC2)C1=O)C(=O)OCC;O=C(NCCCN1CCCC1=O)c1c(F)cccc1F;Cn1cnnc1CNC(=O)N1CCOCC1CC(=O)[O-];COC(=O)C1CCCN(C(=O)COc2cc(C)on2)C1;CCn1cnnc1CNC(=O)NC1(C(=O)[O-])CCOC1;CC([NH2+]CC(=O)N1CCCCC1)(C(=O)[O-])C(F)(F)F;O=C([O-])Cn1cc(CNC(=O)NCC2CCOC2)nn1;O=C(NC1CCCOC1)N1CCc2c(F)cc(F)cc21;Cc1cc(NC(=S)NCCCN2CCCC2=O)no1;CN(CC(F)(F)F)C(=O)CN1CCCCC(O)C1=O;CCCc1nnc(NC(=O)CN2CCCCC2=O)s1;CCCNC(=O)CNC(=O)Nc1cnn(CC(=O)[O-])c1;CNc1nc2[nH]c(=O)[nH]c2c[n+]1C1CC(O)C(CO)O1;c1ccc2c(c1)NCCN2CC1CSc2ccccc21;CC(C)c1nnc(NC(=O)CN2CCCCC2=O)s1;CSCCC(=O)N1CCN(c2ccccc2F)CC1;NC1=[NH+]C(N2CCOCC2)=[NH+]C2(C(=O)[O-])CCC(=O)N12;CN(CC(F)(F)F)C(=O)N1CCOCC12CCOC2;C[NH+]1CCN(C(=O)NN=Cc2ccc([N+](=O)[O-])o2)CC1
m_8071e1,COC1=CC=C(C(=O)N[C@@H]2CN(CC(C)C)CCC[C@H]2O)C=C1;CCOc1cccc(CCNC(=O)N2CCCC2C(C)(C)O)c1;CCC(C)(C)c1ccc(CNC(=O)N2CC(O)CC2CO)cc1;CCCOc1ccc(CNC(=O)N2CCCC(CO)C2)c(C)c1;COc1ccc(CCCNC(=O)N2CCCCC2CCO)cc1;CCC1CCCCN1C(=O)CCNc1cc(OC)ccc1OC;CCOc1ccc(CCNC(=O)N2CCCCC2C)cc1OC;Cc1nc(C(=O)N2CCCCC2C2CC(C)CCC2O)c(C)o1;COc1ccc(CCNC(=O)NCC2CCCCC2)cc1OC;O=C1CCCC(C(=O)N2CCCCCC2C2CCCCC2=O)N1;CCCCOc1cccc(CNC(=O)N2CCCC(CO)C2)c1;O=C1CCCCC1C1CCCN1C(=O)CN1CCCCCC1=O;CCOc1ccc(CCNC(=O)N2CCC(C)OC(C)C2)cc1;Cc1ccnc(OCCC2CCCCN2C(=O)OC(C)(C)C)c1;NC(=O)C1CCOC1C1CCN(C(=O)C=C2CCCCC2)CC1;CC(O)(CNC(=O)c1noc2c1CCCCC2)C1CCCCC1;COC1CCC(NC(=O)N2CCCCCC2c2ccco2)CC1;CCCOc1cc(C)ccc1NC(=O)N1CCCC1C(C)(C)O;COc1cccc(CCCNC(=O)N2CCCCC2CCO)c1;Cc1cc(C(=O)N2CCCC(C(=O)NC(C)C(C)C)C2)c(C)o1;CCCCCCCC(=O)NC1CCN(C(=O)c2ccco2)CC1;Cc1nc(CC2CC2)oc1C(=O)NCC(C)(O)C1CCCCC1;CCOc1ccccc1OCC(=O)NCC1CCCN(CC)C1;CCCC(O)(CCC)CNC(=O)Cc1ccc(NC(C)=O)cc1;CC(C)(C)c1ccc(OCC(=O)NCCN2CCOCC2)cc1
m_808712,O=C(CCCn1cccn1)NC1CCOc2c(Cl)cccc21;CC1CCN(C(=O)c2cn[nH]c2-c2cccc(Cl)c2)CC1O;CCC1CN(C(=O)c2cnn(-c3cccc(Cl)c3)c2)CCO1;CCCNc1ccc(C(=O)Nc2cc(Cl)ccc2OC)nc1;Cc1c(C(=O)NCC2CCOC2)cnn1-c1cccc(Cl)c1;CCc1onc(C)c1NC(=O)N1CCc2cc(Cl)ccc2C1;Cc1cc(C(=O)N2CCC(Oc3cccc(Cl)c3)C2)n(C)n1;CCOC(=O)C1CCCN(c2nnc(Cl)c3ccccc23)C1;CCC1(C(=O)Nc2ccc3cc(Cl)cnc3n2)CCOCC1;COc1cccc(Cl)c1CC(=O)N1CCCC1c1ncc[nH]1;CCCCc1cc(=O)n(CC(=O)Nc2cccc(Cl)c2)cn1;O=C(Nc1cnn(CC2CCCCO2)c1)c1cccc(Cl)c1;Cc1cc(Cl)ccc1OC(C)C(=O)N1CCc2[nH]ncc2C1;CCn1nc(C(=O)NC2CCCC2)c(=O)c2cc(Cl)ccc21;COc1ccc(Cl)cc1-c1nccc(N2CCC(O)CC2)n1;CCCOc1cncc(NC(=O)C(N)c2cccc(Cl)c2)c1;CCCCNC(=O)Cn1cnc(-c2ccc(Cl)cc2)cc1=O;Cc1cn(-c2ccccc2Cl)nc1C(=O)N1CCCC1CO;CNCC1CCN(C(=O)c2ncoc2-c2ccccc2Cl)C1;Cc1ccc(NC(=O)N(CCO)Cc2cccnc2)cc1Cl;CCc1nn(C)cc1NC(=O)C1COc2ccc(Cl)cc2C1;Cn1c(=O)[nH]c(N2CCCC2)c(Cc2cccc(Cl)c2)c1=O;COCCCNc1cncc(C(=O)Nc2cccc(Cl)c2)c1;CC1CCN(C(=O)c2cn[nH]c2-c2ccc(Cl)cc2)CC1O;CC1OCCN(Cc2cc(Cl)cc3cccnc23)C1C(N)=O
m_80b537,CCOc1c2ccc(C(=O)NCc3ccc(C)cc3)cc2nn1CCOC;COC(=O)C(OC(C)(C)C)c1c(C)nc2ccnn2c1-c1ccc(C)cc1;COCCCNC(=O)c1ccc2c(c1)nc(C)n2-c1cc(C)ccc1OC;COc1ccc(C)cc1NC(=O)c1cc(C(=O)N2CCC(C)CC2)ccn1;COc1ccc(-c2nc3ccc(C)cn3c2NC(=O)CC(C)C)cc1OC;COc1ccc(CCNC(=O)C(C)n2nc(C)c3ccccc32)cc1OC;COc1ccc(C)cc1NC(=O)c1cccc(C(=O)N2CCC(C)CC2)n1;COc1ccc(C)cc1NC(=O)CNc1ccc(C(=O)N2CCCC2)cc1;CCOCCn1c(CCNC(=O)c2ccccc2OC)nc2ccccc21;COc1ccc(C)cc1NC(=O)CC(=O)N1CCN(c2ccccc2)CC1;COc1ccc(C)cc1NC(=O)c1cc(C(=O)N2CCCC(C)C2)ccn1;COc1ccccc1-c1cccc(C(=O)N2CCN(C(=O)N(C)C)CC2)c1;COc1ccc(C)cc1NC(=O)c1ccnc(C(=O)N2CCCCCC2)c1;COc1ccc(C)cc1NC(=O)c1cccc(C(=O)N2CCCC(C)C2)n1;COc1ccc(C)cc1C=CC(=O)NCc1cccnc1N1CCOCC1;Cc1noc2nc(-c3ccccc3)cc(C(=O)NCCCOCC(C)C)c12;COc1ccc(C(C)C)cc1C(=O)N1CCN(C(=O)c2ccncc2)CC1;COc1ccccc1C(=O)NC1CCCN(C(=O)N(C)c2ccccc2)C1;CCOCCCNC(=O)Cn1c(-c2ccc(OC)cc2)nc2ccccc21;CCCCC(=O)NCCS(=O)(=O)N1CCN(c2cccc(C)c2)CC1;Cc1ccc(-n2nc(-c3ccccc3F)cc2C(=O)NCC[NH+](C)C)cc1;Cc1ccc(C)c(S(=O)(=O)N2CCN(C(=O)NCC(C)(C)C)CC2)c1;COc1ccc(C)cc1NC(=O)CC(=O)Nc1ccc(N2CCCC2)cc1;COc1ccc(CCNC(=O)CCn2ncc3ccc(C)cc32)cc1OC;COc1ccccc1C(=O)NCCn1nc(C2CC[NH2+]C2)c2nccnc21
m_8114e3,COc1cccc(-c2cc(C(=O)Nc3ccccc3C(N)=O)n(C)n2)c1;O=C(NCCCc1ccccc1)c1cn[nH]c1-c1ccc([N+](=O)[O-])cc1;CCn1c(=O)c(C(=O)Nc2cccc(NC(C)=O)c2)cc2cccnc21;CCOC(=O)Nc1ccc(NC(=O)c2cn[nH]c2-c2ccccc2)cc1;CCOc1ccccc1C(=O)Nc1ccc(-n2ccc(C(N)=O)n2)cc1;O=C(Nc1ccc(N2CCOCC2)cc1)c1n[nH]c(=O)c2ccccc12;Cc1cc(C(=O)NCc2ccc([N+](=O)[O-])cc2)c(C)n1-c1cccnc1;O=C(Nc1ccc2[nH]ncc2c1)c1cccc(NC(=O)C2CCCO2)c1;NC(=O)c1ccc(NC(=O)CCCc2nc(=O)c3ccccc3[nH]2)cc1;CN(C)c1ccc(NC(=O)c2ccccc2NC(=O)c2ccco2)cn1;Cc1ccc(-c2cc(C(=O)NN=Cc3ccc(O)cc3O)[nH]n2)cc1C;Cn1nc(-c2ccc(NN=CCc3ccc(O)cc3O)cc2)ccc1=O;Cc1cc(=O)n(C)nc1-c1ccc(N=NCc2ccc(O)cc2O)cc1;COC(=O)c1cn(CCc2c[nH]c3ccc(C)cc23)cc2c(=O)[nH]nc1-2;COc1cc(C2CC(=O)Nc3n[nH]c(Nc4ccccc4)c32)ccc1O;COc1ccc(C(=O)Nc2ccccc2C(=O)Nc2ccn(C)n2)cc1;Cn1nc(-c2ccc([N+](=O)[O-])cc2)cc1C(=O)NCCc1ccccc1;COC1=CC=C2NC=C(CCNC(=O)C3=CC(C4=CC=CO4)=NN3)C2=C1;CCCNC(=O)c1ccccc1NC(=O)c1cc(-c2ccncc2)on1;CCCc1[nH]nc(C(=O)Nc2ccc(C3C[NH2+]CCO3)nc2)c1Cl;Cc1noc(C)c1-c1cc(N)c2[nH]c(=O)n(Cc3ccc(O)cc3)c2c1;CCOc1cccc(C=NNc2nc(=O)cc(-c3ccccc3)[nH]2)c1O;COc1ccc(OC)c(Nc2ccc(NC(=O)c3cccnc3)cn2)c1;COc1ccc(Nc2ncnc3[nH]c4cc(OC)c(OC)cc4c23)cc1;Cc1nn(C)c2nc(C3CC3)cc(C(=O)Nc3ccc4c(c3)OCO4)c12
m_82f2e2,COC1=CC=C2NC=C(CCNC(=O)CCC3CCCCC3)C2=C1;Cc1ccc2[nH]cc(CCC(=O)N(C)C3CCC(CO)CC3)c2c1;O=C(CCc1c[nH]c2ccccc12)NC(CCO)C1CCCCC1;CC(C)c1ccc2[nH]c(=O)c(CCNC(=O)CC(C)(C)C)cc2c1;CC(C)=CCCC(C)CNC(Cc1c[nH]c2ccccc12)C(=O)O;CCCN(CCC)C(=O)C1CCc2[nH]c3ccc(OC)cc3c2C1;Cc1cccc2c(CCC(=O)N(C)CC3CCCCC3O)c[nH]c12;CC1(C)CCCC(O)(CNC(=O)CCc2ccc3[nH]ccc3c2)C1;O=C(CCc1ccc2[nH]ccc2c1)NCCCC1CCCCC1O;C=C(C)COc1cccc(NCC(=O)NCCC2=CCCCC2)c1;O=C(O)CCCC1CCCC(NCCc2ccc3[nH]ccc3c2)C1;CCCCc1nc2ccccc2n1CC(O)COC1CC=CCC1;O=C(NCCc1ccc(O)cc1)NCC12CC3CC(CC(C3)C1)C2;COc1ccccc1CCNC(=O)NC12CC3CC(CC(C3)C1)C2;O=C(NCCc1ccccc1)C1(C(=O)NC2CCCCCC2)CC1;CCCc1c(-c2cccc(O)c2)c(C(N)=O)c(C)n1CCC(C)C;CC[C@H]1CN2CCC3=C(NC4=CC=C(OC)C=C34)[C@@H]2C[C@@H]1CCO;CCN(C(=O)CC1c2ccccc2CCN1C(C)=O)C1CCCC1;CC(=O)N(CCC(=O)NCCC1=CCCCC1)c1cccc(C)c1;CN1CC2(CCN(C(=O)CCCCc3ccccc3)CC2)CC1=O;O=C(NC1CCCC1N1CCC(O)C1)c1cccc2c1CCCC2;Cn1cc(CCC(=O)NC2CCCCCC2CO)c2ccccc21;CCCCCCCC(=O)Nc1cc2c3c(c1)CCC(=O)N3CCC2;C=C1NC2=CC=CC=C2C1(O)CCN1CCCC2(CC)CCOC12;CN1CCC(Oc2ccc(CNC(=O)CC3C=CCC3)cc2)CC1
m_83ac87,COc1ccc(NC(=O)COc2ccc(Cl)cc2C)cn1;COc1ncccc1C(=O)NC(CO)c1ccc(Cl)cc1;CCOc1cc(NC(=O)c2cc(Cl)ccn2)ccc1OC;CCOc1c(Cl)cc(C(=O)Nc2ccccn2)cc1OC;COc1cccc(C(O)CNC(=O)c2cccnc2Cl)c1;COc1ccc(NC(=O)Cc2cc(Cl)ccc2OC)cn1;CCOC(=O)c1ccnc(OCc2ccc(Cl)cc2)c1N;CCOc1ccc(NC(=O)c2cc(Cl)ccn2)cc1OC;COc1cc(NC(=O)COc2cccc(Cl)c2)ccc1N;CCn1cccc(C(=O)Nc2ccc(OC)c(Cl)c2)c1=O;COc1cc(NCCc2ccc(Cl)cc2)cc([N+](=O)[O-])c1;CCn1cc(C(=O)Nc2ccc(OC)c(Cl)c2)ccc1=O;COc1ccc(NC(=O)c2cc(Cl)ccc2N)c(OC)c1;COc1ccc(N)c(OCC(=O)Nc2cccc(Cl)c2)c1;COc1cc(NCCc2ccc(Cl)cc2)ccc1[N+](=O)[O-];COc1ccc(NC(=O)c2cc(Cl)ccc2N)cc1OC;O=C(NCc1ccccc1OCCO)c1ccncc1Cl;CCOc1ccc(NC(=O)Cn2cc(Cl)ccc2=O)cc1;CCOc1ccc(Cl)cc1NC(=O)c1ccc(N)c(O)c1;COc1ccc(NC(=O)COc2ccc(Cl)cc2)c(N)c1;COc1cccc(NC(=O)COc2ccc(N)cc2Cl)c1;CCOc1c(N)cccc1C(=O)OCc1ccncc1Cl;COc1cc(NC(=O)c2cc(Cl)ccc2OC)ccc1N;COc1ccc(CNC(=O)c2cc(Cl)ccn2)cc1OC;CCOc1cc(NCc2ccc(Cl)cc2)cc([N+](=O)[O-])c1
m_83e861,O=C(COc1ccc(F)cc1)NC1CCCN(c2cccnn2)C1;CC(C)c1cc(C(=O)NC2CCN(c3ccccc3F)C2=O)n[nH]1;CN(C(=O)c1cc(F)ccc1O)C1CCCN(c2cccnn2)C1;C#CCOc1ccc(F)cc1NC(=O)NC(C)Cc1cc(C)[nH]n1;Cc1c(C(=O)NC2CCN(Cc3ccc(F)cc3)C2=O)cnn1C;CC(C(=O)N1CCCC(c2n[nH]c(C3CC3)n2)C1)c1cccs1;CCn1ccnc1C1OCCCC1Nc1nc2cc(F)ccc2o1;COc1ccc(C(=O)NCC2CCCN2c2cccnn2)c(F)c1;O=C(C1CC1)N1CCCC(c2nc(=O)n(-c3ccc(F)cc3)[nH]2)C1;COc1cc(F)ccc1NC(=O)C1CCCN(c2ncccn2)C1;COc1ccc(C=CC(=O)NC2CCc3nnc(C)n3C2)cc1F;C=CCNC(=O)N1CCCC(c2nc(-c3cccc(F)c3)no2)C1;COc1ncc(NC(=O)Cc2ccc(F)cc2)c(N2CCCC2)n1;Cn1ncc2c1CC(C(=O)Nc1nc3c(s1)CCC3(C)C)CC2;Cn1ncc(NC(=O)N2CCOC(C3CCCO3)C2)c1C(F)F;Cc1ccnc(Nc2nc(C)c(C(=O)N3CCC(C)CC3)s2)c1;Nc1nccc(C2CCCN(C(=O)COc3ccc(F)cc3)C2)n1;COc1ncnc2c1CCN(C(=O)NCc1cccc(F)c1)CC2;O=C(NCc1cccc(F)c1)Nc1cccnc1N1CCOCC1;Cc1cc(C(=O)NC2CCCN(c3ccccc3F)C2=O)n(C)n1;CCCc1nc(C)c(C(=O)N2CCN(c3ccccn3)CC2)s1;Cn1ccnc1C(NC(=O)C1CCC(=O)NC1)c1ccc(F)cc1;Cn1cc(C2OCCC2NC(=O)N2CCc3cc(F)ccc32)cn1;Cc1ccc(F)c(N2CCCC(NC(=O)c3cnn(C)c3)C2=O)c1;COc1ccc(NC(=O)N2CCC(C)C2c2cccc(F)c2)nn1
m_83fdb3,CCOc1c(NCCc2c[nH]c3ccccc23)c(=O)c1=O;COC1=CC=C2NC=C(CCNC(=O)C3=CC=CO3)C2=C1;O=C(O)C(Cc1c[nH]c2ccccc12)NCc1ccco1;COC1=CC=C2C(CCNC(=O)C3=CC=CO3)=CNC2=C1;CC1=CC(O)=CC(=O)N1CCC1=CNC2=CC=C(O)C=C12;O=C(NCCc1[nH]cc[nH+]1)c1ccc(F)c2ccccc12;COc1ccc2[nH]cc(CCN3C(=O)C=C(C)C3=O)c2c1;CC(CCO)NC(=O)CCCNC(=O)c1cccs1;CNCC1CCN(S(=O)(=O)c2ccccc2OC)C1;CCC(O)CCNC(=O)c1csc(C2CCCO2)n1;CC(=O)N1CC(O)C2CC1c1c([nH]c3ccccc13)C2=O;OCC(O)C(O)C=Cc1nccc2c1[nH]c1ccccc12;COCC(O)CNC(=O)CNC(=O)c1ccccc1F;CCOC(=O)c1c(C)nsc1NC1CC(OCC)C1;COc1cccc(CNC(=S)N(CCO)CCO)c1;CC(C)OC(=O)CCNC(=O)NCCc1cccs1;COC(=O)C(CCSC)NC(=O)CCn1cccc1;CCC(CCO)NC(=O)CNC(=O)c1ccc(C)s1;COc1cccc(C(=O)NCCSCCCO)c1N;O=C(C1=NC=CC2=C1NC1=CC=CC=C12)[C@H](O)CCCO;Cc1ccccc1NS(=O)(=O)N1CCC(CO)CC1;CC(C)Oc1ccccc1NS(=O)(=O)N1CCCC1;O=C(c1c[nH]c2cccc([N+](=O)[O-])c12)C1C2CCCCC21;O=C(CC[C@@H](O)CO)C1=NC=CC2=C1NC1=CC=CC=C12;CC(C)NC(=O)CNS(=O)(=O)CCc1ccccc1
m_847112,O=S(=O)(c1cccs1)N1CCCC1c1nc(CCC(F)(F)F)no1;COc1ccc(OC)c(NS(=O)(=O)c2c(C)nc3sccn3c2=O)c1;COc1ccc(NS(=O)(=O)c2cc(-c3noc(C)n3)cs2)c(OC)c1;COc1ccc(OC)c(NS(=O)(=O)c2ccc(-c3nnc(C)o3)s2)c1;O=S1(=O)N[C@@H]2CN(S(=O)(=O)C3=CC=CC=C3)C[C@@H]2OC2=NC=CC=C21;CC(=O)Nc1nc(C)c(S(=O)(=O)N2c3ccccc3CC2C(=O)O)s1;CC(=O)Nc1ncc(S(=O)(=O)NC(=O)C2COc3ccccc3C2)s1;COc1ccc(N2C(=O)CCCC2=O)cc1S(=O)(=O)Nc1nccs1;Cc1nn(Cc2ccc(Cl)cc2)c(C)c1NS(=O)(=O)c1cccs1;[NH3+]CC(=O)NCC(=O)N1CCN(S(=O)(=O)c2ccc(Cl)s2)CC1;COc1cc(NS(=O)(=O)c2ccc(-c3nnc(C)o3)s2)cc(OC)c1;O=C(Oc1ccccc1Cl)c1cccc(S(=O)(=O)N2CCOCC2)c1;CC(=O)Nc1nc(C)c(S(=O)(=O)N2CCc3cccc(C(=O)O)c32)s1;NC(=O)NC(=O)CC[NH+]1CCN(S(=O)(=O)c2ccc(Cl)s2)CC1;COC(=O)C(C)[NH+]1CCN(S(=O)(=O)c2cc(Cl)ccc2Cl)CC1;C=CCOc1ccc(NS(=O)(=O)c2ccc(Cl)c(C(=O)OC)c2)cc1;O=C1CCS(=O)(=O)N1c1ccc(S(=O)(=O)NCc2cccnc2)cc1;Cc1ccc([N+](=O)[O-])cc1S(=O)(=O)NNC(=O)c1cc2c(s1)CCC2;NS(=O)(=O)c1ccc(OCCOC(=O)C=Cc2ccccc2Cl)cc1;CCCCNC(=S)N1CCN(S(=O)(=O)c2ccc(Cl)s2)CC1;NS(=O)(=O)c1ccc2c(c1)S(=O)(=O)N=CN2CCOc1ccccc1;Cc1ccc(S(=O)(=O)NCC(=O)OCC(=O)c2ccccc2Cl)cc1;CC(C)c1cc(C(=O)NS(=O)(=O)c2ccc3c(c2)sc(=O)n3C)on1;Cc1ccc(SCC(=O)NNS(=O)(=O)c2ccc([N+](=O)[O-])cc2)cc1;C=C(Cl)COC(=O)c1cccc(S(=O)(=O)Nc2ccc(OC)cc2)c1
m_875d74,Nc1ccc(NS(=O)(=O)c2ccc3c(c2)CCC3)cc1;Cc1ccc(NS(=O)(=O)c2ccc3c(c2)NCC3)cc1;O=S(=O)(Nc1ccncc1)c1ccc2c(c1)CCCC2;O=S(=O)(Nc1ccccc1)c1ccc2c(c1)CCCN2;Cc1cncc(NS(=O)(=O)c2ccc3c(c2)CCC3)c1;Cc1ccncc1NS(=O)(=O)c1ccc2c(c1)CCC2;Cc1cnccc1NS(=O)(=O)c1ccc2c(c1)CCC2;Nc1ccccc1S(=O)(=O)Nc1ccc2c(c1)CCC2;CCCCCC(=O)Nc1cc(S(N)(=O)=O)ccc1F;CC(=O)Nc1ccc(F)c(S(=O)(=O)NC(C)(C)C)c1;CCC(C)NC(=O)CNS(=O)(=O)c1ccc(F)cc1;COC1CCC(NS(=O)(=O)c2ccc(F)c(N)c2)C1;Nc1cc(F)ccc1S(=O)(=O)NCC1CCCC1O;C/C(=N/NS(=O)(=O)C1=CC=C(C)C=C1)C1=CC=CC=C1;NS(=O)(=O)c1ccc(NCCC2CCCO2)c(F)c1;CC1CCN(S(=O)(=O)Nc2ccc(O)c(F)c2)CC1;Cc1ccc(S(=O)(=O)N2Cc3ccccc3C2)cc1N;Nc1cc(S(=O)(=O)NCCC2CCCO2)ccc1F;COc1cc(F)ccc1N1CCN(S(C)(=O)=O)CC1;Nc1ccc(S(=O)(=O)NCC2CCCC2O)cc1F;Nc1ccc(S(=O)(=O)NCC2CCCCO2)cc1F;CC(C)CCC(=O)Nc1cc(F)ccc1S(N)(=O)=O;Nc1cc(S(=O)(=O)NCC2CCOCC2)ccc1F;CCC(CC)C(=O)Nc1ccc(S(N)(=O)=O)c(F)c1;O=S(=O)(CCN1CCOCC1)Nc1ccc(F)cc1
m_88505f,COc1ccc(NC(=O)COc2ccc(F)c(Cl)c2)cc1OC;COc1cccc(OC)c1OCC(=O)Nc1ccc(F)c(Cl)c1;O=C(COc1cccc(Br)c1)NC1CC2CCC(C1)[NH2+]2;CCCCn1nnc(NCc2cc(Br)ccc2OC)n1;O=C(COc1ccc(Br)cc1)N1C2CC[NH2+]CC1CC2;COc1ccc(Br)cc1C[NH2+]C(C)c1c(C)noc1C;COc1cc(OC)c(NC(=O)COc2cccc(F)c2)cc1Cl;O=C(COc1c(CO)cc(F)cc1CO)Nc1ccc(Cl)cc1;CCc1ccc(NC(=O)C[NH+]2CCC(=O)CC2)cc1Br;CCn1ncnc1CC(NN)c1cc(Br)ccc1OC;O=C(C[NH+]1CC(O)CC1C1CC1)Nc1ccc(Br)cc1;CCCNc1cc(COC)[nH+]c2c(OC)ccc(Br)c12;CC(=O)C1CCC[NH+](CC(=O)Nc2cccc(Br)c2)C1;CCC[NH2+]C(C)c1ccc(Br)cc1OCc1ccno1;CC(=O)C[NH+]1CCN(C(=O)Cc2ccc(Br)cc2)CC1;COc1cc(OC)cc(OCC(=O)Nc2ccc(Cl)cc2F)c1;CCC(C)NC(=O)CCNc1nc2ccc(Br)cn2n1;CC(=O)C1CCCC[NH+]1CC(=O)Nc1cccc(Br)c1;COCCCCn1nnnc1-c1cc(Br)cc(N)c1C;CCCCOCCn1nnnc1-c1ccc(Br)c(N)c1;COc1ccc(Br)c(C(=O)N2C3CC[NH2+]CC2CC3)c1;COC(C)(C)Cn1nnnc1-c1cc(Br)cc(N)c1C;COCC(C(C)C)n1nnnc1-c1cc(N)ccc1Br;CCC[NH+](CCO)Cc1coc(-c2ccc(Br)cc2)n1;CCC[NH2+]Cc1cc(COc2ccc(Br)cc2C)on1
m_88a263,CS(=O)(=O)NC1CC[NH+](CC(O)c2ccc(F)cc2)CC1;CCC[NH2+]CCCCS(=O)(=O)Nc1ccc(SC)cc1;CCS(=O)(=O)N1CC[NH+](CC(O)c2ccc(F)cc2)CC1;COc1cc(NS(=O)(=O)CCC2CCCC[NH2+]2)ccc1F;CCCS(=O)(=O)N(C)CC(O)c1ccc(OC)c(OC)c1;COc1ccc(S(=O)(=O)NC(C)C2CCC[NH2+]C2)cc1F;COc1ccc(S(=O)(=O)NC2C[NH2+]CCC2C)c(C)c1F;COc1ccc(OCC(O)CNC(C)CS(C)(=O)=O)cc1;CCN1C(=O)C(=O)N(CC(=O)Nc2ccc(C(C)C)cc2)C1=O;CC1CC[NH2+]CC1NS(=O)(=O)c1ccc(C(C)(C)C)s1;CCS(=O)(=O)CCNCC(O)COc1ccccc1OC;CCOC(=O)CCc1nsnc1OCC(O)CNC(C)C;CC(Cc1cccs1)N(C)S(=O)(=O)CC1CCC[NH2+]C1;CCC(O)c1cccc(S(=O)(=O)NCC(COC)OC)c1;Cc1csc(C[NH2+]C(C)C)c1S(=O)(=O)NC1CCCC1;CCS(=O)(=O)NCC(c1ccsc1)[NH+]1CCCCCC1;CC(C)CS(=O)(=O)NCC(c1ccsc1)[NH+]1CCCC1;Cc1cc(S(=O)(=O)NC2CC(C)C2)sc1C[NH2+]C(C)C;COc1ccc(F)cc1S(=O)(=O)NCC(C)[NH+]1CCCC1;CC(C)(CNC(=O)c1cn(C2C[NH2+]C2)nn1)NS(C)(=O)=O;CCC[NH2+]Cc1scc(C)c1S(=O)(=O)NCCC1CC1;COc1ccc(C(O)CNC(=O)Nc2cccnc2OC)cc1;COc1ccc(S(=O)(=O)N(C)C2CCC[NH2+]CC2)cc1F;CCc1ccc(CNS(=O)(=O)CCC2CCCC[NH2+]2)s1;CC[NH2+]C(C)c1ccc(S(=O)(=O)NCC(C)SC)cc1
m_895051,CCOc1ccccc1NC(=O)NCCc1cn(C)c2ncccc12;CCOc1ccccc1CNC(=O)c1ccc2c(c1)nnn2C(C)C;CCOc1ccccc1C(=O)NCCCc1cnc2cc(C)nn2c1;CCOc1ccc2c(c1)CN(C(=O)Nc1cnc(C3CC3)nc1)CC2;CCOc1cc(C(=O)N(C)CCCc2nc3ccccc3[nH]2)ccn1;CCOc1ccccc1CN(C)C(C)c1nc(-c2cccnc2)no1;CCOc1ccccc1-c1[nH]c(N2CCCCCC2)nc(=O)c1C#N;CCCCNC(=O)Nc1ccc2c(c1)N(C(=O)c1cccnc1)CC2;CCOc1cccc(CNc2nc3ccncc3n(C(C)C)c2=O)c1;CCNC(=O)c1ccc(NC(=O)N2CCCC2c2cccnc2)cc1;CCCCCNC(=O)c1cccc2[nH]n(Cc3cccnc3)c(=O)c12;CCCCc1nc2ccc(NC(=O)CCn3ccccc3=O)cc2[nH]1;CCn1cc(C2OCCCC2NC(=O)c2cccc3[nH]ccc23)cn1;CCn1ccnc1C1CCCCN1C(=O)c1cc2nc(C)ccc2o1;CC(=O)N1CCCN(c2ccc(F)cc2NC(=O)NCCO)CC1;O=C(CC[NH+]1CCc2ccccc2CC1)c1ccc2c(c1)OCCO2;CN(CCc1ccccn1)C(=O)CCCc1ccc2[nH]c(=O)[nH]c2c1;CCOc1ccc(CC(=O)NCCc2nc3cccnc3n2C)cc1;CCC(C)NC(=O)Nc1ccc2c(c1)N(C(=O)c1cccnc1)CC2;CCOc1ccc(C=NNc2nc3ccccc3n2C)cc1OCC;CCC(C)NC(=O)Nc1ccc2c(c1)CCN2C(=O)c1cccnc1;CCOCCn1c(CN(C)C(=O)c2cccnc2)nc2ccccc21;COc1ccc2[nH]cc(CCNC(=O)c3cccnc3N(C)C)c2c1;COc1ccc2[nH]cc(C(=O)N3CCCCC3c3[nH]ncc3C)c2c1;Nc1nccc(C2CCCN(C(=O)Cc3ccc4c(c3)CCO4)C2)n1
m_89a6f2,Cn1nccc1CNC(=O)N1CCC(c2nnc3n2CCCC3)CC1;Cc1cc(NC(=O)N2CCC(c3nnc4n3CCCC4)CC2)nn1C;COc1ccc(CC(C)[NH+]2CCN(c3ncccn3)CC2)cc1OC;Cn1nccc1CNC(=O)N1CCCCC1c1nnc2n1CCCC2;CC(C)C(NC(=O)N1CCN(c2ncccn2)CC1)c1nccn1C;COCCCNc1cc(C)nc(N2CCN(c3ncccn3)CC2)n1;CC(C)CCNC(=O)c1ccc2c(=O)n3c(nc2c1)CC[NH+](C)CC3;CC(CN1CCCCC1)NC(=O)NCc1cccnc1-n1cncn1;CCc1nc(C)c(C(=O)N2CCC(c3[nH+]cc4n3CCCC4)CC2)o1;CCc1noc(C)c1C(=O)N1CCC(c2[nH+]cc3n2CCCC3)CC1;CC(C)(O)C[NH+]1CCN(C(=O)NCc2ccc3ncccc3c2)CC1;CCCC1CC1NC(=O)Nc1cnn(Cc2nnc3n2CCCC3)c1;COCCn1c(C)c[nH+]c1CC1CCCN(C(=O)c2cccnc2)C1;Cc1nnnn1-c1cccc(NC(=O)NCCN2CCC(C)CC2)c1;CCc1ccc(C[NH+]2CCC3CN(c4ncccn4)CCOC3C2)o1;CC(NC(=O)N1CCCCC1c1nnc2n1CCCC2)c1cn[nH]c1;Cc1cccc(OCCNC(=O)C[NH+]2CCn3c(nc(C)c3C)C2)c1;Cc1cc(NC(=O)N2CCn3c(C4CCCC4)nnc3C2C)n(C)n1;CC1c2nnc(C3CCCC3)n2CCN1C(=O)NCc1ccn(C)n1;CN(C)C(C(=O)N1CCCC(c2ccnc(N)n2)C1)c1cncn1C;CC1CCC2(CC1)NC(=O)N(C[NH+]1CCCC1c1cccnc1)C2=O;CCOc1ccnc(N2CCCN(c3nccc(N(C)C)n3)CC2)n1;CC(c1nc(C2CC2)no1)[NH+]1CCN(CCOc2ccccc2)CC1;CC(C)c1ccc(-n2cc(O)c(C(=O)N3CCCCC3C[NH3+])n2)cc1;CC(C1CCN(c2noc(-c3ccccc3)n2)CC1)[NH+]1CCOCC1
m_89b9d2,COc1ccc(COc2cc(C)c(Cl)c(C)c2)cc1C#N;COc1cc(C)ccc1NC(=O)C=Cc1ccccc1Cl;COc1cccc(C=CC(=O)Nc2ccc(Cl)cc2C)c1;COc1cccc(OCc2cn(C)c3cccc(Cl)c23)c1;Cc1ccc(NC(=O)C=Cc2ccc(C)c(Cl)c2)c(O)c1;COc1ccc2c(c1)CCN(C(=O)c1ccccc1Cl)C2;COc1cc(Cl)c(C)cc1NCc1cc2ccccc2o1;COc1ccc(C=CC(=O)Nc2ccc(C)c(Cl)c2)cc1;C=C(C)COc1cccc(NC(=O)c2ccccc2Cl)c1;COc1ccc(C2CC2C(=O)Nc2ccccc2Cl)cc1;COc1ccc(C(=O)C=CNc2ccc(C)c(Cl)c2)cc1;COc1ccc(OCc2cn(C)c3cccc(Cl)c23)cc1;CCN(CC)c1oc2ccc3ccccc3c2c(=O)c1Cl;COc1cc(C(=O)C2CCNc3ccccc32)ccc1Cl;COc1ccc2c(c1)CCCN2C(=O)c1cccc(Cl)c1;COc1ccc(Cl)cc1NC(=O)C=Cc1cccc(C)c1;CCOc1ccc2c(c1)C(C)(c1ccccc1Cl)C(=O)N2;COc1ccc2c(c1)CCC1Nc3cc(Cl)ccc3OC21;CC(C)=CC(=O)Nc1ccccc1Oc1ccccc1Cl;COC1=CC=C(NC(=O)/C=C/C2=CC=C(C)C=C2)C=C1Cl;COc1cc(Cl)c(F)c(C(=O)NCC2CCCC2O)c1;COc1cc(OC)c(OC)c(CC(C)(C)C(=O)[O-])c1Cl;COc1ccccc1CC1(C)C(=O)Nc2cccc(Cl)c21;CC1(C)COc2ccc(C(=O)c3c(N)cccc3Cl)cc21;COc1cc(Cl)c2c(c1)CN(Cc1ccc(C)cc1)C2=O
m_8b6b8e,CCOC(=O)c1ccc(-n2nc(C)c(N)c2C)nc1;Cc1[nH]c(NCc2ccccn2)nc(=O)c1CCO;COc1ccccc1NC(=O)Cn1nc(N)cc1C;CN(CCO)c1nc(=O)c(Cc2ccccc2)n[nH]1;CCCOc1ccc(Nc2nc(=O)c(C)n[nH]2)cc1;Cc1c(C(=O)N(C)CCO)cnn1-c1ccccn1;CCCOc1cccc(Nc2nc(=O)c(C)n[nH]2)c1;Cc1nn(C)c(NC(=O)COc2ccccc2)c1N;CCn1cc(NC(=O)c2cc(N)ccc2OC)cn1;Cc1cc(C)n(-c2ccc(C(=O)NCCO)cn2)n1;COc1cccc2c1nc(N)n2CC1CCC(=O)N1;CCOC(=O)c1cccnc1-n1nc(C)c(N)c1C;Cc1nn(C)c(C)c1Oc1cc(C(N)=O)ccc1N;CC(C)n1ncnc1COC(=O)c1ccc(N)cc1;Cc1nn(C)c(C)c1CNC(=O)c1cncc(O)c1;CCn1ncnc1COC(=O)c1cc(N)ccc1C;CCn1ccc(Nc2ccc(N)cc2C(=O)OC)n1;Cc1c(C(=O)NCC(C)O)cnn1-c1ccccn1;Cn1ccc(CNC(=O)COc2ccc(N)cc2)n1;Cc1nn(C)c(C)c1CC(=O)Nc1ncccc1O;CCCCc1cc(NC(=O)c2cncc(O)c2)[nH]n1;CCCc1cc(NC(=O)c2cc(O)ccc2N)n[nH]1;COc1ccccc1NC(=O)Nc1cc(C)n(C)n1;CCn1cc(OC(=O)c2ccc(N(C)C)nc2)cn1;CCOC(=O)Cc1c(C)nn(-c2ccncn2)c1C
m_8bb047,NC1=NC=NC2=C1N=CN2[C@H]1O[C@H](CO)[C@@H](N)[C@@H]1O;NC1=NC=NC2=C1N=CN2[C@H]1O[C@H](CO)[C@H](O)[C@@H]1N;Cc1ncnc2c1ncn2C1OC(CO)C(C)C1F;CC1CC(n2cc(F)c3c(N)ncnc32)OC1CO;NNc1ncnc2c1ncn2C1OC(CO)CC1O;N=C1N=C2C(=C(N)N1)N=CN2C1OC(CO)C1CO;N=C1N=C2C(=C(N)N1)N=CN2C1CC(O)C(CO)O1;O=C(NCCc1ccccc1)c1cnc2nc[nH]c2c1;O=C(NCc1ccccc1)Nc1ccc2nc[nH]c2c1;CCc1ccc(NC(=O)c2cnc3nc[nH]c3c2)cc1;Cc1ccc(CNC(=O)c2cnc3nc[nH]c3c2)cc1;Nc1nc(NC2CC(O)C(CO)O2)c2[nH]cnc2n1;BN1CN(C2CC(O)C(CO)O2)c2[nH]cnc(=O)c21;CCc1ccccc1NC(=O)c1cnc2nc[nH]c2c1;Nc1ncnc2c1nnn2C1CC(CO)C(O)C1O;Cn1nc(NCc2ccccc2)c2ncccc2c1=O;Cc1cccc(C)c1NC(=O)c1cnc2nc[nH]c2c1;Cc1ccc(C)c(NC(=O)c2cnc3nc[nH]c3c2)c1;CC1(c2ccc3c(N)ncnn23)OC(CO)CC1F;O=c1cc(NCCc2cccc3cccnc23)[nH]cn1;CC(=O)n1ccc2c(Nc3cccc(C)c3)ncnc21;COc1c(N)ncnc1Cc1ccnc2ccccc12;CCc1c(N)ncnc1Oc1cccc2ncccc12;O=C(NCCc1ccc2nc[nH]c2c1)c1ccccn1;NC(=O)c1cc2c(cc1N)ncn2Cc1ccccc1
m_8c72d4,CC(OC(=O)CN1C(=O)COc2ccc([N+](=O)[O-])cc21)C(=O)NC1CCCCC1;CCCn1c2ccccc2c2nnc(NN=Cc3ccc(OC)c([N+](=O)[O-])c3)nc21;Cc1ccc(-c2c[nH+]c(CCCCN3C(=O)c4ccccc4C3=O)[nH]2)cc1[N+](=O)[O-];O=C(CCCn1c(=O)oc2cc([N+](=O)[O-])ccc21)N1CCCC(C2OCCO2)C1;Cc1ccc(Cl)cc1N1CCC(CNC(=O)CCn2cc([N+](=O)[O-])nc2C)C1;COc1cc([N+](=O)[O-])ccc1COC(=O)Nc1ccc(N(CCO)CCO)cc1;CCOc1cc(C(=O)NCc2ccc(OCCOC)nc2)c([N+](=O)[O-])cc1OC;COCCn1cc(C(=O)NCCc2cc(OC)c(OC)cc2[N+](=O)[O-])ccc1=O;COc1cc([N+](=O)[O-])ccc1NC(=O)C(C)[NH+](C)CC(=O)Nc1ccc(F)cc1;CCn1ncc(-c2ccnc3cc(C(=O)Nc4ccc(C)cc4[N+](=O)[O-])nn23)c1C;COC(CNC(=[NH+]Cc1ccccc1-c1ccc(N)c([N+](=O)[O-])c1)SC)OC;Cc1ccc(C[NH+]2CCCN(c3ccc(S(N)(=O)=O)cc3[N+](=O)[O-])CC2)cc1;CCn1cc(-c2cc(C(=O)NCCn3cc([N+](=O)[O-])cn3)c3ccccc3n2)cn1;O=C(Nc1cnc(N2CCN(c3ccccn3)CC2)nc1)c1cccc([N+](=O)[O-])c1;CCC(C(=O)O[NH+]=C(N)c1ccc(OCC(N)=O)cc1)n1nc([N+](=O)[O-])cc1C;COC(=O)C1C(C(C)C)=NC(=O)N(C(=O)OC(C)C)C1c1cccc([N+](=O)[O-])c1;COc1ccc(CNC(=O)c2cc([N+](=O)[O-])ccc2N(CO)CCO)cc1OC;CC(C)(C)C(OC(=O)Oc1ccc([N+](=O)[O-])cc1)c1cccc(-c2ccccc2)c1;Cc1ccccc1CNc1ccc(S(=O)(=O)N2CC[NH+](C)CC2)cc1[N+](=O)[O-];CC(C)(C)n1c(NC(=O)c2ccc(-n3cncn3)c([N+](=O)[O-])c2)nc2ccccc21;COc1ccc([N+](=O)[O-])cc1NC(=O)C(C)[NH+](C)CC(=O)Nc1cccc(F)c1;CC1CCCN(c2ccc(C(=O)Nc3ccccc3OC(F)F)cc2[N+](=O)[O-])C1;CNS(=O)(=O)c1ccc(N2CC[NH+](Cc3ccccc3C)CC2)c([N+](=O)[O-])c1;CC(C)CC(NC(N)=O)C(=O)NCCNc1ccc(C(F)(F)F)cc1[N+](=O)[O-];O=C(C[NH2+]C(c1ccccc1)c1ccccc1)NNC(=O)c1cccc([N+](=O)[O-])c1
m_8d19fa,CC(C)(C)n1cnc(C(=O)Nc2cncnc2-n2cccn2)n1;CCS(=O)(=O)NC1CCCCC1COc1ccc(C)nc1;COc1ccncc1CNC(=O)C1CCc2cc(C)ccc2O1;COc1cccc(C2CCCN2C(=O)Cn2ccccc2=O)c1;CCC[NH2+]Cc1cc(S(=O)(=O)NCCn2cccn2)c[nH]1;Cc1cc(C)c(N2CCC(NC(=O)c3ccoc3)C2=O)c(C)c1;CN1C(=O)C(C)(C)c2cc(CCNC(=O)c3ccco3)ccc21;CCCN(CCC)S(=O)(=O)NC1c2ccccc2CC1O;COC1=CC=C(CCNC(=O)C2=CC3=C(CCC3)NC2=O)C=C1;CCOc1ccc(C2CC(c3ccc(C)o3)=NN2C(C)=O)cc1;Cc1noc(C)c1CCC(=O)Nc1ccc2c(c1)CCCC2=O;COc1ccc(C2CCCN2C(=O)c2ccccn2)c(OC)c1;COc1ccnc(C(=O)NC2CCCc3cc(OC)ccc32)c1;O=C(NC1CCC(c2ccc(O)cc2O)CC1)c1cccnc1;CC[NH2+]Cc1cc(S(=O)(=O)NCCCn2cccn2)c[nH]1;CC1CCC(O)(CNS(=O)(=O)Cc2ccc(N)cc2)CC1;O=c1ccn2c(n1)OC(COc1ccc(C3CCCC3)cc1)C2;C[NH2+]CC1CCCN1CC(=O)Nc1ccc(OC)c(Cl)c1;Cc1ccc(S(=O)(=O)N=C(N)N[NH+]2CCN(C)CC2)cc1;Cc1cc2ncc(C(C)[NH2+]CCNS(C)(=O)=O)c(C)n2n1;CNCC1CCCN(S(=O)(=O)c2cc(C)ccc2OC)C1;CCn1cc(S(=O)(=O)NC(C)Cn2cccn2)cc1C[NH3+];CCc1[nH]c(S(=O)(=O)NCCCn2nc(C)cc2C)c[nH+]1;NC1=NC=NC=C1C1=NOC([C@@H]2CCCN2CC2=NC=CN2)=N1;COc1ccnc(C(=O)NCC2(O)CCCc3ccccc32)c1
m_8d374f,Cc1ccc(S(=O)(=O)Nc2c(C)nc(N3CCCC3)nc2C)cc1;Cc1ccc(-c2ccc(N3CCCC(C)C3)nn2)cc1S(N)(=O)=O;Cc1ccc(C)c(S(=O)(=O)NCc2nccc(N3CCCC3)n2)c1;Cc1ccc(S(=O)(=O)NCc2ccnc(N3CCCC3)n2)cc1C;Cc1cccc(S(=O)(=O)Nc2ccc(N3CCCC(C)C3)nn2)c1;CCc1ccc(S(=O)(=O)NCc2nccc(N3CCCC3)n2)cc1;Cc1ccc(S(=O)(=O)NCc2ccnc(N3CCCCC3)n2)cc1;Cc1cncc(NCc2cccc(S(=O)(=O)N3CCCCC3)c2)n1;CN(C)c1nccc(CNS(=O)(=O)c2ccc3c(c2)CCCC3)n1;Cc1cc(CNS(=O)(=O)Cc2ccccc2)nc(N2CCCC2)n1;Cc1n[nH]c(C)c1S(=O)(=O)N1CCc2ccc(N3CCCC3)cc21;Cc1cccc(Nc2cc(C3CCCN(S(C)(=O)=O)C3)ccn2)n1;Cc1cccc(S(=O)(=O)N2CCCC(c3nnc4n3CCC4)C2)c1;Cc1nc2ccccc2nc1N1CCCC(NS(=O)(=O)C2CC2)C1;Cc1ccc(CS(=O)(=O)N2CCN(c3ccc(C)nn3)CC2)cc1;CCc1ccc(S(=O)(=O)NC2CCN(c3ncccn3)CC2)cc1;Cc1cc(C)nc(Nc2ccc(S(=O)(=O)N3CCCCC3)cc2)n1;Cc1cncc(NCC2CCN(S(=O)(=O)c3ccccc3)CC2)n1;Cc1cnc(N2CCN(S(=O)(=O)Cc3ccccc3)CC2)nc1C;Cc1cccc(S(=O)(=O)N2CCC(n3cnnc3C3CC3)CC2)c1;CCn1cc(S(=O)(=O)NCCc2c[nH]c3ccc(C)cc23)c(C)n1;NS(=O)(=O)c1cccnc1NCc1ccccc1N1CCCCC1;Cn1cnnc1C1CCCN(S(=O)(=O)c2ccc3c(c2)CCC3)C1;CCn1nc(C)c(S(=O)(=O)NCCc2c[nH]c3ccccc23)c1C;Cc1cc(C)c(S(=O)(=O)N2CCN(c3cccnn3)CC2)c(C)c1
m_8d75c7,OCc1cc(Br)cnc1N1CCN(c2nccs2)CC1;CCOc1ccccc1C(NN)c1cc(Br)ccc1Cl;O=c1nc(Nc2ccc(Cl)nc2)sn1Cc1ccc(F)c(F)c1;CN(C(=O)CNS(=O)(=O)c1ccc(Cl)s1)C1COCC1O;CCC(c1ccccc1)C(Br)c1cc(C)c(F)cc1Cl;CCc1ccc(CC)c(C(Br)c2ccc(Cl)c(F)c2)c1;CCOC(=O)C([NH2+]Cc1cccs1)c1ccccc1Br;Cc1ccccc1CC(CBr)Cc1cc(F)ccc1Cl;CN(Cc1cccc(Br)c1)C(=O)Nc1ccc(F)cc1F;O=C(COC(=O)Cn1ccccc1=O)Nc1cc(Cl)ccc1Cl;CN(Cc1cccc(F)c1)c1cc(Br)cc(F)c1C(N)=O;CN(Cc1ccc(F)cc1F)C(=O)c1ccc(N)c(Br)c1;CN(Cc1ccc(F)cc1F)C(=O)c1cc(N)cc(Br)c1;CC(Cc1ccccc1Cl)NC(=O)c1cc(Br)cn1C;CCN(Cc1ccccc1Cl)C(=O)c1cc(Br)cn1C;CC(C)Cc1ccc(C(Br)c2ccc(F)cc2Cl)cc1;CC([NH2+]CC1COc2ccccc2O1)c1sccc1Br;CCCn1cc(Br)cc1C(=O)NCc1ccccc1Cl;CN(CCc1nccs1)c1nc(-c2cc(Cl)cc(Cl)c2)no1;CCc1ccc(CC)c(C(Br)c2ccc(F)cc2Cl)c1;Cc1ccccc1CC(CBr)Cc1ccc(Cl)c(F)c1;CN(Cc1ccccc1Br)C(=O)Nc1ccc(F)cc1F;Cc1cc(C)c(C(Br)c2cc(C)c(F)cc2Cl)c(C)c1;CCOc1cccc(C(NN)c2ccc(Cl)c(Br)c2)c1;CC(=O)c1c[nH]c(C(=O)OCC(=O)Nc2ccc(Cl)c(Cl)c2)c1
m_8db7e3,CCCCCCCCCNC(=O)c1cc2ccccc2oc1=O;CCCCCC=CC=CC(=O)NC(Cc1ccccc1)C(=O)O;COCCC(C)CCCCNC(=O)CNC(=O)CCC(=O)[O-];COc1ccccc1NC1CC[NH+](Cc2ccccc2F)CC1;O=C(CCCC/C=C/C1=CC=C2OCOC2=C1)N1CCCCC1;OC1CC(C[NH2+]Cc2ccccc2F)N(Cc2ccccc2)C1;OC1CC(C[NH2+]Cc2cccc(F)c2)N(Cc2ccccc2)C1;CNC(=O)c1sc(NCC(C)[NH+](C)C)c(OC(C)C)c1N;C=CCCCCCCCCC(=O)NC(CCSC)C(=O)O;O=C(CC[NH2+]Cc1ccccc1F)NCCCc1ccccc1;[NH3+]C(O)C1CCCN1Cc1ccccc1Cc1cccc(F)c1;Cc1c(C(=O)NCCCOC2CCCCC2)oc2ccccc12;CC[NH+](CC)CCNc1sc(C(N)=O)c(N)c1OC(C)C;CCCCCCCCOc1cccc2cc(O)c(C(C)=O)nc12;CCCCCC=C(C)C(=O)N1C(=O)OCC1Cc1ccccc1;CCOCCCNC(=O)C(CC)Oc1ccc2ccccc2c1;CCCC1CCCC(C=CC=O)N1C(=O)OCc1ccccc1;CCCCOc1ccc(F)c(CC[NH2+]CC(=O)N(C)C)c1F;CCCNc1nccc(N2CCN(c3ccccc3F)CC2)n1;CC(=O)NCCc1cccc2ccc(OCCCCCO)cc12;C[NH+](CCC(=O)NCCc1ccc(F)cc1)Cc1ccccc1;CCCC(C(N)=S)[NH+]1CCN(C(=O)NC2CCOC2)CC1;COC(=O)CC(NC(=O)CC(C)C1CCC[NH2+]C1)C(=O)OC;Fc1ccccc1N1CC[NH+](CCCOc2ccccc2)CC1;CCC1CCCN1S(=O)(=O)c1n[nH]c(C)c1C[NH2+]C(C)C
m_8e45f7,O=C(O)c1ccc(C(=O)N2CCN(c3ncccn3)CC2)s1;Cc1ccc([N+](=O)[O-])c(NC(=O)CSc2ncccn2)c1C;Cc1ccccc1OCCNc1nc2sccn2c1[N+](=O)[O-];O=C(Nc1nccs1)c1cc([N+](=O)[O-])ccc1N1CCCC1;O=C(CNc1ccc([N+](=O)[O-])cn1)N1CCc2sccc2C1;C=CCn1c(N)cc(=O)nc1SCc1ccc([N+](=O)[O-])cc1;CC1CCN(c2cc(Cl)c(Cl)cc2[N+](=O)[O-])C(C[NH3+])C1;CC(c1cccnc1)P(=O)([O-])Nc1ccccc1CC(=O)[O-];COCc1ccccc1CNc1nc2sccn2c1[N+](=O)[O-];CCCNc1cc2nc(-n3cc(C(=O)[O-])cn3)[nH]c2cc1Cl;CCC(=O)Nc1ccc(SCc2cccc([N+](=O)[O-])c2)nn1;O=[N+]([O-])c1cc(F)c(Cl)cc1N1CCC(OCCO)CC1;O=C([O-])CCn1cc(S(=O)(=O)N2CCOC(CO)C2)cn1;CCOc1ccc(NS(=O)(=O)c2ccc3nncn3c2)cc1;O=C(NCCNc1ccc([N+](=O)[O-])cc1)c1ccc[nH]c1=S;CS(=O)(=O)N1CCN(c2nccc(C(N)=[NH2+])c2Cl)CC1;COc1ncccc1C(=O)N1CCN(c2nccs2)C(=O)C1;Cc1cccc(C(O)CNc2nc3sccn3c2[N+](=O)[O-])c1;O=C([O-])C(NP(=O)([O-])CCc1cccnc1)c1ccccc1;O=C(CCP(=O)([O-])[O-])N(Cc1ccccc1)c1ccccn1;O=C(c1cn[nH]c1-c1ccc([N+](=O)[O-])cc1)N1CCSCC1;COc1ccc(CN(C)c2nc3sccn3c2[N+](=O)[O-])cc1;COc1ccccc1CN(C)c1nc2sccn2c1[N+](=O)[O-];Cc1ccc(C(=O)NCCc2cccc(Cl)c2)cc1[N+](=O)[O-];COc1ccc(C(NC(=O)CCc2cccs2)C(=O)[O-])cc1
m_8eaf01,CCCc1nc(N)c(C)c(N2CCCC3C(=O)NCC32)n1;CN(C)c1nccc(N2CCC(N3CCCC3=O)CC2)n1;Cc1oncc1CN1CCCCC1c1n[nH]c(C(C)C)n1;CC(c1ccc2c(c1)OCCO2)N1CCCC2C[NH2+]CC21;CC(C)c1ccc2c(c1)CCCN2C(=O)C1C[NH2+]CCO1;CCc1ccc(C2C[NH2+]CCN2C(=O)C2CCCO2)cc1;O=C(CC1CC2CCC1C2)N1CCN(c2nc[nH]n2)CC1;O=C(CC[NH2+]Cc1ccc2c(c1)CCO2)N1CCCCC1;COc1ccc2c(c1)CC([NH2+]CC(=O)N1CCCC1)CC2;CC(C)c1ccc(OCC(=O)N2CC3C[NH2+]CC3C2)cc1;Cc1ccccc1C1CCCN1C(=O)CC1C[NH2+]CCO1;CCCC(=O)N1CC[NH+](Cc2ccc3c(c2)CCO3)CC1;Cc1ccc(OCC(=O)N2CCC3CCC(C2)[NH2+]3)c(C)c1;Cn1c(C2CCC2)nnc1N1CCC2(CC1)CNC(=O)C2;CC1CCN(C(=O)c2cnc(N3CCCC3)nc2N)CC1;CC[NH2+]C(CN1CC2CCC1C2)c1ccc2c(c1)OCO2;CC(c1nc(N2CCCC3C[NH2+]CC32)n[nH]1)n1cncn1;O=C(CNCC1CCCN1c1cccnn1)NCC1CC1;CC1[NH2+]C(CCc2ccccc2)C(=O)N1C1CCCOC1;CC1[NH2+]C(c2ccccc2)C(=O)N1CCC1CCCCO1;Cn1nccc1C1OCCCC1CNCCn1ccnc1;CC(C)(C)C1=CNC([C@@H]2COCCN2CC2=CNC=N2)=N1;CCC[NH2+]C1CCCN(C(=O)c2ccc3c(c2)CCO3)C1;CNC(=O)C1CCCN(c2nc(C3CC3)nc(N)c2C)C1;CCn1c(C2CC2)nnc1N1CCC2(CC1)CNC(=O)C2
m_9068e1,CC(C)=CCC1=CC([C@@H]2CCC3=CC=C(O)C=C3O2)=CC=C1O;CCCCCCCCSC1OC(CO)C(O)C(O)C1F;CC(C)=C1CC[C@@]2(C)OC3=CC=C(O)C=C3C3=CC(=O)CC[C@]312;CC(C)=CCC1=C(O)C=CC2=C1O[C@@H](C1=CC=C(O)C=C1)CC2;CC1=CC2=C(C(=O)C(=O)C3=C2OC[C@@H]3C)C2=C1C(C)(C)CCC2;CCCCCCC(C)OC(=S)Cc1ccc(O)c(OC)c1;CC(C)=CCC[C@@]1(C)OC2=CC=C(O)C=C2C2=CC(O)=CC=C21;C=C[C@]1(CCC=C(C)C)COC2=C1C(=O)OC1=CC=CC(C)=C21;C=C(C)[C@H]1CC[C@@]2(C)OC3=CC=C(O)C=C3C3=CC(=O)CC[C@]312;C=C(C)COC(COC(=O)CCC)c1cc(F)ccc1OC;CC1COC2=C1C(=O)C(=O)c1c2ccc2c1CCC(C)C2(C)C;CC(C)=CCOC1=CC=C(C(=O)CCC2=CC=CC=C2)C(O)=C1;CCCCCC(=O)Oc1ccc(F)cc1C(=O)OC(C)(C)C;CC(C)=CCC/C(C)=C/CC1=C(O)C(=O)C2=CC=CC=C2C1=O;CCCCCCCCSC(=O)Cc1ccc(O)c(OC)c1;CC(C)=CCC1=CC(CC(=O)CC2=CC=C(O)C=C2)=CC=C1O;C#CC1(O)CCC2C3CCC4=C(C=CC(=O)C4=O)C3CCC21C;CC1=C2CCCC(C)(C)C2=CC2=C1C(=O)C(=O)C1=C2OC[C@@H]1C;CC(C)=CCC1=C(O)C=CC(C(=O)CCC2=CC=CC=C2)=C1O;CCCCCCOC(=O)CCC(=O)OCc1ccc(F)cc1;COC1COCC([NH+](C)Cc2ccc3c(c2)OCCO3)C1O;COc1cc(CNC(CCCNC(=N)N)C(=O)O)ccc1O;CC(C)C1=CC=C2C(=C1)C(=O)C[C@H]1C3=C(CC[C@]21C)C(=O)OC3;CC(O)C(O)C(CO)OC(C)(C)C1OCC(O)C(O)C1O;CC1C[NH+](CC(O)COc2ccc3c(c2)OCO3)C(C)CO1
m_907412,O=[N+]([O-])c1cc(CNc2ccc(F)cc2OCCO)cs1;CCOC(=O)CSc1nnc(-c2ccc(OC)c(F)c2)o1;CCOc1ccc(-c2csc(NC(=O)C[NH3+])n2)cc1Cl;CCc1ccc(C(=O)Nc2cc(F)ccc2S(N)(=O)=O)o1;COCCCCCNc1nc2c(Br)cccn2n1;CCNC(=S)Nc1ccn(Cc2ccc(F)cc2Cl)n1;CC(C)(CCO)CNc1nc2c(Br)cccn2n1;COc1ccc(F)c(NS(=O)(=O)c2ccc(CO)cn2)c1;CCc1ccc(C(=O)Nc2ccc(S(N)(=O)=O)cc2F)o1;NNc1cc(C(=O)N(CCO)CC(F)(F)F)cc(Cl)n1;CCOC(=O)c1nnc(SCCOc2ccc(F)cc2)o1;CCOC(=O)c1nnc(SCCOc2ccccc2F)o1;CS(=O)CCN1C(=O)NC(=O)C(c2cccc(F)c2)C1=O;COC1OC(n2ccc(=O)[nH]c2=O)C(O)(C(F)(F)F)C1O;Nc1cc2c(cn1)[nH]c1ncc(-c3ccc(F)c(Cl)c3)cc12;O=C(NC1CCC[NH2+]C1)c1cc(-c2ccc(Cl)s2)on1;CCCOc1ncnc(Nc2cc(Cl)ccc2Cl)c1N;Cc1oc(C(=O)N(C)c2ccc(F)cc2)cc1S(N)(=O)=O;O=C(CNS(=O)(=O)c1ccccc1F)NCc1ccco1;Fc1ccc(Cl)c2ccc(Nc3n[nH]c4cccnc34)cc12;O=C(COC(=O)CN1CCSC1=O)Nc1cccc(F)c1;NNc1cc(C(=O)NCc2cc(F)ccc2F)cc(Cl)n1;NS(=O)(=O)c1ccc(C(=O)NCCc2ccco2)c(F)c1;NC(CNC=O)=[NH+]C1OC(COP(=O)([O-])[O-])C(O)C1O;CN(CC(=O)Nc1cc(F)cc(F)c1)c1ncncc1Cl
m_90baa7,O=C1Nc2ccccc2C1c1ccc2cc(OCC[N+]3([O-])CCS(=O)CC3)ccc2n1;COC12C3[NH2+]C3CN1C1=C(C(=O)C(OC3COCOC3)=C(C)C1=O)C2(CO)NC(=O)[O-];O=C([O-])CCC(=O)OC[N+]1(c2cc(=O)c3cccc(-c4ccccc4)c3o2)CCOCC1;CCOC(=O)C1=C(CC(=O)OCC[NH3+])NC(C)=C(C(=O)OC)C1c1ccccc1Cl;CC(=O)Nc1ccc(N2C(=O)C(c3ccc([N+](=O)[O-])cc3)=C([NH+]3CCOCC3)C2=O)cc1;CCOC(=O)Nc1cc(S(=O)(=O)N2CCN(c3ccc(F)cc3)CC2)ccc1OC;CCOC(=O)C1=C(C)NC(COC)=C(C(=O)OCC)C1c1ccc(S(C)(=O)=O)cc1;CCOc1cc(C2C(C#N)=C([NH3+])Oc3c2c(C)nn3-c2ccccc2)cc(Cl)c1OC;Cc1nc2c(C(=O)[O-])cc(N3CCOCC3)cc2n1-c1ccnc2c(C(F)F)cccc12;CCOC(=O)Nc1cc(S(=O)(=O)N2CCN(c3ccccc3F)CC2)ccc1OC;CCN(CCNC(=O)c1sccc1S(=O)(=O)N1CCOCC1)c1cccc(C)c1;CCOC(=O)C1(Cc2ccc(F)cc2F)CCCN(C(=O)c2ccc(COC)s2)C1;COCCOc1ncccc1NC(=O)C1CCN(S(=O)(=O)c2ccc(F)cc2)CC1;CCCn1c(C[N+]2(c3csc(C)n3)C=C[NH+]=C2c2csc(C)n2)nc2cccnc21;CCOC(=O)N1CCN(S(=O)(=O)N(C)Cc2ccc(OC)c(OC(F)F)c2)CC1;CCOc1ccc(N2C(=O)C(=Cc3ccc(N4CCOCC4)cc3)C(=O)NC2=S)cc1;CCOC(=O)N1CCC(NC(=O)CSCc2nc(-c3sccc3C)oc2C)CC1;O=C([O-])CNC(=O)OCC1OC(n2cnc3c(NC4CCOC4)ncnc32)C(O)C1O;CC[NH+](CC)C(CNC(=O)C1=CN2CCS(=O)(=O)N=C2C=C1)c1ccccc1Cl;COCCOc1ncccc1NC(=O)C1CCN(S(=O)(=O)c2ccccc2F)CC1;O=C([O-])c1ccc(Oc2ccc3c(c2)CC([NH2+]CC(O)c2ccc(Cl)cc2)CC3)cc1;C[NH+](Cc1ccccc1)C1=C(c2ccccc2)C(=O)N(c2ccc(C(F)(F)F)cc2)C1=O;C=CC1c2cc(O)ccc2C(C(=O)Nc2c(C)noc2C)=C[NH+]1Cc1ccc([N+](=O)[O-])o1;C[Si](C)(C)O[Si](C)(CCCOC1=C([O-])C(C(O)CO)OC1=O)O[Si](C)(C)C;CCOC(=O)N1CCC2(CC1)OCc1cc(-c3ccc(OC(F)(F)F)cc3)ccc1O2
m_91512a,CCCN(CCNC(=O)Nc1ccccc1)S(C)(=O)=O;CCCCCCNC(=O)Nc1ccc(S(N)(=O)=O)cc1;CCCCCNC(=O)NCc1ccc(S(N)(=O)=O)cc1;Cc1cccc(C)c1NC(=O)NCCS(=O)(=O)N(C)C;CCCCNC(=O)Nc1cccc(S(=O)(=O)N(C)C)c1;Cn1cc(S(N)(=O)=O)cc1C(=O)NCCC1CCCC1;CCCNc1ncccc1S(=O)(=O)N1CCC(CO)C1;COCCNc1ccc(S(=O)(=O)N2CCCCC2)cn1;CCCNc1cccnc1S(=O)(=O)N1CCC(CO)C1;CCNc1cc(S(=O)(=O)N2CCC(C)C(O)C2)ccn1;COCCN(C(C)C1CC1)S(=O)(=O)c1ncccc1N;Cn1cnc(S(=O)(=O)N2CCC(C3CC3CO)CC2)c1;CCN(CC)C(=O)CNS(=O)(=O)c1ccc(C)cc1N;CCC(CO)Nc1ccc(S(=O)(=O)N2CCCC2)cn1;COCCC1(O)CCN(C(=O)c2snnc2C)CC1C;CNS(=O)(=O)c1ccc(N)c(N2CCC(C)C2CO)c1;Cn1cnc(S(=O)(=O)N2CCC3(O)CCCCC3C2)c1;Cc1[nH]ncc1S(=O)(=O)N1CCC2(O)CCCCC2C1;CC1(C)CC(O)CCN(c2ccc(S(N)(=O)=O)cn2)C1;COCCN1CCN(S(C)(=O)=O)Cc2ccc(C)nc21;CCNc1ncccc1S(=O)(=O)N1CCCC(C)(O)C1;CC1CCN(c2ccc(S(=O)(=O)N(C)C)cn2)CC1O;CCNc1cccnc1S(=O)(=O)N1CCC(COC)C1;CC(C)C1CN(c2ccc(S(N)(=O)=O)cn2)CCCO1;CNc1cccnc1S(=O)(=O)N1CCCC(COC)C1
m_916daf,Cn1cc(CCC(=O)Nc2n[nH]c(C3CCCO3)n2)c2ccccc21;Cn1ccnc1C1CCN(c2nc3ccccc3c(=O)n2CCO)C1;COc1ccccc1CNC(=O)Nc1cnc2c(cnn2C(C)C)c1;Cn1ccnc1C1OCCC1C(=O)NCc1nc2ccccc2n1C;CCCCn1ncc(C)c1NC(=O)COc1ncnc2ccccc12;Cn1c(CNC(=O)C2CCCOC2c2ccn[nH]2)nc2ccccc21;Cn1ccc2c(C(=O)NCC3CC(c4nnc[nH]4)CC3O)cccc21;Cc1cn(CC(=O)NCCCC(=O)Nc2cn[nH]c2)c2ccccc12;COCCn1nnc2c1CCN(C(=O)c1cn(C)c3ccccc13)C2;C=CCC1(C(=O)[O-])CCCN(C(=O)Cc2c(C)[nH]c3ccccc23)C1;O=c1c2ccccc2nc(N2CCC(c3ncc[nH]3)CC2)n1CCO;Cn1cc(C(=O)NCC2CC(c3nnc[nH]3)CC2O)c2ccccc21;COc1cncc(NC(=O)N2Cc3cccnc3N3CCCC3C2)c1;CCn1cc2c(n1)CN(c1ncnc3cc(OC)c(OC)cc13)CC2;Cn1ccnc1C1OCCC1C(=O)NCCc1nc2ccccc2[nH]1;Cc1cc(C)n(CC(=O)NNC(=O)Cc2c(C)[nH]c3ccccc23)n1;COCCNC(=O)Cn1c(NCc2ccccn2)nc2ccccc21;C#CCOc1ccccc1NC(=O)N1CCN(c2cnn(C)c2)CC1;COc1nn(-c2ccnc(NC3CCCCC3O)n2)c2ccccc12;CCc1c(C)nn(C)c1NC(=O)CCn1cnc2ccccc2c1=O;Cn1ccnc1C(O)C1CCN(c2nc(=O)c3ccccc3[nH]2)CC1;Cc1[nH]n(C)c2nc(=O)c(CCC(=O)NCc3ccccn3)c(C)c1-2;COc1cc(C(=O)Nc2nc3ccccc3n2CCC(C)C)ncn1;Cn1nccc1C1OCCC1C(=O)NCc1nc2ccccc2n1C;Cn1c(NC2CCCC2O)nc2ncn(Cc3ccccc3)c2c1=O
m_921c43,O=C(C1CNCCO1)N1CCCC1Cc1cccc(F)c1;COc1ccc(F)cc1CC(=O)NC1(C2CCNC2)CC1;O=C(CCC1CCNC1)NC1CCOc2c(F)cccc21;CCCNC(=O)C1CCC(=O)N(C)C1c1ccc(F)cc1;CCC(CC)C(=O)N1CCNC(=O)C1c1ccc(F)cc1;CC(C)C(=O)NCCNC(=O)C1CC1c1ccc(F)cc1;O=C(C1CCCNC1)N1CCOC(c2ccccc2F)C1;NC(=O)C12CCCC1CN(CCOc1ccc(F)cc1)C2;O=C(N1CCOCC1)N1CCC(c2ccc(F)cc2)CC1;CC1(NC(=O)NC2CC2c2ccc(F)cc2)CCCOC1;CC1CN(C(=O)CNC2CC2)CC(c2ccc(F)cc2)O1;O=C(NC1CCN(c2cccc(F)c2)CC1)C1CCCO1;CCOc1ccc2c(c1)CN(C(=O)C1CC(F)CN1)CC2;O=C(NC1CC1)C1CCCN1CCOc1cccc(F)c1;O=C(NC1CCCC1)N1CCOC(c2ccc(F)cc2)C1;CC(C)CC1NC(=O)CN(C(C)c2ccc(F)cc2)C1=O;CCC(C)C1NC(=O)CN(C(C)c2ccc(F)cc2)C1=O;CCCCC(O)CN1N=C(c2ccc(F)cc2)CCC1=O;CC1COCCC1NC(=O)N1CCc2cc(F)ccc2C1;CCC(=O)NC1CCCN(C(=O)Cc2ccc(F)cc2)C1;CCC(C(=O)N1CCCNC(=O)C1C)c1ccc(F)cc1;O=C(CCc1ccc(F)cc1)NCCN1CCCCC1=O;O=C(Nc1cc(F)ccc1N1CCCC1)C1CCOCC1;CCC1CCCNN(Cc2cccc(F)c2)C(=O)CC1=O;CCCC1NC(=O)C(C)N(CCc2ccc(F)cc2)C1=O
m_930a3b,O=C(Cc1ccc(F)cc1)NCC1CCN(c2cccnc2)CC1;O=C(NCCc1ccccn1)C1CCN(Cc2ccc(F)cc2)C1;O=C(NCc1ccc(F)cc1)c1ccnc(N2CCCCCC2)c1;O=C(CCCN1CCN(c2ccccn2)CC1)c1ccc(F)cc1;CC1CCCN(c2ccc(NC(=O)Cc3ccc(F)cc3)nc2)C1;CC1CCN(c2ccc(NC(=O)Cc3ccc(F)cc3)nc2)CC1;CC1CCN(c2cc(C(=O)NCc3ccc(F)cc3)ccn2)CC1;O=C(NCc1ccc(F)cc1)C1CCCCN1Cc1cccnc1;CC1CCCN(c2cc(C(=O)NCc3ccc(F)cc3)ccn2)C1;Cc1ccc(CNC(=O)N2CCN(c3ccc(F)cc3)CC2)cc1;O=C(NC1CCCCC1)c1cccnc1NCc1ccc(F)cc1;CC1CCN(c2ccc(NC(=O)Cc3ccc(F)cc3)cn2)CC1;Cc1cccc(N2CCC(C(=O)NCc3ccc(F)cc3)CC2)n1;CC1CCCN(C(=O)c2ccnc(NCc3ccc(F)cc3)c2)C1;O=C(NCc1ccc(F)cc1)c1ccnc(NC2CCCCC2)c1;CN(CC(=O)NCc1cccnc1)C(c1ccc(F)cc1)C1CC1;CC1CN(c2ccccn2)CC1C(=O)NCCc1ccccc1F;O=C(c1ccncc1)N1CCCN(CCc2ccccc2F)CC1;O=C(NCCc1ccccc1)N1CCN(c2ccc(F)cc2)CC1;Nc1cccc2c1CCCN2CC(=O)NCCc1ccc(F)cc1;CN(C)CCN1CCN(C(=O)COc2ccc(F)cc2F)CC1;O=C(Cc1cccc(F)c1)Nc1ccc(NC2CCCCC2)nc1;CC(NC(=O)N1CCN(c2ccccc2)CC1)c1ccc(F)cc1;O=C(NCc1ccc(N2CCCCCC2)nc1)c1cccc(F)c1;O=C(NCc1ccccc1F)c1ccc(N2CCCCCC2)nc1
m_935b22,Cc1ccc(C)c(Nc2nccc(NC3CCCCC3)n2)c1;Cc1cccc(Nc2nccc(NC3CCCCCC3)n2)c1;Cc1ccc(C)c(Nc2nccc(N3CCCCCC3)n2)c1;CCC1CCCCN1c1nccc(Nc2cccc(C)c2)n1;Cc1ccc(Nc2ccnc(N3CCCCCC3)n2)c(C)c1;Cc1cccc(CNc2nccc(NC3CCCCC3)n2)c1;CCC1CCCCN1c1ccnc(Nc2cccc(C)c2)n1;Cc1ccc(Nc2cc(N3CCCC(C)C3)ncn2)c(C)c1;Cc1ccc(Nc2nccc(N3CCC(C)CC3)n2)c(C)c1;Cc1ccc(CNC2CCN(c3ncccn3)CC2)c(C)c1;Cc1cccc(CNc2cc(N3CCCCCC3)ncn2)c1;Cc1ccc(CNC2CCCN(c3cccnn3)C2)c(C)c1;Cc1ccc([NH+]=CN(C)C=[NH+]c2nccc(C)c2C)c(C)c1;Cc1ccc([NH+]=CN(C)C=[NH+]c2ncc(C)cc2C)c(C)c1;COCCn1cc(NC(=O)CCC[NH2+]C(C)C)ccc1=O;Cc1cccc(-c2ccc(OCC[NH+]3CCCCC3)cc2)c1;Cc1ccc(CNc2nccc(N3CCC(C)CC3)n2)cc1;Cc1ccc(Nc2nc(C)cc(N3CCC(C)CC3)n2)cc1;Cc1cccc(Nc2ccnc(N3CCC(C)CC3)n2)c1C;CCCc1cn(CCCCn2ccc3cc(C)ccc32)nn1;Cc1ccc(C2CC(C)N(c3ccnc(N(C)C)n3)C2)cc1;CCc1cccc(C)c1Nc1ccnc(NC2CCCC2)n1;CCCCCCCNc1ncnc2c1[nH]c1ccc(C)cc12;Cc1cccc(Nc2cc(N3CCCC(C)C3)nc(C)n2)c1;Cc1cccc(Nc2cc(N3CCC(C)CC3)nc(C)n2)c1
m_93b6a1,CC1[NH2+]C(c2cccs2)N(CC2CCOCC2)C1=O;[NH3+]C(COC(=S)N1CCOCC1)Cc1ccccc1;O=C(NCc1cccs1)C1([NH+]2CCOCC2)CCC1;O=C(C[NH2+]CCSc1ccccc1)N1CCOCC1;Nc1nc(SC2CCOCC2)nc(N2CCCC2)n1;CC1c2ccsc2CCN1C(=O)C1COCC[NH+]1C;CCC1c2ccsc2CCN1C(=O)C1([NH3+])CCOC1;O=C(NC1CCN(CC(F)(F)F)C1)N1CCOCC1;C[NH+](CCOc1cccc(C(N)=S)c1)C1CCOC1;CC1(C)CCc2c(Cl)nc(N3CCOCC3)nc2C1;O=C(NCC[NH+]1CCOCC1)c1cc2c(s1)CCC2;C[NH+]1CCC2(COCCN(C(=O)c3cccs3)C2)C1;CC1[NH2+]C(c2ccsc2)N(CC2CCCOC2)C1=O;O=C(NCC(c1ccsc1)[NH+]1CCOCC1)C1CC1;CC1C[NH+](C)CCN1C(=O)c1cc2c(s1)CCOC2;CC(C)Cc1nsc(N2CCN3C(=O)NCC3C2)n1;COC1=CC=C(C(=O)OCCN2CCOCC2)C(O)=C1;CN(CC1CCOCC1)c1cc(Cl)nc(C2CC2)n1;CSc1cccc(OCC2CCOCC2)c1C(N)=[NH2+];CC(C)Oc1c(N)nsc1NCCc1cnn(C)c1;O=C1COCCN1C1CC[NH+](Cc2ccsc2)CC1;CNC(=O)C1COCC[NH+]1CC(=O)c1cccc(F)c1;O=C(CC1COCC[NH2+]1)NC(c1cccs1)C1CC1;CC(Nc1cc(Cl)nc(C2CC2)n1)C1CCOCC1;CC(=O)c1sc(CC[NH+]2CCOCC2)nc1C1CC1
m_94a765,Cn1cc(C(=O)NC2CCN(Cc3cccnc3)CC2)cn1;Cc1ccc(C(=O)N2CCN(Cc3cnnn3C)CC2)cc1;CC(NC(=O)N1CCC(c2nccn2C)C1)c1ccccn1;NC(=O)c1cc(C2CCCN(CCc3ccccn3)C2)n[nH]1;CCn1c(CN2CC(N3CCNC3=O)C2)nc2ccccc21;COc1ccnc(NC2CCN(Cc3cccnc3)CC2)n1;Cc1ccc2c(c1)CCN(C(=O)NC(C)c1ncn(C)n1)C2;Cn1nccc1NC(=O)N1CCC(Cc2cccnc2)CC1;CCN1CCN(C(=O)Cc2ccncc2)CC1c1ncc[nH]1;Cn1c(Cc2ccccn2)nnc1N1CCC2(CCOC2)C1;Cn1ccnc1N1CCC(NC(=O)Cc2cccnc2)CC1;O=C(Cn1cncn1)N1CCN(CCc2ccccc2)CC1;CCc1nc(CN2CCN(C(=O)c3ccccc3)CC2)n[nH]1;CCn1cc(C(=O)N2CCCC(Nc3ccccc3)C2)nn1;O=C(Cn1cnnn1)NC(c1ccccc1)C1CCCCC1;O=C(NCCN1CCc2ccccc2C1)NCc1cc[nH]n1;CC(Nc1ncccc1C(=O)N1CCCC1)c1cnn(C)c1;COc1ccc2cc(C(C)C(=O)N3CC[NH2+]CC3)ccc2c1;Cc1nn(C)cc1C(=O)N1CCN(Cc2ccncc2)CC1;CCN1CCN(C(=O)c2ccc(C)nc2)CC1c1ncc[nH]1;CCN1CCN(C(=O)c2ncccc2C)CC1c1ncc[nH]1;NC(C(=O)N1CCC(Cn2ccnn2)CC1)c1ccccc1;O=C(NC1CC1)N1CCCN(c2nc3ccccc3[nH]2)CC1;COc1ccc(CN2CCC(Nc3cccnn3)CC2)cn1;CNC1CCN(C(=O)c2ccc(-n3cncn3)c(C)c2)CC1
m_95e8da,CC1CCCN(C(=O)CN2CCCc3cc(F)c(F)cc32)C1;O=C(C1CCCCC1)N1CCN(c2ccc(F)c(F)c2)CC1;CC1(C(=O)NC2CCCN(Cc3c(F)cccc3F)C2)CC1;CC(N)C1CCCN(C(=O)C2CC2c2cccc(F)c2F)C1;CC(N)C1CCCN(C(=O)C2CC2c2cc(F)ccc2F)C1;O=C(NCC1(O)CCCC1)C1CCCN(CC(F)(F)F)C1;O=C(CNc1cc(F)ccc1F)N1CCCC2CCCCC21;O=C(NCC(F)(F)F)C1CCCN(CCC2CCCO2)C1;CCCC(=O)N1CCCC(C(=O)N(C)CCC(F)(F)F)C1;O=C(CC1(O)CCCCC1)NC1CCN(CC(F)(F)F)C1;COc1cccnc1NC(=O)NCC(=O)N1CC[NH+](C)CC1;CCC=C(C)C(=O)NCC1CCN(c2ccc(F)c(F)c2)C1;O=C(NC1CCN(c2ncccc2F)C1)N1CCCC1CO;CCC(=O)N1CCCC(C(=O)NCC(C)(O)c2ccco2)C1;COCCOc1ccccc1NC(=O)N1CCCC(CO)C1;O=C(C1CCCC(C(F)(F)F)C1)N1CCN(CCO)CC1;Cc1ccoc1C(=O)NC1CCCN(C(=O)OC(C)(C)C)C1;CC(C)(C)OC(=O)N1CCC(NCC2(C(F)(F)F)CC2)C1;CCC1(CNC(=O)NC2CCCC(C(F)(F)F)C2)COC1;CC(=O)C(NC(=O)CN1CCCC(C(F)(F)F)C1)C(C)C;CC1(C)CC(C(=O)N2CCN(CC(F)(F)F)CC2)CCO1;CCOC1CCN(C(=O)C2CCC(C(F)(F)F)CN2)CC1;COc1ccc(OCCNC(=O)N2CCCC(CO)C2)cc1;O=C(C1CC(F)(F)CN1)N1CCC(Cc2ccccc2)CC1;O=C(CC1CCCO1)NCC1CCN(CC(F)(F)F)CC1
m_966da0,COCC[NH2+]CCNC(=O)C1CCCC[NH+]1Cc1ccccc1;CC1C[NH+](CC(=O)NCC(c2ccccc2)[NH+](C)C)CC(C)O1;CN1C(=O)NC2CN(C(=O)CC(C)(C)C3CCCCC3)CCC21;CCCN1CC(CNC(=O)N2CCCC2C2CCCC2)CC1=O;CCC1CCCCC1NC(=O)N1CCC(C(=O)N2CCCC2)C1;CC1CCC(NC(=O)N2CCC(C(=O)N3CCCC3)C2)C(C)C1;CC(C)CC1CCCCN1C(=O)NC1CCC(=O)NC12CCC2;CCCCCCNc1nc(N[O-])nc(N2CCCCCCC2)n1;CC([NH2+]CCC[NH+]1CCCN(C)CC1)c1ccc2c(c1)OCO2;CCC1CN(C(=O)CC([NH3+])c2ccccc2)CC[NH+]1CCOC;O=C1NCCCCCN(C(=O)NC2CCCCC2)C2CCCC12;CC1CCCC[NH+]1CC1CCCN(C(=O)c2coc(C[NH3+])c2)C1;CC(C)=CC(=O)NC1CCN(C(=O)NC2CCCCC2C)CC1;O=C(NC1CCCCC1)N1CCC(C(=O)N2CCCCC2)CC1;CC(=O)N1CCCC(CNC(=O)N2CC(C)C3CCCCC32)C1;Cc1nnc(C[NH+]2CCN(C(=O)NC3CCCCC3)CC2)n1C;CC(C)NC(=O)c1nnc(N2CC[NH+](C3CCCC3)CC2)n1C;CC(NC(=O)N1CCCC2C(=O)NCC21)C(C)C1CCCCC1;CCCCN1CCCCC1C(=O)NCC(c1ccco1)N(C)C;CCC1CCCCC1n1cncc1CCNC(=O)OC(C)(C)C;CCCC1C(C)CCCN1C(=O)NC1CCC(=O)NC12CCC2;CC(C)C(=O)CCCCc1cn(CCCCC(=O)C(C)C)nn1;Cc1cc(C(=O)NC(CCO)C2CCCCC2)nn1C(C)(C)C;O=C(NC1CCN(C(=O)NC2CCCC2)CC1)C1CCCCC1;CCCN1CCCN(C(=O)NC2CCC3CCCC3C2)CC1=O
m_97693a,COCCn1nnn(-c2ccc(NC(=O)NCc3ccc(Cl)cc3)cc2)c1=O;COc1ccccc1OCC(=O)Nc1ccc(-c2nc3ccccc3c(=O)o2)cc1;Cn1ncc2c(=O)n(CC(=O)Nc3cc(Cl)ccc3N3CCOCC3)cnc21;CCOCCCNC(=O)Cc1c(Sc2ccc(Cl)cc2)[nH]c2ccccc12;CCOc1ccc(NC(=O)c2cc(-c3ccc(Cl)cc3)nc3ccccc23)cc1;Cn1c(=O)c2[nH]c(N3CCN(C(=O)c4ccc(Cl)cc4)CC3)nc2n(C)c1=O;CC(C)(C)NC(=O)NC(=O)Cn1cnc2c(cnn2-c2cccc(Cl)c2)c1=O;COc1ccc(OC)c(SC(CCc2ccc(Cl)cc2)Cn2ccnc2)c1;COc1ccc(OCC(=O)Nc2ccc(-c3nc4ccccc4c(=O)o3)cc2)cc1;CC(C)(C)c1csc(-c2ccc(OCC(=O)Nc3c(F)cccc3F)cc2)n1;CC1CN(c2ccc(Cl)cc2)c2nc3c(c(=O)n(CC(N)=O)c(=O)n3C)n2C1;COc1ccccc1CNC(=O)c1cc(-c2ccc(Cl)cc2)nc2ccccc12;CCOc1ccc(NC(=O)c2cc(-c3ccccc3Cl)nc3ccccc23)cc1;COc1ccc(Cl)cc1NC(=O)NCCn1nc(-c2ccccn2)n(C)c1=O;CC(O)CCc1cc(F)cc2c(=O)c(C(=O)NCc3ccc(Cl)cc3)c[nH]c12;CC(Sc1nc2ccccc2c(=O)n1CC1CCCO1)c1cc(F)ccc1F;O=C(CN1C(=O)NC2(CCCCC2)C1=O)Nc1cc(Cl)ccc1-n1cncn1;CC(NC(=O)c1ccccc1Cl)C(=O)OCCCn1cnc2c(N)ncnc21;Fc1nc(NCc2cccnc2C(F)(F)F)ccc1Cc1c[nH]c2ncncc12;Cc1nc2cccc(N)c2cc1C(C1Oc2ccccc2O1)C1(C(F)(F)F)CO1;COCCn1c(SCC(=O)Nc2ccc(C)c(F)c2)nc2ncccc2c1=O;CCOc1cc(Cl)ccc1-c1nc(C(=O)N2CCCC3CCCC=C32)cs1;Cc1cccn1CCOc1noc2ccc(-c3ccc(OC(F)(F)F)cc3)cc12;COc1ccc(Cl)cc1C(=O)Nc1cnn(C)c1C(=O)NCc1cnn(C)c1;Cc1ccn(-c2nc(-c3nnc(Cc4ccc(F)cc4)o3)c(O)c3ncccc23)n1
m_97cca9,CCCCc1nn(-c2ccccc2[N+](=O)[O-])c2c1CCCCN2;CCc1nc(-c2cc(N3CCCCC3)ccc2[N+](=O)[O-])c(C)[nH]1;Cc1nc(NC2CCC(C)(C)CC2)c2cccc([N+](=O)[O-])c2n1;CCc1nc(C2CCCCN2c2ccccc2[N+](=O)[O-])c(C)[nH]1;Cc1cc(C)n(CC2CCN(c3ccc([N+](=O)[O-])cc3)CC2)n1;O=[N+]([O-])c1cc2cn(C3CCCC3)nc2cc1N1CCCCC1;Cc1cc(N2CCC3(CC[NH2+]C3)C2)c2cc([N+](=O)[O-])ccc2[nH+]1;CCC(C[NH2+]Cc1ccc([N+](=O)[O-])o1)NC(=O)OC(C)(C)C;Cc1nn(C)c(NCC2(c3ccccc3)CCCC2)c1[N+](=O)[O-];Cc1cc(N2CC3CCC([NH3+])C3C2)c2cc([N+](=O)[O-])ccc2[nH+]1;COC1(O)C=CC(C(=O)NCCCCCC[NH3+])C=C1[N+](=O)[O-];CCCn1nc(C)c([N+](=O)[O-])c1NCCCCCCSC;CCCn1nc(C)c([N+](=O)[O-])c1NCC(CC)(CC)SC;C[NH+]=C(C[N+](=O)[O-])NCCCCc1ccc(C[NH+](C)C)s1;CCc1ccc(NC(=O)NCCn2cnc(C)c(C)c2=O)cc1;CC1(C)CCN(C(=O)CCc2nc(-c3ccncc3)no2)CC1;C=C(C)COc1cccc(NC(=O)NCc2cnn(C)c2C)c1;CCc1nc(N)n(CC(=O)Nc2cccc(C)c2C)c(=O)c1C;CCc1ccc(C=NOCC(=O)Nc2c(C)nn(C)c2C)cc1;Cc1cc(NC(=O)CNc2ccccc2N2CCCCC2)on1;CCc1noc(C)c1C(=O)Nc1cccnc1N1CCCCC1;Cc1cc(NC(=O)N2CCN(c3cccc(C)c3C)CC2)no1;Cc1ccc2c(c1)c(CNC(=O)C1CC(C(C)C)=NO1)nn2C;CCN1CCN(c2cc(=O)n(-c3cccc(C)c3)c(=O)[nH]2)CC1;CCc1cnccc1NC(=O)C1CCCOC1c1ccnn1C
m_982aac,CCn1cc(C(=O)NCCCOC(C)C)c(=O)c2cc(Cl)ccc21;COc1ccc(Cl)cc1N1CC(C(=O)NC2CCCCC2)CC1=O;COc1ccc(Cl)cc1N1CC(C(=O)N2CCCCCC2)CC1=O;COc1ccc(CCNC(=O)CNc2ccc(F)c(F)c2)cc1OC;C[NH+]=C(NCc1ccc(F)c(CO)c1)N(C)Cc1ccccc1Cl;O=C(NC1CCCN(C(=O)COc2ccc(Cl)cc2)C1)C1CCC1;C[NH+]=C(NCCc1cccc(Cl)c1)NCc1ccc(F)c(CO)c1;CCOc1ccc(Cl)cc1NC(=O)C1CCCN(C(=O)C2CC2)C1;COc1ccc(Cl)cc1NC(=O)C1CCN(C(=O)C2CCC2)CC1;O=C(NCCCOCC1CC1)c1ccc(Cl)cc1N1CCCC1=O;COc1cc(Cl)c(C)cc1N1CC(C(=O)NC2CCCC2)CC1=O;CC(C)Oc1ccc(Cl)cc1C(=O)N1CC(NC(=O)C2CCC2)C1;Cn1[nH]c(C[NH+]2CCN(C(=O)Cc3ccccc3Cl)CC2)nc1=O;O=C(NC1CC(=O)N(CCc2cccc(Cl)c2)C1)C1CCOCC1;C[NH+]=C(NCc1ccc(F)c(CO)c1)NC(C)c1ccccc1Cl;COc1ccc(NC(=O)c2ccc(NCc3ccc(F)cc3)cc2)cc1;COc1ccc(Cl)cc1NC(=O)C1(C(=O)NC2CCCCC2)CC1;COc1ccc(Cl)cc1NC(=O)C1CC(=O)N(C2CCCCC2)C1;CC(=O)N1CCCC1C(=O)Nc1cc(Cl)ccc1OCC1CCC1;Cn1[nH]c(C[NH+]2CCN(C(=O)Cc3cccc(Cl)c3)CC2)nc1=O;COc1ccccc1C(=O)Nc1ccc(NCc2ccc(F)cc2)cc1;NC1=[NH+]C2(CCN(C(=O)NCCc3ccc(Cl)cc3)CC2)C(=O)N1;COc1ccccc1CCNC(=O)NCCOc1ccc(F)c(F)c1;O=C(CCOc1ccc(Cl)cc1)NC1CCN(C(=O)C2CC2)CC1;C[NH+]=C(NCc1ccc(F)c(CO)c1)NC(C)c1cccc(Cl)c1
m_987cff,CCCCCCCCCn1c(=O)c2c(ncn2C)n(C)c1=O;CCCCC(=O)N1CCC(c2nn(C)c(=O)n2C2CC2)CC1;CCn1c(C2CCN(C(=O)C3CCCC3)CC2)nn(C)c1=O;Cc1nccc(N2CCCC(N(C)C(=O)OC(C)(C)C)C2)n1;CCn1ccnc1C1OCCCC1NC(=O)NC1CC1(C)C;C=CCCCCCCCN1CN(C)c2c1n(C)c(=O)[nH]c2=O;CCCCCCCC=CN1CN(C)c2c1n(C)c(=O)[nH]c2=O;CCc1nc(CCNC(=O)N2CC(C)(C)C3CCCC32)no1;CC(NC(=O)NC1CCOC1c1nccn1C)C1CCCC1;Cn1cc(C2CCN(C(=O)NCCOC3CCCC3)C2)cn1;CCN(CCO)C(=O)NC1CCN(c2cccc(C)n2)CC1;CN(C)c1nc(=O)n(C2CCC3CCCCC3C2)c(=O)n1C;CCCCCCCCCn1c(C(C)C)ccc(C(=O)[O-])c1=O;CCn1ccnc(N2CCC(NC3CCCOC3)CC2)c1=O;CCc1nc(CCNC(=O)N2CC(C)C3CCCCC32)no1;Cc1n[nH]c(C)c1C1CCCN1C(=O)NCC1CCCCO1;CCN(CC)CC1CCN(C(=O)Nc2ccn(C)c(=O)c2)C1;CCOC1CCCN(C(=O)NC2CCCc3c2cnn3C)C1;COCCn1cc2c(n1)C(NC(=O)N1CCC(C)C1)CCC2;CCC(C)C(OC)C(=O)NC1CCCN(c2cccnn2)C1;CC(C)C1OCCCC1CNC(=O)N1CCn2ccnc2C1;CC1CCCC(C(=O)N2CCCC(O)(Cn3ccnn3)C2)C1;Cc1nc(CCC2CCN(C(=O)NC3CCCC3)CC2)no1;CCOC1CCCN(C(=O)Nc2cnc(C(C)(C)C)nc2)C1;CCN(CC(C)(C)O)C(=O)NC1CCN(c2ccccn2)C1
m_9910fd,CCN(CC)c1ccc(CNS(=O)(=O)c2ccc(OC)cc2)cn1;COc1ccc(CC(=O)Nc2cccnc2Nc2ccc(O)cc2)cc1;COc1ccc(CN(C(=O)c2cc(-c3cccnc3)on2)C2CC2)cc1;CCN(CC)S(=O)(=O)c1ccc(NCc2ccc(OC)cc2)nc1;COc1ccc(CCNC(=O)c2cnc(-c3ccccc3)[nH]c2=O)cc1;COc1ccc(CN(C(=O)c2n[nH]c(=O)c3ccccc23)C2CC2)cc1;COc1ccc(OCCNC(=O)c2ccc(-c3ccccn3)nc2)cc1;COc1ccc(Oc2cccc(CNC(=O)c3cccnc3N)c2)cc1;COc1ccc(OCC(=O)NCc2ccc(-c3cccnc3)nc2)cc1;COc1ccc(CC(=O)N2CC[NH+](Cn3cc(Cl)cn3)CC2)cc1;COC1=CC=C(CNC(=O)C2=CC=C3C(=O)N4CCCC4=NC3=C2)C=C1;COC1=CC=C(CNC(=O)C2=CC=C(C3=NOC(C4CC4)=N3)C=C2)C=C1;COc1ccc(CNC(=O)c2ccc(=O)n(Cc3ccccc3)n2)cc1;CCCCS(=O)(=O)Nc1ccc(NCc2ccc(OC)cc2)nc1;COc1ccc(CN(C(=O)c2ccc(-c3nnco3)cc2)C2CC2)cc1;CCCCCNc1ccc(NS(=O)(=O)c2ccc(OC)cc2)nc1;CCN(CC)c1ccc(NS(=O)(=O)c2ccc(OC)cc2C)cn1;COc1ccc(Cc2nnc(SCC(=O)NC(C)C(C)C)o2)cc1;COc1ccc(CNC(=O)C(=O)Nc2cc(C)nc3ccccc23)cc1;CCC(C)(C)NC(=O)CSc1nnc(Cc2ccc(OC)cc2)o1;COc1ccc(CNc2oc(COc3ccc(C)cc3)nc2C#N)cc1;COc1ccc(NC(=O)Cn2c(C)nc(-c3ccccc3)cc2=O)cc1;COc1ccc(S(=O)(=O)Nc2ccc(NCCC(C)C)nc2)cc1;COc1ccc(CC(=O)Nc2cccc(-c3noc(C4CC4)n3)c2)cc1;CCC(CC)NC(=O)CSc1nnc(Cc2ccc(OC)cc2)o1
m_997dbc,O=C(c1cc2cc(Br)ccc2o1)N1CC[NH+](Cc2cccs2)CC1;Cn1ccc(C(=O)N2CCN(c3nc4ccc(Br)cc4s3)CC2)n1;O=C(c1cc2ccccc2o1)N1CC[NH+](Cc2ccc(Br)s2)CC1;N#Cc1ccc(NCc2ccc(Br)cc2N2CCOCC2)cc1Cl;CCOC(=O)C1CCN(S(=O)(=O)c2cc(Br)ccc2OC)CC1;CC(C)NC(=O)Cn1c(-c2cccc(Cl)c2)nc2cc(Br)ccc21;CCCn1c(=N)n(CC(=O)c2ccc(Br)cc2)c2cccc(Cl)c21;O=C(c1cc(Br)ccc1O)N1CCN(c2ccccc2[N+](=O)[O-])CC1;O=S(=O)(c1cc(Cl)ccc1Cl)N1CCC[NH+](Cc2cccs2)CC1;O=C(Nc1cccc(Br)c1)c1ccc(N2CCOCC2)c([N+](=O)[O-])c1;CCOC(=O)C1CCCN(S(=O)(=O)c2ccc(Br)c(OC)c2)C1;CS(=O)(=O)c1nnc(C2CCN(S(=O)(=O)c3ccc(Cl)cc3)CC2)o1;O=C(c1ccccc1O)N1CCN(c2ccc(Br)cc2[N+](=O)[O-])CC1;COc1ccccc1C(=O)N1CC[NH+]=C1SCc1ccc(Br)cc1;Cc1cc(Br)ccc1-c1cc(CO)c2c(nc3n2CCCN3)c1Cl;O=C(c1cc2ccccc2o1)N1CC[NH+]=C1SCc1ccc(Cl)cc1Cl;COc1ccc(C=NOCC(=O)OCC(=O)c2ccc(Br)cc2)cc1;CC(=O)Nc1cccc(CNc2ncc(Cn3cc(Br)cn3)s2)c1;CC(=O)c1c(NCc2ccc(Cl)cc2)c2c([N+](=O)[O-])ccc(Cl)c2[nH]c1=O;CCOC1=NN(c2ccc([N+](=O)[O-])cc2)C(=O)C1=Cc1cccc(Cl)c1Cl;O=C(CSc1ccccc1[N+](=O)[O-])OCc1nc(-c2ccc(Cl)cc2)no1;CCC1N=C(c2ccccc2Cl)c2c(ccc(N)c2Br)N(C)C1=O;Cn1c(=NC(=O)c2cc(Cl)ccc2[N+](=O)[O-])sc2cc3c(cc21)OCCO3;COc1ccc(Br)cc1COC(=O)CCn1c(=O)oc2ccccc21;Cn1nc(NC(=O)C2CC2c2ccc(C(F)(F)F)cc2)c(Cl)c(Cl)c1=O
m_99e777,CCCC[NH+](CCBr)CCOCCC(C)C;CCOC(=O)C(CC)C(=O)OCCOCc1ccccc1;CCCC(=O)OC(C)C(=O)OCCOCc1ccccc1;CCCC(C(=O)N(CCO)Cc1ccccc1)C(N)=S;COCCN(CCC(N)=S)C(=O)C(C)c1ccccc1;O=C(NCCOCc1ccccc1)NC1CCSCC1;O=CN1CCN(C(=O)OCCCc2cccc(F)c2)CC1;COCCN(Cc1ccccc1)C(=O)c1cccc(C#N)c1;CCN(C(=O)Cc1ccc(C(N)=S)cc1)C(C)COC;NN(CCCCCNC(=O)OCc1ccccc1)C(=O)[O-];CCCCOC(=O)c1ccccc1C(=O)OCCOCC;CCCOc1cccc(C(=O)N(CCC)CC(N)=S)c1;COCCN(CCC#N)CC(=O)c1ccc(OC)c(F)c1;CCC(CC)[NH+](CCOC)CC(C)(C)CBr;CCCN(CCC)C(=S)Nc1ccc(C(=O)OC)cc1;O=C(OCCCCc1ccccc1)c1n[nH]c2ccccc12;NC(=O)C1CC(F)CN1C(=O)COCCc1ccccc1;COC1(OC)CCN(C(=S)NCc2ccccc2)CC1;CCN(Cc1ccc(OC)cc1)C(=O)c1cccc(C#N)c1;COCCN(CC(C)C)C(=O)c1cccc(C(N)=S)c1;COC(=O)CCNC(=S)N(Cc1ccccc1)C(C)C;CN(Cc1cccc(C#N)c1)C(=O)CCOc1ccccc1;CC([NH3+])C(=O)NCC(=O)NCC(=O)OCc1ccccc1;CCN(CCc1ccncc1)C(=O)c1cc2ccccc2o1;C=C(C)C(=O)OCC[N+](C)(C)CCOC(=O)C(C#N)C#N
m_9b41d0,CCOC1=C(NS(=O)(=O)c2ccc(C)cc2)CCC1;Cc1ccc(S(=O)(=O)NC2(C=O)CCCCC2)cc1;Cc1ccc(S(=O)(=O)N2CCCCC2C=O)c(C)c1;CCC(=O)C1CCCN1S(=O)(=O)c1ccc(C)cc1;CC(=O)C1CCN(S(=O)(=O)c2ccc(C)cc2)CC1;CC(C)=CCN(CC=O)S(=O)(=O)c1ccc(C)cc1;CCC12OC1CN(S(=O)(=O)c1ccc(C)cc1)C2C;Cc1ccc(S(=O)(=O)C2CCCC(=O)C2(C)N)cc1;CC#CCN(CCCO)S(=O)(=O)c1ccc(C)cc1;Cc1ccc(S(=O)(=O)Nc2c(C[NH3+])cnn2C)cc1;CCCCOc1ccc(S(=O)(=O)N2CC=CC2)cc1;Cc1ccc(C)c(S(=O)(=O)N2CCCC(C=O)C2)c1;Cc1ccc(S(=O)(=O)NC2CC=CC2C(C)O)cc1;Cc1cccc(CC(=O)NS(=O)(=O)C2CCCC2)c1;CCC(C)NS(=O)(=O)c1ccc(C)cc1C#CCO;CCCCS(=O)(=O)Nc1ccc(C)cc1C#CCO;CCC12CCN(S(=O)(=O)c3ccc(C)cc3)CC1O2;C=CCC1CC(O)C1NS(=O)(=O)c1ccc(C)cc1;Cc1ccc(S(=O)(=O)NC(C)C)c(C#CCCO)c1;CCC1C(C)C(=O)NC1S(=O)(=O)c1ccc(C)cc1;CCc1[nH]c(S(=O)(=O)Nc2cc(C)ccc2N)c[nH+]1;CCCS(=O)(=O)Nc1cc(C)ccc1C#CCCO;Cc1cc(NS(=O)(=O)c2cccc(C[NH3+])c2)n(C)n1;C#CC(CC)(CC)NS(=O)(=O)c1ccc(OC)cc1;Cc1ccc2c(c1)CN(S(=O)(=O)C1CCOC1C)C2
m_9b8030,COc1ccc(N2CCN(C(=O)CCCCCNC(N)=O)CC2)cc1;CCC(CCNC(=O)NCc1ccc(C)nc1OC)N1CCCC1=O;CCC(C)NC(=O)CCNC(=O)NCC(=O)NCCc1ccccc1;Cc1cc(C)c(NC(=O)CNC(=O)CCCCCNC(N)=O)c(C)c1;COC(=O)NC(C)C(=O)NCc1cccnc1N(C)C1CCCCC1;CCOc1ncccc1CNC(=O)NC1CCN(C(=O)C(C)C)CC1;Cn1cc(OC2CN(CC(=O)NCCC3=CCCCC3)CC2O)cn1;CCOCCCNC(=O)N1CCCC(NC(=O)Cc2ccncc2)C1;CCCNC(=O)CCNC(=O)NCc1ccnc(OC2CCCC2)c1;CCOc1ccccc1CN1CCN(C(=O)CNC(=O)NC)C(C)C1;Cn1nc(C2CC(O)C(CNC(=O)CC3=CCCCC3)C2)n(C)c1=O;C=C(OCC)C(CCCNC(C)=O)NC(=O)NCc1ccc(N)cc1;CCn1cc(C2OCCC2C(=O)NCC(C)N2CCCCC2=O)cn1;CCN(CCNC(=O)N1CC(C)OC(C(N)=O)C1)c1ccccc1C;Cc1cnc(C(=O)NC2CCCC2C(=O)NCCCOC(C)C)cn1;CC(C(=O)NCC1CC(c2nn(C)c(=O)n2C)CC1O)=C1CCCC1;COc1ccccc1CCNC(=O)CNC(=O)NC1CCC(N)CC1;COc1c(C)cnc(CNC(=O)NCCC(=O)NC2CCCC2)c1C;CCCCCNC(=O)c1cc(N2CCC3(CC2)OCCO3)nc(C)n1;Cc1ccc(C(=O)N2CCC(N(C(N)=O)C(CO)CC(C)C)C2)cn1;CCCCNC(=O)C1CCCCC1C(=O)NCc1cc(=O)nc(C)[nH]1;COc1ccc(C)cc1NC(=O)CNC(=O)CN1CC(C)C(CN)C1;COc1ccc(CC(=O)NCCCCCCCCCCC(=O)[O-])cc1;CCCCCNC(=O)c1nc(C(=O)N2CCOCC2)n2c1CCCC2;CCCCCCn1c(=O)c2c(ncn2CCCCCC=O)n(C)c1=O
m_9b95d4,CC1=CSC(C2=COC3=C(C)C(O)=C(CN4CCN(CCO)CC4)C=C3C2=O)=N1;COC1=CC=C(/C=N/NC2=NC3=C(N)N=CN=C3N2[C@@H]2O[C@H](CO)[C@@H](O)[C@H]2O)C=C1;COc1ccc(OC)c(S(=O)(=O)N2CCC(c3nc4ccc(C)cc4[nH]3)CC2)c1;CCc1ccc(OC)c(S(=O)(=O)NCC2CCCN2c2nc3ccccc3o2)c1;COc1ccc(CN2CC3CN(S(=O)(=O)c4ccc(C)cc4)CCN3C2=O)cc1;COc1ccc(S(=O)(=O)N2CCN3C(=O)N(Cc4ccc(C)cc4)CC3C2)cc1;COc1ccc(-n2cc(-c3ccc(CNS(C)(=O)=O)cc3)c(OC(C)C)n2)cc1;CCC(=NNC(=O)c1ccc(S(=O)(=O)N2CCCC2)cc1)c1ccc(OC)cc1;Cc1ccccc1C(=O)NNC(=O)c1ccc(S(=O)(=O)N2CCCCCC2)cc1;CCc1ccc(C(=O)NNC(=O)c2cccc(S(=O)(=O)N3CCCCC3)c2)cc1;COc1ccc(C)cc1C(C)=NNC(=O)c1ccc(S(=O)(=O)N2CCCC2)cc1;COc1ccccc1N1CCN(S(=O)(=O)c2ccc3c(c2)CCCC(=O)N3)CC1;CCN1CCc2ccc(NC(=O)c3ccc(OC)c(S(=O)(=O)NC4CC4)c3)cc21;CCOc1ccc(S(=O)(=O)N(C)Cc2nc(-c3ccc(C(C)C)cc3)no2)cc1;COc1ccc(CCS(=O)(=O)NCC2CCCN2c2nc3ccccc3o2)cc1;CC(C(=O)Nc1ccc(S(=O)(=O)N2CCOCC2)cc1)N1CCc2ccccc21;O=C(NNc1ccc(S(=O)(=O)NC2CC2)cc1)c1ccc(OC2CCCC2)cc1;COc1ccc(S(=O)(=O)N2CC[NH+](Cc3nnnn3-c3ccccc3)CC2)cc1;Cc1ccc(C(=O)NNC(=O)c2cc(S(=O)(=O)N3CCCCC3)ccc2C)cc1;O=C(CCc1ccc(S(=O)(=O)N2CCCCC2)cc1)NNC(=O)c1ccccc1;COc1ccc(S(=O)(=O)N(C)Cc2nc(-c3ccc(C(C)C)cc3)no2)cc1C;C[N+](=O)NCO[C@@H]1O[C@H](CO[C@@H]2O[C@H](CO)[C@@H](O)[C@H](O)[C@H]2O)[C@@H](O)[C@H](O)[C@H]1O;COc1ccc(CNC(=O)NCCS(=O)(=O)c2c(C)n(C)c3ccccc23)cc1;CCCNC(=O)c1ccccc1NS(=O)(=O)c1ccc(N2CCCC2=O)c(C)c1;COc1ccc(CCNS(=O)(=O)c2c(C)nn(-c3ccccc3)c2C)cc1OC
m_9c4788,COc1ccc2[nH]cc(C=C3Oc4cc(O)c(O)cc4C3=O)c2c1;COc1ccc2cc(-c3cc4c(cc3[N+](=O)[O-])OCO4)ccc2c1;COc1ccc2oc(C=Cc3ccc([N+](=O)[O-])cc3)cc(=O)c2c1;COc1cccc2occ(C=Cc3ccc([N+](=O)[O-])cc3)c(=O)c12;Cc1ccc(OC(=O)c2ccc(-c3ccc([N+](=O)[O-])cc3)o2)cc1;COC1=CC(O)=C2C(=C1)C(=O)[C@@H]1NC=CC3=C1C2=C1OCOC1=C3;Cc1ccc(C2c3c(c4ccccc4oc3=O)OC2[N+](=O)[O-])cc1;COc1ccc2cc(C(=O)Oc3ccc([N+](=O)[O-])cc3)ccc2c1;COc1ccc2cc(C(=O)c3ccc4c(c3)NC(=O)CO4)oc2c1;CC(Sc1nc2ccccc2o1)c1nnnn1-c1ccccc1;CC1=CC=C(C(=O)/C=C/C2=CC=C(C3=CC=C([N+](=O)[O-])C=C3)O2)O1;COc1ccc(OC(=O)c2ccc3ccccc3c2)c([N+](=O)[O-])c1;COc1cc(S(=O)(=O)Nc2ccccc2O)c(OC)cc1C;[NH3+]Cc1cccc(-c2c(O)ccc3[nH]c(=O)c4sccc4c23)c1;CC1=CC2=C(C(CC(=O)O)=C(C3=CC4=CC=CC=C4O3)O2)C(=O)N1;COC1=CC=CC(OC2=COC3=CC(OCC#N)=CC=C3C2=O)=C1;COc1cc(F)ccc1NC(C)C(=O)Nc1ccc(Cl)cn1;COC1=CC2=C(C=C1OC)C(=O)C1=C3C(=C(O)C=CC3=CC=N1)O2;COC1=CC=C2C(=O)C3=NC=CC4=CC=C(O)C(=C34)OC2=C1OC;COc1ccc2c(=O)c(C=CC(=O)Oc3ccccn3)coc2c1;CC(=O)NC1=CC(=O)[C@@H]2CC(C)=C3[C@@H](CCS3(=O)=O)[C@H]2C1=O;COc1ccc(NC(SC)=C2C(=O)OC(C)(C)OC2=O)cc1;COc1ccc(C2=NC(=Cc3ccc4c(c3)OCO4)C(=O)O2)cc1;COc1cc2nc(-c3cc4ccccc4o3)oc(=O)c2cc1OC;CC(=O)Oc1ccc2cc(NC(=O)c3ccccc3)c(=O)oc2c1
m_9dc5c4,Cc1nn(C)c2ncc(S(=O)(=O)NC(C)c3ccc(F)cc3)cc12;Cc1nn(C)c2ncc(S(=O)(=O)NC(C)c3cccc(F)c3)cc12;Cc1cc(F)ccc1S(=O)(=O)Nc1cnc2c(cnn2C(C)C)c1;CCS(=O)(=O)NCCn1c(-c2ccc(F)cc2)nc2cccnc21;Cc1nn(C)c(S(=O)(=O)NC2CC(=O)N(C3CC3)C2)c1C(F)F;Cn1cc(C(C)(C)NS(=O)(=O)c2ccc3ccccc3c2F)nn1;CCn1c(C(C)NS(=O)(=O)c2ccc(F)cc2)nc2cnccc21;CC1CCCc2[nH+]c(S(=O)(=O)NC3CCS(=O)(=O)C3C)cn21;CN(CCCNS(=O)(=O)c1ccc(C(=O)[O-])cc1)c1ccccn1;CS(=O)(=O)c1ccc(S(=O)(=O)NC2CCCCC2C[NH3+])cn1;Cn1cnc(S(=O)(=O)NCC(=O)N2CCC3(C)C(C2)C3(F)F)c1;NS(=O)(=O)c1ccc(S(=O)(=O)NCCC[NH+]2CCCC2)cc1;O=S(=O)(c1cccc(F)c1)N1CCC2C1CCN2c1ncccn1;Cc1cnn(C)c1S(=O)(=O)Nc1cc2c(cc1C(=O)[O-])CCCC2;COC(=O)c1ncsc1S(=O)(=O)NC(C[NH3+])C1CCCCC1;CS(=O)(=O)C1(CNS(=O)(=O)c2c[nH+]c3n2CCC3)CCCC1;[NH3+]CCCNS(=O)(=O)c1cccc(S(=O)(=O)N2CCCC2)c1;CC(C[NH3+])N(C)S(=O)(=O)c1cccc(S(=O)(=O)NC2CC2)c1;CC1(CNS(=O)(=O)c2ccc(S(C)(=O)=O)nc2)CCC[NH2+]C1;CC(NS(=O)(=O)c1ccc(S(C)(=O)=O)nc1)C1CCC[NH2+]C1;C[NH2+]C(C)CNS(=O)(=O)c1cccc(S(=O)(=O)NC2CC2)c1;Cn1ncc(Cl)c1S(=O)(=O)NCCNC(=O)CC1CCCC1;Cc1cccc(F)c1S(=O)(=O)Nc1c(C#N)cnn1C1CCCC1;CNS(=O)(=O)c1ccc(S(=O)(=O)NC2C[NH2+]CCC2C)cc1;Cn1ncc2c1CCCN(S(=O)(=O)c1c[nH]c3cccc(F)c13)C2
m_9e99f7,CC(CO)(NCc1nnnn1-c1ccc(C(F)(F)F)cc1)C1CCCCC1;CC(C(=O)N1CCN(S(=O)(=O)N(C)C2CCCCC2)CC1)n1ccnc1;CCn1ccnc1C1CCCCN1C(=O)NC1CCCN(S(C)(=O)=O)C1;CC(C)(C)OC(=O)NC1CCN(c2c([N+](=O)[O-])cnn2C2CC2)CCC1F;CCOC(=O)C[NH+]1CCN(S(=O)(=O)c2ccc(C(C)(C)CC)cc2)CC1;Cn1nc(NC(=O)NC2CCN(S(=O)(=O)C(C)(C)C)CC2)cc1C1CC1;CCCCCNC(=S)NNC(=O)CCCN1C(=O)NC2(CCCC2)C1=O;CC(CCc1ccc2c(cnn2-c2ccc(F)cc2)c1)NC(=O)OC(C)(C)C;Cc1cc(NC(=O)NC2CCCN(S(C)(=O)=O)C2)nn1C1CCCCC1;CN(CCCOc1cccc(S(C)(=O)=O)c1)C(=O)CCC1CC[NH2+]CC1;C[NH+]=C(NCc1ncc(C(C)(C)C)o1)NC(C)c1cccc(C(F)(F)F)c1;CC(C)(C)CC(C)(C)NC(=O)Cn1nnc(-c2cccc(C(F)(F)F)c2)n1;CCOc1ccc(S(=O)(=O)N2CCC([NH+]3CCC(OC)CC3)CC2)cc1;CC(C)(C)CC(=O)NCCCS(=O)(=O)N1CCN(c2ncccn2)CC1;C[NH+](CCN1CCCCC1)Cc1nc(Cc2cccc(C(F)(F)F)c2)no1;CCC(=O)N(CC[NH+](C)C)Cc1nccn1Cc1ccc(C(F)(F)F)cc1;C=C(C)Cn1c(C2CN(S(C)(=O)=O)CCO2)nnc1N1CCCC1(C)C;COC1(c2ccc(C(F)(F)F)cc2CNc2nnn(C)n2)CCCCCC1;CN(CCNC(=O)Nc1nnc(C2CCCCC2)s1)C(=O)OC(C)(C)C;COCC1(C(=O)Nc2cccc(CS(=O)(=O)C(C)(C)C)c2)CC[NH2+]CC1;Cc1cc(N2CCC(NC(=O)N3CCCCC(S(C)(=O)=O)C3)CC2)n[nH]1;Cn1cc(S(=O)(=O)NCC(=O)NC2CCN(CC3CCCC3)CC2)cn1;Cc1cc(NC(=O)NCCS(=O)(=O)N2CCCC2)n(C2CCCCC2)n1;CC(C)(C)c1cc2nc(C3CCN(C(=O)CCc4ccno4)C3)cc(=O)n2[nH]1;COC(=O)C[NH+](Cc1cccn1Cc1cccc(C(F)(F)F)c1)CC(C)C
m_9f1fb6,CC(C)CCN1CCC(CNC(=O)NCCO)CC1;CCNC(=O)N1CCC(CN(CCO)C(C)C)CC1;CC(C)CC1[NH2+]C(C)N(CC[NH+]2CCOCC2)C1=O;CC(C)CC1[NH2+]C(C)C(=O)N1CC1C[NH+](C)CCO1;CC(C)CC1[NH2+]C(C)N(CC2C[NH+](C)CCO2)C1=O;CC(C)(O)C[NH+]1CCN(C(=O)C2CCC([NH3+])C2)CC1;CCN(CCNC(=O)N1CC(C)OC(C)C1)C(C)C;CC(C)[NH2+]C(C)(CN(C)CC1CCCN1C)C(=O)[O-];CC(C)C[NH+]1CCN(C(=O)COC2(C)C[NH2+]C2)CC1;CC(C)N(C)CC(=O)N1CCN(CC(C)(C)O)CC1;CC(C)CC[NH+]1CCN(C(=O)C2([NH3+])CCOC2)CC1;CC(C)C[NH+]1CCC(NC(=O)C2C[NH2+]CCO2)CC1;CC(C)[NH2+]C1CCCN(CC[NH+]2CCOCC2)C1=O;CC1C[NH+](CC2CCCN2C(=O)C(C)[NH3+])CC(C)O1;CCCC(C)([NH3+])C(=O)N1CCC([NH+]2CCOCC2)C1;CC(C(=O)N1CCCC1)[NH+]1CCOC(C[NH+](C)C)C1;CCC(O)CN(C)CC1CCN(CC(=O)NC)CC1;CC(C)C[NH+]1CCN(C(=O)C[NH+]2CCOCC2)CC1;CC(C[NH+](CCN(C)C)CCN1CCCC1)C(=O)[O-];CC(C)C[NH+]1CCN(C(=O)CC2C[NH2+]CCO2)CC1;CC(C)[NH2+]CCCCC([NH3+])C(=O)N1CCCC1C=O;COC1(C(=O)N2CCCC([NH+](C)C)C2)CC[NH2+]CC1;CC(C)C[NH+]1CCC(NC(=O)C2COCC[NH2+]2)CC1;CN(C)NC1CCCCC1CNC(=O)OC(C)(C)C;CC1CCC[NH+](CC(=O)N2CC[NH+](C)CC2)C1CO
m_9fcc62,CCC1C(=O)NCCN1c1nc(C)cc(C)c1C#N;CC(=O)N1CCCN(c2cc(C#N)cc(C)n2)CC1;CCCOCCCn1c(N)nc2ccc(C#N)cc21;CN1CCCc2c1ccc(-c1cnn(C)c1N)c2O;CNC(=O)C1CCCN(c2cc(C#N)ccc2N)C1;CNC(=O)C1CCN(c2nc(C)cc(C)c2C#N)C1;CCCn1c(C)nnc1-c1cccc2c1OCCN2;CC(=O)NC1CCN(c2nc(C)cc(C)c2C#N)C1;Cc1cc(C#N)cc(NCCC(=O)N2CCCC2)n1;CC(=O)C1CCCN(c2nnc(C)c(C)c2C#N)C1;CC(C)C(=O)N1CCN(c2cc(C#N)ccn2)CC1;Cc1nc2c(c(N3CCOC(C#N)C3)n1)CCCC2;Cc1ccc2c(c1)CCCN2Cc1nn(C)c(=O)[nH]1;CC(C)C(=O)N1CCN(c2ncccc2C#N)CC1;CC1CCCN(C(=O)Nc2nc3ccccc3[nH]2)C1;Cc1cc(C)nc(N2CCCCC2c2ncco2)n1;COc1ncccc1NC1CCCc2c1cnn2C;COc1ccc(-c2nnc3n2CCCC3C)cc1N;CN1CCC2OCCN(c3ncccc3C#N)C2C1;CC(=O)NC1CCN(c2cc(C#N)ccc2N)CC1;CNc1nc(N2CCC(C)(O)C2)nc2ccccc12;Cc1ccc(C#N)c(N2CCC(CC(N)=O)CC2)n1;Nc1nnn(CCCOc2ccccc2)c1C1CC1;CNC(=O)C1CCCCN1c1ccc(C#N)c(C)n1;CC(Nc1ccc(C#N)cn1)C(=O)N1CCCCC1
m_a06450,CC(C)C(=O)NC(Cc1c[nH]c2ccccc12)C(=O)NC1CCCC1CCO;CCC(C)C(=O)C(=O)N(C)[C@H](C(=O)NCCC1=CNC2=CC=CC=C12)C(C)C;CC(=O)CCCC(=O)NCCCCNC(=O)CCCc1c[nH]c2ccccc12;CC(C)(C)OC(=O)NCCCC(=O)N1CCC(c2c[nH]c3ccccc23)CC1;Cc1ccc(-c2c[nH+]c(C3(NCCc4c[nH]c5ccccc45)CCCC3)[nH]2)cc1;c1ccc2nc(N3CC[NH+](CCCCc4c[nH]c5ccccc45)CC3)ccc2c1;CCOc1cccc2[nH]cc(CC(=O)NC3CCN(CC4CCOC4)CC3)c12;Cc1cccc2[nH]cc(CCNC(=O)N3CCC(OCC4CCCO4)CC3)c12;CCOC(=O)C(Cc1ccccc1)NC(=O)c1cc(C(C)C)n(C(C)(C)C)n1;CCOCCCNC(=O)C(C)C1CCN(C(=O)c2cc3ccccc3[nH]2)CC1;CCCCCCCCNC(=O)C(O)C(C)NC(=O)c1nccc2ccccc12;CC(C)CC(NC(=O)CN1C(=O)NC2(CCCCC2C)C1=O)c1ccccc1;CCCCn1ccc(NC(=O)c2c[nH]c3ccc(OCCC[NH+](C)C)nc23)n1;CCN(CC1CCCN(C(=O)OC(C)(C)C)C1)C(=O)c1cc2ccccc2[nH]1;CC(C)(C)c1noc(CCCC(=O)NCc2ccccc2OC2CCCC2)n1;CC(NC(=O)C(CCC([NH3+])C(C)(C)C)NC(=O)[O-])c1cccc2ccccc12;CCOc1ccc(-c2c(NC(=O)CCC3CCCC3)n[nH]c2C)cc1OCC;O=C(CCc1nnc(CCCCc2ccccc2)o1)NCC1(O)CCCCC1;CCC(C)(C)C1CCC(NC(=O)CCn2c(=O)[nH]c(=O)c3ccccc32)CC1;CCC(C)(C)C1CCC2(CC1)NC(=O)N(CC(=O)NCc1ccccc1)C2=O;CCCCNC(=O)c1ccc(-n2nc(C(=O)OCC)cc2CCC(C)C)cc1;CC(C)CC(C(=O)Nc1cccc(CN2CCCC2=O)c1)N1CCCCC1=O;COc1ccc2[nH]c(=O)c(CCC(=O)NCCCN3CCCC(C)C3)cc2c1;CCC1CC(=O)NC(n2nc(C)cc2NC(=O)NCCCc2ccccc2)[NH2+]1;CCCCn1c(C(=O)NC2CCN(C(=O)OCC)CC2)c(C)c2ccccc21
m_a0edff,COc1cccc(CC2CCN(C(=O)CCNC(N)=O)CC2)c1;COc1ccc(CNC(=O)N2CCN3CCC2CC3)c(OC)c1;COc1ccccc1CC(=O)N1CCN(C(=O)NC(C)C)CC1;COc1ncccc1C(=O)NC1CCN(C(=O)CC(C)C)CC1;COCCOc1ncccc1CNC(=O)N1CCCC2(CC2)C1;COc1ccc(CC(=O)N2CCCN(C(=O)N(C)C)CC2)cc1;COc1cccnc1NC(=O)C1CCCN(C(=O)C(C)(C)C)C1;COC(=O)CCCCCNC(=O)c1cccnc1N1CCCC1;COCCN1C[C@H]2CN(CC3=CC=CC(OC)=C3)CCN2C1=O;CCN(CC)C(=O)N1CCN(C(=O)c2ccccc2OC)CC1;COc1ncccc1CN1CCC(C2OCCC2C(N)=O)CC1;COc1cccc(NC(=O)CCN2CCCN(C(C)=O)CC2)c1;COc1cccc(CCNC(=O)NCCCN2CCCC2=O)c1;COc1cccc(CC(NC(C)=O)C(=O)N2CCCC(N)C2)c1;CC(C)COc1ncccc1C(=O)N1CC2OCCN(C)C2C1;COc1ccccc1N1CCN(C(=O)NCC2CCCO2)CC1;COc1ccc(NC(=O)N2CCC(NC(=O)C(C)C)CC2)cc1;COc1ccccc1CN1CCN(C(=O)C2COCCN2)CC1;CCNC(=O)NC1CCN(C(=O)Cc2ccc(OC)cc2)CC1;CNC(=O)NC(=O)CN1CCCC(Cc2ccccc2OC)C1;COc1ccc(CC(=O)N2CCC(NC(=O)N(C)C)CC2)cc1;COc1ccccc1CNC(=O)NCCC(=O)NC1CCCC1;CCCOc1cccc(NCC(=O)NCC(=O)N2CCCC2)c1;CCCNC(=O)CC(=O)N1CCN(c2ccccc2OC)CC1;CCN(CC)C(=O)Nc1ccc(OC)c(N2CCCCC2=O)c1
m_a12514,Cc1ccc(N2CCC(=O)NC3(CCCCC3)C2=O)cc1;OC(Cn1ccnc1)C(O)(c1ccccc1)C1CCCC1;CCCc1ccc(N2CC(=O)NC3(CCCC3)C2=O)cc1;CC1(C(=O)N2CCNC(=O)CC2)CCCc2ccccc21;Cc1ccc(N2CC(C(=O)N3CCCCC3)CC2=O)cc1;CC1(NC(=O)CN2CCCCC2=O)Cc2ccccc2C1;CCCOc1cccnc1NC(C)(CO)c1ccccc1;O=C(Cc1ccccc1)N1CCC2(CCCNC2=O)CC1;CC(C)(C(=O)N1CCC(CO)CC1)c1cccc(C#N)c1;O=C(O)CCCN1CCCCC1c1cc2ccccc2[nH]1;CC1(C(=O)Nc2cccnc2-n2cccn2)CCCC[NH2+]1;CC1(C)C(=O)NCCN1C(=O)Cc1ccc2c(c1)CCC2;Cc1ccc(CN2C(=O)CNC(=O)C23CCCCC3)cc1;CC1(C(=O)N2CCCc3ccccc3C2)CCC(=O)NC1;O=C(O)c1cccnc1CN1CCCC2(CC=CCC2)C1;Cc1cccc(CCN2CC(=O)NC3(CCCC3)C2=O)c1;O=C(C1CCC(=O)N1c1ccccc1)N1CCCCCC1;O=C(CNC(=O)C1(c2ccccc2)CCC1)N1CCCC1;CC1(c2ccccc2)NC(=O)CN(C2CCCCC2)C1=O;COC1=CC=CC2=C1NC(C)=C(CN1CCCCC1)C2=O;CCc1ccc(N2CCC(=O)NC(C)(C3CC3)C2=O)cc1;Cc1cccc(C)c1CN1CC(=O)NC2(CCCC2)C1=O;Cc1ncccc1C(=O)N1CCCCC1C1CCCC1=O;CC1C(=O)NC2(CCCCC2)C(=O)N1Cc1ccccc1;CC(C)(C)C1CCN(c2ccc3c(c2)NC(=O)C3=O)CC1
m_a3c949,COc1cc(CNC2CCN(c3ncccc3F)C2)ccc1C#N;Cc1nc2cc(-c3ccc(F)cc3)nn2c(N2CCOCC2)c1C;N#Cc1cc(F)ccc1CN1CCCC(c2noc(C3CC3)n2)C1;Cc1nc2cc(-c3cccc(F)c3)nn2c(N2CCOCC2)c1C;CCc1c[nH]c2ncnc(N3CCOC(c4ccccc4F)C3)c12;OCC1(Cc2ccc(F)cc2)CCN(c2ncnc3[nH]ccc23)C1;Nc1nc(NCC[NH3+])nc2c1ncn2C1OC(CO)C(O)C1O;CC(C)n1nc(-c2cnc(N)c(OC(F)F)c2)cc1C(C)(C)O;CC(C)n1nc(-c2c[nH]c3ncc(F)c-3c2)cc1C1C2COCC21;COC1CCCN(c2cc(-c3ccc(F)cc3)nc3ccnn23)C1;CC(C)COc1nc(-c2ccccc2F)n(-c2ccc(N)cc2)n1;Nc1ccc(C2CCCN2C(=O)C2(c3ccccc3F)CC2)nn1;Nc1nc(C2CCCC2)ncc1C(=O)N1CCc2c(F)cccc21;OCc1c(-c2ccc(F)cc2)nn2ccnc(N3CCCCC3)c12;Cn1[nH]cc2c(=O)nc(N3CCC(c4ccc(F)cc4)CC3)cc1-2;CNc1c(Cl)ncnc1N1CCC(OCC2CCCO2)CC1;Fc1ccccc1-c1cc(NCC2CCOCC2)n2nccc2n1;CCc1c[nH+]c(C#N)c(F)c1N(C)c1cc2c(ncn2C)c(N)n1;O=C1c2cnc(N3CCCCCC3)nc2CN1c1cccc(F)c1;CN1C(=O)CCC(C(=O)N2CCC(F)(F)C2)C1c1ccnn1C;CC1(C)OCCC1NC(=O)N1CCN(c2nc(N)ns2)CC1;Cc1noc(C2CCCN(c3ncnc(-n4cccn4)c3N)C2)n1;Cc1cc(C2CN(Cc3cnc4cnccn34)CCO2)ccc1F;Cn1cc(-c2cnc(NCC3CCCO3)c3cccc(F)c23)cn1;Cc1nc2c(cnn2-c2ccc(F)cc2)c(=O)n1C1CCCCC1
m_a5509a,CCOc1c(OC)cc(Cc2cnc(N)nc2N)cc1OC;CNc1ncc(Cc2cc(OC)c(OC)c(OC)c2)c(N)n1;CCC1CN(C(=O)c2ccc3[nH]c(=O)[nH]c3n2)CC(CC)O1;CNc1nc(N)ncc1Cc1cc(OC)c(OC)c(OC)c1;CN(C)c1ccc(-c2cn(C3CC(O)C(CO)O3)nn2)cc1;CCCCOCC1=CC(c2c[nH]n3c(=O)ncnc23)CC1O;Cc1noc(C)c1CNC(=O)c1n[nH]c2c1CC(C)OC2C;Cc1cc(C)nc(-n2nc(C)c(CC(=O)OCCO)c2C)n1;Cc1cc(C)c(CNC(=O)NCc2c(C)noc2C)c(=O)[nH]1;COc1ccc(CCNC(=O)c2cnn(C)c2N)cc1OC;COc1ccc(CNC(=O)Nc2c(C)n[nH]c2C)cc1OC;COc1ncccc1CNC(=O)N(C)Cc1c(C)noc1C;CC(C)(C)OC(=O)NCc1ccc(Cn2cn[nH]c2=O)cc1;Cc1nc2c(c(C)c1CC(=O)N1CCC(O)C1)c(=O)[nH]n2C;CC(CCCc1ccccc1)n1c(C(=O)NO)c(N)[nH]c1=O;Cc1cc(CN(C)C(=O)c2n[nH]c3c2CC(C)OC3C)no1;CN(C)c1ccc(N2C(=O)NC(C3CCOCC3)C2=O)cn1;COc1cc2c(N)nc(N3CCCC3)nc2c(OC)c1OC;CCCCCC(O)C1C=CC(n2cnc3c(=O)nc[nH]c32)O1;COC(=O)CCc1c(C)nn(-c2nc(=O)c(C)c(C)[nH]2)c1C;Cn1nc(-c2cccc(O)c2NC(=O)OC(C)(C)C)cc1N;CC(NC(=O)N(C)CCO)c1nc(Cc2ccccc2)no1;COc1cccc(CN(C)C(=O)Cn2nc(C)n(C)c2=O)c1;Cc1nc(-c2cccc(NC(=O)N(C)CC(C)(C)O)c2)no1;COc1ccc(OC)c(Nc2nc(=O)c(C(C)(C)C)n[nH]2)c1
m_a5bb0e,CCN1CC(NC(=O)c2cc(Cl)c(N)cc2OC)CN1CC;CCN(CC)c1ncc(Cl)c(C(=O)NC2CCC(O)CC2)n1;Cn1cc(Cl)c(CNC(=O)N2CCC(C3CCOCC3)C2)n1;Cn1cc(Cl)c(CNC(=O)N2CCC(OC3CCC3)CC2)n1;Cn1cc(Cl)c(CNC(=O)N2CCC(C3CCCO3)CC2)n1;COC1(C(C)NC(=O)N2CCC(n3cc(Cl)cn3)C2)CCC1;COC1CCN(C2CCCC2NC(=O)Cn2cc(Cl)cn2)C1;CCCCCCCCN1C(Cl)=NC2=C1C(=O)N(C)C(=O)N2C;CCCCC[NH2+]C(CC(=O)OCC)C(=O)c1ccc(Cl)cc1;CCc1ncnc(NC2CCN(C(=O)OC(C)C)CC2)c1Cl;CC1CN(c2ncncc2Cl)CC(C)N1C(=O)OC(C)(C)C;CC(C)CC(CO)NC(=O)c1nc(N2CCCC2)ncc1Cl;CCn1cc(Cl)c(NC(=O)NC2CCOC23CCCCC3)n1;Cn1cc(Cl)c(CNC(=O)N2CCCC2C2CCOCC2)n1;CCn1cc(CCNC(=O)Nc2ccc(F)cc2)c2cccnc21;CN(Cc1nc(=O)c2ccccc2[nH]1)C(=O)CCCn1cncn1;CCCCCCCCC(N)=[NH+]C(=S)Nc1ccc(Cl)cc1;Cc1nn(CCC(=O)NCCCN2CCCC2=O)c(C)c1Cl;CC1=NOC([C@@H]2C[C@H](NC(=O)NC3=CC=CC(C#N)=C3)CN2C)=N1;Cc1cc(C)nc(OC2CCC(NC(=O)NCCCl)CC2)n1;O=C(CN1CCCC1)NC1CC(Cn2cc(Cl)cn2)CC1O;CN(c1ncc(Cl)cn1)C1CCN(C(=O)OC(C)(C)C)CC1;CN(c1nccc(Cl)n1)C1CCN(C(=O)OC(C)(C)C)CC1;Cn1nccc1C1CN(C(=O)Nc2ccc3nccn3c2)CCO1;CCn1nc(C)c(C(=O)N2CCCC(CC(N)=O)CC2)c1Cl
m_a5d8e5,CCN(CC)c1ncnc(N2CCN(c3ccc(OC)cc3)CC2)c1N;CCCCCCCCN1c2nccc[n+]2CC1(O)c1ccc(OC)cc1;CCN1CCCC1C[NH2+]Cc1ccc(OCc2ccncc2)c(OC)c1;CCCCc1nc(C)cc(NCCNC(=O)c2n[nH]c3c2CCCC3)n1;COc1ccc(C(C)[NH2+]Cc2ccc(N3CCCC3)nc2)c(C)c1OC;Cc1cc(N2CCCC(NC(=O)c3ccc(NC(C)C)nc3)C2)n(C)n1;COc1ccc2[nH]c3c(c2c1)CN(C(=O)C[NH+]1CCCC(C)(C)C1)CC3;COc1ccccc1N1CCN(c2cnnc(NCCC(C)C)n2)CC1;COc1ccccc1NC(N)=[NH+]Cc1ccc(N2CC[NH+](C)CC2)nc1;CC(C)CCc1cc(NC(=O)NC2CCN(c3ccccn3)C2)n(C)n1;COc1ccc2[nH]c3c(c2c1)CN(C(=O)C[NH+]1CC(C)CC(C)C1)CC3;Cc1ccc(C)c(OCC(O)C[NH+]2CCN(c3ccccn3)CC2)c1C;COc1ccc2nc(C)c(C(=O)NCCC[NH+]3CCC(C)CC3)cc2c1;CCn1nc(C)c(CC(=O)Nc2ccc(N3CCN(C)CC3)cn2)c1C;Cc1cc(C)n(CCC(=O)NC2CCN(c3cc(C4CC4)[nH]n3)CC2)n1;CC1(C)CCCN(c2nnc(-c3ncccn3)n2CC2CCCCO2)C1;COc1cc2c(cc1C[NH+]1CCC(C(O)c3nccn3C)CC1)CCC2;COc1ccc(C[NH+](Cc2cnc(C(C)C)nc2)CC2CCCO2)cc1;C=CCc1cc(C[NH+](C)Cc2n[nH]c3c2CCCC3)cc(OC)c1OC;CCCCN(C)c1nncc(N2CCN(c3ccc(OC)cc3)CC2)n1;CN(C)c1ccncc1CNCC1CCC(=O)N(C)C1c1nccn1C;CNc1nccnc1CC1CCCN(C(=O)CCc2cn(C)nc2C)C1;CC(C)N1CCC[C@H]1C1=NC(C2=CC=C(N3CCN(C)CC3)N=C2)=NO1;CCC1=C(Cc2cc(OC)ccc2C)[NH+]=C(N2CCOCC2)N=C(C)C1;Cc1cc(C(=O)NCCc2c(C)nn(C)c2C)nc(N2CCCCC2)n1
m_a87b11,CCN(CC)C(=O)c1onc(-c2ccc(OC)cc2)c1N;CCc1nn(C)c(C(=O)OCc2ccc(OC)cc2)c1N;COc1ccc(CNC(=O)CCNc2cc(C)on2)cc1;CCN(CCO)C(=O)c1ccn(-c2ccc(OC)cc2)n1;CCCCN(C(=O)c1ccc(OC)cc1)c1nc(C)no1;CCCCOC(=O)c1[nH]nc(-c2ccc(OC)cc2)c1N;CCCCC(=O)NCc1nnc(-c2ccc(OC)cc2)o1;COc1ccc(OCCC(=O)NCc2c[nH]nc2C)cc1;COc1ccc(OCC(=O)Nc2cc(C(C)C)[nH]n2)cc1;COc1ccc(CNC(Cc2cncn2C)C(=O)O)cc1;COCCNC(=O)c1cc(-c2ccc(OC)cc2)nn1C;COc1ccc(CCC(=O)NCc2ncc[nH]2)cc1OC;COc1cccc(CN(C)C(=O)COc2cnn(C)c2)c1;CCCCC(=O)NCc1noc(-c2ccc(OC)cc2)n1;CCCCOc1ccc(C(=O)NCc2noc(C)n2)cc1;COCCNC(=O)c1cc(C)n(-c2ccc(OC)cc2)n1;CCn1ccnc(NCc2ccc(OC)cc2OC)c1=O;CCOc1ccc(C(=O)N(C)Cc2ncc[nH]2)cc1OC;COCCn1c(C(C)NC(C)=O)nc2ccccc2c1=O;CCN(CC)C(=O)c1onc(-c2ccccc2OC)c1N;COc1ccc(CCNC(=O)c2cn(C)nc2OC)cc1;CCCCNC(=O)Cc1nc(-c2ccc(OC)cc2)no1;CCOc1ccc(NC(=O)N(C)Cc2cc(C)on2)cc1;CCOCCCNC(=O)Cn1c(=O)cnc2ccccc21;COCCCNC(=O)c1cn[nH]c1-c1ccc(OC)cc1
m_a94f72,Cc1cc(C)nc(NC(=O)N2CCOC(CO)C2)c1;CCC1CC(C)C(n2ccc(NC(C)=O)nc2=O)O1;O=C(C[NH+]1CC2C[NH2+]CC2C1)NC(=O)c1ccco1;COC(=O)c1nc(C)cc(N2CCC(C(C)O)C2)n1;CCOC(=O)CN(C)c1nc(C)cc(C)c1C(N)=O;CNc1ccc(C(=O)N2CC(C)OC(CO)C2)cn1;CCOC(=O)c1cnc(N2CCC(CO)CC2)nc1;COc1nc(C)cc(=O)n1CC(=O)NC1CCCC1;COC(=O)CC1CN(c2nc(C)cc(C)n2)CCO1;COc1cc(C)nc(NC(=O)C2CCCOCC2)n1;COc1cnc(C(=O)NCC2CCCCC2O)nc1;COC(=O)Cn1c(N2CCCCC2)nc(C)cc1=O;CCc1cc(=O)n(CCNC(=O)C2CCCO2)cn1;O=C(Cn1cccnc1=O)NCC1CCC(O)CC1;Cc1noc(CC2(O)CCCN(C(=O)C3CC3)C2)n1;CN(C)[C@@H]1CO[C@H](CNC(=O)C2=CC=NC=C2)[C@H]1O;CC1(C)CN(C(=O)c2cccnc2N)CC(CO)O1;COC(=O)c1nccc(NCC2CCCCC2O)n1;CCOC(=O)N1CCC(Oc2nc(C)cc(C)n2)C1;CCOC(=O)c1ccnc(NCC2CCCO2)c1N;CCNC(=O)N1CCCC1C(=O)NCc1ccco1;Nc1ccc(=O)n(CC(=O)N2CCC(CO)CC2)c1;COC(=O)c1ccnc(N2CCC(C(C)O)C2)c1N;CC1COC(CO)CN1c1ccc(N)cc1C(N)=O;Cc1cc(C)n(CC(=O)NC2CCOC2C)c(=O)n1
m_a98076,COc1ccc(CN(C)Cc2c(O)nnn2-c2ccccc2)cc1C;CCCCn1nnnc1COc1ccc(OCc2ccccc2)cc1;Cc1ccccc1OCCCN(C)C(=O)c1ccc2nnn(C)c2c1;CCOc1ccccc1CNC(=O)c1ccc2c(c1)nnn2C(C)C;O=C(CCCCCCc1cn(-c2ccc3ccccc3c2)nn1)NO;CN1C(=O)CCc2cc(C(=O)Nc3cc(C4CCCC4)[nH]n3)ccc21;CCn1cc(C(=O)Nc2cnn(CC3CCCO3)c2)c2ccccc21;Cc1cc(C(=O)Nc2c(C)c(C(C)(C)C)nn2-c2ccccc2)no1;Cn1cc(CC(=O)Nc2cc(C3CCOCC3)[nH]n2)c2ccccc21;Cc1ccc(OCCCCNC(=O)c2ccc3n[nH]nc3c2)c(C)c1;CCCCN(CCCCCOc1ccc(N)c([N+](=O)[O-])c1)C(=O)[O-];CC(C)(C)c1ccc(OCCNC(=O)c2ccc3n[nH]nc3c2)cc1;CC(C)OCc1ccc(CNC(=O)Cn2nnc3ccccc32)cc1;CCOCCCNC(=O)c1ccc(Cn2nnc3ccccc32)cc1;CCn1nnc2cc(C(=O)N(C)C(C)c3ccccc3OC)ccc21;Cc1noc(C)c1C(C)(C)C(=O)Nc1cnn(Cc2ccccc2)c1;CCCn1nnc2cc(C(=O)NCc3ccc(OCC)cc3)ccc21;COc1cc(C(=O)N2CCC([NH3+])C(C)(C)C2)c([N+](=O)[O-])cc1OC;Cc1ccc(OCCCCC(=O)Nc2ccc3n[nH]nc3c2)c(C)c1;CCOc1ccc(C(=O)NCCC[NH+]2CCOCC2)cc1[N+](=O)[O-];Cc1cc(-n2cc(-c3ccc(N(C)C)cc3)nn2)ccc1OCCO;Cc1nc2cc(=O)[nH]n2c(C)c1CNC(=O)C(C)(C)c1ccccc1;CC(C)(C)OC(=O)N(Cc1ccccc1)Cn1nnc2ccccc21;COc1nn(C)cc1CNC(=O)NC(C)c1cccc2ccccc12;CC(C)(C)c1cc(CCC(N)=O)cc(-n2nc3ccccc3n2)c1O
m_aa5754,CCCCC(=O)NCCNC(=O)c1cc(O)cc(O)c1;COc1ccc(C(=O)NCCCCCC(=O)NO)cc1;COc1ccc(CNC(=O)CCNC(C)=O)cc1OC;COc1ccc(CCNC(=O)C[NH2+]C(C)C(=O)[O-])cc1;COC(=O)NCCNC(=O)CCCOc1ccccc1;COc1ccc(CCNC(=O)C[NH2+]CCC(=O)[O-])cc1;CCCNC(=O)CCNC(=O)c1cccc(OC)c1O;CC(O)CCCNC(=O)COc1ccccc1C(N)=O;COC(=O)CCCNC(=O)CCCOc1cccnc1;CCOc1ccc(OCC(=O)NCCNC(C)=O)cc1;COC(=O)CCNC(=O)NCCc1ccc(OC)cc1;CCOCCCNC(=O)COc1ccc(C(N)=O)cc1;COc1ccc(CCOC(=O)NCCCNC=O)cc1;COCCNC(=O)C(=O)NCCc1ccc(OC)cc1;CCOc1ccccc1C(=O)NCC(=O)NCCCO;O=C(CCCCO)Nc1ccc(C(=O)NCCO)cc1;O=C(CCCCCNC(=O)OCc1ccccc1)NO;CC(=O)NNC(=O)CCCCCOc1ccc(O)cc1;CC(=O)NCCNC(=O)C(C)Cc1ccc(O)c(O)c1;CC(C)CNC(=O)CCNC(=O)c1cc(O)ccc1O;CCC(C)NC(=O)CCNC(=O)c1cccc(O)c1O;COC(=O)CCNC(=O)NCCc1cccc(OC)c1;CC(C)(C)OC(=O)NCCNC(=O)c1ccc(O)cc1;CCCCNC(=O)COC(=O)c1cccc(N)c1OC;CCCCOC(=O)NCCNC(=O)c1cccc(O)c1
m_ab3260,CCc1nc(CN2CCCc3c(NS(C)(=O)=O)cccc32)cs1;Cc1ccc(S(=O)(=O)NCC2CCCN2c2nc(C)cs2)cc1;COc1cc(CN(C)C(=O)NCc2csc(C)n2)ccc1SC;Cc1nc(S(=O)(=O)N2CCCC(Nc3ccccc3)C2)sc1C;NS(=O)(=O)c1cnc(N2CCCCC2CCc2ccccc2)s1;Cc1ccc(C)c(S(=O)(=O)NCC2CCCN2c2nccs2)c1;O=S(=O)(NCCc1nc(-c2ccccc2)cs1)N1CCCCC1;CCCNC(=O)CSc1nc2sc3c(c2c(=O)n1C)CCCC3;Cc1nc(CSc2nc(=O)n(CCCO)c3c2CCCC3)cs1;CC1CN(Cc2nc3sc4c(c3c(=O)[nH]2)CCC4)CC(C)S1=O;CCS(=O)(=O)N1CCC(Nc2ncc(-c3ccccc3)s2)CC1;CCCCNC(=O)CSc1nc2sc3c(c2c(=O)[nH]1)CCCC3;Cc1nc(S(=O)(=O)NC2CCCN(c3ccccc3)C2)sc1C;Cc1ccc(S(=O)(=O)NC2CCN(c3nccs3)CC2)c(C)c1;Cc1cc(C)c(S(=O)(=O)NC2CCN(c3nccs3)C2)cc1C;O=S(=O)(NC1CCCC1)C1CN(Cc2nc3ccccc3s2)C1;Cc1sc2nc(SCC(=O)N3CCCC(C)C3)[nH]c(=O)c2c1C;Cc1cc(NS(=O)(=O)c2ccsc2)cnc1N1CCCCC1C;CC1CCc2c(sc3nc(SCC(=O)NC(C)C)[nH]c(=O)c23)C1;CC(C)NC(=O)CSc1nc2sc3c(c2c(=O)n1C)CCCC3;COCCNC(=O)C(C)Sc1nc(C)nc2sc3c(c12)CCC3;CC1(C)CS(=O)CCN1Cc1nc2sc3c(c2c(=O)[nH]1)CCC3;Cc1ccc(C)c(OCCSc2nnc(N3CCOCC3)s2)c1;Cc1sc2nc(SCC(=O)N3CCC(C)CC3)[nH]c(=O)c2c1C;Cc1nn(C)c(S(=O)(=O)N2CCCC(CC(=O)O)C2)c1C(F)F
m_ab91a8,C=C(C)CNC(=O)CCc1ccccc1OCC;O=c1ccccn1CC[NH2+]CCCn1cccn1;CCc1cccc(C)c1NC(=O)CC1CCCO1;CC=CCCNC(=O)COc1cccc(CC)c1;CCc1cccc(CC)c1N1CCC(O)CC1=O;C=C(CNc1ccc(CC)c(C)c1)C(=O)OCC;Cc1cccc(C(C)C)c1N1CCC(O)CC1=O;Cc1cccc(C)c1C[NH+]1CCC(C)C1C(=O)[O-];CCN(C(=O)C1CCCCO1)c1cccc(C)c1;CC=CCCNC(=O)CCCOc1ccccc1;CC1(Oc2cccc3c2CCCN3)CCCOC1;CC1(COc2cccc3c2CCCN3)CCCO1;CCC(CC(=O)[O-])[NH+]1CCCc2ccccc2C1;CCCCN(C(=O)C1CCCO1)c1ccccc1;C=C(C)CNC(=O)CCOc1ccc(C)c(C)c1;CCn1cnnc1C[NH2+]Cc1cccc(C)c1O;C=CCc1cc(CC(=O)NCCCC)ccc1O;COc1ncccc1C[NH2+]CCCn1cccn1;CC=CCCNC(=O)Cc1ccc(C)c(OC)c1;c1cc2c(c(OCC3CCCOC3)c1)CCCN2;c1cc2c(c(OCC3CCOCC3)c1)CCCN2;CCn1ccnc1C[NH2+]Cc1cccnc1OC;CC[NH2+]Cc1nccn1Cc1cccnc1OC;Cn1nccc1CC[NH2+]CCn1ccccc1=O;Cc1ccccc1C[NH+]1CCC(CC(=O)[O-])CC1
m_abbd02,CC1CCOCC[NH+]1CC(O)Cn1c(-c2ccccc2)noc1=O;C[NH+](CC(O)Cn1c(-c2ccccc2)noc1=O)CC1CCOC1;COc1ccc(Cc2noc(C([NH3+])C3CCOCC3)n2)cc1OC;CCc1cc(NC(=O)N2CC(OC)CC2c2nc(C)no2)n(C)n1;COCCn1cc2c(n1)C(NC(=O)NCc1nc(C)no1)CCC2;CCOc1ccc(C[NH+](C)CC(=O)Nc2cc(C)no2)cc1OC;O=C(CCOc1ccccc1[N+](=O)[O-])N1CCC2(CC[NH2+]C2)CC1;CCOC1(C(=O)Nc2nnn(Cc3noc(C)n3)c2C)CCCC1;O=C(CC1[NH2+]CCNC1=O)Nc1ccc(OCC2CCCO2)cc1;CCN1CCOC(CNC(=O)c2nonc2C)C1c1ccnn1C;CCOC(=O)N1CCN(c2nc3c(C)nn(C)c3c(=O)n2C)CC1;COc1cccc(N2CC(NC(=O)C3([NH3+])CCOCC3)CC2=O)c1;CCCc1noc(CCCC(=O)N2CCC3(CC2)CC3C(=O)[O-])n1;O=C(Nc1ccc(CC(=O)N2CCOCC2)cc1)C1C[NH2+]CCO1;COc1cc2[nH]cc(C(=O)NCC[NH+]3CCOCC3)c2cc1OC;Cc1cc(C)n(CC2CN(C(=O)Cn3ncn(C)c3=O)CCO2)n1;COc1cccc(OC)c1C[NH+]1CC(CO)C(c2nc(C)no2)C1;CCN1CCOC(CNC(=O)c2nonc2C)C1c1nccn1C;O=C(NC1COC(CN2CCC(F)(F)C2)C1O)C1CCOCC1;COC1CC(c2nc(C)no2)N(C(=O)NCCn2cc(C)cn2)C1;CC(C)c1noc(CCC(=O)N2CCCCC2c2nc(=O)[nH][nH]2)n1;CCOc1cc(N2CC(OC)CC2c2n[nH]c(=O)n2CC)ncn1;Cc1cc(-c2nnc(C[NH2+]C3CC(O)C34CCOCC4)o2)c(C)o1;CNC(=O)CC1(O)COCCN(C(=O)C2CCC(F)(F)CC2)C1;Cc1cc(NC(=O)C2([NH3+])CCOC2)ccc1N1CCOCCC1=O
m_acdfec,Cc1cc(N2CCC[NH+](Cc3ccc(F)cc3)CC2)n2ncnc2n1;Cc1cccc(OCCOCCCc2c(C)nc3ncnn3c2N)c1;CCC(=O)Nc1ccc(Nc2nc(C)cc(N3CCOCC3)n2)cc1;CC1CCN(c2ncnc(Nc3ccc4c(c3)OCCO4)c2N)CC1;CCC(=O)Nc1ccc(Nc2cc(C)nc(N3CCOCC3)n2)cc1;Cc1cc(NC(=O)c2cccnc2N2CCOCC2)nc(C(C)C)n1;CCc1cc(NC(C(N)=O)c2ccccc2)nc(N2CCOCC2)n1;CCc1ccc(NC(=O)NCc2nccc(N3CCOCC3)n2)cc1;C[NH+](Cc1nc2ccc(F)cc2[nH]1)C1CCN(c2ncccn2)CC1;COC(=O)c1ccccc1Nc1ncnc(N2CCCC(C)C2)c1N;Cc1nc(N2CCOCC2)nc2c1CCN(C(=O)C1(C#N)CC1)CC2;CC1C[NH2+]CCC1Nc1nc2cncnc2n1Cc1ccc(F)cc1;COc1cccc(-c2nc(C)cc(N3CCC(C(=O)NN)CC3)n2)c1;CCC1CN(c2ccccc2)CCN1C(=O)Nc1cc(OC)ncn1;Fc1ccc(-c2nccnc2N2CC[NH+](CC3C=NNC3)CC2)cc1;Cc1cccc(OCC(O)CNc2cc(C(C)C)nc3ncnn23)c1;COc1ccc(NC(=O)C2CCCN(c3nc(C)cc(C)n3)C2)cn1;CCOc1ccccc1Nc1nc(C)cc(N2CCN(C=O)CC2)n1;COc1ccc(CNc2cc(C)nc(N3CCN(C=O)CC3)n2)cc1;COC(=O)c1ccc(Nc2ncnc(N3CCCC(C)C3)c2N)cc1;Cc1ccc(NC(=O)Nc2c(C)nc(N3CCOCC3)nc2C)cc1;COc1ccc(OC)c(CCCNc2c(C)c(C)nc3ncnn23)c1;Cc1ccc(NC(=O)NCc2ccnc(N3CCOCC3)n2)c(C)c1;COCc1cc(Nc2ccc(N3CCC(C(N)=O)CC3)cc2)ncn1;COc1ccccc1N1CCC(C[NH2+]Cc2ccc3c(c2)OCO3)C1
m_ace790,Cc1[nH]nc(NC(=O)c2cccc(C(F)(F)F)c2)c1C;Nc1nn(-c2cccc(C(F)(F)F)c2)c2c1COCC2;Cc1n[nH]c(C)c1NC(=O)c1cccc(C(F)(F)F)c1;CCc1cn[nH]c1NC(=O)c1ccc(C(F)(F)F)cc1;Cc1cc(NC(=O)c2cccc(C(F)(F)F)c2)nn1C;Cc1cc(NC(=O)c2cccc(C(F)(F)F)c2)n(C)n1;Cc1cn(C)nc1C(=O)Nc1ccccc1C(F)(F)F;CCNC(=O)c1cn(-c2cccc(C(F)(F)F)c2)cn1;Cc1cc(CC(=O)Nc2ccc(C(F)(F)F)cc2)n[nH]1;O=C(NCCn1cccn1)c1cccc(C(F)(F)F)c1;Cc1ccccc1NC(=O)c1cn(C)nc1C(F)(F)F;Cc1[nH]n(C)c(=O)c1C(=N)c1cccc(C(F)(F)F)c1;CCn1cc(C(=O)Nc2ccccc2C(F)(F)F)cn1;CCc1cc(NC(=O)c2ccc(C(F)(F)F)cc2)n[nH]1;OC1CCc2nc(-c3cccc(C(F)(F)F)c3)nn2C1;O=[N+]([O-])c1cc(O)ccc1NCc1c[nH]c2ccccc12;Cc1cc(NC(=O)c2ccccc2C(F)(F)F)n(C)n1;CCn1ccc(C(=O)Nc2ccccc2C(F)(F)F)n1;CN(Cc1cn[nH]c1)C(=O)c1ccccc1C(F)(F)F;FC(F)(F)c1cccc(CNc2nc(C3CC3)no2)c1;Cc1cc(C(=O)Nc2ccccc2C(F)(F)F)n(C)n1;COc1cc(N)cnc1Nc1ccccc1C(F)(F)F;Cc1cc(C(=O)Nc2ccc(C(F)(F)F)cc2)n(C)n1;NNc1ncccc1COc1ccc(C(F)(F)F)cc1;O=C(NCCc1ccccc1)c1cc(C(F)(F)F)[nH]n1
m_acfc1e,COc1ccc(CCNC(=O)CCCCCNC(N)=O)cc1;COCCCNC(=O)CNc1cccc(NC(=O)C(C)C)c1;CCOCCCNC(=O)NCC(=O)NCCc1ccccc1;CC(C)c1ccc(CNC(CCCNC(N)=O)C(=O)O)cc1;CNC(=O)C(CC(C)C)NC(=O)NCc1ccccc1OC;CCCCNC(=O)COc1cc(C(=O)NC(C)C)ccc1N;CC(=O)Nc1ccc(OCC(O)CN2CCN(C)CC2)cc1;CC(Cc1ccc(O)cc1)NC(=O)NCCN1CCOCC1;COCCNC(=O)CNc1ccc(CCC(=O)N(C)C)cc1;CCC(C)NC(=O)CCNC(=O)NCc1ccccc1OC;C[C@H](N)C(=O)N[C@@H](C)C(=O)N[C@@H](CC1=CC=CC=C1)[C@@H](C)O;CNC(=O)CCC(C)(C)NC(=O)NC(CO)c1ccccc1;CC12CCC(=O)NC1=CCC1C2C(O)CC2(C)C(F)CCC12;CC(C)(C)c1ccc(OCCNC(=O)NCCC(N)=O)cc1;CCNC(=O)COc1cccc(NC(=O)NCCC(C)C)c1;COC(CNC(=O)NCCC(=O)NC(C)C)c1ccccc1;CCCNC(=O)CNc1cccc(C(=O)NCCCOC)c1;Cc1ccc(OCCN(C)C(=O)CCCCNC(N)=O)cc1;CC(C)(C)OC(=O)NCCCNC(=O)Cc1cccc(N)c1;CN(CCCNC(=O)c1ccc(N)cc1)C(=O)OC(C)(C)C;CCCNC(=O)COc1ccc(C(=O)NCC(C)C)cc1N;CC(C)CN1CCOC(CNC(=O)c2ccn(C)c(=O)c2)C1;Cc1ccc(CNC(=O)NC(CC(C)C)C(=O)NO)cc1C;COC1C2CC3CN(C(=O)NCC4(C)CCC(=O)N4)C1C3C2;COCCCNC(=O)Nc1ccc(C(=O)NC(C)(C)C)cc1
m_aec773,O=C([O-])C(Cl)(CCOC1OC(CO)C(O)C(O)C1O)C(=O)[O-];O=C([O-])CCCCCCNC(=O)c1ccc(Br)c(O)c1;COc1cc(NC(=S)NC2CCCCC2)ccc1Br;O=C(NCCC1=CCCCC1)NCc1cc(Br)cs1;C=CCN1C(=O)c2ccccc2NC1c1ccccc1Br;Cc1cc(Oc2ccc3ncccc3c2N)cc(C)c1Br;COc1ccc(CCC(=O)NCC(C)C(=O)[O-])cc1Br;Cc1ccc2[nH]c(O)c(C=Nc3ccc(C)c(Br)c3)c2c1;Cc1ccc2c(C=Nc3ccc(C)c(Br)c3)c(O)[nH]c2c1;NC(=S)c1ccc(Br)cc1NC1CCCCCC1O;Cc1ccc(O)c(CNc2ccc(Br)c3ccccc23)n1;Cc1cc(C)c(NC(=O)c2c[nH]c3ccccc23)c(Br)c1;CCC1(CC)NC(=O)N(Cc2ccc(F)cc2Br)C1=O;CC(=O)N1CCC(NC(=O)c2ccc(Br)c(F)c2)CC1;COc1ccc(CNc2cccc3ccncc23)cc1Br;COc1ccccc1Nc1cc(C)nc2c(Br)cccc12;Cc1cc(C)c(Oc2nccc3c(Br)cccc23)cc1N;Cc1ccc(OCC(=O)NCCCCC(=O)[O-])c(Br)c1;CCC(C)NC(=O)C(C)Oc1ccc(Br)cc1C(=O)[O-];CCC(C)C1NC(=O)CN(c2cc(F)ccc2Br)C1=O;CCc1ccc(-c2cn(-c3ccc(Br)cc3)c(=O)[nH]2)cc1;O=C([O-])CCCNC(=O)CCCOc1ccccc1Br;COc1ccc(Br)c(C(C)(C)CC(=O)[O-])c1NC(C)=O;O=C(NCC(=O)N1CCCCC1)c1ccc(F)cc1Br;O=C(CN1CCCCC1=O)NCc1cc(F)ccc1Br
m_aef2b4,Cc1ccc(C(=O)[O-])c(OCc2cccc3ccccc23)c1;CCC(C)Oc1ccc(Oc2ncc(C)cc2Cl)cc1;COc1ccc(OC)c(C(C)Nc2ccc(Cl)cc2)c1;COc1ccc(C(=O)[O-])c(Cc2cccc3ccccc23)c1;COc1ccc(OC)c(CNc2ccc(C)cc2Cl)c1;COc1ccc(OC)c(NCc2ccc(Cl)cc2C)c1;Cc1cc(Cl)ccc1Oc1ccc(N)c(OC(C)C)c1;COc1ccc(NC(C)c2ccc(Cl)cc2)c(CO)c1;Cc1c(N)cccc1OCCCOc1ccc(Cl)cc1;CCc1ccc(OCc2ccc(Cl)cc2N)c(OC)c1;COc1ccccc1C(C)(CO)Nc1cccc(Cl)c1;COc1ccc(OCCCNc2ccc(Cl)cc2)cc1;COc1ccc(Cl)c(NCc2cc(C)ccc2OC)c1;CC(Oc1ccc(C#N)cc1)c1nnc(-c2ccccc2)o1;Cc1ccc(C(=O)NCc2ccc(OC(F)F)cc2)cc1;Nc1ccccc1OCCCCOc1ccc(Cl)cc1;Cc1cc(Cl)ccc1OCCCOc1ccc(N)cc1;Cc1nn(-c2cccc(N)c2)c2c1c(=O)oc1ccccc12;Nc1cccc(OCCCCOc2ccc(Cl)cc2)c1;COc1ccc(N(C)C(C)c2cc(Cl)ccc2O)cc1;COc1ccc(NCC(O)c2ccc(Cl)cc2)cc1C;COc1ccc(OCCNc2ccccc2CCl)cc1;CCc1ccc(OCCOc2ccc(Cl)cc2N)cc1;Cc1ccn(CCCCOc2ccc(Cl)cc2)c(=O)c1;Cc1cc(C)cc(OCCOc2ccc(Cl)c(N)c2)c1
m_b047da,COc1cc(C)nc(N2CC(O)CC2c2ccc(F)cc2)n1;Cn1nccc1C(=O)N1CCCC1COc1ccc(F)cc1;Cn1ncc2c1CCCC2NC(=O)COc1ccc(F)cc1;Cn1nc(CNC(=O)COc2ccccc2F)cc1C1CC1;O=C(COc1ccc(F)cc1)Nc1ccnn1C1CCCC1;CCCn1nc(C)c2c1NC(=O)CC2c1ccc(F)cc1O;Cn1nccc1C(=O)N1CCOC(Cc2ccc(F)cc2)C1;Cn1nccc1C(=O)NCC1CCOC1c1ccc(F)cc1;Cn1nc(C(=O)N2CCC(O)CC2)cc1-c1ccc(F)cc1;CCOc1cc(N2CC(O)CC2c2ccc(F)cc2)ncn1;Cc1cn[nH]c1C1CCN(C(=O)COc2ccc(F)cc2)C1;Cc1c(F)cccc1N1CC(c2nc(C(C)C)no2)CC1=O;Cc1c(C(=O)N2CCOC(c3ccc(F)cc3)C2)cnn1C;Cc1nn(C)cc1C(=O)N1CC(O)CC1c1ccc(F)cc1;CCn1nc(C)cc1C(=O)N1CC(C)Oc2cc(F)ccc21;CC1CCCN(C(=O)c2onc(-c3ccccc3F)c2N)C1;Cc1cc(NC(=O)C2CCOCC2)n(-c2ccccc2F)n1;Cn1nc(-c2ccc(F)cc2)cc1C(=O)NCC1(CO)CC1;Cc1ccc(F)cc1C(=O)Nc1cc(C2CCOCC2)[nH]n1;O=C(COc1cccc(F)c1)Nc1ccnn1C1CCCC1;Cc1cc(C(=O)N2CCC(Oc3cccc(F)c3)C2)n(C)n1;CCOc1cncc(N2CC(O)CC2c2ccc(F)cc2)n1;COCc1nc(O)cc(N2CCCC2c2ccc(F)cc2)n1;Cc1c(C2CCCN2C(=O)c2cc(F)ccc2O)cnn1C;O=c1cc(N2CCCCC2)c(CO)nn1-c1ccc(F)cc1
m_b084eb,CCCCNC(=O)Cn1c(-c2cccc(OC)c2)nc2ccccc21;O=C(CCCn1cccc1)NCCCOc1cccc2cccnc12;CCCCOc1ccccc1OCCNc1ncnc2ccccc12;COCCCNC(=O)Cn1c(-c2cccc(C)c2)nc2ccccc21;CCCCCNC(=O)CCc1nc(-c2cccc3ccccc23)no1;CCCn1nccc1NC(=O)CCCOc1cccc2ccccc12;NC(=[NH+]CCC1CCCO1)N1CCN(c2ccc(Cl)cc2)CC1;COCCNC(=O)CCCc1c(-c2ccccn2)[nH]c2ccccc12;CCCc1nc2ccccc2n1CC(=O)Nc1ccc(OCC)cc1;O=C(c1ccnc2ccccc12)N1CCC(C(=O)N2CCCC2)CC1;Cc1c(Cl)cccc1NC(=O)CC[NH+]=C(N)N1CCCC(C)C1;O=C(CN1CCCCC1=O)Nc1c2c(nc3ccccc13)CCCC2;Cc1ccc(CNc2nc3ccccc3[nH]2)c(OCC2CCCO2)c1;CCn1c(CCCNC(=O)c2ccc(OC)cc2)nc2ccccc21;CCOc1ccc(C(C)NC(=O)CCn2cnc3ccccc32)cc1;CCCn1c(CCNC(=O)c2ccccc2OC)nc2ccccc21;CN(C)c1ccc(-c2cc3ncccc3c(OCCCCO)n2)cc1;Cc1ccc(OCCCC(=O)NCCc2nc3ccccc3[nH]2)cc1;O=C(NCC1CCCO1)c1ccnc(N2CCc3ccccc3C2)c1;CCOc1ccc(CNC(=O)N2CCCC(C(=O)NC)C2)cc1F;Cc1ccc(C(=O)NCCNC(=O)NC(C)C2CCCO2)cc1F;CCOc1ccc(C(C)NC(=O)CCc2nc3ccccc3[nH]2)cc1;COCCCNC(=O)N1CCC(NC(=O)c2ccc(F)cc2)CC1;Cc1ccc(OCCCC(=O)NCc2nc3ccccc3n2C)cc1;CCOc1cccc(C(C)NC(=O)CCc2nc3ccccc3[nH]2)c1
m_b0ce2a,O=c1nc(N2CCC3(CC2)OCCO3)[nH]c2c1CCC2;COCCN(CCO)C(=O)c1c[nH]c2ccc(N)cc12;Cn1nccc1C(NC(=O)C1CCC=CCC1)C(=O)O;CCCNC(=O)NOCc1c[nH]c2ccc(OC)cc12;COC(=O)C(Cc1cnc[nH]1)NC(=O)C1CC2CC2C1;Cc1noc(COC2CN(C(=O)C3CC=CCC3)C2)n1;COCC(O)CCNC(=O)c1c[nH]c2cc(N)ccc12;CC(CO)C(C)NC(=O)Cn1c(=O)[nH]c2ccccc21;Nc1ccc2c(C(=O)NCCCOCCO)c[nH]c2c1;CCOC(=O)CCNc1nc2c(cc1C(N)=O)CCC2;CC(C)CCNC(=O)Nc1ccc2c(c1)oc(=O)n2C;O=C([O-])c1ccc(C(=O)NCC[NH+]2CCCCC2)nc1;Cc1nc(=O)c2c([nH]1)CCN(C(=O)C1CCCO1)CC2;NC(=O)c1ccc(N2CCC3(CC2)OCCO3)c(N)c1;CCOC(=O)c1cn(C)nc1NC(=O)CC1C=CCC1;O=C(C=Cc1cnc[nH]1)N1CCC(O)C2(CCCO2)C1;CN(CC1CC=CCC1)C(=O)Cn1cc(C(=O)O)cn1;CN(CC(C)(C)O)C(=O)Cn1c(=O)[nH]c2ccccc21;COc1ccc(N)c(C(=O)NC2CCCCNC2=O)c1;O=C(NC1CC1)C1COCCN1c1ncccc1CO;O=c1cc(N2CCC3(CC2)OCCO3)[nH]c(C2CC2)n1;NC(=O)c1cccc(NCC(=O)NCC2CCCO2)c1;O=[N+]([O-])c1cnccc1N1CCC2(O)CCCCC2C1;CCOC(=O)C1CCCCN1c1ncccc1C(N)=O;COc1cccc(NC(=O)N2CCNC(=O)C2(C)C)c1
m_b11a90,N#Cc1cccnc1N1CCN(C(=O)c2ccc(C(=O)O)nc2)CC1;CC(NC(=O)c1cccnc1-n1cncn1)c1ccc2c(c1)OCO2;O=C(NCc1nc(-c2cccnc2)no1)c1cc2c([nH]c1=O)CCC2;COC(=O)c1cnccc1NC(=O)c1cnn(-c2ccccn2)c1C;N#Cc1cccnc1N1CCN(C(=O)c2ccccc2[N+](=O)[O-])CC1;Cn1c(O)c(N=NC(=O)CNC(=O)c2cccnc2)c2ccccc21;CCOC(=O)c1cnn(Cc2nc3ccccc3c(=O)n2C)c1C#N;O=[N+]([O-])c1cc(-c2noc(-c3ccccn3)n2)ccc1N1CCCC1;COc1cc(C(=O)N2CCc3ncnc(-c4cccnc4)c3C2)on1;COc1ccc(-c2nccc(-c3cc4n(n3)CCNC4=O)n2)cc1O;O=C(CCn1ncc(=O)c2ccccc21)NNC(=O)c1cccnc1;Cn1cc(-c2ncccc2CNS(=O)(=O)N2CCOCC2)cn1;CCOC(=O)c1c(NCc2cnc[nH]2)c(C#N)c(=O)n2ccccc12;COc1ccc(C)cc1C([O-])=C1C(=O)C(=O)N(C)C1c1cccnc1;COc1ccc(CNC(=O)c2n[nH]c(-c3ccccn3)nc2=O)cc1;O=C(c1cccnc1)N1CCN(c2cc(C(F)(F)F)ncn2)CC1;NC(=O)C1CCN(c2cc(C(F)(F)F)nc(-c3ccccn3)n2)C1;O=C(NCc1nc(-c2ccncc2)no1)c1cc2c([nH]c1=O)CCC2;O=C(NC1CC1)c1cnc(OCc2conc2-c2ccccn2)cn1;Cc1cc(C(=O)N2CCc3c([nH]c(-c4ccncc4)nc3=O)C2)no1;O=C(Cc1noc(C(=O)NC2CC2)n1)Nc1cccc2ncccc12;NC(=O)COc1cccc(NC(=O)c2ccc(-n3ccnc3)nc2)c1;COc1ccnc(N2CCN(S(=O)(=O)c3cn[nH]c3C)CC2)c1;Cn1nc(CNC(=O)c2ccccc2[N+](=O)[O-])cc1-c1ccccn1;O=C(CCn1cnc2ncccc2c1=O)NC(=O)Nc1ccccc1
m_b4039c,Cc1cc(C(=O)NCC2CCCN(C)C2c2ccnn2C)on1;CN(C)C(=O)C1(C(=O)NCC2CCCN2c2cccnn2)CC1;CC(C)CCC(C)(O)CNC(=O)c1ccc(-n2cncn2)nc1;CC(C)(CO)CNC(=O)c1cnn2ccc(N3CCCC3)nc12;NC(=O)C1CCN(C(=O)Nc2ccc(N3CCCC3)nc2)CC1;COCCCNC(=O)C1CCCN(c2ccnc3ccnn23)C1;Cc1ccc(N2CCCC(NC(=O)C3CC(=O)N(C)C3)C2)nn1;NC(=O)C1CCN(C(=O)Nc2cccnc2N2CCCCC2)C1;Cn1cc(-c2nn(C)cc2C(=O)N2CCCC(CO)CC2)cn1;O=C1CCN(C(=O)Nc2ccc(N3CCCCC3)nc2)CCN1;CN(C(=O)C1CCCC(=O)N1)C1CCCN(c2cccnn2)C1;Cn1ncc2c1CCCN(C(=O)NC1CC(=O)N(C3CC3)C1)C2;CC1CC(C(=O)NCC2CCCN2c2cccnn2)CC(=O)N1;O=C(c1n[nH]c2c1CCC2)N1CCC(N2CCCNC2=O)CC1;CCc1cc(C(=O)NCC2CCCOC2c2ccnn2C)[nH]n1;Cc1ccc(CNC(=O)N2CCC(N3CCNC3=O)CC2)cn1;CC(=O)N1CCC(NC(=O)Nc2cccnc2N2CCCC2)C1;O=C(C1CC1)N1CCN(c2ccc(N3CCOCC3)nn2)CC1;C[NH2+]C1CCN(c2cc(NCc3ccc(F)cc3)nc(N)n2)C1;Cc1cnn(CC2CN(c3nccnc3OC(C)C)CCO2)c1;CCCC1CN(C(=O)c2c(C)nn(C)c2-n2cccn2)CCO1;CC(C)OCC(=O)Nc1c(-c2cnn(C)c2)nc2n1CCCC2;CC(C)CC(CCO)CNC(=O)c1ccnc(-n2cncn2)c1;CC(=O)N1CCN(c2cnc(C(=O)N3CCCCC3)cn2)CC1;CCN1CCN(c2nc(N)c3cc(OC)c(OC)cc3n2)CC1
m_b43690,CCC1(C(C)C)OC(n2ccc(N)nc2=O)C(F)C1C;CC(C)c1ccc(CN2CCOc3ccc(N)nc32)cc1;CCCn1c(N)c(NCCCC(N)=O)c(=O)n(C)c1=O;CC(C)C1CN(Cc2ccccc2)c2nc(N)ccc2O1;CC1OCCC1[NH+](C)Cc1ccc(C(N)=[NH+]O)cc1F;Cc1cccc(CN(C)C(=O)c2cc(N)cn2C2CC2)c1;COc1ccc(C[NH+]2CCC(C(N)=[NH+]O)CC2)c(F)c1;CCSCCC(C)NC(=O)c1cc(N)cn1C(C)C;NC(=O)C[NH+]1CCC([NH2+]Cc2cc(F)ccc2O)CC1;Cn1c(C(=O)N2CCCC(N)C2)ccc1-c1ccccc1;CC1CC[NH+](Cc2ccc(F)cc2C(N)=[NH+]O)CC1O;CCCn1c(N)c(NN2CCOCC2)c(=O)n(C)c1=O;CC1CN(CCCc2ccccc2)c2nc(N)ccc2O1;CCOc1nc(N)nc(N2CC(CO)OC(C)(C)C2)n1;Cc1cc2ccccc2nc1N1CCCC(CC(N)=O)C1;NCCCC[C@H](N)C(=O)N[C@@H](CC1=CN=CN1)C(=O)O;CC(CCc1ccccc1)Nc1cccc(C(N)=O)c1N;CC1(C)C[NH+](Cc2cccc(C(N)=[NH+]O)c2F)CCO1;CC1C[NH+](Cc2cccc(C(N)=[NH+]O)c2F)CC(C)O1;Cn1cc2c(c1)C[N+](c1cc(NCC3CC3)nc(N)n1)=C2;CC(C)C1CC(=O)N(Cc2cc3ccccc3nc2N)C1;CCOc1cc(NCCC(=O)NC(C)C)c(N)cc1F;CCCn1c(N)c(NCC(=O)NC(C)C)c(=O)[nH]c1=O;C[NH+]1CCCC1CCOc1ccc(F)cc1C(N)=[NH+]O;CCCOc1cc(N(C)CC(=O)NCC)c(N)cc1F
m_b51204,CCCn1cnc2c1c(=O)n(CCCC(C)O)c(=O)n2C;CCn1c(=O)n(C)c(=O)c2c1ncn2CCCCCCO;CCCCCn1c(=O)c2c(ncn2COCC)n(C)c1=O;Cn1cnc2c1c(=O)n(CCCCC(C)(C)O)c(=O)n2C;Cc1noc(CCN2C(=O)C(CC(C)C)NC(=O)C2C)n1;CCC1C(=O)NC(CC(C)C)C(=O)N1CCc1ncon1;CC(C)CCNC(=O)COC(=O)CN(C)c1ncccn1;CCCC1NC(=O)C(C(C)C)N(CCc2ncno2)C1=O;CCC1NC(=O)C(C(C)C)N(CCc2nc(C)no2)C1=O;COCCn1cc(N2C(=O)C(C(C)C)NC(=O)C2C)cn1;CCn1c(=O)n(CCCCC(C)(C)O)c(=O)c2[nH]cnc21;CCCn1c(=O)c2[nH]c(CCCO)nc2n(CCC)c1=O;CC(C)CN1CC(CNC(=O)c2cnn(C)c2)OCC1=O;CC(C)CC1NC(=O)C(C(C)C)N(Cc2ncon2)C1=O;CCC(C)N1C(=O)CC(Nc2cnn(CCOC)c2)C1=O;CCC1C(=O)NC(C(C)C)C(=O)N1CCc1nc(C)no1;CCCNC(=O)C1COCCN1c1c(C=O)c(C)nn1C;CCCC1NC(=O)CCN(c2cnn(CCOC)c2)C1=O;CCCCOCC(=O)N1CCC2OCc3cnnn3C2C1;COCC(O)CC[NH2+]C(C)c1cc2cccc(OC)c2o1;CC(C)C(=O)Nc1cc(C(=O)NCC2CCCO2)nn1C;COc1cccc(C=O)c1OCCC(C)[NH+]1CCOCC1;CC1CCN(C(=O)NCCCc2[nH]cc[nH+]2)C(C(=O)[O-])C1;Cc1nn(C)c(N2CCOCC2C(=O)NC(C)C)c1C=O;CCCNC(=O)CCCC(=O)OCCNc1ncccn1
m_b53b6e,COc1cccc(C(=O)Nc2cc(Br)cnc2Cl)c1OC;COc1ccc(Br)cc1NCc1ccc(Cl)cc1[N+](=O)[O-];COc1ccc(Cl)cc1CNc1ccc([N+](=O)[O-])c(Br)c1;COc1ccc(NC(=O)Cn2cc(Br)ccc2=O)cc1Cl;COc1ccc(CNc2ccc(Cl)cc2[N+](=O)[O-])cc1Br;CCOC(=O)c1cc(N)cnc1Oc1cc(Br)ccc1Cl;CCc1nc(-c2cc(Br)c(OC)c(OC)c2)sc1C(=O)[O-];COc1cc(NC(=O)c2ncccc2Br)c(OC)cc1Cl;COc1ccc([N+](=O)[O-])cc1NCc1cc(Cl)ccc1Br;COc1ccc(Br)cc1NCc1ccc([N+](=O)[O-])cc1Cl;CC(Oc1cccc(Cl)c1)C(=O)Cc1cc(F)ccc1Br;COc1c(C)cc(Br)c(C)c1C(=O)c1ccc(Cl)cc1F;CCOc1c(Br)cc(Cl)cc1NC(=O)c1c[nH]ccc1=O;COc1cc(NC(=O)c2cccc(Br)n2)c(OC)cc1Cl;COc1cc(NCc2ccc(Br)c([N+](=O)[O-])c2)ccc1Cl;CC(C)c1cc(Br)ccc1Oc1ncc([N+](=O)[O-])cc1Cl;[NH3+]C(c1ccc(Cl)cc1F)c1cc2[nH]c(=O)[nH]c2cc1Br;COc1ccc(Br)cc1CNc1ccc([N+](=O)[O-])cc1Cl;COc1ccc(C(=O)Nc2cc(Br)cnc2Cl)cc1OC;COc1ccc(OC)c(NC(=O)c2cc(Br)cnc2Cl)c1;COc1ccc(OC)c(N=Nc2cc(Br)cc(Cl)c2O)c1;CNc1cc(COc2ccc(Br)cc2Cl)ccc1[N+](=O)[O-];COc1cccc(Cl)c1CNc1ccc([N+](=O)[O-])c(Br)c1;CCc1cn(-c2ccc(Br)cc2Cl)nc(C(=O)OC)c1=O;COc1ccc(Oc2c(Cl)cc(N)cc2C(N)=O)c(Br)c1
m_b6b7fe,CN(C)C1=CC=C(CN2CC[C@H](C3=NN=C(C4=CC=NC=C4)O3)C2)C=C1;CN(C)C1=CC=C(CN2CC[C@H](C3=NN=C(C4=CC=CN=C4)O3)C2)C=C1;Cc1cc(-c2cccnc2)nn1CCNC(=O)c1ccc(N(C)C)cc1;Cc1cc(C)n(Cc2ccc(C(=O)Nc3ccc(N(C)C)cn3)cc2)n1;CN(C)C1=CC=C(C2=NN=C([C@H]3CCN(CC4=CC=CN=C4)C3)O2)C=C1;CN(C)C1=CC=C(C2=NN=C([C@H]3CCN(CC4=CC=NC=C4)C3)O2)C=C1;CN(C)c1ccc(N2CCN(C(=O)c3cccc4cn[nH]c34)CC2)cc1;CN(C)C1=CC=C(C2=NN=C([C@H]3CCN(CC4=CC=CC=N4)C3)O2)C=C1;COc1ccc(CNc2cc(Nc3ccc(N(C)C)cc3)ncn2)cc1;CN(C)c1ccc(N2CCN(C(=O)Nc3ccc(C#N)cc3)CC2)cc1;CN(C)c1ccc(C(C#N)N2CCN(C(=O)c3cccnc3)CC2)cc1;COc1ccc(C)cc1Nc1cc(Nc2ccc(N(C)C)cc2)ncn1;CN(C)c1ccc(C(=O)N2CCCC(c3nnc4ccccn34)C2)cc1;COc1ccccc1Nc1cc(C)nc(Nc2ccc(N(C)C)cc2)n1;CC(=O)N(C)c1nc(NCc2ccc(N(C)C)cc2)c2ccccc2n1;CN(C)c1ccc(NC(=O)CCCNc2ncnc3ccccc23)cc1;CCOC(=O)C(C(=O)OCC)C1CCOC1c1ccc(N(C)C)cc1;CCc1c(C(=O)NCc2cccc(N(C)C)c2)cnn1-c1ccccn1;CCc1ccc(CN(C)C(=O)c2cn(Cc3ccccc3C)nn2)nc1;CN(Cc1ccc(C(C)(C)C)cc1)C(=O)c1ccc(-n2ccnc2)nn1;CCN(C)c1ccc(C(=O)N2CCN(c3ncccc3C#N)CC2)cc1;Cc1ccc(-c2n[nH]c(CCNC(=O)c3cccc(N(C)C)c3)n2)cc1;Cc1cc(C(=O)N(C)Cc2ccc(N(C)C)nc2)nn1-c1ccccc1;COc1ccc2cc(C[NH+](C)CC(=O)N(C)c3ccccc3)ccc2c1;CN(C)c1cccc(Nc2cc(NCCc3ccc(O)cc3)ncn2)c1
m_b70863,COc1ccc(OC)c(C(=O)NCc2nnc3n2CCCCC3)c1;COc1cccc(C(=O)NCc2nnc3n2CCCCC3)c1OC;CNC(=O)C1CCCN(Cc2nnc(-c3ccccc3OC)o2)C1;COc1ccc(C(=O)NCc2nncn2C2CCCCC2)c(O)c1;COC1=CC2=C(C=C1O)C(CC1=CC=C(O)C(O)=C1)[N+](C)(C)CC2;COc1ccc(CN(C)C(=O)C2CCc3nncn3C2)c(OC)c1;CCn1cc(C2OCCCC2CNC(=O)c2ncccc2O)cn1;O=C(NC1CCCC1)N1CCN(c2cccc3[nH]c(=O)oc23)CC1;COc1ccc(CCC(=O)N2CCc3c(N)n[nH]c3C2)cc1OC;Cc1ccc(O)c(C(=O)Nc2cnn(CCN3CCOCC3)c2)c1;COc1ccc(CC(=O)N2CCCCC2c2nc[nH]n2)cc1OC;CCCOc1ccccc1-c1nnc(N2CCCC(C(N)=O)C2)o1;COc1ccc(C)cc1NC(=O)N1CCC(c2cc(N)on2)CC1;CC(C)c1noc(N2CCC(C(=O)Nc3ccccc3O)CC2)n1;CCCNC(=O)N1CCCC1c1nc(-c2ccccc2OC)no1;Cc1nc(CN2CCCC(N(C)C(=O)c3ccccc3O)C2)no1;Cc1cc(C(=O)NCC2CCCCN2c2ccc(=O)[nH]n2)c(C)o1;COc1ccc(CCC(=O)Nc2nnc3n2CCCC3)cc1OC;COc1ccc(NC(=O)N2CCCC(c3nc(C)no3)C2)cc1C;CN(C)C(=O)C1CCN(c2nc3ccccc3c(=O)n2CCO)C1;COc1ccc(C)cc1NC(=O)N1CCC(c2nnc(C)o2)CC1;COc1ccc(C(=O)N2CCCCC2c2n[nH]c(C)n2)cc1OC;COc1ccc(-n2nnc(C(=O)N(C)CC(O)C3CC3)c2C)cc1;CCOc1cc(NC(=O)N2CCc3c(ncn3C)C2)ccc1OC;CCn1cnnc1CCNC(=O)C1COc2ccc(OC)cc2C1
m_b7be8a,NC(=O)C1CN(Cc2c(Cl)cccc2Cl)CCO1;CC(C)C=NNC(=O)COc1ccc(Cl)cc1Cl;NC(=O)CCCNC(=O)Cc1c(Cl)cccc1Cl;CCC=NNC(=O)C(C)Oc1ccc(Cl)cc1Cl;O=C(Cc1c(Cl)cccc1Cl)NC1CNCC1O;NC1CCN(C(=O)COc2ccc(Cl)c(Cl)c2)C1;Nc1cc(C(=O)N(CCO)C2CC2)cc(Cl)c1Cl;Nc1cc(C(=O)NCC2(O)CCC2)cc(Cl)c1Cl;CCOC1CN(C)C(=O)N1c1ccc(Cl)c(Cl)c1;O=C(CN1CCOCC1)Nc1cc(Cl)ccc1Cl;CC1COCCN1C(=O)c1cc(N)c(Cl)c(Cl)c1;CCCN(C(C)=O)C(=O)Nc1ccc(Cl)c(Cl)c1;O=C(NCC1CCCO1)Nc1ccc(Cl)cc1Cl;CC(CC(=O)[O-])NC(=O)COc1ccc(F)cc1Cl;CCC(NC(=O)COc1ccc(F)cc1Cl)C(=O)[O-];CCC1(O)CN(C(=O)Nc2ccc(Cl)c(Cl)c2)C1;O=C(NCc1c(Cl)cccc1Cl)C1CC(O)CN1;O=C(NCC1(CO)CC1)Nc1ccc(Cl)cc1Cl;Nc1cc(Cl)c(Cl)c(C(=O)N2CCC(CO)C2)c1;CN(CC(=O)[O-])C(=O)CCOc1ccc(F)cc1Cl;CC1(O)CCN(C(=O)Nc2ccc(Cl)c(Cl)c2)C1;CN(CC#N)CC(O)COc1ccc(Cl)cc1Cl;C=CCNC(=O)NCC(O)c1ccc(Cl)cc1Cl;CC(OCCNC(=O)c1c(F)cccc1Cl)C(=O)[O-];O=C([O-])CCN(CCO)C(=O)c1c(F)cccc1Cl
m_b7d932,O=C(C1CC12CCOCC2)N1CCN(Cc2ccc(Cl)cc2)CC1;CC(C)N(C(=O)CSc1n[nH]c(=O)n1Cc1ccccc1)C(C)C;O=S1(=O)CCN(C2CCN(Cc3ccc4cn[nH]c4c3)CC2)CC1;Cc1ccc(CN2CCCN(S(=O)(=O)c3cnn(C)c3)CC2)cc1;O=C(Nc1ccccc1CN1CCCC1)c1n[nH]c2ccccc2c1=O;[NH3+]C1CC[NH+](Cc2cccc(OCc3ccc(Cl)cc3)c2)CC1O;CCOCCCNC(=S)Nc1cnn(Cc2cccc(OC)c2)c1;Cc1cc(C(=O)Nc2ccccc2C(=O)NCCc2ccccc2)n[nH]1;CN(C(=O)c1cccc2cn[nH]c12)C1CCN(Cc2ccccc2)C1=O;c1cncc(OC2CCN(Cc3ccc(Oc4cnccn4)cc3)C2)c1;COCCCNC(=O)C(C)Sc1nnc(C)n1Cc1ccccc1;CN(Cc1ccccc1)c1ccc(NC(=O)Cc2ccc(F)cc2)cc1;O=C(NC1CCN(Cc2ccccc2)C1)c1cccnc1-n1cncn1;O=C(NC1=[NH+]CCS1)C(=O)NC1CC[NH+](Cc2ccccc2)CC1;COc1ccc(F)cc1C(=O)Nc1cnn(CCN2CCOCC2)c1;O=S(=O)(NCc1ccccc1)N1CCCCC1CCn1cccn1;Cn1nnc2cc(CN3CCS(=O)(=O)C4(CCCCC4)C3)ccc21;CCn1c(Cc2ccccc2)nnc1SCC(=O)NC(C)COC;CCc1nc(CN2CCN(C(=O)c3cc(F)ccc3OC)CC2)no1;COC(=O)Cc1c[nH]c2ccc(OCC(O)CN3CCOCC3)cc12;Cc1cc(C(=O)N2CCN(Cc3csc(C(C)(C)C)n3)CC2)on1;CC(CN1CCN(C)CC1)NS(=O)(=O)c1cccc2cnccc12;CCNC(=O)CN1CCN(Cc2nc(-c3ccsc3)oc2C)CC1;COc1ccc(CN2CCCN(c3nc(C)ns3)CC2)c(OC)c1;O=C(NC1CCCOc2ccccc21)c1ccc(Cn2cncn2)cc1
m_b81b9d,O=C(C[NH2+]CCc1cccs1)Nc1cccc(F)c1;C[NH+](CC(=O)Nc1ccc(F)cc1)Cc1cccs1;CCCc1oc(N)c(-c2cccs2)c1C(=O)OCC;CCOc1cccc(NC(=O)NC(=O)CCC(=O)[O-])c1;Cc1ccc(C[NH2+]CC(=O)Nc2cccc(F)c2)s1;CCc1nc(COc2ccccc2OCCO)cs1;CC(C)(C)OC(=O)Nc1ccc2c(c1)C(=O)CCS2;COc1ccc(NCC(O)c2cccs2)cc1OC;CCOC(=O)c1nc(-c2cccs2)oc1CC(C)C;CCOC(=O)Nc1ccc(C(NC(C)=O)C(=O)[O-])cc1;CCc1nc(COc2c(OC)cccc2OC)cs1;CNC(=O)COc1cccc(NC(=O)CCC(=O)[O-])c1;O=C(CC1CCSCC1)Nc1ccc2c(c1)OCO2;CCOC(=O)CC(O)CNc1ccc2sccc2c1;CCOCC(=O)Nc1ccc(NC(C)=O)cc1C(=O)[O-];CCOc1ccc(NC(=O)NC(=O)CCC(=O)[O-])cc1;O=C(C[NH2+]CCc1cccs1)Nc1ccccc1F;COCC(=O)Nc1cccc(NC(=O)C(C)C(=O)[O-])c1;CSc1cccc(NC(=O)COC(=O)C2CCC2)c1;CCOC(=O)c1ccsc1NC(=O)C1CC2CC2C1;CCOC=C(C(C)=O)C(=O)Nc1cccc(SC)c1;CCOc1ccccc1OCCc1ncc(CO)s1;COC(=O)CCN(C)C(=O)Nc1cccc(C(=O)[O-])c1;CCc1nc(COc2ccc(CO)cc2OC)cs1;O=C(CC1(CS)CC1)Nc1ccc2c(c1)OCCO2
m_b8415b,COCC1CC(F)(F)CN1S(=O)(=O)c1ccc2c(c1)C(=O)C(=O)N2;COc1ccc(S(=O)(=O)NCC2CN(C3CC3)C(=O)O2)cc1Cl;O=C(C1CC1)N1CCN(S(=O)(=O)c2cccc3c2OC(F)(F)O3)C1;O=S(=O)(Nc1ccc2c(c1)OCCO2)c1ccc(F)c2ncccc12;CS(=O)(=O)c1ccc(-c2cn[nH]c(=O)c2Oc2ccc(F)cc2)cc1;NC(=O)c1cc(O)c(O)cc1NS(=O)(=O)NC(=O)N1CC([NH3+])C1=O;Cc1nn2cc(S(=O)(=O)NCC3(O)CCOC3C)cnc2c1Cl;CCCc1n[nH]c(=S)n1NCc1cc(Cl)c(OCC)c(Cl)c1;O=C(Cn1ccc2ccccc2c1=O)Nc1cccc(S(=O)(=O)F)c1;O=C(NCc1ccc(Br)cc1)C1CC(c2cccnc2)NN1;CCSCCCNC(=O)c1c(OS(C)(=O)=O)cccc1C(=O)[O-];CCOP(=O)(OCC)OC1=Nc2ccc(Cl)cc2C(=O)N(C)C1;Cc1cc(Br)cnc1N1CCN(C(=O)c2cccnc2)CC1;COc1ccc(Cl)cc1CC(=O)NNC(=O)C1CCS(=O)(=O)C1;CNS(=O)(=O)c1ccc(Cl)c(C(=O)N2CCCC(C(=O)O)C2)c1;CS(=O)(=O)N1CCN(C(=O)COC(=O)c2ccccc2Cl)CC1;CCS(=O)(=O)N1CCN(C(=O)c2cc(Cl)c3c(c2)OCO3)CC1;Cn1c(=NC(=O)COc2ccc(F)cc2)sc2cc3c(cc21)OCO3;CC1C2C[NH2+]CC2C[NH+]1CCOc1ccc(Cl)cc1Br;Cc1cnc2c(S(=O)(=O)Nc3ccc(F)c(C(=O)O)c3)cccc2c1;COc1ccc(S(=O)(=O)NCCNS(=O)(=O)c2cnc[nH]2)cc1;COc1cc(OC)c(N2CC(=O)NC3CS(=O)(=O)CC32)cc1Cl;CC[NH2+]Cc1cc(Br)c(OCC(=O)NC(N)=O)c(OC)c1;CNS(=O)(=O)c1ccc(Cl)c(C(=O)OCCN2CCCC2=O)c1;O=C(c1ccc2c(c1)OCO2)N1CCN(c2ccc(Cl)nn2)C(=O)C1
m_b8a6f4,CCOc1ccc(NC(=O)c2ccccc2NCC(=O)N(C)C)cc1;CCCCOc1ccc(NC(=O)CNc2ccccc2C(N)=O)cc1;CCOc1ncccc1C(=O)Nc1ccc(NC(=O)CC(C)C)cc1;CN(CC(O)CO)C(=O)Nc1ccc2c(c1)Nc1ccccc1CC2;CCOc1ccc(NC(=O)C(C)(C)C(=O)NCc2ccccn2)cc1;COc1ccccc1C(=O)Nc1cc(N2CCOCC2)c(C)cc1N;CC(C)COc1ccc(NC(=O)CNc2cccc(C(N)=O)c2)cc1;COc1ccc(NC(C)=O)cc1NCC(=O)NCc1ccc(C)cc1;COc1ccc(NC(C)=O)cc1NCC(=O)NCc1ccccc1C;CCOc1ncccc1C(=O)Nc1ccc(N2CCOCC2)cc1C;CC(C)COc1ccccc1NC(=O)CNc1ccccc1C(N)=O;CC(O)C1CCN(C(=O)Nc2ccnc(OCc3ccccc3)c2)C1;CCOC(=O)c1ccccc1NC(=O)c1cncc(NCC(C)C)c1;COc1ccc(C)cc1NC(=O)C(C)(C)C(=O)NCc1ccccn1;CCOc1ccc(Nc2ncccc2C(=O)N2CCCC(O)C2)cc1;C=C(NNC(=O)CNc1ccc(C)cc1)c1ccc(OC)c(OC)c1;CCOc1ccc(Nc2ncccc2C(=O)N2CCOC(C)C2)cc1;COCCOc1ccc(NC(=O)NCC(=O)NCC(C)C)cc1F;CC(C)Oc1ccc(CNC(=O)CNc2ccccc2C(N)=O)cc1;CCCOC(C)(CC(C)C)C(=O)Nc1ccc(OCC)c(Cl)c1;CCC(=O)Nc1ccc(C)c(NCC(=O)Nc2ccccc2OC)c1;COCCn1cc(NC(=O)NC2(C)Cc3ccccc3C2)ccc1=O;Nc1ccccc1NC(=O)CCCCCC(=O)Nc1ccc(O)cc1;CCOc1ccccc1NC(=O)c1cncc(C(=O)NCC(C)C)c1;CCOc1ccccc1Nc1ccc(NC(=O)C2CCOCC2)cn1
m_b8f328,O=C(c1ccco1)N1CCC(NS(=O)(=O)c2ccc(F)c(F)c2F)CC1;CS(=O)(=O)N1CCCc2cc(-c3csc(-c4cccc(F)c4)n3)ccc21;O=C(c1cc2c(NSc3ccc(F)cc3)cccc2s1)N1CCOCC1;[NH2+]=C1C(c2nc(-c3ccc(F)cc3)cs2)=C(O)CN1c1cc(F)ccc1F;CC1Cc2cc(-c3csc(-c4ccc(F)cc4)n3)ccc2N1S(C)(=O)=O;[NH2+]=C1C(c2nc(-c3ccc(F)cc3)cs2)=C(O)CN1c1ccc(F)cc1F;CC(C(=O)Nc1ccccc1)S(=O)Cc1csc(-c2ccc(F)cc2)n1;O=C(CNC(=O)c1ccccc1F)OCc1csc(-c2ccc(F)cc2)n1;Cc1nc(-c2ccc(F)cc2)sc1C(=O)OCC(=O)Nc1cccc(F)c1;O=C(COC(=O)Cc1cccc(F)c1)Nc1nc(-c2ccc(F)cc2)cs1;Cc1noc(C)c1S(=O)(=O)N1CCSC(c2cc(F)ccc2F)CC1;O=C(NCCNC(=O)c1ccccc1Cl)c1nc(-c2ccc(F)cc2)no1;O=C(c1ccco1)N1CCC(Nc2nnc(-c3ccccc3Cl)s2)CC1;O=C(c1cc(Cl)ccc1F)N1CCN(c2cc(C(F)(F)F)ncn2)CC1;CC(OC(=O)CSC(=S)N1CCCC1)C(=O)Nc1ccc(F)cc1F;Cc1ccoc1C(=O)N1CCN(S(=O)(=O)c2ccc(F)c(F)c2F)CC1;CC1Cc2c(C(=O)Nc3ncc(Cc4ccc(F)cc4)s3)csc2CO1;CS(=O)Cc1cccc(C(=O)Nc2ncc(Cc3ccc(F)cc3)s2)c1;O=C(CCSc1ccc(F)cc1)N1CC(Oc2nc3ccccc3s2)C1;Cc1csc2ncc(C(=O)N3CCN(c4ccc(Cl)cc4)CC3)c(=O)n12;CN1CCC(Sc2nnc(-c3ccc(Cl)cc3)n2Cc2ccco2)C1=O;COc1ccc(-c2csc(NC(=O)CSc3ccc(C)cc3)n2)cc1F;Cn1c(SCC(=O)c2ccccc2F)nc2sc3c(c2c1=O)CCCC3;O=S(=O)(c1ccc(Cl)cc1)C(CCCCCO)c1cc(F)ccc1F;O=S(=O)(NCCc1cn2cc(C(F)(F)F)ccc2[nH+]1)c1ccc(F)cc1
m_b9f2b4,CCCCCCCCCn1c(N2CC[NH2+]CC2)nc2c1c(=O)[nH]c(=O)n2C;CC(C)(C)CC(=O)N1CCCC1C(=O)N1CCCC(N2CCCC2=O)CC1;CC1CCCN(C(=O)C2CCN(C(=O)CCC(=O)NC3CCCC3)CC2)C1;CCC(C)(C)C1CCC2(CC1)NC(=O)N(CC(=O)N1CCCCC1C)C2=O;C[NH+]=C(NCC1(C)CCCCC1O)N1CCN(c2nccn(C)c2=O)CC1;COCCC1CCCCN(C(=O)C2CCCOC2c2ccnn2C(C)C)C1;CCCC(=O)N1CCCC(C(=O)N2CCNC(=O)C2CC2CCCCC2)C1;CCCCOc1nc(N)c2nc(OC)n(CCCCC[NH+]3CCCC3)c2n1;CCOC1CC2(CCN(C(=O)NC3CCCN(C4CCCCC4)C3=O)C2)C1;CCCCCC(=O)N[C@H]1C[C@@H](CC2=NOC(CN3CCOCC3)=C2)C1(C)C;C[NH+]=C(NCc1noc(C(C)(C)C)n1)NC1CCN(C(=O)C2CCCC2)C1;CCC(=O)N1CCCCC1C(=O)N1CCN(C(=O)CCC2CCCC2)CC1;CCNC(=[NH+]CCCOC1CCCC1)N1CCN(c2cnn(C)c2)C(=O)C1;CCN1CCC2(CC1)OC(=O)C(C)=C2C(=O)NCCCN1CCCC[C@H]1C;CCCN1CCN(CCCNC(=O)C2=C(C)C(=O)OC23CCCCC3)CC1;CCC(=O)N1CCCCC1C(=O)N1CCC(C(=O)N2CCCCCC2)CC1;CC(C)C(=O)N1CCCC1C(=O)N1CCCN(C(=O)CC2CCCC2)CC1;O=C(CN1CCC(OCC2CC2)CC1)N1CCC(C(=O)N2CCCC2)CC1;C=C(C)C[NH+]=C(NCCn1cnnc1CC)N1CCCC(C(=O)OCC)C1;CCCC(C)Oc1nc(N)c2[nH]c(=O)n(CCC3CC[NH+](CC)CC3)c2n1;O=C(NC1CCCN(C2CCCCC2)C1=O)N1CCCC(OCC2CC2)C1;CCN1CCC2(CC1)OC(=O)C(C)=C2C(=O)NCCCN1CCC[C@@H](C)C1;CCC(C)C(=O)N1CCCC(C(=O)Nc2nc(C3CC[NH2+]CC3)nn2C)C1;O=C1COC2CCN(C(=O)NCC3(C4CCCCC4)CCCCC3)CC2N1;COc1ccc(C(CNC(=O)C2CCCCC2(C)[NH3+])[NH+]2CCOCC2)cc1
m_baccbd,CC(C)(C)c1ccc(N2CC(CNc3ncnc4nc[nH]c34)C2)nn1;c1nc(N2CCCC(c3nnc4n3CCCCC4)C2)c2[nH]cnc2n1;O=C(C[NH2+]CC1CCCN1c1cccnn1)N1CCc2ccccc21;Cc1ccc(N2CCCC(N(C)c3ncnc4c3cnn4C)C2)nn1;CCCCOc1ccc(C(=O)Nc2ccccc2N2CCCC2)cc1;CCOc1ccc2[nH]nc(-c3ccnc(N4CC[NH+](C)CC4)c3)c2c1;CCc1[nH]nc2ncnc(N3CCN(c4nc(C)cnc4C)CC3)c12;CC(C)(C)c1ccc(N2CCN(c3ncnc4[nH]ncc34)CC2)nn1;CCOc1ccc(C[NH+]2CCN(c3ncnc4[nH]ccc34)CC2)cc1;C[NH+](C)Cc1ccc2[nH]nc(-c3ccnc(N4CCOCC4)c3)c2c1;CCNc1cc(C)nc(N2CCN(c3ncnc4[nH]ccc34)CC2)n1;CC(C)COc1ccc(C(=O)Nc2ccccc2N2CCCC2)cc1;CCOc1ccccc1N1CCN(C(=O)c2ccc(C)cc2C)CC1;OCC1CCN(c2ccccc2NCc2c[nH+]c3cnccn23)CC1;Cc1ccc(OCC(=O)Nc2ccccc2N2CCCCC2)c(C)c1;CCCOc1cccc(C(=O)N2CCN(c3ccccc3C)CC2)c1;N#Cc1ccc(OCCC[NH2+]C2CCCN(c3cccnn3)C2)cc1;CCc1ccc(OCC(=O)Nc2ccccc2N2CCCCC2)cc1;CC[NH+]1CCN(c2ccc(C(=O)N3CCc4ccccc43)nn2)CC1;Cc1ccc(Nc2ncnc3c2ccn3CC[NH+]2CCOCC2)cc1;CCOc1cccc(CNC(=O)c2ccc(N3CCCCC3)cc2)c1;CNc1cc(N2CCCC2CNc2nnc(C)c(C)c2C#N)ncn1;CCOc1ccc(C(=O)Nc2ccc(N3CCCCCC3)cc2)cc1;CCCCOc1ccc(NCC(=O)N2CCCc3ccccc32)cc1;Cc1ccc(N2CCCN(c3c(C)c(C)nc4ncnn34)CC2)nn1
m_bb75e4,CCOc1ccc(Cl)c(C(=O)Nc2nc(C)cs2)n1;CCOC(=O)Cc1csc(Nc2ccc(Cl)cn2)n1;CCOC(=O)c1csc(Nc2ccc(N)cc2Cl)n1;CCc1nnc(NCc2cc(Cl)c3c(c2)OCO3)s1;CC(=O)Nc1nnc(COc2ccc(Cl)cc2C)s1;COc1cccc(Cl)c1CNC(=O)c1csc(N)n1;COc1ccc(Cl)cc1NC(=O)CNc1nccs1;CCc1nnc(NC(=O)COc2ccc(Cl)cc2)s1;CCOC(=O)c1sc(Nc2ccc(Cl)nc2)nc1C;CCCOc1ccccc1NC(=O)c1nnc(Cl)s1;COc1ccc(Cl)c(NC(=O)c2sc(N)nc2C)c1;CCCOc1ccc(NC(=O)c2nnc(Cl)s2)cc1;Cc1nnc(NC(=O)CCOc2ccc(Cl)cc2)s1;C=CCNc1nc(Cl)nc2scc(C(=O)OCC)c12;COCc1nc(C)c(C(=O)Nc2ncccc2Cl)s1;Cc1csc(NC(=O)NCOc2ccc(Cl)cc2)n1;COc1ccc(Cl)cc1NC(=O)Nc1nc(C)cs1;Cc1ccccc1OCc1nnc(NC(=O)CCl)s1;COC(=O)c1ccnc(NCc2ccc(Cl)s2)c1N;O=C(NCCCOc1ccccc1)c1nnc(Cl)s1;COC(=O)c1sc2nc(NC3CC3)nc(Cl)c2c1C;NC1=[NH+]CCN1c1cc2c(cc1Br)OCCN2;CCc1ccsc1CNc1ncc([N+](=O)[O-])cc1Cl;CN(CCOc1ccccc1)C(=O)c1nnc(Cl)s1;CN(CCC(=O)O)c1nnc(-c2ccccc2Cl)s1
m_bbb21f,CC1c2ccccc2CCN1C(=O)C1CCCN1C(=O)C1CC1;Cc1cc(N2CCCC2C(=O)OC(C)(C)C)nc2ccccc12;O=C(NC1Cc2ccccc2C1)C1CCCCN1C(=O)C1CC1;O=C(NCc1ccc(C2CC2)cc1)C1CCCN1C(=O)C1CC1;O=C(C1CCCCC1)N1CC(=O)N2CCC3=CC=CC=C3[C@H]2C1;CC(C)C(=O)N1CCCC1C(=O)N1CC2(CC2)c2ccccc21;CCC1CN(c2ncc(C[NH2+]CC(C)C)cc2Cl)CCO1;Cc1cc(CNC(=O)N2CCCC2c2ccccc2C)c(C)o1;CCC(=O)N1CCCCC1C(=O)N1CC2(CC2)c2ccccc21;CCc1nc(C)c(C(=O)N2CCCC(c3ccccc3C)C2)o1;COC1CC(C(=O)NCCc2ccc3ccccc3c2)N(C)C1;O=C(CC1=NC2(CCCC2)Cc2ccccc21)N1CCOCC1;Cc1ccc(C2(C(=O)N3CC4CCCN4C(=O)C3C)CC2)cc1;CCC1CN(c2cc(C[NH2+]CC(C)C)c(Cl)cn2)CCO1;CC(C)C(O)CC(=O)N1CCn2cccc2C1c1ccccc1;CCC1CCCCN1C(=O)Cc1oc(-c2ccccc2)nc1C;CC(=O)CCCCCNC(=O)c1cn2c3c(cccc13)CCC2;CCC1CCCCN1C(=O)CCc1ncc(-c2ccccc2)o1;CCCNC(=O)CN(C)c1cccc(Cl)c1C[NH2+]C(C)C;CC1(O)CCOCC1C1CCCN1c1ccc2ccccc2n1;COC1CCCN(c2cc(C[NH2+]C(C)(C)C)c(Cl)cn2)C1;CC(C)(C)OC(=O)N1CCC(Nc2ccc3ccccc3c2)C1;CC(Cc1ccc2ccccc2c1)NC(=O)N1CCCC(O)C1;CC(C)(C)OC(=O)N1CCC(c2cccc3cccnc23)CC1;CCc1cccc2c1N(CC(=O)NC(C)c1ccco1)CCC2
m_bbc0aa,CC(O)C1CCN(C(=O)NC2CCCCc3ccccc32)C1;CCCCN(C)C(=O)CC1c2ccccc2CCN1C(C)=O;CC(=O)NCCCCCC(=O)NC1CCCc2ccccc21;CC(C)(C)C(=O)NCC(=O)NCC1CCCc2ccccc21;CC1CCCc2ccccc2C1NC(=O)NC1CCCOC1;CC(NC(=O)NC1CCCc2ccccc21)C1CCCCO1;CC(=O)N1CCc2ccccc2C1CC(=O)NC(C)C(C)C;CC1CCc2ccccc2C1NC(=O)N(C)CC(O)C1CC1;CC1CCCc2ccccc2C1NC(=O)NC1(C)CCOC1;CC(C)(C)OC(=O)N1CC2CCC1Cc1c(N)cccc1C2;O=C(NCC1CCCc2ccccc21)NC1CCC(O)CC1;CC(C)C(=O)Nc1ccc2c(c1)C(NC(=O)C(C)C)CCC2;CC1(C)CCC(CNC(=O)NCC2CCc3ccccc32)O1;CC=CCCNC(=O)N(CCCO)C1CCc2ccccc21;CC(C)(O)C1CCCN1C(=O)NCc1ccc(C2CC2)cc1;CC(C)N(CC#N)CC(O)COC1CCCc2ccccc21;CC(=O)N(CCC(=O)N1CCc2ccccc2C1)CC(C)C;Cc1ccc2c(c1)C(NC(=O)NCC1CCCCO1)CCC2;CCOC1CCN(C(=O)NC2CCc3ccccc3C2)CC1;CCOC1CCCC1NC(=O)N1Cc2ccccc2CC1C;CC1(NC(=O)CNC(=O)C(C)(C)C)CCc2ccccc2C1;CNC(=O)C1CCN(Cc2cccc3c2OC(C)(C)C3)CC1;O=C(NC1CCCC1CCO)N1CCc2ccccc2CC1;Cc1ccc2c(c1)C(NC(=O)NC1(C)CCOC1C)CCC2;CCCC(O)CNC(=O)NC1CC2CCCc3cccc1c32
m_bcb981,Cc1cccc2c(CCNC(=O)NC3CCC(=O)N(C)C3)c[nH]c12;COc1cccc(C2CCCN2C(=O)NCCc2cnn(C)c2)c1;CC(=O)N1CCC(NC(=O)NCCc2c[nH]c3cc(C)ccc23)C1;CN(CCCCNC(=O)CCc1cccc(F)c1)c1ccccc1;CC1CCCN(C(=O)C(Cc2c[nH]c3ccccc23)NC(N)=O)C1;CCc1cccc(CC)c1NCC(=O)NCCc1ccc(F)cc1;CN(C)c1ccc(CCNC(=O)CCCc2ccc(F)cc2)cc1;O=C(NCCc1ccc(-n2cccn2)cc1)NCC1CCCC1O;Cc1n[nH]c(C)c1CNC(=O)N1CCOC(Cc2ccccc2)C1;COc1ccc(CNC(=O)NCCn2ncc3c2CCCC3)cc1;COC1CCC(NC(=O)NCCc2ccc(-n3cccn3)cc2)C1;O=C(NCc1nccn1CCc1ccccc1)N1CCCC(O)C1;OC1CCN(Cc2ccc(CNCc3ccccc3F)cc2)CC1;Cc1ccc(N(CC(=O)NCCc2ccc(F)cc2)C(C)C)cc1;COc1cc(C)ccc1CNC(=O)N1CCCCC1c1cn[nH]c1;COc1ccccc1N1CCN(C(=O)CCc2cnn(C)c2)CC1;CN(CC(O)C1CC1)C(=O)NCCc1ccc(-n2cccn2)cc1;CCCCNC(=O)CNC(=O)N1CCC2=C(C1)NC1=CC=CC=C21;COc1ccc(CCC(=O)N2CCN(c3cnn(C)c3)CC2)cc1;CCCNC(=O)CCn1c(=O)c(N2CCCC2)nc2ccccc21;COc1ccccc1CC(=O)NCCc1nnc2n1CCCCC2;CN(CC1CCCC1O)C(=O)NCc1ccc(-n2cccn2)cc1;Cc1ccc(CCNC(=O)C2CCc3nn(C)c(=O)n3C2)c(C)c1;O=C(NCc1ccc(-n2cccn2)cc1)N1CCCCC1CCO;CN(CC1CCCC1O)C(=O)NCc1cccc(-n2cccn2)c1
m_bcd97d,CN1CC(=O)N(Cc2c(C(=O)[O-])cnn2C)C1=O;CC1CCCN(S(=O)(=O)NCC(N)=S)C1;O=C(Nc1ncc(C#CCO)s1)N1CCCC1;CC(c1ccccc1)n1ccc(S(N)(=O)=O)n1;CC1CC2(c3ccc(Cl)cc3)OCCN2C1=O;CCCn1c(=O)n(CC(=O)[O-])c(=O)c2[nH]cnc21;Nc1ccccc1SCC(=O)N1CCNC1=O;O=C(COc1ccc(Cl)cc1)N1CC2CC2C1;[NH3+]NC(Cn1nccn1)=Nc1ccc(Cl)cc1;O=S(=O)(CC1CCC1)N1CCC(Cl)CC1;CCCOc1ccc(-n2c(=O)[nH][nH]c2=S)cc1;C#CCC(C)NC(=O)COc1ccc(Cl)cc1;Cc1cccc(OCCn2c(=O)[nH][nH]c2=S)c1;Cn1cccc1C(=O)COc1ccc(F)c(F)c1;CCCc1nc([N+](=O)[O-])n(C(=O)n2cncn2)n1;CCc1ncc(SC)cc1C1NC(=O)NC1=O;CCc1nc(Cn2c(=O)ccn(C)c2=O)cs1;CCOc1nc(OCC)nc(-c2cccs2)n1;CS(=O)(=O)Nc1ccn(Cc2ccccc2)n1;O=C(NCC1CCCO1)c1csc2nccn12;CC(C)n1c(-c2cc(O)ccc2O)n[nH]c1=S;Cc1cc(NC(=O)C2CC(C(=O)[O-])=NO2)nn1C;NC(=O)N(N=O)C1OC(CO)C(O)C(O)C1O;COc1cccc(CCn2c(=O)[nH][nH]c2=S)c1;O=C1C=CC(=O)N1c1ccc(CCC(F)F)cc1
m_bcdd81,CCCCCCNC(=O)C(=O)NCc1ccco1;C#CCN1N(C(=O)OCCCC)C(=O)CC1(C)C;CCCCCNC(=O)CC(=O)NCc1ccco1;CCCCOC(=O)C1N2CCC(CC2)C1(O)C#N;CCCOc1ccccc1NC(=O)NCCCO;CCC(O)CNC(=O)CCOc1ccc(N)cc1;CCCCOc1ncccc1CNC(=O)C(C)O;CCCCCC(=O)NCC(=O)NCc1ccco1;Cc1cc(OCC(=O)NC2CCC(C)(C)C2)no1;CC(C)(C)OC(=O)NCCOc1ccc(N)cc1;Cc1ccc(OCCNC(=O)N(C)CCO)cc1;CCOCCNC(=O)C(C)Oc1cccc(N)c1;COc1ccccc1NC(=O)NC(C)(C)CCO;CC(C)(O)CNC(=O)CCOc1ccccc1N;CC(=O)NCCCCCC(=O)NCc1ccco1;C#CCNC(=O)C(C)[NH+]1CCCC(C)C1C(=O)[O-];C#CCC(NC(=O)C1(CCC)CC[NH2+]C1)C(=O)[O-];CC(C)CC(=O)NC(C)C(=O)NCc1ccco1;CCCCCCOc1ccc(C(=O)NN)c(O)c1;COCCNC(=O)CNc1cc(C)ccc1OC;CC1CC(CNC(=O)NCc2ccco2)CCO1;COc1cc(C)ccc1OCCCC(=O)N(C)N;CCC(C)(CCO)NC(=O)c1ccc(OC)nc1;COc1ccc(C(=O)NC(C)(CO)C(C)C)cn1;Cc1cc(C(=O)NCC2(O)CCCC(C)C2)no1
m_bd0de9,O=C1CCCN1CC(N=C=S)c1cccc(C(F)(F)F)c1;O=C(Cn1cc(F)ccc1=O)Nc1ccccc1C(F)(F)F;O=C(Cn1cc(C(F)(F)F)ccc1=O)Nc1cccc(F)c1;CCCCCCNC(=O)Cn1cc(Br)ccc1=O;Cn1c(=O)c2c(ncn2CC(=O)O[Si](C)(O)O)n(C)c1=O;C=CC(=O)OOC1CN(CC)C(=O)N1c1nnc(OC)s1;CCOc1ncc(C(=O)N2CCOCC2C(=O)O)cc1Cl;COc1cccc(NC(=O)Cn2c(=O)sc3ccccc32)c1;CCOC(=O)c1nc(Br)n(C)c1C1CCCCC1;CCOC(=O)C[NH2+]CC(=O)Nc1cc(C(=O)[O-])ccc1Cl;O=C(Nc1cccn(CC(F)(F)F)c1=O)c1ccc(F)cc1;CCCn1cc(NC(=O)C(Br)C(C)C)ccc1=O;CCc1cn(CC[NH2+]Cc2ccc(Cl)s2)c(=O)[nH]c1=O;COCCCNC(=O)CNc1cc(Br)ccc1C;COC(=O)C(O)CNC(=O)CNC(=O)c1ccccc1Cl;COC(=O)CC[NH2+]CC(=O)Nc1cc(C(=O)[O-])ccc1Cl;CCOc1ccc(S(=O)(=O)N2CCC(O)C2)cc1C(=O)[O-];CC1C(=O)N(CCS(C)(=O)=O)C(=O)N1c1ccc(F)cc1;O=C1SC(=Cc2ccc[nH]2)C(=O)N1CCOc1ccccc1;COC(=O)c1ccc(N2C(=O)CSC2c2ccccn2)cc1;CCN(C)C(=O)Cn1c(CCCl)nc2cc(Cl)cnc21;Nc1cc(C(=O)N2CCCS(=O)(=O)CC2)c([N+](=O)[O-])cn1;CCOc1ccc(S(=O)(=O)N2CCOCC2)cc1C(=O)[O-];CCCOC1CCCN(C(=O)c2cc(Br)c[nH]2)C1;COCCCNC(=O)CNc1cc(C)cc(Br)c1
m_bd907b,CN(CC12CC3CC(CC(C3)C1)C2)C(=O)c1cnccn1;C=CCNC(=O)c1cncc(NCCC2=CCCCC2)c1;O=C(NCCC1=CCCCC1)c1ccc(NC2CC2)nc1;Nc1cc(C(=O)NCC23CC4CC(CC(C4)C2)C3)ccn1;CC1CCCC(OCc2cc3ccccc3nc2NN)C1;CCCCCC1=CCCC1=NNC(=O)c1ccc(N)cc1;O=C(CC12CC3CC(CC(C3)C1)C2)NCc1cccnn1;C=CCNc1cc(C(=O)NCCC2=CCCCC2)ccn1;Nc1nc(C23CC4CC(CC(C4)C2)C3)nc2c1COCC2;Cc1cc2c(NCCOC3CCCC3)ccc(N)c2cn1;CN(C(=O)Cc1n[nH]c2ccccc12)C1CCCCCC1;Nc1nc2ccc(OCCC3CC3)cc2n1C1CCCC1;CCCOC1CCCN(c2ccc(N)c3cccnc23)C1;COCC[NH2+]CC1CC[NH+](Cc2csc(C)n2)CC1;CCOC1CC(Nc2cccc3[nH]ncc23)C12CCCC2;CCOC1CC(Nc2ccc3cn[nH]c3c2)C12CCCC2;CCOCCCNc1nccn1C1CC1c1ccccc1;Cc1ccc(CN(C)c2cnc(C(C)C)nc2CO)cc1;Cn1cc[nH+]c1CCOc1ccc(C2=CC[NH2+]CC2)cc1;c1ccc2c(NCCOC3CCCCCC3)ncnc2c1;CCOC1CC(Nc2ccc3cnccc3c2N)C1(C)C;CC(=Cc1ccccc1)CN1CCC2C(C1)NC(=O)N2C;COCCN(CC1CC=CCC1)c1nc2ccccc2[nH]1;O=C(NCc1ccccn1)NC12CC3CC(CC(C3)C1)C2;CC(C)C1CCN(C(=O)c2c[nH]c3cc(N)ccc23)CC1
m_bda18e,COCc1nnc(N2CCCC2c2ncc(C)o2)s1;COCc1nsc(N2CCCC(c3ncco3)C2)n1;COCCCNc1nc(=O)c(Cc2cccs2)n[nH]1;Cc1nnc(N2CCCCC2c2nc(CO)co2)s1;COc1ccc2[nH]c(=S)n(CC(=O)NC(C)C)c2n1;CCNC(=O)CCn1c(=S)[nH]c2ccc(OC)nc21;CCn1cccc(-c2nnc(NCCOC)s2)c1=O;COC(=O)C1CCCN(c2nccc(C(N)=S)n2)C1;COCCn1c(C)cc(C)c(-c2nc(=S)[nH][nH]2)c1=O;O=[N+]([O-])c1c(NCC2CCCCC2)nc2sccn12;CC1(C)CCCCC1C(=O)Nc1ccsc1C(=O)[O-];CCc1ncc(C(=O)Nc2cnn(CCOC)c2)s1;COCCNC(=O)CCn1c(=S)[nH]c2cnccc21;COc1ncnc2c1[nH]c(=S)n2CCC1CCCO1;O=C(CCN1CCCC1=O)Nc1nc(C2CC2)ns1;CC(C)Cn1ccnc(NCc2csc(=O)[nH]2)c1=O;COCCNC(=O)CNc1ncnc2sc(C)cc12;CN(Cc1cccs1)C(=O)C1CCCCC1C(=O)[O-];COCCCn1c(C)ccc(-c2nc(=S)[nH][nH]2)c1=O;COCCN1C(=O)C(c2cccs2)=C([O-])C1C(C)C;O=C(CCC1CCCCC1)Nc1sccc1C(=O)[O-];CCN1CN(C(=O)Nc2scnc2C2CC2)CC1=O;COCCOCCn1c(-c2ccccn2)n[nH]c1=S;O=C(Nc1nc(C2CC2)ns1)N1CCC2(O)CC2C1;COc1ncnc2c1[nH]c(=S)n2CC1(OC)CCC1
m_bf639c,COc1ccc(F)cc1C(C)NC(=O)N1CCCC1C1CCCN1C;COc1cccc(F)c1C(C)NC(=O)N1CCCC2CN(C)CCC21;CC(C)(CNC(=O)N(Cc1ccccc1F)C1CC1)N1CCOCC1;CCCC1=NC2=CC=C(CCC(=O)NCCCC3=CC=CC=C3)C=C2N1;C=C(C)CN1CCC(NC(=O)NC(C)c2c(F)cccc2OC)CC1;Cc1cccc(CNc2ccc(C(=O)NCCC3=CCCCC3)cn2)c1;CCN(C(=O)NCc1ccc(N2CC(C)OC(C)C2)c(F)c1)C1CC1;Cc1ccccc1C(=O)NCCCc1nc2ccccc2n1CC(C)C;CC1CCCCN1C(=O)NCc1ccc(N2CCC(O)CC2)c(F)c1;COCCCC1CCCN(C(=O)C2CC(c3ccccc3F)NN2)C1;CCc1ccc2ccccc2c1CNCC1CCOC1c1ccnn1C;CCN(CCNC(=O)C1OCC(=O)N(C)C1c1cnn(C)c1)C1CC1;CC(C)Oc1ccc(CNC(=O)N2CCC3CCC(C2)N3C)cc1F;CCN(Cc1cccc(F)c1)C(=O)NCCCN1CCCCCC1=O;CCC(Nc1nccc2ccccc12)N1CC[NH2+]CC1c1ncccn1;CC1(C)CCCC1CNC(=O)N1CCC(Oc2ncccc2F)CC1;C[NH+]=C(NCc1cccc2ccccc12)NC1CCCn2nc(C)nc21;CC(CN1CCOCC1)NC(=O)N1CCCC1Cc1ccc(F)cc1;CCCN(CCC)C(=O)N1CCC(NC(=O)c2cccc(F)c2)CC1;CC(c1ccccc1F)N(C)C(=O)NCCCN1CCCCCC1=O;CCCC(NC(=O)NCc1ccc(F)cc1)C(=O)N(C)C1CCCC1;CCOCCCNC(=O)C1CC[NH+](Cc2ccc3c(c2)OCO3)CC1;COc1ccc(CNC(=O)C(C)[NH+]2CCOCC3(CC3)C2)cc1OC;O=C(NCC1CCN(c2ccc(F)cc2)C1)NCC1(O)CCCCC1;COC(CNC(=O)N1CCCC2CN(C)CCC21)c1ccc(F)cc1
m_bf6cfe,CC(C)C(C)NC(=O)Nc1ccc(S(N)(=O)=O)cc1;CC(O)C1CCN(S(=O)(=O)c2cccnc2N)CC1;CC(C)NC(=O)CCNc1ccc(S(N)(=O)=O)cc1;CCC(C)NC(=O)NCc1ccc(S(N)(=O)=O)cc1;Cc1cc(S(N)(=O)=O)cc(NC(=O)NC(C)C)c1C;CN(C1CCCCC1O)S(=O)(=O)c1cccnc1N;CC1(O)CCCN(c2ncccc2S(N)(=O)=O)CC1;CNc1ncccc1S(=O)(=O)N1CCC(C(C)O)C1;COC1CCN(c2ccc(S(N)(=O)=O)cc2N)CC1;CNc1cc(S(=O)(=O)N2CCC(CO)CC2)ccn1;CC(O)C1CCN(S(=O)(=O)c2ccc(N)nc2)CC1;CNS(=O)(=O)c1ccc(NCCCCC(N)=O)cc1;CN(CC1(O)CCCC1)S(=O)(=O)c1cccnc1N;CNc1cc(S(=O)(=O)N2CC(C)OC(C)C2)ccn1;CCN(CC)C(=O)Nc1cccc(S(N)(=O)=O)c1C;CNc1ncccc1S(=O)(=O)N1CCCC(C)(O)C1;Cc1cc(NC(=O)C(N)C(C)C)cc(S(N)(=O)=O)c1;Cc1n[nH]c(C)c1NS(=O)(=O)c1cnn(CC[NH3+])c1;CCNc1cc(S(=O)(=O)N2CCCC(O)C2)ccn1;CNS(=O)(=O)C1CCN(Cc2cccnc2OC)C1;CNc1cc(S(=O)(=O)NC2CCCCC2O)ccn1;Cn1cc(S(N)(=O)=O)cc1C(=O)N1CCCCCC1;CCNc1cc(S(=O)(=O)N2CCCOCC2)ccn1;CNS(=O)(=O)C1CCN(Cc2cc(OC)ccn2)C1;CNc1ncccc1S(=O)(=O)N1CCC(C)C(O)C1
m_c1b10a,CCCCN1C(=O)CCC(C(=O)Nc2ccc(C)cc2)C1c1ccccc1OC;CCN1C(=O)CCC(C(=O)NCCc2ccc(OC)c(C)c2)C1c1ccccc1;COC1=CC=C(CCNC(=O)CCC2=CN(C(C)C)C3=CC=CC=C23)C=C1OC;COc1ccccc1C(=O)NC1CCN(C(=O)CCCc2ccc(C)cc2)CC1;COC1=CC=C(CCC(=O)NCCC2=CN(C(C)C)C3=CC=CC=C23)C=C1OC;CCCCN1C(=O)CCC(C(=O)Nc2ccccc2C)C1c1ccccc1OC;COc1ccc(NC(=O)N2CCCC3(CCOCC3)C2)cc1Cc1ccccc1;COc1ccc(C(=O)NCCCC(=O)N2CCCCCC2c2ccccc2)cc1;COc1ccc(CCC(=O)Nc2ccccc2C(=O)NC2CCCCC2)cc1C;COC1=CC=C(CN2CC[C@@](C)(O)[C@@H](NC(=O)C3CC3)[C@@H]2C2=CC=CC=C2)C=C1;CCCCNC(=O)C1CN(C(=O)c2ccc(C)cc2)CC1c1cccc(OC)c1;COc1ccc(C2CCCN2C(=O)NC(c2ccc(C)cc2)C2CC2)cc1OC;CC1CCC(C(C)C)C(Oc2ccccc2NC(=O)NC(=O)c2ccccc2)C1;CCCCOC(=O)c1ccc(C(CCC)c2nc3cc(OC)ccc3n2C)cc1;CCCCn1c(C(=O)NCCc2ccc(OC)c(OC)c2)c(C)c2ccccc21;COc1ccc(C)cc1C(C)NC(=O)N1CC(c2ccccc2)C2COCCC21;COc1cc2c(cc1OC)C(c1ccccc1)N(C(=O)NC1CCCCC1)CC2;COc1ccccc1C1C[NH2+]CCN1C(=O)c1cc2cnn(C(C)C)c2nc1C;CCOc1ccc(C)cc1C(C)NC(=O)C1CC(=O)N(C(C)c2ccccc2)C1;COc1ccc(CC(=O)NCCn2nc(C3CC[NH2+]C3)c3cccnc32)cc1C;COc1cc(C(=O)Nc2ccc(N3CCC(C)C3)cc2)ccc1OC1CCCC1;CCCCCCc1cccc(C2=NCC(=O)N(C)c3cc(OC)c(OC)cc32)c1;CCCCCC(=O)NC1C2=CC(C)=CC=C2N(C(=O)C2=CC=CC=C2)[C@H](C)C1O;CCCCOC(=O)c1ccccc1NC(=O)N1CCC(Cc2ccccc2)CC1;CCCCOc1ccccc1C(=O)Nc1ccc(C(=O)N2CCC(C)CC2)cc1
m_c1ec62,CN(CC#N)CCC(=O)N1CCN(c2ccc(F)cc2)CC1;CC(C)(C)C1CCCN(c2nc(N)nc3sccc23)CC1;CC(C)(C(O)c1cccc2ccsc12)[NH+]1CCCCCC1;CNc1nc(C(C)C)nc(N(C)CCc2cccs2)c1C;CC(C)CCN(c1nc(N)nc2sccc12)C1CCCC1;CCCc1c(NC)ncnc1N(C)C(C)Cc1cccs1;CN1CCSC1=[NH+]C(=[NH+]c1ccccc1)N1CCCCC1;CCCNc1ncnc(NCCc2cccs2)c1CCC;C[NH+]=C(NCC1(O)CCSC1)N1CCOC(COC)C1;CCNc1nc(NC(C)C2CCCCC2)c2ccsc2n1;c1csc(C[NH+](Cc2cncnc2)C2CCC[NH2+]CC2)c1;CCCNc1ncnc(NC(C)Cc2cccs2)c1CC;C[NH2+]Cc1cccc(C[NH+]2CCN(c3nccs3)CC2)c1;CCCNc1nc(N(CC)C2CCCC2)c2ccsc2n1;CNc1nc(NCCC2CCCC(C)C2)c2ccsc2n1;CC1(C)COCCN1CCNc1ncnc2ccc(F)cc12;[NH3+]CC(C[NH+]1CCN(c2nccs2)CC1)c1ccccc1;CCC(C)(C(O)c1cccc2ccsc12)[NH+]1CCCCC1;CC(C)Cc1cnc(C2CCN(c3ncc(F)cn3)CC2)o1;CCCCCOc1ccc(C[NH2+]CCc2cccs2)cc1;CCCNc1nc(N2CCC(C)C2)c2cc(CC)sc2n1;Cc1c(N)nc(C(C)C)nc1NCC(C)(C)c1cccs1;CCCNc1nc(NC2CCCC(C)C2)c2ccsc2n1;Cc1nc(N2CCCC2)nc(-c2cccc3cccnc23)c1C;CCCNc1nc(N2CCCC2(C)C)c2cc(C)sc2n1
m_c2176f,CCOC(=O)c1cnn(C2=C(C#N)CN(c3ccc(OC)cc3)C2)c1N;Nc1nc(OC2CCCC2)nc2c1ncn2C1OC(CO)C(F)C1O;COc1cc(Oc2ccc(C(F)(F)F)cn2)ccc1C[NH+]1CCCC1;CCOc1ccccc1NC(=O)c1nnn(-c2ccc(OC)cc2)c1N;Cc1nn(CC(=O)Nc2ccnn2C)c(C)c1-c1ccc2c(c1)OCO2;COc1ccc(N2C(=O)C(c3ccccc3)=C([NH+](C)CCO)C2=O)cc1;FC(F)(F)c1ccc(-n2nnnc2CN2CCOC3(CCC3)C2)cc1;Cc1nc2ncnn2c(C)c1CC(=O)Nc1ccc2c(c1)OCCCO2;CC(=S)NCC1CN(c2ccc(N3CC[NH2+]CC3)c(F)c2)C(=O)O1;Nc1c(Nc2cc(F)ccc2F)ncnc1N1CCCc2ccccc21;Nc1nc(NCc2cccc(C(F)(F)F)c2)cc(N2CCOCC2)n1;COc1ccnc(NNC(=O)C=Cc2ccc(N3CCCC3=O)cc2)n1;O=C(C=Cc1cccc(F)c1)N1CCCC1c1ccc2c(c1)OCCO2;CC1CCCN(C(=O)Cn2nnc(-c3ccc(C(F)(F)F)cc3)n2)C1;COc1ccccc1C(C)NC(=O)COc1ccc(-n2cnnn2)cc1;O=C(NCCc1ccc(C(F)(F)F)cc1)NCc1nnc2n1CCC2;Cc1cc2c(cn1)COc1cc(OCC([NH3+])CCC(F)(F)F)ccc1-2;Cc1nc2c(cnn2C(C)C)cc1C(=O)Nc1cc2c(cc1N)OCO2;O=C(COc1ccccc1)N1CCCCC1c1noc(-c2ccn[nH]2)n1;Nc1nc(OCc2ccccc2)c2ncn(C=C3CC3(CO)CO)c2n1;Nc1c(NCC2CCCO2)ncnc1Nc1ccccc1C(F)(F)F;COc1ccccc1C(C)[NH2+]CC(=O)Nc1ccc(C(F)(F)F)cc1;CC(=O)C1=C([NH+]2CCCC2)CC(c2ccccc2)(C(F)(F)F)NC1=O;NC(=O)N1CCCc2cc(-c3cncc(CN4CCOC4=O)c3)cnc21;FC(F)(F)c1ccc(OC2COCC[NH+](Cc3cccnc3)C2)cc1
m_c2313f,CC(C)CC(=O)OC(Cn1ccnc1)c1ccc(Cl)cc1Cl;CC(C)(C)C(=O)C(Cn1ccnc1)Oc1cc(Cl)ccc1Cl;Clc1ccc(CCC2(Cn3ccnc3)OCCCO2)c(Cl)c1;O=S(=O)(c1cccc(Cl)c1)N1CCN(Cc2cnc[nH]2)CC1;Cn1cc(N2CCN(S(=O)(=O)c3ccc(Cl)cc3)CC2)cn1;CCS(=O)(=O)N1CCN(c2ncnc3cc(Cl)ccc23)CC1;Cn1nccc1S(=O)(=O)NC1CCN(c2ccc(Cl)cc2)C1;CC(C)(C)Nc1ccc(NS(=O)(=O)c2cccc(Cl)c2)nn1;C=CCN(Cc1nnc(C)n1C)S(=O)(=O)c1cccc(Cl)c1;Cc1nc(C2CCN(S(=O)(=O)c3ccc(Cl)cc3)CC2)n[nH]1;CCCCCOc1ccn(Cc2ccc(Cl)cc2Cl)c(=O)n1;Cc1cc(Cl)ccc1S(=O)(=O)N1CCCC1c1nncn1C;CCOC(=O)c1cc(C(C)C)n(Cc2ccc(Cl)cc2Cl)n1;CCCCNc1ccc(NS(=O)(=O)c2ccc(Cl)cc2)nn1;O=C(Nc1ccc(Cl)cc1Cl)C1(C(=O)N2CCCCC2)CC1;CNC(=O)C1CCN(C(=O)C=Cc2ccc(Cl)cc2Cl)CC1;CC1(C(=O)NCc2ccc(Cl)cc2Cl)CCC(=O)N1C1CC1;CN(CCOc1ccc(Cl)cc1)C(=O)CSc1nncn1C;COCC(C)NC(=O)CSc1nncn1-c1cccc(Cl)c1;CCCc1ccc(Cl)c(S(=O)(=O)N2CCCn3ncnc32)c1;CCCCNc1ccc(NS(=O)(=O)c2ccccc2Cl)nn1;CS(=O)(=O)N1CCCC1c1ncnn1Cc1ccccc1Cl;NC(=NS(=O)(=O)c1cccc(Cl)c1)N1CC2(C=N1)CCCC2;Cc1ccc(Nc2ccc(NS(=O)(=O)N(C)C)cn2)cc1Cl;CC(=O)NCC(=O)N1CCC(=Cc2cc(Cl)ccc2Cl)CC1
m_c30e40,COc1ccc(C(=O)N(C(C)C)C2CC2)cc1S(=O)(=O)N1CCCCCC1;CCN(C(=O)c1ccc(OC)c(S(=O)(=O)N2CCCC2)c1)C1CCCCC1;CCN(CC1CCCO1)C(=O)C1CCN(S(=O)(=O)c2ccc(C)cc2)CC1;CC(C)N(C)S(=O)(=O)c1ccc(C(=O)Nc2cnn(CC[NH+](C)C)c2)cc1;CCN(CC1CCCO1)C(=O)CCNS(=O)(=O)c1ccc2c(c1)CCCC2;COc1ccc(C(=O)N(C)C2CCCCCCC2)cc1S(=O)(=O)NC1CC1;COc1ccc(S(=O)(=O)N(C)C2CCCC2)cc1C(=O)N1CCCCCC1;CCN(C(=O)c1ccc(OC)c(S(=O)(=O)NC2CCCC2)c1)C1CCCC1;CC1CN(C(=O)c2ccc(S(=O)(=O)N(C)C3CCCCC3)cc2)CCCO1;CCOc1ccc(S(=O)(=O)N2CCC(C(=O)N(C)C(C)C3CC3)CC2)cc1;CC1CC(C)CN(S(=O)(=O)c2cccc(C(=O)N(C)CC3CCCO3)c2)C1;CCOC1CC2(CCN(C(=O)c3cc(C)c(C)c(S(=O)(=O)N(C)C)c3)C2)C1;COc1ccc(C(C)C)cc1S(=O)(=O)N1CCC(C(=O)N2CCCC2)CC1;CCN(CC)S(=O)(=O)c1ccc2c(c1)CCCN2C(=O)CC1CCCCO1;COc1ccc(S(=O)(=O)NC2CCCCCC2)cc1C(=O)N1CCCCC1;CCOc1ccc(S(=O)(=O)NCCN(CCC2=CCCCC2)C(C)=O)cc1;CCN(CC)S(=O)(=O)c1ccc2c(c1)CCN2C(=O)COC1CCCCC1;CCC1CCCCN1C(=O)c1ccc(OC)c(S(=O)(=O)NC2CCCC2)c1;COc1ccc(C(=O)NC2CC3CCC2(C)C3(C)C)cc1S(=O)(=O)N(C)C;COc1ccc(C)cc1S(=O)(=O)N1CCC(C(=O)NC2CCCCC2)CC1;CCOC(C(=O)N1CCc2cc(S(=O)(=O)N3CCCCC3)ccc21)C(C)C;CCCCCCCCCOc1ccc(-c2nccn2S(C)(=O)=O)cc1OC;CCC1CN(C(=O)c2ccc(S(=O)(=O)N3CCCCCC3)cc2)CCCO1;CN(C(=O)CCc1ccc(S(=O)(=O)N2CCOCC2)cc1)C1CCCCC1;Cc1cc(C(=O)N2CCOCC(C3CCC3)C2)cc(S(=O)(=O)N(C)C)c1C
m_c3e52e,CCCCn1nccc1NC(=O)CCc1c(C)noc1C;Cc1ccc(NC(=O)CN2CCCN(C(N)=O)CC2)cc1;Cc1n[nH]c(C)c1NC(=O)CN1CC2C3CCC(O3)C2C1;CCN(CC)C(=O)CCn1c(N)nc2c(OC)cccc21;CCOc1ccc(OCC)c(NCc2nnc(C)n2C)c1;CCN(C)C(=O)Cn1c(N)nc2c(OC(C)C)cccc21;CCNC(=O)CCn1c(N)nc2c(OC(C)C)cccc21;CCCOc1cccc2c1nc(N)n2CC(=O)N(C)CC;CNC(=O)CNC(=O)Nc1ccccc1N1CCCCC1;C=C(C)CNC(=O)N1CCN(c2cc(OC)ccn2)CC1;Cc1ccc(C)c(N2CCN(C(=O)CC(=O)NN)CC2)c1;CCOc1ccc(NCCc2n[nH]c(C)n2)cc1OCC;CN(C)C(=O)CCNC(=O)N1CCCC1c1ccncc1;CCOc1cc(C=C2C(O)C3CC[NH+]2CC3)ccc1OC;CC(=O)NCC(=O)Nc1cnc(N2CCCCC2)c(C)c1;CC(C)NC(=O)CC(=O)N1CCN(c2ccccn2)CC1;CNC(=O)NC(=O)CNc1ccccc1N1CCCCC1;CCOc1cc(C=C2C[NH+](CC)CCC2=O)ccc1OC;CCNc1cc(C(=O)NCCCC(=O)NC2CC2)ccn1;CCCNC(=O)CC(=O)N1CCN(c2ccccn2)CC1;CCOC(=O)CC1([NH+]2CCOCC2)CCc2ccccc21;CCOc1cccc(N2CCN(C(=O)NC3CC3)CC2)n1;CCOc1cc(C)nc(N2CCN(C(=O)C3CC3)CC2)n1;CCOCCCNC(=O)c1cc(C)nc2c1c(C)nn2C;CCCCNC(=O)CN1CCN(c2ccccc2N)C1=O
m_c50497,CCCC(NC(=O)Nc1ccc(Cl)cc1Br)C(=O)[O-];O=S(=O)(NCc1ccc(Cl)cc1Cl)Oc1ccccc1O;CC(CCNC(=O)Nc1ccc(Cl)cc1Br)C(=O)[O-];COc1ccc(Cl)cc1S(=O)(=O)Nc1cc(Cl)ccc1O;O=PCC1OC(n2ccc3c(Cl)ncnc32)C(F)C1P=O;COc1ncccc1COc1ccc(Cl)cc1S(=O)(=O)Cl;Clc1ccc(-c2nn3c(-c4ccncc4)nnc3s2)c(Cl)c1;CNc1nccc(C(=O)Nc2c(Cl)cc(Cl)cc2Cl)c1F;Oc1c(-c2ccc(Cl)cc2)sc2c3cc(Cl)ccc3cn[n+]12;Nc1n[nH]c(-c2ccc(Cl)cc2)c1-c1ccccc1Br;N#Cc1nc(Sc2n[nH]c(-c3ccc(Cl)cc3)n2)ccc1Cl;COc1cc(Cl)nc([N-]S(=O)(=O)c2cc(Cl)ccc2N)n1;Clc1ccc(-n2ccnc2Nc2ccccc2)c(Br)c1;O=c1oc2cc(Cl)cc(Br)c2n1C[NH+]1CCOCC1;COc1ccc(O)c(NS(=O)(=O)c2ccc(Cl)c(Cl)c2)c1;Cc1[nH]n(-c2c(Cl)cc(Cl)cc2Cl)c(=O)c1CCC(=O)[O-];CS(=O)(=O)c1nnc(NC(=O)COc2ccccc2Cl)s1;O=C1C(=Cc2cc(Cl)ccc2O)SC(=S)N1c1ccccc1;CC(Cc1ccc(Cl)cc1)Nc1c(Cl)cc(Cl)cc1Cl;CCC(CNC(=O)Nc1cccc(Cl)c1Br)C(=O)[O-];CC=NC1=C(C)OS(=O)(=O)C(c2ccc(Cl)cc2Cl)=C1O;CCC(C(=O)[O-])N(C)C(=O)Nc1cc(Cl)ccc1Br;Nc1cc(-c2ccc(Br)cc2)nn1-c1ccc(Cl)cc1;Nc1ccc(Nc2ccc(Cl)cc2Br)c2cccnc12;Clc1ccc(-c2nnc3sc(-c4cccnc4)nn23)cc1Cl
m_c567df,N#Cc1cc(C2=Nc3cc(N4CCOCC4)c(C(F)(F)F)cc3NC(=O)C2)ccn1;Cc1ccc2c(CC(=O)N(Cc3ccc(F)cc3)C3CCS(=O)(=O)C3)coc2c1;Cc1ccc2c(C)c(C(=O)N(Cc3ccc(F)cc3)C3CCS(=O)(=O)C3)oc2c1;O=C(Nc1ccc(F)cc1)N1CCc2ccncc2C1c1ccc(C(F)(F)F)cc1;O=C(NC1CCCc2cc(C(F)(F)F)ccc21)c1cc(=O)nc(-c2ncccn2)[nH]1;CC(NC(=O)c1nnn(-c2ccc(F)cc2)c1C(F)(F)F)C(=O)N1CCOCC1;Cc1ccc2oc(C(=O)N(Cc3cccc(F)c3)C3CCS(=O)(=O)C3)c(C)c2c1;Cn1c(=O)c2c(ncn2CCNc2cc(F)ccc2OCC(F)(F)F)n(C)c1=O;COc1ccc(C2(C)NC(=O)N(CC(=O)N(C)Cc3cccc(Cl)c3)C2=O)cc1;COc1ccccc1CN(C)C(=O)CN1C(=O)NC(C)(c2ccccc2Cl)C1=O;O=C(Nc1n[nH]c2ccccc12)ON1CCc2c([nH]c3ccc(C(F)(F)F)cc23)C1;CC1=C(C(=O)Nc2ccccc2)C(c2cccc(O)c2)n2nc(C(F)(F)F)nc2N1;O=C(c1ccc(F)cc1)N1CCc2c([nH]c3ccccc23)C1c1ccc([N+](=O)[O-])cc1;O=C(Nc1n[nH]c2ccccc12)ON1CCc2c([nH]c3cc(C(F)(F)F)ccc23)C1;CCOc1ccc(C(=O)NCCCn2nc(C(F)(F)F)c(Cl)c2C2CC2)cc1;O=C(Nc1ccc(Cl)cc1)N1CCCC(c2nc(=O)n(-c3ccc(F)cc3)[nH]2)C1;Cc1cc(Cn2cc3c(C(=O)NC4=CC=C4)nccc3n2)cnc1OCC(F)(F)F;COc1cc(C(=O)N2CCOCC2)c(F)cc1Nc1ncc(C(F)(F)F)c(N)n1;CC1=C(C(=O)Nc2ccc3[nH]ncc3c2)C(c2cccc(C(F)(F)F)c2)NC(=O)N1;CN(Cc1ccc(OC(F)(F)F)cc1)c1nc2n(-c3ccccc3)[nH]cc-2c(=O)n1;O=c1c2cnn(-c3cccc(C(F)(F)F)c3)c2ncn1Cc1noc2c1CCCC2;O=C(NC1CC1)c1ccc(N2CCC(O)(c3ccccc3Cl)CC2)c([N+](=O)[O-])c1;CC(=O)NCCNc1nc(NCc2ccc(F)c(C(F)(F)F)c2)ccc1[N+](=O)[O-];Cc1cc(O)c(C(C)C)cc1NC(=O)Cn1nc(C(F)(F)F)c(Cl)c1C1CC1;O=C(Nc1ccccc1F)N1CCc2cccnc2C1c1ccc(C(F)(F)F)cc1
m_c57b9d,Cn1c(Cc2ccccn2)nnc1N1CCN(C(=O)C2CCCO2)CC1;Cn1ncc(N2CCOC(CCNc3ncnc4c3CCC4)C2)cc1=O;O=C1NCCN(C(=O)c2cn[nH]c2C2CCCCC2)C1Cc1cnc[nH]1;CN(C)c1ccncc1C(=O)N1CCN(C)C(c2nc(C3CC3)no2)C1;O=C(CCc1nc(C2CCCC2)no1)Nc1cncnc1N1CCCC1;NC(=O)C1CCCN(c2nnc(-c3cccnc3)n2CC2CCCO2)C1;CN1C[C@@H](NC(=O)C2CCCCC2)C[C@H]1C1=NC(C2=CN=CN=C2)=NO1;COCCCNC(=O)c1ccc(N2CCN(c3ccccn3)CC2)nn1;CCC(C)NC(=O)c1cnc(N2CCN(c3ccccn3)CC2)[nH]c1=O;CN1CCC[C@H]1C1=NC(C2=CC=NC(N3CCC(C(N)=O)CC3)=C2)=NO1;Cc1cc(C)c(CNC(=O)N2CCCN(c3cccnn3)CC2)c(=O)[nH]1;CN(C)c1ncccc1CNC(=O)Nc1ccc(N2CCOCC2)nc1;O=C(NCc1nnc2n1CCCCC2)c1cccnc1N1CCOCC1;Cn1cc(C(=O)NC2CCCN(c3cccnn3)C2)c(C2CCOC2)n1;CCCn1c(=O)c2[nH]c(-c3ccc(N(C)C)nc3)nc2n(CCC)c1=O;COc1nccnc1N1CCc2nc(C)nc(NC3CCOC3)c2CC1;CCn1ccnc(N2CCC(NC(=O)Nc3ccc(C)nc3)CC2)c1=O;CN(C)c1cc(N2CCC(COc3ncccc3C(N)=O)CC2)ncn1;Cc1noc(C23CCN(C)CC2CN(C(=O)c2c[nH]nc2C2CC2)C3)n1;Cn1nccc1C1OCCC1C(=O)NC1CCCN(c2ncccn2)C1;Cn1ccc(CC(=O)N2CCc3ncnc(N4CCOCC4)c3CC2)n1;Cc1nc2n(n1)CCCC2NC(=O)N(C)C1CCOC1c1cccnc1;Cc1cc(N2CCN(C(=O)c3cccnc3N3CCOCC3)CC2)n[nH]1;CCOc1nccnc1N1CCC(NC(=O)c2n[nH]c3c2CCCC3)C1;CN1C(=O)CC(CNC(=O)c2cn3c(n2)CCCC3)C1c1nccn1C
m_c63e89,CC1CN(CCNC(=O)Nc2csnc2-c2ccccc2)CCO1;Cc1cccc(NC(=O)C(NC(=O)c2c(F)cccc2F)C(C)C)c1;Cc1cccnc1OCC1CCN(C(=O)c2c(F)cccc2F)CC1;Cc1cc(C)n2ccc(C(=O)Nc3ccc(-c4cnn(C)c4)nc3)c2n1;Cc1cc2c(cc1-c1ccc(NC(=O)c3ccccc3F)nc1)CCC2;CC(NC(=O)C1(c2cccc(F)c2)CCOCC1)c1ncccc1F;Cc1ccc(C)c(-c2nn(C)cc2NC(=O)c2cnn3cccnc23)c1;O=C(C=Cc1cccc2cccnc12)N1CCCC1c1ccc(F)cc1;O=C(Nc1ncccc1OCC1CCCCC1)c1ccc(F)c(F)c1;OC1CCN(c2ccc3nnn(Cc4ccc5ncccc5c4)c3n2)C1;CC1(C)CCN(C(=O)c2ncccc2OCC(F)F)c2ccccc21;CC1(C)CC(NC(=O)Nc2csc(-c3ccccn3)n2)C(C)(C)O1;Cc1cnc(Nc2ccc(Oc3nc4cccnc4n3C)cc2)c(N)c1;CC1(C)COCCN1CCNC(=O)c1cnc(-c2ccccn2)s1;Cc1cc(C)n2ncc(C(=O)Nc3ccc(-c4cnn(C)c4)cc3)c2n1;CC1c2cc(F)ccc2CCN1C(=O)C=Cc1cccc2cccnc12;Cc1cccc(CNC(=O)C(C)(C)C(=O)Nc2c(F)cccc2F)c1;Cc1cc(C(=O)N2CC=C(c3ccc(F)cc3)CC2)c2ccccc2n1;Cc1ccc(F)c(NC(=O)C(NC(=O)c2ccc(F)cc2)C(C)C)c1;O=C(Nc1ccccc1N1CCC(CO)CC1)c1cc(F)ccc1F;C[NH+](C)CCn1nnc2cc(C(=O)Nc3ccc(F)c(F)c3)ccc21;Cc1c[nH+]c2ccc(Cn3nnc4ncc(-c5cnn(C)c5)nc43)cn12;O=C(Nc1ccc(N2CCc3ccccc3C2)cc1)c1cccc(F)c1;CCc1nc2cc(NC(=O)c3cc(-c4ccccn4)n[nH]3)ccc2n1C;CC(=O)N1CCCC(O)(C(=O)Nc2cnn(-c3ccccc3F)c2)C1
m_c772b8,CC(C)Nc1nc(=O)cc(CCCN2CCCC2=O)[nH]1;CCCn1ncc(C)c1NC(=O)CN1CCCCC1=O;Cc1c(C(=O)NCCN2CCCCCC2=O)cnn1C;CCCOc1nc(N2CCCCC2C(N)=O)ccc1N;CCCCn1cc(C(=O)NC2CCCNC2=O)c(C)n1;CC(O)CCCNC(=O)C1CCCN1c1ncccn1;CCCC(O)CNC(=O)C1CCCN1c1ncccn1;CC(CCCO)NC(=O)C1CCCN1c1ncccn1;CCCN1CCCC1CNC(=O)c1ncc(OC)cn1;CC(O)C(C)(C)NC(=O)C1CCCN1c1ncccn1;CCn1nccc1C(=O)NC(C)C(=O)N1CCCCC1;CCCC(=O)Nc1cnn(C)c1C(=O)N1CCCCC1;CC(CN1CCCC1=O)NC(=O)CCc1cncn1C;CC(C)(CCO)NC(=O)C1CCCN1c1ncccn1;Nc1cc(C2CCN(C(=O)NC3CCCC3)CC2)no1;CC(C)C(=O)N1CCC(C(=O)NCc2cnc[nH]2)CC1;Cc1noc(C2CCCN(C(=O)NC3CCCC3)C2)n1;Cc1c(C(=O)NC(C)C(=O)N2CCCCC2)cnn1C;COc1ncnc(NC(C)C(=O)N2CCCCC2)c1C;CC(NC(=O)c1cc(N)cn1C)C(=O)N1CCCCC1;Cc1nnc(C2CC(NC(=O)N3CCCCCC3)C2)o1;CC(C)(C)C(=O)N1CCCC1C(=O)NCc1ccn[nH]1;CCn1ccc(C(=O)NC(C)C(=O)N2CCCCC2)n1;CC(C)CN1CC(C(=O)NC(C)c2ncc[nH]2)CC1=O;CC(O)CCN(C)C(=O)C1CCCN1c1ncccn1
m_c886af,COC(=O)CCN(c1ccccc1)S(=O)(=O)c1ccc(F)cc1;CCN(c1ccccc1C(=O)OC)S(=O)(=O)c1ccc(F)cc1;CN(Cc1cccc(F)c1)S(=O)(=O)c1ccc2c(c1)OCCO2;CCN(c1ccc2c(c1)OCCO2)S(=O)(=O)c1ccc(F)cc1;CCN(c1ccc(F)cc1)S(=O)(=O)c1ccc(C(=O)OC)cc1;COc1ccc(CCC(=O)NS(=O)(=O)c2ccc(F)cc2)cc1;CN(Cc1ccccc1F)S(=O)(=O)c1ccc2c(c1)OCCO2;CC(CNS(=O)(=O)c1ccc(F)c(Cl)c1)[NH+]1CCOCC1;Cc1cc(S(=O)(=O)N(C)C2CCC[NH+](C)C2)sc1CCl;Cc1cc(S(=O)(=O)N(C)C2CC[NH+](C)CC2)sc1CCl;Cc1ccc(S(=O)(=O)N2CCOC(Cc3ccccc3)C2)s1;O=C(O)C1CCCN(S(=O)(=O)c2ccc3ccccc3c2F)C1;CCS(=O)(=O)c1ccc(NC(=O)c2cc(F)ccc2OC)cc1;CCN(c1ccc(F)cc1)S(=O)(=O)c1cccc(C(=O)OC)c1;Cc1ccc(F)c(NS(=O)(=O)c2ccc(CCC(=O)O)cc2)c1;O=S(=O)(c1cccs1)N1CCOC(CCc2ccccc2)C1;Cc1csc(CCl)c1S(=O)(=O)N(C)CC[NH+]1CCCC1;CC(C)(C)[NH+]1CCN(S(=O)(=O)c2csc(CCl)c2)CC1;Cc1ccc(S(=O)(=O)NC(Cc2ccc(F)cc2)C(=O)O)cc1;O=c1[nH]cc(S(=O)(=O)N2CCN(c3ccccn3)CC2)c(=O)[nH]1;COC(=O)c1ccccc1N(C)S(=O)(=O)c1cc(C)ccc1F;COc1ccc(S(=O)(=O)NCC(=O)c2ccc(F)cc2)cc1C;O=C(CS(=O)(=O)c1ccc(F)cc1)NCCOc1ccccc1;CCc1ccc(C2CN(S(=O)(=O)c3cccs3)CCO2)cc1;[NH3+]Cc1cc(Cl)cc(S(=O)(=O)NCCC2CCCO2)c1F
m_c8934f,COc1cc(S(=O)(=O)N2CCCCCCC2)ccc1NC(C)=O;COCCCNC(=O)c1ccccc1S(=O)(=O)N1CCCCC1;CCOc1ccc(S(=O)(=O)N2CCCCCC2)cc1NC(C)=O;COCCCNC(=O)c1cccc(S(=O)(=O)N2CCCCC2)c1;CCCNC(=O)c1cc(S(=O)(=O)N2CCCCC2)ccc1OC;CCOc1ccc(NC(=O)CC)cc1S(=O)(=O)N1CCCCC1;O=C(NCCO)c1ccc(S(=O)(=O)N2CCCCCCC2)cc1;CCOCC(=O)Nc1ccc(C)c(S(=O)(=O)N2CCCCC2)c1;COC(C)C(=O)Nc1cccc(S(=O)(=O)N2CCCCCC2)c1;CCCCCNC(=O)c1ccc(S(=O)(=O)N2CCOCC2)cc1;COc1ccc(S(=O)(=O)N2CCCC2)cc1C(=O)NCC(C)C;CCCOC1CCCN(S(=O)(=O)c2cccc(NC(C)=O)c2)C1;COc1cc(C)c(C)cc1S(=O)(=O)NCC(=O)N1CCCCC1;COc1ccc(S(=O)(=O)NCC(=O)N2CCCCCC2)c(C)c1;CCOc1ccc(S(=O)(=O)NCC(=O)N2CCCCCC2)cc1;Cc1ccc(OCC(=O)N2CCCN(S(C)(=O)=O)CC2)c(C)c1;CCOCCC(=O)Nc1ccc(S(=O)(=O)N2CCCCC2)cc1;CCOc1ccc(C(=O)NC(C)C)cc1S(=O)(=O)N1CCCC1;CC(O)CNC(=O)Cc1ccc(S(=O)(=O)N2CCCCC2)cc1;CC(=O)Nc1ccc(S(=O)(=O)NCCCC2CCOCC2)cc1;CCNC(=O)C1CCN(S(=O)(=O)c2cc(C)ccc2OC)CC1;CCNC(=O)C1CCN(S(=O)(=O)c2ccc(OC)c(C)c2)CC1;CCOC(=O)NC1CCCN(S(=O)(=O)c2ccc(C)cc2C)C1;CC(O)CNC(=O)CCc1ccc(S(=O)(=O)N2CCCC2)cc1;O=C(CCc1ccc(S(=O)(=O)N2CCCC2)cc1)NCCCO
m_c89ffd,O=C(O)C1CCC(CNS(=O)(=O)c2cccnc2)CC1;COC1CCOC2(C1)CN(S(=O)(=O)c1cccnc1)C2;COc1cccc(S(=O)(=O)NCC(=O)N2CCCC2)c1;CC1(O)CCN(C(=O)CNS(=O)(=O)c2ccccc2)C1;CS(=O)(=O)N1CC(OCc2cccnc2)C2COCC21;COc1cccc(S(=O)(=O)N2CCN(C(C)=O)CC2)c1;CN(CC(=O)N1CCOCC1)S(=O)(=O)c1ccccc1;CC(C(=O)[O-])[NH+]1CCN(S(=O)(=O)c2ccccc2)CC1;CC(=O)c1cccc(S(=O)(=O)NCC(=O)NC(C)C)c1;CC(NC(=O)C1CCCO1)c1cccc(S(N)(=O)=O)c1;COC(=O)NC1CCN(S(=O)(=O)c2ccccc2)CC1;CCC(=O)c1cccc(S(=O)(=O)NC(C)(C)C(N)=O)c1;O=C(O)C1CCCN1CCNS(=O)(=O)c1ccccc1;NS(=O)(=O)c1cccc(C(=O)NCC2CCOCC2)c1;COC(=O)C1CCCC1S(=O)(=O)Nc1ncccc1C;CC(C)N1CC(CNS(=O)(=O)c2ccccc2)OC1=O;Cc1cc(S(N)(=O)=O)ccc1OCC(=O)N1CCCC1;CCC(O)c1cccc(S(=O)(=O)N2CCNC(=O)C2)c1;CC(C)Oc1ccc(C(=O)NC2CC2)cc1S(N)(=O)=O;CCOC1CC(NC(=O)c2cccc(S(N)(=O)=O)c2)C1;CN(C)C(=O)c1cccc(S(=O)(=O)NC2CC2CO)c1;CC(Oc1ccc(S(N)(=O)=O)cc1)C(=O)N1CCCC1;CONC(=O)c1cccc(S(=O)(=O)NC2CCCC2)c1;COC(=O)c1ccccc1S(=O)(=O)N1CCN(C)CC1;Cc1cc(C)c(S(N)(=O)=O)cc1C(=O)N1CCOCC1
m_c933b7,CC1CCCN(S(=O)(=O)NCC(C)(O)c2ccc(F)cc2)C1;Cn1ncnc1CN1CCCCC1c1nnc(CC(F)(F)F)o1;COc1ccc(C(C)NCC2CCCN2S(C)(=O)=O)c(F)c1;COc1ccc(NC(=O)N2CCCC(CO)C2)cc1OC(F)F;COc1ccccc1N1CCC(CNC(=O)c2sccc2C)C1;CC(COc1ccc(F)cc1)NC1CCN(S(C)(=O)=O)CC1;O=C(Nc1ccc(Oc2cccc(F)c2)cc1)N1CCCC1CO;O=C(Nc1cccc(OC(F)(F)F)c1)N1CC2CC[NH2+]CC2C1;CCC[NH+](CCO)Cc1nc(-c2cccc(C(F)(F)F)c2)no1;COc1ccc(C(=O)N2CCCC(Oc3ccncc3)C2)cc1F;COc1ccc(S(=O)(=O)N(C)C2CCCN(C)C2)c(C)c1F;COc1cccc(C(=O)N2CCC(O)(c3cccnc3F)CC2)c1;[NH3+]CC1CCN(C(=O)CNC(=O)c2ccc(C(F)(F)F)cc2)C1;COc1cccc(C(=O)N2CCN(C(=O)Cn3cnnn3)CC2)c1;O=C1NCC(C[NH+]2CCN(c3cccc(C(F)(F)F)c3)CC2)O1;COc1ccccc1OC1CCCN(C(=O)c2ccncc2F)C1;O=C(COc1ccccc1)Nc1cc(F)ccc1N1CCOCC1;CNC(=O)C[NH+]1CCN(C(=O)c2cccc(C(F)(F)F)c2)CC1;Cn1nnc2c(N3CCCC(c4ccc(F)c(F)c4)C3)ncnc21;CC1CN(CC(F)(F)F)CCN(c2nc(=O)c3cn[nH]c3[nH]2)C1;Cn1cc(N2CCC(Nc3ncnc4cc(F)c(F)cc34)C2)cn1;COc1ccc(N2CCOCC2)cc1NC(=O)c1ccc(F)cc1;O=C(Nc1cc(F)ccc1OC(F)F)N1CCC2[NH2+]CCC2C1;CC(C)(C)N(C(=O)[O-])C1CCN(c2ccc(C(F)(F)F)cn2)C1;COC1CCCN(c2ccc(NC(=O)Cc3cccs3)cc2)C1
m_c9a4bc,COc1ccc(Cl)cc1NC(=O)c1ccnc(NC2CC2)n1;Cn1cc(N2CCC(NC(=O)c3cccc(Cl)c3)C2=O)cn1;COc1ccnc(NC2CC(=O)N(c3cccc(Cl)c3)C2)n1;O=C(Nc1cccc(N2CCCC2)c1)c1cc(Cl)ccc1F;O=C(c1ccnc(Nc2ccccc2Cl)n1)N1CCOCC1;O=C(Nc1ccccc1Cl)c1ccnc(N2CCOCC2)n1;Cn1cc(N2CCC(NC(=O)c3ccccc3Cl)C2=O)cn1;CN1CCC(NC(=O)c2ccn(-c3ccccc3Cl)n2)C1=O;CCOc1nc(OCC)c2cnn(-c3ccc(Cl)cc3)c2n1;O=C(Nc1cnc(N2CCOCC2)nc1)c1cccc(Cl)c1;O=C(Nc1cc(Cl)ccc1N1CCOCC1)c1cnccn1;CCn1ncc(Cl)c1C(NN)c1cccc(C(F)(F)F)c1;O=C(Nc1ccc(N2CCOCC2)cn1)c1ncccc1Cl;Cn1cc(Cl)cc1C(=O)Nc1ccc(N2CCCC2=O)cn1;NC(=O)c1ccc(N2CCC(Oc3cccc(Cl)c3)C2)nn1;Cn1ncc(NC2Cc3ccccc3CNC2=O)c(Cl)c1=O;O=C1CCCC(C(=O)Nc2ccn(-c3ccccc3Cl)n2)N1;O=C(Nc1cc(Cl)ccc1N1CCCC1)c1ccccc1F;COCCn1c(C(=O)Nc2ncc[nH]2)cc2cc(Cl)ccc21;O=C1CN(Cc2nc3ccc(Cl)cc3c(=O)[nH]2)CC2(CC2)N1;COc1ccc(Cl)cc1Nc1ncc(C(=O)NC2CC2)cn1;CC(CCn1c(=O)[nH]c2cc(Cl)ccc2c1=O)n1ccnc1;Cc1cc(NC(=O)C2CCN(c3ccc(Cl)cc3)C2=O)[nH]n1;O=C(CNC(=O)C1(c2cccc(Cl)c2)CC1)Nc1cn[nH]c1;O=C(CCc1n[nH]c(-c2cccc(Cl)c2)nc1=O)NC1CC1
m_c9c302,CC1CCC(C)[NH+]1CC(=O)NC1CCCN(c2ccc(C#N)cc2F)C1;CC(C)COc1ccc(NC(=O)N2CCCC(NC(=O)C3CC3)C2)cc1;CCC1CN(C(=O)N2CCC(C(=O)NC(C)C)CC2)c2ccccc2O1;CCOC(=O)C1CCCN(C(=O)c2ccc(N3CCCCCC3)nc2)C1;CC1CCCC[NH+]1CCCNC(=O)c1cc(-c2ccccc2F)nn1C;CC1CCCC(NC(=O)C[NH+]2CCN(c3ccc(F)cc3C#N)CC2)C1;CN(C)C(=O)CC1(O)CCCN(Cc2ccc3c(c2)CCC(=O)N3C)C1;COCCN1CC(C(=O)N2CCN(c3cccc(C)c3C)CC2)CC1=O;COc1cccc(NC(=O)N2CCCC(C(=O)NC3CCCCC3)C2)c1;CCOC(=O)c1ccc(N2CCC(C(=O)N3CCCC(C)C3)CC2)nc1;COc1ccc(CCNC(=O)C2CCN(C(=O)N3CCCC3)CC2)cc1;CCNC(NC1CCCN(c2ccccc2F)C1)=[NH+]CCc1ccco1;COc1ccc(NC(=O)N2CCCC(NC(=O)C3CCCCC3)C2)cc1;CC(C)COc1ccc(NC(=O)N2CCC(NC(=O)C3CC3)CC2)cc1;Cc1cc(CC(C)NC(=O)C2CCC[NH+](Cc3cccc(F)c3)C2)n[nH]1;CCNC(=O)N1CCCC(Cc2[nH+]cc(C)n2Cc2ccc(F)cc2)C1;Cc1nn(-c2ccc(F)cc2)c(C)c1C(=O)N1CCCC([NH+](C)C)CC1;CC(C)c1nc(CNC(=O)c2ccc(N3CCC[NH+](C)CC3)nc2)no1;COc1cc(N2CCCC3(COCC[NH+](Cc4ccn[nH]4)C3)C2)ncn1;Cc1cc(NC(=O)C2CCCC(=O)N2C)ccc1OCCN1CCCC1;CC(C)C1CN(C(=O)c2ccnn2C)CCC[NH+]1Cc1ccc(F)cc1;CN(C)C(=O)N1CCC(C(=O)NCC2CCOC2c2ccccc2)CC1;C[NH+]=C(NCCc1nc(C)no1)N1CCN(c2ccccc2OC)CC1;CCNC(=O)N1CC[C@H]2CC(=O)N(CC3=CC=C(OC)C=C3)CC[C@H]2C1;Cc1nn(-c2ccc(F)cc2)c(C)c1C[NH2+]CCN1CCCCCC1=O
m_c9c422,COc1ccc(OC(=O)c2ccc3ccccc3c2)c([N+](=O)[O-])c1;Cc1ccc([N+](=O)[O-])cc1OCC(O)COCc1cccs1;CCOc1cc(C=C2SC(=O)N(CCOC)C2=O)ccc1O;CCCSCC(=O)C(=Cc1ccccc1[N+](=O)[O-])C(=O)OC;Cc1nonc1OCCCNc1ccc([N+](=O)[O-])cc1[N+](=O)[O-];COCCN1C(=O)SC(=Cc2cc(OC)ccc2OC)C1=O;CCOC(=O)c1c(NC(=O)CC(C)=O)sc2c1CCCC2=O;CCCN1C(=O)SC(=Cc2cc(OC)c(O)c(OC)c2)C1=O;Cc1ccc(OC(=O)c2ccc(-c3ccc([N+](=O)[O-])cc3)o2)cc1;O=[N+]([O-])c1cc(C=NNC(=S)NCC2CCCO2)ccc1[O-];Cc1cc(=O)oc2c(CNC3CCS(=O)(=O)C3)c(O)ccc12;COc1ccc2cc(-c3cc4c(cc3[N+](=O)[O-])OCO4)ccc2c1;O=C(OCc1ccccc1[N+](=O)[O-])c1ccc2ccccc2c1O;O=C(CNC(=O)C1=CC=CC=C1)OC1=CC=C2C=CC(=O)OC2=C1;CCOC(=O)c1csc(-c2cc(OC)c(OC)c(OC)c2)n1;COCCN1C(=O)SC(=Cc2cccc(OC)c2OC)C1=O;CC(=O)Oc1ccc2cc(NC(=O)c3ccccc3)c(=O)oc2c1;COC(=O)c1cc2ccccc2cc1Oc1ccccc1[N+](=O)[O-];CC1=C(Sc2cccc(O)c2)C(COCCO)C(=O)NC1=O;O=c1ccc2ccc(OCCn3c(=O)oc4ccccc43)cc2o1;COc1ccc2cc(C(=O)Oc3ccc([N+](=O)[O-])cc3)ccc2c1;COc1cc(C(=O)NC2(CC(=O)[O-])CCOC2)ccc1[N+](=O)[O-];O=[N+]([O-])c1cc(C[NH2+]CCO)ccc1Oc1ccccc1Cl;CCCCOc1ccc(CNc2ccc(Cl)c(Cl)c2)cc1;CCCCOc1ccc(NCc2cc(Cl)cc(Cl)c2)cc1
m_cad5a6,O=C(O)C1CCCN(C(=O)Cn2nnc(-c3ccc(Cl)cc3)n2)C1;O=C(O)C1CCCCN1C(=O)Cn1nnc(-c2ccc(Cl)cc2)n1;Cc1nnc(CNC(=O)CN2CCN(c3ccc(Cl)cc3)C2=O)o1;O=C(O)Cn1cc(C(=O)N2CCN(c3cccc(Cl)c3)CC2)nn1;COCCCNC(=O)c1ccc(CSc2ccc(Cl)cc2)cc1;Cc1nnc(C(=O)N2CCN(C(=O)Nc3cccc(Cl)c3)CC2)o1;CC(C)NC(=O)CCn1c(=O)c2cc(Cl)ccc2n2c(=O)[nH]nc12;CCCCOc1ccc(NC(=O)CSc2ccc(Cl)cc2)cc1;Cc1ccc(C2CCCN2C(=O)C(C)Oc2ccc(Cl)cc2)s1;O=[N+]([O-])c1cnc(Nc2ccc(Cl)cc2)nc1NCC1CCCO1;Cc1ncc2c(=O)n(-c3ccc(Cl)cc3)[nH]c2c1Cc1ccccc1;CN1C(=O)NC(=O)C2=C1N=C(NCCO)N2CC1=CC=C(Cl)C=C1;Cc1cscc1C(=O)N1CCC(C(O)c2ccc(Cl)cc2)CC1;O=C(c1ccsc1)N1CCC(COCc2ccc(Cl)cc2)CC1;Cc1ccc(C2CCCN2C(=O)C(C)Oc2cccc(Cl)c2)s1;Cc1ccccc1OCCNC(=O)CSCc1ccc(Cl)cc1;CCOc1ccc(SCC(=O)NCCc2ccc(Cl)cc2)cc1;CC(C)N(CCSc1ccc(Cl)cc1)C(=O)Oc1ccccc1;CCC(C)N(CC(=O)[O-])C(=O)Cc1coc(-c2ccc(Cl)cc2)n1;CCCOc1ccc(NC(=O)Cc2cc(Cl)ccc2SC)cc1;COc1ccc(Cl)cc1CN(C)C(=O)CSc1ccc(C)cc1;O=C(c1ccc(Cl)cc1C(F)(F)F)N1CC[NH+]2CCOCC2C1;Cc1cccc(OCCNC(=O)CSCc2ccc(Cl)cc2)c1;CC(SCc1ccccc1)C(=O)NCCOc1ccc(Cl)cc1;CCOc1ccc(NC(=O)C(CC)Sc2ccc(Cl)cc2)cc1
m_cc35ab,CC(C)NC(=O)N1CCC(NC(=O)C=Cc2ccccc2)CC1;CC(CN1CCCC1=O)NC(=O)NCc1ccc(C2CC2)cc1;CC(O)C1CCN(C(=O)NCCc2c[nH]c3ccccc23)CC1;Cc1ccc(N2CCCC2)c(C(=O)NC2CCC(=O)N(C)C2)c1;CC(C)c1ccc(C=CCC(=O)NC2CCN(C(N)=O)C2)cc1;CC(C)C(=O)N1CCN(c2ccc3c(c2)CCC(=O)N3C)CC1;Cc1cccc2c(CCNC(=O)NC(CCO)C3CC3)c[nH]c12;Cn1cc(C(=O)NCCCC(C)(C)CO)c(-c2ccccc2)n1;CCC(C)NC(=O)CCNC(=O)CCn1ccc2ccccc21;O=C(NCC1CCC1)NC(CN1CCCC1=O)c1ccccc1;CCN1CCC2(CCCC(NC(=O)c3cccc(C)n3)C2)C1=O;CCNC(=O)N1CCC(NC(=O)C=Cc2ccc(C)cc2)CC1;CC(C)c1cc(C(=O)NCC(CCO)c2ccccc2)nn1C;CC(C)CCNC(=O)CCN1NC(c2ccccc2)=CCC1=O;COC1CC(C(=O)NCCc2c[nH]c3cccc(C)c23)N(C)C1;Cc1c(C(=O)NC(CCO)C(C)C)cnn1Cc1ccccc1;COC1CC(C(=O)NCCc2c[nH]c3c(C)cccc23)N(C)C1;CC(C)c1ccccc1OCC(O)CN1CCn2cncc2C1;O=C(CN1CCCc2ccccc21)NC(=O)NC1CCCCC1;CCCCCCNC(=O)c1cc(-c2ccc(OC)cc2)nn1C;CN(CC1CCCC1O)C(=O)NCCc1c[nH]c2ccccc12;Cc1cccc2[nH]cc(CCNC(=O)N3CCCC(CO)C3)c12;O=C(Nc1cccc(CN2CCCCC2=O)c1)NC1CCCC1;Cc1ccc(C=CC(=O)NC2CCCN(C(=O)N(C)C)C2)cc1;CC1(C)CCN(CCNC(=O)CN2Cc3ccccc3C2=O)C1
m_cc95e9,Cc1cc(SCC(=O)NCc2ccccc2F)nc2ccccc12;Cc1ccc(CNC(=O)c2ccc(-c3cccs3)nc2C)cc1F;O=C(CCc1ccccc1F)NCc1cncc(-c2cccs2)c1;Cc1cccc(-c2nc(CC(=O)NCc3ccccc3F)cs2)c1;Cc1nc(-c2ccccc2)c(C(=O)NCCc2cccc(F)c2)s1;O=C(Nc1ccc(F)cc1)c1ccc(OCc2cccc(F)c2)nc1;Cc1nc(-c2ccc(NC(=O)c3c(C)cccc3F)cc2)c(C)s1;Cc1nc(-c2ccc(NC(=O)CCc3ccccc3F)cc2)cs1;Cc1ccc(C)c(NC(=O)c2sc(-c3ccc(F)cc3)nc2C)c1;Cc1ccc(C(=O)Nc2nc(C)c(Cc3ccc(F)cc3)s2)cc1;O=C(NCC(O)COc1ccc(F)cc1)Nc1c(F)cccc1F;Cc1nc(NC(=O)CCc2ccccc2)sc1-c1ccc(F)cc1;Cc1csc(-c2ccc(CNC(=O)Cc3cccc(F)c3)cc2)n1;CCOCCCC(=O)Nc1ncc(Cc2ccc(F)c(F)c2)s1;COc1ccc(F)c(F)c1C(=O)NCCc1nc(C(C)C)cs1;Cc1cccc(C)c1NC(=O)Cc1csc(-c2cccc(F)c2)n1;CCC(O)CCNC(=O)c1sc(-c2ccc(F)c(F)c2)nc1C;O=C(Nc1cccc(F)c1)c1cccn(Cc2ccccc2F)c1=O;Cc1cccc(-c2nc(CCNC(=O)c3ccc(F)cc3)cs2)c1;CCOc1cccn(CC(=O)Nc2ccccc2C(F)(F)F)c1=O;O=C(CSc1ccc2ccccc2n1)NCCc1ccc(F)cc1;Cc1c(F)cccc1C(=O)NCCc1csc(-c2ccccc2)n1;Cc1ccc(-n2ccnc(SCc3ccccc3C)c2=O)cc1F;CC(C)c1ncc(C(=O)NCC(C)(O)c2ccc(F)cc2F)s1;Cc1ccc(C(=O)OCC(=O)NCC(F)(F)F)cc1-n1cccc1
m_cd50d8,O=C(CCC(=O)N1CCOCC1)NCc1nc2ccccc2n1C1CC1;CC(=O)N1CCCC(O)(C(=O)NCc2nc3ccccc3n2C2CC2)C1;O=C(NCc1nc2ccccc2n1C1CC1)N1CCOC2(CCOC2)C1;COCCn1cc(C(=O)N2CCC3C(C2)NC(=O)N3C)c2ccccc21;O=C(NC1CC1)c1cccc(CNC(=O)N2CCCC3C(=O)NCC32)c1;CC=CC(=O)NCCc1nc2ccccc2n1CC(=O)N1CCOCC1;COc1ccc(Cc2nc3ccccc3n2CCCc2ccccc2)cc1;Cc1ccc(OCCn2c(Cc3ccccc3)nc3ccccc32)cc1C;COc1cccc2c1CCC2NC(=O)N1CCC(c2nc(C)no2)CC1;CCN1CC(c2nc3ccccc3n2CC(=O)N2CCOCC2)CC1=O;Cc1cccc(OC(C)(C)C(=O)N2CCC3OCc4cnnn4C3C2)c1;Cc1noc(C)c1CN1CCN(S(=O)(=O)N2CCCC(C)C2)CC1;COCCN1CCC(NC(=O)c2cnc(Oc3ccccc3)cn2)CC1;C=CCNC(=O)CN1CCC(c2noc(-c3ccccc3OC)n2)CC1;O=C1COc2ccccc2N1CCCn1cc(C2(O)CCCCC2)nn1;CC(C)Cn1c(C2CCS(=O)(=O)C2)nnc1N1CCCOC(C)C1;C[NH+]1CC2OC(C)(C)OC2C1CCOc1ccc2cc(C=O)ccc2c1;CC(=O)N1CCC(C(=O)NC2CCC(Oc3ccc(C#N)cn3)CC2)C1;CN(C1CCCCC1)S(=O)(=O)N1CCOC(C)(c2cnn(C)c2)C1;CCCCOc1ccccc1C(=O)N1CCC2OCc3cnnn3C2C1;CC(C)(C)C1(OC(N)=O)CCC(n2c(=O)[nH]c3cc(C#N)ccc32)CC1;CC1CC1N1CC(NC(=O)Nc2ccccc2N2CCCC2=O)CC1=O;Cc1cccc(C(C)C)c1NC(=O)N1CCOC(c2ccc(F)cc2)C1;CCOC1COCC1n1cc(C(=O)N2c3ccccc3CC2(C)C)nn1;COc1cccc(-n2cc(C(=O)N3CCC4(O)CCCCC4C3)nn2)c1
m_cd6458,O=C(COc1ccc(Br)cc1)Nc1ccccc1C(=O)Nc1cccnc1;CNC(=O)c1cccn(-c2ccc(NC(=O)c3ccc(Br)cc3)cc2)c1=O;O=C(CN1C(=O)c2ccc(Br)cc2C1=O)NCCc1c[nH]c2ccccc12;CC(=O)Nc1ccc(NC(=O)c2cccnc2Oc2ccc(Br)cc2)cc1;C=CCNC(=O)C(C)Sc1nc2ccc(Br)cc2c(=O)n1CCOC;CCCOc1c(Cl)cc(C(=O)Nc2ccc(Br)cc2C)cc1OCC;Cc1c(C(=O)N(C)Cc2nc(=O)c3ccccc3[nH]2)oc2ccc(Br)cc12;COc1cc(C2c3ccc4c(ccn4C)c3OC(=N)C2C#N)cc(Br)c1O;CC(=NNC(=O)c1ccc(Br)cc1)c1ccc(NC(=O)c2ccco2)cc1;Cn1c(=O)c2c(-c3ccc(Br)cc3)n(-c3ccc(O)cc3)cc2n(C)c1=O;CC(=O)Nc1ccc(NC(=O)c2cccnc2Oc2cccc(Br)c2)cc1;O=C(CN1C(=O)c2ccc(Br)cc2C1=O)NCCc1ccc2cc[nH]c2c1;Cc1cc(Br)ccc1NC(=O)Cc1csc(NC(=O)OCC(C)C)n1;CCOP(=O)(OCC)C(C(=O)Nc1ccc(Br)cc1)c1ccccc1;O=C(NOCCO)c1c(Nc2ccc(Br)cc2F)cc(=O)n2c1CCC2;C=COCCONC(=O)c1ccc(=O)n(C)c1Nc1ccc(Br)cc1F;Cn1c(Nc2ccc(Br)cc2F)c(C(=O)NOCCO)c2c1C(=O)CC2;Cc1c(C(=O)NCCc2nc(-c3ccccc3)no2)oc2cc(Br)ccc12;Cc1cc(NC(=O)c2ccc(Oc3cccc(Br)c3)nc2)ccc1C(N)=O;COC(=O)C(NC(=O)c1cnc(-c2ccccc2)nc1)c1ccc(Br)cc1;CCOc1ccccc1CCCNC(=O)COc1ccc(Br)cc1Cl;Cc1c(N)cccc1-c1noc(-c2ccc(COc3ccc(Br)cc3)o2)n1;COC(=O)c1ccc(C2c3c(n[nH]c3C)C(=O)N2c2ccc(Br)cc2)cc1;CCCOc1ccc(C(C)NC(=O)c2ccc(Br)cc2Cl)cc1OC;CC(=NNC(=O)c1cccc(Br)c1)c1cccc(NC(=O)c2ccco2)c1
m_ce56d4,Cc1ccc(-n2c(=O)c3c4c(sc3n3cnnc23)CCC4)cc1;NC(=[NH2+])c1ccc(N2CCN(c3nccs3)CC2)cc1Cl;Cc1ccc2nc3sc(NCc4ccccc4)nn3c(=O)c2c1;O=[N+]([O-])c1cc(F)ccc1N1CCCN(c2nccs2)CC1;COc1cccc2sc(-n3nc(-c4ccccc4)cc3N)nc12;Cc1csc(C(=O)Nc2cc(C)n(-c3ccc(C#N)cc3)n2)c1;Cc1csc(C(C#N)C(=O)c2cc(C)n(-c3ccccc3)n2)n1;CC1CCc2sc(C(=O)NCCc3nnc(N)s3)cc2C1;Cc1nnc(-c2cccc(-n3c(CO)nc4ccccc43)c2)s1;O=C1CCCN1c1ccc(-c2csc(-c3cnccn3)n2)cc1;CCc1ccc(Nc2nn3c(=O)c4ccccc4nc3s2)cc1;OC1CCN(c2ccccc2NCc2ccc(Cl)s2)CC1;CCn1ccc(C(=O)Nc2nc3ccc4ccccc4c3s2)n1;O=C1CCCN1c1cccc(-c2csc(-c3cnccn3)n2)c1;Cn1cnn(CC(=O)NC2CCSc3c(F)cccc32)c1=O;OC1CCCc2sc(N3CCN(c4nccs4)CC3)nc21;O=c1c(=Cc2ccccn2)sc2n1CN(c1ccccc1)CN=2;CCn1c(O)c(N=Nc2nc3ccccc3s2)c2ccccc21;COc1nc(N2CCN(C(=O)c3cccs3)CC2)ncc1F;COc1ccc(-c2nn3c(-c4cccc(C)c4)nnc3s2)cc1;Cc1nsc(N2CCN(C(=O)c3ccc(O)cc3F)CC2)n1;COc1cccc(-c2nnc3sc(-c4ccccc4C)nn23)c1;CCn1c(SC2CCCCNC2=O)nnc1-c1cccs1;CCc1ncnc2sc3c(=O)n(-c4ccc(C)cc4)cnc3c12;O=C(c1csc(-c2cnccn2)n1)N1CCCc2ccccc21
m_ced31c,CC1CCN(c2nc(N)c([N+](=O)[O-])c(Nc3ccc(F)cc3)n2)CC1;CCCc1cc(N2CCOCC2)nc(Nc2cc(Cl)ccc2C)n1;Cc1noc(C2CNC(=O)C3CCN(c4ncc(F)cn4)CCC32)n1;O=C(NCCNc1cc(N2CCOCC2)ncn1)c1cncc(F)c1;Cn1nnnc1N1CCC(NC(=O)c2csc3c2CCCC3)CC1;COc1cc(Cl)c(C)cc1Nc1nc(C)cc(N2CCCCC2)n1;COc1ccc(Cl)cc1Nc1cc(C)nc(N2CCC(C)CC2)n1;C[NH2+]C1CCCN(Cc2cc(OC)c(OC(F)F)cc2[N+](=O)[O-])C1;COc1ccccc1C1C[NH2+]CCN1Cc1cc(F)ccc1[N+](=O)[O-];COc1cc(Cl)c(C)cc1Nc1cc(C)nc(N2CCCCC2)n1;CCOC(=O)N1CCN(c2cnnc(Nc3ccccc3F)n2)CC1;Nc1nc2c(c(NCC3CCCO3)n1)CCN(c1nccs1)CC2;Cc1cc(N2CCN(C(=O)CCc3scnc3C)CC2)nc(N)n1;CN(C)c1nc(N2CCOCC2)ncc1NC(=O)c1ccncc1F;O=[N+]([O-])c1cc(F)ccc1NCC(c1ccccc1)[NH+]1CCOCC1;CC(C)n1nnnc1-c1ccc(NC(=O)CN2CCCC2=O)cc1F;COc1ccc(Nc2cc(C)nc(N3CCCCCC3)n2)cc1Cl;COc1cc(C(=O)N2CC[NH2+]CC2c2nccn2C)ccc1[N+](=O)[O-];Cc1cc(-c2nnn(CC(=O)N3CCC(C(N)=O)CC3)n2)ccc1F;CCc1nsc(NCc2cccnc2N2CCC(C(N)=O)CC2)n1;O=[N+]([O-])c1ccccc1N1CC[NH+](CC(O)c2ccc(F)cc2)CC1;COc1ccc(F)cc1C(=O)N1CCOC(c2cc(N)cc(C)[nH+]2)C1;CCOC(=O)N1CCN(c2nncc(Nc3ccccc3F)n2)CC1;COc1ccc(Nc2cc(C)nc(N3CCCC(C)C3)n2)cc1Cl;Cc1ccc2[nH]nc(C(=O)N3CCN(c4ncccc4C#N)CC3)c2c1
m_cfb3df,CCOc1ccc(S(=O)(=O)Nc2ccc(N3CCc4ccccc43)cn2)cc1;Cc1ccc(C(=O)Nc2cccc3cnccc23)cc1S(=O)(=O)N1CCCC1;COc1ccc(S(=O)(=O)n2ccc3c(C#N)cccc32)cc1N1CCCCC1;Cc1cnc2c(S(=O)(=O)Nc3ccc(CN4CCCC4=O)cc3)cccc2c1;N#Cc1cccc(C(=O)N2CCc3cc(S(=O)(=O)N4CCCCC4)ccc32)c1;CCN(C1CCN(c2ccccc2)C1=O)S(=O)(=O)c1cccc2cnccc12;O=C(Nc1cccc2ncccc12)c1ccc(S(=O)(=O)N2CCCCC2)cc1;CCOc1ccc(S(=O)(=O)Nc2ccc(N3CCc4ccccc43)nc2)cc1;CC1CCCc2[nH+]c(S(=O)(=O)N3CCN(c4cccc(Cl)c4)CC3)cn21;COC1CC(C(=O)N2CCCC2)N(S(=O)(=O)Cc2cc(C#N)ccc2F)C1;N#Cc1cccc(C(=O)N2CCCc3cc(S(=O)(=O)N4CCCC4)ccc32)c1;Cc1cccc(N2CCC(N(C)S(=O)(=O)c3cccc4cnccc34)C2=O)c1;COc1ccc(S(=O)(=O)Nc2ccc(N3CCc4ccccc43)nc2)cc1C;Cc1ccc(S(=O)(=O)N2CCN(c3nc4ccccc4cc3C=O)CC2)cc1;CC(=O)N1CCc2ccc(S(=O)(=O)N3CCc4cc(C#N)ccc43)cc2CC1;N#Cc1ccc(S(=O)(=O)N2CCN(C(=O)c3ccc4c(c3)CCC4)CC2)cc1;O=C(Cc1ccc(NS(=O)(=O)c2cccc3cccnc23)cc1)N1CCCC1;Cc1c(S(=O)(=O)N2CC[NH+]3CCCCC3C2)cnn1-c1ccc(Cl)cc1;CNS(=O)(=O)c1ccc2c(c1)CCN2C(=O)c1cc2ccc(C)cc2nc1C;COc1ccc(S(=O)(=O)Nc2ccc(N3CCCc4ccccc43)nc2)cc1;O=C(Nc1ccnc2ccccc12)c1ccc(S(=O)(=O)N2CCCCC2)cc1;CS(=O)(=O)c1ccc(C(=O)Nc2ccc(N3CCCC3)c3ncccc23)cc1;COc1ccc(S(=O)(=O)Nc2ccc(N3CCc4ccccc43)nc2)c(C)c1;Cc1ccc(NC(=O)c2cc(S(=O)(=O)N3CCc4ccccc43)cn2C)cc1;CC1(C)CN(C(=O)C2CC2)c2ccc(S(=O)(=O)Nc3cccc(C#N)c3)cc21
m_d01f54,CCNC(=O)CCNS(=O)(=O)c1ccc(Cl)c([N+](=O)[O-])c1;CCCNC(=O)CNS(=O)(=O)c1cc([N+](=O)[O-])ccc1Cl;CCNC(=O)CNS(=O)(=O)c1cc([N+](=O)[O-])c(Cl)cc1C;COC1=CC(/C=N\NC(=O)C2=NON=C2N)=CC2=C1OC(=O)S2;CC(C)(CC(N)=O)NS(=O)(=O)c1ccc(Cl)c([N+](=O)[O-])c1;CCNC(=O)C(C)NS(=O)(=O)c1cc([N+](=O)[O-])ccc1Cl;CNC(=O)CCNS(=O)(=O)c1cc([N+](=O)[O-])c(Cl)cc1C;COc1cc(C=C2C(=O)NC(=S)NC2=O)ccc1OCC(=O)[O-];CS(=O)(=O)CCCNC(=O)c1cc([N+](=O)[O-])cc(Cl)c1N;CCn1cnc(S(=O)(=O)NC2CCCC2CBr)c1;CS(=O)(=O)NCCCNC(=O)c1cccc([N+](=O)[O-])c1Cl;O=C(CSC1CCS(=O)(=O)C1)NCC(O)c1ccsc1;CCN(CCCNc1ncccc1Br)S(C)(=O)=O;CC(C)NC(=O)CNS(=O)(=O)c1ccc(Cl)cc1[N+](=O)[O-];CCOC(=O)CCS(=O)(=O)NCCc1nc(C(=O)[O-])cs1;CC(C)(C)OC(=O)NCCCNc1nc(Br)cs1;CCC(C)(C)N(C)S(=O)(=O)c1cc(Br)cnc1N;CCS(=O)(=O)CCNC(=O)c1cc(Cl)c(N)c([N+](=O)[O-])c1;CC(C)N(CC(N)=O)S(=O)(=O)c1ccc(Cl)c([N+](=O)[O-])c1;CCn1ncc(NCCC(C)S(C)=O)c(Br)c1=O;CC(C)(C(=O)[O-])N1C(=O)SC(=Cc2ccc([N+](=O)[O-])cc2)C1=O;CC(O)C1C(=O)N2C(C(=O)[O-])=C(c3ccc([N+](=O)[O-])cc3)SC12;CC(C)(C(=O)[O-])N1C(=O)SC(=Cc2cccc([N+](=O)[O-])c2)C1=O;O=C(CCNS(=O)(=O)c1cccs1)NCCC(O)C(=O)[O-];CCCCN(C)S(=O)(=O)c1cc(Br)cnc1NC
m_d07b86,Cc1cc(NC(=O)NC2(c3ccc(Cl)cc3)CCC2)on1;Cc1noc2c1CCN(C(=O)NCc1ccc(Cl)cc1)C2;Cc1noc(C)c1NC(=O)NC1CCc2c(Cl)cccc21;Cc1cc(C)n(C(C)C(=O)Nc2ccc(Cl)cc2)c(=O)n1;COCCNc1ccc(NC(=O)c2ccc(Cl)cc2)nc1;O=C(NCc1ccccn1)NCC(O)c1ccc(Cl)cc1;COc1ncccc1CNC(=O)Nc1cccc(Cl)c1C;O=C(CC1CCOC1)Nc1ccnn1-c1ccc(Cl)cc1;Cc1cnc(NC(=O)NC2CCCc3ccc(Cl)cc32)o1;Cc1cc(C(=O)N2CCOCC2)nn1-c1ccc(Cl)cc1;CCCCn1nc(C(=O)Nc2ccc(Cl)cc2)ccc1=O;O=S(=O)(NCC1(CO)CCCC1)c1c(F)cccc1F;Cc1cccnc1NC(=O)NC(C)Oc1ccc(Cl)cc1;CC(NC(=O)Nc1cccn(C)c1=O)c1ccc(Cl)cc1;Cc1cncn(CCNC(=O)Cc2ccc(Cl)cc2)c1=O;CCOc1nc(C)c(NC(=O)c2ccc(Cl)cc2)c(C)n1;Cc1cc(NC(=O)C2CCCO2)n(-c2ccc(Cl)cc2)n1;COc1ccc(N)c(NC(=O)Nc2ccc(C)c(Cl)c2)c1;Cn1c(CNC(=O)Nc2ccc3c(c2)CCO3)n[nH]c1=S;CC1(CO)CCCC1NS(=O)(=O)c1ccc(F)cc1F;O=S(=O)(NC1CCC(CO)CC1)c1cc(F)ccc1F;CNC(=O)Nc1ccc(NCc2cc(Cl)ccc2O)cc1;CC1CC(CNS(=O)(=O)c2cc(F)ccc2F)CCO1;O=S(=O)(NC1CCC(CO)CC1)c1ccc(F)cc1F;Cc1ccnc(-c2noc(CN3CC(=O)N(C)C3=O)n2)c1F
m_d1e5ef,C=C(C)COc1ccccc1NC(=O)c1ccc(OCCc2ccccc2)cc1;COCC(CC(C)=O)C(=O)NCc1ccc(OCCc2cccc(F)c2)cc1;C=C(C)COc1ccc(C(=O)Nc2cccc(OCCc3ccccc3)c2)cc1;CCCCCOc1ccc(S(=O)(=O)NCC[NH2+]CCCNC(=O)[O-])cc1;O=C(CCCc1ccc(OCc2ccccc2)cc1)C(=O)NCc1ccccc1;CC(=O)c1ccc(NC(=O)COc2ccc(C(C)(C)c3ccccc3)cc2)cc1;CCS(=O)(=O)Nc1ccc(NC(=O)N(CCOC)CC(C)C)cc1OC;CCOc1ccc(C(=CC(=O)NCc2ccccc2)c2ccc(OC)cc2)cc1;O=C(NCc1ccc(NC2=[NH+]CCN2)cc1)c1ccc(Oc2ccccc2)cc1;CCCCC(C(=O)NCc1ccccc1)C(C)S(=O)(=O)c1ccc(C)cc1;CC(C)(C)c1ccc(OCCC(=O)OCC(=O)NCc2ccc(F)cc2)cc1;CCCCOc1ccc(C(=O)Nc2ccc(-c3cn4cccnc4[nH+]3)cc2)cc1;COc1cccnc1NC(=S)NCc1ccc(OC2CC[NH+](C)CC2)cc1;CCc1nn2c(C)c(C[NH2+]C(C)C)c(C)nc2c1S(=O)(=O)c1ccccc1;Cc1cc(C)cc(C(=O)OCC(=O)N(Cc2ccccc2)Cc2ccccc2)c1;CCOc1ccc(CNC(=O)C2CC[NH+](Cc3cccc(Cl)c3)CC2)cc1;Cc1cccn2cc(COc3ccc(C(=O)NCCc4ccccn4)cc3)[nH+]c12;C=C(C)C(C(C)C)N(Cc1ccc(OC)cc1)S(=O)(=O)c1ccc(C)cc1;Cc1ccc(OCCCS(=O)CC(=O)Nc2ccc(C(C)(C)C)cc2)cc1;COc1ccc(C2CCN(S(=O)(=O)c3ccc(C(C)(C)C)cc3)CC2)cc1;CCOc1cc(C)c(S(=O)(=O)N2CCC(Cc3ccccc3)CC2)cc1C;COC(=O)CCCNC(=O)COc1ccc(C(=O)Nn2c(C)ccc2C)cc1;O=C(CC1OCCc2ccccc21)NCc1ccc(OCc2ccccc2)cc1;CC(C)(C)c1ccc(OCC(=O)Nc2cccc(C(=O)c3ccccc3)c2)cc1;CCCOc1ccccc1Oc1ncccc1C[NH+]=C(N)N1CCSCC1
m_d1ecad,COc1ccccc1N1CCC(CNC(=O)Cc2ccc(F)cc2)C1;O=C(CCOc1ccccc1)NCC1CCN(c2ccc(F)cc2)C1;COc1ccccc1N1CCC(NC(=O)Cc2ccc(F)cc2)CC1;COc1ccccc1CC(=O)NCC1CCN(c2ccc(F)cc2)C1;O=C(NCCNc1cnccn1)c1ccccc1OCC1CCCO1;O=C(NCCNc1ncccn1)c1ccccc1OCC1CCCO1;COc1ccccc1CNC(=O)c1cnc(N2CCOCC2)nc1C;COc1ccccc1N1CCC(CNC(=O)Cc2cccc(F)c2)C1;CCOc1ccccc1C(=O)Nc1cc(F)ccc1N1CCCCC1;CCOc1ccc(C2CCCN2C(=O)Nc2cc(F)ccc2C)cc1;COCCn1c(C)c(C)c2ccnc(OCCc3ccc(F)cc3)c21;Cc1ccccc1OCC(=O)N1CCCCC1c1cc(C(N)=O)n[nH]1;Cc1cccc(C)c1OCC(=O)N1CCN(c2ccc(F)cc2)CC1;O=C(CC(O)c1ccccc1)Nc1cc(F)ccc1N1CCCCC1;Cc1ccccc1N1CCN(C(=O)C(C)Oc2ccc(F)cc2)CC1;COc1ccc(CNC(=O)N2CCN(c3ccncc3)CC2)cc1O;Cc1ccc(OCCC(=O)N2CCN(c3ccc(F)cc3)CC2)cc1;O=C(NCC1CCCCC1)c1ccc(COc2ccc(F)cc2)nc1;COc1ccccc1NC(=O)NCCn1nc2c(cc1=O)CCCC2;COc1cccc(OCC(=O)Nc2cnc(N3CCCCC3)nc2)c1;O=C(CCOc1ccccc1)N1CCCN(c2ccc(F)cc2)CC1;COc1ccccc1CCNC(=O)c1ccnc(N2CCOCC2)n1;CCN(CC)S(=O)(=O)c1ccc(N2CCN(CCO)CC2)nc1;Cc1cccc(OCCC(=O)N2CCN(c3ccc(F)cc3)CC2)c1;O=C(NCCNc1cnccn1)c1ccc(OCC2CCCO2)cc1
m_d258c4,CC(NC(=O)N1CCCC(C(=O)NCC2CC2)C1)C1CCCOC1;CC(C)CNC(=O)N1CCCC(CC(=O)NC2CC3CCC2O3)C1;Cc1ccc(C(=O)N2CC[NH+](C)C(CCO)C2)cc1OCCC[NH3+];O=C(NCC1CCCCO1)N1CCN(C(=O)C2CCCCC2)CC1;CC(C)C(=O)NCC1CCCN(C(=O)NC2CCOC2C2CC2)C1;O=C(NCC1CCCOC1)C1CCCN(C(=O)NC2CCCC2)C1;CC(NC(=O)NC1CCN(C(=O)C2CCCCC2)C1)C1CCCO1;CCC1(CNC(=O)N2CCC(NC(=O)C3CC3)CC2)CCOCC1;CCCN1CC(CNC(=O)N2CCC(C3CCCO3)CC2)CC1=O;CC1CCN(C(=O)C2CCN(C(=O)NCC3CCCO3)CC2)CC1;O=C(NCC1CCCO1)C1CCN(C(=O)NC2CCCCC2)CC1;CC(CC1CCCO1)NC(=O)N1CCC(N2CCCCC2=O)CC1;Cc1noc(C)c1CN(C)C(=O)NCC1CCCOC1C(C)(C)C;O=C(NC1CCCOCC1)C1CCCN(C(=O)NC2CCCC2)C1;Cc1nn(C)c(C)c1OCC(=O)NCC1CCCOC1C(C)(C)C;CC(NC(=O)N1CCC(N2CCCCC2=O)CC1)C1CCCOC1;CC1CC(CNC(=O)C2CCCN(C(=O)N3CCCC3)C2)C(C)O1;O=C(CCNC(=O)N1CCC(OC2CCC2)CC1)N1CCCCC1;CC(C)N1CC(NC(=O)N2CCC(OC3CCCC3)CC2)CC1=O;C[NH+](C)CCOc1ccccc1CNC(=O)C1(C[NH3+])CCOCC1;CC(C)CC1COCCN1C(=O)NC1CCN(C(=O)C2CC2)CC1;COc1ccccc1CNC(=O)C(C)[NH+]1CCOC(C[NH+](C)C)C1;O=C(NC1CCCCC1)NC1CCN(C(=O)C2CCCOC2)CC1;O=C(C1CCCCC1)N1CCC(NC(=O)N2CCCC2CCO)C1;CCCNC(=O)C1CCCN(C(=O)NC2CCOC(C3CC3)C2)C1
m_d274b6,COc1ccc(S(=O)(=O)N2CCCC2C[NH+]2CCCC2)c(C)c1C;CCCCCCCCCCc1c(OC)c(OC)c(O)c(O)c1C(=O)[O-];CCCCCCCCCCCC(=O)C1(O)CC(C(=O)[O-])=CC(O)=C1O;COc1cc(N(CCNC(=O)NC(C)C)C(C)=O)cc(OC)c1OC;CCCCCc1c(CCCCC)c(C(=O)[O-])c(O)c(OOC)c1OC;COc1cc(CC2[NH2+]CCc3c2[nH]c2ccccc32)cc(OC)c1OC;COc1cccc(C[NH+](Cc2cnn(C)c2)Cc2ccccn2)c1OC;COc1cc(C)c(S(=O)(=O)N2CC[NH+](C3CCCC3)CC2)cc1C;Cc1ccc(S(=O)(=O)OC2CC(N3CC[NH+](C(C)C)CC3)C2)cc1;CC(C)(C)c1ccccc1Nc1cc(N2CCC(C(=O)[O-])CC2)ncn1;COc1ccc(S(=O)(=O)N2CC[NH+](C3CCC(C)CC3)CC2)cc1;COc1ccc(S(=O)(=O)N2CCC(C[NH+]3CCCCC3)CC2)cc1;COc1cccc(CC[NH2+]Cc2cc3cccc(C)c3[nH]c2=O)c1OC;Cc1c(CS(C)(=O)=O)cccc1NC(=O)CC1(C[NH3+])CCCCC1;C[S+](C)CCC(NC(=O)OC(C)(C)C)C(=O)NCc1ccccc1;COc1ccc(S(=O)(=O)N2CC[NH+](C3CCCC(C)C3)CC2)cc1;Cc1ccc(S(C)(=O)=O)cc1C(=O)NCC(C)(C)[NH+]1CCCCC1;COCC(C)(C)c1cc(NC(=O)C2CCN2C(=O)OC(C)(C)C)on1;CC(NC(=O)C[NH+]1CCCCCCC1)c1ccc(S(C)(=O)=O)cc1;COc1ccccc1COC1CCN(C(=O)C([NH3+])CCSC)CC1;C[NH+]1CCN(S(=O)(=O)C(c2ccccc2)C2(O)CCCCC2)CC1;CCCCCCNC(=O)NCCc1cc(OC)c(OC)cc1[N+](=O)[O-];CCS(=O)(=O)c1ccc(C(=O)NCC(C)[NH+]2CCC(C)CC2)cc1;CCCCCCCCCCCC1Nc2ccc(S(=O)(=O)[O-])cc2N1;Cc1cccc(C(C)(C)CNC(=O)C2(S(C)(=O)=O)CC[NH2+]CC2)c1
m_d3998e,COc1cc(Cl)c(C)cc1NC(=O)N1CCOCC1C;CN1CC(=O)N(CC(=O)NC2COCC2(C)C(=O)[O-])C1=O;CCNC(=O)C1COCCN1C(=O)Cc1csc(N)n1;CC(OCC1CCOC1)C(=O)Nc1ccc(Cl)cc1N;CC1(C)CN(C(=O)Nc2ccccc2Cl)CC(CO)O1;Cc1cnc(C(=O)NC2CCCN(S(C)(=O)=O)C2)cn1;CCNC(=O)C1COCCN1c1c(Cl)cccc1CO;COc1cc(Cl)c(C)cc1NCC(=O)N1CCOCC1;CCOc1ccc(NC(=O)N2CCCC(O)C2)cc1Cl;CC(=O)NC(CN1C(=O)NC2(CCOCC2)C1=O)C(=O)[O-];O=c1nc(N2CCOCC2)[nH]c2nccc(-c3ccco3)c12;COc1ccc(Cl)cc1NC(=O)NCC1CCCOC1;O=C(NCc1ccccc1Cl)NCC1(O)CCOCC1;COc1ccc(NC(=O)N(C)CC2CCCO2)cc1Cl;Cc1ccc(Cl)cc1NC(=O)NCC1(O)CCOCC1;COc1cc(C(=O)NCC2CNCCCO2)ccc1Cl;Nc1cc(=O)nc(SCCCC(=O)N2CCOCC2)[nH]1;CCCCCc1nnc(NC(=O)CN2CCOC2=O)s1;COCC(C)N1CC(C(=O)Nc2nnc(C)s2)CC1=O;CC1(CO)OC(C)(n2cnc3c(=O)nc(F)[nH]c32)CC1O;CC1(C)CN(C(=O)c2cccc(Cl)c2N)CC(CO)O1;COc1ccc(Cl)cc1CN(C)C(=O)C1COCCN1;CCNC(=O)C1COCCN1c1ccc(Cl)cc1CO;CC1(C)CN(C(=O)c2c(N)cccc2Cl)CC(CO)O1;COP(=O)(CCN1CCN(c2ccccc2)C1=O)OC
m_d4c45b,CC1CCCC(C)N1S(=O)(=O)c1ccc2c(c1)OCO2;O=S(=O)(c1ccc2c(c1)OCCCO2)N1CCCCC1;CC1(C)CS(=O)(=O)CC(c2ccc3c(c2)OCCO3)N1;CC1CCS(=O)(=O)CC(c2ccc3c(c2)OCCO3)N1;CCC1CN(S(=O)(=O)c2ccc3c(c2)CCO3)CCO1;CCC1C(NC)c2cc3c(cc2S1(=O)=O)OCCCO3;CCC(C)C(CO)N1C(=O)Cc2ccccc2S1(=O)=O;CC1CCC(NS(=O)(=O)c2ccc3c(c2)OCCO3)C1;COCCNC(=O)C(C)Sc1ccc2c(c1)OCCO2;COC1CCN(S(=O)(=O)c2ccc3c(c2)CCCO3)C1;CCCS(=O)(=O)NC1(c2ccc3c(c2)OCCO3)CC1;CC(C)N(C1CC1)S(=O)(=O)c1ccc2c(c1)OCCO2;CNC(CS(=O)(=O)c1ccc2c(c1)OCCO2)C1CC1;CC1CN(S(=O)(=O)c2ccc3c(c2)CCO3)CC1CO;CC(NS(=O)(=O)C1(C)CC1)c1ccc2c(c1)OCCO2;CCCCS(=O)(=O)N1CCc2cc3c(cc2C1)OCO3;COC(=O)c1cccc(C(=O)N2CCOc3ccccc32)c1;CC(C)(C(=O)N1CCOC(CC(=O)O)C1)c1cccs1;COC(=O)N1CCC2(CC1)OC(OC)Cc1sccc12;CCC(O)C(C)C(=O)N1C(C)c2ccccc2S1(=O)=O;CC([NH2+]C1COc2ccccc21)c1cnc2ccsc2c1;O=C1C2C3C=CC(C3)C2C(=O)N1c1ccc2c(c1)OCCO2;O=C(Nc1ccc2c(c1)OCO2)c1ccc2c(c1)CCCO2;COC(=O)c1scc(C)c1NC(=O)CCC1CCCO1;O=C(CC(=O)c1ccccc1)Nc1ccc2c(c1)OCCO2
m_d56a4e,Cc1ccc(N)c(NCCNC(=O)c2cccnc2)n1;Cc1ccnc(NCCNC(=O)c2cccnc2)c1N;Nc1cc2c(cc1NCCn1ccnc1)CCC(=O)N2;Cc1cc(N)cnc1NCCNC(=O)c1ccncc1;Cc1cc(CNC(=O)c2cccnc2)nc(N(C)C)n1;Cc1ccc(C(=O)NCCNc2nccc(N)n2)cc1;CN(Cc1nnc2n1CCC2)C(=O)c1cccc(N)c1;CC(C(=O)N1CCc2cccc(N)c2C1)n1cncn1;O=C(NCCn1ccnc1)c1ccc2c(c1)NCCN2;Nc1cccc(C(=O)N2CCCC(n3cncn3)C2)c1;CN1CCc2ccc(C(=O)NCc3ncn(C)n3)cc21;CC(Cn1ccnc1)Nc1cc2c(cc1N)CC(=O)N2;C=CCNC(=O)c1ccc(NCc2cn(C)nn2)cc1;Nc1ccc(N2CCN(C(=O)c3ccn[nH]3)CC2)cc1;Cn1nccc1C(=O)N1CCC(Nc2cccnc2)C1;CCCCNC(=O)c1c(-c2cccnc2)cnnc1N;CN(C)c1ccc(N)cc1C(=O)NCc1ccncn1;Nc1cccnc1C(=O)NC1CCCC1n1ccnc1;Cc1ccnc(NCCNC(=O)c2ccncc2)c1N;CN(C)c1cccc(NC(=O)c2cc(NN)ccn2)c1;C[N+](C)(C)c1cccc(OC(=O)c2ccc(N)cc2)c1;CN(C)c1cccc(Nc2ncc(N)cc2C(N)=O)c1;Cc1cc(CNC(=O)c2ccncc2)nc(N(C)C)n1;Cc1cccc(CN(C)C(=O)c2ccncc2NN)n1;Nc1ccc(N2CCN(c3ncc[nH]c3=O)CC2)cc1
m_d6c1c0,N#Cc1cc(F)ccc1CN1CCCC(c2noc(C3CC3)n2)C1;CCc1c[nH]c2ncnc(N3CCOC(c4ccccc4F)C3)c12;Cc1nc2cc(-c3ccc(F)cc3)nn2c(N2CCOCC2)c1C;Cc1noc(C2CCCN(c3ncnc(-n4cccn4)c3N)C2)n1;Cc1nc2cc(-c3cccc(F)c3)nn2c(N2CCOCC2)c1C;O=C(NC1CCCN(c2ncc[nH]c2=O)C1)C1CCC(F)(F)C1;COc1cc(CNC2CCN(c3ncccc3F)C2)ccc1C#N;Nc1nc(NCC[NH3+])nc2c1ncn2C1OC(CO)C(O)C1O;CCCNc1ncnc2c1cnn2CCNS(=O)(=O)CCC;CN1CCC2CN(C(=O)Nc3cccnc3OCC(F)F)CC21;CCC(C)CC(=O)Nc1nccc(-n2ncc3c(N)ncnc32)n1;CCC(C)NC(=O)c1cc(-c2ccc(F)cc2)nc2c1cnn2C;CC(C)c1cnc(C2CCCN2c2ncnc3cc(F)ccc23)o1;Cc1nc2c(cc1C(=O)N(C)Cc1ccc(F)cc1)c(C)nn2C;Cc1nc2ncnn2c(N2CCC(n3cc(C(N)=O)cn3)C2)c1C;CC(C)n1ncc2cc(C(=O)NCCc3ccc(F)cc3)cnc21;O=C(N1CCCN(c2cccnn2)CC1)C(F)(F)C1(O)CCC1;Cc1nn(C)c2ncc(C(=O)N(C)C(C)c3ccc(F)cc3)cc12;Cc1occc1C(=O)N1CCN(c2ncnc3c2cnn3C)CC1;O=C(NN1CC2CCCC2C1)c1cnc(-c2cccc(F)c2)nc1;COC1CCCN(c2cc(-c3ccc(F)cc3)nc3ccnn23)C1;Cc1nc2c(cnn2-c2ccc(F)cc2)c(=O)n1C1CCCCC1;O=C1c2cnc(N3CCCCCC3)nc2CN1c1cccc(F)c1;Nc1ccc(C2CCCN2C(=O)C2(c3ccccc3F)CC2)nn1;O=C(C=Cc1ccccc1F)NCc1ccnc(N2CCCC2)n1
m_d74296,CCc1c(C)c2ccc(NC(=O)C=Cc3ccc(OC)c(OC)c3)cc2[nH]c1=O;COc1cc(C=CC(=O)NCc2ccccc2)ccc1OCc1c(C)noc1C;C=CCOc1ccc(C=CC(=O)Nc2cccc(C(=O)NC3CC3)c2)cc1OC;COC1=CC=C(/C=C/C2=NNC(/C=C/C3=CC=C(OC)C(OC)=C3)=C2)C=C1OC;CCN(C(=O)CON=Cc1ccc(OC)c(OC)c1)c1cccc2ccccc12;CCCCOc1ccc(C=CC(=O)OCC(=O)[N-]C(=O)OCC)cc1OCC;COc1cc(C(=O)C=Cc2ccc(OC)c(Cn3nc(C)cc3C)c2)ccc1O;CNC(=O)c1ccc(C=CC(=O)Nc2ccc3c(c2)OC2(CCCCC2)O3)cc1;COc1ccc2nc(C(=O)N3CCCC3c3ccc(OC)c(OC)c3)ccc2c1;COc1ccc(C=CC(=O)NCCCOc2cccc3cccnc23)c(OC)c1;O=C(C=Cc1ccccc1)NCC(=O)N1CCC(C(=O)c2ccc(O)cc2)CC1;COc1ccc(C=CC(=O)N(C)CCCNc2cc(=O)oc3ccccc23)cc1;CCCOc1ccc(C=C2C(=O)N(c3ccc(C(C)=O)cc3)N=C2C)cc1OC;CC(=O)Oc1cccc(C(=O)NC2CCN(C(=O)C=Cc3ccccc3)CC2)c1;COc1cc(C=Cc2ccc3c([N+](=O)[O-])cccc3n2)ccc1OCCC(C)C;CN1C(=O)Cc2cc(C3(CCNC(=O)C=Cc4ccccc4)OCCO3)ccc21;COc1ccc(C(=O)NCC(=O)N(C)Cc2ccc3ccccc3c2)cc1OC;COCOc1ccc(C=Cc2ccnc(-c3cc(C)ccn3)c2)cc1OCOC;COC(=O)c1cccc(NC(=O)C2CCN(C(=O)C=Cc3ccccc3)CC2)c1;CC(C)C(NC(=O)C=Cc1ccc(OCC#N)cc1)c1ccc2c(c1)OCCO2;COc1ccc(CCNC(=O)c2cn3c4c(cccc4c2=O)CC3C)cc1OC;COc1ccc(CC(=O)NCCNC(=O)c2cccc3ccccc23)cc1OC;COc1cccc2cc(C(=O)Nc3ccccc3C(=O)N3CCCCCC3)oc12;COc1ccc(C2CCCN2C(=O)Cc2coc(-c3ccccc3)n2)cc1OC;CCCNC(=O)C(C#N)=Cc1ccc(OC(=O)CCc2ccccc2)c(OC)c1
m_d7ad1b,COc1cc(C)cc(Oc2ncc(Cl)cc2C(=O)NC(C)c2ccc(C(=O)[O-])cc2)c1;CSc1nc(-c2ccc(Cl)cc2)c(C#N)c(N2CCN(c3ccc(F)cc3)CC2)n1;COc1ccc(-c2csc3ncnc(NC(C)c4ccc(S(C)(=O)=O)cc4)c23)cc1;COc1ccc(-c2nc(C(F)F)oc2-c2ccc(OCCNS(C)(=O)=O)cc2)cn1;Cc1ccc(NC(=O)C(C)c2ccc3c(c2)OC(F)(F)O3)nc1-c1cccc(C(=O)[O-])c1;Cc1cc(Oc2ncccc2C#N)ccc1NC(=O)C(C)S(=O)(=O)c1ccc(F)cc1;CC(Nc1ncc(C#N)c(-c2c[nH]c3ncc(C(F)(F)F)cc23)n1)c1ccc([S-])cc1;O=C([O-])COc1cccc(C=C(C(=O)[O-])c2nc(-c3ccccc3)c(-c3ccccc3)o2)c1;COc1ccc(NC(=O)Cn2cnc3scc(-c4ccc(F)cc4)c3c2=O)c(OC)c1;CC1(C)C(=O)N(c2ccc(C#N)c(C(F)(F)F)c2)C(=S)N1C1CCN(C(=O)[O-])CC1;CNC(=O)c1c(-c2ccc(F)cc2)nc2sc(-c3cc(C(=O)OC)ccc3OC)cn12;COCCN1CCn2c1nc(C(=O)NCc1ccc(F)cc1S(C)(=O)=O)c([O-])c2=O;NC(=O)C1CCN(c2nnc(-c3cccc(Br)c3)n2Cc2ccccc2)CC1;CCOC(=O)c1c(NC(=O)CC#N)cc(Cl)n1-c1ccc(-c2ccc(C)cc2F)cc1;Cn1ccnc1C(NC(=O)Cc1csc(NC(=O)c2ccco2)n1)c1ccc(F)cc1;COc1ccccc1NS(=O)(=O)c1cccc(C(=O)NC(C#N)c2ccccc2F)c1;CC(NC(=O)C(NC(=O)c1ccc(Cl)c([N+](=O)[O-])c1)C(C)C)c1ccc(F)cc1F;COc1ccc(C)cc1NS(=O)(=O)c1ccccc1-c1nc(-c2ccc(F)cc2)no1;O=C(C[NH+]1CCN(C(=O)c2ccc(F)cc2Cl)CC1)NC(=O)NCc1cccs1;Cc1cccc(OCc2ccc(C(=O)Nc3nn(Cc4ccc(F)cc4)cc3Cl)o2)c1;O=C([O-])CC(NC(=O)Nc1cccn(Cc2ccccc2[S-])c1=O)c1cccc(F)c1;C[NH+]1CCc2nc(SCC(=O)Nc3cccc(F)c3)c(C#N)c(-c3cccs3)c2C1;CNC(=O)C(=NOC)c1ccc(F)cc1Oc1ncnc(Oc2cccc(C#N)c2)c1F;CSc1nc(C#N)nc2nc(-c3cccc(C)c3)n(Cc3ccc(C(F)(F)F)cc3)c12;O=C(Nc1nc2c(s1)CCC2C(=O)Nc1ccc2c(c1)OCCO2)c1ccc(F)cc1
m_d7ecc5,N#Cc1cc2ccccc2nc1N1CCN(c2ccncn2)CC1;N#Cc1cc2cccnc2nc1N1CCN(c2ccccn2)CC1;COC(=O)C(CC(C)C)NC(=O)C1=CC(O)=NC2=CC=CC=C12;Cc1cc(Nc2ccccc2C#N)nc(NCc2ccccn2)n1;CCN(c1ccccc1)c1nncc(Nc2ccccc2C#N)n1;Cc1cc(NCc2ccccn2)nc(Nc2ccccc2C#N)n1;CCNc1nc(Nc2ccccc2C#N)cc(-c2cccnc2)n1;CN(Cc1ccccc1)c1cnnc(Nc2ccccc2C#N)n1;COc1cc(OCC(=O)N2CCOCC2C2CC2)ccc1C#N;COc1cccc2c1CCC2Nc1c(C#N)c[nH+]c2ccccc12;N#Cc1ccccc1Nc1cnnc(NCCc2ccccc2)n1;O=C(NC1COCCC1OCCO)c1cccc2cccnc12;CCCOC(=O)CCNC(=O)c1ccc2cc(OC)ccc2n1;N#Cc1nnc2ccccc2c1N1CCc2c(ncn2C2CC2)C1;COc1ccc(C=C(C#N)C(=O)NCC2CCCO2)cc1OC;CCOC(=O)CN(C(=O)C(C)Oc1cccc(C#N)c1)C1CC1;CN(c1ccc(C(C#N)=CC2CC2)nc1)c1ncnc2[nH]ccc12;CC(C)(C)OC(=O)N1CC(C(O)c2ccc(C=O)c(C#N)c2)C1;CCOCCCNC(=O)C(C#N)=Cc1ccc2c(c1)OCCO2;COCCNC(=O)C(C#N)=Cc1ccc(OC(=O)C(C)C)cc1;CCOc1cc(C=C(C#N)C(=O)NCC2CCCO2)ccc1O;N#Cc1c[nH+]c2ccccc2c1NCC1CCOc2ccccc21;N#Cc1ccnc(N2CCC(c3ccc4cccnc4n3)CC2)n1;COc1ccc2[nH]c3c(c2c1)CC[NH2+]C3=C(C#N)c1ccccc1;CCc1ccc(Nc2nncc(Nc3ccccc3C#N)n2)cc1
m_d86693,COc1ccc(-n2c(Cc3c[nH]c4ccccc34)n[nH]c2=S)cc1;Cc1ccc(CNc2nc(-c3ccc4[nH]c(=O)[nH]c4c3)cs2)cc1;CC(=O)NCCSc1nnc(Nc2ccc(C(C)C)cc2)s1;Cc1ccc2c(c1)N(C(=O)Nc1nc(-c3cccnc3)cs1)CC2;CCC(Sc1nnc(N)s1)C(=O)Nc1ccc(C(C)C)cc1;COc1cc(Cl)c(C)cc1NCC(=O)NCc1ccc(F)cc1;CC(=O)c1cc2c(cc1NC(=O)Cc1c[nH]c3ccccc13)OCO2;O=C1CN(C(=O)c2c[nH]nc2-c2cccc(OC(F)F)c2)CCN1;CN(C)c1ccc(C(O)CNC(=O)c2ccc(F)cc2Cl)cc1;COCC[NH2+]CC(=O)Nc1nc(-c2ccc3c(c2)OCO3)cs1;O=C(Cc1csc(-c2ncccn2)n1)Nc1ccc2c(c1)CCC2;CN(Cc1nc2ccccc2s1)C(=O)Nc1cccc2[nH]ccc12;CCCN(CCC)C(=O)Cc1csc(-c2ccccc2Cl)n1;CC(O)C1C(=O)N2CC(CNc3ccc(N)cc3)(C(=O)[O-])SC12;CC(=NNc1nc2ccccc2s1)c1ccc2c(c1)CCC(=O)N2;Cc1ccc2nc3sc(Nc4ccc(C)c(C)c4)nn3c(=O)c2c1;Cc1nc(-c2ncccn2)sc1C(=O)N1CCc2ccccc2C1;C=CC1OCCC1C(=O)NCCc1c[nH]c2cc(F)c(Cl)cc12;CCc1cnc(CNC(=O)Nc2cc(NC(C)=O)ccc2F)s1;O=C(Cn1cccc(C(F)(F)F)c1=O)NC1CCc2ccccc21;CCC(NC(=O)CCc1nc2sc(C)c(C)c2c(=O)[nH]1)C(=O)[O-];O=C(Cc1c[nH]c2ccccc12)N(Cc1ccco1)CC(F)(F)F;CCn1cc(S(=O)(=O)NCCc2c[nH]c3ccc(F)cc23)cn1;Cn1c(SCC(O)c2ccc(C#N)cc2)nnc1-c1ccccc1;Cc1[nH]c(=O)c(C#N)cc1-c1csc(-c2ccccc2N(C)C)n1
m_d90c36,COc1ccc(CCC(=O)NCc2nc(C)no2)cc1OC;CCCc1nc(CNC(=O)c2ccc(OC)c(OC)c2)no1;COc1cc(C(=O)Nc2cc(C)nn2C)cc(OC)c1OC;COc1cc(NC(=O)c2cc(C)nn2C)cc(OC)c1OC;CCOc1cc(NC(=O)NCc2ncoc2C)ccc1OC;CCCNC(=O)C1=NN=C(CC2=CC=C(OC)C(OC)=C2)O1;CCOc1ccc(C(=O)NCc2nc(C)no2)cc1OCC;COc1ccc(-c2noc(CNC(=O)C(C)C)n2)cc1OC;CCCCC(=O)Nc1nnc(-c2ccc(OC)c(OC)c2)o1;COc1cc(OC)c(OC)cc1CNC(=O)Cn1ccnc1;COc1cc(OC)c(OC)cc1CNC(=O)c1cnn(C)c1;COc1ccc(CNC(=O)CN2C(=O)NC(C)(C)C2=O)cc1;CCCNC(=O)c1onc(-c2ccc(OC)c(OC)c2)c1N;COc1ccc(C2(C)NC(=O)N(C(C)C(N)=O)C2=O)cc1C;COc1ccc(-c2noc(C(=O)NC(C)C)c2N)cc1OC;CCCCC(=O)Nc1nonc1-c1ccc(OC)c(OC)c1;CCOc1ccccc1NC(=O)CN1C(=O)NC(C)(C)C1=O;COc1cccc(-c2noc(NCC3CCCO3)n2)c1OC;COc1ccc(OC)c(C(O)CNC(=O)c2cnn(C)c2)c1;CCCn1c(=O)cc(Nc2ccc(OC)cc2OC)[nH]c1=O;COC1=CC2=C(C=C1OC)C(=O)N(CC(=O)NC(C)C)C=N2;COc1cccc(OCCNC(=O)Nc2c(C)noc2C)c1;COc1cccc(NC(=O)NCCCN2C(=O)CCC2=O)c1;COc1ccccc1CCC(=O)NCCN1C(=O)CNC1=O;COc1nc(CC(C)C)c(=O)[nH]c1C(=O)NCc1ccco1
m_daf5f1,CC(C)n1cnnc1-c1ccccc1NC(=O)NC1(C)CCOCC1;CC(C)n1cnnc1-c1ccccc1NC(=O)NC1(CO)CCCC1;CN(C)C(=O)C1CCCN1CCCNC(=O)c1n[nH]c2ccccc12;Cc1nc2ccccc2n1CCCNC(=O)NC1CCCCNC1=O;Cc1nc(C)n(CC2CCCN2Cc2cccc(OCC(N)=O)c2)n1;CCn1cnnc1-c1ccccc1NC(=O)N1CCCC(C)C1CO;COc1ccccc1CNC(=O)CC1(Cn2cnnn2)CCCCC1;COCC1(CNC(=O)NC(C)c2ccc(-n3ccnn3)cc2)CCC1;C[NH2+]CCC[NH2+]Cc1cc(Cl)ccc1OCC(=O)NC(C)(C)C;COCCC1(C(=O)Nc2ccc(C)c(-n3nnnc3C)c2)CCCC1;C[NH+]=C(NCc1ccnc(C)n1)N1CCN(c2ccc(F)cc2)CC1;CNC(=O)C(CC(C)C)NC(=O)c1ccc(-n2nc(C)nc2C)cc1;CCn1cnnc1-c1ccccc1NC(=O)N1CCCC1C(C)(C)O;CC(C)CNC(=O)N1CCCC(C(=O)Nc2cccc3[nH]cnc23)C1;CC(NC(=O)N1CCCC1C(C)(C)O)c1ccc(-n2ccnn2)cc1;CCC1(CO)CCCN1C(=O)NC(C)c1cn(-c2ccccc2)nn1;Cn1cc(-c2nn(C)cc2C(=O)N2CCC(C3CCCO3)CC2)cn1;CCc1cc(=O)[nH]c(-c2ccc(NCCNC(=O)C(C)(C)C)nc2)n1;CC(C)NC(=O)CN1CCOCC1c1ncn(Cc2ccccc2)n1;CCCCOc1ccc(NC(=O)N2CCC(n3ccnn3)CC2)cc1;CC(C)(C)C(=O)N1CCC(Cn2nnn(-c3ccccc3)c2=O)CC1;CC(C)(C)c1cc(NC(=O)N2CCCC2CO)n(-c2ccccn2)n1;COCCCNc1cc(Nc2ccccc2N2CCOCC2)ncn1;Cn1cnnc1CNC(=O)CC1(O)CCCN(Cc2ccccc2)C1;CCCOc1ccccc1NC(=O)c1nnn(C2CCNCC2)c1C
m_db2018,Cc1cc2ccccc2nc1NCCNC(=O)c1ccco1;Cc1cc(C)n(-c2ccccc2CNC(=O)c2ccco2)n1;COc1ccccc1-c1cncnc1N(C)Cc1ccco1;O=C(NCCCn1cnc(-c2ccccc2)c1)c1ccco1;Cc1ccc(C)c(-n2ncc(NC(=O)c3ccco3)c2C)c1;CN(Cc1ccco1)C(=O)c1cnn(Cc2ccccc2)c1;Cc1cc(NCc2ccco2)cc(=O)n1Cc1cccnc1;O=C(CCc1cnn(-c2ccccc2)c1)NCc1ccco1;CCOc1cc(-c2nccc(C)n2)nc2cc(OC)ccc12;COc1ccc(OC)c(Cc2cc(-c3ccncc3)n[nH]2)c1;O=C(c1ccco1)N1CCN(c2cccc3[nH]ccc23)CC1;COc1ccc(CN(C)C(=O)c2ccc3nc[nH]c3c2)cc1;CCc1noc(C[NH+]2CCN(c3nc(C)ns3)CC2)n1;Cc1cccc2ncnc(N3CCOC(c4ccco4)C3)c12;CC(C)(C)c1nsc(N2CCOC(C(=O)C3CC3)C2)n1;c1cncc(C2CCN(Cc3cc(-c4ccco4)on3)C2)c1;Cn1c(N)nc(CCc2cccc(-c3ccco3)c2)cc1=O;COc1ccc2ncn(C(C)c3ncccc3C)c(=O)c2c1;Cc1cc(C)n(-c2cccc(C(=O)NCc3ccco3)c2)n1;COc1cc(C)ccc1Cn1cnc2c(C)nccc2c1=O;Cc1nc2cc3c(=[NH2+])n(Cc4ccco4)cnc3nc2n1C;COc1ccc(CC(=O)N(C)c2ccc3nc[nH]c3c2)cc1;Cc1ccc(-c2cc(C(=O)NCc3ccco3)nn2C)cc1;COc1c(-c2ccnc3ccccc23)cnn(C(C)C)c1=O;Cc1ccccc1CCCn1cc(-c2nnco2)ccc1=O
m_db2c0e,C=C1Sc2c([nH]c(N)nc2=O)N1C1OC(CO)C(F)C1O;Nc1[nH]c(=O)c2ncn(C3OC(CO)C(O)C3O)c2c1Cl;COCC1OC(n2cnc3c(=S)nc(F)[nH]c32)C(O)C1O;COc1ccc2c(c1)S(=O)C1C(O2)OC(CO)C(O)C1O;Nc1nc(=O)c2c(Cl)cn(C3OC(CO)C(O)C3O)c2[nH]1;COc1nc(Cl)nc2c1ncn2C1OC(CO)C(O)C1O;CC1(n2c(=O)sc3cnc(N)nc32)OC(CO)C(F)C1O;Cc1cnc(NC(=O)Cn2c(=O)[nH]c(=O)c3ccccc32)s1;COC(=O)CSc1nc2c(cnn2-c2ccccc2)c(=O)[nH]1;O=C(NN1C(=O)CSC1c1ccc(O)cc1)c1cnccn1;COc1ccc(Cl)cc1C(=O)N1CC(=O)Nc2ccccc21;O=C1CN(C(=O)COc2cccc(Cl)c2)c2ccccc2N1;Cc1csc(NC(=O)Cn2c(=O)[nH]c3ccccc3c2=O)n1;Cc1nccn1C(=O)c1ccc(COc2cccc(Cl)c2)o1;O=C(NCC1Oc2ccccc2NC1=O)c1ccc(Cl)cc1;O=C(O)CSCc1nc2c(cnn2-c2ccccc2)c(=O)[nH]1;Nc1ccc(Sc2n[nH]c(=O)n2C2CC2)c(C(F)(F)F)c1;O=C(NCCn1c(=O)[nH]c2ccsc2c1=O)c1ccccn1;OCC1OC(C2OC(CO)C(O)C2(O)S)C(O)(F)C1O;CCc1nnsc1C(=O)OCc1nc(=O)c2ccccc2[nH]1;CC(C)[NH+]1CCOC(Cn2cncc(Br)c2=O)C1;Cc1cnc(C(C)NS(=O)(=O)c2c(CO)n[nH]c2C)s1;COc1ccc(O)c(C2=NN(c3ccc(Cl)cc3)C(=O)C2)c1;Cn1cc[nH+]c1CCNS(=O)(=O)c1cnc(N)c(Cl)c1;O=C1COc2c(cccc2C(=O)NCc2ccccc2Cl)N1
m_dbd1b2,O=C1NNC(=O)C1CCC(=O)N1CCN(c2ccccc2F)CC1;COC1(c2nccn2C)CCN(c2ccc([N+](=O)[O-])cc2F)CC1;COc1cc(N2CCC(c3cnn(C)c3)CC2)c([N+](=O)[O-])cc1F;CCc1nnc(N2CCN(C(=O)COc3ccccc3F)CC2)o1;Cc1nc(CN2CCN(C(=O)COc3ccccc3F)CC2)no1;COC1CN(C(=O)CCOc2ccccc2F)CC1c1c[nH]nn1;Cn1c(SCC(=O)N2CCCCCCC2)nnc1-c1ccco1;CCn1cc(C(=O)NN)c(=O)c2cc(F)c(N3CCOCC3)cc21;O=C(CCOc1ccc(F)cc1)N1CCCC(O)(c2cn[nH]n2)C1;O=C(NCC1CCCO1)c1cn(CCOc2ccc(F)cc2)nn1;COCC1c2nnn(C)c2CCN1C(=O)c1ccc(OC)c(F)c1;CCC1NC(=O)C2CN(C(=O)Nc3cccc(F)c3)CCN2C1=O;CC(C)(C)OC(=O)NC1(C)NSON1CCCCCC(=O)[O-];COc1ccc(C(=O)N2CCCC(O)(Cn3ccnn3)C2)c(F)c1;O=C(COc1cccc(F)c1)N1CCCC(O)(Cn2ccnn2)C1;O=C(NCCN1CCOCC1)c1nn(-c2ccccc2F)cc1O;O=C(CCOc1ccc(F)cc1)N1CCC(O)(Cn2ccnn2)C1;COc1ccc(F)cc1C(=O)N1CCCC(O)(Cn2ccnn2)C1;CCS(=O)(=O)c1ccccc1N1CCC(Cn2cncn2)CC1;CN1CC(=O)N(CC(=O)N2CCN(c3ccc(F)cc3)CC2)C1=O;C[NH+]1CCN(c2ncccc2CNC(=O)Nc2nncs2)CC1;COc1cccc(C(=O)N2CCCC(O)(Cn3ccnn3)C2)c1F;CCNC(=O)N1CCC(c2noc(COc3ccc(F)cc3)n2)C1;CN(CC1OCCC1c1ncn[nH]1)C(=O)COc1ccccc1F;CC1(C)CN(c2c3c(cc4cn[nH]c24)CC3)CCN1S(C)(=O)=O
m_dbd5d0,O=C1CN(c2cc(C(=O)N3CCOCC3)c3ccccc3n2)CCN1;COc1ccc2c(C(=O)N(C)C)cc(-c3cnn(CCO)c3)nc2c1;O=C(NCC(=O)N1CC2CNCC2C1)c1cnc2ccccc2c1O;CCn1c(NC(=O)c2cccnc2OCCOC)nc2ccccc21;Cc1c(C(=O)NCCOCCO)cnn1-c1ccc2ccccc2n1;COc1cc(N2CCOCC2)ccc1C=NNC(=O)c1ccncc1;CN(C)S(=O)(=O)N1CC2CCCOC2C(Nc2ccccn2)C1;C=Cc1c([N+](=O)[O-])cnn1C1CCN(C(=O)OC(C)(C)C)CC1F;CCOC(=O)c1c(N)n(CC2CCCO2)c2nc3ccccc3nc12;CC(C)C(C)(O)C(=O)NCc1cc(Cl)ccc1N1CCOCC1;COc1cn(CC(=O)NCCc2nc3ccccc3[nH]2)c(C)cc1=O;CC(O)C(CCOc1ccc2ccccc2n1)n1cnc(C(N)=O)c1;O=C1CCc2cc(C(=O)Nc3cnn(CC4CCCO4)c3)ccc2N1;COCCCNc1ncnc2c1ccn2C1OC(CO)C(O)C1F;Cc1cc(C(=O)NCC(=O)N(C)Cc2nc3ccccc3[nH]2)c(C)o1;CCN(CC1CCOC1)C(=O)CCNc1cc(Cl)ccc1OC;C=CCOc1ccccc1C(=O)N1CCC(c2cc(O)nc(N)n2)C1;CN(C)S(=O)(=O)CCNC1CCN(C(=O)c2cccnc2)CC1;CCOC(=O)N1CCC(=NNC(=O)c2ccc3ccccc3n2)CC1;COc1cccc(C(=O)N2CCc3[nH]nc(C(=O)NC4CC4)c3C2)c1;CCN1CCC2=C(NC3=CC=CC=C23)C1C1=C(O)NC(=O)N(C)C1=O;COCCCn1c(Nc2ccc(C(=O)NO)cc2)nc2ccccc21;CCOC(=O)c1nnc2ccccc2c1NC1CC(=O)N(C2CC2)C1;COc1ccccc1C(=O)N1Cc2cnc(N3CCOCC3)nc2C1;CCc1nc(CN(C)C(=O)c2cc(C)nc3cc(OC)ccc23)no1
m_dc5eb2,CCCC(C)C(=O)NC1CCN(C(=O)c2ccco2)CC1;CC(NC1CCN(C(=O)c2ccco2)CC1)C1CCCO1;CCCN(CCC)C(=O)C1CCCN1C(=O)c1ccco1;CCCCN(CC)C(=O)C1CCCN1C(=O)c1ccco1;CCCCCCNC(=O)C1CC(=O)N(Cc2ccco2)C1;CC1CCCN(C(=O)C(NC(=O)c2ccco2)C(C)C)C1;O=C(CNC(=O)c1ccco1)NCCCC1CCCCC1;O=C(CCNC(=O)c1ccco1)NCCCC1CCCC1;CC1CCCCC1N(C)C(=O)CCNC(=O)c1ccco1;CC1CCCC(NC(=O)CCCNC(=O)c2ccco2)C1;CC(=O)N(CCC(=O)NCc1ccco1)C1CCCCC1;CC(C)NC(=O)C1CCC(C(=O)NCc2ccco2)CC1;CC(C)C(NC(=O)c1ccco1)C(=O)NC1CCCCC1;CCOc1cc(C(=O)NCC2CN(C)CCO2)ccc1C;CCCCCNC(=O)CCNC(=O)c1cccc(OC)c1;CC1CCN(C(=O)C(C)(C)C(=O)NCc2ccco2)CC1;COc1ccc(CNC(=O)CCN(C(C)=O)C(C)C)cc1;CCOc1c(N)cccc1C(=O)N1CCC(C(C)O)CC1;CC(=O)N(CCC(=O)NC1CCCCC1)Cc1ccco1;CC(C)CCNC(=O)C1CCN(C(=O)c2ccoc2)CC1;CC[C@H]1CN(C(C)=O)CC[C@H]1CC(=O)NCC1=CC=CO1;CC(C)(C(=O)NCc1ccco1)C(=O)N1CCCCCC1;COc1cccc(CC(C)NC(=O)N2CCCOCC2)c1;CCN1CCCC1CNC(=O)c1ccc(OC)c(OC)c1;CCC1(CC)NC(=O)CCN(C(C)Cc2ccco2)C1=O
m_dc7be7,c1ccc(-c2coc(C3CCCCN3c3nccn4nccc34)n2)cc1;COCCN1C(=O)NC2CN(c3ncnc4ccc(F)cc34)CCC21;O=c1c2cnc3nc(C4CCCCC4)nn3c2ccn1-c1ccccc1;N#Cc1cccnc1N1CCCN(C(=O)c2c[nH]c3ccccc23)CC1;N#Cc1ccccc1N1CCCN(C(=O)c2cccc3cn[nH]c23)CC1;Cc1ccc2nnc(C#N)c(Nc3ccc(N4CCOCC4)cc3)c2c1;COc1ccccc1N1CCN(c2nc3ccccc3nc2C#N)CC1;O=C(NC1CCOc2c(F)cccc21)N1CCCC(n2ccnn2)C1;N#Cc1ccccc1N1CCCN(c2noc(-c3ccccc3)n2)CC1;N#Cc1ccc(C(=O)NCC2CCN(c3ncccc3C#N)CC2)cc1;Cc1nccc(C2CCCN(c3ncnc4c3oc3ccccc34)C2)n1;CC(=O)c1cccc(Nc2nncc(N3CCc4ccccc4C3)n2)c1;O=C(c1ccc(-n2cncn2)nc1)N1CC2(CCCC2)c2ccccc21;O=C(NCc1nc(C2CC2)n[nH]1)c1ccc(N2CCOCC2)c(F)c1;COCCC(=O)NCCCc1nn(-c2ccc(F)cc2)c(N)c1C#N;Cc1cnc(Nc2ccc3c(c2)CC(=O)N3C)nc1Nc1ccccc1;Cn1cnnc1-c1cncc(NC(=O)C2CC23CCc2ccccc23)c1;CC1(C)CC(NC(=O)N2CCn3ncnc3C2)c2ccc(F)cc2O1;CC(=O)Nc1ccc(Nc2cc(N3CCc4ccccc43)ncn2)cc1;O=C(c1ccc2c(c1)CCC2)N1CCn2c(nnc2-c2cccnc2)C1;CC(Nc1cccc(Cn2cccn2)c1)c1nc(-c2ccccc2)no1;N#Cc1c[nH]c(C(=O)N2CCCCC2c2nc(-c3ccccc3)c[nH]2)c1;Cc1nnnn1-c1ccc(C(=O)N2CCOCC2(C)C2CC2)c(F)c1;CCN(CC)c1ccc(C=C2C(=O)N(c3ccccn3)N=C2C#N)cc1;OC1CCN(c2ccnc3c(-c4cccc5cccnc45)cnn23)CC1
m_dd5487,COc1ccc2[nH]cc(C3CCN(Cc4ccnn4C)CC3)c2c1;CC(C)CCc1cc(NC(=O)Cc2c[nH]c3ccccc23)n(C)n1;Cn1ncc2c1CCCN(C(=O)NC1CCCc3ccccc31)C2;Cn1nccc1CNC(=O)N1CC2CCCCC21c1ccccc1;Cn1nccc1N1CCCC(NC(=O)C2CCc3ccccc32)C1;Cn1nc2c(c1C(=O)N1CCC(Nc3ccccc3)C1)CCCC2;Cc1cccnc1OCC1CCN(c2ncnc3c2CCC3)CC1;CC(C)C(O)CC(=O)N(C)CC1CC(F)CN1c1ccncn1;CCCCCNc1cc(C)nc2c(-c3ccccc3OC)cnn12;O=C(c1n[nH]c2c1CCCCC2)N1CCCC(c2ccncc2)C1;COc1ccccc1-c1c(C)nn2c(NCC(C)C)cc(C)nc12;Cc1cc(C)n(CCNC(=O)c2cccc3c2ccn3C(C)C)n1;Cn1cnnc1C1CCN(C(=O)Cc2ccc3c(c2)CCC3)CC1;CC(C)n1nc(-c2ccccc2)cc1NC(=O)N1CC2CCC1C2;Cc1cnc(C)c(N2CCCC(CNC(=O)c3ccccc3)C2)n1;Cc1ccccc1NC1CCN(C(=O)c2cc(C3CC3)[nH]n2)CC1;O=C(NCc1ccc(C2CC2)cc1)N1CCC(c2ccn[nH]2)CC1;Cn1cc(NC(=O)N2CCCc3ccccc3CC2)c(C2CC2)n1;CCC(C)NC(=O)c1cccc(CNc2ccnc(C3CC3)n2)c1;Cc1cc(NC(=O)N2CC(c3ccccc3)C3CCCC32)n(C)n1;CC(C)(C)c1nccc(NCc2ccc(N3CCCC3=O)cc2)n1;Cn1nccc1CCNC(=O)NC1CC2CCCc3cccc1c32;Cc1cccc(N2CCN(C(=O)c3n[nH]c4c3CCC4)CC2)c1C;O=C(NCc1ccc(N2CCCC2)cc1)c1n[nH]c2c1CCCC2;Cc1cccc(N2CCN(C(=O)c3cc(C4CC4)[nH]n3)CC2)c1C
m_de93b1,COc1ccc(S(C)(=O)=O)cc1S(=O)(=O)NC1CCCCC1;COCc1ccccc1C(=O)NS(=O)(=O)c1ccc(C(C)=O)cc1;CCOc1ccc(S(=O)(=O)NC(=O)C(C)SC)cc1OCC;CCOc1ccccc1C(=O)NS(=O)(=O)c1ccc(C(C)=O)cc1;O=C(O)COc1ccc(S(=O)(=O)Nc2ccc3c(c2)CCC3)cc1;CCOC(=O)c1cccc(NS(=O)(=O)c2ccc(C(C)=O)cc2)c1;CC(=O)c1ccc(S(=O)(=O)NCC(=O)Oc2cccc(C)c2)cc1;CCOC(=O)c1ccccc1NS(=O)(=O)c1ccc(C(C)=O)cc1;COC(=O)c1c(C)cccc1NS(=O)(=O)c1ccc(C(C)=O)cc1;CC(=O)c1ccc(S(=O)(=O)NCC(=O)Oc2ccc(C)cc2)cc1;CCOc1ccc(S(=O)(=O)NC(=O)c2ccc3c(c2)CCO3)cc1;COc1c(C)cc(S(=O)(=O)NC2CCS(=O)(=O)C2C)cc1C;COc1cc(C)c(S(=O)(=O)NC2CCCS(=O)(=O)C2)c(C)c1;COC(=O)c1ccc(S(=O)(=O)NC2CCC[NH2+]C2C)c(Cl)c1;CC(C)S(=O)(=O)c1cccc(S(=O)(=O)NCC2CCCO2)c1;COc1cccc(CC(=O)NS(=O)(=O)c2cccc(C(C)=O)c2)c1;Cc1cc(C)nc(NS(=O)(=O)c2cnn(-c3ccccc3F)c2)n1;CCOC(=O)c1ccccc1NS(=O)(=O)c1cccc(C(C)=O)c1;Cc1ccc(-n2nc(C)cc2NS(=O)(=O)c2ccc(F)cc2)nn1;COc1cc(C)c(S(=O)(=O)NCC2(S(C)(=O)=O)CC2)cc1C;Cc1cccc(C(=O)NS(=O)(=O)c2ccc3c(c2)OCCO3)c1C;COC(=O)c1ccc(C)c(NS(=O)(=O)c2cccc(C(C)=O)c2)c1;CC(=O)c1cccc(NS(=O)(=O)c2ccc3c(c2)OCCCO3)c1;COC(=O)c1ccc(CNS(=O)(=O)c2cccc(C(C)=O)c2)cc1;Cc1cc(F)ccc1S(=O)(=O)Nc1cccc(-c2nnnn2C)c1
m_ded5eb,CC(Cc1c[nH]c2ccccc12)C(=O)NCCN1CCOC1=O;COc1ccc2[nH]cc(CC(=O)NC3CCCN(C)C3=O)c2c1;CC(=O)NC(Cc1c[nH]c2ccccc12)C(=O)N1CCOCC1;COCCNC(=O)C1CCC(=O)N1Cc1c[nH]c2ccccc12;O=C(NCCC1=CNC2=CC=CC=C12)C(=O)NCC1CCCO1;COC1=CC=C2NC=C(CCNC(=O)C3CCCNC3=O)C2=C1;CC(=O)NC1CN(C(=O)Cc2c[nH]c3ccccc23)CC1CO;COC1=C2OCOC2=CC2=C1C(CC1=NNC(C)=C1)N(C)CC2;CC(=O)NC(Cc1c[nH]c2ccccc12)C(=O)N1CCC(O)C1;CCCCCNC(=O)c1cc(-c2ccc3c(c2)OCO3)n(C)n1;COCCn1cc(NC(=O)c2cccc3c2OCC3(C)C)cn1;CC(=O)N1CC(O)CC1C(=O)NCCc1cccc2[nH]ccc12;NC(=O)CC1(O)CCCN(Cc2cc3ccccc3[nH]c2=O)C1;CCn1nc(C(=O)NCc2ccccc2OC)c2c1CCOC2;Cn1cc(C2OCCCC2NCc2cccc3c2OCO3)cn1;COc1cccc2c1CCCCN2C(=O)Nc1c(C)noc1C;O=C(NC(Cc1c[nH]c2ccccc12)C(=O)[O-])C1CC[NH2+]CC1;CCCc1cc(=O)n(CC(=O)NCc2ccccc2OC)cn1;COC1=C2OCOC2=CC2=C1[C@@H](N1N=C(C)C=C1C)N(C)CC2;O=C(c1c[nH]c2cccnc12)N1CCOCC1C1CCCC1O;Cc1n[nH]c(C)c1CC(=O)NC(C)(C)c1ccc2c(c1)OCO2;Cc1cc(C(=O)NCc2ccc3c(c2)OCO3)nn1C(C)(C)C;O=C(CCCn1c(=O)[nH]c2ccccc2c1=O)N1CCCCC1;C=C(C)COc1ccccc1C(=O)NCc1cc(COC)n[nH]1;Cc1cc(C(=O)N(Cc2cccc3c2OCO3)C(C)C)nn1C
m_e138be,COCCN1CCN(c2cccc(F)c2C#N)CC1C;CC(O)CN1CCN(c2cccc(F)c2C#N)CC1C;COCCC(C)(C)CNc1ncnc2ccc(F)cc12;Cn1c(N2CCCCC(CO)C2)nc2c(F)cccc21;Nc1nc2cc(F)ccc2n1CCOC1CCCCC1;Nc1ncc(F)cc1C(=O)N1CCCC2CCCCC21;COCCN1CCN(Cc2ccc(F)cc2C#N)CC1;CC(C)C1CCCN(c2ncccc2C(N)=S)CC1;O=C(Nc1cc(F)ccc1N1CCCCC1)NC1CC1;CCn1c(CN2CCC(O)CC2)nc2cc(F)ccc21;CCNc1ncc(F)cc1C(=O)N1CC2CCCC2C1;CCOCCCNc1nccn1Cc1ccc(F)cc1;CC1CN(c2ccccc2F)CCN1C(=O)NC1CC1;CC(O)CN1CCN(Cc2ccc(F)cc2C#N)CC1;CC(C)CCCCCCNc1ncnc2sccc12;CC(C)N1CCC(Nc2nc3cc(F)ccc3o2)CC1;CCCn1cc(CNc2ccc(F)cc2OCC)cn1;COCCCNc1nccn1CCc1ccc(F)cc1;CCOCCCNc1nccn1Cc1cccc(F)c1;Cc1ccnc(N2CCC(C(C)C)CC2)c1C(N)=S;CCC1(CC)CCN(c2ncccc2C(N)=S)CC1;Cc1cc(C)c(C(=O)[O-])c(N2CCCC(C)(O)CC2)n1;CCC(CC(C)CO)Nc1ncnc2ccc(F)cc12;CC(C)C(Nc1ncnc2ccc(F)cc12)C(C)(C)O;CC1CCC(O)(CNc2nc3ccc(F)cc3[nH]2)CC1
m_e17598,CCN(C)c1cccc(NC(=O)NCCOc2ccccc2C)c1;CCN(CC)c1ccc(NC(=O)Oc2cccc(N(C)C)c2)cc1;Cc1cc(NC(=O)NCCC(O)c2ccccc2)ccc1N(C)C;CCN(CC)c1ccc(C=NCc2c(C)cc(C)[nH]c2=O)c(O)c1;Cc1cccc(OCCCC(=O)NCc2cccnc2N(C)C)c1;CC(C)c1ccc(OCC(=O)Nc2cc(N)ccc2N(C)C)cc1;CC(Cc1ccc(O)cc1)NC(=O)NCc1ccc(N(C)C)cc1;CCN(C)c1cccc(NC(=O)NCC(O)c2cccc(C)c2)c1;Cc1ccc(C)c(OCCNC(=O)Nc2ccc(N(C)C)cc2)c1;CCN(CC)c1ccc(NC(=O)NCOc2ccccc2)c(C)c1;CC(C)c1ccc(OCC(=O)Nc2ccnn2C(C)C2CC2)cc1;CCN(C)c1ccccc1NC(=O)NCC(O)c1ccccc1C;CNc1ccnc(Nc2cccc(N3CCC([NH+](C)C)C3=O)c2)n1;CCOc1ccc(NC(=O)NCCc2ccc(N(C)C)cc2)cc1;Cc1ccc(NC(=O)NCC(O)c2ccc(N(C)C)cc2)cc1C;Cc1ccc(NC(=O)NC(C)Oc2ccc(C(C)C)cc2)c(N)c1;Cc1cc(NC(=O)NCC(O)Cc2ccccc2)ccc1N(C)C;CCCCNc1ccc(C(=O)Nc2ccc(OC(C)C)cc2)nc1;CCC(NC(=O)NCc1cccc(OC(C)C)c1)c1ccncc1;CCN(CC)c1ccc(NC(=O)c2noc3c2CC(C)CC3)cc1;CCN(c1cccc(C)c1)c1ccc(C(=O)NCCCOC)cn1;CCCCOc1c(C)nc(NC(=O)Nc2ccccc2)c(C)c1C;CCN(CC(O)c1ccc(C)cc1)C(=O)c1cccnc1N(C)C;Cc1cncc(NC(=O)NC(CCO)c2ccc(C(C)C)cc2)c1;Cc1cc(CNC(=O)NC2CCCc3ccc(C(C)C)cc32)on1
m_e1bfd4,O=C(CCn1cncn1)NC1c2ccccc2CC1O;O=C(CCn1cncn1)NC1CCOc2ccccc21;CC(=O)CCC(=O)Nc1ccc(Cn2cncn2)cc1;O=C1CCc2cc(OCCCn3cncn3)ccc2N1;Cc1cn(C2OC(CO)C(C[NH3+])C2O)c(=O)[nH]c1=O;CC(C(=O)N1CCc2ccc(O)cc2C1)n1cncn1;O=C(NCc1ccccc1OCC1CC1)c1c[nH]nn1;Nc1cnn(CC(=O)NCC2Cc3ccccc3O2)c1;O=C(c1ncn(-c2ccccc2)n1)N1CCCC1CO;Cc1cn(C2OC(CO)C(O)C2(C)[NH3+])c(=O)[nH]c1=O;Nc1cnn(CCNC(=O)C2COc3ccccc32)c1;Cc1ccnc(-n2nc(C(N)=O)c3c2CC(O)CC3)c1;O=C(c1cn(-c2ccccc2)nn1)N1CCCC1CO;NC(=O)c1cnn2cccc2c1NC1CCC(=O)CC1;CC(C(=O)N1CCCc2cccc(O)c21)n1cncn1;Cn1cc(C2CC2C(=O)Nc2ncccc2CO)cn1;CC1(O)CN(C(=O)Cn2cnc(-c3ccccc3)n2)C1;Cn1ncc(CN2C(=O)C3C4C=CC(C4)C3C2=O)c1N;CCCS(=O)(=O)N1CCCC(Cn2cncn2)C1;O=C(NCc1nncn1-c1ccccc1)C1CCCO1;NC(=O)Cn1cc(NC2CCOc3ccccc32)cn1;O=C(NCC1CC(O)C1)c1cn(-c2ccccc2)nn1;COC(C(=O)Nc1cn(-c2ccccc2)nn1)C1CC1;Cc1cnc(C(=O)Nc2cc3n(n2)CCCC3)c(O)c1;Cc1ccc2c(c1)CCC2NC(=O)Cn1cn[nH]c1=O
m_e1d7ad,CCc1ncnc(N2CCC(C3CCCO3)CC2)c1F;Cc1ccc(-c2nc3c(c(N4CCCC4)n2)CCC3)cc1;CCc1ncnc(N2CCCC3(CCCC3O)C2)c1F;CCCCCCn1c(-c2ccccn2)nc2ccccc21;CCNc1nc(-c2ccc(C3CC3)cc2)nc2c1CCC2;CCn1c(C)cc(CNc2cccc3ncccc23)c1C;Cc1cc(N2CCOC(CCF)C2)nc(C2CCC2)n1;CCn1c(C)cc(CNc2cccc3cccnc23)c1C;CCc1nn2c(C)cc(C)nc2c1Cc1ccc(C)cc1;CCC1CCCN(c2cc(C#N)c3ccccc3n2)CC1;CCC1CCCCCN1c1nc2ccccc2cc1C#N;CCn1nc(CNc2cccc(C)c2C)c2ccccc21;CCc1ccc2nc(N3CCCC3)c(CCC#N)cc2c1;Cc1cccc(NC(C)c2nc3ccccc3n2C)c1C;CCCn1c(-c2cccc(N)c2C)nc2cc(C)ccc21;CCN(C)c1c(C)cccc1-n1c(C)nc2ccccc21;CCCn1c(-c2cccc(C)c2N)nc2cc(C)ccc21;c1ccc(Cc2nccc(N3CC4CCCC4C3)n2)cc1;CCCNc1nc2c(ccc3ncccc32)cc1CCC;CCc1nc2ccccc2n1CCNc1ccccc1C;Cc1cccc2c1ccn2Cc1ccn(C2CCCC2)n1;CCNc1ncc(F)cc1C(=O)N1CCCC(CC)C1;CCCCNc1c(-c2ccccc2)nc2cc(C)ccn12;CCCC1CCCN(c2snc(N)c2C2CC2)CC1;CC(C)(C)C(=O)N1CCCN(c2cccc(F)n2)CC1
m_e1f9f4,Cc1noc(CNS(=O)(=O)c2c(N)cccc2F)n1;Nc1ccc(F)cc1S(=O)(=O)NCCc1ncon1;Cn1cc(COc2ccc(S(N)(=O)=O)cc2F)nn1;Cc1[nH]nc(CO)c1S(=O)(=O)Nc1ccncc1F;Nc1c(F)cccc1S(=O)(=O)NCCc1ncon1;Cc1noc(CNS(=O)(=O)c2ccc(N)cc2F)n1;COc1ccc(NS(=O)(=O)c2cn[nH]c2N)cc1F;Cc1nc(CCNS(=O)(=O)c2ncccc2F)no1;O=S(=O)(NCc1ncn[nH]1)c1cc(CO)ccc1F;O=S(=O)(NCc1ncn[nH]1)c1cc(F)ccc1CO;Nc1cc(Cl)ccc1S(=O)(=O)N1CC2CCC1C2;Nc1ccc(Cl)cc1S(=O)CC(=O)N1CCCC1;NS(=O)(=O)c1ccc(NCCc2ncno2)c(F)c1;COc1n[nH]c(NS(=O)(=O)Cc2ccc(F)cc2)n1;Nc1cc(S(=O)(=O)NC2CC=CCC2)ccc1Cl;Cc1cc(F)c(N)cc1S(=O)(=O)NCc1ncon1;NC(=O)CCC(NS(=O)(=O)c1cccnc1)C(=O)[O-];NS(=O)(=O)CCCNC(=O)c1cccc(C(=O)[O-])n1;Cc1noc(NS(=O)(=O)c2cc(N)c(C)c(F)c2)n1;O=C([O-])c1c(F)cccc1NS(=O)(=O)CCC1CC1;O=C1CN(C(=O)COc2ccc(F)cc2Cl)CCN1;NC(CNS(=O)(=O)C1CCS(=O)(=O)CC1)=[NH+]O;C=CCN(CC=C)S(=O)(=O)c1c(N)cccc1Cl;Nc1cc(Cl)ccc1S(=O)CC(=O)N1CCCC1;O=C([O-])c1cc(S(=O)(=O)NC2CCCNC2=O)c[nH]1
m_e2993b,CCOC(=O)CCCNC(=O)CCc1cccs1;CCOC(=O)CN(C)C(=O)CCCc1cccs1;COc1ccsc1C(=O)N1CCCC(C)C1CO;CC1CN(C(=O)CCc2cccs2)CC(CO)O1;CCCN(CC(=O)OC)C(=O)CCc1cccs1;CCOC(=O)CN(CC)C(=O)CCc1cccs1;Cc1ccc(C(=O)N(C)CC2(O)CCOCC2)s1;CCC(NC(=O)CCCc1cccs1)C(=O)OC;CC1(C)CN(C(=O)Cc2cccs2)CC(CO)O1;CCC1CC([NH2+]Cc2cccs2)(C(=O)[O-])CCO1;CCC(C)C(=O)COCC(=O)NCc1cccs1;CCOCCCNC(=O)CCC(=O)c1cccs1;CCOC(=O)CN(C(=O)Cc1cccs1)C(C)C;COC(=O)CCN(C(=O)Cc1cccs1)C(C)C;CCOC1CC(O)(CNC(=O)c2ccc(C)s2)C1;COc1ccsc1C(=O)N1CCCC(CCO)C1;O=C([O-])CC[NH+](Cc1cccs1)CC1CCCO1;CC(C)C(c1cccs1)[NH+]1CCOC(C(=O)[O-])C1;COc1ccsc1C(=O)N1CCCC1CCCO;COc1ccsc1C(=O)NCC1CCCC1CO;CCc1cc(C(=O)NCC2(O)CCOC2)sc1C;CC(Cc1cccs1)[NH2+]CC1CCC(C(=O)[O-])O1;CC(C)(C)OC(=O)N1CCOCC1c1cccs1;CC(O)(CNC(=O)COCC1CC1)c1cccs1;CCCCOC(=O)CC(NC(C)=O)c1cccs1
m_e3b936,O=C(C=Cc1ccc(F)cc1)OCC(=O)c1ccc2c(c1)OCCCO2;O=C(C=Cc1ccc2c(c1)OCO2)OC1c2ccccc2-c2ccccc21;CNS(=O)(=O)c1cc(C=CC(=O)OCC(=O)N(C)C)ccc1OC;COc1ccc(C=CC(=O)c2cnn(C)c2)cc1Cn1cc(Cl)cn1;COc1ccc(C=NNC(=O)Cn2nc(C)c3ccc(Cl)cc32)cc1;COc1ccc(C(=O)OCC(=O)N2CC(=O)Nc3ccccc32)c(O)c1;COc1ccc([N+](=O)[O-])c(NC(=O)COC(=O)C=Cc2ccccc2)c1;COc1cccc(CCc2cc(NC(=O)c3cccnc3Cl)n[nH]2)c1;CCOc1ccc(NC(=O)C=Cc2ccc3c(c2)OCO3)c([N+](=O)[O-])c1;O=C(Nc1cccc(Cl)c1N1CCOCC1)c1cccc2cn[nH]c12;COc1ccc(C=CC(=O)c2ccnn2C)cc1Cn1cc(Cl)cn1;Cc1nccn1-c1cc(CNC(=O)COc2ccc(Cl)cc2)ccn1;CCOC(=O)COc1ccc2c(=O)c(-c3ccccc3F)c(C)oc2c1;Cn1c(-c2ccccc2Cl)nc2cc(C(=O)N3CCOCC3)cnc21;Cc1ccc(-n2ccc3nc(N4CCOCC4)ncc3c2=O)cc1Cl;COc1cc(Cl)cc(C(=O)NCCc2cnn(-c3ccccc3)n2)c1;O=C(CCOc1cccc(Cl)c1)NCc1ccc(-n2cncn2)cc1;O=C(COc1ccc(-n2cnnn2)cc1)NC(=O)Nc1ccccc1F;COc1ccc(C=CC(=O)c2ccn(C)n2)cc1Cn1cc(Cl)cn1;COc1ccc(-c2noc(COC(=O)C=Cc3ccco3)n2)c(OC)c1;CCCOc1cccc(C(=O)Nc2n[nH]c(-c3ccccc3Cl)n2)c1;COc1ccc(-c2n[nH]c(CCNC(=O)c3cccc(Cl)c3)n2)cc1;O=C(Nc1cc(-n2cnnn2)ccc1N1CCOCC1)c1cccs1;C=Cc1ccc(COC(=O)c2cc3c(ccc4ccccc43)oc2=O)cc1;COc1cc(CNC(=O)c2cn(-c3ccccc3Cl)nn2)ccc1C
m_e44302,O=C1CC(CNS(=O)(=O)c2cccnc2)CN1c1ccc(Cl)cc1;O=C(Nc1cc(S(=O)(=O)N2CCCC2)ccc1Cl)c1ccncc1;O=C(c1ccncc1)N1CCN(S(=O)(=O)c2cccc(Cl)c2)CC1;O=C(Nc1ccccn1)c1cc(S(=O)(=O)N2CCCC2)ccc1Cl;O=C1CCCN1c1ccc(CNS(=O)(=O)c2ccc(Cl)nc2)cc1;O=C(Nc1ccc(S(=O)(=O)N2CCCC2)cc1)c1cccnc1Cl;O=C1NCCCN1c1ccc(NS(=O)(=O)c2ccc(Cl)cc2)cc1;O=C(Nc1ccccn1)C1CCCN1S(=O)(=O)c1ccc(Cl)cc1;O=C(Nc1ccc(Cl)cc1)Nc1cccc(N2CCCS2(=O)=O)c1;Cn1c(=O)n(C)c2cc(S(=O)(=O)NCc3ccccc3Cl)ccc21;CS(=O)(=O)N1CCc2c(cncc2C(=O)Nc2ccc(Cl)cc2)C1;COc1ccc(Cl)cc1S(=O)(=O)NCc1c(C)nc2ccccn12;NS(=O)(=O)c1cc(C(=O)NN2CCCc3ccccc32)ccc1Cl;NS(=O)(=O)c1ccc2c(c1)CCN2CC(=O)Nc1ccccc1Cl;O=C(Nc1cccc(Cl)c1)Nc1cccc(N2CCCS2(=O)=O)c1;Cc1ccc(Cl)cc1NS(=O)(=O)c1ccc2c(c1)n(C)c(=O)n2C;CC(=NNC(=O)CNS(=O)(=O)c1ccccc1)c1cccc(Cl)c1;O=C1CN(c2ccc(NS(=O)(=O)c3ccccc3)cc2Cl)CCN1;O=C(Nc1ccccn1)c1cc(N2CCCCS2(=O)=O)ccc1Cl;CC1Cc2ccccc2N1NC(=O)c1ccc(S(N)(=O)=O)c(Cl)c1;O=C(Nc1ccccc1)Nc1ccc(Cl)c(N2CCCS2(=O)=O)c1;CCCCN(CCCC)S(=O)(=O)c1cc(C(=O)Cl)ccc1Cl;O=C(Nc1ccccc1)Nc1ccc(N2CCCS2(=O)=O)c(Cl)c1;CNC(=O)N1CCc2cc(S(=O)(=O)Nc3cccc(Cl)c3)ccc21;Cc1cc(Cl)ccc1S(=O)(=O)Nc1ccc2c(c1)n(C)c(=O)n2C
m_e4865d,O=C(O)CCCCCNC(=O)NC1CCCCC1;O=C(CCCCO)NCCC(=O)N1CCCCC1;CC(C)(C)OC(=O)NCCCC(=O)NC1CCC1;CCCCCC=CCNC(CCC(N)=O)C(=O)O;CCCCCNC(=O)CC(=O)NCC1CCCO1;CCC(O)CCNC(=O)CNC(=O)C1CCCC1;CCCCCC=CC(=O)NC(CCCN)C(=O)O;CC1(C)CCC(NC(=O)C(N)CCC(=O)O)CC1;CCCC(C)([NH2+]CC(=O)NC1CCCC1)C(=O)[O-];CCC(NC(=O)OC(C)(C)C)C(=O)NCC1CC1;CCCCC(=O)NCC1CCN(C(=O)OC)CC1;CC(C)(C)C(=O)NCCC(=O)NCC1CC(O)C1;CCOC(=O)CCCCCNC(=O)NCC1CC1;CCCCC(NC(=O)CC[NH+]1CCCC1)C(=O)[O-];CC(C)[C@@H](N)C(=O)NC[C@H]1CC[C@H](C(=O)O)CC1;CCC=C(C)C(=O)N(C)CC(=O)NCCCOC;CCCCCNC(=O)C(C)[NH2+]C1(C(=O)[O-])CCC1;CCCC(=O)NCC(=O)NC1CCC(CO)CC1;CC1CC1C(=O)NCCC(=O)NCC(C)(C)CO;CCC1(O)CN(C(=O)CCNC(=O)C(C)(C)C)C1;CCC(NC(=O)CC[NH+]1CCCCCC1)C(=O)[O-];CCCCNC(=O)C(C)[NH+](CCC(=O)[O-])C1CC1;CCCCC([NH3+])C(=O)NCC1(C(=O)[O-])CCCC1;CCC(CNC(=O)CC[NH+]1CCCC1)CC(=O)[O-];CC(=O)NCCCCCC(=O)NCC1(CO)CC1
m_e5050e,CCNC(=O)N1CC(n2cc(C(=O)NCc3ccc(F)cc3)nn2)C1;CC1CN(C(=O)Nc2cc(-n3nnnc3C3CC3)ccc2F)CCO1;CC(O)C1CCN(C(=O)Nc2ccc(F)cc2OCC(F)F)CC1;O=C(NCCNc1cc(N2CCOCC2)ncn1)c1cncc(F)c1;C[NH+]1C2CCC1CN(C(=O)Nc1ccc(F)cc1C(F)(F)F)CC2;O=C(NCC1(c2ccc(F)cc2)CCOCC1)Nc1ccc(F)cc1;C[N+]1(CC(=O)Nc2ccc(F)cc2)CCN(C(=O)c2ccco2)CC1;[NH3+]CC1CCC(C(=O)NCc2ccc(Oc3ccc(F)cc3)nc2)O1;[NH3+]C1(C(=O)NCc2ccc(Oc3cccnc3)c(F)c2)CCOCC1;Cn1ccnc1C(=O)NC1CN(c2ncc(F)cn2)C2CCCOC12;CNCC1CCCN(C(=O)c2cc(-c3ccc(F)cc3)c(C)s2)C1;O=C(c1ccc(NCc2cc(F)ccc2F)cc1)N1CCC(O)CC1;Cc1nccn1CC1CCN(C(=O)NCc2ccc(Cl)cc2)CC1;CC(C)Oc1cccc(NC(=S)NCCCc2ccc(F)cc2)c1;CCC1CCCCN1C(=O)CCc1nc(-c2ccc(F)cc2)cs1;NC(=O)c1cc(-c2ccc(F)cc2)c(OCC[NH+]2CCOCC2)cn1;CN(C)c1nc(N2CCOCC2)ncc1NC(=O)c1ccncc1F;CC1OCC[NH2+]C1C(=O)NCc1ccnc(Oc2ccc(F)cc2)c1;CCOc1ccc(NC(=O)N2CCCC(OC)C2)cc1C(F)(F)F;CC(O)C1CCN(C(=O)NCc2ccc(OCC(F)(F)F)cc2)C1;CN(CCOc1ccc(F)cc1)C(=O)NC1CCc2c(F)cccc21;Cc1noc(C2CNC(=O)C3CCN(c4ncc(F)cn4)CCC32)n1;CCCCNC(=O)c1cccnc1SCCCc1ccc(F)cc1;CC(O)C1CCN(C(=O)NCCOc2cccc(C(F)(F)F)c2)C1;CCOc1ccc(NC(=O)N2CCC(C(F)(F)F)CC2)cc1OC
m_e58af8,COc1ccc(S(=O)(=O)Nc2ccc(NCC(C)C)cc2)cc1;COc1ccc(NS(=O)(=O)c2ccc(C(C)(C)C)cc2)nc1C;CCCOc1ccc(S(=O)(=O)NCCc2ccc(N)cc2)cc1;CCCCCOc1ccc(S(=O)(=O)NCc2ccccn2)cc1;COc1ccc(C)cc1S(=O)(=O)Nc1ccnc(C(C)(C)C)c1;COc1c(N)cc(C(C)(C)C)cc1NS(=O)(=O)c1ccccc1;CCCNc1ccc(NS(=O)(=O)c2ccc(OC)c(C)c2)cc1;CCCCCc1ccc(S(=O)(=O)Nc2ccc(OC)nc2)cc1;COc1ccc(S(=O)(=O)NCc2ccccn2)cc1C(C)(C)C;CCOc1ccc(C(C)C)cc1S(=O)(=O)Nc1cccc(C)n1;CCCCOc1ccc(C)cc1S(=O)(=O)Nc1cc(C)ccn1;COc1ccc(S(=O)(=O)NCc2ccncc2)cc1C(C)(C)C;CCCOc1ccc(S(=O)(=O)Nc2ccc(N(C)C)cc2)cc1;Nc1ccccc1-c1ccc(S(=O)(=O)NCCCCCO)cc1;COc1cc(C)c(C)cc1S(=O)(=O)NC(C)(C)c1ccccn1;COc1c(C)cc(S(=O)(=O)NCCc2ccc(N)cc2)cc1C;COc1ccc(S(=O)(=O)Nc2cc(CN(C)C)ccc2C)cc1;CC(C)c1ccc(OCCNc2ncccc2S(C)(=O)=O)cc1;CCOc1ccc(C(C)C)cc1S(=O)(=O)NCc1ccccn1;COc1ccc(C(C)(C)C)cc1S(=O)(=O)Nc1ncccc1C;Cc1ccc(-c2ccc(S(=O)(=O)NC(C)(C)CO)cc2)cc1N;CCCCNC(=O)NS(=O)(=O)c1cn(OCC)nc1OCC;COCC(C)Nc1ccc(NS(=O)(=O)c2ccc(C)cc2)cc1;CCCCOc1cc(C)ccc1S(=O)(=O)NCc1ccccn1;CC(C)Oc1ccc(S(=O)(=O)NCCCc2ccccn2)cc1
m_e5b5fa,CCCCCC(=O)NC(CCCNC(N)=O)C(=O)O;CCC1CN(C(=O)c2n[nH]c3ccccc23)CCC1[NH3+];CCC1CN(C(=O)c2cnn3ccccc23)CCC1[NH3+];CCC1CCC[NH+](Cc2nc(-c3cccnc3)no2)C1;Cn1ccnc1C[NH+]1CC(O)C(Cc2ccncc2)C1;CCCNc1cncc(N(CC)c2ccc(F)cc2)c1;Cc1cncc(-c2cnn(CC[NH+]3CCOCC3)c2)c1;CCOC(=O)CCCCC[NH+]1CCCC1C(N)=S;CCCCNC(=O)CNC(=O)C(CO)NC(=O)CC;CCc1nc(C[NH+]2CCCC(c3ccncc3)C2)no1;CCC1CCCC[NH+]1Cc1nc(-c2cccnc2)no1;c1ccc2nn(C3OCCC3C[NH+]3CCCC3)nc2c1;CCN(Cc1ccco1)c1cncc(C[NH2+]C2CC2)n1;CCCNc1cncc(N(C)Cc2ccccc2F)c1;CCOc1cncc(N(CCC[NH3+])c2ccccc2)n1;CCn1cncc1C[NH+]1CCOC(c2cccnc2)C1;C[NH2+]C1CCCCC1Cc1nc(-c2cccnc2)no1;CCC1CCC([NH3+])(c2nc(-c3cccnc3)no2)CC1;CCOC(C)(C)C[NH+]=C1NC2(CCOCC2)CS1;CCC[NH2+]CCNC(=O)c1cncn1-c1ccccc1;Cc1cnccc1-c1noc(CC2CCCCC2[NH3+])n1;Cn1cncc1C(C[NH3+])N1CCOc2ccccc2C1;Cc1cncc(C[NH+]2CCC(c3ncc(C)o3)CC2)n1;[NH3+]CCCCCC(=O)Nc1ccccc1-n1ccnc1;CC1CCCC(C)[NH+]1Cc1nc(-c2cccnc2)no1
m_e6b2c8,Cc1ccc(N2CC[NH+](CCCOc3ccc(F)cc3)CC2)nc1;Fc1ccc(CN2CCCN(Cc3nnnn3C3CC3)CC2)cc1;CC([NH2+]Cc1ccc(N2CCCC2)nc1)C(O)c1ccc(F)cc1;Cc1ncnc(N2CCN(Cc3c4c(nn3C)CCC4)CC2)c1F;CC(C)[NH+]1CCN(C(=O)Cc2cccn2-c2ccc(F)cc2)CC1;Nc1cccc(OCCC[NH+]2CCN(c3ccc(F)cc3)CC2)c1;CCCCNc1nncc(N2CCN(c3ccccc3F)CC2)n1;Cn1c(C(=O)N2CCCC2)ccc1C(c1ccc(F)cc1)[NH+](C)C;Cc1cc(C(=O)C[NH+]2CCN(C)CC2)c(C)n1-c1ccc(F)cc1;CC(c1nnnn1C1CC1)N1CCN(Cc2cccc(F)c2)CC1;CC(C)Nc1ncnc(N2CCN(c3ccccc3F)CC2)c1N;Cc1cccc(OCCCN2C(=O)NC3(CCCCCC3)C2=O)c1;Fc1cnc(NCc2n[nH]c3c2CCCCC3)nc1N1CCCC1;C[NH2+]C1CCCN(C(=O)c2cc(C)n(-c3ccc(F)cc3)c2C)C1;Cc1ccc2c(n1)N(C)C(CO)CC[NH+](Cc1ccc(F)cc1)C2;CC1CCCC(C)C12NC(=O)N(CCCOc1ccccc1)C2=O;OCCC1CN(Cc2cccnc2)CC[NH+]1Cc1ccc(F)cc1;CC(C)(C)Nc1nncc(N2CCN(c3ccccc3F)CC2)n1;CC(C)(C)n1cnc(NC(=O)N2CCCN(CC(F)F)CC2)n1;COc1ccc(C[NH+]2CCCN(Cc3ccncc3)CC2)c(F)c1;CC[NH+]1CCN(C(=O)C2CCc3[nH]c4ccc(F)cc4c3C2)CC1;COc1ccc(C[NH2+]C2CCCN(Cc3ccccn3)C2)cc1F;Cc1cccc(OCCCN2C(=O)NC3(CCCCC3C)C2=O)c1;Cc1ccc(NC(=O)N(CC[NH+](C)C)Cc2ccc(F)cc2)cc1;CC(c1cccnc1)[NH+]1CCN(CC(O)c2ccc(F)cc2)CC1
m_e6bed4,CCCCNC(=O)c1ccccc1C(=O)N1CCOCC1;CC1CN(C(=O)CCCNC(=O)c2ccccc2)CCO1;CC(=O)N(CCNC(=O)c1ccccc1)C1CCOCC1;O=C(CC(=O)N1CCOCC1)NCCCc1ccccc1;CCN(CC)C(=O)CCN1C(=O)COc2cc(C)ccc21;Cc1ccc(C(=O)NCC(O)CN2CCCC2=O)c(C)c1;CCCCCCNC(=O)CN1C(=O)COc2ccccc21;CCCCCNC(=O)CC(=O)Nc1cccc(C(C)=O)c1;CCCCCNC(=O)c1ccc2c(c1)N(C)C(=O)CCO2;Cc1cccc(C(=O)NCC(=O)N2CCC(C(C)O)C2)c1;Cc1cccc(C(=O)NCCC(=O)N2CCOC(C)C2)c1;C=C(C)CN(CC)C(=O)Nc1ccc(C(=O)OCC)cc1;CCCCNC(=O)c1ccc(NC(=O)C2CCCO2)cc1;CC(NC(=O)C1CC(=O)N(C)C1)C(O)Cc1ccccc1;CCCC(O)CNC(=O)c1ccc2c(c1)CCN2C(C)=O;CC(CNC(=O)c1cccc(C(=O)[O-])c1)[NH+]1CCCCC1;O=C(CN1CCCC1C(=O)O)NCCCc1ccccc1;CCCCCNC(=O)CCCn1c(=O)oc2ccccc21;CC(=O)N1CCCC(C(=O)NCC(O)c2ccccc2)C1;CCOC(=O)c1cccc(NC2CCN(C(C)=O)CC2)c1;CCCC(=O)Nc1ccc(CC(=O)N2CCOCC2)cc1;COCCCCNC(=O)c1ccc2c(c1)CCC(=O)N2C;CCCCNC(=O)COc1ccc(N2CCCC2=O)cc1;CCCN(CCO)C(=O)NC(C)c1cc2ccccc2o1;CCCC(=O)Nc1cccc(C(=O)NCC2CCCO2)c1
m_e73d71,CCc1cnc(N2CCC3(CC2)C(=O)N(C)c2ccccc23)nc1;CCc1cc(N2CC(F)CC2C(=O)N2CCOCC2)nc(C)n1;C=Cc1cnc2c(N3CCOCC3)nc(C(C=CC)=CC)nc2c1;CC1(CNC(=O)N2CCN(c3ncccc3F)CC2)CCOC1;CCCc1cc(N2CCOCC2)n2ncc(-c3ccccc3)c2n1;COc1ccccc1NC1CCN(c2nc3ccccc3[nH]2)CC1;CCCNC(=O)C1CCCN(c2cc(C#N)c3ccccc3n2)C1;CC(C)c1cccc(-c2nc3c(N4CCOCC4)nccc3[nH]2)c1;NC(=O)C1CCN(c2nc(-c3ccccc3)nc3c2CCC3)CC1;CCc1ccc(-n2nc(N3CCOC(C)C3)c3ccncc32)cc1;COc1cccc(NC2CCN(c3nc4ccccc4[nH]3)CC2)c1;OC1CCC2CN(c3nc(-c4ccccn4)nc4c3CCC4)CC12;CC(C)(C)NC(=O)C1CCN(c2cc(C#N)c3ccccc3n2)C1;N#CC1(C(=O)N2CCC(c3nc4ccccc4[nH]3)CC2)CCCC1;COc1ccccc1N1CCC(CNc2nc3ccccc3[nH]2)C1;CCc1ccc(C2CN(c3nccn4nc(C)cc34)CCO2)cc1;CC(C)CC(=O)N1CCN(c2nc3ccccc3cc2C#N)CC1;COc1cccc2[nH]c3c(NCCC4=CCCCC4)ncnc3c12;COc1cccc2c(N3CCC(c4ccnn4C)CC3)ccnc12;Cc1cccc(-c2nn3c(N4CCOCC4)cc(C)nc3c2C)c1;c1ccc2c(c1)nc(N1CCOCC1)c1ccc(N3CCCC3)n12;c1ccc(-c2nc3c(c(NC4CC45CCOCC5)n2)CCC3)nc1;CCn1nccc1C(=O)N1CCCC(F)(C(=O)NCC2CC2)C1;Cc1cc(NCC2CCOC2c2nccn2C)c2ccccc2n1;COc1ccccc1N1CCCC(Nc2nc3ccccc3[nH]2)C1
m_e77f56,O=C(Cn1ncc2c(=O)oc3ccccc3c21)NC1CCCCC1;OC1CCC(NCc2c[nH]nc2-c2ccc(C(F)(F)F)cc2)C1;CCOCCc1nn(-c2ccc(C(F)(F)F)cc2)c2c1CCN2;CCOC(=O)c1ccn(-c2ccc(OC3CCCC3)c(C#N)c2)n1;CC1CCCN(C(=O)Cn2ncc3c(=O)oc4ccccc4c32)C1;NC(=O)C1CCCC1NC(=O)c1ccc(-n2ccccc2=O)cc1;CCOC(=O)C1CCN(c2oc(-c3ccccc3)nc2C#N)CC1;CCc1ccc(-c2noc(C3CN(C)CC3C(F)(F)F)n2)cc1;Cc1c[nH]nc1CN1CCOC(c2cccc(C(F)(F)F)c2)C1;CCOCCc1nn(-c2cccc(C(F)(F)F)c2)c2c1CCN2;Fc1ccc(-n2nc(-c3cccc(F)c3)c3c2NCCCC3)cc1;CCNC(=O)C1CCCN(c2ccc(C(F)(F)F)c(C#N)c2)C1;CCC(C)NC(=O)c1cnn(-c2cccc(C(F)(F)F)c2)c1C;CC(=O)NCC1CCCN(c2ccc(C(F)(F)F)cc2C#N)C1;CCC(CC)C(=O)Nc1n[nH]c(C(F)(F)F)c1-c1ccccc1;NC(=O)CCN1C(=O)N2CC[NH+]=C2c2cnn(-c3ccccc3)c21;COc1ccccc1N1CCC(NC(=O)Cc2ccncc2)C1=O;Cc1c[nH]nc1CN1CCOC(c2ccccc2C(F)(F)F)C1;CC(=O)NCC1CCCN(c2ccc(C#N)c(C(F)(F)F)c2)C1;CC(C)n1c(N)nc2c(ncn2C2OC(CO)C(O)C2O)c1=O;CC(C(=O)Nc1ccc(C#N)cc1)N1CCCC(C(F)(F)F)C1;CCNC(=O)C1CCCN(c2ccc(C#N)cc2C(F)(F)F)C1;Cc1c(C(=O)NCC(C)C)cnn1-c1cccc(C(F)(F)F)c1;CC(=O)NC1CCC(C(F)(F)F)N(Cc2cccc(C#N)c2)C1;Cn1nc(C(C)(C)C)cc1NC(=O)c1ccc(C(F)(F)F)cc1
m_e7af25,CC(CNC(=O)c1cccnc1N1CCCCC1)S(N)(=O)=O;CC(C)(C)C(=O)N1CCN(c2ncccc2S(N)(=O)=O)CC1;CCNS(=O)(=O)C1CCN(c2nccnc2OC2CCC2)C1;CCCOc1nccnc1N1CCC(NS(=O)(=O)C2CC2)C1;Cc1cnc(N2CCC3C(COC3CNS(C)(=O)=O)C2)nc1;Cn1nccc1N1CCCC(NS(=O)(=O)CCC2CC2)C1=O;CS(=O)(=O)N1CCCCC1c1cncc(N2CCOCC2)n1;Cc1n[nH]c(C)c1S(=O)(=O)N1CCCN(C(=O)C2CC2)CC1;CC1CCCN(S(=O)(=O)N2CCc3c(ncn(C)c3=O)C2)C1;COC1CC(CNS(=O)(=O)C2CC2)N(c2cc(C)ncn2)C1;CC(C)NC(=O)CNc1ccc(S(=O)(=O)N2CCCC2)cn1;COC1CC(CNS(=O)(=O)CC2CC2)N(c2ccncn2)C1;O=S(=O)(NCc1ccc(N2CCCC2)nc1)N1CCOCC1;COC1CC(CNS(=O)(=O)C2(C)CC2)N(c2ccncn2)C1;Cc1nccc(CCC(=O)N2CCN(S(C)(=O)=O)C(C)C2)n1;CS(=O)(=O)NCC1CCN(C(=O)c2n[nH]c3c2CCC3)CC1;Cc1n[nH]c(C)c1S(=O)(=O)N1CCC(N2CCCC2=O)CC1;Cc1nc(C(C)C)ncc1C(=O)N1CCC(CS(N)(=O)=O)C1;CN(CC1CCOC1)c1cncc(S(=O)(=O)NCC2CC2)n1;CC(C)NC(=O)NS(=O)(=O)c1cnccc1N1CCCCC1;Cn1ccnc1C1C(CNS(C)(=O)=O)CCC(=O)N1C1CC1;CN(C)c1ccc(C(=O)NC2CCN(S(C)(=O)=O)CC2)cn1;Cn1cnc(S(=O)(=O)N2CCN(C(=O)C3CC3)CC2(C)C)c1;CN(C)S(=O)(=O)CCC(=O)N1CCN(c2ccccn2)CC1;CC(NC(=O)N1CCCN(S(C)(=O)=O)CC1)c1cccnc1
m_e80818,Cc1cc(NC(=O)NC2CCN(c3ccccn3)CC2)on1;COCc1cc(=O)nc(N2CCN(c3ccccn3)CC2)[nH]1;COc1ncccc1NC(=O)N1CCCc2c(cnn2C)C1;Cc1nc(OCCc2ccccn2)nc(N2CCOCC2)n1;Cn1cc(C(=O)NCc2cccc(N3CCOCC3)n2)cn1;CC1(NC(=O)Nc2cnn(Cc3ccccn3)c2)CCOC1;CN(C(=O)Cc1ccn[nH]1)c1ccc(N2CCOCC2)nc1;Cn1ncc(C(=O)Nc2ccc(N3CCOCC3)cc2)c1N;O=C(NCCn1ccnc1)c1cccnc1N1CCOCC1;CCc1onc(C)c1C(=O)N1CCN(c2ncccn2)CC1;CCc1noc(C)c1C(=O)N1CCN(c2ncccn2)CC1;O=C(Nc1cn[nH]c1-c1ccccn1)N1CCCC(CO)C1;Cc1cc(NC(=O)NCC2CCCO2)n(-c2ccccn2)n1;Cc1noc(-c2cccnc2N2CCCC(CC(N)=O)C2)n1;Cn1nccc1C1CCN(C(=O)Cn2cccnc2=O)CC1;CC(NC(=O)Nc1cccnc1-n1cccn1)C1CCCO1;CCCc1nn(C)c(N2CCN(S(C)(=O)=O)CC2)c1N;Cc1ccc(NC(=O)NC2CCOC2c2nccn2C)cn1;COc1ncccc1C(=O)NC1CCN(c2cnn(C)c2)C1;CC1=NOC([C@@H]2C[C@H](NC(=O)NC3=CC=CC=C3)CN2C)=N1;Cn1c(N2CCOC(C(=O)NC3CC3)C2)nc2cccnc21;C1=CC(N2CCOCC2)=NC=C1C1=NOC([C@@H]2CCCN2)=N1;CCC1OCCCC1C(=O)Nc1n[nH]c(-c2ccccn2)n1;Cn1cc(C2OCCCC2NC(=O)Nc2cccnc2)cn1;COc1ncccc1CNC(=O)Nc1ccc(N(C)C)nc1
m_e8359d,O=C(NCCCOC1CCOC1)c1c[nH]cc1-c1ccc(F)cc1;COc1ccc(-c2cc(C(=O)NCC3CC3)c3ccccc3n2)cc1;O=C(CCc1cc2ccc(F)cc2[nH]c1=O)NCC1(O)CCCC1;O=C(c1cc2ccc(F)cc2[nH]1)N1CCC2(CC1)OCCCC2O;O=C(NCCOCC1CCCO1)c1c[nH]cc1-c1ccc(F)cc1;CCC(C(=O)[O-])[NH+]1CCC(Oc2ccnc3ccc(F)cc23)CC1;O=C1CC2CCC(C1)N2C(=O)Nc1cc(F)ccc1OCC1CC1;COc1ccc2ccc3c(c2c1)N(Cc1ccccc1)CCNC3=O;CCOc1ccc(C(=O)NC2CCN(c3ccccc3F)CC2)o1;O=C(c1cn(C2CCC[NH2+]C2)nn1)N1CCOc2cc(F)ccc21;COc1ccc(C2CC(=O)C3=C(C)Nc4ccccc4N=C3C2)cc1;CN(C)CC1(O)CCN(C(=O)c2occc2-c2ccc(F)cc2)C1;O=C(CCc1cc2ccc(F)cc2[nH]c1=O)N1CCCC(CO)C1;O=C(Cn1ccc2ccc(F)cc21)NC1CC(O)C12CCOCC2;CC(NC(=O)c1ccco1)c1cc(F)ccc1N1CCC(O)CC1;CC1CCN(C(=O)c2c(-c3ccc(F)cc3)noc2C(C)O)CC1;O=C(NCCCc1ccc(O)cc1)NCc1ccc(F)c(CO)c1;Cc1noc(C)c1CCC(=O)N1CCOC(c2ccc(F)cc2)C1;CC[C@H]1OC(=O)C(C)=C(O[C@@H]2O[C@H](CO)[C@@H](O)[C@H](O)[C@H]2O)[C@@H]1C;CCc1onc(C)c1C(=O)NCC1CCOC1c1ccc(F)cc1;COc1ccc(CNC(=O)c2cn(C3COCC3O)nn2)c(C)c1;COC1CC(c2nnc(C)o2)[NH+](Cc2nc3c(F)cccc3[nH]2)C1;CNC1CCCN(C(=O)c2ccc(COc3ccc(F)cc3)o2)C1;O=c1cc(-c2ccc(OCc3ccccc3)cc2)nc2n1CCCC2;COc1ccc(OC)c(NCCC(=O)NCc2ccc(F)cc2)c1
m_e8d835,Nc1[nH]c(N=NC(=O)Cc2c[nH]c3ccccc23)c2ccccc12;O=C(Cn1cnc2ccccc21)NN=Cc1c[nH]c2ccccc12;O=C(NCc1cccnc1-n1ccnc1)c1c[nH]c2ccccc12;O=c1[nH]nc(Cc2ccccc2)n1N=Cc1c[nH]c2ccccc12;CC1CC(C(=O)[O-])CN(C(=O)Cc2c[nH]c3cc(F)ccc23)C1;CC1CCN(C(=O)Cc2c[nH]c3cc(F)ccc23)C(C(=O)[O-])C1;COC(=O)C(CC(C)C)NC(=O)c1cc(=O)c2ccccc2o1;COc1ccc(Nc2nccc(-c3c[nH]c4ccncc34)n2)cc1;Cc1nn(-c2ccccc2)cc1NC(=O)c1n[nH]c2ccccc12;O=C(NCc1cnn(-c2ccccc2)c1)c1n[nH]c2ccccc12;Cc1cn(-c2ccccc2)nc1NC(=O)c1n[nH]c2ccccc12;CCOC(=O)Cc1[nH]c2ccccc2c1CC(=O)C(=O)OCC;Cc1c(C(=O)Nc2cccc3[nH]ccc23)cnn1-c1ccccn1;CC(C)CNC(=O)COC(=O)c1cc(O)c2ccccc2c1O;CC(C)C(NC(=O)CCn1nnc2ccccc2c1=O)C(=O)[O-];CCCC(C)NC(=O)COC(=O)c1cc(=O)c2ccccc2o1;Cc1[nH]c2ccccc2c1C(=O)Cn1nnc(-c2ccccc2)n1;CC(NC(=O)c1n[nH]c2ccccc12)C(=O)N(C)C(C)C(=O)[O-];Cc1ccccc1-c1[nH]nc(N)c1-c1nc(=O)c2ccccc2[nH]1;O=C(NCc1ccccc1)c1c[nH]c(-c2[nH]nc3ncccc23)c1;O=C(NCc1nc2ccccc2[nH]1)c1cnn(-c2ccccc2)c1;Cc1cc2cc(-c3cnc(NC(N)=O)c4ncccc34)ccc2[nH]1;COc1ccc(CNC(Cc2ccc(O)c(O)c2)C(=O)O)cc1;COC(=O)c1cc(CNC(=O)Cc2ccccc2OC)oc1C;Cc1ccc2nc(Nc3nc(=O)c4ccccc4[nH]3)nc(C)c2c1
m_e993ec,CCCCC(=O)NNC(=O)c1ccc2c(c1)OCCO2;CC(C)=CCOC1=CC=C(C/C(=N\O)C(=O)NO)C=C1;CCCOc1ccc(CO)c(OCc2noc(C)n2)c1;CCCCNC(=O)NC(=O)COc1ccc(C=O)cc1;CCCNC(=O)NC(=O)COc1cccc(C(C)=O)c1;CCOCCOCCOc1ccc2c(=O)nc[nH]c2c1;CCOCCOC(=O)CN1C(=O)CNc2ccccc21;CC(C)CCC(=O)NNC(=O)c1ccc2c(c1)OCO2;CCc1ccc(OCC(O)CN2C(=O)CNC2=O)cc1;CCCCNC(=O)CC(=O)Nc1ccc2c(c1)OCO2;CCCOc1ccc(COC(=O)NC2CNC2=O)cc1;CCOc1cccc(OCCc2nnc(CCO)o2)c1;CCCNC(=O)CCNC(=O)c1ccc2c(c1)OCO2;CCC(C)NC(=O)COc1ccc2c(c1)NC(=O)CO2;CCOc1ccc(C(=O)CCC(=O)NCC(N)=O)cc1;CCN(CC)C(=O)CNC(=O)c1ccc2c(c1)OCO2;COc1ccccc1OCC(=O)NNC(=O)C=C(C)C;CN1CCC(OC(=O)CCOc2ccc(N)cc2)C1=O;CCOc1ccc(C(=O)NC2(CC(N)=O)COC2)cc1;CC(C)(C)OC(=O)NOCCOc1ccc(C#N)cc1;CN1CCC([NH2+]CCOc2ccc(C(=O)[O-])cc2)C1=O;CCCNC(=O)CC(=O)Nc1ccc2c(c1)OCCO2;CCOc1ncccc1C(=O)N1CCCC(C(=O)O)C1;COCCNC(=O)COc1ccc2c(c1)CCC(=O)N2;COCCOc1cccc(NC2CC(=O)N(C)C2=O)c1
m_ea2f71,O=C1C(NCc2ccccn2)CCN1Cc1ccc(F)cc1;CCOCCCn1nnc2c(cnn2-c2ccccc2)c1=O;O=C(Cc1ccccn1)N1CCN(c2ccccc2F)CC1;CCCOc1ccc(Cn2nnc3c(cnn3C)c2=O)cc1;CN(Cc1ccccn1)C1CCN(c2ccccc2F)C1=O;COCCn1nc(Nc2cc(C)[nH]n2)c2ccccc2c1=O;Fc1ccc(-n2ncc3c(NC4CC[NH2+]C4)ncnc32)cc1;CN(Cc1cccnc1)C1CCN(c2ccccc2F)C1=O;O=C(Cc1ccc(F)cc1)NC1CCN(c2ccccn2)C1;COc1ncc(C(=O)N2CCN(c3ccccn3)CC2)cn1;Cc1cccc(NC2CCN(Cc3ccc(F)cc3)C2=O)n1;CC(=O)c1c(F)cccc1N1CCN(c2ccccn2)CC1;COc1ccc(-n2ncc3c(NCCCO)ncnc32)cc1;Fc1ccc(N2CC[NH2+]CC2)nc1-c1[nH]nc2ncccc12;COCCNc1ncnc2c1cnn2-c1ccc(OC)cc1;CCC(C)C(O)CNC(=O)C=Cc1c(C)nn(C)c1Cl;O=C1C(NCc2cccnc2)CCN1Cc1ccc(F)cc1;Cc1noc(-c2cccnc2N2CCN3C(=O)CCC3C2)n1;O=C(NCc1ccccn1)c1cnc(N2CCOCC2)nc1;NC(=[NH2+])Cc1nc2cccc(F)c2n1Cc1ccc(N)nc1;COc1ccc(NC(=O)N2CCCC2c2cccnc2)nn1;COCc1cccc(Nc2ncnc3c2cnn3CCO)c1;COCCn1ncc(NCC2CCCC2C)c(Cl)c1=O;Cc1noc(C2CCCN(C(=O)c3cc(C#N)cn3C)C2)n1;O=C(NCc1ccncc1)c1ccc(N2CCOCC2)nn1
m_ea7270,C[NH+]=C(NCCc1cccc(Cl)c1)NCc1sc(C)nc1C;Cc1ccc(F)c2c1N(S(=O)(=O)c1cn(C(C)C)cn1)CCC2;COc1ccc(-c2csc(=NN=C(C)C)n2-c2ccccc2)cc1;CCC(=O)C(C)Sc1nnc(-c2ccccc2)n1-c1ccccc1;C[NH+]=C(NCCc1cccc(Cl)c1)NCCc1csc(C)n1;C=C(C)CSc1nnc(C(C)[NH+](C)C)n1-c1ccc(Cl)cc1;CCn1cc(S(=O)(=O)N2CCCc3ccc(F)c(C)c32)nc1C;C=C(C)CSc1nnc(COc2ccccc2)n1-c1ccccc1;CCNC(NCc1csc(CC)n1)=[NH+]Cc1cccc(Cl)c1;Cc1nnsc1SCCNc1cc(C2CCC[NH2+]C2)ncn1;Nc1cc(-c2nc(-c3ccccc3)cs2)ccc1N1CCOCC1;CC(C)c1nsc(N2CC[NH+](Cc3cccc(Cl)c3)CC2)n1;COCCNc1c(-c2ccc(C)cc2)nc2sc3ccccc3n12;CCOc1cccc(C=NNc2nc(-c3ccc(C)cc3)cs2)c1;CN(c1ccc2ccc(F)cc2n1)C1CCN(S(C)(=O)=O)CC1;CSc1ccccc1-c1ccc2ncc(N3CCOCC3)nc2c1;Cc1ccc(C(=O)C(C)Sc2nnc(C)n2-c2ccccc2)cc1;C[NH+]1CCCCC1CCSc1n[nH]c(-c2ccc(Cl)cc2)n1;C[NH+]=C(NCc1nc(C)c(C)s1)NC(C)c1cccc(Cl)c1;CCc1nc(CNC(=[NH+]C)N(C)Cc2ccccc2Cl)cs1;Cc1c(F)cccc1S(=O)(=O)N(C)Cc1cn2c(n1)CCCC2;C[NH+]1CCN(C(=O)CSc2nnnn2-c2cccc(F)c2)CC1;NC(=O)C1CCN(c2nc(-c3cccc4ccccc34)cs2)CC1;Cc1c(C(N)=O)sc2nccc(C3CCN(c4ccccc4)C3)c12;Cc1ccc(-n2c(C)nnc2SC(C)C(=O)c2ccccc2)cc1
m_eaecd7,O=C(O)CN(C(=O)COCc1ccccc1Cl)C1CC1;COCC(O)CCNC(=O)c1cc2cc(Cl)ccc2o1;COc1ccc(Cl)cc1C(=O)N1CCCC(C(=O)O)C1;COc1ccccc1CN1C(=S)SC(C)(C)C1N[O-];Clc1ccc(C=Cc2ccnc(Cn3cncn3)n2)cc1;Cc1cc(Cl)ccc1OCC(=O)N1CCC(C(=O)O)C1;O=C(O)C1CN(C(=O)CCc2ccccc2Cl)CCO1;O=C(O)C1CCCN1C(=O)COCc1ccccc1Cl;COc1cc(Cl)ccc1C(=O)N1CCCC(C(=O)O)C1;COc1ccc(Cl)cc1NC(=O)COC(=O)C1CCC1;OCC1COCCN1c1nc(Cl)nc(-n2cncn2)n1;O=C(COC(=O)C1CC1)NCCOc1ccc(Cl)cc1;COc1ccc(Cl)cc1CC(=O)N1CCC(C(=O)O)C1;O=C(Nc1cccc([N+](=O)[O-])c1)NC1CCS(=O)CC1;COc1ccc(Cl)cc1CC(=O)N(CC(=O)O)C1CC1;COC(=O)C1C2CCC(C2)C1NC(=O)c1ccc(Cl)o1;CC1(C(=O)O)CCCN1C(=O)COc1ccc(Cl)cc1;NC(=O)COc1ccc(Cl)cc1CNn1nnnc1N;CC(O)C[NH2+]CCNS(=O)(=O)c1c(Cl)cnn1C;Cn1c2ccc(N)cc2n2c(-c3ccc(Cl)cc3)nnc12;O=C(COCc1ccccc1Cl)NC1(C(=O)O)CCC1;COCCCNC(=O)Cn1c(-c2cccs2)noc1=O;O=C(O)CN(C(=O)c1ccccc1Cl)C1CCOCC1;CC(=O)N1CC(C(=O)Nc2ncc(C3(O)COC3)s2)C1;CCCSc1[nH+]c(CO)cn1Cc1ccc(Cl)cc1
m_ebcb8a,CN1C(=O)NC2(c3ccccc3)NC(=O)N(C)C12c1ccccc1;O=C(Cn1nc2ccccn2c1=O)NC1(c2ccccc2)CCC1;O=C(NCc1ccc2[nH]c(=O)[nH]c2c1)c1cccc2c1NCCC2;CC1(c2ccccc2)CN(C(=O)c2ccc3nc[nH]c3n2)CCO1;O=C(NCCCN1CCOCC1)C1(c2cccc(Cl)c2)CC1;Cc1ccc(-c2nc(NC(=O)COc3ccccc3C)n[nH]2)cc1;CC1CN(C(=O)C2(c3cccc(Cl)c3)CCOCC2)CCN1;NCC1CN(C(=O)C2(c3cccc(Cl)c3)CCC2)CCCO1;CCn1cnnc1-c1cccc(NC(=O)COc2ccccc2)c1;Cn1c(=O)n(CC(=O)N2CCCc3ccccc32)c2cccnc21;O=C(NCCn1cnc(C2CC2)cc1=O)c1cc2ccccc2[nH]1;NCC1CCN(C(=O)C2(c3cccc(Cl)c3)CCOCC2)C1;Cn1c(CNC(=O)CNC(=O)c2ccccc2)nc2ccccc21;CC1(c2ccccc2)CN(C(=O)c2ccc3nncn3c2)CCO1;O=C(CCOc1ccccc1)NCc1cccnc1-n1ccnc1;Cc1coc(C2CCCN(C(=O)c3cnc4ccccc4n3)C2)n1;O=C(c1cccc2nn[nH]c12)N1CCCC1COc1ccccc1;Cc1nc2ccccc2c(=O)n1CCCNC(=O)c1ccccn1;Cn1cncc1-c1ccc2cnc(NC(=O)C3CCCO3)cc2c1;O=C(NCC1(c2cccc(Cl)c2)CC1)NC1CCC(O)CC1;Cc1cc(C)c2c(=O)n(C(=O)NC3CCc4ccccc43)[nH]c2n1;CC(O)CN1CCN(C(=O)C2(c3ccc(Cl)cc3)CC2)CC1;Cc1oc(CNC(=O)NCc2cccnc2)nc1-c1ccccc1;Cc1c[nH+]c(-c2nc(N)c3[nH]c(=O)n(Cc4ccccc4)c3n2)[nH]1;N#CC1(c2ccc(C(=O)NC3CC(O)C3n3cccn3)cc2)CC1
m_ec2936,Cc1cnc(C)c(N2CCN(CC(=O)N3CC(C)CC(C)C3)CC2)n1;c1cc(NC2CCN(CC3CCCC3)CC2)nc(N2CCOCC2)n1;Cc1cc(N2CCCC(NC(=O)N3CCC4CCCCC43)C2)n(C)n1;CC1CCCN(c2cc(NCCC(=O)N3CCCCCC3)ncn2)C1;CCN1CCN(c2cc(CNC(=O)NCCC3CCC3)ccn2)CC1;Cc1cc(N(C)C)nc(N2CCN(C(=O)CCC3CCCC3)CC2)n1;CCN1CCN(c2cc(CNC(=O)NC3CCCC3C)ccn2)CC1;Cc1cc(NC(=O)NCC2CCCNC2)cnc1N1CCCCC1C;Cc1cc(N2CCC(NC(=O)N3CCC(C4CCCC4)C3)CC2)n[nH]1;CCC(CC)C(=O)N1CCN(c2cc(C)nc(N3CCCC3)n2)CC1;CCCNc1cc(N2CCCC(CCC(=O)N3CCCC3)C2)ncn1;CCCN1CCC(N2CCN(c3cccc(C(=O)NC)n3)CC2)CC1;Cn1cc(N2CCN(C(=O)NC3CCC4CCCCC4C3)CC2)cn1;CC(C)c1ccc(CC(=O)N2CCC3(CO)CCC[NH+](C)C3C2)cc1;CCc1cc(N2CCCC(NC(=O)N3CCCCCC3C)C2)ncn1;Cc1cc(N2CCCC(NC(=O)N3CCCC(C4CC4)C3)C2)n(C)n1;CCCCNC(=O)C1CCN(c2cc(N3CCCCC3)ncn2)CC1;CCOc1ccccc1N1CC[NH+](CCC(=O)C2CCCCC2)CC1;CN(C)CC1CCN(C(=O)NC2CCN(Cc3ccncc3)CC2)C1;CC(C)c1nnc2n1CC(NC(=O)N1C(C)CC3CCCCC31)CC2;Cn1ncc(CN2CCN(C(=O)NC3CCCCC3)CC2)c1C1CC1;CC(=O)N1CCC(CN(C)Cc2cc(C)nc(N3CCCCC3)n2)C1;CCOc1ccc(CC(=O)N2CCC([NH+]3CCCCCC3)CC2)cc1;CN1CCC(NC(=O)NC2CCN(CCc3ccncc3)CC2)CC1;CN(C)CCN(C(=O)C1CCN(c2ncccn2)CC1)C1CCCC1
m_ec5045,O=C1CC(C(=O)N2CCCC3C(=O)NCC32)c2ccc(F)cc2N1;O=C(NCCn1cnc(-c2ccc(F)cc2)cc1=O)C1CCCO1;O=C(NCc1ccco1)C1CCCN1C(=O)Nc1cccc(F)c1;CC1CCOCCN1C(=O)NCc1csc(-c2ccccc2)n1;O=C1CC(C(=O)NCc2ccnc3ccccc23)c2ccccc2N1;Cc1oc(-c2ccccc2F)nc1C(=O)N1CCCNC(=O)C1C;CCNC(=O)C1CCN(C(=O)c2cc(=O)[nH]c3cc(F)ccc23)C1;Cc1cnc(CNC(=O)C2CC(=O)N(C)C2c2ccc(F)cc2)o1;O=C(Cn1cnc2ccc(F)cc2c1=O)N1CCOC2CCCC21;Cc1nc(C2CCCN(C(=O)C3Cc4cc(F)ccc4O3)C2)no1;COc1ccc(-c2nc(CN3CCCNC(=O)C3C)cs2)cc1;O=C(Nc1cccn(Cc2ccc(F)cc2)c1=O)N1CCOCC1;CCOc1ccccc1NC(=O)N1CCC(c2nccs2)CC1;CCc1nc(C2CCCN2C(=O)C2Cc3cc(F)ccc3O2)no1;CNC(=O)C1CCCN1C(=O)Cc1coc(-c2ccc(F)cc2)n1;O=C(COc1ccc(F)cc1)N1CCCC(c2ccnc(=O)[nH]2)C1;O=C([O-])CC1(NC(=O)C2CC(=O)Nc3ccccc32)CCOCC1;Cc1ccc2cccc(NC(=O)C3CC(=O)Nc4ccccc43)c2n1;O=C(NCCc1csc(-c2ccccc2)n1)N1CCCC(O)C1;Cc1nc(COc2cccc(C(=O)N3CCCC(N)C3)c2)cs1;COc1ccc(C(=O)Nc2ccc(N3CCOCC3)cn2)c(F)c1;O=C(Cn1nc(C2CC2)ccc1=O)NCCOc1ccc(F)cc1;Cc1cc(C)c(-c2csc(NC(=O)N3CCOCC3)n2)c(C)c1;CCOCCCNc1nc(-c2ccc3c(c2)CC(=O)N3C)cs1;CCc1nc(C2CCCN2C(=O)C2Cc3cccc(F)c3O2)no1
m_ec755b,Cc1cc(-c2cc(S(N)(=O)=O)ccc2OCC2CC2)cn(C)c1=O;CN1C(=O)C(C)(C)c2cc(S(=O)(=O)NCCc3ccco3)ccc21;CC(c1cccc(S(N)(=O)=O)c1)[NH+](C)Cc1ccc(C#N)cc1F;CCC(=O)N1c2ccc(S(=O)(=O)NCc3ccco3)cc2CC1C;COCCn1cc(NS(=O)(=O)c2ccc3c(c2)CCC3)ccc1=O;COc1ccc(S(=O)(=O)Nc2ccc3c(c2)N(C)CC3)cc1OC;Cc1cc(C)c(S(N)(=O)=O)cc1C(=O)N(Cc1ccco1)C1CC1;Cc1cc(S(N)(=O)=O)cc(C(=O)N2CCCC2c2ccco2)c1C;CCN(C(=O)c1ccc(S(=O)(=O)NCc2ccco2)cc1)C1CC1;O=C(NCc1ccco1)c1ccc(S(=O)(=O)NC2CCCC2)cc1;COc1ccc(C)nc1NS(=O)(=O)c1ccc2c(c1)CC(C)(C)O2;O=S(=O)(NN1CCOCC1)c1ccc(OCc2ccccc2)cc1;COc1ccc(S(=O)(=O)N2CCCc3c(N)cccc32)cc1OC;COc1ccccc1CNS(=O)(=O)c1ccc2c(c1)N(C)CCO2;O=C(Nc1ccc(S(=O)(=O)NCc2ccco2)cc1)C1CCCC1;CCc1cc(S(N)(=O)=O)ccc1OCCNC(=O)c1ccccc1;Cc1cc(S(N)(=O)=O)c(C)cc1OCCNC(=O)c1ccccc1;CS(=O)(=O)N1CCC(NC(=O)c2occc2-c2ccccc2)CC1;CC1CCN(S(=O)(=O)c2ccc(NC(=O)c3ccco3)cc2)CC1;Cc1cc(CNS(=O)(=O)c2ccc3c(c2)OCO3)c(C)n1C1CC1;COC1=CC=CC=C1CC(=O)NCCC1=CC=C(S(N)(=O)=O)C=C1;NS(=O)(=O)c1ccc(CCNC(=O)CCOc2ccccc2)cc1;CC1Cc2cc(C(=O)NCCc3ccco3)ccc2N1S(C)(=O)=O;COc1cc(C)c(C(=O)NCc2ccc(S(N)(=O)=O)cc2)cc1C;CCOc1cccc(C(=O)NCCc2ccc(S(N)(=O)=O)cc2)c1
m_ecbfb5,CC(=O)Nc1ccc(OCC(=O)NCCSc2ccc(Cl)cc2)cc1;CC(NC(=O)c1cccc(N2CCCS2(=O)=O)c1)c1ccc(Cl)cc1;COCCOc1cccc(NC(=S)NC(=O)Cc2ccc(Cl)cc2)c1;CCOC(=O)Nc1cccc(C(=O)NCCSc2ccc(Cl)cc2)c1;COc1ccccc1NC(=O)CSC(C)C(=O)Nc1ccc(Cl)cc1;Cc1nc(-c2ccc(Cl)cc2)sc1C(=O)OCC(=O)N1CCCCC1;Cc1cccc(OC(C)C(=O)NNC(=O)CSc2ccc(Cl)cc2)c1;COC(=O)C1(NC(=O)c2sc(-c3cccc(Cl)c3)nc2C)CCCC1;COc1cccc(CCC(=O)NNC(=O)CSc2ccc(Cl)cc2)c1;NC(=O)c1cc(Cl)ccc1OCC(=O)NCCSCc1ccccc1;CCOc1ccc(Cl)cc1C=NNC(=O)CSc1ccc(OC)cc1;Cc1cccc(OCC(=O)NNC(=O)C(C)Sc2ccc(Cl)cc2)c1;CCOc1ccc(C(=O)NNC(=O)CSCc2ccc(Cl)cc2)cc1;CCNC(=O)COc1cccc(NC(=O)c2cc(SC)ccc2Cl)c1;CC1CCCN(C(=O)COC(=O)c2csc(-c3cccc(Cl)c3)n2)C1;NC(=O)c1ccc(NC(=O)CSCCCOc2ccc(Cl)cc2)cc1;COCCNC(=O)CSc1ccccc1C(=O)Nc1cccc(Cl)c1;CCOc1ccc(C=NNC(=O)CSc2ccc(Cl)cc2)cc1OC;CCOc1ccc(SCC(=O)Nc2ccc(NC(C)=O)c(Cl)c2)cc1;CC(NC(=O)c1ccc(S(=O)(=O)NC2CC2)cc1)c1cccc(Cl)c1;O=C(NCc1ccc(-c2ccc(Cl)cc2)o1)c1cc(-c2ccccc2)on1;CCOC(=O)CSc1nc(C)cc(C)c1C(=O)Nc1ccc(Cl)cc1;COc1ccc(CCNC(=S)NC(=O)c2cccc(Cl)c2)cc1OC;C=CCNS(=O)(=O)c1ccc(C(=O)NC(C)c2cccc(Cl)c2)cc1;CC(c1cccc([N+](=O)[O-])c1)N(C)C(=O)CCSc1ccc(Cl)cc1
m_ed201b,CCCNc1nc(NCCSC)nc(N2CCOCC2)n1;C[NH+](Cc1cnc(N2CCOCC2)s1)CC1CCCCO1;CCC(CSC)Nc1nc(NC)nc(N2CCOCC2)n1;Nc1nc(NCCC[NH3+])nc(NCC2CCCO2)c1[N+](=O)[O-];CC1(C)NC(=O)CCC1NC(=O)NCC(=O)N1CCOCC1;COCC1=CN(C[C@H]2OC[C@H](O)[C@H]2NC2CCOCC2)N=N1;COCC[NH2+]Cc1sc(N2CCCOCC2)nc1C1CC1;Cc1nnc(C(C)[NH+]2CCCC2C2COCCC2(C)O)s1;Cc1nc(C2CCCN(C(=O)C3CCC(F)(F)CC3)C2)n[nH]1;COCCNc1nc(N)c([N+](=O)[O-])c(N2CC[NH+](C)CC2)n1;Cc1nc(C2CCCN(C(=O)C3CCCCC3(F)F)C2)n[nH]1;Cc1csc(N2CCC([NH2+]CC3(O)CCOCC3)CC2)n1;Cc1cc(NC(=O)N2CCC(F)(F)C2)nn1C1CCCCC1;CC(CCNc1nc(N)nc(N2CCCCC2)n1)S(C)=O;CCCc1nc(N2CCC([NH+]3CCOCC3)C2)sc1CO;CC(C)C1N(C(=O)Nc2ccn(CC(F)F)n2)CC12CCC2;O=c1[nH]cc(C[NH+]2CCC(O)(C[NH+]3CCOCC3)C2)c(=O)[nH]1;NC(Nc1ccccc1)=[NH+]Cc1cccc(N2CCOCC2)n1;CC([NH+]=C1NC2(CCCCC2)CS1)C(=O)N1CCOCC1;Cc1nc(C(C)C)sc1C(=O)NCC(C)[NH+]1CCOCC1;COc1cc(F)ccc1NC(=O)NCC(C)[NH+]1CCOCC1;CCC1CCOCC([NH+]2CNC3=C2NC(N=NN)NC3=O)O1;C(=[NH+]c1nc2ccccc2nc1N1CCCC1)N1CCOCC1;Cn1cc(NC(=O)N2CCC(F)(F)C2)c(C2CCCCC2)n1;CC1(C)CC[NH+](Cc2noc(C3CCOCC3)n2)CCS1
m_edaa12,COc1c(C)cnc(CN(C)C(=O)Cc2c[nH]c3ccccc23)c1C;CCOC(=O)CC12c3[nH]c4ccccc4c3CCN1CCCC2C#N;Cn1cccc1C1COCCN1C(=O)CCc1c[nH]c2ccccc12;CCOc1ccc(CCC(=O)N(C)Cc2nc3ccccc3[nH]2)cc1;Cc1cccc(=O)n1CCCCNC(=O)Cc1c[nH]c2ccccc12;Cc1ccc2c(CC(=O)Nc3ccc(N(C)CCO)cc3)c[nH]c2c1;Cc1cccc(OCCN(C)C(=O)CCn2cnc3ccccc32)c1;CCCC1=C2C(=C3/C(=N/O)CC(C)(C)CC3=[N+]1[O-])NC1=CC=CC=C12;Cc1cccc2c(CC(=O)N3CCOCC3c3cccn3C)c[nH]c12;CCCCNC(=O)Cn1c(-c2cccc(OC)c2)nc2ccccc21;COC1=CC=C2NC3=C(CN(C(=O)CN4C(C)=CC=C4C)CC3)C2=C1;CCN(Cc1ccc(N(C)C)cc1)C(=O)COc1ccc(C#N)cc1;Cc1cccc(=O)n1CCCNC(=O)CCc1c[nH]c2ccccc12;CCC(CO)NC(=O)C1=NN(c2ccccc2)C(c2ccccc2)C1;CN1CCN(CC(O)COc2cccc3[nH]ccc23)c2ccccc21;CCN(Cc1ccccc1)C(=O)CCn1c(=O)n(C)c2ccccc21;CC(C)c1coc(C2CCCN2C(=O)Cc2c[nH]c3ccccc23)n1;O=C(NCCCc1c[nH]c2ccccc12)NC(CO)c1ccccc1;COc1ccccc1CC1CCCN(C(=O)c2cc(C#N)cn2C)C1;O=c1[nH]c2ccccc2n1C1CCN(CCOc2ccccc2)CC1;CCOCCCn1c(NC(=O)c2cccc(C)c2)nc2ccccc21;CCOc1cccc(C(C)NC(=O)N(C)Cc2cccc(C#N)c2)c1;CC[NH+]1CCN(c2ccc(C(=O)N(C)C(C)C(=O)[O-])cc2F)CC1;COCCCNC(=O)Cn1c(-c2cccc(C)c2)nc2ccccc21;COc1c(C)cnc(CN(C)C(=O)c2c(C)[nH]c3ccccc23)c1C
m_edccdd,O=C(NCCCN1CCCCCC1=O)Nc1cccnc1;CC(C)NC(=O)N1CCCC(NC(=O)c2cccnc2)C1;CCNC(=O)CNC(=O)c1cccnc1N1CCCCC1;CC(C)(C)NC(=O)N1CCN(C(=O)c2cccnc2)CC1;CN(C)C(=O)CCNC(=O)N1CCCC1c1ccncc1;O=C(NCCN1CCCCCC1=O)c1cc(C2CC2)[nH]n1;O=C(C1CNNC1)N1CCCC(OCc2cccnc2)C1;CC(c1ccncc1)N(C)C(=O)NCC(=O)N1CCCC1;CCCNC(=O)CC(=O)N1CCN(c2ccccn2)CC1;COC1CN(c2cnccn2)CC1CC(=O)N1CCCC1;COCCN1C[C@H]2CN(CC3=CC=CN=C3)CCN2C1=O;Cc1ncc(N)cc1C(=O)NCCC(=O)N1CCCCC1;COC1CCN(C(=O)Nc2cccnc2N2CCCC2)C1;CC(C)(C)N1CC(NC(=O)NCc2cccnc2)CC1=O;CC(=O)NCC(=O)NCc1ccc(N2CCCCC2)nc1;CC(C)NC(=O)CC(=O)N1CCN(c2ccccn2)CC1;CCCNC(=O)NC1CCN(C(=O)c2ccncc2)CC1;O=C(C1CCN(c2cnccn2)CC1)N1CCCC1CO;O=C1CCCCN1CC(=O)N1CCCCC1c1ncc[nH]1;Cn1nc(C(=O)N2CCCCCC2)cc1NC(=O)C1CC1;O=C(NCc1ccnc(N2CCCC2)n1)C1CCOCC1;O=C(CCNc1nccn(C2CC2)c1=O)N1CCCCC1;CC(CNC(=O)CCc1cnccn1)N1CCCCC1=O;O=C(Nc1cccnc1N1CCCC1)N1CCCC1CO;O=C(NCCCN1CCCC1=O)C1CCn2cncc2C1
m_edd5cd,NS(=O)(=O)c1ccc(N2CCCC(CO)C2)c(C(F)(F)F)c1;Cc1c(C(=O)N2CCCC(O)C2)nnn1-c1ccc(Cl)cc1F;O=C(COc1ccc(F)cc1F)N1CCCCC1c1nccs1;Cc1noc(C2CCN(C(=O)Nc3ccc(F)cc3Cl)CC2)n1;CN(C(=O)CSCC1CCCCO1)c1nc(C(F)(F)F)co1;Cc1c(C(=O)N2CCC(CO)C2)nnn1-c1ccc(F)c(Cl)c1;Cc1noc(C2CCN(C(=O)Nc3ccc(F)c(Cl)c3)CC2)n1;CC1CCC(CO)CN1S(=O)(=O)c1ccc(C(F)(F)F)nc1;CC1CCCN(S(=O)(=O)c2ccc(C(F)(F)F)nc2)C1CO;O=C(c1csc(CO)n1)N1CCC(c2ccc(F)c(F)c2)CC1;CCOC1CCCN(S(=O)(=O)c2ccc(C(F)(F)F)nc2)C1;CN1CC([NH+]2CCOCC2)N(c2nnc(C(F)(F)F)s2)C1=O;CC1CN(C(=O)c2csc(-c3c(F)cccc3F)n2)CC(C)O1;CC(C)(CNC(=O)c1cc(N2CCNC2=O)ccc1Cl)C(=O)[O-];CS(=O)(=O)N1CCC(COc2cccc(C(F)(F)F)n2)CC1;O=S(=O)(NCCc1ccccc1C(F)(F)F)N1CCOCC1;O=C(COc1cc(F)cc(F)c1)N1CCC(c2nccs2)CC1;O=C(NC1(CO)CCCC1)c1cnc(-c2ccc(F)c(F)c2)s1;O=S(=O)(NCCc1ccc(C(F)(F)F)cc1)N1CCOCC1;CC1CN(S(=O)(=O)c2ccc(C(F)(F)F)nc2)C(C)(C)CO1;O=C(NCc1ccsc1)N1CCOC(c2ccc(F)c(F)c2)C1;CCn1nncc1C(=O)N1CCOC(c2ccc(F)cc2Cl)C1;Cc1nc(C)c(C(=O)N2CC(O)CC2c2cc(F)ccc2F)s1;O=C(Nc1ccccc1)NC1OC(=O)C([NH+]2CCOCC2)=C1Cl;CCN(CC1CCCO1)S(=O)(=O)c1ccc(C(F)(F)F)nc1
m_eff2fa,O=C(CCN1C(=O)COc2ccccc21)Nc1ccc(N2CCCCCC2)cc1;Cc1ccc(N2C(=O)N(CC(=O)NC(C)CCc3ccccc3)C(=O)C2C)cc1;CCc1cccc(NC(=O)Cn2c(=O)n(CCC(C)C)c(=O)c3ccccc32)c1;CCCn1c(CN(CC(C)C)C(=O)c2ccc3c(c2)OCO3)nc2ccccc21;CC(C)(O)C[NH+]1CCc2c(cccc2NC(=O)c2cncc(-n3ccnn3)c2)C1;Cc1ccc(C)c(N2CCN(C(=O)CCN3C(=O)COc4ccccc43)CC2)c1;CN(Cc1ccccc1N1CCCC1)C(=O)CCN1C(=O)COc2ccccc21;CCCCOc1ccc(C(=O)NCC2CCCN2c2nc3ccccc3o2)cc1;CCOC(=O)C1(NC(=O)c2ncccc2N2CCCCC2)Cc2ccccc2C1;Cc1ccc2c(c1)C(=O)N(CCC(=O)NCCCCN(C)c1ccccc1)C2=O;CCc1nc2ccccc2n1CC(=O)Nc1ccc(C)cc1OCC1CCCO1;Cc1ccc(N2CCC(Nc3cccc(C(=O)N4CCOCC4)c3C)C2=O)cc1;CCCCn1c(=O)c2ccccc2n(CC(=O)Nc2ccc(C(C)C)cc2)c1=O;CC(C)c1ccc(OCC(=O)NCC2CCCN2c2nc3ccccc3o2)cc1;CCc1ccccc1N1CC(C(=O)Nc2ccccc2N2CCOCC2)CC1=O;CN1C(=O)C(NC(=O)N2CCCC(Cc3ccccc3)C2)COc2ccccc21;Cc1ccc2c(c1)C(=O)N(CCCC(=O)NCCCN(C)c1ccccc1)C2=O;Cc1ccc(C(C[NH+]2CCOCC2)NC(=O)c2ccc(-n3cnnn3)cc2)cc1;Cc1ccc(CNC(=O)C2CC(=O)N(c3ccccc3N3CCOCC3)C2)cc1;Cc1cccc(NC(=O)N2CCCC(C(=O)NC3COc4ccccc4C3)C2)c1;CCOC(=O)Cn1c(CCCCCNC(=O)c2ccccc2)nc2ccccc21;COc1ccccc1N1CCN(CCCCN2C(=O)c3ccccc3C2=O)CC1;CCCCCn1c(=O)c2ccccc2n(CC(=O)Nc2cc(C)ccc2C)c1=O;CC(=O)N1CCc2ccccc2C1CC(=O)Nc1ccccc1N1CCOCC1;CCOC(=O)C1(NC(=O)c2ccncc2N2CCCCC2)Cc2ccccc2C1
m_f0bee0,O=CN(Cc1ccco1)C(C(=O)NC1CCCCC1)c1cccnc1;COc1cc(CN2CCC(NC(=O)c3cccnc3)C2)cc(OC)c1;COc1ncc(C)cc1NC(=O)C1CN(Cc2ccccc2)CCO1;CC(=O)N1CCN(Cc2cccc(NC(=O)c3occc3C)c2)CC1;Cc1ccoc1C(=O)NCC(=O)N1CCN(Cc2ccccc2)CC1;O=C(c1ccnc(OC2CCC2)c1)N1CCN(Cc2ccco2)CC1;COc1cccc(CNC(=O)C2CN(Cc3ccccc3)CCO2)n1;O=C1CCCCCN1CC(=O)N(Cc1cccnc1)Cc1ccco1;COC(=O)C1CC1c1nc(-c2cccc(CN3CCCCC3)c2)no1;O=C(NCc1ccco1)c1cccc(C(=O)NC2CCCCCC2)n1;CN(Cc1ccco1)C(=O)CN1CCNC(=O)CC1c1ccccc1;CCNC(=O)N1CCC(NC(=O)c2cccc(-c3ccco3)c2)CC1;Cc1ccc(CNC(=O)N2CCC(NC(=O)c3ccco3)CC2)cc1;O=C(CNC(=O)N1CCC(Cc2ccccc2)C1)NCc1ccco1;CCc1ccc(NC(=O)NC2CCN(C(=O)c3ccco3)CC2)cc1;Cn1c(C[NH+]2CCN(c3cc(C#N)ccn3)CC2)cc(=O)n(C)c1=O;Cc1nc(CC2CC2)oc1C(=O)N1CCN(c2cccc(O)c2)CC1;CC(=O)N1CCN(CC(=O)N(Cc2ccco2)c2ccccc2)CC1;CC(C)C(=O)N1CCN(c2ccc(NC(=O)c3ccco3)cc2)CC1;Cn1ccc(C(=O)NCC2CN(Cc3ccccc3)CCO2)cc1=O;O=C1CNC(=O)N1Cc1ccc(C(=O)N(C2CCC2)C2CCC2)cc1;O=C(NCCc1cccc(O)c1)N1CCN(c2cccc(O)c2)CC1;CC(=O)N1CCC(N(Cc2ccco2)C(=O)Nc2ccccc2)CC1;O=C(NC1CN(Cc2ccccc2)CCC1CO)c1cccc(=O)[nH]1;Cc1ccc(C)c(NC(=O)NC2CCN(C(=O)c3ccco3)CC2)c1
m_f10ba9,CNc1ncc(Cc2cc(OC)c(OC)c(OC)c2)c(N)n1;CCOc1c(OC)cc(Cc2cnc(N)nc2N)cc1OC;CCC(CC)N(CCO)S(=O)(=O)c1c(N)nn(C)c1C;CCN(CC)c1ccc(-c2nc(C(C)C)no2)cc1[N+](=O)[O-];CNc1nc(N)ncc1Cc1cc(OC)c(OC)c(OC)c1;CCCCCCC(C(N)=O)n1cnc2cccc([N+](=O)[O-])c21;CCOc1cc(Nc2cnn(CC(C)C)c2)ccc1[N+](=O)[O-];C[NH+]=C(NCc1cccc([N+](=O)[O-])c1)NCc1ncnn1C;C[NH+](C)CCNC(=O)c1ccc(Nc2cccc(F)c2)nn1;C[NH+](C)CCNC(=O)c1ccc(Nc2ccccc2F)nn1;CN(CCC(F)(F)F)C(=O)Nc1ccc(C(C)(C)C)nn1;CC1NNC(C(=O)N(Cc2ccccc2)C2CC2)C1[N+](=O)[O-];COc1ccc(CCNC(=O)c2cnn(C)c2N)cc1OC;CN(C(=O)c1[nH]ncc1[N+](=O)[O-])C12CC3CC(CC(C3)C1)C2;Nc1nc(N2CC[NH+](Cc3ccccc3[N+](=O)[O-])CC2)n[nH]1;C[NH+](C)CCNc1ccc(C(=O)Nc2cccc(F)c2)nn1;CCCCCCNC(=O)Cn1cnc2cccc([N+](=O)[O-])c21;CCCc1cc(CNC(=O)c2ccc(NCCO)nc2)on1;Cn1c(=O)n(C)c2cc([N+](=O)[O-])c(NC3CCCCC3)cc21;COc1ccc(CN(C)C(=O)NCc2cc[nH]n2)c(OC)c1;COC(C)c1noc(CN(C)C(=O)c2cc(N)ccc2C)n1;CCCNc1ccc(C(=O)N(CC(F)(F)F)C(C)C)nn1;CCCn1cc(S(=O)(=O)NC(C)(CC)CCO)c(N)n1;CC(C)Cc1nc(COc2ccc(N(C)C(N)=O)cc2)no1;CC(NC(=O)N(C)CCO)c1nc(Cc2ccccc2)no1
m_f1a045,COc1cc(C2C[NH2+]Cc3c2ccc(OC)c3O)ccc1O;COc1cc(OC)cc(C(=C[NH3+])c2ccc(O)c(OC)c2)c1;O=c1cc(C[NH+]2CCCCCC2)c2cc3c(cc2o1)OCO3;COC(=O)C1CC(O)C[NH+]1Cc1c(O)ccc2ccccc12;COc1cc(Cl)cc(C[NH+]2CCOC(C(C)[NH3+])C2)c1O;COc1cc2c([O-])c(CC=C(C)C)c(=O)n(C)c2cc1OC;C[NH2+]CC1C[NH+](Cc2cc(Cl)cc(OC)c2O)CCO1;Cc1nn(C)c(NCC2CCOc3ccccc32)c1[N+](=O)[O-];COc1cccc(C[NH2+]CC2COc3ccccc3O2)c1O;COc1cc2c(cc1OC)C(c1ccc(O)c(O)c1)C[NH2+]C2;CC(C)c1cc(O)c(CC=O)cc1Oc1cnc(N)nc1N;OCC1OC(C[NH2+]Cc2ccccc2F)C(O)C(O)C1O;CCCc1cc(=O)nc(NN=Cc2cccc(OC)c2O)[nH]1;C=CCc1cc(C(=O)Nc2cnnn2C)cc(OC)c1OC;Oc1ccc(CC[NH2+]C(O)C=Cc2ccc(O)c(O)c2)cc1;CCc1cc(N(C)CCO)nc(-c2ccc([N+](=O)[O-])cc2)n1;Cc1nc(C)n(C(C)CNC(=O)c2ccc3c(c2)OCO3)n1;CCn1c(C)c(C)c2c(C=C(C)C(=O)[O-])cc(OC)c(O)c21;COc1cc(NCc2cccnc2N(C)C)ccc1[N+](=O)[O-];CCNC(=O)c1cnc(-c2ccc(OC)c(OC)c2)nc1N;COc1ccccc1CNC(=O)CNc1nc(=O)cc(C)[nH]1;C[NH+]1CCOC23CCC(=O)C4Oc5c(O)ccc(c5C42)CC13;CCCc1nn(C)c(C(N)=O)c1NC(=O)c1ccccc1O;COc1cccc(C[NH2+]Cc2cc(OC)c3c(c2)OCO3)c1;O=C(NCCc1cnc[nH]1)NCC1COc2ccccc2O1
m_f22b14,Cc1cc(C)cc(C(=O)CC[NH+]2CCN(c3ccccn3)CC2)c1;c1cc(N2CCCC2)ccc1Nc1cnnc(NC2CCCC2)n1;Cn1cc(-c2cnn3c(N)cc(CCC4CCCCC4)nc23)cn1;CC(C1CC1)N(c1nc(N)nc(-c2ccccn2)n1)C(C)C1CC1;O=S(=O)([O-])CCN1CC[NH2+]CCNCCNCC[NH2+]CC1;Cc1cc(NC(=O)CN(C)C(=O)C(C)[NH+]2CCN(C)CC2)no1;O=C(NCCCC[NH+]1CCCC1)c1ccc(-c2ccccn2)cc1;CC(=O)NCC1CCC[NH+](Cc2ccc(-c3ccccn3)cc2)C1;Nc1c(N2CCCCC2)c(C2CCCCC2=O)[nH+]c2ccccc12;CCn1cnnc1-c1cccc(NCc2cnn(C(C)(C)C)c2)c1;Cc1ccc(-c2cncc(C(=O)NC3CCCCC3C[NH3+])c2)cc1;Nc1ccc2[nH+]c(CC[NH+]3CCN(c4ccccn4)CC3)cn2c1;CC1CCN(c2ccc(Nc3nncc(NC4CC4)n3)cc2)CC1;Cc1nc(-c2ccccc2)ccc1C(=O)NC1CCCCC1C[NH3+];Cc1ccc(CC(NC(=O)C2CC[NH2+]CC2)c2ccccn2)cc1;Cc1cccc(N2CCN(c3nncc(NC4CC4)n3)CC2)c1C;CC[NH+]1CCN(C(=O)C(c2ccc(C)cc2)c2ccccn2)CC1;Cc1cc(NC2CCN(c3cccnn3)CC2)nc(C2CCC2)n1;NCC[NH2+]CCCCCCCCCCCCOS(=O)(=O)[O-];CCCNc1ccc(CNc2cc(CCC)nc3ncnn23)cc1;CCc1nnc(NCCc2nc3ccccc3n2CC)nc1CC;Cc1cnc(C)c(N2CC(c3nc(C4CC4)n[nH]3)C(C3CC3)C2)n1;Cc1cccc(CN(Cc2ccccn2)C(=O)C2CC[NH2+]CC2)c1;O=C(NCc1ccccn1)c1ccc(C[NH+]2CCCCCC2)cc1;CC1CC[NH+](Cc2ccc(CNC(=O)c3ccccn3)cc2)CC1
m_f22bed,Cc1noc(C2CC(O)CN2C(=O)C2(C)CCCc3ccccc32)n1;CC(C)(C)OC(=O)N1CCC(c2ncc(-c3ccccc3)c(=O)[nH]2)C1;COc1ccccc1NC(=O)NCC(O)c1ccc2c(c1)CCN2C;Cc1cc(C)n(CC(C)CNC(=O)C2Cc3ccccc3C(=O)O2)n1;Cc1cc(C)n(C(C)CC(=O)N2CCc3ccccc3C2C(=O)O)n1;O=C(CCc1nc(C2CC2)no1)NCC1(O)CCCc2ccccc21;CC1(C2CC2)NC(=O)N(CC(=O)N2CCCC2c2ccccc2)C1=O;Cc1ccccc1C(=O)NC1CCCN(C(=O)NCc2ccco2)C1;CC(C)(C)OC(=O)N1CCc2c(c3cccc4c3n2CCC(=O)N4)C1;CC(C)(C)OC(=O)N1CCC(N2Cc3cccc(C#N)c3C2=O)CC1;CC(C)(C)OC(=O)N1CC(O)C(C2c3ccccc3-c3cncn32)C1;CCc1nc(C2CCCN2C(=O)c2cccc3c2OC(C)C3C)no1;Cc1c(C)c2c(c(C)c1O)CCC(C)(C(=O)N1CCn3nccc31)O2;CC(C)OC1CN(c2ncnc3c2Cc2ccccc2OC3)CC1O;Cc1ccc(NC(=O)N2CCCC(NC(=O)c3ccco3)C2)cc1C;O=C1CC2(NC(=O)CN3CCc4ccccc4C3=O)CCCCC2N1;CC1(C2CC2)NC(=O)N(CC(=O)NC2CCCc3ccccc32)C1=O;Cc1nc(C(C)(C)C)[nH]c(=O)c1C(=O)NC1c2ccccc2CC1O;CC1CCC(c2nc3cc(C#N)ccc3o2)CN1C(=O)OC(C)(C)C;CC1CC(=O)NN=C1C1(C)Oc2ccccc2N(C2CCCC2)C1=O;CN(C(=O)CN1C(=O)NC(C)(C2CC2)C1=O)C1CCc2ccccc21;CC(C)(C)OC(=O)N1CCCC1C(=O)Nc1ccc2ccccc2n1;CC(C)C1=CC=C(N2C(=O)N[C@@H]3CCN(C(=O)C4CC4)[C@@H]3C2=O)C=C1;Cc1noc(C)c1C1CCCN1C(=O)c1cc2c([nH]c1=O)CCCC2;COc1ccccc1NC(=O)CN1CC(C)(C)Oc2cc(N)ccc21
m_f24d72,CNS(=O)(=O)c1cc(C(=O)Nc2cccc(OC)c2)ccc1OC;COc1ccc(S(=O)(=O)Nc2cccc(NC(C)=O)c2)c(OC)c1;CNC(=O)c1ccccc1NS(=O)(=O)c1ccc(OC)c(OC)c1;CNC(=O)c1ccc(S(=O)(=O)Nc2ccc(OC)cc2OC)cc1;COc1ccc(S(=O)(=O)Nc2cc(NC(C)=O)ccc2OC)cc1;COC1=CC=C(C(=O)NCC2=CC=C(S(N)(=O)=O)C=C2)C=C1OC;COc1ccc(CNC(=O)c2ccc(S(N)(=O)=O)cc2)cc1OC;COc1cc(NS(=O)(=O)c2ccc(NC(C)=O)cc2)cc(OC)c1;CCOc1ccc(S(=O)(=O)NN=Cc2cccc(OC)c2O)cc1;CONC(=O)c1ccc(OC)c(S(=O)(=O)Nc2ccc(C)cc2)c1;CCOc1ccc(S(=O)(=O)NN=Cc2ccc(OC)c(O)c2)cc1;CCOc1ccc(NS(=O)(=O)c2ccc(OCC(N)=O)cc2)cc1;COCc1cc(C(=O)Nc2ccc(S(N)(=O)=O)cc2)ccc1OC;COc1cc(NC(=O)COc2cccc(C)c2)ccc1S(N)(=O)=O;COc1ccc(S(=O)(=O)NN=C(C)c2cccc(O)c2)c(OC)c1;COc1ccc(CNC(=O)c2cc(S(N)(=O)=O)ccc2OC)cc1;Cc1ccc(S(=O)(=O)Nc2cccc(C(=O)O)c2OC(C)C)cn1;COCCOc1ccc(C(=O)Nc2ccc(S(N)(=O)=O)cc2)cc1;CNS(=O)(=O)c1cc(C(=O)Nc2ccc(OC)cc2)ccc1OC;COc1ccccc1OCC(=O)NNS(=O)(=O)c1ccc(C)cc1;CNS(=O)(=O)c1cccc(NC(=O)c2cc(OC)cc(OC)c2)c1;COc1ccc(OCC(=O)NNS(=O)(=O)c2ccc(C)cc2)cc1;CCCc1ccc(NS(=O)(=O)c2ccc([N+](=O)[O-])cc2OC)cc1;COc1cc([N+](=O)[O-])ccc1S(=O)(=O)Nc1cccc(C(C)C)c1;COc1ccc(S(=O)(=O)NCC(=O)Nc2ccccc2OC)cc1
m_f2d901,CCC=CCCCNC(C(=O)O)C(C)OP(=O)(O)O;O=C([O-])CCCCCC(=O)NN=Cc1ccc(O)c(F)c1;COCCCNC(=O)C(C#N)=CNc1cc(F)ccc1F;COCCCNC(=O)c1cc(-c2ccc(F)c(F)c2)n[nH]1;NC(Cc1ccc(O)cc1)C(=O)NCC(=O)NCC(=O)O;CCOP(=O)(CN=CC1(Cl)CCCCC1)OCC;BC1OC(COC)C(OP(C)(=O)[O-])C1OCCCO;O=C(COc1ccc(F)cc1F)NCCCn1cccn1;[N-]=[N+]=NC1C(OCc2ccccc2)OC(CO)C(O)C1O;BC1OC(CC(C)(C)OP(=O)([O-])C(C)O)C(O)C1O;Cn1cc(C(=O)NCCCO)c(-c2ccc(F)cc2F)n1;NCC(=O)NC(Cc1ccc(O)cc1)C(=O)NCC(=O)O;CCC(COC)NC(=O)NCc1cc(C(F)(F)F)on1;CCOCCOc1c(OC)cc(C=CC(=O)[O-])cc1OC;CCOC(=O)c1nnn(CCCCOC)c1C(F)(F)F;NC(=O)CC(NC(=O)C(N)CC1=CC=C(O)C=C1)C(=O)O;CCOC(=O)c1ccccc1NC(=O)C1CSCC[NH2+]1;Cc1n[nH]c(C)c1C(=O)NCC(O)c1c(F)cccc1F;Cc1cc(F)ccc1NC(=O)NC(=O)CCCCC(=O)[O-];CCCCNC(=O)Nc1cc([N+](=O)[O-])ccc1C(=O)OC;CC1OCCC1CNC(=O)Nc1cccc(F)c1C(=O)[O-];CCCOP(=S)(NN/C(C)=C(\C)N=O)OCCC;O=C(NCC1CCCOC1)Nc1cc(C(=O)[O-])ccc1F;CC(C)CNC(=O)NC(=O)COc1ccccc1[N+](=O)[O-];CC=CC=CC(=O)NS(=O)(=O)c1ccc(CC[NH3+])cc1
m_f55e93,CCCc1nn(C)c2c1C(c1cccc([N+](=O)[O-])c1)C(C(=O)OC)=C(C)N2;Cc1c(-c2ccc([N+](=O)[O-])o2)nc([NH+]=C2CCCCN2C)n2c(C)nnc12;CC1=C(C#N)[C@@H](C2=CC=CC([N+](=O)[O-])=C2)C(C(=O)OCCN(C)C)=C(C)N1;COc1ccccc1CNN=Cc1ccc(N2CCOCC2)c([N+](=O)[O-])c1;Cc1nc2c(C)c(-c3ccc([N+](=O)[O-])o3)nc([NH+]=C3CCCCN3C)n2n1;Cc1ccc(NC(=O)N(Cc2cccnc2)CC2CCCO2)cc1[N+](=O)[O-];CCOC(=O)NC1CCCN(c2ccc([N+](=O)[O-])c(-c3ccccc3)n2)C1;CCOc1ccc(C(=O)N2CCC(Nc3ncccc3[N+](=O)[O-])CC2)cc1;COc1ccc(CC(=O)N2CCN(c3ncc([N+](=O)[O-])cc3C)CC2)cc1;CCCc1nn(C)c2c1C(c1ccccc1[N+](=O)[O-])C(C(=O)OC)C(C)=N2;CCn1cc2c(n1)-c1ccc(N3CC(CNC(C)=O)OC3=O)cc1OCC2;CCOc1ccc(CC(=O)N2CCN(c3ccc([N+](=O)[O-])cn3)CC2)cc1;CCOc1ccc(CC(=O)N2CCN(c3ccc([N+](=O)[O-])nc3)CC2)cc1;CCOc1cccc(CNC(=O)C2CNNC2c2ccc([N+](=O)[O-])cc2)c1;COCc1cccc(NC(=O)N2CCN(c3ccccc3[N+](=O)[O-])CC2)c1;CCOc1ccccc1N1CCN(C(=O)Nc2ccc([N+](=O)[O-])cc2)CC1;CC(C)(C)OC(=O)N1CCCN1c1ccc([N+](=O)[O-])c(-c2ccccc2)n1;COc1ccccc1Oc1ncnc(NCCC2=CCCCC2)c1[N+](=O)[O-];CNc1ccc(C(=O)N2CCN(c3cccc(OC)c3)CC2)cc1[N+](=O)[O-];COc1cc([N+](=O)[O-])ccc1NN=C(C)c1ccc(N2CCOCC2)cc1;COc1ccc(NC(=O)C(C)N2CCCc3c(N)cccc32)c([N+](=O)[O-])c1;Cc1cc(=O)c(C(=O)NC2CCCCC2C)nn1-c1ccccc1[N+](=O)[O-];O=C(CCCOc1ccccc1)N1CCN(c2ccc([N+](=O)[O-])nc2)CC1;CCCC(=NNC(=O)CNc1ccccc1OC)c1cccc([N+](=O)[O-])c1;O=[N+]([O-])c1ccc2[nH+]c(-c3ccc(OCC[NH+]4CCOCC4)cc3)cn2c1
m_f5c42c,CC1CN(C(=O)c2ccccc2N2CCCC2)CC1(C)O;CCCC(C)CN1CC(=O)NC(C)(c2ccccc2)C1=O;Cc1ccccc1CCC(=O)NCCN1CCCCC1=O;CC(C)CCNC(=O)CN1CCCC(=O)c2ccccc21;CC1CCCN(C(=O)C(=O)NCCCc2ccccc2)C1;CCC1(CC)NC(=O)CN(CCc2cccc(C)c2)C1=O;C=CCCCNc1ccccc1C(=O)N1CCCC1CO;CCC1(C)NC(=O)CCN(Cc2cc(C)ccc2C)C1=O;O=C(CN1CCCC(O)c2ccccc21)N1CCCCC1;Cc1cc(C)c(CNC(=O)CN2CCCCC2=O)c(C)c1;CC(=Cc1ccccc1)CN1CCCC(O)(CC(N)=O)C1;CC(C)CCN1CC(C(=O)N(C)c2ccccc2)CC1=O;CC(C)CCN1CCC(=O)NC(Cc2ccccc2)C1=O;CCCC1NC(=O)CCN(CCc2ccccc2C)C1=O;Cc1ccc(N2CCC(=O)NC(CC(C)C)C2=O)c(C)c1;CC1c2ccccc2CCN1C(=O)CNCC1CCCO1;CCCCN(CCO)C(=O)c1cc2c(C)cc(C)cc2[nH]1;Cc1cccnc1CC(=O)N1CCC2(O)CCCCC2C1;CC1CCCN1C(=O)C[NH2+]CCNc1ccc(C#N)cn1;O=C(CCc1cccnc1)N1CCC2(O)CCCCC2C1;CCC1(C)NC(=O)CN(Cc2c(C)cc(C)cc2C)C1=O;Cc1ccccc1N1CC(C(=O)NCCC(C)C)CC1=O;C=CCNC(=O)N1CCCC1Cc1ccc(OC)c(C)c1;CC(C)CCCN1CC(=O)NC(Cc2ccccc2)C1=O;Cc1ccc(C(=O)N2CCN(C(=O)C(C)C)CC2)c(C)c1
m_f7002e,COc1cc(Cl)ccc1C(=O)N1CCCC(O)(C(F)(F)F)C1;COC1CC(CO)N(C(=O)c2ccc(C(F)(F)F)cc2Cl)C1;O=C(Nc1ccc(Cl)cc1OCC(F)(F)F)C1CCCOC1;O=C(COc1ccc(F)c(Cl)c1)NC1CCc2c(F)cccc21;O=S(=O)(c1cccnc1)N1CCN(c2ccc(Cl)cc2)CC1;COC1CC(CO)N(C(=O)c2ccc(Cl)c(C(F)(F)F)c2)C1;CN(C)S(=O)(=O)CC1CN(c2ncc(Cl)cc2F)CC1O;O=C(NC1CCC(O)CC1)C1CC1c1cccc(Br)c1;CC(Oc1cccc(Cl)c1)C(=O)N1CCC(O)(C(F)(F)F)C1;O=C(CSc1nnc(-c2ccccc2Cl)o1)NC1CCCC1;O=C(CCOc1ccc(Cl)c(F)c1)N1CC(F)(F)CC1CO;O=C(NC1CCC(O)CC1)C1CC1c1ccc(Br)cc1;O=C([O-])C1CC2CCC1N2S(=O)(=O)c1c[nH]c2cccc(F)c12;COC1CC(CO)N(C(=O)c2cc(Cl)cc(C(F)(F)F)c2)C1;O=C(CSc1nnc(-c2ccc(Cl)cc2)o1)NC1CCCC1;COC(=O)CN1CC2(CCC1=O)CC(=O)c1ccc(Cl)cc1O2;O=S1(=O)CCCC1CNc1ccc(-c2ccccc2Cl)nn1;NS(=O)(=O)c1cccnc1NCC1(c2ccc(Cl)cc2)CC1;CN(CCOc1ccc(Cl)cc1)C(=O)Cn1cc(C(=O)[O-])nn1;O=C(c1cc(F)ccc1Cl)N1CCC(c2cc(=O)[nH]c(=O)[nH]2)C1;CC1(C(=O)Nc2nc(-c3cccc(Cl)c3)ns2)CCOCC1;O=S(=O)(c1ccc(Cl)cc1)N1CCCC(c2ccncn2)C1;O=C(Nc1cccc(Cl)c1O)c1ccoc1C1(O)CCOCC1;COC(=O)C1(O)CC(c2ccc(Cl)cc2)C2=C(O1)C(=NO)CC2;O=C(CCOc1ccc(F)c(Cl)c1)N1CC(F)(F)CC1CO
m_f7302f,O=C(c1cncc(O)c1)N1CCC(N2CCNC2=O)CC1;CCn1ncc(C(=O)N2CCCNCC2)c1C(F)(F)F;CC(C)n1ncc(C(=O)N2CCNCC2)c1C(F)(F)F;CC1(O)CCCN(c2cc(C(F)(F)F)nc(N)n2)CC1;CN(CC1(O)CCCC1)c1cc(C(F)(F)F)nc(N)n1;CNc1nc(N2CCC(CO)CC2)cc(C(F)(F)F)n1;OCCNC1CCN(c2nccc(C(F)(F)F)n2)CC1;NNc1cc(C(F)(F)F)cc(N2CCCC(CO)C2)n1;COc1cc(C(=O)N2CCN3C(=O)NCC3C2)ccc1N;O=C(NCC1CCCNC1)c1ccn(CC(F)(F)F)n1;COCCOC1=NC=CC=C1C1=NOC([C@@H]2CCCN2)=N1;CNc1cc(N2CCCOC(C)C2)nc(C(F)(F)F)n1;CN(C)c1cc(C(F)(F)F)nc(N2CCCC2CO)n1;CNc1nc(N2CCCCC2CO)cc(C(F)(F)F)n1;COCCOC1=CC(C2=NOC([C@@H]3CCCN3)=N2)=CC=N1;COCCOC1=CC=NC(C2=NOC([C@@H]3CCCN3)=N2)=C1;OC1CN(CCC(F)(F)F)CCC1Nc1ncccn1;Fc1ccc(F)c(C2CCNc3nc(C4CCC4)nn32)c1;Nc1nc(N2CCCCCC2CO)cc(C(F)(F)F)n1;COCCOC1=CC=C(C2=NOC([C@@H]3CCCN3)=N2)C=N1;CCN1CCC(NC(=O)c2nc[nH]c2C(F)(F)F)CC1;CNc1cc(N2CCCCC2CO)nc(C(F)(F)F)n1;CNc1cc(C(F)(F)F)cc(NCC(=O)NC(C)C)n1;CC(=O)N(C)CC(=O)Nc1ccc(N2CCNC2=O)cc1;CCNC(=O)CNc1cc(C(F)(F)F)cc(NCC)n1
m_f82743,CC([NH2+]CCCCn1ccccc1=O)c1ccc2c(c1)OCO2;Cc1ccc(C)n1CC(=O)N1CCN(c2ccc(F)cc2)CC1;Fc1ccc(CC2CCN(Cc3nnc(C4CC4)o3)CC2)cc1;O=C(C=Cc1ccc2c(c1)OCO2)N1CCC[NH+](C2CC2)CC1;Cn1nccc1C(=O)N1CCCC(CCc2ccc(F)cc2)C1;CCCCNC(=O)c1nn(-c2ccc(F)cc2)c2c1CCCC2;Cn1cccc1CN1CCC(C(=O)Nc2ccc(F)cc2)CC1;CCc1[nH]nc(C(=O)N2CCCCC2c2ccc(F)cc2)c1C;Cn1ccnc1C(NC(=O)CC1CCCC1)c1ccc(F)cc1;OCC1CCN(c2ccc(NCc3ccc(F)cc3)nc2)CC1;CCCCCNC(=O)c1nn(-c2ccc(F)cc2)c2c1CCC2;O=C1N(c2ccc3c(c2)OCO3)CC12CC[NH+](CC1CC1)CC2;COCC(c1ccccn1)[NH+](C)Cc1cc2c(cc1C)OCO2;COc1ccc(CC(C)[NH2+]Cc2ccc3c(c2)OCO3)cc1N;Cn1cnc(-c2ccc(F)cc2)c1NC(=O)CCC1CCCC1;Cn1ccc(CN2CCN(Cc3cccc(F)c3)CC2)cc1=O;CN(C)c1ccc(NCC(=O)NCCc2ccc(F)cc2)cc1;Cc1cc(C)n(CC(=O)N2CCCC2Cc2ccc(F)cc2)n1;CC(C)CCNC(=O)c1nn(-c2ccc(F)cc2)c2c1CCC2;Cc1nn(-c2ccc(F)cc2)c(C)c1C(=O)N1CCC(C)CC1;O=C1c2cc3c(cc2C2(CC2)N1CC[NH+]1CCCCC1)OCO3;Cc1ccnn1CCC(=O)NC1(c2ccc(F)cc2)CCCC1;Cc1n[nH]c(C)c1C(C)C(=O)N1CCCC1c1ccc(F)cc1;Cn1cc(CCC(=O)N2CCCC2Cc2ccc(F)cc2)cn1;Cc1cc(NC(=O)CCC2CCCC2)n(-c2ccc(F)cc2)n1
m_f858ee,O=C(Nc1nnc(SCC(=O)N2CCCCC2)s1)C1CCC1;Cc1ccc(C(=O)N2CCCC(C(=O)O)C2)cc1NS(C)(=O)=O;CN(CC(=O)N1CCCC(C(=O)[O-])C1)C(=O)c1cc(Cl)cn1C;CC(SCc1cccc(Cl)c1)C(=O)N1CCCC(C(N)=O)C1;O=C(OCC(=O)N1CCNC1=O)c1cccc(Oc2ccccc2)c1;Cn1c(C(=O)N2CCC(C(=O)O)C2)cc2cc(C(F)(F)F)ccc21;Cn1c(=O)[nH]c(=O)c2cc(S(=O)(=O)NC3CCC[NH2+]C3)cnc21;CS(=O)(=O)N1CCCC(C(=O)NCc2ccc3c(c2)OCO3)C1;CC(=O)OC1CCN(n2c(=O)cc(C(F)(F)F)c3ccccc32)C1;O=C(O)C1CCCN1Cc1coc(-c2ccccc2C(F)(F)F)n1;CCOc1nc(C(=O)N2CCCc3c2cccc3C(F)(F)F)co1;O=C(CSc1ccccc1F)N1CCc2[nH]c3ccccc3c2C1;O=C(c1cc(COc2cccc(C(F)(F)F)c2)on1)N1CCCC1;CCCS(=O)(=O)Nc1c(C(=O)OCC)[nH]c2ccc(OC)cc12;O=C(Nc1ccccc1C(F)(F)F)N1CCCC(C(F)(F)F)C1;CS(=O)(=O)N1CCCC(C(=O)NC(C(=O)O)c2ccccc2)C1;Cc1ccc2[nH]c(C3CCCN3C(=O)c3ccc(Cl)cn3)nc2c1;CCOCC1CCCN(S(=O)(=O)c2ccc3[nH]c(=O)oc3c2)C1;O=C(NC1CCCN(c2ncc[nH]c2=O)C1)C1CSCCS1;CCCn1c(SC(C)C(=O)NCCc2cccs2)n[nH]c1=O;CC1CC(C(=O)[O-])CN(C(=O)NCCOc2ncccc2Cl)C1;COC1=CC=C(N2C(C)=NC3=CC=C(OCC(=O)O)C=C3C2=O)C=C1;Cn1cc(Br)cc1C(=O)N1CCCC2(CCC[NH2+]C2)C1;CCOC(=O)CN(C)C(=O)c1ccnc2c(C(F)(F)F)cccc12;COC(=O)c1cccc(S(=O)(=O)NCCCN2CCCC2=O)c1
m_f866a0,Cn1nc2c(c1NC(=O)C1CCN(S(=O)(=O)c3cccs3)CC1)CCC2;CN(C)c1ncccc1CNC(=O)c1sccc1S(=O)(=O)N1CCCC1;CNc1nc(CCNC(=O)c2ccc(S(=O)(=O)N3CCCC3)cc2)cs1;CCc1nnc(NC(=O)C2CCCN(S(=O)(=O)c3ccc(C)cc3)C2)s1;CC(C)c1ccc(S(=O)(=O)N2CCC(C(=O)Nc3nncs3)CC2)cc1;CC(C)c1nnc(NC(=O)C2CCCN(S(=O)(=O)c3ccccc3)C2)s1;O=C(C1CCn2cncc2C1)N1CCC(NS(=O)(=O)c2cccs2)CC1;CCc1nnc(NC(=O)C2CCN(S(=O)(=O)c3ccc(C)cc3)CC2)s1;Cc1nnc(NC(=O)CCc2ccc(S(=O)(=O)N3CCCCC3)cc2)s1;CCS(=O)(=O)N1CCCC(C(=O)Nc2nnc(Cc3ccccc3)s2)C1;Cn1ccnc1SCC(=O)Nc1ccc(S(=O)(=O)N2CCCCC2)cc1;CCCc1nnc(NC(=O)C2CCN(S(=O)(=O)c3ccccc3)CC2)s1;Cc1ncc(CNC(=O)Nc2ccc(S(=O)(=O)NC3CCCC3)cc2)s1;CCc1nnc(NC(=O)c2ccc(S(=O)(=O)N3CCCCCC3)cc2)s1;Cc1nc(-c2cc(S(=O)(=O)NC3CC3)cn2C)sc1C(=O)N1CCCC1;Cc1ccc(NC(=O)C2CCCN(S(=O)(=O)c3ccc(F)cc3)C2)c(F)c1;Cc1cccc(S(=O)(=O)NCC(=O)NCC2CCCN2c2nccs2)c1;CS(=O)(=O)Nc1nc(CC(=O)Nc2ccc(N3CCCCC3)cc2)cs1;O=C(Cc1ccc(S(=O)(=O)N2CCCCC2)cc1)Nc1ccc(F)c(F)c1;Cc1ccc(S(=O)(=O)N2CCCC(C(=O)Nc3ccc(F)cc3F)C2)cc1;CC(C)c1ccc(C(=O)Nc2nnc(S(=O)(=O)N3CCCCC3)s2)cc1;Cc1ccc(S(=O)(=O)N2CCN(C(=O)Nc3nc(C)c(C)s3)CC2)cc1;CCNC(=O)N1CCN(S(=O)(=O)c2cccc(-c3nc(C)cs3)c2)CC1;CCNC(=O)c1cc(S(=O)(=O)N2CCN(c3ccccn3)CC2)c(C)s1;Cc1csc(-c2cccc(NC(=O)NCC3CCN(S(C)(=O)=O)C3)c2)n1
m_f8bf38,O=C(O)C1COCCN1C(=O)CCc1cccnc1;CC(Oc1cccnc1)C(=O)N1CCCC1C(=O)O;CC(Oc1cccnc1)C(=O)N1CCC(C(=O)O)C1;O=C(Nc1ccccc1N1CCCC1=O)OCCO;O=C(O)CC1COCCN1C(=O)Cc1cccnc1;CCNC(=O)OC1(O)CCN(c2ccccc2)C1=O;O=C(Nc1ccc(N2CCCC2=O)cc1)OCCO;CN1CC(CNC(=O)Oc2ccccc2)OCC1=O;CC(O)CCNC(=O)Cn1c(=O)oc2ccccc21;COC(=O)C1CN(C(=O)Cc2cccnc2)CCO1;CCN(CCO)C(=O)c1ccc2c(c1)OCC(=O)N2;COCCC(=O)NCCn1ccc2ccoc2c1=O;CCOC(=O)c1c(N)oc2cc(CCCO)cnc12;CCN(CCO)C(=O)Cn1c(=O)oc2ccccc21;CC(CO)NC(=O)CCn1c(=O)oc2ccccc21;CCOC(=O)C(C)(C)n1c(=O)oc2cccc(N)c21;COc1cc(C(=O)NC2CC(=O)N(C)C2)ccc1O;CC(O)C(=O)N(C)CCc1ccc2[nH]c(=O)oc2c1;CCCOC(=O)C(C)n1c(=O)oc2cccc(N)c21;COc1cccc(C(=O)NCC2CN(C)C(=O)O2)c1;CCOC(=O)CCNc1ccc2c(c1)NC(=O)CO2;CN1CC(NC(=O)c2c(O)cccc2O)CCC1=O;COC(=O)c1ccc(N2CCNC(=O)C2CO)cc1;NC(=O)C1C(O)CCN1C(=O)OCc1ccccc1;COC(=O)CCCN1C(=O)COc2cc(N)ccc21
m_f8d39e,CCOc1ccccc1NC(=O)c1ccc(N2CCCCC2)cc1;CCOc1ccccc1C=NNC(=O)c1ccc(C(C)(C)C)cc1;CCOc1ccc(C(C)NC(=O)C2(F)CCNC2)cc1OCC;CCCCC(C)=NNC(=O)c1ccc(OCc2ccccc2)cc1;CCOc1ccc(C(C)=O)cc1CN1CCCNc2ccccc21;CCOc1cccc(C(=O)Nc2ccc(N3CCCCC3)cc2)c1;COc1cc(C(C)=O)ccc1OCC(O)C[NH+]1CCC(O)CC1;CCc1ccc(C(=O)Nc2ccccc2N2CCC(O)CC2)cc1;CCCOc1cc(F)ccc1NC(=O)N1CCC(C(C)O)CC1;CCc1ccccc1OCC(=O)Nc1ccccc1N1CCCC1;CCOC1CCCN(C(=O)NC(C)c2ccc(OC)c(F)c2)C1;C=C(C)COc1ccc(NCC(=O)N(C)Cc2ccccc2)cc1;CCOc1ccccc1C(=O)NCc1ccc(N2CCCC2)cc1;CCCCC(C)=NNC(=O)c1ccc(COc2ccccc2)cc1;Cc1ccc(C)c(OCC(=O)Nc2ccccc2N2CCCC2)c1;CCOc1ccccc1NC(C)C(=O)N1CCc2ccccc2C1;C=C(NNC(=O)COc1ccc(C(C)(C)C)cc1)c1ccccc1;CCOc1ccc(NC(=O)N2CCCC2c2ccccc2C)cc1;CCOc1ccc(CNC(=O)N2CCC(C(C)O)CC2)cc1F;C=CCNC(=O)CNc1ccccc1OCCCc1ccccc1;CCOc1ccc(CNC(=O)NCC2(O)CCCCC2)cc1F;CC1CCN(c2ccccc2NC(=O)COc2ccccc2)CC1;CC(C)(C)NC(=O)c1ccccc1NC(=O)CCc1ccccc1;CCCCOc1ccc(NC(=O)NC2CCc3ccccc32)cc1;CCOc1cc(F)ccc1N1CCN(C(=O)OC(C)(C)C)CC1
m_f8ef30,CCOC(=O)C1CCCCN1CC(O)C(F)(F)F;Fc1cccc(CN2CCCC3C[NH2+]CC32)c1Cl;Fc1c(Cl)cccc1CN1CCCC2C[NH2+]CC21;CNC(=O)c1sc(N2CCCC(CO)C2)cc1N;COc1cc(Cl)c(C)cc1N1CCCCC1CO;CCCCn1c(SC2CCCCC2=O)n[nH]c1=O;Cc1cccc(N)c1NS(=O)(=O)N1CCCCC1;CNC(=O)c1sc(N2CCCC(OC)C2)cc1N;CCCc1nnsc1C(=O)N1CCCC(CO)C1;CCNC(=O)c1sc(N2CCCC2)c(OC)c1N;O=C(c1ccc(F)c(F)c1)N1CCCCC1CCO;Cc1cccc(C)c1NC(=O)NC(N)=[NH+]CCCl;CCCOc1ccc(NCC2CCCO2)cc1Cl;Cc1cc(C(=O)N2CCCC(CO)C2)c(F)cc1F;CCC1CCCCN1S(=O)(=O)c1cncc(N)c1;CNC(=O)c1sc(N2CCCC(C)(O)C2)cc1N;CCCc1csc(NC(=O)N2CCCC(O)C2)n1;CCC1CCCCN1C(=O)c1cc(CCl)c(C)o1;CCC1CCCCN1S(=O)(=O)c1ccc(N)nc1;CCC1CN(C(=O)NCc2csc(C)n2)CCO1;CCOC(=O)C1CCCN(c2ccc(F)c(F)c2)C1;Cc1ncc(C(=O)NCCN2CCOCC2C)s1;CCC1CCCCN1C(=O)Oc1ccc(F)cc1F;O=C([O-])CC(c1cccc(F)c1F)[NH+]1CCCCC1;COc1ccc(N2CCCC(CCO)C2)cc1Cl
m_fb2bcc,COCCNC(=O)C[NH+](C)Cc1nc2ccccc2c(=O)n1CC#N;CCCCCCCC(=O)OC1=CC=C(C(=O)NC2=NOC(C)=C2)C=C1;COCCCn1cnnc1C(C)NC(=O)Nc1cccc2n[nH]nc12;CC(C(=O)Nc1c([N+](=O)[O-])ccc2ncccc12)[NH+]1CCN(C)CC1;CC1(CNC(=O)Nc2ccc(F)c(-n3nnnc3C3CC3)c2)CCC1;c1ccc(Cn2cc(-c3ccc4[nH]nc(NCC5CC5)c4c3)nn2)cc1;COCc1cc(N2CCCC(C(=O)[O-])C2)nc(-n2nc(C)cc2C)n1;Cn1cc(C[NH2+]CCNC(=O)C2CC2)c(-c2ccc([N+](=O)[O-])cc2)n1;CCCOc1ccccc1Oc1ncccc1CNC(=O)CCOC;O=C(Cn1nnc2ccccc2c1=O)N1CCC([NH+]2CCOCC2)C1;CN1CCN(c2nc3ccccc3c3nc(-c4ccccc4)nn23)CC1;Cc1nnnn1-c1cc(NC(=O)NCC2(C3CC3)CCC2)ccc1F;CCC(CC)(CNC(=O)Cn1nnc(-c2ccc(C)cc2)n1)C(=O)[O-];O=C([O-])CCCCCNC(=O)Cc1nnnn1CCc1ccccc1;Cc1cc([N+](=O)[O-])nn1CC(=O)N1CC[NH+](Cc2ccccc2)CC1;C=CCc1cc(C=C(C#N)C(=O)NCCCOC)cc(OCC)c1O;CN(Cc1ccc(-c2ccccc2)cc1)c1nc(N)c2cnn(C)c2n1;C=CCc1c(OCCNC(=O)OC(C)(C)C)noc1-c1ccccc1;CC(c1nc(C2CC2)no1)[NH+]1CCN(c2ccccc2[N+](=O)[O-])CC1;CCCCCOC(=O)Nc1cccc2c1c(C=CC(=O)OC)cn2C;CC(C)C(CO)NC(=O)c1nn(-c2c[n+](=O)cc[nH]2)c2c1CC1CC21;CC(C)OC(=O)CCNC(=O)C=Cc1ccc(N2CCCC2=O)cc1;CCn1c(CCNc2nccc(-c3cccnc3)n2)nc2ccccc21;Cc1cc(NC(=O)COC(=O)CCc2ccc(C(C)(C)C)cc2)no1;CCn1c(CN2CCC(O)(Cn3ccnn3)C2)nc2c(F)cccc21
m_fb6996,CC1CCCCN1C(=O)COC(=O)C1CCN(c2ccccc2[N+](=O)[O-])CC1;CCOC(=O)C1CCN(C(=O)C2CCN(c3ccccc3[N+](=O)[O-])CC2)CC1;O=C(OCC(=O)N1CCCCCC1)c1ccc(N2CCCCC2)c([N+](=O)[O-])c1;O=C(NC1CCCCC1)c1ccc(N2CCC3(CC2)OCCO3)c([N+](=O)[O-])c1;CC(C)(C)NNc1ncnc(N2CCN(c3ccc(F)cc3)CC2)c1[N+](=O)[O-];O=C(c1cc([N+](=O)[O-])ccc1N1CCCCC1)N1CCCC(C2OCCO2)C1;CCOc1ccccc1Nc1ncnc(N2CC[NH+](CCO)CC2)c1[N+](=O)[O-];CC1CCN(c2ccc(C(=O)OCC(=O)NC(C)C3CC3)cc2[N+](=O)[O-])CC1;COc1ccc(C(=O)N2CCCC(C(=O)NC3CCCCC3)C2)cc1[N+](=O)[O-];COc1cccc(CNc2ncnc(N3CC[NH+](C)CC3)c2[N+](=O)[O-])c1OC;CC(C)(C)OC(=O)N1CCCC(CNC(=O)C=Cc2ccccc2[N+](=O)[O-])C1;C[NH2+]C(C)Cc1noc(-c2ccc(N3CCN(C(C)=O)CC3)c([N+](=O)[O-])c2)n1;COc1ccc(C[NH+]2CCN(C(=O)Nc3c(C)noc3C3CC3)CC2)cc1F;COc1ccc(C(=O)NC2CCCN(C(=O)C3CCCCC3)C2)cc1[N+](=O)[O-];COc1ccc(CNc2ncnc(N3CC[NH+](CCO)CC3)c2[N+](=O)[O-])cc1;CN1C(=O)COc2ccc(NC(=O)C3CCCN(C(=O)OC(C)(C)C)C3)cc21;CN(C)C1=CC=C([N+](=O)[O-])C=C1C(=O)OCC(=O)N1CCC[C@H]2CCCC[C@@H]21;CCN(CC)C(=O)C[NH+]1CCN(c2cc3[nH]cnc(=O)c3cc2[N+](=O)[O-])CC1;CN(C)c1ccc(C(=O)OCC(=O)N2CCCC3CCCCC32)cc1[N+](=O)[O-];CC(=O)NC1CCCN(C(=O)Nc2ccc(-c3nnnn3C(C)C)c(F)c2)C1;CCc1onc(C)c1C1CCCN1C(=O)Nc1cc(OC)c(OC)c(OC)c1;COc1cc(-c2onc(N(C)C)c2C(=O)N2CC3CCC(C2)[NH2+]C3)ccc1F;COC1=CC=C(CCN2C(=O)N[C@@H](CCC(=O)N3CCCC3)C2=O)C=C1OC;CCOC(=O)N1CCC(NC(=O)C2CC(=O)N(c3ccccc3OC)C2)CC1;Cn1c(NCC[NH+]2CCN(c3ccc([N+](=O)[O-])cc3)CC2)cc(=O)n(C)c1=O
m_fbf20a,CC(C)(C)[NH+]1CCC([NH2+]Cc2ccc([N+](=O)[O-])o2)CC1;CC(C)[NH2+]Cc1cc([N+](=O)[O-])ccc1OCC[NH+](C)C;CC1CCCC[NH+]1CCC[NH2+]Cc1ccc([N+](=O)[O-])o1;COCC(CCC[NH3+])[NH2+]C(C)c1cccc([N+](=O)[O-])c1;C[NH+](C)CCOCC[NH2+]CCc1ccccc1[N+](=O)[O-];Cc1ccc(C[NH2+]CCOCC[NH+](C)C)cc1[N+](=O)[O-];CCN(c1nc(N)nc(C)c1[N+](=O)[O-])C(C)C[NH+](C)C;CC[NH2+]CC1CCCC[NH+](C)C1c1ccc([N+](=O)[O-])o1;Cc1nc([N+](=O)[O-])c(N(C)CCN2CC[NH2+]CC2)n1C;COC(=N[N+](=O)[O-])N(C1CCCCC1)C1CCCCC1;C[NH+](C)CC(C)(C)CNc1cc([N+](=O)[O-])cc(NN)n1;CC[NH+](CC)CC(O)C[NH2+]Cc1ccccc1[N+](=O)[O-];CNc1ncc([N+](=O)[O-])c(NCC(C)(C)C[NH+](C)C)n1;CC[NH+](CC)CC(O)C[NH2+]Cc1ccc([N+](=O)[O-])cc1;CCCN(CC[NH+](C)C)c1nc(NC)ncc1[N+](=O)[O-];CCCNc1ncc([N+](=O)[O-])c(NCCC[NH+](C)C)n1;CC[NH+](CC)CC(C)Nc1nc(NN)ccc1[N+](=O)[O-];Cc1nn(C(C)C)c(NN2CC[NH+](C)CC2)c1[N+](=O)[O-];CC(C)CC(C[NH+](C)C)Nc1ncnc(N)c1[N+](=O)[O-];CC[NH+](CC)CCNc1nc(NC)nc(C)c1[N+](=O)[O-];CCC(C)(O)C[NH2+]CCOc1ccc(C(N)=[NH+]O)cc1;CCCN(CC[NH+](C)C)c1ncnc(NC)c1[N+](=O)[O-];CCC[NH+](CCOc1ccc(OC)cc1)CC(N)=[NH+]O;C[NH2+]CCC1CCCC[NH+]1CC(=O)n1oc(C)cc1=O;CC(C)[NH+](CCO)CCOc1ccc(C(N)=[NH+]O)cc1
m_fd4556,O=C(NCCC(=O)N1CCN(c2ccccn2)CC1)C1CCCO1;COC(=O)N1CCCC(C(=O)N2CCN(c3ccccn3)CC2)C1;CC(=O)N1CCN(c2cc(C(=O)NCC3CCCO3)ccn2)CC1;O=C(NC1CCN(C(=O)NCC2CCCO2)CC1)c1cccnc1;CC(=O)NC1CCCN(c2ccc(C(=O)N3CCOCC3)cn2)C1;CNC(=O)N1CCC(Oc2ncccc2C(=O)N2CCCCC2)C1;CCOc1cccc(N2CCN(C(=O)C3CC(=O)N(C)C3)CC2)n1;CC1OCCCC1C(=O)N1CCN(c2ncccc2C(N)=O)CC1;CN(C)c1ccncc1C(=O)NC1CCN(C2CCOCC2)C1=O;CC(=O)N1CCCN(C(=O)c2ccc(N3CCOCC3)nc2)CC1;CC(=O)Nc1ccc(N2CCN(C(=O)N3CCOCC3)CC2)cc1;COc1ccc(N2CCN(C(=O)CC3CCC(=O)N3C)CC2)nc1;O=C(Cc1cccnc1)NC1CCN(C(=O)N2CCOCC2)CC1;CCc1cnccc1C(=O)N1CCC2C(C1)NC(=O)N2CCOC;COCCOC1=NC=CC=C1C1=NOC([C@@H]2CCCN2C(C)C)=N1;CC1CN(C(=O)NC2CCCN(c3cccnc3)C2=O)CC(C)O1;COc1cc(NC(=O)N2CCC(N3CCCCC3=O)CC2)ccn1;CCN(C)c1c(C)nc2c(OCC(=O)N3CCOCC3)cccn12;CC(C)(O)C1CN(C(=O)NC2CCCN(c3cccnc3)C2=O)C1;CCOC(=O)c1ccc(N2CCCN(C(=O)NC3CC3)CC2)nc1;O=C1NC(C(=O)NCc2cccnc2N2CCCCCCC2)CO1;CCNC(=O)N1CCN(C(=O)c2ccnc(OC3CCC3)c2)CC1;CCCCC(c1cccnc1)N(C)C(=O)CN1C(=O)CN(C)C1=O;CCc1cccnc1C(=O)N1CCC2C(C1)NC(=O)N2CCOC;CC(=O)N1CCOC2CN(C(=O)NCc3cccnc3)CCC2C1
m_fd693e,COC(=O)NC1CCC(n2nc(C(F)(F)F)cc2C)C1;COCC(CC[NH3+])NS(=O)(=O)c1cc(F)ccc1C;CC(C)(C)OC(=O)NCCNc1nc(F)c(F)cc1F;COCC[NH2+]CCNS(=O)(=O)c1cc(C)cc(F)c1;COCC(CC[NH3+])NS(=O)(=O)c1ccc(F)cc1C;CC[NH2+]Cc1ccc(S(=O)(=O)NCCOC)c(F)c1;COCCC(C)NS(=O)(=O)c1cc(C[NH3+])ccc1F;Cc1ccc(F)c(S(=O)(=O)NCC[NH2+]CC(C)O)c1;CC(C)(C)OC(=O)NCc1cc(N)nc(C(F)(F)F)c1;CN(C(C)(C)CO)S(=O)(=O)c1ccc(F)c(C[NH3+])c1;COCCCN(C)S(=O)(=O)c1cccc(F)c1C[NH3+];COCC(C)CNS(=O)(=O)c1ccc(F)c(C[NH3+])c1;COc1cccc(F)c1C(C)[NH2+]CCNS(C)(=O)=O;CCN(CCOC)S(=O)(=O)c1cccc(F)c1C[NH3+];Cn1nc(OC(=O)NC2CCCCC2)cc1C(F)(F)F;CCOCCNS(=O)(=O)c1cc(C)c(F)c(C[NH3+])c1;O=S(=O)(NC1CCC[NH2+]C1)c1ccc2ccccc2c1;C[NH+](C)CCCNS(=O)(=O)c1ccc(F)c(CO)c1;O=C(C[NH+]1CCC(C(=O)[O-])C1)NC(=O)Nc1ccccc1;CCOCCN(C)S(=O)(=O)c1ccc(C[NH3+])cc1F;CN(CC[NH+](C)C)S(=O)(=O)c1cc(F)ccc1CO;CC(C)(C)OC(=O)Nc1c(O)cccc1-c1cc(N)on1;COCCN1CC(O)=C(c2nc3ccc(F)cc3[nH]2)C1=[NH2+];CC(C[NH+](C)C)NS(=O)(=O)c1ccc(F)c(CO)c1;CC(C)(C)OC(=O)Nc1cc(-c2cc(N)on2)ccc1O
m_fe6eaa,Nc1ccc(C(=O)OCc2ccc(-n3cccn3)cc2)cc1[N+](=O)[O-];COc1ccc(-c2cc(C(=O)Nc3ccc([N+](=O)[O-])cc3)[nH]n2)cc1;COc1ccc(-c2cc(C(=O)Nc3ccccc3[N+](=O)[O-])[nH]n2)cc1;Cc1cc(COC(=O)c2ccc(-n3cnnc3)cc2)ccc1[N+](=O)[O-];O=C(NCCc1cnc(-c2ccccc2)nc1)c1ccc([N+](=O)[O-])o1;COc1ccc([N+](=O)[O-])cc1C(=O)Nc1ccc(-n2ccnc2)cc1;O=C(COc1ccccc1[N+](=O)[O-])Nc1ccc(-n2ccnc2)cc1;Cc1ccc(-c2noc(CNC(=O)c3ccc([N+](=O)[O-])cc3)n2)cc1;COc1ccccc1NC(=O)c1ccc(-n2ccnc2)c([N+](=O)[O-])c1;O=C(NCCc1ccncc1)c1cc(-c2ccc([N+](=O)[O-])cc2)on1;Cc1nc2ncccc2cc1NC(=O)OCc1cccc([N+](=O)[O-])c1;Cn1cc(C[NH+](C)CC(=O)Nc2ccc(Cl)c([N+](=O)[O-])c2)cn1;Cc1ccc(NC(=O)COc2ncnc3ccccc23)cc1[N+](=O)[O-];O=C(CCc1ccc([N+](=O)[O-])cc1)N=Nc1c(O)[nH]c2ccccc12;O=C(NC1c2ccccc2CC1O)c1n[nH]c2ccc([N+](=O)[O-])cc12;Cc1ccc(Cc2nnc(NC(=O)c3cccc([N+](=O)[O-])c3)o2)cc1;Cn1ccc(NC(=O)c2cc([N+](=O)[O-])ccc2Oc2ccccc2)n1;CN(C(=O)Cn1cnc2ccccc2c1=O)c1ccc([N+](=O)[O-])cc1;O=C(Cc1ccc([N+](=O)[O-])cc1)NNC(=S)NCC1CCCO1;N#Cc1ccc(CCC(=O)NNC(=O)c2ccc([N+](=O)[O-])cc2)cc1;O=C(Nc1cc(C2CC2)[nH]n1)c1ccc(-c2cccc([N+](=O)[O-])c2)o1;CN(C)c1ccc(C=NN2C(=O)c3ccccc3C2=O)cc1[N+](=O)[O-];C=CCC1C(=O)Nc2cc(NC(=O)c3cccnc3)c([N+](=O)[O-])cc21;COc1cc([N+](=O)[O-])ccc1NC(=S)N1CCN(C(C)=O)CC1;CC(C)(C)OC(=O)NCCNc1ccc2scnc2c1[N+](=O)[O-]
m_fe9649,CCCCCCCCOc1c(C=CCO)c2ccc(O)cc2[nH]c1=O;COC1=C2OCOC2=CC2=C1[C@H](CC(=O)CCC=C(C)C)N(C)CC2;COC1=CC(/C=C/C(=O)OC[C@H]2CCCN3CCCCC23)=CC=C1O;COC1=C(O)C=C2C(=C1OC)CCCN1CCC3=CC[C@H](OC)C[C@]321;CCOCCCNC(=O)C=C(C)c1cc2c(C)coc2cc1OCC;COC1=CC2=C(CCCN3CCC4=CC[C@H](OC)C[C@]423)C(OC)=C1O;CCCCC(=O)C(C)(C)N1COC(C)=C(c2ccccc2OC)C1=O;COC1=CC2=C(CCCN3CCC4=CC[C@H](OC)C[C@]423)C(O)=C1OC;CC(C)c1cc(=O)oc2cc(OCC(=O)N(C(C)C)C(C)C)ccc12;COC1=CC=C2C(CC(=O)N(CC(C)C)CC(C)C)=CC(=O)OC2=C1;CCCC1CC2(C(C)Cc3ccc(OC)c(N)c3)OCOC2=CC1=O;CCCCN1C(=O)C(O)=C(C(=O)C(C)(C)C)C1c1ccccc1OC;CC/C=C\C[C@H]1C(=O)CC[C@@H]1CC(=O)NCCC1=CC=C(O)C(O)=C1;COC(=O)CCC(C)=CCc1ccc2c(c1C)CC(OC)C(OC)=N2;COC1=CC2=C(CCCN3CCC4=CC[C@H](O)C[C@]423)C(OC)=C1OC;CCCCCN1C(=O)C(O)=C(C(=O)C(C)(C)C)C1c1cccc(O)c1;CCCC(=O)C1=C(Nc2ccc(OC)cc2OC)CC(C)(C)CC1=O;COc1cc(C=CC(=O)N2CCC3CCCCC32)cc(OC)c1OC;Cc1cccc(-c2nc(COC3CCCC(OC(C)O)C3)c(C)o2)c1;COc1ccc2oc(C)c(C(=O)N3CCC(OCC(C)C)CC3)c2c1;COc1cccc(C=C(OC(C)=O)C(=O)NC2CCC(C)(C)CC2)c1;CC(C)[NH+]1CCC(N(C)C(=O)c2ccc(-c3ccccc3F)o2)CC1;COc1ccc2c(c1)C1(CCC(C)C(O)CO)CC(=O)N(C)C1=CC2;COc1cccc(C=CC(=O)NOC(=O)CC2CCC(C)(C)CC2)c1;COCCCN1C(=O)C(O)=C(C(=O)CC(C)C)C1c1cccc(C)c1
m_fea652,CC(C)N(Cc1nc(=O)c2ccccc2[nH]1)C(=O)CCc1ccco1;O=C(NCc1ccco1)NC1CC(=O)N(C2Cc3ccccc3C2)C1;O=C1CC(C(=O)N2CCCC2c2ccccn2)CN1Cc1ccco1;Cc1ccnc(NC(=O)C2CCCN2C(=O)OCc2ccccc2)c1;COC1=CC=C2NC3=C(CCN4C(=O)CN(C5CC5)C(=O)[C@]34C)C2=C1;O=C1[C@@H]2CC3=C(CN2C(=O)CN1CC1CCCO1)NC1=CC=CC=C31;CN(C(=O)Cn1ncc2c(=O)oc3ccccc3c21)C1CCCCC1;CCOc1ccc(NC(=O)NC2CCN(c3ccccc3)C2=O)cc1;COc1c(C2CCCN2C(=O)c2cc3ccccc3o2)c(C)nn1C;O=C(CCCc1c[nH]c2ccccc12)NCC(=O)NCc1ccco1;CC(C)(C)OC(=O)N1CCC(NC(=S)NCc2ccco2)CC1;Cc1n[nH]c(C)c1CC(=O)N(Cc1ccco1)Cc1ccccc1O;CC(C)c1coc(C2CCCN2C(=O)Cc2noc3ccccc23)n1;Cc1[nH]c(=O)c(C#N)c(C)c1CCC(=O)N(Cc1ccco1)C1CC1;COc1cc(C(=O)N2CCCN2C(=O)C2CCC2)nc2ccccc12;O=C(Cn1cnc2ccccc21)N(Cc1ccco1)C1CCOCC1;CCn1c(=O)c2cnc3c(OC)cccc3c2n(C2CCCC2)c1=O;COCC(=O)N1C2CCC1Cc1c([nH]c(-c3ccccc3)nc1=O)C2;COc1cc(-c2noc(CN3CCCc4occc4C3)n2)ccc1C;CCOc1ccccc1NC(=O)NC1CC(=O)N(c2ccccc2)C1;CCN(CC)C(=O)c1cc(-c2ccco2)nn1-c1ccc(OC)cc1;CCc1ccc(OC(C)C(=O)Nc2ccnn2Cc2ccco2)cc1;Cc1cc(C(=O)NCC2CCCN2c2nc3ccccc3o2)c(C)o1;CC(C)Oc1ccc(-n2c(=O)c3c[nH]c4c(n-3c2=O)CCCC4)cc1;O=C1CCC(C(=O)OCc2nn(-c3ccccc3)c3c2CCC3)CN1
m_feb5c1,N#Cc1ccccc1NC(=O)c1cccn(Cc2ccccc2Cl)c1=O;CN(C)S(=O)(=O)N1CCCC(C(=O)Nc2ccc(F)c(Cl)c2)C1;N#Cc1ccccc1OCC(=O)NCC(=O)Nc1ccc(F)c(F)c1F;O=C(NO)c1ccc(NC2CCN(c3ccc(F)c(Cl)c3)C2=O)cc1;Cc1cc(C(=O)Nc2cnn(COc3ccc(F)cc3Cl)c2)c(C)o1;CC(NS(C)(=O)=O)C(=O)NC1CCN(c2ccc(F)c(Cl)c2)C1;COc1ccc(C(=O)Nc2cccc(F)c2Cl)cc1N1CCNC1=O;OCCOc1cc(F)ccc1NCc1nc(-c2ccc(Cl)cc2)no1;NC(=O)C1(NC(=O)c2cn(C3CC3)c3cc(Cl)c(F)cc3c2=O)CC1;O=C(COc1ccc(Cl)cc1)NCCn1c(=O)[nH]c2cc(F)ccc21;O=C(Nc1cccc2ccccc12)c1cc(-c2cc(Cl)ccc2O)n[nH]1;N#Cc1ccc(OCC(=O)NNC(=O)c2cccc(C(F)(F)F)c2)cc1;CC(C)n1c(=O)oc2cc(NC(=O)Nc3ccc(F)c(Cl)c3)ccc21;N#CC(=Cc1ccccc1OCc1ccc(F)cc1)c1ccccc1Cl;N#CC1CC[NH+](Cc2cn(-c3ccc(Cl)c(Cl)c3)nc2C=O)CC1;COc1ncccc1C(=O)Nc1ccc(N2CCSCC2)c(Cl)c1;C#Cc1cccc(NC(=O)c2nn(-c3ccc(Cl)cc3)c(C)cc2=O)c1;Cc1onc(-c2ccccc2Cl)c1C(=O)Nc1cccc2cccnc12;O=C(Nc1cc(Cl)ccc1N1CCOCC1)c1scnc1C1CC1;CC(Oc1ccc(Cl)cc1Cl)C(=O)Nc1cccc2c1CCCC2;O=C(Nc1ccc(N2CCCC2)c(F)c1)c1ccc(Cl)cc1[N+](=O)[O-];O=C(NC1CCCN(C(=O)Nc2ccc(Cl)cc2)C1)c1cccs1;COc1ccccc1C1(CNc2snc(Cl)c2C#N)CCOCC1;O=C(CSc1nnc(-c2ccccc2Cl)o1)NC(C1CC1)C1CC1;CCCNC(=O)CSC1=C(C#N)C(c2ccc(Cl)cc2)CC(=O)N1
m_ff32bb,O=C(Cn1nnc(-c2cccnc2)n1)c1ccc(F)cc1;O=C(Nc1cc(-n2ccnc2)ncn1)c1ccc(F)cc1;COC(=O)CN(CC(=O)OC)C(=O)c1ccc(F)cc1;O=C(Nc1cnn(-c2ncccn2)c1)c1ccc(F)cc1;O=C(Nc1ccc(-n2cncn2)nc1)c1ccc(F)cc1;Nc1nc(-c2cccnc2)nn1C(=O)c1ccc(F)cc1;CC(Cl)c1nc2ccc(F)cc2n1CCCC(N)=O;O=C(Nc1ccc(F)cc1)c1cccc(-n2cnnn2)c1;CC1CC(=O)NC(SCC(=O)c2ccc(F)cc2)[NH2+]1;Cc1nc2cc(C(=O)[O-])ccc2n1Cc1ccc(F)cc1;Cn1c(-c2ccc(F)cc2)nc2cc(CC(=O)[O-])ccc21;O=C([O-])c1ccc2nn(CCc3ccc(F)cc3)cc2c1;O=C([O-])CCn1c(-c2ccc(F)cc2)cc2cccnc21;CN(Cc1nccn1C(F)F)C(=O)c1ccc(F)cc1;O=C(c1ccc(F)cc1)c1c[nH+]c(-c2ccc(O)cc2)[nH]1;CCNC(=O)C(C)n1c(CCl)nc2ccc(F)cc21;Cn1c2nc(-c3ccc(F)cc3)[nH]c2c(=O)n2ccnc12;Nc1nccc(-c2nn(-c3ccc(F)cc3)ccc2=O)n1;CC(Cl)c1nc2ccc(F)cc2n1C(C)CC(N)=O;CC(Cl)c1nc2ccc(F)cc2n1CC(=O)N(C)C;O=C([O-])C1=NN(c2ccc(F)cc2)C(c2ccccc2)C1;N#Cc1cc(F)cc(CN(CC(=O)[O-])c2ccccc2)c1;O=C(NNc1ccc(F)cc1)c1nnc2ccccc2n1;CNC(=O)C(C)n1c(CCCl)nc2ccc(F)cc21;CNC(=O)C(C)n1c(C(C)Cl)nc2ccc(F)cc21
m_ff4ed5,CCC(Nc1ccc(C)c(Br)c1)c1cccc([N+](=O)[O-])c1;CCC(Nc1cc(Br)ccc1C)c1cccc([N+](=O)[O-])c1;Cc1cc(NCc2ccc(C)c(Br)c2)c([N+](=O)[O-])cc1C;CCC(Nc1ccc(Br)cc1C)c1cccc([N+](=O)[O-])c1;CC(C)C(Nc1ccc(Br)c([N+](=O)[O-])c1)c1ccccc1;Cc1cc(C)c(CNc2ccc(Br)c([N+](=O)[O-])c2)c(C)c1;O=[N+]([O-])c1cc(Br)c2ccccc2c1NC1CCCCC1;CC(CCc1ccccc1)Nc1cc([N+](=O)[O-])ccc1Br;Cc1cc(C)c(CNc2ccc(Br)c([N+](=O)[O-])c2)cc1C;Cc1cccc(CCNc2cc(C)c([N+](=O)[O-])cc2Br)c1;Cc1cc(Br)cc(C)c1NCc1cccc([N+](=O)[O-])c1C;Cc1c(NC(C)Cc2ccc(Br)cc2)cccc1[N+](=O)[O-];Cc1ccc(CNc2c(C)cc(Br)cc2C)cc1[N+](=O)[O-];CCCCc1ccc(Nc2ccc(Br)cc2[N+](=O)[O-])cc1;CC(C)c1ccc(CNc2cc(Br)ccc2[N+](=O)[O-])cc1;Cc1cc(C)c(CNc2cc([N+](=O)[O-])ccc2Br)c(C)c1;Cc1ccccc1C(C)Nc1cc([N+](=O)[O-])c(C)cc1Br;CCCc1ccc(NCc2cccc([N+](=O)[O-])c2Br)cc1;Cc1cc(C)c(CNc2ccc(Br)cc2[N+](=O)[O-])c(C)c1;Cc1ccc(C(C)Nc2cccc(C)c2Br)cc1[N+](=O)[O-];Cc1cc(NC(C)c2ccc(C)c([N+](=O)[O-])c2)ccc1Br;CCOCCCNC(=O)CCn1cc(Br)c([N+](=O)[O-])n1;CC(C)(CNc1ccc([N+](=O)[O-])cc1Br)c1ccccc1;CC(C)c1cccc(NCc2cccc([N+](=O)[O-])c2Br)c1;Cc1cc([N+](=O)[O-])c(C)cc1NC(C)c1ccc(Br)cc1
m_ff5db9,CC1=CC=C2C(=C1)N=CN2[C@H]1O[C@H](COP(=O)(O)O)[C@@H](O)[C@H]1O;COC1CC(n2cnc3c(=O)[nH]c(N)nc32)OC1CO[P+](=O)O;[N-]=[N+]=NC1C(Oc2ccc([N+](=O)[O-])cc2F)OC(CO)C(O)C1O;COP(=O)([O-])OC1OC(CO)C(O)C(O)C1NC(=O)CCO;CSC1OC(n2cnc3c(N(C)N=O)nc(F)nc32)C(O)C1O;Cc1c(Oc2ccc(C(F)(F)F)cc2[N+](=O)[O-])nn(C(N)=O)c1C;COc1ccc(C(=O)Nc2ccc3c(n2)NC(=O)CO3)cc1[N+](=O)[O-];COC1=C(O)C(O)=C(O)C2=C1[C@@H]1O[C@H](CO)[C@@H](O)[C@H](O)[C@H]1OC2=O;NC(=O)O[C@H]1[C@H](O)[C@@H](O)[C@H](OP(=O)(O)O)[C@@H](N=C(N)N)[C@@H]1O;O=C(O)C1=CC(OC2OC(CO)C(O)C(O)C2O)=CC(C(=O)O)=C1;CCOC(=O)c1cnn(-c2ccc(C(F)(F)F)cc2[N+](=O)[O-])c1N;CC(=O)OCOP(=O)([O-])COCCn1cnc2c(N)ncnc21;O=C1NN(c2ccc([N+](=O)[O-])cc2[N+](=O)[O-])C(=O)C2C3C=CC(C3)C12;O=C(O)C(=O)C1=CC=C(O)C([C@@H]2O[C@H](CO)[C@@H](O)[C@H](O)[C@H]2O)=C1O;CC(=O)Nc1cc(C(F)(F)F)c(-n2cnc(CO)c2)cc1[N+](=O)[O-];COc1cc(OC)nc(Oc2cccc([N+](=O)[O-])c2-c2ncco2)n1;O=C(COc1cccc([N+](=O)[O-])c1)NN=Cc1ccc([N+](=O)[O-])cc1;Cc1cc(NC(=O)CCN2C(=O)c3ccc([N+](=O)[O-])cc3C2=O)no1;Cn1c(SCc2ccc([N+](=O)[O-])cc2)nnc1-c1ccc(F)cc1;CC(=O)Nc1ccc(F)cc1OC1OC(C(=O)[O-])C(O)C(O)C1O;Cc1cc([N+](=O)[O-])n(CC(=O)Nc2ccc(F)cc2OC(F)F)n1;O=C(NC1c2ccccc2OCC1O)c1[nH]c(Cl)c2cccc[n+]12;Cc1cc(NCc2nc(Cl)cnc2N)nc2ccc([N+](=O)[O-])cc12;CN(C)C(=O)C1C[NH2+]CCN1Cc1ccc(Br)c(F)c1;COc1ccc(NC(=O)Cn2ccc(C(F)(F)F)n2)c([N+](=O)[O-])c1
m_ff7740,CCOC(=O)c1csc(NC(=O)c2cc(F)c(F)c(F)c2F)n1;COc1cc(Br)c(N)cc1S(=O)(=O)N1CCCCC1;Cc1nc(-c2ccccc2Cl)sc1CNC(=O)c1cccs1;Cc1cnc(CCNS(=O)(=O)Cc2ccc(F)c(Cl)c2)s1;CC(=O)Nc1nnc(S(=O)(=O)NCc2cc(F)ccc2F)s1;CSc1ccc(Cl)c(C(=O)NCc2nc3ccccc3s2)c1;O=C(CCSc1nc2ccccc2s1)Nc1ccccc1Cl;O=C(Cn1c(=O)cnc2ccccc21)Nc1cc(Cl)c(Cl)cn1;Cc1nc(C)c(S(=O)(=O)N(C)Cc2ccc(F)cc2Cl)s1;O=[N+]([O-])c1ccc2nc(NC(=S)Nc3ccc(F)cc3)sc2c1;CCSc1nc2ccc(NC(=O)c3ccccc3Cl)cc2s1;NC(=O)c1nc2c(NC(=O)c3c(Cl)cccc3Cl)cccc2[nH]1;COc1ccc(Br)cc1S(=O)(=O)N1CCN(C)CC1;CCc1nn(C)cc1Nc1ncc(Br)cc1C(F)(F)F;C=C(Cl)CSc1nc2sc(-c3ccccc3)cc2c(=O)n1C;CSc1ccc(C(=O)Nc2nc3c(C)c(Cl)ccc3s2)cc1;O=C(NCCc1csc(-c2ccccc2Cl)n1)c1cccs1;COC(=O)C1CCCN1S(=O)(=O)c1ccc(Cl)c([N+](=O)[O-])c1;CSc1cccc(C(=O)Nc2nc3c(C)c(Cl)ccc3s2)c1;CCN(C1CC1)S(=O)(=O)c1cc(N)c(Br)cc1OC;O=[N+]([O-])c1ccccc1Sc1nnc(Nc2cccc(F)c2)s1;O=C(Cn1cnc([N+](=O)[O-])c1)Nc1c(Cl)cccc1C(F)(F)F;COc1ccc(C(=O)Nc2c(Cl)cncc2Cl)c2nccnc12;O=C1SC(=Cc2cccnc2)C(=O)N1Cc1c(F)cccc1Cl;Cc1nc(CNS(=O)(=O)Cc2ccc(F)c(Cl)c2)sc1C
m_ff926d,Cc1cccc(CN(C)C(=O)c2n[nH]c(C(C)(C)C)n2)c1;CC(Cc1ccccc1)NC(=O)c1n[nH]c(C(C)(C)C)n1;Cc1cccc(CCNC(=O)c2n[nH]c(C(C)(C)C)n2)c1;CC(C)(C)c1ccc(NC(=O)NCCc2cn[nH]c2)cc1;CCN(C(=O)c1n[nH]c(C(C)(C)C)n1)c1cccc(C)c1;CC(C)(C)c1ccc(NC(=O)NCCc2cnc[nH]2)cc1;COc1cc(C[NH2+]CC(C)(C)c2ccccc2)ccc1O;CCOc1nc(NC)nc(-c2ccc(C(C)(C)C)cc2)n1;CCCc1ccc(NC(=O)c2n[nH]c(C(C)(C)C)n2)cc1;CCCc1[nH]nc(C(=O)N(C)Cc2cccc(C)c2)c1N;COC1=CC=C(CN(CCN(C)C)C2=NC=CC=N2)C=C1;Cc1cccnc1N(C)C(=O)c1cc(C(C)(C)C)nn1C;CC(Cc1ccc(CO)cc1)[NH2+]C(C)(O)c1ccccc1;CCCOc1nc(N)nc(-c2ccc(C(C)(C)C)cc2)n1;Cc1[nH]ncc1CCCNC(=O)c1ccc(N(C)C)cc1;CCc1ccc(N(C)C(=O)c2n[nH]c(C(C)C)c2N)cc1;CNc1cc(-c2cc(C(C)(C)C)ccc2OC)nc(N)n1;CC(C)Cc1cc(C(=O)N(C)C(C)c2ccncc2)n[nH]1;Cc1nc(NN)cc(Oc2ccc(C(C)(C)C)cc2C)n1;COc1cccc(Cc2nc(NN)cc(C(C)(C)C)n2)c1;Cn1cc(N)c(C(=O)NC(C)(C)CCc2ccccc2)n1;CN(C)c1cccc(C(=O)Nc2cc(C(C)(C)C)[nH]n2)c1;CCC(C)(C)c1ccc(C(=O)Nc2nc(C)n(C)n2)cc1;CN(C)c1ccc(CCC(=O)NCc2nccn2C)cc1;COCc1cc(NN)nc(-c2ccc(CC(C)C)cc2)n1
